sid,freq,power
0,0.0,5.329070518200751e-15
0,0.00510204081632653,16.020935772261208
0,0.01020408163265306,24.288279997286942
0,0.015306122448979591,30.91135977577432
0,0.02040816326530612,21.9193575331349
0,0.02551020408163265,28.029449117586857
0,0.030612244897959183,11.085293093957986
0,0.03571428571428571,22.52784648309434
0,0.04081632653061224,16.702540798819385
0,0.04591836734693877,22.483581064522642
0,0.0510204081632653,6.692233352373789
0,0.05612244897959183,3.722566716083301
0,0.061224489795918366,18.993600708764195
0,0.06632653061224489,4.78434182553831
0,0.07142857142857142,5.17804564946409
0,0.07653061224489795,11.34774719490144
0,0.08163265306122448,3.5622188701354864
0,0.08673469387755102,28.37971108517354
0,0.09183673469387754,11.758897611600103
0,0.09693877551020408,8.530833204552595
0,0.1020408163265306,2.0836969452483265
0,0.10714285714285714,10.983632676932592
0,0.11224489795918366,22.03480667689201
0,0.1173469387755102,12.058328445610275
0,0.12244897959183673,12.50603909696451
0,0.12755102040816327,2.6986957615030396
0,0.13265306122448978,23.10376291261995
0,0.1377551020408163,8.978517157177192
0,0.14285714285714285,14.35628908321574
0,0.14795918367346939,14.269640366768682
0,0.1530612244897959,6.312515439515433
0,0.15816326530612243,15.956247176891273
0,0.16326530612244897,3.765708972350729
0,0.1683673469387755,3.4979337643951585
0,0.17346938775510204,14.751295273905072
0,0.17857142857142855,1.8490610209440013
0,0.18367346938775508,2.6337094809368042
0,0.18877551020408162,8.156469115257273
0,0.19387755102040816,9.235329505588581
0,0.19897959183673466,13.728154410820746
0,0.2040816326530612,12.793296698847477
0,0.20918367346938774,13.811379951715969
0,0.21428571428571427,11.79391545919024
0,0.2193877551020408,7.414335220110668
0,0.22448979591836732,6.4805090248062855
0,0.22959183673469385,8.945521104155091
0,0.2346938775510204,14.740279473882245
0,0.23979591836734693,11.452420049882095
0,0.24489795918367346,5.4544339819468775
0,0.24999999999999997,7.119284974761223
0,0.25510204081632654,4.14415271054458
0,0.260204081632653,13.307041727421328
0,0.26530612244897955,13.94574338547884
0,0.2704081632653061,8.899395708745248
0,0.2755102040816326,11.485262996770572
0,0.28061224489795916,6.548060590623798
0,0.2857142857142857,14.130887214816061
0,0.29081632653061223,18.141574141044977
0,0.29591836734693877,20.05265916714655
0,0.3010204081632653,17.594492819166902
0,0.3061224489795918,11.980363742351397
0,0.3112244897959183,17.6977640142769
0,0.31632653061224486,16.24512372541878
0,0.3214285714285714,9.957006552106419
0,0.32653061224489793,20.35888612793133
0,0.33163265306122447,13.919069378352734
0,0.336734693877551,19.77732221758105
0,0.34183673469387754,24.3959420643462
0,0.3469387755102041,6.111276779329336
0,0.35204081632653056,1.0802805281163699
0,0.3571428571428571,12.592286771136875
0,0.36224489795918363,22.519796758938863
0,0.36734693877551017,3.5086232189186384
0,0.3724489795918367,6.297399898249368
0,0.37755102040816324,4.341864235667978
0,0.3826530612244898,4.172643571674154
0,0.3877551020408163,11.781894036758686
0,0.39285714285714285,10.342175635244095
0,0.39795918367346933,10.12143263899694
0,0.40306122448979587,13.77904344184182
0,0.4081632653061224,12.93536330563188
0,0.41326530612244894,1.053479085142733
0,0.4183673469387755,17.584461568798503
0,0.423469387755102,24.88703814680044
0,0.42857142857142855,18.196379340378066
0,0.4336734693877551,12.150929979667163
0,0.4387755102040816,3.5039759154874366
0,0.4438775510204081,5.070605025699181
0,0.44897959183673464,8.529816334895461
0,0.4540816326530612,5.905832895115917
0,0.4591836734693877,7.690188278222401
0,0.46428571428571425,9.255828400135519
0,0.4693877551020408,8.580528581362463
0,0.4744897959183673,9.945678387231501
0,0.47959183673469385,11.2744012365584
0,0.4846938775510204,12.45209792241029
0,0.4897959183673469,7.01522814916981
0,0.4948979591836734,28.25146378270703
1,0.0,1.176836406102666e-14
1,0.006369426751592357,23.25924271543338
1,0.012738853503184714,20.122638369342287
1,0.019108280254777073,8.705619620926493
1,0.025477707006369428,11.984685820522891
1,0.03184713375796178,7.480216239131684
1,0.038216560509554146,2.7833893481722316
1,0.0445859872611465,8.275225971269299
1,0.050955414012738856,5.011242087302511
1,0.05732484076433121,5.146028700189204
1,0.06369426751592357,10.852386745200809
1,0.07006369426751592,14.789921876054706
1,0.07643312101910829,11.690889179972658
1,0.08280254777070065,7.250547801033049
1,0.089171974522293,1.5152438839367441
1,0.09554140127388536,13.156199036115805
1,0.10191082802547771,10.55699104252144
1,0.10828025477707007,6.671458111895405
1,0.11464968152866242,18.64698088063053
1,0.12101910828025478,6.156924889506685
1,0.12738853503184713,14.494060464465262
1,0.1337579617834395,13.351141321851783
1,0.14012738853503184,7.027354704124345
1,0.1464968152866242,5.449810254485979
1,0.15286624203821658,21.10412218091895
1,0.15923566878980894,15.802714819846052
1,0.1656050955414013,5.824799350896389
1,0.17197452229299365,8.092726817003511
1,0.178343949044586,5.851432727247295
1,0.18471337579617836,19.96162561404946
1,0.1910828025477707,16.52241711366084
1,0.19745222929936307,10.261814527158121
1,0.20382165605095542,18.31216911739181
1,0.21019108280254778,9.050524252057507
1,0.21656050955414013,5.34010506679101
1,0.2229299363057325,21.874037514187577
1,0.22929936305732485,28.40474409110312
1,0.2356687898089172,17.115945860200565
1,0.24203821656050956,9.875374562139324
1,0.2484076433121019,6.049840760899227
1,0.25477707006369427,15.259858613792039
1,0.2611464968152866,12.23212408678276
1,0.267515923566879,6.620527339744511
1,0.27388535031847133,8.830426318035615
1,0.2802547770700637,7.326567031870017
1,0.28662420382165604,12.439564159142195
1,0.2929936305732484,12.122662302114009
1,0.29936305732484075,10.108758875224469
1,0.30573248407643316,11.640462015691268
1,0.3121019108280255,10.308985965649791
1,0.3184713375796179,21.89133000986441
1,0.32484076433121023,6.329316471916621
1,0.3312101910828026,16.688752478009576
1,0.33757961783439494,6.4788434920095295
1,0.3439490445859873,3.71862899272068
1,0.35031847133757965,10.952522281721633
1,0.356687898089172,9.440133071429297
1,0.36305732484076436,12.546325932695138
1,0.3694267515923567,11.701867251201552
1,0.37579617834394907,7.418577190074326
1,0.3821656050955414,16.097531488100486
1,0.3885350318471338,18.7337009150954
1,0.39490445859872614,8.37144880811394
1,0.4012738853503185,17.018938362230774
1,0.40764331210191085,8.852082585900588
1,0.4140127388535032,12.836278954354343
1,0.42038216560509556,2.714980647983514
1,0.4267515923566879,2.8254839927961584
1,0.43312101910828027,10.95756603119687
1,0.4394904458598726,6.900465989113175
1,0.445859872611465,11.048926311182798
1,0.45222929936305734,11.722759429566723
1,0.4585987261146497,20.942693434496746
1,0.46496815286624205,6.150633068949939
1,0.4713375796178344,14.391137281052348
1,0.47770700636942676,18.85881656141657
1,0.4840764331210191,2.797125126522486
1,0.49044585987261147,12.081299307474001
1,0.4968152866242038,6.11743766968818
2,0.0,1.4377388168895777e-14
2,0.0055248618784530384,7.746543855769099
2,0.011049723756906077,17.887874286072186
2,0.016574585635359115,11.91047686900581
2,0.022099447513812154,15.65667606535558
2,0.027624309392265192,21.370066634107424
2,0.03314917127071823,4.236147949656156
2,0.03867403314917127,13.137869085591323
2,0.04419889502762431,20.314360465746923
2,0.049723756906077346,15.265777783531595
2,0.055248618784530384,7.228294535773307
2,0.06077348066298342,15.382473165745878
2,0.06629834254143646,12.674684002666483
2,0.0718232044198895,11.269953255729185
2,0.07734806629834254,18.461074433312707
2,0.08287292817679558,12.353944942366898
2,0.08839779005524862,2.5055091768026774
2,0.09392265193370165,4.542077691958988
2,0.09944751381215469,15.419350455156314
2,0.10497237569060773,2.3735731849717205
2,0.11049723756906077,11.644563750923801
2,0.11602209944751381,6.225148269677349
2,0.12154696132596685,2.846178732828609
2,0.1270718232044199,5.911179982430514
2,0.13259668508287292,13.77045859500163
2,0.13812154696132595,4.326275958714667
2,0.143646408839779,13.458460614325343
2,0.14917127071823205,9.418720064345973
2,0.15469613259668508,22.54689670522173
2,0.1602209944751381,16.149715175585246
2,0.16574585635359115,11.283879117692447
2,0.1712707182320442,21.152109523123542
2,0.17679558011049723,14.860693119558919
2,0.18232044198895025,3.4642406577325655
2,0.1878453038674033,22.942829534009103
2,0.19337016574585636,18.157887735149608
2,0.19889502762430938,13.476880119831636
2,0.2044198895027624,14.543909807194332
2,0.20994475138121546,6.167189476363897
2,0.2154696132596685,12.080934117334225
2,0.22099447513812154,11.701722933631322
2,0.22651933701657456,11.270983910954207
2,0.23204419889502761,12.512301365597795
2,0.23756906077348067,14.595547047373602
2,0.2430939226519337,9.723014694793223
2,0.24861878453038672,25.078176585824977
2,0.2541436464088398,3.430544012455861
2,0.2596685082872928,8.270916268650165
2,0.26519337016574585,13.575344596690424
2,0.27071823204419887,18.300554132272012
2,0.2762430939226519,5.529895183761393
2,0.281767955801105,17.68489396135085
2,0.287292817679558,9.264728216627935
2,0.292817679558011,22.96957704889351
2,0.2983425414364641,13.292105885963542
2,0.30386740331491713,2.7511988679006656
2,0.30939226519337015,5.431199720267527
2,0.3149171270718232,21.627326948523407
2,0.3204419889502762,15.585808451584521
2,0.3259668508287293,16.005902755038257
2,0.3314917127071823,4.439214261275727
2,0.33701657458563533,20.605001939671272
2,0.3425414364640884,5.787641717482389
2,0.34806629834254144,9.132427424544247
2,0.35359116022099446,14.171787414121138
2,0.3591160220994475,13.397658493633541
2,0.3646408839779005,0.46481297892322315
2,0.3701657458563536,19.379585475493013
2,0.3756906077348066,18.54877181434429
2,0.38121546961325964,18.565738572016723
2,0.3867403314917127,11.226522490145223
2,0.39226519337016574,4.327394347793873
2,0.39779005524861877,14.07062149332158
2,0.4033149171270718,7.096626610090646
2,0.4088397790055248,16.437781016082155
2,0.4143646408839779,13.103087869462415
2,0.4198895027624309,9.940558579779092
2,0.42541436464088395,9.248825169254262
2,0.430939226519337,19.711517725659316
2,0.43646408839779005,17.39661862078341
2,0.4419889502762431,16.326623815990956
2,0.4475138121546961,14.145102056154522
2,0.4530386740331491,10.748850696591967
2,0.4585635359116022,4.276712478978874
2,0.46408839779005523,6.7602448922277505
2,0.46961325966850825,16.18642599695142
2,0.47513812154696133,4.521605498274028
2,0.48066298342541436,13.588283201169345
2,0.4861878453038674,9.698494583212423
2,0.4917127071823204,10.109917613566891
2,0.49723756906077343,12.446305824406418
3,0.0,8.465450562766819e-15
3,0.0051813471502590676,17.604646867230986
3,0.010362694300518135,20.14746411156164
3,0.015544041450777202,20.14027862522026
3,0.02072538860103627,28.026199328015476
3,0.02590673575129534,6.873097050578794
3,0.031088082901554404,19.276394124902644
3,0.036269430051813475,16.48196594464959
3,0.04145077720207254,6.572327390849042
3,0.046632124352331605,15.06049925885803
3,0.05181347150259068,7.938936070900915
3,0.05699481865284974,20.923169025613763
3,0.06217616580310881,16.746629078587777
3,0.06735751295336788,3.81782241959907
3,0.07253886010362695,11.657400484800116
3,0.07772020725388601,18.700807426720367
3,0.08290155440414508,10.338390410489978
3,0.08808290155440415,1.917110718974049
3,0.09326424870466321,14.047787603097994
3,0.09844559585492228,24.75623485710555
3,0.10362694300518135,17.512681484817087
3,0.10880829015544041,2.92908223522406
3,0.11398963730569948,14.183488514174103
3,0.11917098445595856,16.91240212150895
3,0.12435233160621761,11.271885163103963
3,0.1295336787564767,31.826885921410643
3,0.13471502590673576,15.578062918542456
3,0.13989637305699482,4.49229799789319
3,0.1450777202072539,11.686098622406194
3,0.15025906735751296,14.60845427347794
3,0.15544041450777202,3.654520107493131
3,0.1606217616580311,3.201325948360894
3,0.16580310880829016,10.411110332876145
3,0.17098445595854922,16.17212425845671
3,0.1761658031088083,12.743917279987839
3,0.18134715025906736,16.585774173605525
3,0.18652849740932642,13.586894267514472
3,0.1917098445595855,12.798171758714473
3,0.19689119170984457,24.14765292219991
3,0.20207253886010362,9.665107628386643
3,0.2072538860103627,1.1270944708358779
3,0.21243523316062177,13.7504613822535
3,0.21761658031088082,19.037454572065915
3,0.2227979274611399,3.7109661224860457
3,0.22797927461139897,0.7937191106754201
3,0.23316062176165803,10.681628342620177
3,0.2383419689119171,11.040158360501298
3,0.24352331606217617,11.845865996932542
3,0.24870466321243523,7.953706449953016
3,0.2538860103626943,8.09223774833565
3,0.2590673575129534,13.353928795601423
3,0.26424870466321243,5.728231672792098
3,0.2694300518134715,26.261076358832213
3,0.2746113989637306,13.213550070335184
3,0.27979274611398963,5.6680929235584365
3,0.2849740932642487,10.958021245806474
3,0.2901554404145078,20.581474228828004
3,0.29533678756476683,8.493336985776441
3,0.3005181347150259,17.311163752012888
3,0.305699481865285,10.376078860386889
3,0.31088082901554404,4.619870951628562
3,0.3160621761658031,13.816267606271571
3,0.3212435233160622,7.724704670876351
3,0.32642487046632124,20.347596389775156
3,0.3316062176165803,11.263722799039222
3,0.3367875647668394,13.216403974395138
3,0.34196891191709844,10.247634927400679
3,0.3471502590673575,6.890065398825438
3,0.3523316062176166,9.380784372595047
3,0.35751295336787564,12.811803392978964
3,0.3626943005181347,8.597638817819302
3,0.3678756476683938,10.125621623208863
3,0.37305699481865284,7.698210828886548
3,0.37823834196891193,19.24698700150759
3,0.383419689119171,4.315385890567299
3,0.38860103626943004,7.763105151092121
3,0.39378238341968913,12.865132908639758
3,0.3989637305699482,8.2753595537105
3,0.40414507772020725,23.053536461388912
3,0.40932642487046633,12.335404103098485
3,0.4145077720207254,2.2945782902275327
3,0.41968911917098445,12.821568082909879
3,0.42487046632124353,18.468131140927625
3,0.4300518134715026,12.320844058481248
3,0.43523316062176165,14.544058764882168
3,0.44041450777202074,7.181077024297734
3,0.4455958549222798,6.074490292552711
3,0.45077720207253885,7.437041034395164
3,0.45595854922279794,24.107269049702204
3,0.461139896373057,2.0516603625861762
3,0.46632124352331605,8.558729104173205
3,0.47150259067357514,8.434593350186905
3,0.4766839378238342,6.553438900993394
3,0.48186528497409326,21.074492417147383
3,0.48704663212435234,17.42213103087334
3,0.4922279792746114,12.397779255454997
3,0.49740932642487046,15.937786546332717
4,0.0,8.881784197001252e-16
4,0.005154639175257732,7.660904856526381
4,0.010309278350515464,16.36706681334051
4,0.015463917525773196,25.558719675351412
4,0.020618556701030927,5.922873828900589
4,0.02577319587628866,7.584760836186373
4,0.030927835051546393,5.040140150684755
4,0.03608247422680412,19.560264144566204
4,0.041237113402061855,8.586137490884989
4,0.04639175257731959,18.82052764912353
4,0.05154639175257732,13.613769137042958
4,0.05670103092783505,6.792640233113699
4,0.061855670103092786,4.203712462570588
4,0.06701030927835051,8.915556988327102
4,0.07216494845360824,17.76469242824454
4,0.07731958762886598,12.106441898028248
4,0.08247422680412371,6.700209253677268
4,0.08762886597938144,9.513203323835258
4,0.09278350515463918,21.33041896653228
4,0.0979381443298969,21.592075931657288
4,0.10309278350515463,10.318909248199025
4,0.10824742268041238,10.399194475614626
4,0.1134020618556701,16.23868863498741
4,0.11855670103092783,10.166718623990755
4,0.12371134020618557,13.135972290782057
4,0.12886597938144329,6.988852716344055
4,0.13402061855670103,10.013949965055264
4,0.13917525773195877,1.4512520211944913
4,0.14432989690721648,10.518327677853584
4,0.14948453608247422,4.879366811991486
4,0.15463917525773196,8.701319883921423
4,0.15979381443298968,26.722467570917935
4,0.16494845360824742,5.016513186403548
4,0.17010309278350516,4.314342205002138
4,0.17525773195876287,3.6538261082523382
4,0.18041237113402062,17.48798990314082
4,0.18556701030927836,8.896210414966475
4,0.19072164948453607,3.3072856464379803
4,0.1958762886597938,8.991988273862813
4,0.20103092783505155,20.602643413733507
4,0.20618556701030927,11.654250541710594
4,0.211340206185567,3.448962380215584
4,0.21649484536082475,6.884427673446305
4,0.22164948453608246,19.457297535369058
4,0.2268041237113402,5.362598284631047
4,0.23195876288659795,1.6056025065253392
4,0.23711340206185566,23.726483843855867
4,0.2422680412371134,4.285432950812354
4,0.24742268041237114,27.910876387485736
4,0.25257731958762886,7.316169109486565
4,0.25773195876288657,16.5119496056453
4,0.26288659793814434,4.355167862101504
4,0.26804123711340205,16.205108682323687
4,0.27319587628865977,9.27774184455002
4,0.27835051546391754,0.8477918715296058
4,0.28350515463917525,17.010521784957973
4,0.28865979381443296,3.472806535626283
4,0.29381443298969073,11.390947304727957
4,0.29896907216494845,12.998022277330042
4,0.30412371134020616,9.938442024232524
4,0.30927835051546393,11.616562989360743
4,0.31443298969072164,16.898079561906986
4,0.31958762886597936,11.802803325495299
4,0.3247422680412371,3.220783831842707
4,0.32989690721649484,9.056172692901969
4,0.33505154639175255,6.926021114910995
4,0.3402061855670103,35.94262979729807
4,0.34536082474226804,19.802595773602114
4,0.35051546391752575,1.0542111379020356
4,0.3556701030927835,14.430314438455246
4,0.36082474226804123,11.484915934678659
4,0.36597938144329895,7.4821626710630245
4,0.3711340206185567,11.02118417091496
4,0.37628865979381443,14.417913112329556
4,0.38144329896907214,19.22062639711857
4,0.3865979381443299,25.608962564417226
4,0.3917525773195876,17.12856364918503
4,0.39690721649484534,4.058499885435724
4,0.4020618556701031,20.595359992638056
4,0.4072164948453608,23.70449321079502
4,0.41237113402061853,17.30074452332938
4,0.4175257731958763,12.581392137709607
4,0.422680412371134,7.237001862824237
4,0.42783505154639173,5.772294008119556
4,0.4329896907216495,5.581149566608198
4,0.4381443298969072,20.451781472720324
4,0.44329896907216493,12.959538468438542
4,0.4484536082474227,7.282600683101964
4,0.4536082474226804,24.530016829025808
4,0.4587628865979381,8.136656951939491
4,0.4639175257731959,15.488695483681148
4,0.4690721649484536,9.84464949466027
4,0.4742268041237113,25.179508487570935
4,0.4793814432989691,11.459060666128092
4,0.4845360824742268,10.889879675797081
4,0.4896907216494845,6.624825317339737
4,0.4948453608247423,18.35235434822687
5,0.0,1.509903313490213e-14
5,0.004651162790697674,10.627662152075004
5,0.009302325581395349,4.151544570014377
5,0.013953488372093023,15.265616639795185
5,0.018604651162790697,17.831357558431797
5,0.023255813953488372,24.323155426858076
5,0.027906976744186046,7.399269420621793
5,0.03255813953488372,2.5095395653135153
5,0.037209302325581395,6.43529019303198
5,0.04186046511627907,11.213728993096275
5,0.046511627906976744,9.527078826498634
5,0.05116279069767442,12.667184570737719
5,0.05581395348837209,13.816588133438144
5,0.06046511627906977,13.805898423508967
5,0.06511627906976744,16.23943707723436
5,0.06976744186046512,2.173673503443959
5,0.07441860465116279,11.555008416268247
5,0.07906976744186046,9.666283710877211
5,0.08372093023255814,8.570995053667021
5,0.08837209302325581,9.646253639930148
5,0.09302325581395349,0.5626845905079942
5,0.09767441860465116,11.43130772885543
5,0.10232558139534884,14.684872402774474
5,0.10697674418604651,14.078181095286324
5,0.11162790697674418,16.194058489729777
5,0.11627906976744186,8.396561331155123
5,0.12093023255813953,8.615770530427996
5,0.12558139534883722,26.35428258335188
5,0.13023255813953488,10.197909305050795
5,0.13488372093023254,14.444169321880183
5,0.13953488372093023,7.817464369266602
5,0.14418604651162792,6.577861767694307
5,0.14883720930232558,7.390705944122692
5,0.15348837209302324,11.360550496500569
5,0.15813953488372093,16.21598812008642
5,0.16279069767441862,41.03946929454752
5,0.16744186046511628,5.9783552908214554
5,0.17209302325581394,17.297628313452346
5,0.17674418604651163,4.152415471209756
5,0.1813953488372093,10.46803097514838
5,0.18604651162790697,16.390873263486924
5,0.19069767441860463,5.399855567974184
5,0.19534883720930232,12.202523211818608
5,0.2,4.976964643994462
5,0.20465116279069767,13.311066905120764
5,0.20930232558139533,7.411231799210387
5,0.21395348837209302,7.262660676530694
5,0.2186046511627907,14.752123041233475
5,0.22325581395348837,18.20713711970802
5,0.22790697674418603,8.648073853223627
5,0.23255813953488372,11.271869432899939
5,0.2372093023255814,18.70336650920228
5,0.24186046511627907,16.630327821888333
5,0.24651162790697673,10.791232825488317
5,0.25116279069767444,14.428482286700662
5,0.2558139534883721,12.084700605037701
5,0.26046511627906976,3.370488005464641
5,0.2651162790697674,11.525764484669466
5,0.2697674418604651,18.26920306390715
5,0.2744186046511628,21.29304397806456
5,0.27906976744186046,14.007113104042608
5,0.2837209302325581,15.849915560517589
5,0.28837209302325584,16.872338325850535
5,0.2930232558139535,16.090676640904405
5,0.29767441860465116,9.12257694620453
5,0.3023255813953488,10.638368915633961
5,0.3069767441860465,20.285586267339127
5,0.3116279069767442,29.8175204835724
5,0.31627906976744186,11.964819653895805
5,0.3209302325581395,27.852043084276023
5,0.32558139534883723,4.119460929650354
5,0.3302325581395349,14.830013219406053
5,0.33488372093023255,24.519806214242347
5,0.3395348837209302,11.94339985569014
5,0.3441860465116279,7.531601126035307
5,0.3488372093023256,14.0703475001137
5,0.35348837209302325,18.26467526700398
5,0.3581395348837209,14.548440894103717
5,0.3627906976744186,7.835306406692673
5,0.3674418604651163,17.81771965514442
5,0.37209302325581395,14.727687916190122
5,0.3767441860465116,10.613252673094745
5,0.38139534883720927,25.45867335250659
5,0.386046511627907,14.871434492929554
5,0.39069767441860465,23.612631993751485
5,0.3953488372093023,7.4165304425560485
5,0.4,5.510260100837672
5,0.4046511627906977,11.656961893271365
5,0.40930232558139534,35.76735624875278
5,0.413953488372093,18.660984080467927
5,0.41860465116279066,6.1739210382708745
5,0.4232558139534884,10.975909376988945
5,0.42790697674418604,20.800065256117684
5,0.4325581395348837,16.898688481655718
5,0.4372093023255814,9.478654462430988
5,0.4418604651162791,11.160860546852954
5,0.44651162790697674,9.222866245792103
5,0.4511627906976744,9.01903479506323
5,0.45581395348837206,7.628148182275018
5,0.4604651162790698,11.382843287999668
5,0.46511627906976744,2.473635738399225
5,0.4697674418604651,12.874771930292319
5,0.4744186046511628,4.547869200505167
5,0.4790697674418605,11.522745425412827
5,0.48372093023255813,28.746884936589808
5,0.4883720930232558,17.118759500171933
5,0.49302325581395345,6.333827943334351
5,0.49767441860465117,4.813582749692048
6,0.0,1.3322676295501878e-14
6,0.006493506493506494,2.9146681729261776
6,0.012987012987012988,7.093329339617301
6,0.01948051948051948,6.713959831240896
6,0.025974025974025976,22.005775196765185
6,0.03246753246753247,15.23635331097077
6,0.03896103896103896,7.069505681249214
6,0.045454545454545456,8.05680399373767
6,0.05194805194805195,15.55284960344453
6,0.05844155844155845,3.8209563065509173
6,0.06493506493506494,5.286912656150115
6,0.07142857142857144,15.580988658460116
6,0.07792207792207792,3.5894482203744063
6,0.08441558441558442,3.9390901713449002
6,0.09090909090909091,9.873796628580061
6,0.09740259740259741,8.973419993557263
6,0.1038961038961039,11.784856423939997
6,0.1103896103896104,10.093166813000694
6,0.1168831168831169,10.054374153236136
6,0.12337662337662339,16.072183483424347
6,0.12987012987012989,23.557010060692978
6,0.13636363636363638,14.856895892136196
6,0.14285714285714288,5.071832364205302
6,0.14935064935064937,7.0585138346211105
6,0.15584415584415584,14.095231761233714
6,0.16233766233766234,13.762046670841057
6,0.16883116883116883,7.724582517441531
6,0.17532467532467533,22.4371934012732
6,0.18181818181818182,2.0102613961968694
6,0.18831168831168832,17.45101128537578
6,0.19480519480519481,6.677048429821337
6,0.2012987012987013,11.094612280656293
6,0.2077922077922078,17.937686818010516
6,0.2142857142857143,9.48374644899752
6,0.2207792207792208,6.035544998248838
6,0.2272727272727273,10.796222446116769
6,0.2337662337662338,7.116954844321388
6,0.24025974025974028,12.327754409548387
6,0.24675324675324678,12.386836278325449
6,0.2532467532467533,12.117231298721743
6,0.25974025974025977,13.146627402642487
6,0.26623376623376627,0.7930728246439228
6,0.27272727272727276,20.336499908789747
6,0.27922077922077926,10.829381435242487
6,0.28571428571428575,3.4262629551927994
6,0.29220779220779225,10.215463521633525
6,0.29870129870129875,12.709598668465318
6,0.30519480519480524,6.50800782286854
6,0.3116883116883117,15.073024177659974
6,0.3181818181818182,7.29383892744215
6,0.3246753246753247,12.195467103466655
6,0.33116883116883117,12.368707222331846
6,0.33766233766233766,19.45734568226355
6,0.34415584415584416,6.885098364860625
6,0.35064935064935066,0.734042216630748
6,0.35714285714285715,4.742059758302565
6,0.36363636363636365,18.842947543928123
6,0.37012987012987014,3.048794196337384
6,0.37662337662337664,11.009560108464216
6,0.38311688311688313,7.223657022208165
6,0.38961038961038963,3.235616101260528
6,0.3961038961038961,11.18933344515041
6,0.4025974025974026,5.130701415735008
6,0.4090909090909091,13.92365768867574
6,0.4155844155844156,4.9000365283745975
6,0.4220779220779221,16.283362282403477
6,0.4285714285714286,10.301872062043326
6,0.4350649350649351,6.957092850732576
6,0.4415584415584416,31.01423774075401
6,0.4480519480519481,19.790144331360317
6,0.4545454545454546,5.480983683069785
6,0.4610389610389611,13.206046322100153
6,0.4675324675324676,16.136644221695008
6,0.4740259740259741,2.0318823625221936
6,0.48051948051948057,16.125990703780307
6,0.48701298701298706,23.20368299516492
6,0.49350649350649356,10.073111590327025
7,0.0,4.884981308350689e-15
7,0.005780346820809248,19.607661648085802
7,0.011560693641618497,10.351800310491855
7,0.017341040462427744,29.357129404019943
7,0.023121387283236993,11.567226426359747
7,0.028901734104046242,6.09564116196384
7,0.03468208092485549,21.455871138614466
7,0.04046242774566474,13.267876323983602
7,0.046242774566473986,9.16500662694811
7,0.05202312138728323,11.008876328071954
7,0.057803468208092484,14.236548308614662
7,0.06358381502890173,9.00441230909257
7,0.06936416184971098,2.121995328213632
7,0.07514450867052022,18.791386470063824
7,0.08092485549132948,18.37748665533426
7,0.08670520231213873,8.498508481231212
7,0.09248554913294797,7.779402424810533
7,0.09826589595375722,12.083759169554297
7,0.10404624277456646,10.690194494578655
7,0.10982658959537572,5.576555488628205
7,0.11560693641618497,17.55788120162936
7,0.12138728323699421,18.38660047681445
7,0.12716763005780346,1.720817569404513
7,0.1329479768786127,6.038405656851839
7,0.13872832369942195,23.196378560764842
7,0.1445086705202312,12.106179997532774
7,0.15028901734104044,7.540385806547916
7,0.15606936416184972,7.2057273692998365
7,0.16184971098265896,15.33027972470882
7,0.1676300578034682,17.720575526684623
7,0.17341040462427745,8.38920052978665
7,0.1791907514450867,10.114072798395148
7,0.18497109826589594,11.166896015512089
7,0.1907514450867052,5.6262134691436065
7,0.19653179190751444,16.743934914423065
7,0.20231213872832368,10.260711511082196
7,0.20809248554913293,3.0999626752743596
7,0.21387283236994217,19.523893819764936
7,0.21965317919075145,25.056604048600427
7,0.2254335260115607,10.392833163325259
7,0.23121387283236994,11.85395363881178
7,0.23699421965317918,2.2857240408465747
7,0.24277456647398843,9.758834581013874
7,0.24855491329479767,5.182537624199581
7,0.2543352601156069,10.873923307233746
7,0.26011560693641617,11.13502034862779
7,0.2658959537572254,2.316401804057922
7,0.27167630057803466,11.824801661843878
7,0.2774566473988439,5.159784021125474
7,0.28323699421965315,7.866254488953026
7,0.2890173410404624,2.876230345830539
7,0.29479768786127164,6.475538881484445
7,0.3005780346820809,5.0829404556981235
7,0.30635838150289013,14.865094715557365
7,0.31213872832369943,20.23748899063287
7,0.3179190751445087,5.118366196164646
7,0.3236994219653179,18.79384137676068
7,0.32947976878612717,4.916239011708661
7,0.3352601156069364,13.896975572399201
7,0.34104046242774566,12.259944020290884
7,0.3468208092485549,28.84541948259372
7,0.35260115606936415,8.012364094727683
7,0.3583815028901734,23.74538166706011
7,0.36416184971098264,9.768478396563333
7,0.3699421965317919,7.185851391992032
7,0.37572254335260113,9.225262893843993
7,0.3815028901734104,8.43398950308224
7,0.3872832369942196,1.3445795583748994
7,0.39306358381502887,6.524114144790124
7,0.3988439306358381,18.067912811581923
7,0.40462427745664736,11.399733208795164
7,0.4104046242774566,16.076912579808592
7,0.41618497109826585,26.922154724747326
7,0.4219653179190751,13.487387785119523
7,0.42774566473988435,4.562222881165463
7,0.43352601156069365,7.606237879893363
7,0.4393063583815029,3.9964366808005716
7,0.44508670520231214,8.555228515284652
7,0.4508670520231214,16.813929821710463
7,0.45664739884393063,16.91722245286139
7,0.4624277456647399,7.212382363928028
7,0.4682080924855491,10.903937495065456
7,0.47398843930635837,13.40238634604305
7,0.4797687861271676,9.18577508147498
7,0.48554913294797686,14.592775050997394
7,0.4913294797687861,15.168552535600274
7,0.49710982658959535,9.18403593552348
8,0.0,3.8191672047105385e-14
8,0.00546448087431694,12.56657275869221
8,0.01092896174863388,4.309713463206186
8,0.01639344262295082,7.992476457029018
8,0.02185792349726776,11.538803266280278
8,0.0273224043715847,9.069594872776754
8,0.03278688524590164,7.7661446704560655
8,0.03825136612021858,9.606697276117876
8,0.04371584699453552,14.452839984235009
8,0.04918032786885246,5.732791635197455
8,0.0546448087431694,16.19815932164772
8,0.060109289617486336,2.0265832284077363
8,0.06557377049180328,2.515254517627623
8,0.07103825136612021,4.317670335400019
8,0.07650273224043716,7.225316766874177
8,0.08196721311475409,9.90624538508919
8,0.08743169398907104,8.318379015264066
8,0.09289617486338798,8.729375716159176
8,0.09836065573770492,7.72471629323942
8,0.10382513661202186,34.627645854211444
8,0.1092896174863388,11.87360598148184
8,0.11475409836065574,34.07582081338263
8,0.12021857923497267,5.123159757009317
8,0.12568306010928962,16.129541007218116
8,0.13114754098360656,17.446858300540313
8,0.1366120218579235,15.739906695389633
8,0.14207650273224043,11.145076191598339
8,0.14754098360655737,19.42602463242926
8,0.15300546448087432,4.235426312157416
8,0.15846994535519127,9.770048723528014
8,0.16393442622950818,2.4986001758224385
8,0.16939890710382513,19.34640397786465
8,0.17486338797814208,20.92490143830669
8,0.18032786885245902,27.618019009841387
8,0.18579234972677597,9.199953557707635
8,0.1912568306010929,5.130364002742535
8,0.19672131147540983,13.111810281331786
8,0.20218579234972678,19.80919701810777
8,0.20765027322404372,5.858951443417718
8,0.21311475409836064,4.475860417040596
8,0.2185792349726776,3.572334370138286
8,0.22404371584699453,10.943595911230815
8,0.22950819672131148,3.267043494953371
8,0.23497267759562843,24.605606031111527
8,0.24043715846994534,9.319599804743271
8,0.2459016393442623,27.152117221908707
8,0.25136612021857924,15.672345681838845
8,0.2568306010928962,4.4803149697722
8,0.26229508196721313,16.747705175200377
8,0.2677595628415301,19.94304342170133
8,0.273224043715847,7.4489251882763
8,0.2786885245901639,13.808497531729474
8,0.28415300546448086,15.37781579743498
8,0.2896174863387978,3.796195889542822
8,0.29508196721311475,17.005222888854426
8,0.3005464480874317,2.3652070528011016
8,0.30601092896174864,10.807563668580382
8,0.3114754098360656,8.104892255904016
8,0.31693989071038253,1.560896322169654
8,0.3224043715846995,6.699810691655504
8,0.32786885245901637,15.689792530196833
8,0.3333333333333333,4.744642939841433
8,0.33879781420765026,9.585117794393888
8,0.3442622950819672,16.453244506715144
8,0.34972677595628415,12.071475024799495
8,0.3551912568306011,11.063513964273069
8,0.36065573770491804,14.604383248529222
8,0.366120218579235,8.628024164150657
8,0.37158469945355194,11.695766165402976
8,0.3770491803278688,3.5069896449018536
8,0.3825136612021858,7.5178748727253115
8,0.3879781420765027,19.9670741794374
8,0.39344262295081966,5.681558136828234
8,0.3989071038251366,16.44954698858327
8,0.40437158469945356,13.202965753809346
8,0.4098360655737705,12.813363680749763
8,0.41530054644808745,11.620336364666882
8,0.4207650273224044,16.47467465049329
8,0.4262295081967213,18.156422897375872
8,0.43169398907103823,3.170892360832231
8,0.4371584699453552,9.000383329036728
8,0.4426229508196721,8.101898188969248
8,0.44808743169398907,15.477073094238529
8,0.453551912568306,15.90151477372786
8,0.45901639344262296,16.251565771007034
8,0.4644808743169399,15.499072496479057
8,0.46994535519125685,5.8454308487837965
8,0.47540983606557374,13.252641944166855
8,0.4808743169398907,11.208439948652153
8,0.48633879781420764,13.342426043531443
8,0.4918032786885246,17.169286010500635
8,0.4972677595628415,17.696348722291283
9,0.0,4.707345624410664e-14
9,0.004878048780487805,7.887738287921065
9,0.00975609756097561,15.595111980048804
9,0.014634146341463414,5.263808714877146
9,0.01951219512195122,11.866164852128703
9,0.024390243902439025,13.049180845766946
9,0.029268292682926828,7.018504994518144
9,0.03414634146341464,6.035348263669874
9,0.03902439024390244,20.067151001541035
9,0.04390243902439024,15.081601054874383
9,0.04878048780487805,24.424847399301168
9,0.05365853658536585,13.082923966225762
9,0.058536585365853655,20.538087966075647
9,0.06341463414634146,3.656358157789354
9,0.06829268292682927,5.92265991210389
9,0.07317073170731707,16.476780146806743
9,0.07804878048780488,2.2206461795080905
9,0.08292682926829269,18.29530312947464
9,0.08780487804878048,13.261727359639888
9,0.09268292682926829,5.144044660493651
9,0.0975609756097561,14.821824580410885
9,0.1024390243902439,13.825655115457074
9,0.1073170731707317,27.72714832475548
9,0.11219512195121951,7.1375082237617145
9,0.11707317073170731,12.934025761241099
9,0.12195121951219512,19.600485685492078
9,0.12682926829268293,7.79921619152551
9,0.13170731707317074,7.056058156678006
9,0.13658536585365855,6.0681124679112735
9,0.14146341463414633,8.886693136464137
9,0.14634146341463414,26.179479929624396
9,0.15121951219512195,13.764326386839413
9,0.15609756097560976,6.823546391076787
9,0.16097560975609757,15.11894346572901
9,0.16585365853658537,18.87822999645919
9,0.17073170731707318,17.08762379483928
9,0.17560975609756097,11.210164068043326
9,0.18048780487804877,2.6994179174145803
9,0.18536585365853658,15.249001688698215
9,0.1902439024390244,15.567962899803026
9,0.1951219512195122,9.371463926730092
9,0.2,6.201335496955752
9,0.2048780487804878,10.475739825083707
9,0.2097560975609756,8.868036610195984
9,0.2146341463414634,3.4751528180016784
9,0.21951219512195122,23.294754351247626
9,0.22439024390243903,22.429224485741457
9,0.22926829268292684,18.00494638342761
9,0.23414634146341462,18.221230496267825
9,0.23902439024390243,8.190381776187866
9,0.24390243902439024,6.6722997445074945
9,0.24878048780487805,12.511388613253958
9,0.25365853658536586,6.871302409646574
9,0.25853658536585367,3.942660274209792
9,0.2634146341463415,10.894636063982476
9,0.2682926829268293,12.148868790753346
9,0.2731707317073171,12.558108171241186
9,0.2780487804878049,6.793072921364516
9,0.28292682926829266,20.08117188300554
9,0.28780487804878047,17.429837249323494
9,0.2926829268292683,6.22557542890982
9,0.2975609756097561,9.143899171692178
9,0.3024390243902439,12.571122350982991
9,0.3073170731707317,3.2940382484705686
9,0.3121951219512195,21.409963239124036
9,0.3170731707317073,22.60972103185919
9,0.32195121951219513,26.18916392644941
9,0.32682926829268294,6.677288432639465
9,0.33170731707317075,13.72378488511057
9,0.33658536585365856,8.729164587578705
9,0.34146341463414637,13.294314680132375
9,0.3463414634146341,9.157182835892241
9,0.35121951219512193,21.592789315916974
9,0.35609756097560974,17.650089077214197
9,0.36097560975609755,2.48152460743663
9,0.36585365853658536,18.832320703714803
9,0.37073170731707317,16.351422716708367
9,0.375609756097561,7.791626235399254
9,0.3804878048780488,20.73102519455144
9,0.3853658536585366,6.295082515855407
9,0.3902439024390244,9.0572051027947
9,0.3951219512195122,2.8379471751155716
9,0.4,12.716795743922411
9,0.40487804878048783,19.575818054367424
9,0.4097560975609756,6.919786172981821
9,0.4146341463414634,10.295064086767301
9,0.4195121951219512,3.9356547373241404
9,0.424390243902439,5.306511296892829
9,0.4292682926829268,23.061826261204644
9,0.43414634146341463,4.785646514634152
9,0.43902439024390244,30.820991883101478
9,0.44390243902439025,7.742624202974426
9,0.44878048780487806,7.337741515130548
9,0.45365853658536587,25.229551716432866
9,0.4585365853658537,6.488149126318686
9,0.4634146341463415,22.80244899877234
9,0.46829268292682924,10.2202834905908
9,0.47317073170731705,17.051437149019396
9,0.47804878048780486,10.993214036653164
9,0.48292682926829267,8.506071324304635
9,0.4878048780487805,25.552693509716352
9,0.4926829268292683,11.035348598164772
9,0.4975609756097561,13.57863364285686
10,0.0,3.2862601528904634e-14
10,0.005235602094240838,20.59947862766582
10,0.010471204188481676,30.64106753042255
10,0.015706806282722516,15.34171673463969
10,0.020942408376963352,14.688730256408402
10,0.02617801047120419,15.537630711201512
10,0.03141361256544503,21.88675094760459
10,0.03664921465968587,5.7378105128260986
10,0.041884816753926704,9.836959636970022
10,0.04712041884816754,7.481056269492739
10,0.05235602094240838,3.441879959282881
10,0.05759162303664922,10.443374690617743
10,0.06282722513089006,4.140459070566083
10,0.06806282722513089,4.403192933202762
10,0.07329842931937174,17.674517066092548
10,0.07853403141361257,16.741405596735934
10,0.08376963350785341,3.8888913254001976
10,0.08900523560209425,8.638412786993351
10,0.09424083769633508,14.13887888708802
10,0.09947643979057592,9.678582903630657
10,0.10471204188481675,2.568988512247371
10,0.1099476439790576,3.9002512408540566
10,0.11518324607329844,9.0023108055218
10,0.12041884816753927,14.712699569338284
10,0.12565445026178013,25.161555846515757
10,0.13089005235602094,9.309757293336194
10,0.13612565445026178,9.386688112546457
10,0.14136125654450263,9.443129100061846
10,0.14659685863874347,6.494813294241658
10,0.15183246073298431,2.696396386262989
10,0.15706806282722513,19.902545270301403
10,0.16230366492146597,2.5616344477228306
10,0.16753926701570682,9.960867866387828
10,0.17277486910994766,4.993896528090801
10,0.1780104712041885,16.425572976659936
10,0.18324607329842932,5.852744296104888
10,0.18848167539267016,3.75520922367586
10,0.193717277486911,9.396202978222988
10,0.19895287958115185,23.266508621704176
10,0.2041884816753927,16.789603263143118
10,0.2094240837696335,3.5216917026012124
10,0.21465968586387435,18.68222954532889
10,0.2198952879581152,10.844080955482763
10,0.22513089005235604,8.093393477834468
10,0.23036649214659688,19.11375222158271
10,0.23560209424083772,7.0872547312101055
10,0.24083769633507854,18.94504594394588
10,0.24607329842931938,16.63300801646891
10,0.25130890052356025,7.133349873784831
10,0.25654450261780104,9.617578059931807
10,0.2617801047120419,1.41529025711506
10,0.2670157068062827,4.44814688365418
10,0.27225130890052357,6.164599429194826
10,0.2774869109947644,11.541641996259996
10,0.28272251308900526,16.37153640954226
10,0.2879581151832461,17.832490308621608
10,0.29319371727748694,14.173439559248884
10,0.2984293193717278,7.956516738975336
10,0.30366492146596863,18.613907469034164
10,0.3089005235602094,21.754108641581855
10,0.31413612565445026,20.525583446177347
10,0.3193717277486911,13.400332123047512
10,0.32460732984293195,11.240606489493953
10,0.3298429319371728,5.002451693326239
10,0.33507853403141363,12.506339064487673
10,0.3403141361256545,22.082158232630114
10,0.3455497382198953,16.019231623320522
10,0.35078534031413616,14.816403682396421
10,0.356020942408377,19.200811926567802
10,0.36125654450261785,14.097311723546783
10,0.36649214659685864,11.324496185085023
10,0.3717277486910995,18.31553016528934
10,0.3769633507853403,24.726077594095003
10,0.38219895287958117,7.165351717614378
10,0.387434554973822,14.50185393773629
10,0.39267015706806285,3.7827124054663384
10,0.3979057591623037,7.8353256167526295
10,0.40314136125654454,11.289917962414284
10,0.4083769633507854,12.867941888429332
10,0.4136125654450262,14.93769343456201
10,0.418848167539267,2.9775137816195643
10,0.42408376963350786,32.81977313774719
10,0.4293193717277487,12.732769225384692
10,0.43455497382198954,11.280928262939577
10,0.4397905759162304,13.325895982336156
10,0.44502617801047123,5.735388229845749
10,0.4502617801047121,8.306348432384656
10,0.4554973821989529,18.39563863742456
10,0.46073298429319376,17.45823715029415
10,0.4659685863874346,18.825070003336407
10,0.47120418848167545,11.198124249747911
10,0.47643979057591623,16.86066060803525
10,0.4816753926701571,13.854118669184968
10,0.4869109947643979,6.688942559489494
10,0.49214659685863876,1.4323705507772506
10,0.4973821989528796,9.64551044773374
11,0.0,3.730349362740526e-14
11,0.005649717514124294,12.501241575946358
11,0.011299435028248588,7.7086583498412455
11,0.01694915254237288,11.776839212918894
11,0.022598870056497175,6.770384465402114
11,0.02824858757062147,4.25467613759893
11,0.03389830508474576,6.823011948835235
11,0.03954802259887005,28.41349885504454
11,0.04519774011299435,5.366343738534839
11,0.05084745762711865,22.931075348234113
11,0.05649717514124294,6.867707706286051
11,0.06214689265536723,8.213155982571747
11,0.06779661016949153,9.376582289704944
11,0.07344632768361582,7.925056137078789
11,0.0790960451977401,26.770223135936956
11,0.0847457627118644,11.042907834668295
11,0.0903954802259887,14.073817572896992
11,0.096045197740113,8.907874373491362
11,0.1016949152542373,21.099960154658103
11,0.10734463276836158,5.2703884688469955
11,0.11299435028248588,11.40540197549042
11,0.11864406779661017,21.7994846722898
11,0.12429378531073446,17.53933053890133
11,0.12994350282485875,15.083726173930577
11,0.13559322033898305,15.885291878511588
11,0.14124293785310735,6.337411774288561
11,0.14689265536723164,11.86711572009627
11,0.15254237288135594,17.03725398803372
11,0.1581920903954802,12.74839773518833
11,0.1638418079096045,12.27654888085953
11,0.1694915254237288,23.290443150963263
11,0.1751412429378531,9.807814747431534
11,0.1807909604519774,18.841012781131344
11,0.1864406779661017,6.194244948894916
11,0.192090395480226,2.396310012156706
11,0.1977401129943503,4.420157822494056
11,0.2033898305084746,19.731685009908436
11,0.20903954802259886,22.51022496099725
11,0.21468926553672316,8.371435704644147
11,0.22033898305084745,17.31989191938061
11,0.22598870056497175,6.891804315587237
11,0.23163841807909605,12.65963293000485
11,0.23728813559322035,7.66930876603918
11,0.24293785310734464,1.8133376959480014
11,0.2485875706214689,7.60829481720163
11,0.2542372881355932,2.0741152999297787
11,0.2598870056497175,13.981680105004818
11,0.2655367231638418,5.2871789201911445
11,0.2711864406779661,8.70038242758291
11,0.2768361581920904,5.902161316095483
11,0.2824858757062147,9.238102289307665
11,0.288135593220339,19.903883493680606
11,0.2937853107344633,11.65285340083172
11,0.2994350282485876,6.063119779159525
11,0.3050847457627119,9.09101975863343
11,0.3107344632768362,9.19862799078192
11,0.3163841807909604,2.3563914472486114
11,0.3220338983050847,17.417516048417756
11,0.327683615819209,12.651769303875922
11,0.3333333333333333,5.607153184813818
11,0.3389830508474576,7.4164224784073625
11,0.3446327683615819,10.862588618908244
11,0.3502824858757062,11.512148063355635
11,0.3559322033898305,14.475026066379673
11,0.3615819209039548,10.043211977642411
11,0.3672316384180791,7.505064872080188
11,0.3728813559322034,8.936366557284632
11,0.3785310734463277,18.21505957129035
11,0.384180790960452,23.038955876375308
11,0.3898305084745763,16.534478021995408
11,0.3954802259887006,5.112683246479594
11,0.4011299435028249,8.044749321225146
11,0.4067796610169492,25.28709292126908
11,0.4124293785310734,11.282884139964768
11,0.4180790960451977,13.817677017744971
11,0.423728813559322,6.603376850864781
11,0.4293785310734463,1.7823546827954295
11,0.4350282485875706,8.929800647305937
11,0.4406779661016949,28.410627088349415
11,0.4463276836158192,13.204972293746897
11,0.4519774011299435,7.701352433473893
11,0.4576271186440678,10.991860465761587
11,0.4632768361581921,13.287698624848968
11,0.4689265536723164,2.6490683211562334
11,0.4745762711864407,10.746809928997777
11,0.480225988700565,7.216286860020205
11,0.4858757062146893,16.918870358665966
11,0.4915254237288136,18.332885346785748
11,0.4971751412429378,17.22100627221183
12,0.0,3.552713678800501e-15
12,0.0049504950495049506,24.24120826903451
12,0.009900990099009901,24.973355543363958
12,0.01485148514851485,16.564200288162294
12,0.019801980198019802,4.285108143192831
12,0.024752475247524754,12.286421468188319
12,0.0297029702970297,15.581469228936225
12,0.034653465346534656,7.215114266801238
12,0.039603960396039604,10.229743091051223
12,0.04455445544554455,21.123753983376915
12,0.04950495049504951,4.816550707239902
12,0.054455445544554455,12.99085743263902
12,0.0594059405940594,10.296465898448218
12,0.06435643564356436,7.374613971257673
12,0.06930693069306931,13.241165867280486
12,0.07425742574257425,23.920677958410355
12,0.07920792079207921,21.921448345420924
12,0.08415841584158416,17.274993202210226
12,0.0891089108910891,7.788423299341078
12,0.09405940594059406,15.160834173448823
12,0.09900990099009901,17.432914002067207
12,0.10396039603960396,14.25026309701807
12,0.10891089108910891,15.762925218785016
12,0.11386138613861387,4.679737852550842
12,0.1188118811881188,0.7544990249354389
12,0.12376237623762376,6.937711490004697
12,0.12871287128712872,9.361664868374872
12,0.13366336633663367,20.213335482569647
12,0.13861386138613863,3.131246262840468
12,0.14356435643564355,1.4665236308655616
12,0.1485148514851485,10.948904846192013
12,0.15346534653465346,4.725861238814383
12,0.15841584158415842,1.6917356946096598
12,0.16336633663366337,11.568789836342242
12,0.16831683168316833,27.411853925293254
12,0.17326732673267328,8.534676134937376
12,0.1782178217821782,19.973484536678036
12,0.18316831683168316,14.155811255908521
12,0.18811881188118812,14.509281857684094
12,0.19306930693069307,5.067046914191581
12,0.19801980198019803,12.306550228593204
12,0.20297029702970298,10.602300380358168
12,0.2079207920792079,10.775781302784411
12,0.21287128712871287,8.771854082794396
12,0.21782178217821782,35.54205665219416
12,0.22277227722772278,2.4575014683344043
12,0.22772277227722773,7.832003127763496
12,0.23267326732673269,14.273831151298465
12,0.2376237623762376,14.507719359370466
12,0.24257425742574257,11.691376637200358
12,0.24752475247524752,5.658286552209698
12,0.2524752475247525,6.4180720720223325
12,0.25742574257425743,5.9683255135693924
12,0.2623762376237624,11.150062997365541
12,0.26732673267326734,11.436870858840622
12,0.2722772277227723,7.730337883425083
12,0.27722772277227725,7.218647691150946
12,0.2821782178217822,21.648547715061042
12,0.2871287128712871,10.26660551009035
12,0.29207920792079206,6.850184896515433
12,0.297029702970297,14.186664138527412
12,0.30198019801980197,28.28575052959269
12,0.3069306930693069,23.502256599295855
12,0.3118811881188119,11.03992922724252
12,0.31683168316831684,11.413280002214531
12,0.3217821782178218,24.173703986911562
12,0.32673267326732675,19.989729634482778
12,0.3316831683168317,3.991043624223701
12,0.33663366336633666,2.183921854608814
12,0.3415841584158416,13.530646945472181
12,0.34653465346534656,32.254831843570244
12,0.35148514851485146,10.305994534694236
12,0.3564356435643564,5.673444396959463
12,0.3613861386138614,14.240944028643044
12,0.36633663366336633,15.362269528306303
12,0.3712871287128713,19.597674267217226
12,0.37623762376237624,7.755818232908276
12,0.3811881188118812,13.443316437010015
12,0.38613861386138615,8.026812106948036
12,0.3910891089108911,9.286652795477869
12,0.39603960396039606,12.495865531638726
12,0.400990099009901,18.021035305458597
12,0.40594059405940597,6.950822819505139
12,0.4108910891089109,7.251393928578467
12,0.4158415841584158,10.998991822391622
12,0.4207920792079208,2.485717512978755
12,0.42574257425742573,13.662595625489729
12,0.4306930693069307,17.607743054618453
12,0.43564356435643564,10.197968770417466
12,0.4405940594059406,14.26548592307364
12,0.44554455445544555,13.360164081466122
12,0.4504950495049505,5.226036961584416
12,0.45544554455445546,9.85702740120089
12,0.4603960396039604,16.23989075186031
12,0.46534653465346537,4.743754574617873
12,0.4702970297029703,5.781794415715026
12,0.4752475247524752,18.250493394352173
12,0.4801980198019802,11.117005857474807
12,0.48514851485148514,1.6688333243077884
12,0.4900990099009901,25.56401345924779
12,0.49504950495049505,17.22676347628493
13,0.0,7.993605777301127e-15
13,0.00510204081632653,20.428953779911367
13,0.01020408163265306,16.824930417652585
13,0.015306122448979591,7.907061356141206
13,0.02040816326530612,4.646261678833374
13,0.02551020408163265,19.706808122737716
13,0.030612244897959183,13.108082019177356
13,0.03571428571428571,23.449822155098328
13,0.04081632653061224,10.05961758127408
13,0.04591836734693877,3.9571282783724864
13,0.0510204081632653,2.4195679622842694
13,0.05612244897959183,26.176292123985572
13,0.061224489795918366,21.943078824465044
13,0.06632653061224489,9.323248985522783
13,0.07142857142857142,11.385242136187768
13,0.07653061224489795,5.986442990329124
13,0.08163265306122448,15.84035860660356
13,0.08673469387755102,7.837175427084171
13,0.09183673469387754,11.965327585050808
13,0.09693877551020408,11.094224348047158
13,0.1020408163265306,15.900610180938388
13,0.10714285714285714,3.1243362631353513
13,0.11224489795918366,22.21219125123837
13,0.1173469387755102,30.858929062202616
13,0.12244897959183673,4.436127429892613
13,0.12755102040816327,11.975937051513053
13,0.13265306122448978,3.2157133246868037
13,0.1377551020408163,8.296145479297921
13,0.14285714285714285,13.353916665784439
13,0.14795918367346939,3.7497205946721115
13,0.1530612244897959,3.7886782336574796
13,0.15816326530612243,10.77179428766005
13,0.16326530612244897,14.423886403256935
13,0.1683673469387755,2.1324599097358297
13,0.17346938775510204,8.781385206655033
13,0.17857142857142855,17.89386951010608
13,0.18367346938775508,21.040721420013703
13,0.18877551020408162,7.456764973317487
13,0.19387755102040816,18.151466470081015
13,0.19897959183673466,15.20671397514233
13,0.2040816326530612,4.049134872933393
13,0.20918367346938774,9.609749120281572
13,0.21428571428571427,18.23681873342244
13,0.2193877551020408,7.191244911488867
13,0.22448979591836732,5.609149635565141
13,0.22959183673469385,17.228605478636165
13,0.2346938775510204,5.134552699714435
13,0.23979591836734693,17.571042923293998
13,0.24489795918367346,5.4550824867194745
13,0.24999999999999997,29.405770610385414
13,0.25510204081632654,11.923582266412113
13,0.260204081632653,26.578914101803424
13,0.26530612244897955,13.401384646726335
13,0.2704081632653061,5.7116315622237925
13,0.2755102040816326,15.224889648142833
13,0.28061224489795916,15.719160385223711
13,0.2857142857142857,4.3352798931715
13,0.29081632653061223,6.056337770955694
13,0.29591836734693877,7.103579784663794
13,0.3010204081632653,16.025901263348665
13,0.3061224489795918,25.14032200495066
13,0.3112244897959183,11.852643407303686
13,0.31632653061224486,10.489831539016507
13,0.3214285714285714,21.068859693547505
13,0.32653061224489793,18.362631392811153
13,0.33163265306122447,12.660916664175167
13,0.336734693877551,5.250372729136983
13,0.34183673469387754,10.589347315262449
13,0.3469387755102041,7.221475441062277
13,0.35204081632653056,11.282764203436042
13,0.3571428571428571,9.397854231173378
13,0.36224489795918363,5.617793299539523
13,0.36734693877551017,17.884641496771735
13,0.3724489795918367,14.166178698087961
13,0.37755102040816324,21.40176932003432
13,0.3826530612244898,10.219800078005665
13,0.3877551020408163,9.578534627320833
13,0.39285714285714285,19.235443368854504
13,0.39795918367346933,6.653001752404874
13,0.40306122448979587,7.578022696876906
13,0.4081632653061224,8.036728152214266
13,0.41326530612244894,15.140113415805814
13,0.4183673469387755,26.55665291227361
13,0.423469387755102,11.118780700421643
13,0.42857142857142855,15.119789946876194
13,0.4336734693877551,11.109298054541265
13,0.4387755102040816,4.702876072718757
13,0.4438775510204081,7.664557939330935
13,0.44897959183673464,3.6031274940774387
13,0.4540816326530612,6.204071886455738
13,0.4591836734693877,24.901246133198295
13,0.46428571428571425,15.618330195598729
13,0.4693877551020408,14.78218328101171
13,0.4744897959183673,9.073595086837637
13,0.47959183673469385,13.457454865235785
13,0.4846938775510204,7.1304881303650625
13,0.4897959183673469,16.76426909732484
13,0.4948979591836734,5.709437185745111
14,0.0,3.552713678800501e-15
14,0.005208333333333333,4.716911194806838
14,0.010416666666666666,3.756781962265187
14,0.015625,11.554175685797881
14,0.020833333333333332,8.300481500975406
14,0.026041666666666664,6.7087853781432765
14,0.03125,10.446436777910215
14,0.03645833333333333,5.996724639457083
14,0.041666666666666664,21.15326171679981
14,0.046875,10.320555487665148
14,0.05208333333333333,5.914356482237125
14,0.057291666666666664,15.572462264215972
14,0.0625,22.701266384274295
14,0.06770833333333333,14.708494042356433
14,0.07291666666666666,8.937545452751474
14,0.078125,7.200976764971214
14,0.08333333333333333,13.631774900438389
14,0.08854166666666666,21.19581643309359
14,0.09375,21.75384018541709
14,0.09895833333333333,10.554015807392169
14,0.10416666666666666,15.261457445433704
14,0.109375,1.5786433383509153
14,0.11458333333333333,8.632298052200632
14,0.11979166666666666,18.427363466476184
14,0.125,6.823221057794559
14,0.13020833333333331,27.212473696395183
14,0.13541666666666666,9.418881724134911
14,0.140625,4.9533562763453105
14,0.14583333333333331,0.7217696733768872
14,0.15104166666666666,19.74926552633084
14,0.15625,16.697540097800676
14,0.16145833333333331,9.043945122963535
14,0.16666666666666666,6.580132505620863
14,0.171875,19.257998865411736
14,0.17708333333333331,5.730084324303208
14,0.18229166666666666,2.089529138149774
14,0.1875,17.079737611425497
14,0.19270833333333331,5.969791623509146
14,0.19791666666666666,16.533507179043177
14,0.203125,11.150523153667745
14,0.20833333333333331,12.245972598076417
14,0.21354166666666666,8.79337390135253
14,0.21875,18.232138236639248
14,0.22395833333333331,3.7608249418038553
14,0.22916666666666666,4.114125231346113
14,0.234375,10.673376474155148
14,0.23958333333333331,5.0024255033319625
14,0.24479166666666666,4.9839675490077635
14,0.25,11.719442429753071
14,0.2552083333333333,8.513581564094752
14,0.26041666666666663,10.540679292231276
14,0.265625,8.307617628939376
14,0.2708333333333333,6.614560141181652
14,0.27604166666666663,1.7359043123865443
14,0.28125,29.21262108039452
14,0.2864583333333333,9.91765274459346
14,0.29166666666666663,29.974007477925124
14,0.296875,9.926359765332553
14,0.3020833333333333,3.052863933654981
14,0.30729166666666663,10.023925292201536
14,0.3125,7.366703128466298
14,0.3177083333333333,18.632813633821772
14,0.32291666666666663,18.575936198923905
14,0.328125,13.897342990403743
14,0.3333333333333333,10.123146397307107
14,0.33854166666666663,16.88885111283687
14,0.34375,4.95485737875197
14,0.3489583333333333,3.6869414472271744
14,0.35416666666666663,22.711175238280045
14,0.359375,9.800093392225453
14,0.3645833333333333,2.9609637198167325
14,0.36979166666666663,5.026109585840767
14,0.375,11.009933074061545
14,0.3802083333333333,8.966507650199302
14,0.38541666666666663,13.865919569903003
14,0.390625,18.86157147173728
14,0.3958333333333333,8.285731165577573
14,0.40104166666666663,24.512728595550016
14,0.40625,18.049862692637706
14,0.4114583333333333,25.13248698478364
14,0.41666666666666663,22.27398501094494
14,0.421875,19.108970601918898
14,0.4270833333333333,12.413567153572416
14,0.43229166666666663,5.767654364672117
14,0.4375,8.021309538009675
14,0.4427083333333333,15.557182634375124
14,0.44791666666666663,12.567043208512834
14,0.453125,5.682171247448205
14,0.4583333333333333,27.133280053456776
14,0.46354166666666663,13.22348454999819
14,0.46875,6.076590610562995
14,0.4739583333333333,17.210127865023427
14,0.47916666666666663,27.27763279295131
14,0.484375,14.022168089835924
14,0.4895833333333333,9.457656205226781
14,0.49479166666666663,2.1653938765269856
15,0.0,1.0436096431476471e-14
15,0.006666666666666667,14.55623770706077
15,0.013333333333333334,20.614929361192267
15,0.02,3.504867484049031
15,0.02666666666666667,4.509385701000257
15,0.03333333333333333,4.101324863607128
15,0.04,8.828718688724626
15,0.04666666666666667,0.4077339943421221
15,0.05333333333333334,6.319439205433331
15,0.060000000000000005,0.49025606366923663
15,0.06666666666666667,11.418372903661359
15,0.07333333333333333,6.133988722700944
15,0.08,7.308816596140806
15,0.08666666666666667,3.908380057700149
15,0.09333333333333334,6.132934857419293
15,0.1,3.1309193208892845
15,0.10666666666666667,5.492466238257277
15,0.11333333333333334,1.219005439668046
15,0.12000000000000001,13.518361690270172
15,0.12666666666666668,7.384462624168571
15,0.13333333333333333,15.300689842048504
15,0.14,26.91244932882389
15,0.14666666666666667,27.223662345720232
15,0.15333333333333335,11.95761197237057
15,0.16,16.770630823178255
15,0.16666666666666669,3.427314531979846
15,0.17333333333333334,0.7574777454752436
15,0.18000000000000002,2.3611312853195088
15,0.18666666666666668,9.130590515310134
15,0.19333333333333336,9.664411964355187
15,0.2,5.426519070488104
15,0.2066666666666667,17.055682369340445
15,0.21333333333333335,22.56168663296737
15,0.22,4.684886683390373
15,0.22666666666666668,5.969972805295338
15,0.23333333333333334,8.476234388056131
15,0.24000000000000002,1.862891602075794
15,0.24666666666666667,14.929523802198718
15,0.25333333333333335,14.938748681749956
15,0.26,14.692120266996135
15,0.26666666666666666,19.040024781418317
15,0.2733333333333334,6.610445448479775
15,0.28,2.3810830371920733
15,0.2866666666666667,18.77455372761256
15,0.29333333333333333,23.036289794365036
15,0.30000000000000004,2.573244243131487
15,0.3066666666666667,8.115408731461317
15,0.31333333333333335,11.320665005095531
15,0.32,2.9960491374228573
15,0.32666666666666666,22.31455488655111
15,0.33333333333333337,6.976077634652155
15,0.34,2.3748370413942674
15,0.3466666666666667,8.307389159102945
15,0.35333333333333333,5.123253169754663
15,0.36000000000000004,14.137322717364329
15,0.3666666666666667,6.4992094697638745
15,0.37333333333333335,19.85504225702712
15,0.38,15.909889295183758
15,0.3866666666666667,14.658660806520796
15,0.39333333333333337,10.021940901761685
15,0.4,3.3967141008937474
15,0.4066666666666667,27.771230383254327
15,0.4133333333333334,8.527917389646102
15,0.42000000000000004,12.103391608245742
15,0.4266666666666667,15.112303512214357
15,0.43333333333333335,15.934002723251403
15,0.44,6.567291270899744
15,0.4466666666666667,12.571478739822663
15,0.45333333333333337,14.463244791036132
15,0.46,10.198307488251318
15,0.4666666666666667,11.369296053995912
15,0.4733333333333334,6.071248498222598
15,0.48000000000000004,13.823403888906165
15,0.4866666666666667,9.143541865312692
15,0.49333333333333335,12.326304936292996
16,0.0,1.3322676295501878e-14
16,0.00641025641025641,10.476215221134648
16,0.01282051282051282,9.067242087442922
16,0.019230769230769232,1.4964583434698338
16,0.02564102564102564,12.505311506606361
16,0.03205128205128205,5.86140218066988
16,0.038461538461538464,4.04003721080367
16,0.04487179487179487,13.36266563554587
16,0.05128205128205128,6.7400230288537175
16,0.05769230769230769,4.836838314268536
16,0.0641025641025641,11.6626560466249
16,0.07051282051282051,11.818862808082628
16,0.07692307692307693,8.983675449449908
16,0.08333333333333333,8.308275706855888
16,0.08974358974358974,9.893052427386813
16,0.09615384615384615,11.44776245824608
16,0.10256410256410256,7.761278113400169
16,0.10897435897435898,15.08539988418739
16,0.11538461538461538,15.08292246791571
16,0.12179487179487179,9.87947667143275
16,0.1282051282051282,4.756260454064378
16,0.1346153846153846,6.395822857509958
16,0.14102564102564102,10.96484219078472
16,0.14743589743589744,3.179573814572198
16,0.15384615384615385,13.171269294990884
16,0.16025641025641024,13.021242785734938
16,0.16666666666666666,10.982504639387653
16,0.17307692307692307,15.961354825190831
16,0.1794871794871795,27.937421541210465
16,0.1858974358974359,8.038721448165438
16,0.1923076923076923,10.569713313424895
16,0.1987179487179487,11.842868126249968
16,0.20512820512820512,12.492669957494302
16,0.21153846153846154,14.193849831863693
16,0.21794871794871795,7.351672456317145
16,0.22435897435897434,0.6466083936724275
16,0.23076923076923075,2.899534797365943
16,0.23717948717948717,17.281882073394264
16,0.24358974358974358,8.327652214711447
16,0.25,22.540144505488684
16,0.2564102564102564,21.273706451006085
16,0.26282051282051283,7.633377173667211
16,0.2692307692307692,9.607612495150802
16,0.2756410256410256,6.875433148208329
16,0.28205128205128205,12.118018039327046
16,0.28846153846153844,15.807854015674275
16,0.2948717948717949,8.126244472339438
16,0.30128205128205127,20.62579044917059
16,0.3076923076923077,11.379836972335045
16,0.3141025641025641,11.974828293110376
16,0.3205128205128205,3.062520170272831
16,0.3269230769230769,14.245962738782985
16,0.3333333333333333,11.152857373736156
16,0.33974358974358976,26.849534169670395
16,0.34615384615384615,3.631140016558272
16,0.35256410256410253,15.426408275593532
16,0.358974358974359,17.6375719658055
16,0.36538461538461536,14.202258265356678
16,0.3717948717948718,7.795089664225083
16,0.3782051282051282,6.54383418566042
16,0.3846153846153846,13.019819653363665
16,0.391025641025641,3.1554997008181576
16,0.3974358974358974,14.647877643408247
16,0.40384615384615385,13.267937911810197
16,0.41025641025641024,10.261613056914202
16,0.41666666666666663,11.866173982594589
16,0.4230769230769231,15.096422182880524
16,0.42948717948717946,14.229678424024698
16,0.4358974358974359,13.532586231837577
16,0.4423076923076923,8.909944042778372
16,0.4487179487179487,0.15545773483379174
16,0.4551282051282051,16.41421717953589
16,0.4615384615384615,20.770304759554122
16,0.46794871794871795,3.2178707767230503
16,0.47435897435897434,16.32342658237291
16,0.4807692307692307,20.056927424426114
16,0.48717948717948717,16.71234836745886
16,0.49358974358974356,6.409552037902566
17,0.0,2.708944180085382e-14
17,0.005847953216374269,14.304678752743694
17,0.011695906432748537,5.410838125380504
17,0.017543859649122806,10.484164691417645
17,0.023391812865497075,11.5628127387107
17,0.029239766081871343,9.239494438725293
17,0.03508771929824561,18.854353759532746
17,0.04093567251461988,17.266990637196468
17,0.04678362573099415,12.939794473288458
17,0.05263157894736842,16.8688755008016
17,0.05847953216374269,18.927097632077597
17,0.06432748538011696,7.620964048121685
17,0.07017543859649122,18.63359246729935
17,0.07602339181286549,1.0284796031962011
17,0.08187134502923976,4.0772230750632925
17,0.08771929824561403,8.112766036226446
17,0.0935672514619883,6.977304243074955
17,0.09941520467836257,18.10210127465061
17,0.10526315789473684,11.216837544918048
17,0.1111111111111111,6.814045420511491
17,0.11695906432748537,6.683998857148456
17,0.12280701754385964,5.547139197030437
17,0.1286549707602339,17.015946588664992
17,0.13450292397660818,15.73055718504202
17,0.14035087719298245,19.644094142665452
17,0.14619883040935672,9.797844222404908
17,0.15204678362573099,29.91957431230199
17,0.15789473684210525,17.02384525336952
17,0.16374269005847952,15.628185366803502
17,0.1695906432748538,11.982802968976186
17,0.17543859649122806,12.598738749569145
17,0.18128654970760233,5.088600920676966
17,0.1871345029239766,24.396627138793907
17,0.19298245614035087,14.442089750384659
17,0.19883040935672514,8.772943342779138
17,0.2046783625730994,16.96183461047868
17,0.21052631578947367,4.073072496019385
17,0.21637426900584794,8.72173292568097
17,0.2222222222222222,10.597845195366107
17,0.22807017543859648,16.590944493817403
17,0.23391812865497075,6.374045368849238
17,0.23976608187134502,4.079478120608744
17,0.24561403508771928,9.587172980752523
17,0.25146198830409355,8.33078908396622
17,0.2573099415204678,16.342039667556108
17,0.2631578947368421,6.2478141357869825
17,0.26900584795321636,10.198216679338845
17,0.27485380116959063,19.81450889140021
17,0.2807017543859649,14.01313640217731
17,0.28654970760233917,18.28191402656344
17,0.29239766081871343,12.702310476503234
17,0.2982456140350877,8.731693459828096
17,0.30409356725146197,13.723831113258477
17,0.30994152046783624,6.810189688230866
17,0.3157894736842105,10.079277842583807
17,0.3216374269005848,20.473075939255846
17,0.32748538011695905,26.7231131521635
17,0.3333333333333333,7.4336120930967144
17,0.3391812865497076,16.51549086087256
17,0.34502923976608185,10.769106818188181
17,0.3508771929824561,5.158859669973614
17,0.3567251461988304,13.321191858320974
17,0.36257309941520466,2.6613365619300766
17,0.3684210526315789,8.999665716142262
17,0.3742690058479532,13.970998017798973
17,0.38011695906432746,10.022422988543134
17,0.38596491228070173,4.052584949409225
17,0.391812865497076,13.931139819966804
17,0.39766081871345027,0.9715255857262797
17,0.40350877192982454,16.451884971651886
17,0.4093567251461988,23.667811377767737
17,0.4152046783625731,8.017301993950253
17,0.42105263157894735,5.256544880611072
17,0.4269005847953216,2.826172315351803
17,0.4327485380116959,9.34722539076286
17,0.43859649122807015,19.052308601059394
17,0.4444444444444444,17.180882660036374
17,0.4502923976608187,10.361164203819284
17,0.45614035087719296,7.005609288007648
17,0.4619883040935672,15.778648312656946
17,0.4678362573099415,8.51939212544407
17,0.47368421052631576,12.110781544429098
17,0.47953216374269003,6.61093270200189
17,0.4853801169590643,10.860399920984483
17,0.49122807017543857,9.518011116213067
17,0.49707602339181284,0.6574418834047843
18,0.0,3.552713678800501e-15
18,0.004761904761904762,28.321732494830535
18,0.009523809523809525,33.264654484699676
18,0.014285714285714287,49.327743005756915
18,0.01904761904761905,23.38494280695164
18,0.02380952380952381,25.68465303411368
18,0.028571428571428574,17.425401955077657
18,0.03333333333333334,8.936613874217535
18,0.0380952380952381,22.593450444334085
18,0.04285714285714286,10.283788959563458
18,0.04761904761904762,22.01608666971169
18,0.05238095238095239,18.706805452192246
18,0.05714285714285715,12.867207849249173
18,0.06190476190476191,16.897827502088646
18,0.06666666666666668,6.590671791806143
18,0.07142857142857144,12.520928757377208
18,0.0761904761904762,1.6557227838924287
18,0.08095238095238096,15.261469169800222
18,0.08571428571428572,4.145954493783832
18,0.09047619047619049,3.834306455018637
18,0.09523809523809525,7.156419650011113
18,0.1,9.095822750075328
18,0.10476190476190478,11.66138597638512
18,0.10952380952380954,9.32582387052531
18,0.1142857142857143,7.264744098144414
18,0.11904761904761905,8.959807426187284
18,0.12380952380952381,26.619462397741948
18,0.1285714285714286,6.313980581309943
18,0.13333333333333336,3.5480878878320703
18,0.1380952380952381,17.423997566311346
18,0.14285714285714288,4.9611396164085075
18,0.14761904761904762,0.6927606400644685
18,0.1523809523809524,13.774302700585999
18,0.15714285714285717,13.366585449729019
18,0.1619047619047619,10.73751437806296
18,0.16666666666666669,2.3229411186327034
18,0.17142857142857143,6.295390794803554
18,0.1761904761904762,10.209996901392604
18,0.18095238095238098,6.567838763663363
18,0.18571428571428572,15.521739116434295
18,0.1904761904761905,9.34818251162925
18,0.19523809523809527,14.856881353842423
18,0.2,2.8748493414437037
18,0.20476190476190478,14.76537824019307
18,0.20952380952380956,6.103454019803493
18,0.2142857142857143,15.8768251510837
18,0.21904761904761907,8.226671442163726
18,0.22380952380952382,5.283363909472936
18,0.2285714285714286,9.112813451628549
18,0.23333333333333336,6.460069655905606
18,0.2380952380952381,16.33720893044883
18,0.24285714285714288,9.579215379062315
18,0.24761904761904763,11.836556108629493
18,0.25238095238095243,7.193578223425243
18,0.2571428571428572,2.003536660912616
18,0.2619047619047619,18.706318836264767
18,0.2666666666666667,17.0838955888482
18,0.27142857142857146,6.47712635848105
18,0.2761904761904762,11.545350100876128
18,0.28095238095238095,19.815651187835165
18,0.28571428571428575,13.733011763612643
18,0.2904761904761905,17.849286957539718
18,0.29523809523809524,28.715175044153977
18,0.30000000000000004,3.966572582288209
18,0.3047619047619048,24.47158692775939
18,0.30952380952380953,8.595000162948505
18,0.31428571428571433,13.68308191693938
18,0.3190476190476191,20.20379888637679
18,0.3238095238095238,3.142366431501504
18,0.3285714285714286,13.304159347677421
18,0.33333333333333337,13.779602967568103
18,0.3380952380952381,10.526652555511637
18,0.34285714285714286,16.928095896580086
18,0.34761904761904766,7.475249803557644
18,0.3523809523809524,3.1106390290718777
18,0.35714285714285715,10.037524290042754
18,0.36190476190476195,7.161831873490934
18,0.3666666666666667,7.401396107665007
18,0.37142857142857144,8.927310783984064
18,0.37619047619047624,19.817156095881757
18,0.380952380952381,16.795222700084523
18,0.38571428571428573,11.0430192427843
18,0.39047619047619053,6.326595985005804
18,0.3952380952380953,16.12850254861491
18,0.4,10.996414144081852
18,0.4047619047619048,7.846860248483572
18,0.40952380952380957,3.0590149462814296
18,0.4142857142857143,11.562209106175604
18,0.4190476190476191,14.709527108005078
18,0.42380952380952386,7.5181323723065665
18,0.4285714285714286,27.581221557881815
18,0.43333333333333335,11.415973785331827
18,0.43809523809523815,20.612452174929544
18,0.4428571428571429,6.815297567097858
18,0.44761904761904764,19.499170931863357
18,0.45238095238095244,5.136776310366211
18,0.4571428571428572,9.818465192296628
18,0.46190476190476193,8.302069774165663
18,0.46666666666666673,19.069963908789063
18,0.4714285714285715,8.855333354379603
18,0.4761904761904762,12.043812759190342
18,0.480952380952381,8.288599695979244
18,0.48571428571428577,5.316096504454912
18,0.4904761904761905,12.098706764617518
18,0.49523809523809526,13.564255344089606
19,0.0,7.993605777301127e-15
19,0.005376344086021506,9.568671175156652
19,0.010752688172043012,22.432407489260726
19,0.016129032258064516,34.11699775861159
19,0.021505376344086023,17.992374881103807
19,0.02688172043010753,32.483640781079096
19,0.03225806451612903,24.715033504671798
19,0.03763440860215054,13.138289371554235
19,0.043010752688172046,23.303848831284366
19,0.048387096774193554,23.735083146185367
19,0.05376344086021506,7.868678027698518
19,0.05913978494623656,32.85784031038198
19,0.06451612903225806,10.976400425324112
19,0.06989247311827958,16.987890625449236
19,0.07526881720430108,26.841908252676856
19,0.08064516129032259,14.67333133282436
19,0.08602150537634409,15.924691018932782
19,0.0913978494623656,23.426652399480393
19,0.09677419354838711,3.493766989125919
19,0.10215053763440861,3.9675538762283518
19,0.10752688172043012,9.962953911058921
19,0.11290322580645162,7.77033106733413
19,0.11827956989247312,2.154348075918053
19,0.12365591397849464,8.258170517214095
19,0.12903225806451613,12.085287676133802
19,0.13440860215053765,5.493896637857425
19,0.13978494623655915,7.778109009415368
19,0.14516129032258066,14.090609979541716
19,0.15053763440860216,12.869033534772472
19,0.15591397849462366,8.692297983518849
19,0.16129032258064518,19.451088122777264
19,0.16666666666666669,17.215036030862162
19,0.17204301075268819,17.82291027285921
19,0.1774193548387097,11.661404641633766
19,0.1827956989247312,6.439345844942623
19,0.18817204301075272,15.714984955612785
19,0.19354838709677422,1.692076976217831
19,0.19892473118279572,15.988469907593945
19,0.20430107526881722,14.269944994932846
19,0.20967741935483872,13.757548218738673
19,0.21505376344086025,11.802917724249117
19,0.22043010752688175,18.78698782129968
19,0.22580645161290325,13.500592770908465
19,0.23118279569892475,14.517414172344662
19,0.23655913978494625,7.805248658767624
19,0.24193548387096775,12.292019639599326
19,0.24731182795698928,11.835539839964943
19,0.25268817204301075,6.0109915212397595
19,0.25806451612903225,6.251354151100351
19,0.2634408602150538,4.411372333112538
19,0.2688172043010753,6.458273911645034
19,0.2741935483870968,5.712881864854797
19,0.2795698924731183,8.918937463945339
19,0.2849462365591398,6.396927396856987
19,0.2903225806451613,1.0940408003651847
19,0.2956989247311828,5.3930965621047475
19,0.3010752688172043,7.9335803162085785
19,0.3064516129032258,11.14565488449454
19,0.3118279569892473,3.9148030095525272
19,0.31720430107526887,14.874722888488176
19,0.32258064516129037,11.858393520123249
19,0.32795698924731187,2.750604058878892
19,0.33333333333333337,15.23854749785737
19,0.33870967741935487,4.442989635082921
19,0.34408602150537637,3.3609575490495973
19,0.34946236559139787,13.300236999820976
19,0.3548387096774194,4.267183431963016
19,0.3602150537634409,0.29276355032148643
19,0.3655913978494624,6.708116487835661
19,0.3709677419354839,7.786407393100013
19,0.37634408602150543,8.690462243130716
19,0.38172043010752693,10.701595892641267
19,0.38709677419354843,4.9344944705495895
19,0.39247311827956993,19.652996465276946
19,0.39784946236559143,8.351674744748898
19,0.40322580645161293,12.42299785360094
19,0.40860215053763443,14.079329738459677
19,0.41397849462365593,5.544777918514959
19,0.41935483870967744,8.776242635880392
19,0.42473118279569894,2.286095762616325
19,0.4301075268817205,13.328176996007906
19,0.435483870967742,6.5614961168077395
19,0.4408602150537635,7.241471933871223
19,0.446236559139785,12.482493051252524
19,0.4516129032258065,14.049192581055102
19,0.456989247311828,10.769949612508896
19,0.4623655913978495,9.39638485917955
19,0.467741935483871,12.41253220015003
19,0.4731182795698925,24.58058695862197
19,0.478494623655914,11.152284375616821
19,0.4838709677419355,3.3787177813612645
19,0.48924731182795705,13.351268800636106
19,0.49462365591397855,12.231500813008791
20,0.0,2.220446049250313e-14
20,0.004761904761904762,13.178450758058032
20,0.009523809523809525,15.29639740354864
20,0.014285714285714287,8.514736460579046
20,0.01904761904761905,14.956908033210581
20,0.02380952380952381,28.959077598975103
20,0.028571428571428574,10.695399636427032
20,0.03333333333333334,23.270199957167108
20,0.0380952380952381,18.53642997301782
20,0.04285714285714286,7.26047582196417
20,0.04761904761904762,13.618712242806847
20,0.05238095238095239,13.215820635346965
20,0.05714285714285715,11.677375184254414
20,0.06190476190476191,5.238091517201005
20,0.06666666666666668,8.05886545252402
20,0.07142857142857144,10.053737836942826
20,0.0761904761904762,19.443368968356268
20,0.08095238095238096,7.092020035251957
20,0.08571428571428572,10.313486494063145
20,0.09047619047619049,8.611521704266634
20,0.09523809523809525,2.234962619709892
20,0.1,6.750285171040201
20,0.10476190476190478,14.628266910619107
20,0.10952380952380954,3.392107963254626
20,0.1142857142857143,17.182101444342496
20,0.11904761904761905,19.083901000845202
20,0.12380952380952381,3.5793630582014413
20,0.1285714285714286,14.934409193350014
20,0.13333333333333336,28.275667587907446
20,0.1380952380952381,15.498369278565304
20,0.14285714285714288,6.020097500872803
20,0.14761904761904762,11.252490411630708
20,0.1523809523809524,8.347360273633269
20,0.15714285714285717,13.4163471508416
20,0.1619047619047619,7.074144224727739
20,0.16666666666666669,11.726705984240086
20,0.17142857142857143,13.636782048664701
20,0.1761904761904762,14.898466186106013
20,0.18095238095238098,7.034924872281936
20,0.18571428571428572,18.042429366856062
20,0.1904761904761905,10.851648927261225
20,0.19523809523809527,28.187711319732294
20,0.2,2.6589731078462497
20,0.20476190476190478,10.684924701679847
20,0.20952380952380956,17.99913637402442
20,0.2142857142857143,5.65163333201633
20,0.21904761904761907,1.5800209116666815
20,0.22380952380952382,10.780306893760095
20,0.2285714285714286,13.480852369805215
20,0.23333333333333336,8.99891001218932
20,0.2380952380952381,6.051922509714054
20,0.24285714285714288,15.479352115263943
20,0.24761904761904763,19.855607141510816
20,0.25238095238095243,14.051682557030396
20,0.2571428571428572,18.264202329570683
20,0.2619047619047619,15.018409167494264
20,0.2666666666666667,4.51859729719405
20,0.27142857142857146,11.583791296706638
20,0.2761904761904762,10.978169812265747
20,0.28095238095238095,12.128987979392722
20,0.28571428571428575,14.101021336731213
20,0.2904761904761905,12.281671705792446
20,0.29523809523809524,3.378058477481623
20,0.30000000000000004,22.410491572373076
20,0.3047619047619048,13.420159018457449
20,0.30952380952380953,22.67417855978036
20,0.31428571428571433,7.457094009677006
20,0.3190476190476191,18.36003191789261
20,0.3238095238095238,12.750595513172971
20,0.3285714285714286,24.93822874721117
20,0.33333333333333337,18.47880172687761
20,0.3380952380952381,26.056640515621293
20,0.34285714285714286,8.29986652537065
20,0.34761904761904766,11.50688693419424
20,0.3523809523809524,13.030339283344677
20,0.35714285714285715,12.480284620568336
20,0.36190476190476195,12.103524526106224
20,0.3666666666666667,9.0325931908555
20,0.37142857142857144,19.59450535936448
20,0.37619047619047624,11.776880552721197
20,0.380952380952381,7.291170862730035
20,0.38571428571428573,22.270890402810586
20,0.39047619047619053,5.617608703050023
20,0.3952380952380953,10.076520957628453
20,0.4,7.251399731798967
20,0.4047619047619048,6.335476232263589
20,0.40952380952380957,14.38404563287865
20,0.4142857142857143,3.372314867424314
20,0.4190476190476191,4.559624671135381
20,0.42380952380952386,26.039139987937254
20,0.4285714285714286,7.7352290967663455
20,0.43333333333333335,19.16158132833918
20,0.43809523809523815,29.82079727681612
20,0.4428571428571429,10.944835544742872
20,0.44761904761904764,11.94598358101757
20,0.45238095238095244,9.629271640559372
20,0.4571428571428572,18.378691387811077
20,0.46190476190476193,15.504961429625828
20,0.46666666666666673,19.196710790176883
20,0.4714285714285715,3.9807393608861457
20,0.4761904761904762,18.88070696772807
20,0.480952380952381,14.00353686846942
20,0.48571428571428577,18.62636408735219
20,0.4904761904761905,17.1708582202871
20,0.49523809523809526,16.69794906273314
21,0.0,1.3322676295501878e-15
21,0.005208333333333333,21.906992221863735
21,0.010416666666666666,20.31361786899993
21,0.015625,9.868510356059126
21,0.020833333333333332,6.512366926621804
21,0.026041666666666664,22.533000152675015
21,0.03125,5.904387129002808
21,0.03645833333333333,16.023821530648082
21,0.041666666666666664,7.569375488973165
21,0.046875,9.489223842417035
21,0.05208333333333333,25.793092707808427
21,0.057291666666666664,14.07852022698008
21,0.0625,7.341345611347345
21,0.06770833333333333,25.61804266559487
21,0.07291666666666666,7.929125996907211
21,0.078125,8.897318345289424
21,0.08333333333333333,12.443976558449187
21,0.08854166666666666,18.390138270964435
21,0.09375,20.357418632010702
21,0.09895833333333333,11.166079034331485
21,0.10416666666666666,3.3647544518431665
21,0.109375,6.367492318457909
21,0.11458333333333333,12.75075783193729
21,0.11979166666666666,5.818717590614593
21,0.125,3.1386528696458855
21,0.13020833333333331,9.986378342631959
21,0.13541666666666666,6.135637024760147
21,0.140625,11.872467777815988
21,0.14583333333333331,1.948789767134376
21,0.15104166666666666,3.7091858388689007
21,0.15625,3.5247542450788267
21,0.16145833333333331,4.976788110447366
21,0.16666666666666666,2.9722296367187426
21,0.171875,3.3746608188013476
21,0.17708333333333331,10.86299987526162
21,0.18229166666666666,3.8721564050121096
21,0.1875,3.054678885313347
21,0.19270833333333331,23.523526160712063
21,0.19791666666666666,21.14019793933003
21,0.203125,6.8444824766311765
21,0.20833333333333331,16.601532008090548
21,0.21354166666666666,21.134820716992905
21,0.21875,9.446555410377693
21,0.22395833333333331,20.190501293741477
21,0.22916666666666666,18.344440035162254
21,0.234375,12.489847640593528
21,0.23958333333333331,4.793798640637448
21,0.24479166666666666,13.733139009514744
21,0.25,8.621945608191965
21,0.2552083333333333,9.672595737750528
21,0.26041666666666663,15.51385159580714
21,0.265625,11.142513085618493
21,0.2708333333333333,8.775423023381009
21,0.27604166666666663,19.63296523169184
21,0.28125,19.128789854890517
21,0.2864583333333333,14.580906037889733
21,0.29166666666666663,11.059378288304476
21,0.296875,8.29961505245519
21,0.3020833333333333,15.633798987509612
21,0.30729166666666663,7.454798410129099
21,0.3125,14.636139001581709
21,0.3177083333333333,13.725883280489988
21,0.32291666666666663,10.275247419098525
21,0.328125,11.162105941330942
21,0.3333333333333333,19.3998061397352
21,0.33854166666666663,0.6658982634595082
21,0.34375,12.541246675323904
21,0.3489583333333333,19.167160096333372
21,0.35416666666666663,15.671970131570136
21,0.359375,16.626082453374487
21,0.3645833333333333,14.214999958802562
21,0.36979166666666663,11.673302203551033
21,0.375,26.239061616637727
21,0.3802083333333333,20.172494061102345
21,0.38541666666666663,17.20957860800581
21,0.390625,18.892991039413513
21,0.3958333333333333,11.91985529044136
21,0.40104166666666663,16.243230797268115
21,0.40625,5.308695576983419
21,0.4114583333333333,2.03599832846322
21,0.41666666666666663,9.584686649366436
21,0.421875,14.658418018630055
21,0.4270833333333333,20.298419613001915
21,0.43229166666666663,12.147644323229088
21,0.4375,9.173195133593827
21,0.4427083333333333,6.098020586046364
21,0.44791666666666663,6.106095345846302
21,0.453125,24.17320281496777
21,0.4583333333333333,15.650769528515973
21,0.46354166666666663,8.913403687246586
21,0.46875,11.253204390452737
21,0.4739583333333333,12.956347473463577
21,0.47916666666666663,27.743712423525857
21,0.484375,6.445046675044703
21,0.4895833333333333,15.269612890117596
21,0.49479166666666663,6.773379394978988
22,0.0,1.5987211554602254e-14
22,0.00546448087431694,42.103530208653346
22,0.01092896174863388,8.779259446399848
22,0.01639344262295082,7.307842099300397
22,0.02185792349726776,11.507252459861217
22,0.0273224043715847,13.834904885726237
22,0.03278688524590164,3.0973612676771625
22,0.03825136612021858,19.136687416767664
22,0.04371584699453552,10.024085773835779
22,0.04918032786885246,7.430497961980777
22,0.0546448087431694,14.90220210604814
22,0.060109289617486336,13.602570760751664
22,0.06557377049180328,21.72372365740217
22,0.07103825136612021,6.673700547036271
22,0.07650273224043716,8.496225717327796
22,0.08196721311475409,15.95134293364192
22,0.08743169398907104,8.393338428205421
22,0.09289617486338798,9.626717475896447
22,0.09836065573770492,25.098872298810413
22,0.10382513661202186,11.953025250321264
22,0.1092896174863388,6.618963324656329
22,0.11475409836065574,8.643232875866193
22,0.12021857923497267,13.703445461666858
22,0.12568306010928962,11.387165262588848
22,0.13114754098360656,16.136650956385765
22,0.1366120218579235,2.983570749194633
22,0.14207650273224043,16.995892473936593
22,0.14754098360655737,6.2446680611374035
22,0.15300546448087432,5.211825647257686
22,0.15846994535519127,4.252561657961731
22,0.16393442622950818,12.520604769218878
22,0.16939890710382513,22.8321265746199
22,0.17486338797814208,11.267642622388825
22,0.18032786885245902,2.693521634052776
22,0.18579234972677597,15.778001986623014
22,0.1912568306010929,9.600127588974841
22,0.19672131147540983,10.586934930764484
22,0.20218579234972678,17.98190354271679
22,0.20765027322404372,25.742901850167915
22,0.21311475409836064,7.325803216949096
22,0.2185792349726776,20.959176643995622
22,0.22404371584699453,24.125112657166355
22,0.22950819672131148,12.192148822325235
22,0.23497267759562843,4.724065255254234
22,0.24043715846994534,4.505684943918515
22,0.2459016393442623,8.385050053060072
22,0.25136612021857924,4.09097256884812
22,0.2568306010928962,8.169869071122143
22,0.26229508196721313,11.795804268342165
22,0.2677595628415301,2.4761634062907656
22,0.273224043715847,10.503172077590255
22,0.2786885245901639,8.865840367104406
22,0.28415300546448086,15.302046525849264
22,0.2896174863387978,3.888157280025202
22,0.29508196721311475,11.286851327919171
22,0.3005464480874317,14.10159482749754
22,0.30601092896174864,9.602107696326529
22,0.3114754098360656,7.460151358793369
22,0.31693989071038253,3.0140434126675206
22,0.3224043715846995,11.775388863686741
22,0.32786885245901637,9.225885743529329
22,0.3333333333333333,6.714391669056038
22,0.33879781420765026,7.613300338029501
22,0.3442622950819672,1.5876580637512474
22,0.34972677595628415,7.204561825506136
22,0.3551912568306011,15.996044287072209
22,0.36065573770491804,1.564357362895667
22,0.366120218579235,12.506483022736571
22,0.37158469945355194,12.066105525755457
22,0.3770491803278688,10.994860173039433
22,0.3825136612021858,9.122227557941256
22,0.3879781420765027,28.318516455245994
22,0.39344262295081966,6.847616267024692
22,0.3989071038251366,21.57247677598817
22,0.40437158469945356,13.89243669522503
22,0.4098360655737705,14.187380813015192
22,0.41530054644808745,12.850228236318348
22,0.4207650273224044,18.30614854385999
22,0.4262295081967213,10.819746174569199
22,0.43169398907103823,21.838730817720705
22,0.4371584699453552,8.634530458318814
22,0.4426229508196721,14.661746729306474
22,0.44808743169398907,17.5905230028209
22,0.453551912568306,10.50367196897705
22,0.45901639344262296,10.412047145714162
22,0.4644808743169399,13.597525744390666
22,0.46994535519125685,7.542411563720019
22,0.47540983606557374,17.303177306432076
22,0.4808743169398907,3.865249957392808
22,0.48633879781420764,7.0877271064717196
22,0.4918032786885246,17.058572614585092
22,0.4972677595628415,17.883766167876317
23,0.0,5.329070518200751e-15
23,0.005434782608695652,12.807796652739215
23,0.010869565217391304,7.777535777106887
23,0.016304347826086956,21.09417472439349
23,0.021739130434782608,7.898616599374155
23,0.02717391304347826,14.406147926665517
23,0.03260869565217391,12.027107413259742
23,0.03804347826086957,10.950406957014962
23,0.043478260869565216,8.417137565291847
23,0.048913043478260865,6.35016461020734
23,0.05434782608695652,10.336005302775918
23,0.059782608695652176,10.207894710813113
23,0.06521739130434782,18.263572505590705
23,0.07065217391304347,6.861009273429269
23,0.07608695652173914,8.9067669305375
23,0.08152173913043478,14.238526228460175
23,0.08695652173913043,8.750026205467869
23,0.09239130434782608,9.346037089865154
23,0.09782608695652173,15.221274707019408
23,0.10326086956521739,12.034724685242258
23,0.10869565217391304,6.363409468735227
23,0.11413043478260869,16.337120679724915
23,0.11956521739130435,16.736791774430404
23,0.125,37.41719187176372
23,0.13043478260869565,10.113739027243783
23,0.1358695652173913,4.905424573097404
23,0.14130434782608695,13.373243846481962
23,0.1467391304347826,6.88236089420459
23,0.15217391304347827,4.4145041368756255
23,0.15760869565217392,12.840219137147528
23,0.16304347826086957,10.215769872428965
23,0.16847826086956522,17.981086809724836
23,0.17391304347826086,13.290197724089376
23,0.1793478260869565,6.782371079672742
23,0.18478260869565216,0.6102052660807298
23,0.1902173913043478,8.499274885597128
23,0.19565217391304346,19.918617003416095
23,0.20108695652173914,7.827387569750019
23,0.20652173913043478,7.550665304496698
23,0.21195652173913043,8.244721517592946
23,0.21739130434782608,12.66517346487876
23,0.22282608695652173,4.865973108057964
23,0.22826086956521738,16.02813172926305
23,0.23369565217391303,23.939076507135315
23,0.2391304347826087,11.60414284428607
23,0.24456521739130435,8.11854517448399
23,0.25,5.2919174473658845
23,0.2554347826086956,10.850732654949018
23,0.2608695652173913,6.790964273031248
23,0.266304347826087,22.664387438326937
23,0.2717391304347826,10.392549425527147
23,0.27717391304347827,5.701408741936307
23,0.2826086956521739,18.290031502919526
23,0.28804347826086957,19.609274389085446
23,0.2934782608695652,11.385191702558956
23,0.29891304347826086,10.45616822543203
23,0.30434782608695654,16.060096281042004
23,0.30978260869565216,18.942998242718943
23,0.31521739130434784,31.278101109155227
23,0.32065217391304346,11.654135960768338
23,0.32608695652173914,19.68854419510622
23,0.33152173913043476,13.266716324741653
23,0.33695652173913043,7.846344613832589
23,0.34239130434782605,5.047871533072675
23,0.34782608695652173,12.240448458203574
23,0.3532608695652174,5.979288091794114
23,0.358695652173913,19.153607153858058
23,0.3641304347826087,11.351137450167817
23,0.3695652173913043,11.854389361933523
23,0.375,12.566054452044375
23,0.3804347826086956,13.817670413970967
23,0.3858695652173913,10.89176154019976
23,0.3913043478260869,5.615446640010399
23,0.3967391304347826,11.849325501980006
23,0.40217391304347827,1.2762086087056586
23,0.4076086956521739,12.58379021864138
23,0.41304347826086957,16.249549295030285
23,0.4184782608695652,4.171672304016607
23,0.42391304347826086,15.157576413791201
23,0.4293478260869565,7.098118701851898
23,0.43478260869565216,3.544861708314743
23,0.44021739130434784,33.44354028602108
23,0.44565217391304346,11.41303655654689
23,0.45108695652173914,14.329388991295316
23,0.45652173913043476,10.917713440531267
23,0.46195652173913043,6.772013097101433
23,0.46739130434782605,15.565603649040062
23,0.47282608695652173,10.593729298440124
23,0.4782608695652174,21.452310048831162
23,0.483695652173913,16.90023662732319
23,0.4891304347826087,3.4924954622123527
23,0.4945652173913043,5.925861371788578
24,0.0,1.7763568394002505e-14
24,0.005405405405405406,17.131941049978465
24,0.010810810810810811,3.5112116635838233
24,0.016216216216216217,20.71757762969817
24,0.021621621621621623,6.514786444786698
24,0.02702702702702703,8.635996002182338
24,0.032432432432432434,1.922072255022754
24,0.03783783783783784,4.576784225845153
24,0.043243243243243246,6.051370691657786
24,0.04864864864864865,5.539933812105355
24,0.05405405405405406,5.9130695186785935
24,0.05945945945945946,7.448677416348573
24,0.06486486486486487,3.2163896980932734
24,0.07027027027027027,5.158279268920356
24,0.07567567567567568,7.319996806776082
24,0.08108108108108109,5.077019608205772
24,0.08648648648648649,9.35304660921279
24,0.0918918918918919,9.589977471926145
24,0.0972972972972973,18.43205841456511
24,0.10270270270270271,12.161384455374431
24,0.10810810810810811,7.773637621852772
24,0.11351351351351352,17.792828723329773
24,0.11891891891891893,15.062722734503039
24,0.12432432432432433,16.95028254357029
24,0.12972972972972974,2.4311480211593905
24,0.13513513513513514,16.053717048187618
24,0.14054054054054055,16.375140419602683
24,0.14594594594594595,33.86576012081289
24,0.15135135135135136,8.01085830377201
24,0.15675675675675677,7.548989935234343
24,0.16216216216216217,0.5857080284360717
24,0.16756756756756758,20.623509516187404
24,0.17297297297297298,5.413806340314036
24,0.1783783783783784,11.24902731364504
24,0.1837837837837838,7.659742904960497
24,0.1891891891891892,13.378891924187261
24,0.1945945945945946,9.525296766157616
24,0.2,8.068049657755916
24,0.20540540540540542,7.011726472136798
24,0.21081081081081082,11.677098378393532
24,0.21621621621621623,6.209384852357391
24,0.22162162162162163,6.295228973812491
24,0.22702702702702704,4.4322286458725175
24,0.23243243243243245,0.7877461377266124
24,0.23783783783783785,29.656686777798484
24,0.24324324324324326,10.374379755629214
24,0.24864864864864866,11.739548972302337
24,0.25405405405405407,13.501662745497232
24,0.2594594594594595,17.615280143106983
24,0.2648648648648649,18.23400394536834
24,0.2702702702702703,13.74404351107133
24,0.2756756756756757,12.408218207795462
24,0.2810810810810811,9.515248511553446
24,0.2864864864864865,4.998538125790694
24,0.2918918918918919,8.389450105734534
24,0.2972972972972973,14.102358682508516
24,0.3027027027027027,19.715595083598107
24,0.3081081081081081,17.567830801029466
24,0.31351351351351353,5.396106497955919
24,0.31891891891891894,5.860640376124995
24,0.32432432432432434,29.358946056019914
24,0.32972972972972975,12.42242921315574
24,0.33513513513513515,12.19892657721506
24,0.34054054054054056,9.68399846462053
24,0.34594594594594597,42.081656178013006
24,0.35135135135135137,8.867794444728528
24,0.3567567567567568,13.01557200059516
24,0.3621621621621622,12.136190166219958
24,0.3675675675675676,8.165561788982686
24,0.372972972972973,5.947217104461596
24,0.3783783783783784,4.002492079456718
24,0.3837837837837838,1.0499950321467149
24,0.3891891891891892,12.64824185886505
24,0.3945945945945946,14.740442725776694
24,0.4,9.341485872025842
24,0.40540540540540543,17.218252517601712
24,0.41081081081081083,17.135148942679066
24,0.41621621621621624,12.033193025346536
24,0.42162162162162165,6.470609806659223
24,0.42702702702702705,16.51410895195994
24,0.43243243243243246,6.42916250390497
24,0.43783783783783786,21.60439399446255
24,0.44324324324324327,6.8528926356765645
24,0.4486486486486487,1.83283732419999
24,0.4540540540540541,4.253010976394069
24,0.4594594594594595,15.150551753408962
24,0.4648648648648649,8.513394355797994
24,0.4702702702702703,8.516186082716265
24,0.4756756756756757,17.476445554238197
24,0.4810810810810811,7.638289397977762
24,0.4864864864864865,16.622856154122342
24,0.4918918918918919,28.036756351988828
24,0.4972972972972973,21.696078050654183
25,0.0,1.0658141036401503e-14
25,0.004975124378109453,12.437614029701507
25,0.009950248756218905,6.875240083129005
25,0.014925373134328358,8.657374812474451
25,0.01990049751243781,10.728319224800437
25,0.02487562189054726,2.3875852489591978
25,0.029850746268656716,21.96226629032076
25,0.03482587064676617,14.412439673971416
25,0.03980099502487562,6.840044985748949
25,0.04477611940298507,11.533194557527331
25,0.04975124378109452,13.762001460717514
25,0.05472636815920398,3.0043572709439736
25,0.05970149253731343,11.692824068637282
25,0.06467661691542288,13.335281431538537
25,0.06965174129353234,13.189386479405247
25,0.07462686567164178,16.57870299517521
25,0.07960199004975124,8.917141331639257
25,0.0845771144278607,9.323950348326873
25,0.08955223880597014,17.108548610381916
25,0.0945273631840796,10.203362914425506
25,0.09950248756218905,11.255571505786255
25,0.1044776119402985,8.253720881585396
25,0.10945273631840796,12.399486703027199
25,0.1144278606965174,6.623950300161193
25,0.11940298507462686,13.987641114989685
25,0.12437810945273632,6.757961520542561
25,0.12935323383084577,10.978263223470432
25,0.13432835820895522,18.890421428285965
25,0.13930348258706468,6.075230017693549
25,0.14427860696517414,6.297760927492657
25,0.14925373134328357,15.37734796755932
25,0.15422885572139303,4.020782040368061
25,0.15920398009950248,4.153898560062575
25,0.16417910447761194,11.61523832100942
25,0.1691542288557214,18.92300313800645
25,0.17412935323383083,8.269724416263449
25,0.1791044776119403,8.181827567111162
25,0.18407960199004975,1.4648020311941654
25,0.1890547263681592,19.330266727580327
25,0.19402985074626866,6.858084049438994
25,0.1990049751243781,18.085018760987225
25,0.20398009950248755,8.779513413119222
25,0.208955223880597,6.015971384847593
25,0.21393034825870647,15.99956765079506
25,0.21890547263681592,18.305004935963005
25,0.22388059701492538,11.832509341477108
25,0.2288557213930348,13.834143828926612
25,0.23383084577114427,20.635574479123886
25,0.23880597014925373,14.780740418656613
25,0.24378109452736318,12.161420382327783
25,0.24875621890547264,5.231530560943827
25,0.2537313432835821,11.52797567388675
25,0.25870646766169153,23.518930355391664
25,0.263681592039801,10.537099627469019
25,0.26865671641791045,10.739838180313912
25,0.2736318407960199,19.36132328267612
25,0.27860696517412936,17.032593811476595
25,0.2835820895522388,9.250168214004521
25,0.2885572139303483,17.656558607877983
25,0.2935323383084577,11.39334502023538
25,0.29850746268656714,20.836823126676826
25,0.3034825870646766,7.568435997878629
25,0.30845771144278605,2.610621873171887
25,0.31343283582089554,16.072807735002282
25,0.31840796019900497,17.519800483098393
25,0.3233830845771144,11.286228689062657
25,0.3283582089552239,9.979748544355441
25,0.3333333333333333,1.3439628044658218
25,0.3383084577114428,11.981951607237038
25,0.34328358208955223,11.163551823531119
25,0.34825870646766166,13.913461950195378
25,0.35323383084577115,16.61105217698535
25,0.3582089552238806,5.728770977203297
25,0.36318407960199006,21.933960462596787
25,0.3681592039800995,12.122291048764305
25,0.3731343283582089,24.576566508933833
25,0.3781094527363184,19.079055437224152
25,0.38308457711442784,13.150922329216641
25,0.3880597014925373,3.6636980266285466
25,0.39303482587064675,5.687221360320163
25,0.3980099502487562,24.69204254296067
25,0.40298507462686567,32.16193764830085
25,0.4079601990049751,11.890588482774962
25,0.4129353233830846,11.551855123288753
25,0.417910447761194,11.773995305925684
25,0.4228855721393035,17.80297108465218
25,0.42786069651741293,21.08623485392769
25,0.43283582089552236,16.37602832824213
25,0.43781094527363185,22.10956374014301
25,0.4427860696517413,22.175918894725893
25,0.44776119402985076,15.983256659874428
25,0.4527363184079602,11.340193153269238
25,0.4577114427860696,30.17789555819322
25,0.4626865671641791,21.268503817863287
25,0.46766169154228854,25.313554341941476
25,0.472636815920398,8.335564254823392
25,0.47761194029850745,5.752361785080076
25,0.4825870646766169,4.6567211486118145
25,0.48756218905472637,6.417164094770479
25,0.4925373134328358,5.156644494170007
25,0.4975124378109453,9.31695199262987
26,0.0,1.865174681370263e-14
26,0.005714285714285714,20.50738631983748
26,0.011428571428571429,20.37307909132468
26,0.017142857142857144,13.330743958321213
26,0.022857142857142857,30.96501200848253
26,0.02857142857142857,19.95747288322563
26,0.03428571428571429,8.824596677043244
26,0.04,22.60654366305591
26,0.045714285714285714,3.9974827566677242
26,0.05142857142857143,16.207248726707483
26,0.05714285714285714,19.798766049655057
26,0.06285714285714286,13.521097802825114
26,0.06857142857142857,8.624094301548416
26,0.07428571428571429,11.090728132427653
26,0.08,13.975114037680939
26,0.08571428571428572,6.903024938957139
26,0.09142857142857143,10.996092226475215
26,0.09714285714285714,12.78153417155513
26,0.10285714285714286,6.001247886659591
26,0.10857142857142857,12.541167689629818
26,0.11428571428571428,7.100366314753337
26,0.12,16.18215503720101
26,0.12571428571428572,19.777829997071958
26,0.13142857142857142,9.01964259049187
26,0.13714285714285715,5.490933186659165
26,0.14285714285714285,16.121050871315337
26,0.14857142857142858,14.681216071819746
26,0.15428571428571428,12.651031167796583
26,0.16,2.7060320873410335
26,0.1657142857142857,4.1207951051057945
26,0.17142857142857143,13.88476314914624
26,0.17714285714285713,24.83224492029328
26,0.18285714285714286,26.79942088217016
26,0.18857142857142858,26.371167340259454
26,0.19428571428571428,14.710038735580948
26,0.2,11.25314420204101
26,0.2057142857142857,5.855057623359537
26,0.21142857142857144,14.03530387509607
26,0.21714285714285714,19.783033947224375
26,0.22285714285714286,4.4416595353026445
26,0.22857142857142856,2.717619647446413
26,0.2342857142857143,10.891075718725245
26,0.24,11.303377031438359
26,0.24571428571428572,5.3140967313562
26,0.25142857142857145,3.0569724586951574
26,0.2571428571428571,5.043314550740116
26,0.26285714285714284,14.023612828046742
26,0.26857142857142857,6.923418979550801
26,0.2742857142857143,1.3604620826559122
26,0.28,13.181018185540047
26,0.2857142857142857,3.0359680090227203
26,0.2914285714285714,4.749701824426017
26,0.29714285714285715,11.683176808557697
26,0.3028571428571429,27.635333554186143
26,0.30857142857142855,2.899605107377501
26,0.3142857142857143,9.634398810154584
26,0.32,8.536338075435195
26,0.32571428571428573,17.777357466130947
26,0.3314285714285714,15.192689319158488
26,0.33714285714285713,8.791433123699003
26,0.34285714285714286,9.211659387606668
26,0.3485714285714286,19.868728731405238
26,0.35428571428571426,9.868696213304013
26,0.36,2.7205824229649322
26,0.3657142857142857,5.228609382736282
26,0.37142857142857144,8.788033162113525
26,0.37714285714285717,9.542917485363784
26,0.38285714285714284,15.65000109248381
26,0.38857142857142857,2.2721238008572735
26,0.3942857142857143,21.104623013888673
26,0.4,5.205973469837876
26,0.4057142857142857,9.810748727760684
26,0.4114285714285714,8.106639197813127
26,0.41714285714285715,15.080503433511613
26,0.4228571428571429,12.455917454639462
26,0.42857142857142855,8.211780560236262
26,0.4342857142857143,5.647139500413494
26,0.44,7.518685772749174
26,0.44571428571428573,13.551922377035167
26,0.4514285714285714,14.453065910475472
26,0.45714285714285713,7.735796906182417
26,0.46285714285714286,4.0091421774061615
26,0.4685714285714286,6.877018422319495
26,0.4742857142857143,22.519650667894595
26,0.48,8.042008965455942
26,0.4857142857142857,9.402708335903233
26,0.49142857142857144,3.671888477130121
26,0.49714285714285716,6.2331234765646295
27,0.0,0.0
27,0.006172839506172839,19.62922112647404
27,0.012345679012345678,2.563334279734221
27,0.018518518518518517,14.068557208374012
27,0.024691358024691357,10.073285821866635
27,0.030864197530864196,5.843714514512916
27,0.037037037037037035,14.68048859021311
27,0.043209876543209874,11.773563769477418
27,0.04938271604938271,8.543268569621883
27,0.05555555555555555,8.357178407807115
27,0.06172839506172839,4.281531968835676
27,0.06790123456790123,9.614142227243622
27,0.07407407407407407,11.770803017641354
27,0.08024691358024691,9.16879810059938
27,0.08641975308641975,15.464338119787634
27,0.09259259259259259,5.306446084157833
27,0.09876543209876543,19.6916466274267
27,0.10493827160493827,5.288496192056772
27,0.1111111111111111,14.482568488226125
27,0.11728395061728394,3.6934831103660577
27,0.12345679012345678,4.758764724181485
27,0.12962962962962962,13.230609997909431
27,0.13580246913580246,7.912057547484335
27,0.1419753086419753,7.269392950400293
27,0.14814814814814814,17.04480128184109
27,0.15432098765432098,13.915314900916812
27,0.16049382716049382,8.080864927471884
27,0.16666666666666666,20.137536261398427
27,0.1728395061728395,18.075429556200813
27,0.17901234567901234,6.406607813156299
27,0.18518518518518517,9.133617665939932
27,0.19135802469135801,0.638874391448383
27,0.19753086419753085,11.298847641807958
27,0.2037037037037037,11.5291334354618
27,0.20987654320987653,12.955984927588801
27,0.21604938271604937,8.53171410323566
27,0.2222222222222222,11.541535958463934
27,0.22839506172839505,14.289219961529863
27,0.2345679012345679,17.230824603991987
27,0.24074074074074073,4.95550232013407
27,0.24691358024691357,16.876920134716812
27,0.25308641975308643,3.4194216543750553
27,0.25925925925925924,23.87869306123931
27,0.26543209876543206,15.632882946793938
27,0.2716049382716049,12.789213465651473
27,0.2777777777777778,2.900130246106748
27,0.2839506172839506,12.93001044257355
27,0.2901234567901234,15.932047550960993
27,0.2962962962962963,16.974191583968597
27,0.30246913580246915,14.691269463023891
27,0.30864197530864196,17.792133291340132
27,0.31481481481481477,8.661173156093389
27,0.32098765432098764,4.983493065510638
27,0.3271604938271605,16.265998507525328
27,0.3333333333333333,24.326607194180234
27,0.3395061728395061,1.3920304594648476
27,0.345679012345679,12.475030417152478
27,0.35185185185185186,17.857626821050435
27,0.35802469135802467,5.138330776351889
27,0.3641975308641975,5.5971608725726085
27,0.37037037037037035,12.302933656816313
27,0.3765432098765432,18.03531010735177
27,0.38271604938271603,10.987575491929434
27,0.38888888888888884,19.629590557959293
27,0.3950617283950617,16.73423915383925
27,0.4012345679012346,14.352915283438655
27,0.4074074074074074,4.540203447083272
27,0.4135802469135802,13.769394601468315
27,0.41975308641975306,19.33941773562391
27,0.42592592592592593,12.367962382621489
27,0.43209876543209874,16.880736365949193
27,0.43827160493827155,6.501465115598598
27,0.4444444444444444,7.981076681089681
27,0.4506172839506173,2.084081087161207
27,0.4567901234567901,8.899733963910915
27,0.4629629629629629,18.61829950028195
27,0.4691358024691358,5.665351726975882
27,0.47530864197530864,12.685460393177598
27,0.48148148148148145,9.302907559612988
27,0.48765432098765427,8.753337925072339
27,0.49382716049382713,14.134983340876119
28,0.0,1.687538997430238e-14
28,0.004784688995215311,10.311135615675976
28,0.009569377990430622,19.584128968527086
28,0.014354066985645932,7.715985306917359
28,0.019138755980861243,9.782748631013417
28,0.023923444976076555,12.085440681082465
28,0.028708133971291863,12.66999109500476
28,0.03349282296650718,6.9603488337636445
28,0.03827751196172249,16.8579704973724
28,0.043062200956937795,5.025328921036826
28,0.04784688995215311,25.402806773459034
28,0.05263157894736842,6.855623399980033
28,0.057416267942583726,4.298253116761627
28,0.06220095693779904,3.3477443366301123
28,0.06698564593301436,22.7933621819776
28,0.07177033492822966,0.9020389440597935
28,0.07655502392344497,8.13310326560467
28,0.08133971291866028,17.686325702618607
28,0.08612440191387559,26.828052994610037
28,0.09090909090909091,14.633501509531689
28,0.09569377990430622,7.7739672400773685
28,0.10047846889952153,7.898321914198833
28,0.10526315789473684,25.229224647167122
28,0.11004784688995214,13.988750860762355
28,0.11483253588516745,20.011455474704427
28,0.11961722488038277,11.860324872789645
28,0.12440191387559808,8.997150355001473
28,0.1291866028708134,18.29487042091632
28,0.1339712918660287,5.37804012186006
28,0.13875598086124402,21.645391538253275
28,0.14354066985645933,12.373078609981064
28,0.14832535885167464,18.29408403769214
28,0.15311004784688995,17.622271336310416
28,0.15789473684210525,13.25198066914278
28,0.16267942583732056,1.933214196312677
28,0.16746411483253587,9.688489552182643
28,0.17224880382775118,9.956423413949375
28,0.1770334928229665,8.6433259510363
28,0.18181818181818182,10.732678481560747
28,0.18660287081339713,8.209390716728603
28,0.19138755980861244,13.366406577720646
28,0.19617224880382775,14.591461439276033
28,0.20095693779904306,28.420336695402327
28,0.20574162679425836,14.915327154499078
28,0.21052631578947367,16.697392593445564
28,0.21531100478468898,4.451966852750022
28,0.2200956937799043,6.3709035082458785
28,0.2248803827751196,19.585503484769212
28,0.2296650717703349,9.458432405887793
28,0.23444976076555024,22.56004267800824
28,0.23923444976076555,13.320958954828415
28,0.24401913875598086,13.55727550072622
28,0.24880382775119617,9.95530685567658
28,0.2535885167464115,22.06480832886169
28,0.2583732057416268,14.501720474924037
28,0.2631578947368421,2.8344394722823885
28,0.2679425837320574,25.310935776935853
28,0.2727272727272727,10.787278296400602
28,0.27751196172248804,14.941511378546034
28,0.2822966507177033,11.883305606933405
28,0.28708133971291866,7.997971544670701
28,0.29186602870813394,12.130201957775338
28,0.2966507177033493,7.57620812921784
28,0.30143540669856456,10.492650358933291
28,0.3062200956937799,6.634340325861781
28,0.31100478468899523,9.265170283725311
28,0.3157894736842105,8.120070384423059
28,0.32057416267942584,13.520321447075414
28,0.3253588516746411,20.744228575692045
28,0.33014354066985646,11.417461818442911
28,0.33492822966507174,7.589873012443173
28,0.3397129186602871,15.504256193252761
28,0.34449760765550236,22.043259104287568
28,0.3492822966507177,18.007205161251576
28,0.354066985645933,15.963554076100655
28,0.3588516746411483,33.375265373453296
28,0.36363636363636365,7.291148306025927
28,0.3684210526315789,10.780731679503452
28,0.37320574162679426,13.571218949214469
28,0.37799043062200954,9.341071881965812
28,0.3827751196172249,9.923218141440088
28,0.38755980861244016,12.809053858784207
28,0.3923444976076555,10.857260401917879
28,0.3971291866028708,9.740324443488678
28,0.4019138755980861,25.512721358864496
28,0.4066985645933014,15.328779914281547
28,0.41148325358851673,13.99417463194254
28,0.41626794258373206,14.864060539238773
28,0.42105263157894735,5.648904183717569
28,0.4258373205741627,5.338749247970476
28,0.43062200956937796,15.824905682195407
28,0.4354066985645933,3.2014541335426596
28,0.4401913875598086,3.094769758264325
28,0.4449760765550239,9.098872366757227
28,0.4497607655502392,12.819901798584805
28,0.45454545454545453,10.605534678662455
28,0.4593301435406698,24.67923128418287
28,0.46411483253588515,18.048246790254034
28,0.4688995215311005,19.571841777969475
28,0.47368421052631576,17.056880030508985
28,0.4784688995215311,8.514990086657281
28,0.4832535885167464,16.716350464702746
28,0.4880382775119617,7.902342972639975
28,0.492822966507177,13.06023272598614
28,0.49760765550239233,14.525082340057438
29,0.0,2.3092638912203256e-14
29,0.005405405405405406,1.384795611617935
29,0.010810810810810811,17.8258633341386
29,0.016216216216216217,14.935358168867078
29,0.021621621621621623,4.945675279767905
29,0.02702702702702703,9.160578479131308
29,0.032432432432432434,10.600473477955106
29,0.03783783783783784,12.097123722774436
29,0.043243243243243246,13.27046497993077
29,0.04864864864864865,19.793567306342673
29,0.05405405405405406,16.07722976527986
29,0.05945945945945946,6.765819216865046
29,0.06486486486486487,17.9368214344308
29,0.07027027027027027,9.969052405277509
29,0.07567567567567568,10.869578016391056
29,0.08108108108108109,23.23196931851825
29,0.08648648648648649,14.099085490244928
29,0.0918918918918919,32.4129827259567
29,0.0972972972972973,8.049508682665195
29,0.10270270270270271,11.632757744028442
29,0.10810810810810811,12.315841318770307
29,0.11351351351351352,5.81531837442726
29,0.11891891891891893,15.303750925284476
29,0.12432432432432433,6.522980425576787
29,0.12972972972972974,15.390423715166843
29,0.13513513513513514,8.598848422147753
29,0.14054054054054055,19.821403041545242
29,0.14594594594594595,11.254720325105556
29,0.15135135135135136,4.88728657228491
29,0.15675675675675677,12.052428567555074
29,0.16216216216216217,25.48256632070954
29,0.16756756756756758,16.30411316942247
29,0.17297297297297298,3.119685552754523
29,0.1783783783783784,15.518625187101977
29,0.1837837837837838,16.530527113079547
29,0.1891891891891892,11.590742758858758
29,0.1945945945945946,4.373445617585175
29,0.2,16.966629884567595
29,0.20540540540540542,8.225831526011506
29,0.21081081081081082,15.250740687042128
29,0.21621621621621623,26.007520883504412
29,0.22162162162162163,15.056844560757472
29,0.22702702702702704,12.45945334218965
29,0.23243243243243245,5.478240544373633
29,0.23783783783783785,11.307258515030608
29,0.24324324324324326,24.06466183627271
29,0.24864864864864866,8.863074861381024
29,0.25405405405405407,18.098929229167464
29,0.2594594594594595,16.679936959112776
29,0.2648648648648649,7.207537275932727
29,0.2702702702702703,9.012293526243267
29,0.2756756756756757,14.346445669352741
29,0.2810810810810811,14.371905185478383
29,0.2864864864864865,12.698802312681305
29,0.2918918918918919,9.840724223542425
29,0.2972972972972973,7.105117979295338
29,0.3027027027027027,10.524453289336401
29,0.3081081081081081,14.80774679648279
29,0.31351351351351353,10.08605479188411
29,0.31891891891891894,11.074555415481138
29,0.32432432432432434,7.237727894474136
29,0.32972972972972975,10.383765805271988
29,0.33513513513513515,3.158408352066453
29,0.34054054054054056,6.469540772059098
29,0.34594594594594597,9.514354160537792
29,0.35135135135135137,6.6241663439979055
29,0.3567567567567568,9.638288129251393
29,0.3621621621621622,13.482230596668979
29,0.3675675675675676,15.48910042088961
29,0.372972972972973,18.957036128911643
29,0.3783783783783784,13.690944948452103
29,0.3837837837837838,18.696201339125263
29,0.3891891891891892,13.59714617323203
29,0.3945945945945946,9.369605243883953
29,0.4,9.830288308496499
29,0.40540540540540543,3.1478251738142142
29,0.41081081081081083,1.6840061099083299
29,0.41621621621621624,9.51026887727485
29,0.42162162162162165,12.606463143282804
29,0.42702702702702705,11.83880796952622
29,0.43243243243243246,19.554423691563933
29,0.43783783783783786,14.999646748512745
29,0.44324324324324327,12.327474177725893
29,0.4486486486486487,12.040908849502886
29,0.4540540540540541,2.2096547051653688
29,0.4594594594594595,8.657456768695543
29,0.4648648648648649,9.789753451861811
29,0.4702702702702703,17.041055842818245
29,0.4756756756756757,16.733941233046213
29,0.4810810810810811,9.500347300758419
29,0.4864864864864865,14.956685762871075
29,0.4918918918918919,26.787113209037752
29,0.4972972972972973,7.785460830125019
30,0.0,3.552713678800501e-14
30,0.005714285714285714,1.3606924868977408
30,0.011428571428571429,11.856899290000095
30,0.017142857142857144,12.812066269976752
30,0.022857142857142857,4.870270605846637
30,0.02857142857142857,14.490409341564913
30,0.03428571428571429,15.889185526356753
30,0.04,13.56393361880288
30,0.045714285714285714,9.006135316239394
30,0.05142857142857143,4.356290278976667
30,0.05714285714285714,7.073989649378149
30,0.06285714285714286,13.2589877611882
30,0.06857142857142857,8.04608612536755
30,0.07428571428571429,4.201340560463412
30,0.08,7.383534580249689
30,0.08571428571428572,6.659515816847345
30,0.09142857142857143,6.7275909696226845
30,0.09714285714285714,17.27314298843157
30,0.10285714285714286,8.367076433076415
30,0.10857142857142857,5.0034533355128925
30,0.11428571428571428,20.243271331314055
30,0.12,5.645540672413903
30,0.12571428571428572,14.667620723492869
30,0.13142857142857142,16.276125385687347
30,0.13714285714285715,14.491704299229612
30,0.14285714285714285,3.0678770259272015
30,0.14857142857142858,3.807877664595418
30,0.15428571428571428,7.707443994165659
30,0.16,16.75078854051542
30,0.1657142857142857,9.965271686613175
30,0.17142857142857143,9.90430565843467
30,0.17714285714285713,16.133063001613436
30,0.18285714285714286,16.147863032287052
30,0.18857142857142858,3.0190476093699594
30,0.19428571428571428,5.616984942527065
30,0.2,22.304467864629565
30,0.2057142857142857,20.50339040052454
30,0.21142857142857144,3.4942937559074747
30,0.21714285714285714,8.035428870193389
30,0.22285714285714286,3.235981831374729
30,0.22857142857142856,14.741854782832265
30,0.2342857142857143,3.560403890761437
30,0.24,13.38410854690908
30,0.24571428571428572,9.738879788394422
30,0.25142857142857145,9.235885115019126
30,0.2571428571428571,6.427095656690851
30,0.26285714285714284,5.913788221174013
30,0.26857142857142857,11.226958070565763
30,0.2742857142857143,20.85447933289347
30,0.28,13.361057341562159
30,0.2857142857142857,14.62058520369967
30,0.2914285714285714,11.593493290099941
30,0.29714285714285715,8.032876639766494
30,0.3028571428571429,22.65794199610392
30,0.30857142857142855,6.756906658400432
30,0.3142857142857143,5.2334734144115185
30,0.32,22.35769679944018
30,0.32571428571428573,14.623457469570532
30,0.3314285714285714,12.348731781527038
30,0.33714285714285713,7.103204138369504
30,0.34285714285714286,8.189720994834856
30,0.3485714285714286,11.449030122125846
30,0.35428571428571426,9.522167595285874
30,0.36,6.930976290181817
30,0.3657142857142857,31.6146231554948
30,0.37142857142857144,15.15373807238103
30,0.37714285714285717,14.778326791282081
30,0.38285714285714284,3.69048904145825
30,0.38857142857142857,10.41401240464968
30,0.3942857142857143,10.29239927495961
30,0.4,17.58402931015088
30,0.4057142857142857,7.041851253030316
30,0.4114285714285714,13.710764624425797
30,0.41714285714285715,22.79379918705464
30,0.4228571428571429,13.258603425435583
30,0.42857142857142855,21.229420440748015
30,0.4342857142857143,22.451134364536212
30,0.44,18.793241894524947
30,0.44571428571428573,11.406092845228997
30,0.4514285714285714,0.6821669944692981
30,0.45714285714285713,16.92236478452364
30,0.46285714285714286,11.108347599379961
30,0.4685714285714286,15.066486996876337
30,0.4742857142857143,23.63842933824951
30,0.48,18.65563895062342
30,0.4857142857142857,16.303332134652308
30,0.49142857142857144,17.40590927061253
30,0.49714285714285716,1.9788139343736195
31,0.0,3.552713678800501e-15
31,0.006493506493506494,9.833882418978556
31,0.012987012987012988,11.14170947839774
31,0.01948051948051948,9.676604879304636
31,0.025974025974025976,9.969964218382108
31,0.03246753246753247,14.737349090106806
31,0.03896103896103896,14.20158756444872
31,0.045454545454545456,11.260656005835278
31,0.05194805194805195,9.596582913419658
31,0.05844155844155845,16.729917213747704
31,0.06493506493506494,6.590818375851578
31,0.07142857142857144,18.443981660611247
31,0.07792207792207792,16.0565365238247
31,0.08441558441558442,11.653008113769289
31,0.09090909090909091,4.912433457818735
31,0.09740259740259741,8.52036670214125
31,0.1038961038961039,7.547166361040835
31,0.1103896103896104,1.4324716731415887
31,0.1168831168831169,6.937480834495804
31,0.12337662337662339,6.852753454912857
31,0.12987012987012989,11.783560299524826
31,0.13636363636363638,7.4711326719504205
31,0.14285714285714288,10.11275707653229
31,0.14935064935064937,6.804496239758142
31,0.15584415584415584,12.197470966522538
31,0.16233766233766234,4.055132305257129
31,0.16883116883116883,16.617044355367316
31,0.17532467532467533,3.746529611396682
31,0.18181818181818182,19.9721011901504
31,0.18831168831168832,5.458018106726047
31,0.19480519480519481,17.91159257080347
31,0.2012987012987013,6.558057245005264
31,0.2077922077922078,11.453833103472792
31,0.2142857142857143,22.21646560522619
31,0.2207792207792208,23.17862488874229
31,0.2272727272727273,3.7682837287591497
31,0.2337662337662338,8.34746440129934
31,0.24025974025974028,22.074310522644165
31,0.24675324675324678,22.031028779355545
31,0.2532467532467533,10.51375268286856
31,0.25974025974025977,21.617989053929605
31,0.26623376623376627,9.22466741240328
31,0.27272727272727276,9.2529884180528
31,0.27922077922077926,12.918501468725728
31,0.28571428571428575,20.74428382659789
31,0.29220779220779225,13.50111162802187
31,0.29870129870129875,7.729465326578646
31,0.30519480519480524,16.029127737009784
31,0.3116883116883117,10.559254523056053
31,0.3181818181818182,7.037196674347132
31,0.3246753246753247,13.7620659515281
31,0.33116883116883117,14.440893500691391
31,0.33766233766233766,2.700486649432881
31,0.34415584415584416,14.030077712527595
31,0.35064935064935066,7.720024972125101
31,0.35714285714285715,13.847145825313666
31,0.36363636363636365,2.500651549675801
31,0.37012987012987014,11.860125149639684
31,0.37662337662337664,4.469542904459377
31,0.38311688311688313,8.796182931738251
31,0.38961038961038963,9.340165903973638
31,0.3961038961038961,11.10396938721949
31,0.4025974025974026,6.501440845456829
31,0.4090909090909091,9.02505320577541
31,0.4155844155844156,6.44555345357305
31,0.4220779220779221,5.553728203602328
31,0.4285714285714286,20.35389585318889
31,0.4350649350649351,3.5252201059276613
31,0.4415584415584416,23.892586762706856
31,0.4480519480519481,6.248383140848208
31,0.4545454545454546,23.698521582711155
31,0.4610389610389611,12.131193147713082
31,0.4675324675324676,9.364183364744877
31,0.4740259740259741,10.742300520876945
31,0.48051948051948057,6.257057791498743
31,0.48701298701298706,2.173737168805644
31,0.49350649350649356,13.588552343343164
32,0.0,6.217248937900877e-15
32,0.005154639175257732,21.05449747300349
32,0.010309278350515464,9.51898608395478
32,0.015463917525773196,9.50776298313301
32,0.020618556701030927,13.412997288757545
32,0.02577319587628866,16.216818164554923
32,0.030927835051546393,3.8279060374065015
32,0.03608247422680412,24.16099987105269
32,0.041237113402061855,18.843955781274126
32,0.04639175257731959,12.090505497858247
32,0.05154639175257732,5.037152003630029
32,0.05670103092783505,17.58304258136409
32,0.061855670103092786,24.143739201128376
32,0.06701030927835051,26.82581782978895
32,0.07216494845360824,9.776861038959602
32,0.07731958762886598,4.925942283060531
32,0.08247422680412371,5.225075261578216
32,0.08762886597938144,10.295828211411065
32,0.09278350515463918,10.131279523614284
32,0.0979381443298969,14.85306179856817
32,0.10309278350515463,7.928824601593669
32,0.10824742268041238,16.278019412497724
32,0.1134020618556701,11.372305041848456
32,0.11855670103092783,22.92658790148736
32,0.12371134020618557,6.802533415995952
32,0.12886597938144329,46.18208868476734
32,0.13402061855670103,6.865087493195142
32,0.13917525773195877,4.872750641028623
32,0.14432989690721648,14.582782805263982
32,0.14948453608247422,9.799624403374963
32,0.15463917525773196,4.793173968439177
32,0.15979381443298968,16.559595552688197
32,0.16494845360824742,19.744356011343736
32,0.17010309278350516,13.11530721423629
32,0.17525773195876287,8.659937223904153
32,0.18041237113402062,12.907749778161483
32,0.18556701030927836,14.70300777152428
32,0.19072164948453607,3.35850200870235
32,0.1958762886597938,4.247744295268538
32,0.20103092783505155,11.313583032692607
32,0.20618556701030927,11.589549900669738
32,0.211340206185567,11.70906647808203
32,0.21649484536082475,5.509023441790435
32,0.22164948453608246,23.52107584942651
32,0.2268041237113402,1.485698810378124
32,0.23195876288659795,1.752454831804801
32,0.23711340206185566,11.497343601440786
32,0.2422680412371134,2.4013381980683732
32,0.24742268041237114,27.20037140509127
32,0.25257731958762886,8.927804185002966
32,0.25773195876288657,10.373434389635754
32,0.26288659793814434,20.281748905969607
32,0.26804123711340205,5.452024633608861
32,0.27319587628865977,21.207239150786226
32,0.27835051546391754,2.388068330548425
32,0.28350515463917525,7.729352980357137
32,0.28865979381443296,17.66275871276925
32,0.29381443298969073,16.144614777699495
32,0.29896907216494845,8.673740788344809
32,0.30412371134020616,13.186929113862083
32,0.30927835051546393,22.106041949535147
32,0.31443298969072164,8.650523811513372
32,0.31958762886597936,3.684646101003205
32,0.3247422680412371,11.755572866345132
32,0.32989690721649484,17.817887939689534
32,0.33505154639175255,9.095125178812042
32,0.3402061855670103,1.9951895732090137
32,0.34536082474226804,13.009167062967405
32,0.35051546391752575,5.263913194508765
32,0.3556701030927835,15.746343289368944
32,0.36082474226804123,15.351597280890958
32,0.36597938144329895,13.869137079042888
32,0.3711340206185567,22.96551940800507
32,0.37628865979381443,4.39881991184362
32,0.38144329896907214,11.809955286745208
32,0.3865979381443299,23.98957426544904
32,0.3917525773195876,9.326565436929425
32,0.39690721649484534,5.911273044586483
32,0.4020618556701031,6.63330039070941
32,0.4072164948453608,19.06723922730985
32,0.41237113402061853,7.833343083112268
32,0.4175257731958763,4.610519877311835
32,0.422680412371134,14.78173610856447
32,0.42783505154639173,21.33848187242829
32,0.4329896907216495,11.574377141515177
32,0.4381443298969072,7.089041999044115
32,0.44329896907216493,14.929991239456166
32,0.4484536082474227,2.845205447338857
32,0.4536082474226804,4.9246425052991265
32,0.4587628865979381,14.78972557614558
32,0.4639175257731959,13.777706534313342
32,0.4690721649484536,9.200728628893405
32,0.4742268041237113,8.49165812920599
32,0.4793814432989691,4.6727846367574095
32,0.4845360824742268,5.686710073575879
32,0.4896907216494845,4.447988311806633
32,0.4948453608247423,5.541651996212849
33,0.0,1.3433698597964394e-14
33,0.0055248618784530384,21.256910163200267
33,0.011049723756906077,19.286383371438703
33,0.016574585635359115,18.683257337971067
33,0.022099447513812154,19.74161010318592
33,0.027624309392265192,7.671792168913041
33,0.03314917127071823,3.9640164714914996
33,0.03867403314917127,4.711855894862547
33,0.04419889502762431,11.283979382329852
33,0.049723756906077346,8.408363394698606
33,0.055248618784530384,16.315264979274893
33,0.06077348066298342,18.760852910131604
33,0.06629834254143646,12.332837951171276
33,0.0718232044198895,22.549419563728183
33,0.07734806629834254,16.87755368851656
33,0.08287292817679558,6.342610508110793
33,0.08839779005524862,5.596699704810984
33,0.09392265193370165,15.861513110996748
33,0.09944751381215469,9.949009853341456
33,0.10497237569060773,9.038400532710469
33,0.11049723756906077,5.059192343406681
33,0.11602209944751381,6.622435730189686
33,0.12154696132596685,9.363139516436606
33,0.1270718232044199,10.038556574645025
33,0.13259668508287292,5.95030096290003
33,0.13812154696132595,6.458691191549494
33,0.143646408839779,21.71093610350293
33,0.14917127071823205,10.009021955331347
33,0.15469613259668508,11.858250367201205
33,0.1602209944751381,16.582673989492612
33,0.16574585635359115,15.052858252189449
33,0.1712707182320442,10.339453830654799
33,0.17679558011049723,3.4236281130819477
33,0.18232044198895025,20.74978725291627
33,0.1878453038674033,10.723778349538165
33,0.19337016574585636,18.288768111077044
33,0.19889502762430938,13.788530966482424
33,0.2044198895027624,21.17086977464521
33,0.20994475138121546,19.782934358011627
33,0.2154696132596685,12.668771982842552
33,0.22099447513812154,18.186954140738553
33,0.22651933701657456,6.964212778463462
33,0.23204419889502761,14.330282235453133
33,0.23756906077348067,13.370283741394648
33,0.2430939226519337,18.029337638171086
33,0.24861878453038672,7.192894467220127
33,0.2541436464088398,27.134326760601034
33,0.2596685082872928,11.657510499484253
33,0.26519337016574585,11.235645073236043
33,0.27071823204419887,16.394319227128562
33,0.2762430939226519,7.9319353597368645
33,0.281767955801105,12.230857007153833
33,0.287292817679558,8.277070907445781
33,0.292817679558011,19.241668446719196
33,0.2983425414364641,18.65076327646937
33,0.30386740331491713,10.487096414236643
33,0.30939226519337015,13.467575890452967
33,0.3149171270718232,15.278848331005978
33,0.3204419889502762,0.8696160640442488
33,0.3259668508287293,6.554752408082764
33,0.3314917127071823,12.657972202203847
33,0.33701657458563533,7.73231831636178
33,0.3425414364640884,7.28383687157623
33,0.34806629834254144,19.234559160519154
33,0.35359116022099446,3.7813042779437236
33,0.3591160220994475,4.245097610724037
33,0.3646408839779005,2.8195602621001523
33,0.3701657458563536,14.738693346563602
33,0.3756906077348066,17.024654943954644
33,0.38121546961325964,12.398792381446732
33,0.3867403314917127,2.7814474423908875
33,0.39226519337016574,15.056956747358335
33,0.39779005524861877,5.05760756299728
33,0.4033149171270718,12.158042302120885
33,0.4088397790055248,16.878378651405555
33,0.4143646408839779,15.561261746877108
33,0.4198895027624309,2.4673546790155294
33,0.42541436464088395,7.909074100142896
33,0.430939226519337,9.660935489378907
33,0.43646408839779005,15.539234628294121
33,0.4419889502762431,7.2501169665381955
33,0.4475138121546961,11.072362592168076
33,0.4530386740331491,12.93443228019683
33,0.4585635359116022,7.1359804978831445
33,0.46408839779005523,15.92990512905426
33,0.46961325966850825,17.405176366241836
33,0.47513812154696133,17.706955618724045
33,0.48066298342541436,8.920097690165461
33,0.4861878453038674,7.168045745829223
33,0.4917127071823204,19.82173425411038
33,0.49723756906077343,16.528220743552787
34,0.0,1.7763568394002505e-14
34,0.005154639175257732,7.95747235191602
34,0.010309278350515464,5.378098318506233
34,0.015463917525773196,12.045360742281554
34,0.020618556701030927,6.1167211347689445
34,0.02577319587628866,19.43533320078091
34,0.030927835051546393,7.023358180101173
34,0.03608247422680412,10.907624728009228
34,0.041237113402061855,12.620036632658723
34,0.04639175257731959,7.633549353357893
34,0.05154639175257732,10.49160128002315
34,0.05670103092783505,13.146433828829743
34,0.061855670103092786,19.49881796834929
34,0.06701030927835051,8.610297144341724
34,0.07216494845360824,3.44964967426724
34,0.07731958762886598,11.643554524370456
34,0.08247422680412371,15.821291098477516
34,0.08762886597938144,4.099257799017175
34,0.09278350515463918,12.315711307502461
34,0.0979381443298969,11.005343192191418
34,0.10309278350515463,15.115552826708543
34,0.10824742268041238,17.328043343828764
34,0.1134020618556701,7.495807885276998
34,0.11855670103092783,19.342211882033435
34,0.12371134020618557,8.991792344158716
34,0.12886597938144329,16.1788734587254
34,0.13402061855670103,12.296979200477704
34,0.13917525773195877,9.38365850238267
34,0.14432989690721648,25.191364679724337
34,0.14948453608247422,29.86450522910299
34,0.15463917525773196,16.393549567576077
34,0.15979381443298968,9.488247062484122
34,0.16494845360824742,19.520691882143538
34,0.17010309278350516,17.20347933025617
34,0.17525773195876287,13.487514647959786
34,0.18041237113402062,10.799447804858183
34,0.18556701030927836,19.614316593383336
34,0.19072164948453607,14.726608428528149
34,0.1958762886597938,15.690760788711435
34,0.20103092783505155,2.7108142744859904
34,0.20618556701030927,6.20594517358059
34,0.211340206185567,20.512103830864373
34,0.21649484536082475,15.70873494779229
34,0.22164948453608246,27.65722576711857
34,0.2268041237113402,15.471817359236763
34,0.23195876288659795,13.578670191406111
34,0.23711340206185566,16.57337387611465
34,0.2422680412371134,22.159585183782415
34,0.24742268041237114,4.694065578922372
34,0.25257731958762886,14.385225508062943
34,0.25773195876288657,13.029252353811627
34,0.26288659793814434,4.676497817794723
34,0.26804123711340205,4.58117094789571
34,0.27319587628865977,16.332612572480812
34,0.27835051546391754,16.47804009675614
34,0.28350515463917525,6.011835789713194
34,0.28865979381443296,21.130096618812825
34,0.29381443298969073,14.733826114890096
34,0.29896907216494845,9.304156499618198
34,0.30412371134020616,19.212488085899906
34,0.30927835051546393,8.560358770082019
34,0.31443298969072164,10.331095577517535
34,0.31958762886597936,19.94944118167442
34,0.3247422680412371,10.509848625538766
34,0.32989690721649484,15.437088961160912
34,0.33505154639175255,21.40339532829088
34,0.3402061855670103,9.556113636982545
34,0.34536082474226804,5.088904362903716
34,0.35051546391752575,10.186717126836616
34,0.3556701030927835,13.255413389914956
34,0.36082474226804123,10.09952705286369
34,0.36597938144329895,13.01633416457367
34,0.3711340206185567,15.31138278333856
34,0.37628865979381443,15.443265230857776
34,0.38144329896907214,12.303619669005169
34,0.3865979381443299,16.05713643433903
34,0.3917525773195876,8.786146079713365
34,0.39690721649484534,15.719073548527389
34,0.4020618556701031,6.341961099244735
34,0.4072164948453608,19.19091633168011
34,0.41237113402061853,2.42402379489692
34,0.4175257731958763,19.489915518543604
34,0.422680412371134,10.446747535115895
34,0.42783505154639173,3.4992712447454952
34,0.4329896907216495,13.052305316032275
34,0.4381443298969072,13.152663140786897
34,0.44329896907216493,12.655339232323113
34,0.4484536082474227,7.790665442485152
34,0.4536082474226804,13.0863555938865
34,0.4587628865979381,11.533521634715477
34,0.4639175257731959,8.755950617534271
34,0.4690721649484536,13.806275905877394
34,0.4742268041237113,7.917616404621302
34,0.4793814432989691,11.959308746441767
34,0.4845360824742268,8.061471693410558
34,0.4896907216494845,13.453141569589068
34,0.4948453608247423,17.762706589278853
35,0.0,6.217248937900877e-15
35,0.005555555555555556,14.414583044688904
35,0.011111111111111112,10.56478091377307
35,0.016666666666666666,19.394567352935535
35,0.022222222222222223,14.456100604793809
35,0.02777777777777778,24.884206454963067
35,0.03333333333333333,8.243323226385717
35,0.03888888888888889,4.3293425701225985
35,0.044444444444444446,22.84792151742509
35,0.05,21.974235349656922
35,0.05555555555555556,21.081062007126096
35,0.061111111111111116,7.3096071781030965
35,0.06666666666666667,7.679165588748368
35,0.07222222222222223,31.356730248642695
35,0.07777777777777778,16.686604822258104
35,0.08333333333333334,19.287111810277853
35,0.08888888888888889,14.419338606233115
35,0.09444444444444444,24.55927219451745
35,0.1,24.907493986035185
35,0.10555555555555556,23.427250208298286
35,0.11111111111111112,6.56220170033497
35,0.11666666666666667,3.4544631334635234
35,0.12222222222222223,9.560539238342113
35,0.1277777777777778,19.96004302253998
35,0.13333333333333333,12.829745196216823
35,0.1388888888888889,11.684555862912099
35,0.14444444444444446,14.09641199276695
35,0.15,9.08013456257167
35,0.15555555555555556,6.540228603446289
35,0.16111111111111112,6.716105562693763
35,0.16666666666666669,19.212134972696127
35,0.17222222222222222,18.036841299090693
35,0.17777777777777778,29.885899208495548
35,0.18333333333333335,9.669162224488378
35,0.18888888888888888,8.884809843965089
35,0.19444444444444445,5.568616728974643
35,0.2,13.064890481202843
35,0.20555555555555557,9.154246308952237
35,0.2111111111111111,10.63814849988123
35,0.21666666666666667,7.083243937071508
35,0.22222222222222224,12.367881572135918
35,0.22777777777777777,11.710546975098906
35,0.23333333333333334,2.2356532351146368
35,0.2388888888888889,15.772688871233642
35,0.24444444444444446,6.781290184347563
35,0.25,9.423347960622564
35,0.2555555555555556,4.137873620197823
35,0.2611111111111111,6.478987215047994
35,0.26666666666666666,8.10625119254301
35,0.27222222222222225,23.994400668965962
35,0.2777777777777778,17.60892555710931
35,0.2833333333333333,13.668124279575572
35,0.2888888888888889,7.064741512290447
35,0.29444444444444445,4.639355643947447
35,0.3,5.655621323662744
35,0.3055555555555556,5.069506467952607
35,0.3111111111111111,15.390677159179987
35,0.31666666666666665,10.029849356856408
35,0.32222222222222224,8.77927416598055
35,0.3277777777777778,8.20748098321876
35,0.33333333333333337,8.496065134275206
35,0.3388888888888889,10.249511340235655
35,0.34444444444444444,14.689482526065035
35,0.35000000000000003,11.970473957286982
35,0.35555555555555557,5.865410437590248
35,0.3611111111111111,2.849823087480786
35,0.3666666666666667,10.20367027538096
35,0.37222222222222223,9.156946128143513
35,0.37777777777777777,14.651538165880396
35,0.38333333333333336,16.90864909493538
35,0.3888888888888889,12.658988952899328
35,0.3944444444444445,3.7610993181653254
35,0.4,4.069533728128356
35,0.40555555555555556,10.209867778964533
35,0.41111111111111115,8.762450670899694
35,0.4166666666666667,10.28555614616964
35,0.4222222222222222,7.541645736855921
35,0.4277777777777778,3.3488381103486917
35,0.43333333333333335,3.576998170120966
35,0.4388888888888889,8.328950503594271
35,0.4444444444444445,13.833850869380884
35,0.45,21.15577971044073
35,0.45555555555555555,16.65338859272947
35,0.46111111111111114,5.122909314962074
35,0.4666666666666667,8.015813360051796
35,0.47222222222222227,9.061907326977355
35,0.4777777777777778,13.162212523272613
35,0.48333333333333334,10.645288683048992
35,0.48888888888888893,10.271818338320552
35,0.49444444444444446,10.406612971825687
36,0.0,3.497202527569243e-14
36,0.0055248618784530384,14.468447116581354
36,0.011049723756906077,22.04401345488756
36,0.016574585635359115,12.509137033320046
36,0.022099447513812154,20.69255891574945
36,0.027624309392265192,7.342549066783483
36,0.03314917127071823,27.569259357278074
36,0.03867403314917127,10.045176711824807
36,0.04419889502762431,6.631578591421317
36,0.049723756906077346,20.62317290894199
36,0.055248618784530384,14.954070129769953
36,0.06077348066298342,12.001057854134855
36,0.06629834254143646,9.51495843125035
36,0.0718232044198895,7.526066201318
36,0.07734806629834254,8.298102654290505
36,0.08287292817679558,11.258548451605826
36,0.08839779005524862,10.087897027337497
36,0.09392265193370165,18.56273930743476
36,0.09944751381215469,6.821755343966687
36,0.10497237569060773,13.976295118077253
36,0.11049723756906077,4.935637508502475
36,0.11602209944751381,13.00279049941971
36,0.12154696132596685,7.692075997615436
36,0.1270718232044199,7.182800637115798
36,0.13259668508287292,10.370313468876496
36,0.13812154696132595,16.613833119906065
36,0.143646408839779,14.004127125219293
36,0.14917127071823205,22.55171779033988
36,0.15469613259668508,10.257619804396313
36,0.1602209944751381,13.040383856080293
36,0.16574585635359115,29.393650157490065
36,0.1712707182320442,8.52312431960105
36,0.17679558011049723,19.53569635169507
36,0.18232044198895025,10.680839760605268
36,0.1878453038674033,6.0112580816496575
36,0.19337016574585636,4.7404298934495985
36,0.19889502762430938,12.870067558691286
36,0.2044198895027624,16.21414158587409
36,0.20994475138121546,8.935025579465083
36,0.2154696132596685,9.181412245090184
36,0.22099447513812154,8.745668815174103
36,0.22651933701657456,7.829978454492286
36,0.23204419889502761,14.40190060390722
36,0.23756906077348067,9.495418756826345
36,0.2430939226519337,1.5546985592822034
36,0.24861878453038672,3.0310647442672334
36,0.2541436464088398,11.460886760303753
36,0.2596685082872928,17.108297039425967
36,0.26519337016574585,14.270607722271524
36,0.27071823204419887,13.884068635894543
36,0.2762430939226519,14.382864950656069
36,0.281767955801105,15.30718760383942
36,0.287292817679558,14.550927751556108
36,0.292817679558011,3.719404689217102
36,0.2983425414364641,8.933547177584567
36,0.30386740331491713,6.428192242246121
36,0.30939226519337015,8.772078011388263
36,0.3149171270718232,10.253015366801606
36,0.3204419889502762,12.820292574285682
36,0.3259668508287293,14.028878522121104
36,0.3314917127071823,16.7762674658536
36,0.33701657458563533,8.49123853815307
36,0.3425414364640884,5.393637787477007
36,0.34806629834254144,9.816569781068148
36,0.35359116022099446,11.828995456125638
36,0.3591160220994475,18.292098950469313
36,0.3646408839779005,2.6135669452224617
36,0.3701657458563536,6.355389720911944
36,0.3756906077348066,9.185294370722113
36,0.38121546961325964,17.176092505355662
36,0.3867403314917127,16.89062480945653
36,0.39226519337016574,21.281667566688892
36,0.39779005524861877,4.4795281838550345
36,0.4033149171270718,25.32370398194005
36,0.4088397790055248,9.010243725176485
36,0.4143646408839779,8.620099673531785
36,0.4198895027624309,16.41049646668279
36,0.42541436464088395,11.693470185843534
36,0.430939226519337,29.94283195319523
36,0.43646408839779005,3.734695580024397
36,0.4419889502762431,12.54724361804404
36,0.4475138121546961,5.015418155119661
36,0.4530386740331491,17.665233012033063
36,0.4585635359116022,6.092401765903283
36,0.46408839779005523,22.98771678962916
36,0.46961325966850825,5.764115617683101
36,0.47513812154696133,1.5723363649760047
36,0.48066298342541436,5.997748719461567
36,0.4861878453038674,18.944878799182007
36,0.4917127071823204,14.782431239881786
36,0.49723756906077343,2.601785092391822
37,0.0,1.6431300764452317e-14
37,0.005076142131979695,23.905227641244373
37,0.01015228426395939,7.230556210600713
37,0.015228426395939085,16.551216203468183
37,0.02030456852791878,29.593596619836344
37,0.025380710659898477,37.25598159331973
37,0.03045685279187817,13.526186931074617
37,0.035532994923857864,6.910074991581767
37,0.04060913705583756,17.395467160920738
37,0.04568527918781726,15.23143103977489
37,0.050761421319796954,11.245346030751003
37,0.055837563451776644,22.029108237339948
37,0.06091370558375634,17.53953029603398
37,0.06598984771573603,17.2639819013723
37,0.07106598984771573,11.087828585318361
37,0.07614213197969542,21.350566647962932
37,0.08121827411167512,14.939152619657696
37,0.08629441624365482,3.152389594314641
37,0.09137055837563451,23.91965833896578
37,0.09644670050761421,11.87501189655488
37,0.10152284263959391,10.717832754779673
37,0.10659898477157359,21.00916261719247
37,0.11167512690355329,13.752251232608737
37,0.11675126903553298,3.4783900409765254
37,0.12182741116751268,3.244151144469946
37,0.12690355329949238,9.830850418325758
37,0.13197969543147206,2.797330569323491
37,0.13705583756345177,12.099703788872116
37,0.14213197969543145,10.99111312872109
37,0.14720812182741116,7.293617936707066
37,0.15228426395939085,12.90489350558617
37,0.15736040609137056,21.05544209877428
37,0.16243654822335024,14.70508666715166
37,0.16751269035532992,8.01063142156419
37,0.17258883248730963,5.503177431650114
37,0.17766497461928932,18.627161988521408
37,0.18274111675126903,7.226666707312437
37,0.1878172588832487,13.521508672335074
37,0.19289340101522842,4.371184546879136
37,0.1979695431472081,15.579611209155864
37,0.20304568527918782,3.8133562862493746
37,0.2081218274111675,14.663366132696828
37,0.21319796954314718,9.660462230747182
37,0.2182741116751269,14.610554621247163
37,0.22335025380710657,13.924138122949316
37,0.22842639593908629,10.895458973514582
37,0.23350253807106597,10.984253547094026
37,0.23857868020304568,20.968634150230297
37,0.24365482233502536,8.20490636039092
37,0.24873096446700504,17.523377434144997
37,0.25380710659898476,7.294111057612409
37,0.25888324873096447,17.370558151265215
37,0.2639593908629441,4.943782750218794
37,0.26903553299492383,19.62104277722654
37,0.27411167512690354,10.096919976517073
37,0.27918781725888325,13.791169880064807
37,0.2842639593908629,21.657375868347795
37,0.2893401015228426,12.815922448838473
37,0.29441624365482233,6.057202832362675
37,0.299492385786802,13.442174298517509
37,0.3045685279187817,12.550406119834449
37,0.3096446700507614,18.884724681725533
37,0.3147208121827411,8.034668879438739
37,0.31979695431472077,4.014307558359959
37,0.3248730964467005,1.5410357353543591
37,0.3299492385786802,10.929356892659749
37,0.33502538071065985,11.740236653532005
37,0.34010152284263956,15.123940041008666
37,0.34517766497461927,3.468094339204802
37,0.350253807106599,16.63727651186106
37,0.35532994923857864,22.90747347813413
37,0.36040609137055835,19.326228772986834
37,0.36548223350253806,16.01890808151516
37,0.3705583756345177,10.156161016789113
37,0.3756345177664974,18.771730904987752
37,0.38071065989847713,13.531584501928341
37,0.38578680203045684,3.424812165859886
37,0.3908629441624365,9.810503960729307
37,0.3959390862944162,9.73194659084439
37,0.4010152284263959,8.617274821023429
37,0.40609137055837563,10.381609743039641
37,0.4111675126903553,16.54860630528107
37,0.416243654822335,12.875259686665634
37,0.4213197969543147,10.695039678186882
37,0.42639593908629436,10.402698219558484
37,0.4314720812182741,8.250215457263751
37,0.4365482233502538,0.9644482432466931
37,0.4416243654822335,5.2220585583899615
37,0.44670050761421315,11.958957632413371
37,0.45177664974619286,12.718834903092265
37,0.45685279187817257,12.110892008351675
37,0.4619289340101522,9.922560718865261
37,0.46700507614213194,17.546166911008523
37,0.47208121827411165,21.31945257324828
37,0.47715736040609136,1.5312139452239153
37,0.482233502538071,10.51476701560274
37,0.4873096446700507,8.613993707527703
37,0.49238578680203043,10.524284606715888
37,0.4974619289340101,12.967572581091396
38,0.0,5.329070518200751e-15
38,0.005952380952380952,12.182210322502252
38,0.011904761904761904,26.452410874456803
38,0.017857142857142856,18.67473448258881
38,0.023809523809523808,3.9658795866067136
38,0.02976190476190476,12.755086247818246
38,0.03571428571428571,8.951981340245155
38,0.041666666666666664,7.902484283969635
38,0.047619047619047616,2.0444223924044254
38,0.05357142857142857,14.749151014233918
38,0.05952380952380952,19.505036986794035
38,0.06547619047619047,13.460690191735777
38,0.07142857142857142,5.273775748311985
38,0.07738095238095238,19.614040623952345
38,0.08333333333333333,14.382703048909205
38,0.08928571428571427,18.40964097363562
38,0.09523809523809523,13.612356229527265
38,0.10119047619047619,20.438272800480217
38,0.10714285714285714,15.5244121085013
38,0.11309523809523808,12.278327388835951
38,0.11904761904761904,14.275483787783896
38,0.125,10.929111762201062
38,0.13095238095238093,13.171559114753105
38,0.1369047619047619,14.771235983239901
38,0.14285714285714285,13.587762023714136
38,0.1488095238095238,11.275673238832152
38,0.15476190476190477,16.64119863261444
38,0.1607142857142857,4.593686362704117
38,0.16666666666666666,12.062705089814589
38,0.17261904761904762,9.748705942502504
38,0.17857142857142855,8.55616700202442
38,0.1845238095238095,13.272563713295908
38,0.19047619047619047,9.007080857903468
38,0.19642857142857142,6.692040533438367
38,0.20238095238095238,16.428539101459936
38,0.20833333333333331,7.677808409007152
38,0.21428571428571427,9.810142293509843
38,0.22023809523809523,10.36626743728413
38,0.22619047619047616,4.999102722171018
38,0.23214285714285712,15.706556881977706
38,0.23809523809523808,12.163109514889392
38,0.24404761904761904,7.055094114428382
38,0.25,5.632197449865298
38,0.25595238095238093,13.289295070442536
38,0.26190476190476186,16.814317323431922
38,0.26785714285714285,13.877736912637994
38,0.2738095238095238,22.336832566099876
38,0.27976190476190477,7.599000106119961
38,0.2857142857142857,17.805910415320245
38,0.29166666666666663,2.139091794829667
38,0.2976190476190476,20.843150174376913
38,0.30357142857142855,5.84699960009307
38,0.30952380952380953,14.832679422752388
38,0.31547619047619047,8.240647429263081
38,0.3214285714285714,7.418523369099005
38,0.3273809523809524,4.326048788164378
38,0.3333333333333333,18.475025443818577
38,0.33928571428571425,19.598267108587653
38,0.34523809523809523,18.233526351253975
38,0.35119047619047616,15.894330885902294
38,0.3571428571428571,9.003708152778112
38,0.3630952380952381,11.997556442612858
38,0.369047619047619,15.771839927039217
38,0.375,12.784290131232522
38,0.38095238095238093,5.488373074031763
38,0.38690476190476186,17.930283651251376
38,0.39285714285714285,6.259972156834376
38,0.3988095238095238,7.169228631352744
38,0.40476190476190477,13.31260696001266
38,0.4107142857142857,5.927122673449394
38,0.41666666666666663,1.2217503656711504
38,0.4226190476190476,2.349262338427911
38,0.42857142857142855,14.931716040334086
38,0.4345238095238095,19.07481866791906
38,0.44047619047619047,8.99716600054956
38,0.4464285714285714,4.636835912911561
38,0.45238095238095233,13.426403201147536
38,0.4583333333333333,5.989881543323827
38,0.46428571428571425,6.12853093520403
38,0.47023809523809523,10.27454124942935
38,0.47619047619047616,18.437494108800443
38,0.4821428571428571,5.095291972808887
38,0.4880952380952381,15.218404889880198
38,0.494047619047619,11.070154886465168
39,0.0,2.531308496145357e-14
39,0.004672897196261682,11.345231089646301
39,0.009345794392523364,17.976116015197775
39,0.014018691588785045,19.85170807821662
39,0.018691588785046728,12.785724198161484
39,0.02336448598130841,2.7229882487892056
39,0.02803738317757009,13.910394434787177
39,0.03271028037383177,9.088954851749342
39,0.037383177570093455,6.897794876365893
39,0.04205607476635514,17.493725761414844
39,0.04672897196261682,9.692873094892896
39,0.0514018691588785,3.9245208855143403
39,0.05607476635514018,8.572164616658595
39,0.06074766355140186,4.747426881641969
39,0.06542056074766354,20.033466632889525
39,0.07009345794392523,12.84867892074369
39,0.07476635514018691,10.34716453794678
39,0.0794392523364486,5.922817511161498
39,0.08411214953271028,10.770689104323086
39,0.08878504672897196,10.77046514389511
39,0.09345794392523364,19.1614696076413
39,0.09813084112149532,15.921224258903672
39,0.102803738317757,11.628265813461395
39,0.10747663551401869,12.10237195850004
39,0.11214953271028036,11.988232793759703
39,0.11682242990654204,10.954489324002713
39,0.12149532710280372,18.462319319994
39,0.1261682242990654,12.620999692562602
39,0.1308411214953271,13.541298056684822
39,0.13551401869158877,5.802754197671472
39,0.14018691588785046,13.671761786889746
39,0.14485981308411214,3.5472333731922974
39,0.14953271028037382,21.010281824214744
39,0.1542056074766355,9.897197383857078
39,0.1588785046728972,9.201467052991614
39,0.16355140186915887,7.438736198446994
39,0.16822429906542055,15.179705169494026
39,0.17289719626168223,10.379430305002211
39,0.17757009345794392,5.242040171951491
39,0.1822429906542056,17.876045834200475
39,0.18691588785046728,15.75807842628015
39,0.19158878504672897,4.282305738456894
39,0.19626168224299065,20.988394333877856
39,0.20093457943925233,10.140625483245433
39,0.205607476635514,10.715870234310339
39,0.2102803738317757,25.35162240003718
39,0.21495327102803738,4.3893844239762
39,0.21962616822429906,8.519737361365658
39,0.22429906542056072,9.030930857141595
39,0.2289719626168224,14.541203859457049
39,0.23364485981308408,11.108959337074007
39,0.23831775700934577,12.944420861578935
39,0.24299065420560745,7.866200759193714
39,0.24766355140186913,15.433324088634636
39,0.2523364485981308,17.904194517133522
39,0.2570093457943925,5.594357662959315
39,0.2616822429906542,10.474983718069714
39,0.26635514018691586,10.110185338169263
39,0.27102803738317754,22.385424649241365
39,0.2757009345794392,14.160364271827069
39,0.2803738317757009,7.463791996012825
39,0.2850467289719626,28.60926470892134
39,0.2897196261682243,18.700794751811365
39,0.29439252336448596,16.14688430166787
39,0.29906542056074764,17.130106640898493
39,0.3037383177570093,8.063147172557493
39,0.308411214953271,9.806586618447772
39,0.3130841121495327,11.848732841584605
39,0.3177570093457944,7.696796381565931
39,0.32242990654205606,14.734041131973655
39,0.32710280373831774,7.9174037817013305
39,0.3317757009345794,10.700529699590707
39,0.3364485981308411,30.793139489559074
39,0.3411214953271028,9.539849381847315
39,0.34579439252336447,9.668800216722646
39,0.35046728971962615,9.645759200735535
39,0.35514018691588783,20.589770481133346
39,0.3598130841121495,6.223597444420386
39,0.3644859813084112,24.601712222604394
39,0.3691588785046729,21.388198020339573
39,0.37383177570093457,28.190030932284387
39,0.37850467289719625,13.309749734790202
39,0.38317757009345793,11.795178931018082
39,0.3878504672897196,7.441997482269665
39,0.3925233644859813,20.73399100477698
39,0.397196261682243,7.590754951916662
39,0.40186915887850466,3.8909045522037853
39,0.40654205607476634,6.5727998693334
39,0.411214953271028,19.23510072449214
39,0.4158878504672897,4.023045790906867
39,0.4205607476635514,20.42571374088103
39,0.4252336448598131,23.655538031861415
39,0.42990654205607476,26.79017722470692
39,0.43457943925233644,22.299964289349752
39,0.4392523364485981,39.507993452687025
39,0.4439252336448598,20.300120826898223
39,0.44859813084112143,7.421422513586614
39,0.4532710280373831,2.2302989504131534
39,0.4579439252336448,12.660878651904529
39,0.4626168224299065,4.557439191349007
39,0.46728971962616817,18.531649215474427
39,0.47196261682242985,6.925270697949576
39,0.47663551401869153,3.5514145486446154
39,0.4813084112149532,7.294075293241449
39,0.4859813084112149,22.365478689393772
39,0.4906542056074766,8.377576449537967
39,0.49532710280373826,5.3282780014749855
40,0.0,2.3092638912203256e-14
40,0.0049261083743842365,6.5592038491496565
40,0.009852216748768473,26.094391085494472
40,0.014778325123152709,7.961890807959596
40,0.019704433497536946,18.495951570708485
40,0.024630541871921183,13.7055834634483
40,0.029556650246305417,17.41605963507907
40,0.034482758620689655,4.417047163350783
40,0.03940886699507389,16.72372894481406
40,0.04433497536945813,15.493283692700555
40,0.04926108374384237,7.422485312429948
40,0.054187192118226604,1.8910240999784023
40,0.059113300492610835,11.398644641690854
40,0.06403940886699508,10.699005858985124
40,0.06896551724137931,11.85694721731515
40,0.07389162561576355,8.949964206221646
40,0.07881773399014778,9.747304860489255
40,0.08374384236453201,5.447314004931529
40,0.08866995073891626,11.445217814007732
40,0.09359605911330049,4.630172863435714
40,0.09852216748768473,17.896239012244983
40,0.10344827586206896,19.707182999222283
40,0.10837438423645321,14.904186819287117
40,0.11330049261083744,34.23373049487458
40,0.11822660098522167,8.98724641250287
40,0.12315270935960591,14.42321828894146
40,0.12807881773399016,11.962160553926749
40,0.1330049261083744,4.452051622718032
40,0.13793103448275862,12.861259590048153
40,0.14285714285714285,10.381334855423805
40,0.1477832512315271,13.694646307299005
40,0.15270935960591134,13.473865083417552
40,0.15763546798029557,20.9039394120223
40,0.1625615763546798,19.417749102031767
40,0.16748768472906403,6.288282088075684
40,0.1724137931034483,11.768308797571178
40,0.17733990147783252,8.195972111436248
40,0.18226600985221675,1.9432309173972782
40,0.18719211822660098,12.269166000921068
40,0.19211822660098524,7.025010170028128
40,0.19704433497536947,14.483478956343008
40,0.2019704433497537,18.23635455635582
40,0.20689655172413793,12.650085643226223
40,0.21182266009852216,7.457715118806718
40,0.21674876847290642,23.945850958820788
40,0.22167487684729065,5.888345330754706
40,0.22660098522167488,23.411790535503417
40,0.2315270935960591,6.901896360988287
40,0.23645320197044334,13.635610880100984
40,0.2413793103448276,14.28987851910947
40,0.24630541871921183,17.164239885979903
40,0.2512315270935961,9.258507073736906
40,0.2561576354679803,14.279632846776051
40,0.26108374384236455,16.108236087345126
40,0.2660098522167488,16.329986327078053
40,0.270935960591133,8.228080858576606
40,0.27586206896551724,9.404145041925403
40,0.28078817733990147,12.567826877555587
40,0.2857142857142857,21.007729003542842
40,0.29064039408866993,21.913273896357378
40,0.2955665024630542,7.8413298820296164
40,0.30049261083743845,6.308681524940694
40,0.3054187192118227,4.3482190365523214
40,0.3103448275862069,9.294326852706304
40,0.31527093596059114,25.8385160911986
40,0.32019704433497537,7.628074292272253
40,0.3251231527093596,1.9972627238631329
40,0.33004926108374383,22.956633062130795
40,0.33497536945812806,11.620147977846164
40,0.33990147783251234,7.7230043510825706
40,0.3448275862068966,19.949677614261212
40,0.3497536945812808,19.400750789580542
40,0.35467980295566504,22.949102775351687
40,0.35960591133004927,2.031421321945604
40,0.3645320197044335,9.243936891342367
40,0.3694581280788177,10.535893842011957
40,0.37438423645320196,15.852580244537187
40,0.3793103448275862,14.44473935695411
40,0.3842364532019705,13.23684959300307
40,0.3891625615763547,3.748438942498328
40,0.39408866995073893,4.6739550712160085
40,0.39901477832512317,18.909112397461634
40,0.4039408866995074,13.033032724365626
40,0.4088669950738916,24.061982684717062
40,0.41379310344827586,14.348522880269881
40,0.4187192118226601,17.748089826465495
40,0.4236453201970443,19.854998667410868
40,0.4285714285714286,16.974916849235324
40,0.43349753694581283,5.612791483608258
40,0.43842364532019706,14.892948953766995
40,0.4433497536945813,8.974261096133535
40,0.4482758620689655,15.178124565302419
40,0.45320197044334976,4.83076818137025
40,0.458128078817734,11.071528966670193
40,0.4630541871921182,13.974023512419961
40,0.46798029556650245,16.89921686774934
40,0.4729064039408867,12.285257086043137
40,0.47783251231527096,15.060139309808624
40,0.4827586206896552,17.247821188084057
40,0.4876847290640394,13.45341056965866
40,0.49261083743842365,16.187184264695563
40,0.4975369458128079,6.052865495727759
41,0.0,7.105427357601002e-15
41,0.0048543689320388345,23.12648438894027
41,0.009708737864077669,17.757186055838297
41,0.014563106796116504,13.842381838401904
41,0.019417475728155338,13.458251585036642
41,0.02427184466019417,27.905902367924362
41,0.029126213592233007,15.301986000280875
41,0.03398058252427184,4.351736794448403
41,0.038834951456310676,19.436980910321147
41,0.04368932038834951,17.880599530144757
41,0.04854368932038834,28.72703389498575
41,0.05339805825242718,12.752741037068803
41,0.058252427184466014,28.172890467536654
41,0.06310679611650485,10.908657345773689
41,0.06796116504854369,2.081852669347644
41,0.07281553398058252,13.428696926684884
41,0.07766990291262135,14.594071859583664
41,0.08252427184466019,22.474455286641557
41,0.08737864077669902,8.935548129983566
41,0.09223300970873785,7.7039909372297295
41,0.09708737864077668,7.609345570069034
41,0.10194174757281553,4.685015337375888
41,0.10679611650485436,5.050772783477462
41,0.1116504854368932,9.000232313128894
41,0.11650485436893203,16.65056185223211
41,0.12135922330097086,25.38944897467165
41,0.1262135922330097,21.306322817083505
41,0.13106796116504854,12.914536099936772
41,0.13592233009708737,11.052885533107892
41,0.1407766990291262,10.117908987710218
41,0.14563106796116504,1.2166479183729917
41,0.15048543689320387,10.42930385890346
41,0.1553398058252427,13.992592781325815
41,0.16019417475728154,11.319597697121598
41,0.16504854368932037,11.395818753274927
41,0.1699029126213592,7.899421215510325
41,0.17475728155339804,5.0551027209251975
41,0.17961165048543687,16.89415998606556
41,0.1844660194174757,16.70377458666456
41,0.18932038834951453,12.517701183660307
41,0.19417475728155337,2.304999425888573
41,0.19902912621359223,4.1644226008655885
41,0.20388349514563106,0.796496105400313
41,0.2087378640776699,8.889469132727417
41,0.21359223300970873,14.471763232971671
41,0.21844660194174756,7.90991053604754
41,0.2233009708737864,3.8772529023748636
41,0.22815533980582522,5.079934128996076
41,0.23300970873786406,13.297586624732983
41,0.2378640776699029,8.37378021021456
41,0.24271844660194172,10.062294535138218
41,0.24757281553398056,16.518637970923173
41,0.2524271844660194,14.967734200938793
41,0.25728155339805825,12.248274256383981
41,0.2621359223300971,11.654980068662491
41,0.2669902912621359,4.685362673929728
41,0.27184466019417475,11.212444689682105
41,0.2766990291262136,3.0688386645141605
41,0.2815533980582524,6.5469042511973035
41,0.28640776699029125,5.527995242134236
41,0.2912621359223301,19.462838872280358
41,0.2961165048543689,8.959106612512903
41,0.30097087378640774,12.397218092609316
41,0.3058252427184466,10.292599753638125
41,0.3106796116504854,6.53491928841957
41,0.31553398058252424,12.663524926194029
41,0.3203883495145631,28.781984461178805
41,0.3252427184466019,2.8451428144456257
41,0.33009708737864074,3.1849434902871225
41,0.3349514563106796,24.265911192506223
41,0.3398058252427184,5.765952246736898
41,0.34466019417475724,7.176454299775096
41,0.3495145631067961,10.33322814003364
41,0.3543689320388349,26.089550563049656
41,0.35922330097087374,3.934438103843659
41,0.36407766990291257,14.51532651031423
41,0.3689320388349514,24.52084339239804
41,0.37378640776699024,6.3094878783517085
41,0.37864077669902907,27.83374629065125
41,0.3834951456310679,20.44338915734629
41,0.38834951456310673,5.525375605100877
41,0.3932038834951456,8.583995888743253
41,0.39805825242718446,13.385802988940158
41,0.4029126213592233,8.266724496707607
41,0.4077669902912621,12.562562243172357
41,0.41262135922330095,5.965190656720298
41,0.4174757281553398,24.213189853258612
41,0.4223300970873786,8.256338085574079
41,0.42718446601941745,13.330756299222646
41,0.4320388349514563,15.744453150933687
41,0.4368932038834951,7.796027317994071
41,0.44174757281553395,11.510867650752939
41,0.4466019417475728,14.278970753024208
41,0.4514563106796116,15.553162251773621
41,0.45631067961165045,14.331924871701965
41,0.4611650485436893,11.408789783752669
41,0.4660194174757281,13.644188761022582
41,0.47087378640776695,11.030475944825206
41,0.4757281553398058,4.436684204908128
41,0.4805825242718446,27.455914829741765
41,0.48543689320388345,18.98426335150822
41,0.4902912621359223,5.863258856825552
41,0.4951456310679611,25.592221413112043
42,0.0,4.884981308350689e-15
42,0.005681818181818182,20.590798330055918
42,0.011363636363636364,23.763488920978215
42,0.017045454545454544,16.520473334034865
42,0.022727272727272728,16.607204780012406
42,0.02840909090909091,10.434667926061522
42,0.03409090909090909,5.6008536797398385
42,0.03977272727272727,17.933879643876196
42,0.045454545454545456,9.3158966557691
42,0.05113636363636364,9.751533721141168
42,0.05681818181818182,15.723257200526296
42,0.0625,10.722101117034152
42,0.06818181818181818,22.31307442651286
42,0.07386363636363637,9.489215895994947
42,0.07954545454545454,14.647940412121638
42,0.08522727272727273,7.749559677557214
42,0.09090909090909091,20.41473957048142
42,0.09659090909090909,14.114582961693998
42,0.10227272727272728,17.90641089173149
42,0.10795454545454546,16.712758242408682
42,0.11363636363636365,18.138345450256914
42,0.11931818181818182,12.257696499195202
42,0.125,5.880462007141583
42,0.13068181818181818,12.635433313847678
42,0.13636363636363635,6.533728335453354
42,0.14204545454545456,18.801331554156015
42,0.14772727272727273,1.3922580317173598
42,0.1534090909090909,12.839953013359931
42,0.1590909090909091,6.549778519305994
42,0.16477272727272727,17.19975380806631
42,0.17045454545454547,15.171414927843035
42,0.17613636363636365,1.6157665843749536
42,0.18181818181818182,2.356048525312458
42,0.1875,5.285217329633425
42,0.19318181818181818,6.323117885171508
42,0.19886363636363638,8.136926768396751
42,0.20454545454545456,3.524141344713305
42,0.21022727272727273,8.781087458130903
42,0.2159090909090909,2.8960474093116986
42,0.2215909090909091,7.5003113111552455
42,0.2272727272727273,16.99720604551661
42,0.23295454545454547,11.378105001696005
42,0.23863636363636365,1.4453464766851476
42,0.24431818181818182,11.31873638297363
42,0.25,6.7439227773725605
42,0.2556818181818182,32.2249264334956
42,0.26136363636363635,5.32927185649724
42,0.26704545454545453,19.841442186594026
42,0.2727272727272727,9.401429252566121
42,0.27840909090909094,2.3481825256646855
42,0.2840909090909091,11.213372046648162
42,0.2897727272727273,14.199481653110016
42,0.29545454545454547,10.268347252655158
42,0.30113636363636365,6.002460091319332
42,0.3068181818181818,5.345033073756208
42,0.3125,5.818600941558823
42,0.3181818181818182,9.7810622319699
42,0.32386363636363635,24.932930127956006
42,0.32954545454545453,6.9578374597250505
42,0.33522727272727276,23.60626091452018
42,0.34090909090909094,7.051890640928675
42,0.3465909090909091,23.43047563327292
42,0.3522727272727273,3.5447255544778478
42,0.35795454545454547,5.104625460940118
42,0.36363636363636365,12.404504205554263
42,0.3693181818181818,18.4303955983211
42,0.375,11.625133103183309
42,0.3806818181818182,5.476536422835426
42,0.38636363636363635,3.423237034135457
42,0.39204545454545453,13.731961231242812
42,0.39772727272727276,5.746932056759008
42,0.40340909090909094,15.30787760177844
42,0.4090909090909091,8.92483809215748
42,0.4147727272727273,2.902351883382528
42,0.42045454545454547,8.522232062700837
42,0.42613636363636365,32.14913264916153
42,0.4318181818181818,15.073440965435758
42,0.4375,9.739629290362208
42,0.4431818181818182,8.825909873509245
42,0.44886363636363635,11.602310499108043
42,0.4545454545454546,21.373766510545572
42,0.46022727272727276,11.229431882549159
42,0.46590909090909094,3.7059294300460683
42,0.4715909090909091,17.242797777214502
42,0.4772727272727273,8.24764994761168
42,0.48295454545454547,8.001519775634172
42,0.48863636363636365,14.756244902953402
42,0.4943181818181818,2.484774489155288
43,0.0,1.1546319456101628e-14
43,0.0049504950495049506,14.19047942057144
43,0.009900990099009901,14.562988336278284
43,0.01485148514851485,3.5347384615515858
43,0.019801980198019802,3.589362387626641
43,0.024752475247524754,9.023999801310655
43,0.0297029702970297,8.692344045850426
43,0.034653465346534656,12.001846657526428
43,0.039603960396039604,9.092812886563923
43,0.04455445544554455,3.8269220107758057
43,0.04950495049504951,6.30669417471383
43,0.054455445544554455,7.594812760242513
43,0.0594059405940594,13.65512007293981
43,0.06435643564356436,20.32183058489012
43,0.06930693069306931,11.981568257055592
43,0.07425742574257425,10.285238089744908
43,0.07920792079207921,13.874053005868747
43,0.08415841584158416,21.123506401154998
43,0.0891089108910891,3.4144139738561616
43,0.09405940594059406,12.0886997416098
43,0.09900990099009901,2.761063024026199
43,0.10396039603960396,14.740304472245999
43,0.10891089108910891,11.178086460268915
43,0.11386138613861387,19.309006750582856
43,0.1188118811881188,15.112870303873752
43,0.12376237623762376,3.2752938310586277
43,0.12871287128712872,14.845332469984172
43,0.13366336633663367,25.189583582594455
43,0.13861386138613863,24.977165997215444
43,0.14356435643564355,19.05476577332915
43,0.1485148514851485,20.120131228502544
43,0.15346534653465346,7.41700798391107
43,0.15841584158415842,12.571546149195258
43,0.16336633663366337,7.363403125462448
43,0.16831683168316833,3.266045939082138
43,0.17326732673267328,8.42658835262877
43,0.1782178217821782,17.37574825998342
43,0.18316831683168316,2.2568891856018625
43,0.18811881188118812,26.182529144273477
43,0.19306930693069307,10.219833137192303
43,0.19801980198019803,13.108035024266107
43,0.20297029702970298,5.073675743834254
43,0.2079207920792079,5.86297881036957
43,0.21287128712871287,12.772971733782015
43,0.21782178217821782,7.992845354589582
43,0.22277227722772278,14.733813990717305
43,0.22772277227722773,2.662740671786026
43,0.23267326732673269,8.389969254546429
43,0.2376237623762376,10.055268985545487
43,0.24257425742574257,5.954888354612795
43,0.24752475247524752,23.456929778713825
43,0.2524752475247525,7.123456663632627
43,0.25742574257425743,9.821287251704668
43,0.2623762376237624,21.77288969982834
43,0.26732673267326734,14.66440046028849
43,0.2722772277227723,6.979186011514883
43,0.27722772277227725,11.548969758629475
43,0.2821782178217822,22.80712906005488
43,0.2871287128712871,14.36751295877655
43,0.29207920792079206,18.808683565319047
43,0.297029702970297,28.450415019189606
43,0.30198019801980197,5.698856722049901
43,0.3069306930693069,16.930112363868673
43,0.3118811881188119,9.66916967065924
43,0.31683168316831684,6.926307189161267
43,0.3217821782178218,10.471652217476063
43,0.32673267326732675,14.830185023032989
43,0.3316831683168317,9.327573791922909
43,0.33663366336633666,3.6658024442913555
43,0.3415841584158416,31.013785855875327
43,0.34653465346534656,14.865887152484428
43,0.35148514851485146,8.69269192310269
43,0.3564356435643564,11.063206369309976
43,0.3613861386138614,13.148999747231718
43,0.36633663366336633,13.50966330787637
43,0.3712871287128713,5.948693249537599
43,0.37623762376237624,13.987405450654148
43,0.3811881188118812,8.241110363760695
43,0.38613861386138615,5.407926135941906
43,0.3910891089108911,31.662346927790225
43,0.39603960396039606,14.095418368255356
43,0.400990099009901,3.6450342833301193
43,0.40594059405940597,5.676509497823282
43,0.4108910891089109,8.703255559017467
43,0.4158415841584158,13.797724818473242
43,0.4207920792079208,0.10393945951327474
43,0.42574257425742573,20.179303479747713
43,0.4306930693069307,22.51900463591331
43,0.43564356435643564,24.76712471248244
43,0.4405940594059406,9.42292784320779
43,0.44554455445544555,14.710790812128355
43,0.4504950495049505,4.645626221155853
43,0.45544554455445546,12.519190006716723
43,0.4603960396039604,3.5640579408872717
43,0.46534653465346537,20.88425033741681
43,0.4702970297029703,17.311274838553928
43,0.4752475247524752,19.360633355488652
43,0.4801980198019802,16.78302375704298
43,0.48514851485148514,18.01705602686462
43,0.4900990099009901,13.331998966849772
43,0.49504950495049505,20.736906694957504
44,0.0,2.4868995751603507e-14
44,0.00510204081632653,3.928069437173249
44,0.01020408163265306,29.340748025872987
44,0.015306122448979591,33.708595970268156
44,0.02040816326530612,21.662471242429064
44,0.02551020408163265,16.691706773274554
44,0.030612244897959183,21.405690193485942
44,0.03571428571428571,16.49829515939984
44,0.04081632653061224,7.032412535439386
44,0.04591836734693877,2.74681037149796
44,0.0510204081632653,12.170899640977618
44,0.05612244897959183,15.098655412908187
44,0.061224489795918366,20.60478876402566
44,0.06632653061224489,20.225665625310445
44,0.07142857142857142,10.501650902095399
44,0.07653061224489795,5.274197747813583
44,0.08163265306122448,16.81811415871074
44,0.08673469387755102,23.00068045037128
44,0.09183673469387754,24.345340515313104
44,0.09693877551020408,15.469516939390422
44,0.1020408163265306,29.040243448907386
44,0.10714285714285714,10.494523059646141
44,0.11224489795918366,10.564841581271992
44,0.1173469387755102,8.012188010160491
44,0.12244897959183673,20.17083373843614
44,0.12755102040816327,10.903820852718072
44,0.13265306122448978,3.6862479036106963
44,0.1377551020408163,13.07043501165784
44,0.14285714285714285,21.174775431430394
44,0.14795918367346939,11.574261371825223
44,0.1530612244897959,16.5349985075899
44,0.15816326530612243,7.985663272310779
44,0.16326530612244897,13.174631568236686
44,0.1683673469387755,6.429614401320711
44,0.17346938775510204,11.502080388293194
44,0.17857142857142855,15.518321574236943
44,0.18367346938775508,8.968725392469894
44,0.18877551020408162,19.613857942666634
44,0.19387755102040816,4.522447497703738
44,0.19897959183673466,10.160598350899614
44,0.2040816326530612,2.2182316631960717
44,0.20918367346938774,13.390379441815442
44,0.21428571428571427,10.673700930692391
44,0.2193877551020408,7.838401332152142
44,0.22448979591836732,3.3483964199627696
44,0.22959183673469385,10.592795408996576
44,0.2346938775510204,16.93198978512606
44,0.23979591836734693,7.4822904881766314
44,0.24489795918367346,12.306436742942095
44,0.24999999999999997,12.935468055416422
44,0.25510204081632654,10.635437645397214
44,0.260204081632653,7.448054376420623
44,0.26530612244897955,11.799915341464445
44,0.2704081632653061,3.015638990053688
44,0.2755102040816326,15.347061690485033
44,0.28061224489795916,10.636144390276534
44,0.2857142857142857,9.216958755009104
44,0.29081632653061223,27.44749534978653
44,0.29591836734693877,15.53234509199252
44,0.3010204081632653,19.218312919828982
44,0.3061224489795918,13.20911548122257
44,0.3112244897959183,3.4191019085940946
44,0.31632653061224486,25.404768300015416
44,0.3214285714285714,7.4040643414979295
44,0.32653061224489793,16.345971060502368
44,0.33163265306122447,5.991488337503007
44,0.336734693877551,10.260780005567014
44,0.34183673469387754,13.554727902697467
44,0.3469387755102041,14.3277761213739
44,0.35204081632653056,2.970337381569597
44,0.3571428571428571,5.409263294478399
44,0.36224489795918363,1.736651172221297
44,0.36734693877551017,9.566551151061637
44,0.3724489795918367,3.6163865108976183
44,0.37755102040816324,15.463439085486971
44,0.3826530612244898,12.210453321095898
44,0.3877551020408163,22.28336551775935
44,0.39285714285714285,1.4658618608716762
44,0.39795918367346933,1.967306490110824
44,0.40306122448979587,3.5842763138194327
44,0.4081632653061224,8.343548278341139
44,0.41326530612244894,6.707437745820403
44,0.4183673469387755,1.6294142141737518
44,0.423469387755102,6.491527376580224
44,0.42857142857142855,13.756460425166823
44,0.4336734693877551,14.449242010267108
44,0.4387755102040816,13.945136548853153
44,0.4438775510204081,11.305111332922554
44,0.44897959183673464,10.336295995411444
44,0.4540816326530612,1.5173993141704534
44,0.4591836734693877,14.76493535818264
44,0.46428571428571425,17.337341522796276
44,0.4693877551020408,12.565872722941327
44,0.4744897959183673,19.23620209550915
44,0.47959183673469385,9.586496835879057
44,0.4846938775510204,9.27874160299672
44,0.4897959183673469,21.75905247200371
44,0.4948979591836734,4.496777585689058
45,0.0,3.730349362740526e-14
45,0.004878048780487805,20.779349332558944
45,0.00975609756097561,30.221107171317154
45,0.014634146341463414,11.458529985206768
45,0.01951219512195122,11.854109406320418
45,0.024390243902439025,7.9657370739978655
45,0.029268292682926828,18.77678100833428
45,0.03414634146341464,7.613290219327397
45,0.03902439024390244,4.261623199387504
45,0.04390243902439024,25.497658740785884
45,0.04878048780487805,3.994031214423687
45,0.05365853658536585,13.092280251597883
45,0.058536585365853655,10.94340823391621
45,0.06341463414634146,5.77823345518631
45,0.06829268292682927,7.515160687664965
45,0.07317073170731707,11.829575644306564
45,0.07804878048780488,20.58713081491558
45,0.08292682926829269,3.8512353653224345
45,0.08780487804878048,10.798991755461074
45,0.09268292682926829,12.8316104267513
45,0.0975609756097561,16.32133321811208
45,0.1024390243902439,13.865710656795011
45,0.1073170731707317,24.16958880494464
45,0.11219512195121951,4.745976975426252
45,0.11707317073170731,11.23252502065096
45,0.12195121951219512,11.993790319542953
45,0.12682926829268293,15.095871313818632
45,0.13170731707317074,4.239659944407029
45,0.13658536585365855,4.212064484509936
45,0.14146341463414633,16.94598222765608
45,0.14634146341463414,13.217362835415376
45,0.15121951219512195,14.007699080266958
45,0.15609756097560976,19.070752878186806
45,0.16097560975609757,3.215546701053328
45,0.16585365853658537,1.5040987576375604
45,0.17073170731707318,15.939861691037377
45,0.17560975609756097,14.940794000402926
45,0.18048780487804877,2.1735611782349293
45,0.18536585365853658,13.812329970280379
45,0.1902439024390244,15.105800415921221
45,0.1951219512195122,5.460547077587833
45,0.2,32.824496912398885
45,0.2048780487804878,21.330544378221134
45,0.2097560975609756,15.157046408895209
45,0.2146341463414634,12.455389880540219
45,0.21951219512195122,19.623605104591633
45,0.22439024390243903,5.564830413317914
45,0.22926829268292684,7.349667416714687
45,0.23414634146341462,5.394123533023363
45,0.23902439024390243,5.426452449339614
45,0.24390243902439024,2.224253332765876
45,0.24878048780487805,5.5971811739514
45,0.25365853658536586,4.0213225935923065
45,0.25853658536585367,5.987628444207823
45,0.2634146341463415,10.639613497065017
45,0.2682926829268293,14.514074428414164
45,0.2731707317073171,7.007045223516603
45,0.2780487804878049,15.180468005977872
45,0.28292682926829266,3.2329547365409956
45,0.28780487804878047,17.576576631837813
45,0.2926829268292683,6.80301982985585
45,0.2975609756097561,15.519987430103333
45,0.3024390243902439,21.8279782581934
45,0.3073170731707317,11.244911085115593
45,0.3121951219512195,2.5755988871856808
45,0.3170731707317073,18.76812065776059
45,0.32195121951219513,5.3556039154478094
45,0.32682926829268294,13.193678930206692
45,0.33170731707317075,18.19118720075349
45,0.33658536585365856,13.01119350187294
45,0.34146341463414637,12.99348566056937
45,0.3463414634146341,24.780769301301273
45,0.35121951219512193,20.02549262659656
45,0.35609756097560974,14.267696994259234
45,0.36097560975609755,19.957656348087706
45,0.36585365853658536,20.039193834427113
45,0.37073170731707317,13.816601860558412
45,0.375609756097561,4.842146907802709
45,0.3804878048780488,3.3674683434412516
45,0.3853658536585366,3.893854292940037
45,0.3902439024390244,18.94015108791171
45,0.3951219512195122,10.856564099426832
45,0.4,20.099644199390937
45,0.40487804878048783,14.140747635619949
45,0.4097560975609756,16.990905682105165
45,0.4146341463414634,6.67525363579817
45,0.4195121951219512,14.069662663351902
45,0.424390243902439,14.319382515538207
45,0.4292682926829268,14.316493050252108
45,0.43414634146341463,11.56145839775612
45,0.43902439024390244,23.44013165864124
45,0.44390243902439025,9.666832050831427
45,0.44878048780487806,11.444609602265924
45,0.45365853658536587,14.192658517287526
45,0.4585365853658537,14.47060298492535
45,0.4634146341463415,9.273108623855176
45,0.46829268292682924,12.744611682870747
45,0.47317073170731705,17.506705366252113
45,0.47804878048780486,29.91309379330196
45,0.48292682926829267,20.903581406175004
45,0.4878048780487805,7.416920512617354
45,0.4926829268292683,5.357006181260789
45,0.4975609756097561,16.87184169622525
46,0.0,1.7763568394002505e-15
46,0.00558659217877095,22.82477824912986
46,0.0111731843575419,19.182480232047464
46,0.01675977653631285,1.801055675556792
46,0.0223463687150838,16.586859727590465
46,0.02793296089385475,12.828762276318438
46,0.0335195530726257,13.795457364974173
46,0.03910614525139665,6.340791518958342
46,0.0446927374301676,22.31082524018388
46,0.05027932960893855,19.20535783129664
46,0.0558659217877095,6.329340158957789
46,0.06145251396648045,10.71141007840491
46,0.0670391061452514,8.569258713737792
46,0.07262569832402235,11.214446659340368
46,0.0782122905027933,4.842360466141608
46,0.08379888268156425,12.365821471176265
46,0.0893854748603352,13.824239836187553
46,0.09497206703910614,24.10232691259726
46,0.1005586592178771,18.82942837854978
46,0.10614525139664804,7.500368533551484
46,0.111731843575419,11.250127053360409
46,0.11731843575418995,8.84232208778526
46,0.1229050279329609,2.0001396119738937
46,0.12849162011173185,13.279389427331864
46,0.1340782122905028,10.674712121958803
46,0.13966480446927373,16.418209671617706
46,0.1452513966480447,19.908991421934566
46,0.15083798882681565,11.358888469886622
46,0.1564245810055866,14.712236264668851
46,0.16201117318435754,14.83644719898501
46,0.1675977653631285,1.9754594827729821
46,0.17318435754189945,5.291536300184899
46,0.1787709497206704,15.468657644260952
46,0.18435754189944134,5.000191939245135
46,0.18994413407821228,1.1598239415140923
46,0.19553072625698326,8.975458860697165
46,0.2011173184357542,3.871934956405983
46,0.20670391061452514,11.036904977320887
46,0.2122905027932961,12.37708254741197
46,0.21787709497206706,0.9891672962490818
46,0.223463687150838,5.80469329345189
46,0.22905027932960895,6.179681052533448
46,0.2346368715083799,16.11354980071635
46,0.24022346368715083,9.804715266865943
46,0.2458100558659218,17.09110277754125
46,0.25139664804469275,1.386708995978561
46,0.2569832402234637,13.951374150902138
46,0.26256983240223464,4.772955154968322
46,0.2681564245810056,9.329301038777563
46,0.2737430167597765,2.736630612218209
46,0.27932960893854747,22.186294898033108
46,0.28491620111731847,5.357507496275001
46,0.2905027932960894,6.102522803126091
46,0.29608938547486036,8.836846956322583
46,0.3016759776536313,7.317011429486468
46,0.30726256983240224,15.888923195061253
46,0.3128491620111732,12.654529789165496
46,0.31843575418994413,12.685478482367634
46,0.3240223463687151,10.540795622687197
46,0.329608938547486,11.63514364363794
46,0.335195530726257,6.0469874414677705
46,0.34078212290502796,10.036938468980729
46,0.3463687150837989,12.765732975775977
46,0.35195530726256985,14.30498353486732
46,0.3575418994413408,21.18924902052188
46,0.36312849162011174,0.6940828637464437
46,0.3687150837988827,27.68179448867746
46,0.3743016759776536,14.721845474543032
46,0.37988826815642457,18.52012422431331
46,0.38547486033519557,25.237176028162544
46,0.3910614525139665,8.82185907887335
46,0.39664804469273746,9.689889229382946
46,0.4022346368715084,11.930804526438727
46,0.40782122905027934,20.830797863877144
46,0.4134078212290503,13.74160613648633
46,0.41899441340782123,28.476623308001148
46,0.4245810055865922,20.340848688310334
46,0.4301675977653631,1.604016127217024
46,0.4357541899441341,8.771250542154805
46,0.44134078212290506,4.582329837949981
46,0.446927374301676,10.374454128241828
46,0.45251396648044695,16.252554159282223
46,0.4581005586592179,12.071586322654376
46,0.46368715083798884,8.831089231101853
46,0.4692737430167598,15.989886519396313
46,0.4748603351955307,10.84041855596956
46,0.48044692737430167,8.525263166523851
46,0.48603351955307267,3.692221143302328
46,0.4916201117318436,2.550842871595059
46,0.49720670391061456,26.35199142369865
47,0.0,8.881784197001252e-15
47,0.00558659217877095,5.106230362860125
47,0.0111731843575419,5.01039921668364
47,0.01675977653631285,8.591165461212674
47,0.0223463687150838,0.9937225011309326
47,0.02793296089385475,2.8398748003159207
47,0.0335195530726257,17.292503373822672
47,0.03910614525139665,10.976999596443637
47,0.0446927374301676,10.491671929968705
47,0.05027932960893855,20.165533711243853
47,0.0558659217877095,1.9893972388818946
47,0.06145251396648045,8.401718121200858
47,0.0670391061452514,3.5323016296317777
47,0.07262569832402235,20.519491560738057
47,0.0782122905027933,16.05912886110804
47,0.08379888268156425,17.521047470587792
47,0.0893854748603352,18.15573845043734
47,0.09497206703910614,19.706828618973685
47,0.1005586592178771,9.978102516495792
47,0.10614525139664804,16.89440306080428
47,0.111731843575419,13.347708480491864
47,0.11731843575418995,2.5306711399765414
47,0.1229050279329609,9.255596073834488
47,0.12849162011173185,6.218122936598901
47,0.1340782122905028,22.244848660780068
47,0.13966480446927373,12.802515453990823
47,0.1452513966480447,5.1417628695793525
47,0.15083798882681565,2.240169633887423
47,0.1564245810055866,6.512482476088271
47,0.16201117318435754,19.088744569792308
47,0.1675977653631285,5.500510675924284
47,0.17318435754189945,8.673566432327375
47,0.1787709497206704,17.524383353157962
47,0.18435754189944134,20.50637945858346
47,0.18994413407821228,26.471794843817342
47,0.19553072625698326,4.0514542591300176
47,0.2011173184357542,6.120506709684103
47,0.20670391061452514,8.449499384283753
47,0.2122905027932961,8.097545871550048
47,0.21787709497206706,7.757766666022421
47,0.223463687150838,11.047034366750545
47,0.22905027932960895,6.356754028318023
47,0.2346368715083799,15.112716262820644
47,0.24022346368715083,4.919412968502403
47,0.2458100558659218,25.80717915128569
47,0.25139664804469275,7.587541660020037
47,0.2569832402234637,6.120886495183527
47,0.26256983240223464,23.58036997203285
47,0.2681564245810056,7.36784561843912
47,0.2737430167597765,17.185292013777968
47,0.27932960893854747,4.594432605837537
47,0.28491620111731847,17.087019714984915
47,0.2905027932960894,16.31630240272092
47,0.29608938547486036,15.5339941427612
47,0.3016759776536313,2.592444375524119
47,0.30726256983240224,6.290262413857172
47,0.3128491620111732,23.30609766154648
47,0.31843575418994413,22.62113102327729
47,0.3240223463687151,6.246106841071519
47,0.329608938547486,20.372912304667512
47,0.335195530726257,15.822350558232715
47,0.34078212290502796,7.426380232267729
47,0.3463687150837989,7.187664518694262
47,0.35195530726256985,5.7690409252538215
47,0.3575418994413408,15.681453162878283
47,0.36312849162011174,4.0983901564064995
47,0.3687150837988827,14.676013377636979
47,0.3743016759776536,6.986290596114474
47,0.37988826815642457,20.95765540904371
47,0.38547486033519557,18.974570781523056
47,0.3910614525139665,10.884399487654282
47,0.39664804469273746,9.608054184503468
47,0.4022346368715084,12.012210181553789
47,0.40782122905027934,15.359343793172428
47,0.4134078212290503,8.375513002126679
47,0.41899441340782123,4.720586615606016
47,0.4245810055865922,21.2075965491866
47,0.4301675977653631,19.569358383778756
47,0.4357541899441341,17.25050752667469
47,0.44134078212290506,15.35903948744631
47,0.446927374301676,7.548165840575903
47,0.45251396648044695,17.494744851539064
47,0.4581005586592179,12.059849672827404
47,0.46368715083798884,2.566370897039411
47,0.4692737430167598,13.404760873730877
47,0.4748603351955307,12.560967061339698
47,0.48044692737430167,8.148613042191219
47,0.48603351955307267,12.532485768260338
47,0.4916201117318436,15.961119234142565
47,0.49720670391061456,5.380306754957269
48,0.0,1.4210854715202004e-14
48,0.005376344086021506,13.939257760087312
48,0.010752688172043012,14.147026422751319
48,0.016129032258064516,11.282849493351764
48,0.021505376344086023,9.419945067690174
48,0.02688172043010753,6.389938754448176
48,0.03225806451612903,20.132311618282085
48,0.03763440860215054,11.990237884697406
48,0.043010752688172046,4.8816580009949755
48,0.048387096774193554,3.6628113310837582
48,0.05376344086021506,16.123603580294787
48,0.05913978494623656,7.580923530969038
48,0.06451612903225806,9.994579854785618
48,0.06989247311827958,14.219769102174507
48,0.07526881720430108,8.021906719576721
48,0.08064516129032259,6.6902934547069925
48,0.08602150537634409,7.8694805385238285
48,0.0913978494623656,16.474904961517712
48,0.09677419354838711,6.418901809432527
48,0.10215053763440861,13.74352121038411
48,0.10752688172043012,17.405348123347885
48,0.11290322580645162,7.171639968314869
48,0.11827956989247312,4.951936381048337
48,0.12365591397849464,5.220168709682019
48,0.12903225806451613,20.142499394713585
48,0.13440860215053765,12.717909133709172
48,0.13978494623655915,30.42926597643367
48,0.14516129032258066,6.18384766469937
48,0.15053763440860216,12.363911702552018
48,0.15591397849462366,18.364244362150956
48,0.16129032258064518,13.61498264538193
48,0.16666666666666669,12.957679995336116
48,0.17204301075268819,5.058061324400662
48,0.1774193548387097,3.320076911118904
48,0.1827956989247312,1.3691349997456497
48,0.18817204301075272,23.27875486250725
48,0.19354838709677422,4.486599956118856
48,0.19892473118279572,7.251565229445665
48,0.20430107526881722,4.85269451941067
48,0.20967741935483872,11.774662952074888
48,0.21505376344086025,12.152308216858964
48,0.22043010752688175,12.447284117957105
48,0.22580645161290325,16.309178462439963
48,0.23118279569892475,8.672309415274345
48,0.23655913978494625,10.680407405277187
48,0.24193548387096775,11.597132164447675
48,0.24731182795698928,19.560503726208694
48,0.25268817204301075,19.08837789173937
48,0.25806451612903225,10.028777703845599
48,0.2634408602150538,11.400258287013948
48,0.2688172043010753,15.273019540154982
48,0.2741935483870968,1.7876553019889885
48,0.2795698924731183,9.658343567451052
48,0.2849462365591398,13.441413944385182
48,0.2903225806451613,25.909939688504945
48,0.2956989247311828,18.910980151054616
48,0.3010752688172043,22.128517986532394
48,0.3064516129032258,14.369384896674218
48,0.3118279569892473,12.073550047827261
48,0.31720430107526887,6.365181009652519
48,0.32258064516129037,7.378226271565705
48,0.32795698924731187,20.59247269917887
48,0.33333333333333337,14.096991231963438
48,0.33870967741935487,20.01592706378294
48,0.34408602150537637,6.892635150705024
48,0.34946236559139787,28.900132874594163
48,0.3548387096774194,13.260215164462185
48,0.3602150537634409,2.5650124544380506
48,0.3655913978494624,13.339833236722546
48,0.3709677419354839,7.699466050406326
48,0.37634408602150543,4.57694245681464
48,0.38172043010752693,22.872326669076028
48,0.38709677419354843,6.153902288492908
48,0.39247311827956993,9.577306852306348
48,0.39784946236559143,8.185443472493583
48,0.40322580645161293,23.303518895614506
48,0.40860215053763443,17.721657000804893
48,0.41397849462365593,10.851658801664728
48,0.41935483870967744,12.096456152477574
48,0.42473118279569894,10.488096977182982
48,0.4301075268817205,8.165140974595111
48,0.435483870967742,14.668036892151376
48,0.4408602150537635,4.743642068158561
48,0.446236559139785,17.17109401268186
48,0.4516129032258065,1.8988443987464545
48,0.456989247311828,15.185007322337581
48,0.4623655913978495,8.623005676818773
48,0.467741935483871,13.43725297568707
48,0.4731182795698925,9.389991216583317
48,0.478494623655914,27.665403561060522
48,0.4838709677419355,10.7008617586118
48,0.48924731182795705,9.776252567831568
48,0.49462365591397855,13.933356933087513
49,0.0,7.549516567451064e-15
49,0.00510204081632653,5.607944976967491
49,0.01020408163265306,24.934700559410174
49,0.015306122448979591,22.347025506557483
49,0.02040816326530612,10.256510743102785
49,0.02551020408163265,14.558790732777156
49,0.030612244897959183,17.246326830157617
49,0.03571428571428571,16.418816303310187
49,0.04081632653061224,1.26575265556661
49,0.04591836734693877,2.941259738460784
49,0.0510204081632653,10.978244233967512
49,0.05612244897959183,12.217446352653836
49,0.061224489795918366,11.928102686161802
49,0.06632653061224489,10.864201045246292
49,0.07142857142857142,7.267256513281596
49,0.07653061224489795,15.234046805600192
49,0.08163265306122448,10.69944400212403
49,0.08673469387755102,11.024211181632339
49,0.09183673469387754,24.545821024015005
49,0.09693877551020408,7.585102532408836
49,0.1020408163265306,3.6119603541413428
49,0.10714285714285714,11.007813202699905
49,0.11224489795918366,7.557672920356497
49,0.1173469387755102,7.993813995673083
49,0.12244897959183673,9.533303831280836
49,0.12755102040816327,11.32369206060737
49,0.13265306122448978,10.730952012829743
49,0.1377551020408163,6.202608375510149
49,0.14285714285714285,2.4284317728424325
49,0.14795918367346939,12.024361732149162
49,0.1530612244897959,6.064558426957423
49,0.15816326530612243,14.193807285164578
49,0.16326530612244897,14.058145001389873
49,0.1683673469387755,16.528205581564144
49,0.17346938775510204,10.812933291995648
49,0.17857142857142855,7.6368737063475
49,0.18367346938775508,4.9201991094642405
49,0.18877551020408162,20.936622664529313
49,0.19387755102040816,21.06273347179393
49,0.19897959183673466,11.92197008107142
49,0.2040816326530612,13.127946193716719
49,0.20918367346938774,15.446104744034123
49,0.21428571428571427,2.7869760140290634
49,0.2193877551020408,20.251053535047173
49,0.22448979591836732,12.74464728851132
49,0.22959183673469385,18.660165581063207
49,0.2346938775510204,18.530066712459444
49,0.23979591836734693,7.624962008766354
49,0.24489795918367346,7.57242684136892
49,0.24999999999999997,5.408682511310263
49,0.25510204081632654,12.968300351507624
49,0.260204081632653,7.3049587117252806
49,0.26530612244897955,1.6824626460063006
49,0.2704081632653061,17.860228334644912
49,0.2755102040816326,11.263290521392788
49,0.28061224489795916,12.623341065938554
49,0.2857142857142857,29.42869380208785
49,0.29081632653061223,14.157260968335
49,0.29591836734693877,17.92297663064329
49,0.3010204081632653,9.645065186051122
49,0.3061224489795918,9.911737741570882
49,0.3112244897959183,12.923088499647397
49,0.31632653061224486,16.882462963988853
49,0.3214285714285714,17.70796945606281
49,0.32653061224489793,25.74182963760197
49,0.33163265306122447,12.983922317782822
49,0.336734693877551,2.9411609442784625
49,0.34183673469387754,3.8707107713516313
49,0.3469387755102041,20.29409533049821
49,0.35204081632653056,10.01451435003083
49,0.3571428571428571,14.449643222016332
49,0.36224489795918363,13.576166672466117
49,0.36734693877551017,8.004852993846733
49,0.3724489795918367,3.1115920504317085
49,0.37755102040816324,8.213611100652711
49,0.3826530612244898,9.838668267524021
49,0.3877551020408163,11.108483056464197
49,0.39285714285714285,22.0278843505274
49,0.39795918367346933,16.199291545133104
49,0.40306122448979587,18.421335933324645
49,0.4081632653061224,1.1367369054202627
49,0.41326530612244894,5.998292185934091
49,0.4183673469387755,9.019546760061552
49,0.423469387755102,18.009122397340427
49,0.42857142857142855,7.709153127431057
49,0.4336734693877551,4.895892485247774
49,0.4387755102040816,4.208673388221667
49,0.4438775510204081,22.438630254739685
49,0.44897959183673464,19.25006402125072
49,0.4540816326530612,17.95342909672614
49,0.4591836734693877,19.504609348195423
49,0.46428571428571425,23.135881913171293
49,0.4693877551020408,19.825895220795704
49,0.4744897959183673,22.6894227228551
49,0.47959183673469385,25.221944308391787
49,0.4846938775510204,5.949432521942196
49,0.4897959183673469,2.496535428992939
49,0.4948979591836734,16.676763117994692
50,0.0,3.1086244689504383e-15
50,0.006666666666666667,7.852469558326548
50,0.013333333333333334,15.774096803914139
50,0.02,11.106160571463834
50,0.02666666666666667,7.423404151639639
50,0.03333333333333333,0.6419247888168587
50,0.04,16.0833664008829
50,0.04666666666666667,16.737987994426984
50,0.05333333333333334,13.811624104025043
50,0.060000000000000005,11.235755354120194
50,0.06666666666666667,10.186442533213238
50,0.07333333333333333,5.213499442127139
50,0.08,8.607218206915555
50,0.08666666666666667,11.849958732505378
50,0.09333333333333334,9.97211069184018
50,0.1,8.848253897694814
50,0.10666666666666667,9.267948712325811
50,0.11333333333333334,14.389400734495283
50,0.12000000000000001,14.087124895976633
50,0.12666666666666668,7.724313576836342
50,0.13333333333333333,6.3266709929458
50,0.14,19.476391542590463
50,0.14666666666666667,4.860968711647675
50,0.15333333333333335,3.2868108672055487
50,0.16,3.9576518136294343
50,0.16666666666666669,11.530948808523815
50,0.17333333333333334,3.0402519499882135
50,0.18000000000000002,24.557413045987545
50,0.18666666666666668,2.63199278828626
50,0.19333333333333336,9.42736325995212
50,0.2,7.073850176778548
50,0.2066666666666667,5.70112145774316
50,0.21333333333333335,13.806738510929446
50,0.22,10.106474562731487
50,0.22666666666666668,14.004657301463459
50,0.23333333333333334,7.115152977480395
50,0.24000000000000002,7.179221996803511
50,0.24666666666666667,2.658215982213909
50,0.25333333333333335,13.891493408697677
50,0.26,16.70995339043084
50,0.26666666666666666,9.517711893162653
50,0.2733333333333334,16.31236652041289
50,0.28,22.519244453228595
50,0.2866666666666667,11.564637887644492
50,0.29333333333333333,17.970525014524164
50,0.30000000000000004,8.459810128099473
50,0.3066666666666667,5.797744891843249
50,0.31333333333333335,16.80182380315359
50,0.32,11.3705923087421
50,0.32666666666666666,14.128740950298836
50,0.33333333333333337,4.1756606594965096
50,0.34,4.970837891584265
50,0.3466666666666667,24.34614303893028
50,0.35333333333333333,16.259772452681453
50,0.36000000000000004,12.570746432320941
50,0.3666666666666667,26.57129613808246
50,0.37333333333333335,16.562170942712527
50,0.38,8.507465485726081
50,0.3866666666666667,13.956000647265736
50,0.39333333333333337,6.160109550610017
50,0.4,15.785354514173392
50,0.4066666666666667,17.292626791034536
50,0.4133333333333334,8.444496453743868
50,0.42000000000000004,16.536320234577826
50,0.4266666666666667,11.975190130943012
50,0.43333333333333335,9.119651947275793
50,0.44,11.700508135475925
50,0.4466666666666667,17.11529484804369
50,0.45333333333333337,5.54520806115536
50,0.46,14.179515532572145
50,0.4666666666666667,5.276391249491983
50,0.4733333333333334,2.3076561642272937
50,0.48000000000000004,6.282333650709473
50,0.4866666666666667,9.04256126862429
50,0.49333333333333335,6.560948914225726
51,0.0,6.217248937900877e-15
51,0.0049261083743842365,11.42025943725669
51,0.009852216748768473,4.336565779019523
51,0.014778325123152709,25.004971919526426
51,0.019704433497536946,1.767244372553487
51,0.024630541871921183,18.212762919045563
51,0.029556650246305417,10.552914720087397
51,0.034482758620689655,5.814667710716585
51,0.03940886699507389,16.60536316132489
51,0.04433497536945813,8.855412680283038
51,0.04926108374384237,1.9282672071623725
51,0.054187192118226604,6.48086679078402
51,0.059113300492610835,9.868298771955919
51,0.06403940886699508,18.178811370088873
51,0.06896551724137931,10.413489996382678
51,0.07389162561576355,1.8049860217184854
51,0.07881773399014778,8.43244708201418
51,0.08374384236453201,6.941006541634342
51,0.08866995073891626,28.123821649493614
51,0.09359605911330049,4.309555160637991
51,0.09852216748768473,18.18001797360196
51,0.10344827586206896,10.454466061417683
51,0.10837438423645321,28.522028917024624
51,0.11330049261083744,3.7480605017782875
51,0.11822660098522167,5.305539799179531
51,0.12315270935960591,12.980030696087912
51,0.12807881773399016,12.852104634222206
51,0.1330049261083744,10.107141870855676
51,0.13793103448275862,17.907105288011042
51,0.14285714285714285,9.255884800700048
51,0.1477832512315271,12.572446666128014
51,0.15270935960591134,4.566406497465456
51,0.15763546798029557,17.288296807015943
51,0.1625615763546798,19.54237800753936
51,0.16748768472906403,25.29238254091788
51,0.1724137931034483,19.94847991206813
51,0.17733990147783252,13.192699332258933
51,0.18226600985221675,15.981750191182186
51,0.18719211822660098,17.38564053724936
51,0.19211822660098524,30.58187669915246
51,0.19704433497536947,18.1329715809532
51,0.2019704433497537,21.75206636776763
51,0.20689655172413793,8.93089857865516
51,0.21182266009852216,12.328484443234048
51,0.21674876847290642,10.907155617484532
51,0.22167487684729065,13.703424156803166
51,0.22660098522167488,17.58549083859745
51,0.2315270935960591,1.168404386967217
51,0.23645320197044334,9.25578629565089
51,0.2413793103448276,28.743406711028175
51,0.24630541871921183,9.294505988640632
51,0.2512315270935961,0.7072010152315558
51,0.2561576354679803,11.166182314463537
51,0.26108374384236455,16.44432721546387
51,0.2660098522167488,4.778532400332237
51,0.270935960591133,14.79468070667656
51,0.27586206896551724,9.914986202234717
51,0.28078817733990147,5.20744250380538
51,0.2857142857142857,13.378587953425408
51,0.29064039408866993,13.914305924528975
51,0.2955665024630542,2.7010768360968065
51,0.30049261083743845,14.919479728488124
51,0.3054187192118227,14.874586183961663
51,0.3103448275862069,12.344660374167749
51,0.31527093596059114,6.524951382982085
51,0.32019704433497537,3.983071433006339
51,0.3251231527093596,13.851457398302948
51,0.33004926108374383,5.9972753380003985
51,0.33497536945812806,14.726489491136997
51,0.33990147783251234,9.08448493304378
51,0.3448275862068966,11.653425638684832
51,0.3497536945812808,19.876638530398786
51,0.35467980295566504,9.60849799047499
51,0.35960591133004927,16.993414107130185
51,0.3645320197044335,10.597037876619863
51,0.3694581280788177,8.116556211014654
51,0.37438423645320196,13.816778302901119
51,0.3793103448275862,2.0571957441076436
51,0.3842364532019705,8.443202053669667
51,0.3891625615763547,2.0881531469803414
51,0.39408866995073893,15.296966561809468
51,0.39901477832512317,11.225058048950032
51,0.4039408866995074,17.279119936072288
51,0.4088669950738916,15.169162730793772
51,0.41379310344827586,31.798332160276445
51,0.4187192118226601,0.8180253216205741
51,0.4236453201970443,7.199233267069859
51,0.4285714285714286,20.08236089454454
51,0.43349753694581283,24.48167227600988
51,0.43842364532019706,19.08473246965012
51,0.4433497536945813,12.095805922952945
51,0.4482758620689655,19.414616239408478
51,0.45320197044334976,14.58582604306976
51,0.458128078817734,14.303317084434207
51,0.4630541871921182,12.462120362111312
51,0.46798029556650245,8.474278441755347
51,0.4729064039408867,15.669809845345707
51,0.47783251231527096,13.559715188340475
51,0.4827586206896552,13.568656430308565
51,0.4876847290640394,10.875878670218217
51,0.49261083743842365,14.679637036578715
51,0.4975369458128079,3.2915589759808395
52,0.0,1.7319479184152442e-14
52,0.005405405405405406,7.639219827570163
52,0.010810810810810811,18.759594748556694
52,0.016216216216216217,9.700450827659221
52,0.021621621621621623,22.793883211464863
52,0.02702702702702703,7.823552763133069
52,0.032432432432432434,22.526139064093396
52,0.03783783783783784,4.923966725096759
52,0.043243243243243246,19.24772604810155
52,0.04864864864864865,20.762539060745272
52,0.05405405405405406,6.204519088276361
52,0.05945945945945946,19.93718286745905
52,0.06486486486486487,10.207231660572853
52,0.07027027027027027,14.55111473306486
52,0.07567567567567568,3.452661164110901
52,0.08108108108108109,6.120308323733827
52,0.08648648648648649,7.538833118455993
52,0.0918918918918919,8.565837201300841
52,0.0972972972972973,9.892230619574066
52,0.10270270270270271,17.06627430680501
52,0.10810810810810811,19.336057826961824
52,0.11351351351351352,17.407054524838316
52,0.11891891891891893,6.507255337749644
52,0.12432432432432433,4.564050902960183
52,0.12972972972972974,5.049484071106359
52,0.13513513513513514,19.22581959022885
52,0.14054054054054055,5.753976549853318
52,0.14594594594594595,6.901291215270596
52,0.15135135135135136,8.961965940469826
52,0.15675675675675677,6.40306579273954
52,0.16216216216216217,4.996085090201045
52,0.16756756756756758,7.728319458204069
52,0.17297297297297298,23.22876563312591
52,0.1783783783783784,12.850642421613165
52,0.1837837837837838,15.198927003082522
52,0.1891891891891892,10.923125653861009
52,0.1945945945945946,19.91470282404966
52,0.2,6.287923821948995
52,0.20540540540540542,26.803156446712467
52,0.21081081081081082,13.29610755807565
52,0.21621621621621623,24.252320284892996
52,0.22162162162162163,10.500630012305965
52,0.22702702702702704,18.42525271947066
52,0.23243243243243245,9.147171159997358
52,0.23783783783783785,6.994328858897323
52,0.24324324324324326,3.4314347071450655
52,0.24864864864864866,8.029342074249033
52,0.25405405405405407,20.02886794880019
52,0.2594594594594595,13.614158541937647
52,0.2648648648648649,6.997636956671507
52,0.2702702702702703,11.49967779334142
52,0.2756756756756757,16.50858835973431
52,0.2810810810810811,3.521227112697431
52,0.2864864864864865,9.895217769731804
52,0.2918918918918919,5.5837274271997295
52,0.2972972972972973,18.63980326130666
52,0.3027027027027027,16.160929675941556
52,0.3081081081081081,12.461549199388237
52,0.31351351351351353,7.402773358049801
52,0.31891891891891894,13.673725494232226
52,0.32432432432432434,13.935144374200519
52,0.32972972972972975,3.8690714662905297
52,0.33513513513513515,26.2694000011504
52,0.34054054054054056,2.461551810062837
52,0.34594594594594597,6.383877108042545
52,0.35135135135135137,4.8837999152915526
52,0.3567567567567568,21.198010533725366
52,0.3621621621621622,15.823386265379296
52,0.3675675675675676,15.715125275990983
52,0.372972972972973,8.721313912520168
52,0.3783783783783784,15.535588677980257
52,0.3837837837837838,11.323096701166557
52,0.3891891891891892,17.96388360763259
52,0.3945945945945946,14.517730389588614
52,0.4,6.703853585988272
52,0.40540540540540543,8.460439570787731
52,0.41081081081081083,12.703284585709913
52,0.41621621621621624,2.778858902507113
52,0.42162162162162165,18.159202139187613
52,0.42702702702702705,8.405807182241222
52,0.43243243243243246,20.948716856367547
52,0.43783783783783786,14.284599407126922
52,0.44324324324324327,13.772576402498007
52,0.4486486486486487,7.224408800201675
52,0.4540540540540541,14.847492201516056
52,0.4594594594594595,19.48608382430688
52,0.4648648648648649,2.2846340006816415
52,0.4702702702702703,15.559778125338637
52,0.4756756756756757,12.247959750638666
52,0.4810810810810811,4.527397274279141
52,0.4864864864864865,6.202181375504967
52,0.4918918918918919,11.14692343132721
52,0.4972972972972973,21.995579522041744
53,0.0,2.220446049250313e-15
53,0.005649717514124294,6.910476459458081
53,0.011299435028248588,16.4787484676647
53,0.01694915254237288,10.783222495802343
53,0.022598870056497175,2.542382280380797
53,0.02824858757062147,13.322045733742197
53,0.03389830508474576,1.770745831428307
53,0.03954802259887005,6.784088317244842
53,0.04519774011299435,1.6661184245195073
53,0.05084745762711865,4.885186070095512
53,0.05649717514124294,14.988698242300632
53,0.06214689265536723,11.760641493798508
53,0.06779661016949153,8.444559916363662
53,0.07344632768361582,24.61757905649694
53,0.0790960451977401,9.294227092359666
53,0.0847457627118644,17.88734830625649
53,0.0903954802259887,6.27687387443216
53,0.096045197740113,8.139150160932491
53,0.1016949152542373,8.259701975082187
53,0.10734463276836158,23.712084959695137
53,0.11299435028248588,16.961723819732537
53,0.11864406779661017,8.89208170364876
53,0.12429378531073446,24.072518918494154
53,0.12994350282485875,14.261615467279215
53,0.13559322033898305,14.050883221631192
53,0.14124293785310735,7.309963050225182
53,0.14689265536723164,4.795861253889799
53,0.15254237288135594,6.197847621761875
53,0.1581920903954802,20.932350778970417
53,0.1638418079096045,10.437896454642972
53,0.1694915254237288,14.254618335698359
53,0.1751412429378531,13.24494225731577
53,0.1807909604519774,12.633290270263021
53,0.1864406779661017,8.923149001581582
53,0.192090395480226,13.199255649129082
53,0.1977401129943503,19.36312189366954
53,0.2033898305084746,13.881532151583409
53,0.20903954802259886,13.801491709899839
53,0.21468926553672316,6.718675077995065
53,0.22033898305084745,15.93241273733896
53,0.22598870056497175,4.35186790286583
53,0.23163841807909605,14.667130954893821
53,0.23728813559322035,11.275355890813104
53,0.24293785310734464,9.28609023458873
53,0.2485875706214689,6.619494368831695
53,0.2542372881355932,8.78373794422819
53,0.2598870056497175,30.872227381356403
53,0.2655367231638418,13.136290700517991
53,0.2711864406779661,5.609788504846013
53,0.2768361581920904,9.380170987631303
53,0.2824858757062147,6.066579176344136
53,0.288135593220339,14.012832506127346
53,0.2937853107344633,10.621996868263121
53,0.2994350282485876,22.024666143692606
53,0.3050847457627119,15.453524141543085
53,0.3107344632768362,18.879981071021913
53,0.3163841807909604,6.36581217522136
53,0.3220338983050847,10.175037017827385
53,0.327683615819209,3.1690881909282576
53,0.3333333333333333,19.41526148037419
53,0.3389830508474576,1.4554651977557391
53,0.3446327683615819,17.3121517826173
53,0.3502824858757062,14.008407837556003
53,0.3559322033898305,2.7447239648250825
53,0.3615819209039548,17.09074977601918
53,0.3672316384180791,12.274076439902728
53,0.3728813559322034,8.898087096760259
53,0.3785310734463277,5.798554445578943
53,0.384180790960452,9.749828627485266
53,0.3898305084745763,10.0782816091384
53,0.3954802259887006,21.096097717910105
53,0.4011299435028249,19.766915718066738
53,0.4067796610169492,13.824292771041986
53,0.4124293785310734,19.28941068748319
53,0.4180790960451977,5.662448647568411
53,0.423728813559322,24.284878031413992
53,0.4293785310734463,5.2681108104895165
53,0.4350282485875706,20.670388498980856
53,0.4406779661016949,8.639905576505203
53,0.4463276836158192,12.06774309960851
53,0.4519774011299435,11.165434750403964
53,0.4576271186440678,0.020615462337508
53,0.4632768361581921,13.195473917872366
53,0.4689265536723164,5.24888991160531
53,0.4745762711864407,19.4412466547443
53,0.480225988700565,10.070295646932411
53,0.4858757062146893,9.290415130118223
53,0.4915254237288136,9.29108283147064
53,0.4971751412429378,15.0027072178216
54,0.0,6.661338147750939e-15
54,0.005813953488372093,19.896941291564477
54,0.011627906976744186,10.317741762195915
54,0.01744186046511628,18.302445177906332
54,0.023255813953488372,9.284924658161458
54,0.029069767441860465,9.065969747256274
54,0.03488372093023256,10.864667747964019
54,0.040697674418604654,1.358499399639622
54,0.046511627906976744,12.659110281121494
54,0.05232558139534883,8.982488024589355
54,0.05813953488372093,21.738442072385936
54,0.06395348837209303,16.713084165691175
54,0.06976744186046512,10.987396026838939
54,0.0755813953488372,2.974803152744141
54,0.08139534883720931,30.52632844388662
54,0.0872093023255814,2.898387860371915
54,0.09302325581395349,12.666597671716493
54,0.09883720930232558,1.0588071253358147
54,0.10465116279069767,18.14966694369138
54,0.11046511627906977,9.486489035996177
54,0.11627906976744186,5.557684890775759
54,0.12209302325581395,2.828685029234436
54,0.12790697674418605,8.187203720157466
54,0.13372093023255813,3.511869866420788
54,0.13953488372093023,5.59059579853599
54,0.14534883720930233,4.161880710867897
54,0.1511627906976744,11.153212933761354
54,0.1569767441860465,13.669185598760201
54,0.16279069767441862,17.249102612210837
54,0.1686046511627907,12.347098175228096
54,0.1744186046511628,11.222634084287996
54,0.18023255813953487,22.267310799945065
54,0.18604651162790697,3.8112333149610143
54,0.19186046511627908,9.510082301846284
54,0.19767441860465115,21.486878990467144
54,0.20348837209302326,17.459626670119558
54,0.20930232558139533,13.104378837651502
54,0.21511627906976744,11.493182564594406
54,0.22093023255813954,6.033925082152355
54,0.22674418604651161,18.883277388147487
54,0.23255813953488372,13.365406284453558
54,0.23837209302325582,7.78124544278314
54,0.2441860465116279,11.648050943416912
54,0.25,11.221428948283238
54,0.2558139534883721,19.283143326019278
54,0.2616279069767442,16.34715839792999
54,0.26744186046511625,2.960168178959772
54,0.27325581395348836,1.7860631363639288
54,0.27906976744186046,10.789569187868475
54,0.28488372093023256,14.92089990522487
54,0.29069767441860467,10.461883160819001
54,0.2965116279069767,19.381721147077634
54,0.3023255813953488,17.764208530953788
54,0.3081395348837209,8.636056539394911
54,0.313953488372093,8.811000317787908
54,0.31976744186046513,12.864017800431624
54,0.32558139534883723,4.057546403875516
54,0.3313953488372093,10.716988316694314
54,0.3372093023255814,13.515579272441503
54,0.3430232558139535,17.6827121722328
54,0.3488372093023256,8.128683370492624
54,0.3546511627906977,5.218417022753008
54,0.36046511627906974,11.566106561136664
54,0.36627906976744184,19.392216890109847
54,0.37209302325581395,9.247210322916402
54,0.37790697674418605,21.116355829485375
54,0.38372093023255816,8.45676083815969
54,0.3895348837209302,9.389843697508116
54,0.3953488372093023,13.65079897964673
54,0.4011627906976744,15.4306267965057
54,0.4069767441860465,5.327398546404931
54,0.4127906976744186,29.185676563483543
54,0.41860465116279066,13.64791294463169
54,0.42441860465116277,17.045801846885375
54,0.43023255813953487,10.984257588060837
54,0.436046511627907,10.698422732755096
54,0.4418604651162791,10.227690335114744
54,0.4476744186046512,10.810051663938138
54,0.45348837209302323,20.14797417112689
54,0.45930232558139533,3.288870798756123
54,0.46511627906976744,10.952398526332127
54,0.47093023255813954,15.10427128294351
54,0.47674418604651164,11.201969529153297
54,0.4825581395348837,10.62413723435198
54,0.4883720930232558,9.613018613494878
54,0.4941860465116279,6.33350464097241
55,0.0,3.552713678800501e-15
55,0.006666666666666667,8.505552009941079
55,0.013333333333333334,34.515943466721026
55,0.02,2.5901205102938714
55,0.02666666666666667,17.457416638052706
55,0.03333333333333333,5.260535864124186
55,0.04,9.077556064516084
55,0.04666666666666667,12.16062228000661
55,0.05333333333333334,3.7926520651389066
55,0.060000000000000005,15.184657156913525
55,0.06666666666666667,12.405318850716332
55,0.07333333333333333,3.146757335061431
55,0.08,7.7046853100869255
55,0.08666666666666667,15.189954757397487
55,0.09333333333333334,13.212275046167095
55,0.1,9.237395142544086
55,0.10666666666666667,9.648970711769639
55,0.11333333333333334,5.404637200435062
55,0.12000000000000001,3.9435867378326135
55,0.12666666666666668,0.923007938833542
55,0.13333333333333333,12.753184434714814
55,0.14,15.81075002955879
55,0.14666666666666667,1.844550397317428
55,0.15333333333333335,7.605216781830004
55,0.16,19.05096065476344
55,0.16666666666666669,4.760767730168773
55,0.17333333333333334,7.704252721541519
55,0.18000000000000002,11.75544736526632
55,0.18666666666666668,6.664666432765026
55,0.19333333333333336,3.022171359965584
55,0.2,10.015077850445957
55,0.2066666666666667,20.835044455171964
55,0.21333333333333335,8.510190950029353
55,0.22,23.932988472803483
55,0.22666666666666668,5.001617674143452
55,0.23333333333333334,20.0690073244119
55,0.24000000000000002,16.809255404743443
55,0.24666666666666667,7.888032142999197
55,0.25333333333333335,14.075499503295038
55,0.26,8.355691016590704
55,0.26666666666666666,7.919995124818789
55,0.2733333333333334,21.136897726603145
55,0.28,10.645317134886511
55,0.2866666666666667,8.779129822487198
55,0.29333333333333333,10.071545379737131
55,0.30000000000000004,9.592923771254345
55,0.3066666666666667,8.202643557630738
55,0.31333333333333335,6.95100780707391
55,0.32,11.62636219320183
55,0.32666666666666666,6.791327177073977
55,0.33333333333333337,7.088516106910109
55,0.34,12.857054955177551
55,0.3466666666666667,9.92895636139055
55,0.35333333333333333,32.13359289613064
55,0.36000000000000004,13.576811727770885
55,0.3666666666666667,13.271565048037626
55,0.37333333333333335,10.898083023332553
55,0.38,12.350906197353588
55,0.3866666666666667,15.010471608525346
55,0.39333333333333337,4.987321472251787
55,0.4,3.0543141101745577
55,0.4066666666666667,20.939756359680302
55,0.4133333333333334,11.17058202409031
55,0.42000000000000004,14.6357816100427
55,0.4266666666666667,7.199283866522486
55,0.43333333333333335,6.078356508374544
55,0.44,9.59366881632903
55,0.4466666666666667,9.752573944699183
55,0.45333333333333337,2.533174780030981
55,0.46,6.151541658089509
55,0.4666666666666667,8.85900136735206
55,0.4733333333333334,7.188605705203478
55,0.48000000000000004,9.621993842032646
55,0.4866666666666667,8.607178560550395
55,0.49333333333333335,11.99177103256758
56,0.0,4.440892098500626e-15
56,0.0051813471502590676,26.369146480569135
56,0.010362694300518135,27.15349227166124
56,0.015544041450777202,13.890263912752124
56,0.02072538860103627,20.392417710554522
56,0.02590673575129534,23.711656467775722
56,0.031088082901554404,12.42073204753611
56,0.036269430051813475,16.532091006859268
56,0.04145077720207254,22.797056100723637
56,0.046632124352331605,9.47563145846164
56,0.05181347150259068,24.706283129914862
56,0.05699481865284974,8.210283953170544
56,0.06217616580310881,9.178403965218827
56,0.06735751295336788,4.022516148127798
56,0.07253886010362695,8.186828409875769
56,0.07772020725388601,16.81488325286959
56,0.08290155440414508,10.098685171013438
56,0.08808290155440415,5.225255821962231
56,0.09326424870466321,14.161155869799654
56,0.09844559585492228,17.77205703460376
56,0.10362694300518135,11.245778722022088
56,0.10880829015544041,7.436121091670958
56,0.11398963730569948,7.998501575223034
56,0.11917098445595856,10.498438853756735
56,0.12435233160621761,3.5591416318401023
56,0.1295336787564767,10.90835153045303
56,0.13471502590673576,10.402817806965947
56,0.13989637305699482,25.10137130333628
56,0.1450777202072539,17.193543986521448
56,0.15025906735751296,7.993580024403623
56,0.15544041450777202,23.59234383196771
56,0.1606217616580311,11.871539162583707
56,0.16580310880829016,13.488423621162639
56,0.17098445595854922,3.994010944431361
56,0.1761658031088083,11.890911073506645
56,0.18134715025906736,11.66071824236656
56,0.18652849740932642,10.48399461356358
56,0.1917098445595855,5.892733021473372
56,0.19689119170984457,29.44803593932923
56,0.20207253886010362,13.757676342831813
56,0.2072538860103627,9.423675820971408
56,0.21243523316062177,16.608761694473607
56,0.21761658031088082,6.3257907314604696
56,0.2227979274611399,7.527161549206878
56,0.22797927461139897,24.107065039975044
56,0.23316062176165803,6.768581982316988
56,0.2383419689119171,19.155278513407016
56,0.24352331606217617,24.7367428316791
56,0.24870466321243523,5.659076341938071
56,0.2538860103626943,8.466948756002637
56,0.2590673575129534,23.18482520722535
56,0.26424870466321243,13.416635158169312
56,0.2694300518134715,7.825816804587437
56,0.2746113989637306,9.996887302883795
56,0.27979274611398963,14.043916205137755
56,0.2849740932642487,20.542834264947317
56,0.2901554404145078,6.124678335700532
56,0.29533678756476683,11.351603257336423
56,0.3005181347150259,2.6163320934415717
56,0.305699481865285,9.09106663836106
56,0.31088082901554404,7.043879621835727
56,0.3160621761658031,28.58620109547689
56,0.3212435233160622,5.312544894549346
56,0.32642487046632124,12.914353476998512
56,0.3316062176165803,10.730121204503323
56,0.3367875647668394,10.522801260771189
56,0.34196891191709844,11.950753016991777
56,0.3471502590673575,11.169832341633235
56,0.3523316062176166,4.955598457490335
56,0.35751295336787564,6.6555909802566
56,0.3626943005181347,11.166899514488254
56,0.3678756476683938,2.8515580330344865
56,0.37305699481865284,13.206801447903839
56,0.37823834196891193,12.422263657458043
56,0.383419689119171,15.927912440211413
56,0.38860103626943004,8.770066863088513
56,0.39378238341968913,14.455170349098632
56,0.3989637305699482,19.092827086136456
56,0.40414507772020725,6.451828974297699
56,0.40932642487046633,4.007335158615563
56,0.4145077720207254,9.51007491699562
56,0.41968911917098445,4.158325907406736
56,0.42487046632124353,4.3104380711611725
56,0.4300518134715026,4.453104587548859
56,0.43523316062176165,10.747197005574037
56,0.44041450777202074,10.080806047932171
56,0.4455958549222798,6.739308136040105
56,0.45077720207253885,6.261373154628038
56,0.45595854922279794,17.518518718329194
56,0.461139896373057,10.410703997479423
56,0.46632124352331605,21.52451310936686
56,0.47150259067357514,16.81955498925575
56,0.4766839378238342,9.852687801921249
56,0.48186528497409326,18.046056995327735
56,0.48704663212435234,5.494304829777061
56,0.4922279792746114,10.988943094262714
56,0.49740932642487046,9.776630746276739
57,0.0,2.398081733190338e-14
57,0.004975124378109453,23.5295109907858
57,0.009950248756218905,23.829456787542973
57,0.014925373134328358,13.436910855258024
57,0.01990049751243781,16.049614545175658
57,0.02487562189054726,15.309530398672713
57,0.029850746268656716,18.14302897104214
57,0.03482587064676617,10.898147123775995
57,0.03980099502487562,19.321030051079298
57,0.04477611940298507,11.170997457967449
57,0.04975124378109452,2.8933611371679486
57,0.05472636815920398,20.837939548622796
57,0.05970149253731343,10.369198550214216
57,0.06467661691542288,15.300296025199325
57,0.06965174129353234,14.931233773598981
57,0.07462686567164178,14.655353088978567
57,0.07960199004975124,5.617606935768471
57,0.0845771144278607,20.204456841293815
57,0.08955223880597014,18.495786429367605
57,0.0945273631840796,6.052705722242973
57,0.09950248756218905,20.538725934356048
57,0.1044776119402985,20.000556116037423
57,0.10945273631840796,25.640216133741614
57,0.1144278606965174,23.311258280782635
57,0.11940298507462686,17.503202224652
57,0.12437810945273632,16.311052945714998
57,0.12935323383084577,6.315113018214125
57,0.13432835820895522,16.504677907102078
57,0.13930348258706468,5.8009128861882955
57,0.14427860696517414,14.687702593071764
57,0.14925373134328357,8.155295414778985
57,0.15422885572139303,21.3528374196485
57,0.15920398009950248,20.865480219042983
57,0.16417910447761194,11.141154212932193
57,0.1691542288557214,18.386992120120222
57,0.17412935323383083,15.291703374373078
57,0.1791044776119403,9.222170167400453
57,0.18407960199004975,15.471142274479014
57,0.1890547263681592,9.614686511391094
57,0.19402985074626866,13.021691308091512
57,0.1990049751243781,7.382311210202513
57,0.20398009950248755,18.249797449121107
57,0.208955223880597,0.665258523907131
57,0.21393034825870647,14.180686899405215
57,0.21890547263681592,16.425772434367886
57,0.22388059701492538,7.40578330500746
57,0.2288557213930348,5.443835929042711
57,0.23383084577114427,15.636789106559352
57,0.23880597014925373,16.36377702523907
57,0.24378109452736318,9.668824922061898
57,0.24875621890547264,7.062942061845172
57,0.2537313432835821,14.18475918238031
57,0.25870646766169153,5.6342454654789105
57,0.263681592039801,1.5767710124586203
57,0.26865671641791045,14.488559867746165
57,0.2736318407960199,6.630039138766916
57,0.27860696517412936,10.426817419083442
57,0.2835820895522388,10.250134897802806
57,0.2885572139303483,19.180663486890975
57,0.2935323383084577,5.376951929598629
57,0.29850746268656714,13.57567466834727
57,0.3034825870646766,6.133279626276525
57,0.30845771144278605,16.682745419963293
57,0.31343283582089554,7.15481228566107
57,0.31840796019900497,7.979855169716988
57,0.3233830845771144,13.005316456235969
57,0.3283582089552239,5.203235987831327
57,0.3333333333333333,23.17653636093824
57,0.3383084577114428,14.537028427659513
57,0.34328358208955223,21.70361535258059
57,0.34825870646766166,8.715037881548822
57,0.35323383084577115,3.721895550745947
57,0.3582089552238806,15.508236261922777
57,0.36318407960199006,10.08151030978857
57,0.3681592039800995,8.695631329971352
57,0.3731343283582089,15.425992154535408
57,0.3781094527363184,9.493187248285567
57,0.38308457711442784,10.591931341039034
57,0.3880597014925373,24.332815965890212
57,0.39303482587064675,4.223942247212944
57,0.3980099502487562,9.665076605643442
57,0.40298507462686567,16.636453845868534
57,0.4079601990049751,8.125555100940886
57,0.4129353233830846,8.906509832919017
57,0.417910447761194,17.20613084796387
57,0.4228855721393035,10.93914356426978
57,0.42786069651741293,14.664873652103559
57,0.43283582089552236,8.264828240964661
57,0.43781094527363185,7.861310384209849
57,0.4427860696517413,18.351681401332925
57,0.44776119402985076,15.749696710464036
57,0.4527363184079602,11.990429982296458
57,0.4577114427860696,6.324493192413795
57,0.4626865671641791,22.7375805020996
57,0.46766169154228854,5.130013129876489
57,0.472636815920398,12.66983155269547
57,0.47761194029850745,7.046321789355946
57,0.4825870646766169,10.374036603152247
57,0.48756218905472637,25.92314454489449
57,0.4925373134328358,4.143921092147015
57,0.4975124378109453,11.836834993860068
58,0.0,3.552713678800501e-14
58,0.004201680672268907,8.748168414288351
58,0.008403361344537815,2.936770495480244
58,0.012605042016806723,11.13108136849158
58,0.01680672268907563,11.949247301730983
58,0.021008403361344536,15.490198133733207
58,0.025210084033613446,2.878172135777325
58,0.029411764705882353,16.1673961117877
58,0.03361344537815126,19.777756803277057
58,0.037815126050420166,18.128200859144087
58,0.04201680672268907,17.503563116814394
58,0.04621848739495798,25.165158012964834
58,0.05042016806722689,14.440472440870105
58,0.0546218487394958,10.874674976765093
58,0.058823529411764705,4.819273896052446
58,0.06302521008403361,4.910814432912255
58,0.06722689075630252,12.20659725936542
58,0.07142857142857142,4.913979669977814
58,0.07563025210084033,28.340725973712217
58,0.07983193277310924,16.770604780958873
58,0.08403361344537814,5.981250523569976
58,0.08823529411764705,15.03172316747979
58,0.09243697478991596,3.835288792932086
58,0.09663865546218486,3.0807462105157253
58,0.10084033613445378,5.37909442252331
58,0.10504201680672269,6.454255074002815
58,0.1092436974789916,11.388188769043062
58,0.1134453781512605,15.453791265283943
58,0.11764705882352941,12.433195572982525
58,0.12184873949579832,12.712459436984611
58,0.12605042016806722,16.199733724292717
58,0.13025210084033612,11.666156891123697
58,0.13445378151260504,19.90219073568114
58,0.13865546218487396,18.752104729567982
58,0.14285714285714285,10.154159237288216
58,0.14705882352941177,11.976627634486775
58,0.15126050420168066,5.333898716476062
58,0.15546218487394958,7.369218623929352
58,0.15966386554621848,11.188106795920296
58,0.1638655462184874,15.330191750395798
58,0.1680672268907563,12.367581578864813
58,0.1722689075630252,4.6030331322121
58,0.1764705882352941,9.432688492124385
58,0.18067226890756302,3.3451287167107155
58,0.18487394957983191,2.6479362408017124
58,0.18907563025210083,21.481192704080293
58,0.19327731092436973,6.253968592057833
58,0.19747899159663865,14.77765872819239
58,0.20168067226890757,3.1975573436366718
58,0.20588235294117646,14.395907593678954
58,0.21008403361344538,6.516042830768321
58,0.21428571428571427,28.153337054759422
58,0.2184873949579832,19.89137680275469
58,0.2226890756302521,18.62927602554446
58,0.226890756302521,15.121375562967696
58,0.2310924369747899,4.825245829206704
58,0.23529411764705882,9.422711554718862
58,0.2394957983193277,29.55068202968573
58,0.24369747899159663,15.710704797412312
58,0.24789915966386553,7.616126709441822
58,0.25210084033613445,20.972562911532233
58,0.25630252100840334,12.29091848679964
58,0.26050420168067223,12.846460689398945
58,0.2647058823529412,11.957733997325963
58,0.2689075630252101,23.47156849579536
58,0.27310924369747897,9.269412233489625
58,0.2773109243697479,10.23507191072149
58,0.2815126050420168,11.235172963436469
58,0.2857142857142857,12.858017867272755
58,0.2899159663865546,24.880927899198834
58,0.29411764705882354,28.155031542385814
58,0.29831932773109243,16.534436539745602
58,0.3025210084033613,8.439936562804824
58,0.3067226890756302,7.490455163069017
58,0.31092436974789917,8.410109884315219
58,0.31512605042016806,21.913626474168677
58,0.31932773109243695,8.90952553960761
58,0.32352941176470584,17.830119632324234
58,0.3277310924369748,20.19059943428376
58,0.3319327731092437,12.840399664697681
58,0.3361344537815126,21.864735014319614
58,0.3403361344537815,15.118987440108956
58,0.3445378151260504,5.317187453118247
58,0.3487394957983193,3.4783117846689615
58,0.3529411764705882,3.2705299730624398
58,0.35714285714285715,7.319368148574891
58,0.36134453781512604,13.521534867573754
58,0.36554621848739494,26.180804506074338
58,0.36974789915966383,28.018599874143163
58,0.3739495798319328,10.894484141711734
58,0.37815126050420167,29.206806518061317
58,0.38235294117647056,14.46981307319342
58,0.38655462184873945,9.76782568205144
58,0.3907563025210084,2.6982299288608926
58,0.3949579831932773,19.920531585131698
58,0.3991596638655462,18.15712647967648
58,0.40336134453781514,8.362998681554629
58,0.40756302521008403,3.3412669330909375
58,0.4117647058823529,17.145688135509452
58,0.4159663865546218,17.276597159724467
58,0.42016806722689076,25.311616958279213
58,0.42436974789915966,28.659570317039204
58,0.42857142857142855,16.41552954400003
58,0.43277310924369744,17.281307666070163
58,0.4369747899159664,12.796054852603296
58,0.4411764705882353,22.133036239518383
58,0.4453781512605042,19.409079871706
58,0.44957983193277307,8.527993398286593
58,0.453781512605042,12.670918858776277
58,0.4579831932773109,35.47048888881818
58,0.4621848739495798,18.39126684366538
58,0.4663865546218487,7.2647557849642155
58,0.47058823529411764,20.569898290465474
58,0.47478991596638653,10.524503396673117
58,0.4789915966386554,11.517265949108026
58,0.4831932773109244,2.976253282763033
58,0.48739495798319327,15.395159078246865
58,0.49159663865546216,9.24570214639827
58,0.49579831932773105,11.089376627321728
59,0.0,2.531308496145357e-14
59,0.004608294930875576,5.349627111978242
59,0.009216589861751152,11.895740996499908
59,0.013824884792626727,12.027110687348847
59,0.018433179723502304,1.8758974055440218
59,0.02304147465437788,1.6739078718012432
59,0.027649769585253454,10.06596620021327
59,0.03225806451612903,2.7721501057037417
59,0.03686635944700461,7.503377792090103
59,0.041474654377880185,16.278039489183616
59,0.04608294930875576,10.222522765095725
59,0.05069124423963134,11.339693986139855
59,0.05529953917050691,11.912438098227609
59,0.059907834101382486,25.61332324538347
59,0.06451612903225806,10.720615152895375
59,0.06912442396313365,5.853329109445343
59,0.07373271889400922,12.43745201664308
59,0.07834101382488479,6.736939761851589
59,0.08294930875576037,5.600581902114086
59,0.08755760368663594,4.445074229822596
59,0.09216589861751152,15.628024335021145
59,0.0967741935483871,15.440794234588456
59,0.10138248847926268,2.575850707110596
59,0.10599078341013825,13.306935575127715
59,0.11059907834101382,21.545619931809398
59,0.1152073732718894,10.190399808769353
59,0.11981566820276497,10.531936038747968
59,0.12442396313364056,9.432331314616054
59,0.12903225806451613,23.79404446469764
59,0.1336405529953917,16.353953242853006
59,0.1382488479262673,17.708014564670343
59,0.14285714285714285,1.9426157099693493
59,0.14746543778801843,11.68495970185239
59,0.15207373271889402,19.66652332727591
59,0.15668202764976957,29.077567032074874
59,0.16129032258064516,2.892103806542277
59,0.16589861751152074,21.81650381026284
59,0.17050691244239632,4.134463609786501
59,0.17511520737327188,6.187362692577495
59,0.17972350230414746,29.82399946108375
59,0.18433179723502305,2.057470749162984
59,0.1889400921658986,23.214777999874567
59,0.1935483870967742,8.431031843138802
59,0.19815668202764977,20.982142171236614
59,0.20276497695852536,12.832244089234198
59,0.2073732718894009,23.39172192556106
59,0.2119815668202765,6.423244469504974
59,0.21658986175115208,29.130807610250717
59,0.22119815668202764,24.519260612062574
59,0.22580645161290322,9.993857320616579
59,0.2304147465437788,11.541632655950009
59,0.2350230414746544,11.229959567812337
59,0.23963133640552994,9.079404920980803
59,0.24423963133640553,11.275876906693123
59,0.2488479262672811,6.616539148624032
59,0.2534562211981567,5.397251391099791
59,0.25806451612903225,16.902449391943232
59,0.2626728110599078,13.508860284140166
59,0.2672811059907834,14.485941542910052
59,0.271889400921659,10.800700352466903
59,0.2764976958525346,16.586050317571274
59,0.28110599078341014,10.23358196214016
59,0.2857142857142857,6.073930794659491
59,0.2903225806451613,19.80998116994255
59,0.29493087557603687,10.649749765345803
59,0.2995391705069124,21.428812590295006
59,0.30414746543778803,14.481370856891854
59,0.3087557603686636,6.5578568684434435
59,0.31336405529953915,17.577695215869863
59,0.31797235023041476,0.9774191963241076
59,0.3225806451612903,14.583842311407775
59,0.3271889400921659,22.956461538984215
59,0.3317972350230415,14.25380043097306
59,0.33640552995391704,5.523873125358666
59,0.34101382488479265,14.238432323754004
59,0.3456221198156682,16.129738991062126
59,0.35023041474654376,3.4140170086027344
59,0.3548387096774194,15.994550235711769
59,0.35944700460829493,18.75501481817153
59,0.3640552995391705,23.594585601594975
59,0.3686635944700461,23.88136585913584
59,0.37327188940092165,23.06572988366476
59,0.3778801843317972,10.649415998996352
59,0.3824884792626728,6.461911136097303
59,0.3870967741935484,7.704214282344451
59,0.391705069124424,7.80485689068481
59,0.39631336405529954,14.713257542088341
59,0.4009216589861751,9.51070719139765
59,0.4055299539170507,11.956074191160868
59,0.41013824884792627,22.90056181920168
59,0.4147465437788018,24.335074235926445
59,0.41935483870967744,15.527357109747877
59,0.423963133640553,7.046444291781182
59,0.42857142857142855,3.790323383281737
59,0.43317972350230416,8.580350509660576
59,0.4377880184331797,5.566195168252792
59,0.44239631336405527,24.610835340526446
59,0.4470046082949309,0.8651942624092488
59,0.45161290322580644,17.692009973427414
59,0.45622119815668205,19.240535848538975
59,0.4608294930875576,7.610021913471669
59,0.46543778801843316,23.925261743909928
59,0.4700460829493088,24.58044273847827
59,0.47465437788018433,4.211176834168093
59,0.4792626728110599,5.032568755760184
59,0.4838709677419355,19.70966843481871
59,0.48847926267281105,14.782399470973536
59,0.4930875576036866,12.817048489401234
59,0.4976958525345622,5.9598170469699765
60,0.0,1.7763568394002505e-14
60,0.007407407407407408,17.017505606484413
60,0.014814814814814815,12.277163820964283
60,0.022222222222222223,35.17777654624571
60,0.02962962962962963,20.20932388744116
60,0.037037037037037035,20.095040212535018
60,0.044444444444444446,18.23562718885051
60,0.05185185185185186,4.586769613077353
60,0.05925925925925926,8.659507474446569
60,0.06666666666666667,16.53945882542221
60,0.07407407407407407,11.0005144718937
60,0.08148148148148149,8.342557118748246
60,0.08888888888888889,12.264350016605684
60,0.0962962962962963,4.477934591023493
60,0.10370370370370371,6.581431295227211
60,0.11111111111111112,15.85103238418137
60,0.11851851851851852,6.5635009048046955
60,0.12592592592592594,8.303906773055601
60,0.13333333333333333,5.343899109307648
60,0.14074074074074075,3.966988931491776
60,0.14814814814814814,12.93664582219936
60,0.15555555555555556,4.564362345523756
60,0.16296296296296298,11.127945384660993
60,0.17037037037037037,10.756491806444574
60,0.17777777777777778,9.927323668683727
60,0.1851851851851852,7.678457538258679
60,0.1925925925925926,14.98219218486789
60,0.2,9.34273389867404
60,0.20740740740740743,0.6014268341687872
60,0.21481481481481482,6.415999366297896
60,0.22222222222222224,14.064931983789975
60,0.22962962962962963,8.43457094920747
60,0.23703703703703705,8.874758609221523
60,0.24444444444444446,4.175141273253045
60,0.2518518518518519,11.354454063584404
60,0.25925925925925924,6.3188646802554675
60,0.26666666666666666,3.4594962296553895
60,0.2740740740740741,2.5174829258811675
60,0.2814814814814815,12.641592369929107
60,0.2888888888888889,1.4337845568036436
60,0.2962962962962963,4.354441743291731
60,0.3037037037037037,7.497766201932554
60,0.3111111111111111,6.977295305179067
60,0.31851851851851853,17.25138431696855
60,0.32592592592592595,19.911392156973193
60,0.33333333333333337,7.149459038759677
60,0.34074074074074073,13.996917194536165
60,0.34814814814814815,17.02277455577493
60,0.35555555555555557,6.795883260013449
60,0.362962962962963,8.402597908061002
60,0.3703703703703704,1.230817980418249
60,0.37777777777777777,5.451442852229847
60,0.3851851851851852,8.009824035049808
60,0.3925925925925926,1.7789123289185294
60,0.4,8.59697552252412
60,0.40740740740740744,4.055913691841317
60,0.41481481481481486,4.095039306957562
60,0.4222222222222222,15.1765510207565
60,0.42962962962962964,6.186698885569462
60,0.43703703703703706,8.850073543720393
60,0.4444444444444445,6.417280335584168
60,0.4518518518518519,8.186846065907023
60,0.45925925925925926,8.663021420636248
60,0.4666666666666667,13.405609196555197
60,0.4740740740740741,22.97058398841367
60,0.4814814814814815,4.187997768441963
60,0.48888888888888893,20.279359479724054
60,0.4962962962962963,10.5897555540722
61,0.0,9.769962616701378e-15
61,0.005208333333333333,23.01032187067997
61,0.010416666666666666,8.707617738205244
61,0.015625,8.92083215630447
61,0.020833333333333332,16.752968401929724
61,0.026041666666666664,20.016043115405026
61,0.03125,9.734133694173089
61,0.03645833333333333,11.498253371517643
61,0.041666666666666664,4.281377039616118
61,0.046875,12.419599383207741
61,0.05208333333333333,8.575448754799611
61,0.057291666666666664,1.6963390059842904
61,0.0625,4.631027307608122
61,0.06770833333333333,16.805452351428407
61,0.07291666666666666,10.316817143727521
61,0.078125,17.810613814545388
61,0.08333333333333333,11.207874102052505
61,0.08854166666666666,21.964898334776247
61,0.09375,7.1084558800745645
61,0.09895833333333333,5.6324296272184915
61,0.10416666666666666,10.397080206928832
61,0.109375,12.699516863538767
61,0.11458333333333333,6.749228673469556
61,0.11979166666666666,6.513422211367977
61,0.125,13.417549927169556
61,0.13020833333333331,5.129135664983439
61,0.13541666666666666,9.217052374479794
61,0.140625,1.511903782886854
61,0.14583333333333331,3.719135595171572
61,0.15104166666666666,7.087995691243401
61,0.15625,7.279096759980642
61,0.16145833333333331,10.802473809549626
61,0.16666666666666666,23.67843396693016
61,0.171875,12.221703998120198
61,0.17708333333333331,6.180785288626778
61,0.18229166666666666,2.1843682737727317
61,0.1875,6.38444725941991
61,0.19270833333333331,11.202611471108296
61,0.19791666666666666,17.410021091929405
61,0.203125,9.522775137431076
61,0.20833333333333331,13.553738649007752
61,0.21354166666666666,3.678137588168861
61,0.21875,7.3377308068631075
61,0.22395833333333331,15.558045126559376
61,0.22916666666666666,26.401824697472975
61,0.234375,6.308958881676783
61,0.23958333333333331,25.5869417017782
61,0.24479166666666666,28.620229192105157
61,0.25,15.076647664824375
61,0.2552083333333333,9.934208890428149
61,0.26041666666666663,11.693689555005106
61,0.265625,5.098485341160048
61,0.2708333333333333,12.513670162386086
61,0.27604166666666663,1.3362525296078764
61,0.28125,13.05967135325867
61,0.2864583333333333,14.200824343677313
61,0.29166666666666663,20.679307535296303
61,0.296875,8.93574006589798
61,0.3020833333333333,3.8595458266031812
61,0.30729166666666663,6.680357999605031
61,0.3125,11.036043487540004
61,0.3177083333333333,10.06128080160191
61,0.32291666666666663,17.656790933755858
61,0.328125,4.187919425536345
61,0.3333333333333333,22.28541403656363
61,0.33854166666666663,28.10275392593379
61,0.34375,9.35801272657714
61,0.3489583333333333,17.897602959742823
61,0.35416666666666663,22.3435344363095
61,0.359375,9.755152233808325
61,0.3645833333333333,9.60304082781449
61,0.36979166666666663,6.960347673209472
61,0.375,3.7766715432910036
61,0.3802083333333333,12.722197581847023
61,0.38541666666666663,12.725878790572862
61,0.390625,14.63143028627534
61,0.3958333333333333,3.205007865844123
61,0.40104166666666663,7.900123740989817
61,0.40625,11.027420369062977
61,0.4114583333333333,15.284062984214835
61,0.41666666666666663,11.827338105532695
61,0.421875,7.755917464857577
61,0.4270833333333333,14.571285613731888
61,0.43229166666666663,21.989807452487582
61,0.4375,11.861629025520603
61,0.4427083333333333,12.233422339432968
61,0.44791666666666663,12.591023902714392
61,0.453125,10.335828336072536
61,0.4583333333333333,18.974497395213806
61,0.46354166666666663,21.396979590000882
61,0.46875,6.184802488482609
61,0.4739583333333333,25.601664862856058
61,0.47916666666666663,36.736400424913334
61,0.484375,16.81622739982515
61,0.4895833333333333,6.2273150207350705
61,0.49479166666666663,5.6096009904613515
62,0.0,3.730349362740526e-14
62,0.005434782608695652,4.00728738181268
62,0.010869565217391304,17.18217534360917
62,0.016304347826086956,14.676273784600017
62,0.021739130434782608,8.142132863711028
62,0.02717391304347826,8.480535544642825
62,0.03260869565217391,13.517890276800614
62,0.03804347826086957,6.9534236647045775
62,0.043478260869565216,7.732788030717093
62,0.048913043478260865,14.974700046679972
62,0.05434782608695652,11.722823451226239
62,0.059782608695652176,16.707843192079547
62,0.06521739130434782,22.203834492428165
62,0.07065217391304347,13.60233241940798
62,0.07608695652173914,13.106122935581043
62,0.08152173913043478,5.3876613490858745
62,0.08695652173913043,15.632412163899481
62,0.09239130434782608,6.79962538580622
62,0.09782608695652173,10.072288312949032
62,0.10326086956521739,9.147850890698995
62,0.10869565217391304,18.613683627570033
62,0.11413043478260869,13.904136998311888
62,0.11956521739130435,14.782525864019753
62,0.125,11.700719999697746
62,0.13043478260869565,16.34731612960079
62,0.1358695652173913,8.469058406827056
62,0.14130434782608695,8.260570142032716
62,0.1467391304347826,6.868930024802527
62,0.15217391304347827,8.773066499546365
62,0.15760869565217392,18.196386393980223
62,0.16304347826086957,16.269148412864478
62,0.16847826086956522,26.523140454577536
62,0.17391304347826086,18.10261361224178
62,0.1793478260869565,4.93566836920361
62,0.18478260869565216,18.63123810920546
62,0.1902173913043478,11.255459319440996
62,0.19565217391304346,21.82244940127208
62,0.20108695652173914,17.785060611108193
62,0.20652173913043478,2.122692936246476
62,0.21195652173913043,13.88998138031785
62,0.21739130434782608,22.751200894194312
62,0.22282608695652173,2.871073013884041
62,0.22826086956521738,11.973189516675935
62,0.23369565217391303,7.221162977930479
62,0.2391304347826087,7.0780836159612495
62,0.24456521739130435,27.57681394469565
62,0.25,18.65507492636994
62,0.2554347826086956,11.967611281894492
62,0.2608695652173913,5.513144993575677
62,0.266304347826087,12.230959628099304
62,0.2717391304347826,7.904777291104975
62,0.27717391304347827,21.76148235162081
62,0.2826086956521739,13.095766896450188
62,0.28804347826086957,17.070846545736085
62,0.2934782608695652,7.96834499882659
62,0.29891304347826086,5.89012010896292
62,0.30434782608695654,13.854601806358442
62,0.30978260869565216,13.53607517004757
62,0.31521739130434784,9.058878195124882
62,0.32065217391304346,3.7482440020955634
62,0.32608695652173914,1.5369267658875099
62,0.33152173913043476,12.286599074572301
62,0.33695652173913043,8.365825174712132
62,0.34239130434782605,10.829990871964428
62,0.34782608695652173,9.128654544219145
62,0.3532608695652174,11.953910591598573
62,0.358695652173913,14.398218900776792
62,0.3641304347826087,22.219076253373004
62,0.3695652173913043,10.226565205778837
62,0.375,5.224927687736425
62,0.3804347826086956,1.0834572610273419
62,0.3858695652173913,19.35192472012688
62,0.3913043478260869,21.386192615718493
62,0.3967391304347826,6.166750265415982
62,0.40217391304347827,10.174667936526872
62,0.4076086956521739,18.019970605244843
62,0.41304347826086957,11.458163162598698
62,0.4184782608695652,9.205666924646422
62,0.42391304347826086,6.090495593170444
62,0.4293478260869565,9.21750360965638
62,0.43478260869565216,15.177410715062578
62,0.44021739130434784,15.818095216571626
62,0.44565217391304346,8.809443252101687
62,0.45108695652173914,17.262229787382104
62,0.45652173913043476,7.7934557282505965
62,0.46195652173913043,19.36556169700263
62,0.46739130434782605,16.891941572999595
62,0.47282608695652173,10.256677979295878
62,0.4782608695652174,5.442386390381653
62,0.483695652173913,13.533370259226672
62,0.4891304347826087,12.352473045276483
62,0.4945652173913043,11.553619410740932
63,0.0,1.9539925233402755e-14
63,0.005494505494505495,20.885043639674812
63,0.01098901098901099,18.9060549586056
63,0.016483516483516484,10.948961539584756
63,0.02197802197802198,19.29787126319331
63,0.027472527472527476,7.073821459916533
63,0.03296703296703297,20.86676758565761
63,0.038461538461538464,11.705151779181966
63,0.04395604395604396,17.95830709888029
63,0.049450549450549455,10.938893578579197
63,0.05494505494505495,9.880084433300068
63,0.06043956043956045,19.057084164562433
63,0.06593406593406594,12.982694815847195
63,0.07142857142857144,6.4753708603283995
63,0.07692307692307693,10.70854713362754
63,0.08241758241758243,15.604001406380062
63,0.08791208791208792,15.677635584137592
63,0.09340659340659341,12.559184405382902
63,0.09890109890109891,23.264809706694916
63,0.1043956043956044,19.078811195441155
63,0.1098901098901099,5.831422725675717
63,0.11538461538461539,8.688287845587185
63,0.1208791208791209,5.872282658331592
63,0.1263736263736264,20.550418259471055
63,0.13186813186813187,23.811363938355402
63,0.13736263736263737,11.38995674163703
63,0.14285714285714288,18.330610216701107
63,0.14835164835164835,19.749868190542266
63,0.15384615384615385,5.390334983295301
63,0.15934065934065936,33.411036956482185
63,0.16483516483516486,7.751732534990342
63,0.17032967032967034,19.852455649964316
63,0.17582417582417584,14.628695805005705
63,0.18131868131868134,14.389599821860234
63,0.18681318681318682,1.977422802057103
63,0.19230769230769232,10.444052227984491
63,0.19780219780219782,17.346827304211523
63,0.20329670329670332,11.369563798252376
63,0.2087912087912088,6.92998344283942
63,0.2142857142857143,11.237935039277733
63,0.2197802197802198,8.405245485533133
63,0.22527472527472528,6.471003380451232
63,0.23076923076923078,10.244807013257468
63,0.23626373626373628,12.15964730292048
63,0.2417582417582418,23.223532865072503
63,0.24725274725274726,13.466239282601576
63,0.2527472527472528,10.221100764783914
63,0.25824175824175827,5.5970742829998885
63,0.26373626373626374,8.232023006065157
63,0.2692307692307693,7.102873964343903
63,0.27472527472527475,5.911319108889184
63,0.2802197802197802,3.3567887136027306
63,0.28571428571428575,7.622491626816676
63,0.29120879120879123,16.68592554423033
63,0.2967032967032967,12.843427296739042
63,0.30219780219780223,7.009971366188099
63,0.3076923076923077,2.3570327690619743
63,0.3131868131868132,4.469277842362507
63,0.3186813186813187,13.910398881668002
63,0.3241758241758242,3.7265693463345215
63,0.3296703296703297,10.404146980104633
63,0.3351648351648352,11.486630587479011
63,0.34065934065934067,15.160866068559148
63,0.3461538461538462,12.534586489947449
63,0.3516483516483517,3.875744159298267
63,0.35714285714285715,10.867184727585641
63,0.3626373626373627,4.436106337559285
63,0.36813186813186816,8.717737533675862
63,0.37362637362637363,7.121295928296507
63,0.37912087912087916,11.62356940087416
63,0.38461538461538464,19.752229003671058
63,0.39010989010989017,3.2807325923364927
63,0.39560439560439564,3.68659984742467
63,0.4010989010989011,12.979927467226142
63,0.40659340659340665,10.015679828692441
63,0.4120879120879121,20.69914387752527
63,0.4175824175824176,17.818883951823846
63,0.42307692307692313,3.8659565840492935
63,0.4285714285714286,4.454085905709754
63,0.4340659340659341,15.205268807776553
63,0.4395604395604396,6.0811532287221794
63,0.4450549450549451,4.742338160123348
63,0.45054945054945056,16.181984074256654
63,0.4560439560439561,9.606761624064225
63,0.46153846153846156,20.256755514033383
63,0.4670329670329671,20.922775794743703
63,0.47252747252747257,9.168898392267094
63,0.47802197802197804,7.854027673736189
63,0.4835164835164836,5.202077684063527
63,0.48901098901098905,21.27482618747538
63,0.4945054945054945,16.861466809579454
64,0.0,1.3766765505351941e-14
64,0.005714285714285714,10.622482343995722
64,0.011428571428571429,13.379448885152918
64,0.017142857142857144,7.212796535785303
64,0.022857142857142857,4.574809729058775
64,0.02857142857142857,14.485196256079867
64,0.03428571428571429,9.183871109605121
64,0.04,12.011897376685601
64,0.045714285714285714,11.280839839749039
64,0.05142857142857143,8.795051665744602
64,0.05714285714285714,8.755130056867369
64,0.06285714285714286,6.358145467869092
64,0.06857142857142857,21.596509879743675
64,0.07428571428571429,27.19321110049091
64,0.08,24.16163832711876
64,0.08571428571428572,11.612895833389409
64,0.09142857142857143,24.293536683459205
64,0.09714285714285714,8.23401500215904
64,0.10285714285714286,13.830824427877202
64,0.10857142857142857,8.029778453291456
64,0.11428571428571428,5.606344364022077
64,0.12,12.831675113199294
64,0.12571428571428572,8.912251768427577
64,0.13142857142857142,15.852870112992793
64,0.13714285714285715,16.330871345684166
64,0.14285714285714285,7.978832611054782
64,0.14857142857142858,17.19585936510402
64,0.15428571428571428,9.042790560966145
64,0.16,5.028156800754599
64,0.1657142857142857,8.589651070781281
64,0.17142857142857143,11.499212013304845
64,0.17714285714285713,16.56423075444696
64,0.18285714285714286,9.367592427023041
64,0.18857142857142858,7.4601624795626815
64,0.19428571428571428,13.368152105549884
64,0.2,5.6957674168854355
64,0.2057142857142857,9.824212973317836
64,0.21142857142857144,2.767940965207571
64,0.21714285714285714,10.24550842503092
64,0.22285714285714286,10.350461789315775
64,0.22857142857142856,21.470186036411217
64,0.2342857142857143,16.005636297422974
64,0.24,4.896316199576388
64,0.24571428571428572,19.7085294056719
64,0.25142857142857145,7.871945468453525
64,0.2571428571428571,5.443326180355361
64,0.26285714285714284,16.221604036629966
64,0.26857142857142857,12.96809998334029
64,0.2742857142857143,26.46218290681201
64,0.28,8.056261614703171
64,0.2857142857142857,12.057322421062523
64,0.2914285714285714,10.694842738535431
64,0.29714285714285715,9.402214859384827
64,0.3028571428571429,2.3571249509304795
64,0.30857142857142855,7.7081166247958235
64,0.3142857142857143,25.576756127559992
64,0.32,14.06236553895942
64,0.32571428571428573,12.069812274113438
64,0.3314285714285714,2.816792874166626
64,0.33714285714285713,13.963628383444943
64,0.34285714285714286,9.084988029257895
64,0.3485714285714286,20.2293255190905
64,0.35428571428571426,23.463286323005388
64,0.36,6.7035900550019365
64,0.3657142857142857,12.614684420318142
64,0.37142857142857144,4.232801556762673
64,0.37714285714285717,5.883779062080108
64,0.38285714285714284,9.645012694409052
64,0.38857142857142857,11.925855974808202
64,0.3942857142857143,5.499949031565646
64,0.4,15.264821742746665
64,0.4057142857142857,9.01572027776973
64,0.4114285714285714,14.97865235565458
64,0.41714285714285715,8.46072484311473
64,0.4228571428571429,6.101593842618098
64,0.42857142857142855,14.466348554191038
64,0.4342857142857143,7.038896154790612
64,0.44,17.2535053480349
64,0.44571428571428573,8.801875894051571
64,0.4514285714285714,15.525040047713288
64,0.45714285714285713,13.31132013275396
64,0.46285714285714286,25.369223679020866
64,0.4685714285714286,8.309121033429044
64,0.4742857142857143,7.759300799770403
64,0.48,16.92450775627648
64,0.4857142857142857,12.875757674654007
64,0.49142857142857144,5.990454565706913
64,0.49714285714285716,19.540945810180194
65,0.0,1.5987211554602254e-14
65,0.0048543689320388345,13.494165494009614
65,0.009708737864077669,9.071578770595965
65,0.014563106796116504,12.307864303985301
65,0.019417475728155338,10.410570819956108
65,0.02427184466019417,45.083150216748486
65,0.029126213592233007,16.28610965761676
65,0.03398058252427184,18.638519549003764
65,0.038834951456310676,8.467013726125167
65,0.04368932038834951,6.475279327541818
65,0.04854368932038834,9.504675113267957
65,0.05339805825242718,32.06397971741002
65,0.058252427184466014,5.93004259865039
65,0.06310679611650485,5.10793860470904
65,0.06796116504854369,6.791836681168561
65,0.07281553398058252,8.629354675995145
65,0.07766990291262135,19.393011003649505
65,0.08252427184466019,6.411725954922986
65,0.08737864077669902,6.9760975336074935
65,0.09223300970873785,2.6291677205743738
65,0.09708737864077668,8.661556022753604
65,0.10194174757281553,11.986032852538237
65,0.10679611650485436,9.851787038214676
65,0.1116504854368932,3.7255042317013434
65,0.11650485436893203,14.63287939507013
65,0.12135922330097086,12.984313660722215
65,0.1262135922330097,6.724836072060142
65,0.13106796116504854,13.650784532335422
65,0.13592233009708737,5.009649230094113
65,0.1407766990291262,10.312118156953336
65,0.14563106796116504,5.658984586404843
65,0.15048543689320387,5.811186631652449
65,0.1553398058252427,9.395763472604497
65,0.16019417475728154,4.760645368619256
65,0.16504854368932037,10.985956107140598
65,0.1699029126213592,21.308018532762972
65,0.17475728155339804,13.66643506038489
65,0.17961165048543687,11.466485731811153
65,0.1844660194174757,7.414367077753006
65,0.18932038834951453,23.885982336574056
65,0.19417475728155337,13.136302981124398
65,0.19902912621359223,18.252214140161005
65,0.20388349514563106,7.948854934572172
65,0.2087378640776699,7.256165893756301
65,0.21359223300970873,6.637445879564686
65,0.21844660194174756,20.624417241924878
65,0.2233009708737864,9.902267598011845
65,0.22815533980582522,6.269436589000412
65,0.23300970873786406,13.206861922535554
65,0.2378640776699029,4.972827920199916
65,0.24271844660194172,10.032510981659373
65,0.24757281553398056,8.871254915991337
65,0.2524271844660194,14.153223679726265
65,0.25728155339805825,1.8843562165518517
65,0.2621359223300971,8.430387276463044
65,0.2669902912621359,2.6644621279603
65,0.27184466019417475,7.297753697670617
65,0.2766990291262136,7.657197726903991
65,0.2815533980582524,16.425588503419196
65,0.28640776699029125,16.34519149402335
65,0.2912621359223301,13.637766955676959
65,0.2961165048543689,23.097374972414535
65,0.30097087378640774,10.140190347755631
65,0.3058252427184466,12.132995664792182
65,0.3106796116504854,13.18560595039397
65,0.31553398058252424,22.912254148443683
65,0.3203883495145631,14.44495639078762
65,0.3252427184466019,24.696775082618885
65,0.33009708737864074,5.523073999958055
65,0.3349514563106796,14.340066593266547
65,0.3398058252427184,24.767703466550593
65,0.34466019417475724,16.833159316913928
65,0.3495145631067961,18.247994608912684
65,0.3543689320388349,14.9368584446787
65,0.35922330097087374,17.757620512599477
65,0.36407766990291257,10.163990914627556
65,0.3689320388349514,9.90303312542309
65,0.37378640776699024,13.906953927329983
65,0.37864077669902907,11.958974151438625
65,0.3834951456310679,19.73395831954008
65,0.38834951456310673,18.043391834255395
65,0.3932038834951456,7.082922164197029
65,0.39805825242718446,15.9288432422472
65,0.4029126213592233,6.842895717085808
65,0.4077669902912621,12.775163209099256
65,0.41262135922330095,11.518244914121377
65,0.4174757281553398,9.176753378857338
65,0.4223300970873786,13.375006933619222
65,0.42718446601941745,33.162715764849594
65,0.4320388349514563,13.52122684154405
65,0.4368932038834951,4.2703271548328
65,0.44174757281553395,6.513129716144899
65,0.4466019417475728,27.432829086317064
65,0.4514563106796116,26.78825478674736
65,0.45631067961165045,4.348660920415245
65,0.4611650485436893,10.09792467596583
65,0.4660194174757281,13.915570786162132
65,0.47087378640776695,14.913909588762476
65,0.4757281553398058,7.198835193101626
65,0.4805825242718446,2.889723864202992
65,0.48543689320388345,8.130303980600553
65,0.4902912621359223,21.213570256538137
65,0.4951456310679611,11.762801177371387
66,0.0,2.864375403532904e-14
66,0.005376344086021506,12.66042304329752
66,0.010752688172043012,28.522370449775558
66,0.016129032258064516,33.89558594595924
66,0.021505376344086023,21.246751243751774
66,0.02688172043010753,12.953121445446275
66,0.03225806451612903,17.309145614399682
66,0.03763440860215054,15.994627593321216
66,0.043010752688172046,9.113238984470568
66,0.048387096774193554,15.749754654585823
66,0.05376344086021506,15.654801836661955
66,0.05913978494623656,3.409785859339076
66,0.06451612903225806,20.925865617791352
66,0.06989247311827958,14.841587850827688
66,0.07526881720430108,12.600789827875378
66,0.08064516129032259,6.259546625323853
66,0.08602150537634409,5.601866074603056
66,0.0913978494623656,19.59115510240652
66,0.09677419354838711,9.692386578779711
66,0.10215053763440861,9.958830120732024
66,0.10752688172043012,18.3037288117677
66,0.11290322580645162,4.501144699894217
66,0.11827956989247312,27.16935423016089
66,0.12365591397849464,6.8842379119795885
66,0.12903225806451613,11.034593233036624
66,0.13440860215053765,11.788631348084898
66,0.13978494623655915,18.868263289267833
66,0.14516129032258066,17.13185827524423
66,0.15053763440860216,5.795899205635101
66,0.15591397849462366,6.857874397779285
66,0.16129032258064518,5.025497531313552
66,0.16666666666666669,2.894466016892599
66,0.17204301075268819,12.085316051749537
66,0.1774193548387097,7.890260399341107
66,0.1827956989247312,5.695528271685218
66,0.18817204301075272,11.264054676886696
66,0.19354838709677422,11.05857250933591
66,0.19892473118279572,16.3530130708796
66,0.20430107526881722,20.281169624185242
66,0.20967741935483872,11.41304842252101
66,0.21505376344086025,5.86272810943482
66,0.22043010752688175,8.339623818820122
66,0.22580645161290325,1.8902403019743044
66,0.23118279569892475,22.195001557047522
66,0.23655913978494625,6.572946641506811
66,0.24193548387096775,23.14191252561284
66,0.24731182795698928,17.46921234586928
66,0.25268817204301075,6.323521941273476
66,0.25806451612903225,21.959574343474472
66,0.2634408602150538,11.497580703067634
66,0.2688172043010753,6.889402141927422
66,0.2741935483870968,20.625275475572327
66,0.2795698924731183,18.839290383521046
66,0.2849462365591398,8.846030390687277
66,0.2903225806451613,6.034056595024877
66,0.2956989247311828,9.644365638093753
66,0.3010752688172043,5.587236037249322
66,0.3064516129032258,4.9968597173776175
66,0.3118279569892473,10.392132780165522
66,0.31720430107526887,6.554102737109989
66,0.32258064516129037,8.129320215371159
66,0.32795698924731187,9.64155364625798
66,0.33333333333333337,7.46047207908995
66,0.33870967741935487,15.157897912996408
66,0.34408602150537637,9.123970695164962
66,0.34946236559139787,6.835049412672283
66,0.3548387096774194,8.942063787272069
66,0.3602150537634409,7.03605821162061
66,0.3655913978494624,9.685873955869559
66,0.3709677419354839,8.335685590541665
66,0.37634408602150543,9.628909479416096
66,0.38172043010752693,11.093524590875338
66,0.38709677419354843,9.642797982549435
66,0.39247311827956993,16.370504541984452
66,0.39784946236559143,2.1466240134938546
66,0.40322580645161293,3.802596695849759
66,0.40860215053763443,7.852388427315245
66,0.41397849462365593,22.706807540018797
66,0.41935483870967744,11.114122097331137
66,0.42473118279569894,8.817433679424669
66,0.4301075268817205,18.31225598418343
66,0.435483870967742,8.989971122602467
66,0.4408602150537635,18.533558833897388
66,0.446236559139785,14.392288391477507
66,0.4516129032258065,15.08171380118303
66,0.456989247311828,17.860331507493488
66,0.4623655913978495,7.700013531756017
66,0.467741935483871,8.423892928708469
66,0.4731182795698925,3.4371304330123387
66,0.478494623655914,4.998741922899955
66,0.4838709677419355,27.049297507275455
66,0.48924731182795705,11.195696851517326
66,0.49462365591397855,17.969114389177825
67,0.0,2.220446049250313e-14
67,0.006060606060606061,14.22325096460895
67,0.012121212121212121,10.823382268373038
67,0.01818181818181818,14.683931370800135
67,0.024242424242424242,10.08753685897998
67,0.030303030303030304,11.22305258038111
67,0.03636363636363636,11.340229024066916
67,0.04242424242424243,13.006992497037569
67,0.048484848484848485,20.654465889067705
67,0.05454545454545454,10.843055364780081
67,0.06060606060606061,9.425190845388476
67,0.06666666666666667,21.43689143399519
67,0.07272727272727272,3.777461828653331
67,0.07878787878787878,16.391193309004056
67,0.08484848484848485,6.547081192721741
67,0.09090909090909091,1.8676446444880586
67,0.09696969696969697,8.365468888031732
67,0.10303030303030303,10.429388553764376
67,0.10909090909090909,15.083709624798745
67,0.11515151515151516,17.578844001406118
67,0.12121212121212122,6.191153266517532
67,0.12727272727272726,21.122533449346996
67,0.13333333333333333,15.089260279830457
67,0.1393939393939394,3.2104679726267666
67,0.14545454545454545,14.813200736567492
67,0.15151515151515152,10.632295466980043
67,0.15757575757575756,5.1475251678420175
67,0.16363636363636364,15.573832718060222
67,0.1696969696969697,16.1040338925106
67,0.17575757575757575,13.491202794158836
67,0.18181818181818182,9.187171967210835
67,0.18787878787878787,18.636067672027497
67,0.19393939393939394,20.271934643884624
67,0.2,11.73668385607372
67,0.20606060606060606,20.297519723937565
67,0.21212121212121213,17.537789997138596
67,0.21818181818181817,19.208745538050923
67,0.22424242424242424,11.824196191056018
67,0.23030303030303031,10.484213968843356
67,0.23636363636363636,17.82989375251418
67,0.24242424242424243,7.028025803233654
67,0.24848484848484848,3.844549385946102
67,0.2545454545454545,9.003552999395062
67,0.2606060606060606,14.86954345959149
67,0.26666666666666666,4.616842046332981
67,0.2727272727272727,6.800210509902275
67,0.2787878787878788,19.165870314690913
67,0.28484848484848485,4.050665304452512
67,0.2909090909090909,10.378554302502417
67,0.296969696969697,4.343844637815299
67,0.30303030303030304,13.157546221604969
67,0.3090909090909091,9.163326374913055
67,0.3151515151515151,10.40369766199605
67,0.3212121212121212,21.45039955937074
67,0.32727272727272727,17.670071158242248
67,0.3333333333333333,7.397203951031688
67,0.3393939393939394,7.030524044195122
67,0.34545454545454546,5.314173881991788
67,0.3515151515151515,4.494667231257702
67,0.3575757575757576,10.945129847872188
67,0.36363636363636365,4.793929992859676
67,0.3696969696969697,14.70996247380014
67,0.37575757575757573,26.076937402053066
67,0.38181818181818183,9.461458753287218
67,0.3878787878787879,6.611869004765284
67,0.3939393939393939,1.267533153531872
67,0.4,7.700838547658323
67,0.40606060606060607,9.867406659060698
67,0.4121212121212121,14.806134218251911
67,0.41818181818181815,12.35682380719909
67,0.42424242424242425,10.075888369878706
67,0.4303030303030303,9.396082824342564
67,0.43636363636363634,23.993113362799416
67,0.44242424242424244,15.64339217490649
67,0.4484848484848485,6.838033882817427
67,0.45454545454545453,15.83402010149227
67,0.46060606060606063,2.8418443368863127
67,0.4666666666666667,11.1427777061664
67,0.4727272727272727,9.111796564127646
67,0.47878787878787876,11.107430425315842
67,0.48484848484848486,13.071464435060854
67,0.4909090909090909,13.674293882751389
67,0.49696969696969695,8.46295628184193
68,0.0,1.2434497875801753e-14
68,0.004672897196261682,14.346522520083619
68,0.009345794392523364,19.882459710603666
68,0.014018691588785045,18.503904760583865
68,0.018691588785046728,10.90879241563116
68,0.02336448598130841,14.025277767928538
68,0.02803738317757009,4.87133790601197
68,0.03271028037383177,9.642923590341084
68,0.037383177570093455,9.269635268987868
68,0.04205607476635514,9.727318603923395
68,0.04672897196261682,6.710834996866802
68,0.0514018691588785,14.997213933463922
68,0.05607476635514018,16.443286481360058
68,0.06074766355140186,15.942695144323611
68,0.06542056074766354,18.7181933687185
68,0.07009345794392523,11.249547833956617
68,0.07476635514018691,11.9351551269026
68,0.0794392523364486,4.876084769411304
68,0.08411214953271028,12.166992471618526
68,0.08878504672897196,12.488190482353993
68,0.09345794392523364,9.583015184502534
68,0.09813084112149532,22.663631778644326
68,0.102803738317757,9.55791834325384
68,0.10747663551401869,7.274547984914944
68,0.11214953271028036,6.854934435829158
68,0.11682242990654204,21.292493310511244
68,0.12149532710280372,6.045504832609227
68,0.1261682242990654,6.666290647164536
68,0.1308411214953271,7.233774089633587
68,0.13551401869158877,14.788556864200324
68,0.14018691588785046,19.80878253479555
68,0.14485981308411214,7.0791003679946485
68,0.14953271028037382,5.989819609217039
68,0.1542056074766355,20.59660842142464
68,0.1588785046728972,16.586517772689106
68,0.16355140186915887,18.92787373053664
68,0.16822429906542055,22.557433854833416
68,0.17289719626168223,7.9128202180021505
68,0.17757009345794392,6.219607975944276
68,0.1822429906542056,6.763801245684758
68,0.18691588785046728,12.723949346503664
68,0.19158878504672897,20.149354139870304
68,0.19626168224299065,17.877959491595025
68,0.20093457943925233,2.0168769183324757
68,0.205607476635514,7.187945843984548
68,0.2102803738317757,7.091822103214565
68,0.21495327102803738,18.580173606984637
68,0.21962616822429906,18.321578963660194
68,0.22429906542056072,3.2598476903863753
68,0.2289719626168224,22.036357245289445
68,0.23364485981308408,6.557148480536894
68,0.23831775700934577,15.319360689187329
68,0.24299065420560745,14.095291860296815
68,0.24766355140186913,9.748116211307725
68,0.2523364485981308,14.958782364296392
68,0.2570093457943925,13.41125213683467
68,0.2616822429906542,16.150288365850276
68,0.26635514018691586,16.56275835488613
68,0.27102803738317754,6.817557390580028
68,0.2757009345794392,12.153736508649105
68,0.2803738317757009,14.392534690649008
68,0.2850467289719626,17.75391307800697
68,0.2897196261682243,29.13349407263759
68,0.29439252336448596,3.738119217047235
68,0.29906542056074764,10.169589796370277
68,0.3037383177570093,18.63770592403977
68,0.308411214953271,15.840957336466685
68,0.3130841121495327,7.895382763867781
68,0.3177570093457944,16.032554029794504
68,0.32242990654205606,16.401455511626157
68,0.32710280373831774,4.797979787446821
68,0.3317757009345794,24.61477632456446
68,0.3364485981308411,13.719487045798344
68,0.3411214953271028,11.013834475868324
68,0.34579439252336447,25.21074677618305
68,0.35046728971962615,6.343743355628945
68,0.35514018691588783,13.371017274240787
68,0.3598130841121495,10.810534890219088
68,0.3644859813084112,17.732147102146048
68,0.3691588785046729,21.573149233569616
68,0.37383177570093457,19.220709375507713
68,0.37850467289719625,22.878631057223654
68,0.38317757009345793,15.204931606998144
68,0.3878504672897196,14.891453818421
68,0.3925233644859813,22.329267508392345
68,0.397196261682243,9.527655031495462
68,0.40186915887850466,9.845093360093923
68,0.40654205607476634,11.038439209715495
68,0.411214953271028,17.508920544342153
68,0.4158878504672897,13.195655911582937
68,0.4205607476635514,16.436104373324856
68,0.4252336448598131,13.675394530976106
68,0.42990654205607476,10.601505847746735
68,0.43457943925233644,8.976057836747776
68,0.4392523364485981,22.421965188522133
68,0.4439252336448598,9.613787787103778
68,0.44859813084112143,7.3969760063328085
68,0.4532710280373831,20.29477513386921
68,0.4579439252336448,14.56534418215378
68,0.4626168224299065,11.17871932170732
68,0.46728971962616817,6.3682683404337626
68,0.47196261682242985,19.080052135803815
68,0.47663551401869153,0.3162588356465003
68,0.4813084112149532,20.4491264012607
68,0.4859813084112149,5.018636328127196
68,0.4906542056074766,24.155112998458907
68,0.49532710280373826,10.480965158228889
69,0.0,3.1086244689504383e-15
69,0.005376344086021506,2.6938052993039934
69,0.010752688172043012,14.379381791745283
69,0.016129032258064516,6.83661120839387
69,0.021505376344086023,4.776393810489914
69,0.02688172043010753,11.078070635497266
69,0.03225806451612903,16.486474668399183
69,0.03763440860215054,14.003190376055588
69,0.043010752688172046,14.43821269862576
69,0.048387096774193554,30.519281867789488
69,0.05376344086021506,15.09095927780877
69,0.05913978494623656,4.758694302716857
69,0.06451612903225806,6.583647056793875
69,0.06989247311827958,11.961564027664787
69,0.07526881720430108,9.227904268940682
69,0.08064516129032259,11.369673386891167
69,0.08602150537634409,29.1563490753841
69,0.0913978494623656,10.097454487635204
69,0.09677419354838711,6.879207193554314
69,0.10215053763440861,3.9742658599733236
69,0.10752688172043012,4.5616383969187115
69,0.11290322580645162,7.914479350192405
69,0.11827956989247312,17.050040796204055
69,0.12365591397849464,0.8737178156156965
69,0.12903225806451613,14.001634165167337
69,0.13440860215053765,29.262763566765262
69,0.13978494623655915,12.940587502371347
69,0.14516129032258066,1.7228321199511607
69,0.15053763440860216,19.270982818708976
69,0.15591397849462366,9.200656109109698
69,0.16129032258064518,12.19099967448322
69,0.16666666666666669,14.248115134559056
69,0.17204301075268819,24.943158130497785
69,0.1774193548387097,14.231421857880571
69,0.1827956989247312,24.6929731951314
69,0.18817204301075272,13.925283758716924
69,0.19354838709677422,12.21229543960287
69,0.19892473118279572,5.280039077621561
69,0.20430107526881722,4.738887004543914
69,0.20967741935483872,21.649381693776995
69,0.21505376344086025,12.050763555176745
69,0.22043010752688175,3.867922383706879
69,0.22580645161290325,1.8224272023975485
69,0.23118279569892475,9.689623500139168
69,0.23655913978494625,5.882130264033146
69,0.24193548387096775,12.503423486283957
69,0.24731182795698928,18.977475331313922
69,0.25268817204301075,24.703505253139994
69,0.25806451612903225,25.841593287321977
69,0.2634408602150538,3.520345036333739
69,0.2688172043010753,8.895881303676626
69,0.2741935483870968,16.60271722012096
69,0.2795698924731183,3.323712725289786
69,0.2849462365591398,16.868427327624598
69,0.2903225806451613,3.412153744909294
69,0.2956989247311828,9.60527952720434
69,0.3010752688172043,22.16217332671848
69,0.3064516129032258,13.636384842420684
69,0.3118279569892473,4.823418258131448
69,0.31720430107526887,16.351577719896394
69,0.32258064516129037,3.515333892432569
69,0.32795698924731187,6.433363152402927
69,0.33333333333333337,15.650342984797646
69,0.33870967741935487,5.7452812150248835
69,0.34408602150537637,14.073466639972716
69,0.34946236559139787,13.234177059115847
69,0.3548387096774194,7.304883148789977
69,0.3602150537634409,17.389986864463957
69,0.3655913978494624,16.051962211995157
69,0.3709677419354839,6.842583402157973
69,0.37634408602150543,12.311431188288582
69,0.38172043010752693,13.594930472918175
69,0.38709677419354843,12.943497701568221
69,0.39247311827956993,16.448198084477472
69,0.39784946236559143,10.446429043802672
69,0.40322580645161293,6.31137824071308
69,0.40860215053763443,3.1393098358257334
69,0.41397849462365593,22.1268305760609
69,0.41935483870967744,12.082818323347931
69,0.42473118279569894,2.4026288504512765
69,0.4301075268817205,6.396307943725346
69,0.435483870967742,10.284338830586643
69,0.4408602150537635,15.971320336481474
69,0.446236559139785,15.982675488776612
69,0.4516129032258065,20.982972509800486
69,0.456989247311828,12.835330933859467
69,0.4623655913978495,0.3209982527135128
69,0.467741935483871,10.435902893511876
69,0.4731182795698925,9.617886597966187
69,0.478494623655914,15.260522356296613
69,0.4838709677419355,9.869055073532678
69,0.48924731182795705,9.502263001851404
69,0.49462365591397855,15.499480318312518
70,0.0,4.929390229335695e-14
70,0.006211180124223602,13.630527614793305
70,0.012422360248447204,4.722979987486187
70,0.018633540372670808,17.295016198643907
70,0.024844720496894408,12.22277043660248
70,0.03105590062111801,8.369072557361134
70,0.037267080745341616,13.763965171588794
70,0.043478260869565216,10.777772058794277
70,0.049689440993788817,17.22391352348384
70,0.05590062111801242,17.132144007801596
70,0.06211180124223602,8.990645924597322
70,0.06832298136645962,7.06457979777063
70,0.07453416149068323,13.62742287344787
70,0.08074534161490683,13.007885681762687
70,0.08695652173913043,4.3407793918727
70,0.09316770186335403,10.559448374155956
70,0.09937888198757763,6.634342066321051
70,0.10559006211180123,17.553073540214708
70,0.11180124223602483,9.488722637501802
70,0.11801242236024843,11.649437076577666
70,0.12422360248447203,8.64748439450268
70,0.13043478260869565,16.187982601454294
70,0.13664596273291924,4.864368575325168
70,0.14285714285714285,6.00010423879004
70,0.14906832298136646,21.155036315343015
70,0.15527950310559005,5.6922312906392705
70,0.16149068322981366,15.425899743482052
70,0.16770186335403725,21.564739670222
70,0.17391304347826086,8.441796454791906
70,0.18012422360248445,6.384000135707865
70,0.18633540372670807,9.042131673707066
70,0.19254658385093165,8.756038162849384
70,0.19875776397515527,18.198046165144426
70,0.20496894409937888,9.710010278627795
70,0.21118012422360247,12.605009226007414
70,0.21739130434782608,2.039919378055368
70,0.22360248447204967,12.086771452811899
70,0.22981366459627328,18.228515443211563
70,0.23602484472049687,14.87510129569695
70,0.24223602484472048,11.285965874705084
70,0.24844720496894407,10.712334238070895
70,0.2546583850931677,6.924654520896961
70,0.2608695652173913,6.142325864964101
70,0.2670807453416149,7.071392212154423
70,0.27329192546583847,15.791947781990926
70,0.2795031055900621,5.746531677811877
70,0.2857142857142857,4.348585976519889
70,0.2919254658385093,12.977137706204449
70,0.2981366459627329,16.20059889550498
70,0.3043478260869565,8.671156140485776
70,0.3105590062111801,10.534792966604332
70,0.3167701863354037,13.157419092374555
70,0.32298136645962733,1.167547455340491
70,0.3291925465838509,10.143271433251467
70,0.3354037267080745,9.697768926014813
70,0.3416149068322981,5.8620524967884196
70,0.34782608695652173,13.562755097164217
70,0.35403726708074534,15.33424455843736
70,0.3602484472049689,17.93266097542606
70,0.3664596273291925,21.286694742624597
70,0.37267080745341613,11.276021489344696
70,0.37888198757763975,5.639766901999601
70,0.3850931677018633,0.19319778995273207
70,0.3913043478260869,12.087054073150808
70,0.39751552795031053,7.0759437009649675
70,0.40372670807453415,13.533473193414688
70,0.40993788819875776,13.953713084019407
70,0.4161490683229813,22.997625297078223
70,0.42236024844720493,20.933562487238557
70,0.42857142857142855,6.080352013534488
70,0.43478260869565216,22.787625677727153
70,0.4409937888198757,9.356393429975363
70,0.44720496894409933,23.824318577502954
70,0.45341614906832295,7.226820095287306
70,0.45962732919254656,3.1014589352475257
70,0.4658385093167702,19.545424387455597
70,0.47204968944099374,22.804470175279835
70,0.47826086956521735,9.049865363921887
70,0.48447204968944096,2.812963196737383
70,0.4906832298136646,8.460456827106462
70,0.49689440993788814,8.580709881931682
71,0.0,7.993605777301127e-15
71,0.005263157894736842,2.8354005404158737
71,0.010526315789473684,19.478585045244618
71,0.015789473684210527,10.871992963110591
71,0.021052631578947368,14.774155915852647
71,0.02631578947368421,5.595063728377985
71,0.031578947368421054,17.577401673433265
71,0.03684210526315789,8.859446567847643
71,0.042105263157894736,24.73379800891862
71,0.04736842105263158,13.178480292223185
71,0.05263157894736842,17.859167350456257
71,0.05789473684210526,4.349090552362548
71,0.06315789473684211,16.981117383492446
71,0.06842105263157895,9.668151617734436
71,0.07368421052631578,11.228583201470443
71,0.07894736842105263,12.460883786557062
71,0.08421052631578947,6.463075911774577
71,0.08947368421052632,11.409126988252398
71,0.09473684210526316,8.874818277244406
71,0.09999999999999999,3.8315138338817865
71,0.10526315789473684,17.04620664141603
71,0.11052631578947368,0.8693656162291445
71,0.11578947368421053,10.455042065516167
71,0.12105263157894737,10.804154231021316
71,0.12631578947368421,6.65312387001671
71,0.13157894736842105,11.091491448670565
71,0.1368421052631579,11.79731663458739
71,0.14210526315789473,11.029699311554403
71,0.14736842105263157,16.552620172404552
71,0.15263157894736842,10.215035284630337
71,0.15789473684210525,6.035662766470562
71,0.1631578947368421,5.487479883891937
71,0.16842105263157894,17.580200068198845
71,0.17368421052631577,27.072334644670892
71,0.17894736842105263,22.83789250901879
71,0.18421052631578946,9.585498411715099
71,0.18947368421052632,22.407651415971905
71,0.19473684210526315,11.032849062994933
71,0.19999999999999998,22.606671941761693
71,0.20526315789473684,7.064084300134597
71,0.21052631578947367,6.526686782078043
71,0.21578947368421053,12.307861152318546
71,0.22105263157894736,20.34102341420398
71,0.2263157894736842,30.260597736755415
71,0.23157894736842105,13.690984049273855
71,0.23684210526315788,13.040200437245723
71,0.24210526315789474,4.494669040503793
71,0.24736842105263157,12.631374587425016
71,0.25263157894736843,20.30261250484287
71,0.25789473684210523,13.915975100165294
71,0.2631578947368421,5.033157078080498
71,0.26842105263157895,9.181653366191675
71,0.2736842105263158,16.4592419901552
71,0.2789473684210526,19.09791449553878
71,0.28421052631578947,11.02222123630436
71,0.2894736842105263,27.284603142983393
71,0.29473684210526313,9.402408360472453
71,0.3,3.682700327757087
71,0.30526315789473685,17.6863455150466
71,0.31052631578947365,6.391836049235996
71,0.3157894736842105,15.90247434895682
71,0.32105263157894737,11.105269689097474
71,0.3263157894736842,8.716970767473427
71,0.33157894736842103,12.628792022040523
71,0.3368421052631579,7.422888841747629
71,0.34210526315789475,10.370720264496526
71,0.34736842105263155,8.580881635591998
71,0.3526315789473684,17.956837979127037
71,0.35789473684210527,20.605456701160545
71,0.3631578947368421,4.347445203954575
71,0.3684210526315789,10.158354998286796
71,0.3736842105263158,14.838224315840673
71,0.37894736842105264,8.3470995061249
71,0.38421052631578945,13.03032190041909
71,0.3894736842105263,21.231800887992193
71,0.39473684210526316,16.51712279727872
71,0.39999999999999997,17.99204333133505
71,0.4052631578947368,3.580528918426062
71,0.4105263157894737,13.209303941382709
71,0.41578947368421054,14.545549258409856
71,0.42105263157894735,19.5514110340045
71,0.4263157894736842,11.932853723641196
71,0.43157894736842106,11.087534052647774
71,0.43684210526315786,13.603073370304614
71,0.4421052631578947,2.1862551031486297
71,0.4473684210526316,6.637888045568453
71,0.4526315789473684,4.261557053320802
71,0.45789473684210524,11.573686969875006
71,0.4631578947368421,11.67448399430077
71,0.46842105263157896,9.310304047248678
71,0.47368421052631576,19.21569452205373
71,0.4789473684210526,5.640551112497044
71,0.4842105263157895,4.5995721875631075
71,0.4894736842105263,22.610872540383678
71,0.49473684210526314,8.396407411828323
72,0.0,3.108624468950438e-14
72,0.005208333333333333,14.849928633992036
72,0.010416666666666666,8.091643242374957
72,0.015625,3.992616838058145
72,0.020833333333333332,12.575183465865884
72,0.026041666666666664,6.848909084129384
72,0.03125,15.42089049903944
72,0.03645833333333333,12.081857223998364
72,0.041666666666666664,4.7458463845796395
72,0.046875,6.078344119735196
72,0.05208333333333333,16.567748662747825
72,0.057291666666666664,22.514944562335913
72,0.0625,7.085787577358251
72,0.06770833333333333,4.832703993427375
72,0.07291666666666666,5.139841062529298
72,0.078125,22.894196079144805
72,0.08333333333333333,8.13464126317054
72,0.08854166666666666,8.449689515146165
72,0.09375,7.309998303104377
72,0.09895833333333333,15.104351909151102
72,0.10416666666666666,13.239260366927788
72,0.109375,9.444143523094493
72,0.11458333333333333,16.445511910338734
72,0.11979166666666666,10.193939442196191
72,0.125,21.858272900339212
72,0.13020833333333331,26.324085596004338
72,0.13541666666666666,5.791540133884431
72,0.140625,12.507279967331028
72,0.14583333333333331,28.293119366008735
72,0.15104166666666666,10.452891439389578
72,0.15625,9.63733332452598
72,0.16145833333333331,12.020961132182377
72,0.16666666666666666,17.955450508277046
72,0.171875,11.836666329364391
72,0.17708333333333331,17.553270520476513
72,0.18229166666666666,11.250836768272366
72,0.1875,7.629625593022364
72,0.19270833333333331,8.349026390580551
72,0.19791666666666666,16.387546349817217
72,0.203125,11.964109203252338
72,0.20833333333333331,6.614457234488882
72,0.21354166666666666,11.957007783622439
72,0.21875,20.163300408050787
72,0.22395833333333331,8.067551356792926
72,0.22916666666666666,5.6806875664664505
72,0.234375,10.57129145441284
72,0.23958333333333331,3.561876583211388
72,0.24479166666666666,11.319239545777139
72,0.25,9.641308997305687
72,0.2552083333333333,8.557450936895103
72,0.26041666666666663,6.4046684505953655
72,0.265625,7.208310759114964
72,0.2708333333333333,22.417098875503296
72,0.27604166666666663,20.449834859708364
72,0.28125,19.613405246122007
72,0.2864583333333333,13.875960798851828
72,0.29166666666666663,12.69359484187232
72,0.296875,20.2341143346721
72,0.3020833333333333,22.709500898398293
72,0.30729166666666663,3.8726485779577056
72,0.3125,17.763918506571503
72,0.3177083333333333,6.494005845017945
72,0.32291666666666663,2.624490236499532
72,0.328125,19.80534118582843
72,0.3333333333333333,10.961840117962463
72,0.33854166666666663,12.998090879840676
72,0.34375,2.43972667641312
72,0.3489583333333333,7.627319781586503
72,0.35416666666666663,16.89382307774576
72,0.359375,10.70775760691022
72,0.3645833333333333,9.758576771705114
72,0.36979166666666663,4.8306371370227135
72,0.375,22.128898408306014
72,0.3802083333333333,16.518949185190316
72,0.38541666666666663,21.9386498522585
72,0.390625,24.161996362772598
72,0.3958333333333333,21.17656160565595
72,0.40104166666666663,15.032109359831127
72,0.40625,10.186605659331581
72,0.4114583333333333,13.10157489961228
72,0.41666666666666663,9.177470873130174
72,0.421875,11.312322107331061
72,0.4270833333333333,11.77947312718737
72,0.43229166666666663,10.5828856080179
72,0.4375,6.331770819978813
72,0.4427083333333333,11.684202267690049
72,0.44791666666666663,15.016582811498585
72,0.453125,22.466560971498698
72,0.4583333333333333,15.616785317207029
72,0.46354166666666663,21.0000409803835
72,0.46875,12.535964455508289
72,0.4739583333333333,8.423007334070553
72,0.47916666666666663,2.171387501190811
72,0.484375,19.27428260748669
72,0.4895833333333333,9.0281825450495
72,0.49479166666666663,11.152335417567969
73,0.0,3.3306690738754696e-14
73,0.005291005291005291,5.894441139621527
73,0.010582010582010581,13.5031979149066
73,0.015873015873015872,13.990509897163497
73,0.021164021164021163,9.211554600117474
73,0.026455026455026454,6.717128176435572
73,0.031746031746031744,15.499787338612679
73,0.037037037037037035,12.949202715228418
73,0.042328042328042326,10.019669584001083
73,0.047619047619047616,18.054474849937705
73,0.05291005291005291,3.4595353958767396
73,0.0582010582010582,11.493383100244085
73,0.06349206349206349,7.985611748083532
73,0.06878306878306878,9.44010021768778
73,0.07407407407407407,16.337641330915442
73,0.07936507936507936,7.4712348599707825
73,0.08465608465608465,20.008581578653626
73,0.08994708994708994,11.377009004147041
73,0.09523809523809523,13.196464456392055
73,0.10052910052910052,15.811634889209873
73,0.10582010582010581,12.939499120639656
73,0.1111111111111111,4.709490713793579
73,0.1164021164021164,13.242985323237379
73,0.12169312169312169,7.06154538733174
73,0.12698412698412698,7.701018030038342
73,0.13227513227513227,20.464175434661147
73,0.13756613756613756,29.160912277568563
73,0.14285714285714285,5.551784837148687
73,0.14814814814814814,8.91943326111209
73,0.15343915343915343,20.479372007220977
73,0.15873015873015872,3.6229299733853817
73,0.164021164021164,10.748112729454236
73,0.1693121693121693,12.728436887478347
73,0.1746031746031746,10.261171550635874
73,0.17989417989417988,11.237745086558716
73,0.18518518518518517,5.138457075055506
73,0.19047619047619047,6.102712500566227
73,0.19576719576719576,5.743664364310313
73,0.20105820105820105,4.765488699587114
73,0.20634920634920634,9.55770659454806
73,0.21164021164021163,20.29880640403837
73,0.21693121693121692,13.431265940306666
73,0.2222222222222222,14.640768548108946
73,0.2275132275132275,4.152598922969148
73,0.2328042328042328,20.540162231210697
73,0.23809523809523808,17.015281846758473
73,0.24338624338624337,9.55358471275908
73,0.24867724867724866,26.327920988319498
73,0.25396825396825395,16.632356796857664
73,0.25925925925925924,21.330435354338686
73,0.26455026455026454,14.060162284694817
73,0.2698412698412698,20.158585902240915
73,0.2751322751322751,3.815658159019884
73,0.2804232804232804,3.378113130392188
73,0.2857142857142857,4.543422185665854
73,0.291005291005291,21.323691354535526
73,0.2962962962962963,9.283337397793936
73,0.30158730158730157,25.13485104967556
73,0.30687830687830686,9.094830571621019
73,0.31216931216931215,8.177126561629148
73,0.31746031746031744,6.219295435880238
73,0.32275132275132273,14.38371971229498
73,0.328042328042328,5.497801555356358
73,0.3333333333333333,5.891587487166974
73,0.3386243386243386,18.9080739650187
73,0.3439153439153439,11.739827850418047
73,0.3492063492063492,5.693972019711481
73,0.3544973544973545,6.596262141806671
73,0.35978835978835977,14.466718839752353
73,0.36507936507936506,11.173358417851903
73,0.37037037037037035,19.13401372007255
73,0.37566137566137564,2.867979925467606
73,0.38095238095238093,9.807539975201683
73,0.3862433862433862,28.39222799705207
73,0.3915343915343915,7.995526618098868
73,0.3968253968253968,16.308918462892063
73,0.4021164021164021,15.108109172593744
73,0.4074074074074074,12.313003012607936
73,0.4126984126984127,11.47421021459573
73,0.41798941798941797,24.272452719280604
73,0.42328042328042326,10.161504703832078
73,0.42857142857142855,23.022035233765784
73,0.43386243386243384,23.6710883416125
73,0.43915343915343913,6.50482158620484
73,0.4444444444444444,8.864611394553641
73,0.4497354497354497,20.4348987343299
73,0.455026455026455,7.4893256885341115
73,0.4603174603174603,2.3884367670067026
73,0.4656084656084656,12.015383306957647
73,0.4708994708994709,18.535219099616977
73,0.47619047619047616,1.1238780591356932
73,0.48148148148148145,14.616253992736524
73,0.48677248677248675,11.810893028862784
73,0.49206349206349204,12.966815920157863
73,0.4973544973544973,12.325600676782596
74,0.0,4.884981308350689e-14
74,0.005291005291005291,6.28325234244432
74,0.010582010582010581,24.345927155353007
74,0.015873015873015872,5.612608601372002
74,0.021164021164021163,17.01266521270659
74,0.026455026455026454,12.759323730568816
74,0.031746031746031744,8.066594958079005
74,0.037037037037037035,18.915327334366033
74,0.042328042328042326,16.90355228476377
74,0.047619047619047616,15.775192687595261
74,0.05291005291005291,3.8384546910971604
74,0.0582010582010582,16.714503259386596
74,0.06349206349206349,24.835704664664465
74,0.06878306878306878,4.571265374330632
74,0.07407407407407407,12.449766835749921
74,0.07936507936507936,19.58249548835651
74,0.08465608465608465,18.592454634298054
74,0.08994708994708994,3.0348278752962266
74,0.09523809523809523,8.521675557895604
74,0.10052910052910052,8.199693538558295
74,0.10582010582010581,23.85211889758708
74,0.1111111111111111,8.24829197390945
74,0.1164021164021164,9.937370900080133
74,0.12169312169312169,11.487982362021645
74,0.12698412698412698,14.183000232645627
74,0.13227513227513227,13.954470294137554
74,0.13756613756613756,9.18483937314463
74,0.14285714285714285,17.10175330974748
74,0.14814814814814814,16.406801550541577
74,0.15343915343915343,5.730971457442301
74,0.15873015873015872,8.315024071673227
74,0.164021164021164,18.33729373976847
74,0.1693121693121693,10.553818183601868
74,0.1746031746031746,23.59541572510173
74,0.17989417989417988,27.748515405333176
74,0.18518518518518517,16.87558366771816
74,0.19047619047619047,10.268723019216953
74,0.19576719576719576,14.57088412280523
74,0.20105820105820105,17.593943017330947
74,0.20634920634920634,12.929579764668265
74,0.21164021164021163,13.242044043456765
74,0.21693121693121692,17.481428637874593
74,0.2222222222222222,13.132244373631975
74,0.2275132275132275,10.518654235367343
74,0.2328042328042328,8.895977572268848
74,0.23809523809523808,10.834660153357113
74,0.24338624338624337,5.5823978267191405
74,0.24867724867724866,13.728019168387812
74,0.25396825396825395,1.6472568993213268
74,0.25925925925925924,25.341002252063564
74,0.26455026455026454,15.47858697591354
74,0.2698412698412698,20.39086434735185
74,0.2751322751322751,8.504431794364715
74,0.2804232804232804,10.521059694260167
74,0.2857142857142857,0.5982436845733683
74,0.291005291005291,21.717771792862926
74,0.2962962962962963,15.17916603488435
74,0.30158730158730157,19.29197903774816
74,0.30687830687830686,6.344953720015903
74,0.31216931216931215,5.983913709340273
74,0.31746031746031744,3.858089726630151
74,0.32275132275132273,14.028189793972823
74,0.328042328042328,7.835746869276891
74,0.3333333333333333,3.7190596720276536
74,0.3386243386243386,21.39520454157054
74,0.3439153439153439,5.859964048527552
74,0.3492063492063492,12.373611497412309
74,0.3544973544973545,8.239519141211058
74,0.35978835978835977,16.715179889724002
74,0.36507936507936506,12.237650993659786
74,0.37037037037037035,16.925564370972808
74,0.37566137566137564,2.8298699229609006
74,0.38095238095238093,10.382246812805395
74,0.3862433862433862,12.250316761767067
74,0.3915343915343915,21.375581441027325
74,0.3968253968253968,7.246682913237437
74,0.4021164021164021,12.52487957327387
74,0.4074074074074074,6.924869588272085
74,0.4126984126984127,11.862568730658579
74,0.41798941798941797,19.44677886350058
74,0.42328042328042326,12.877263894073758
74,0.42857142857142855,9.904708826516844
74,0.43386243386243384,15.98568997707632
74,0.43915343915343913,13.302031540901085
74,0.4444444444444444,11.794980100331754
74,0.4497354497354497,14.918032840472911
74,0.455026455026455,11.746435207701044
74,0.4603174603174603,13.54451135189161
74,0.4656084656084656,13.091299910028829
74,0.4708994708994709,9.090552200411668
74,0.47619047619047616,9.509278346961874
74,0.48148148148148145,5.07922541623056
74,0.48677248677248675,5.9829834538035565
74,0.49206349206349204,11.227305122855553
74,0.4973544973544973,4.059212842264737
75,0.0,9.325873406851315e-15
75,0.005154639175257732,7.881609631589561
75,0.010309278350515464,8.127023228882074
75,0.015463917525773196,21.61249955143496
75,0.020618556701030927,17.338900143790752
75,0.02577319587628866,11.634452626111363
75,0.030927835051546393,3.757625789469833
75,0.03608247422680412,19.589185583436375
75,0.041237113402061855,13.545124506763193
75,0.04639175257731959,12.992031830610916
75,0.05154639175257732,14.637902816980832
75,0.05670103092783505,20.239621352192373
75,0.061855670103092786,11.904376237052707
75,0.06701030927835051,6.831425445195429
75,0.07216494845360824,14.978272157769432
75,0.07731958762886598,0.9817983986474942
75,0.08247422680412371,5.17379835404953
75,0.08762886597938144,18.060318860812778
75,0.09278350515463918,10.470311382335742
75,0.0979381443298969,4.315848357969288
75,0.10309278350515463,17.08325193316726
75,0.10824742268041238,13.289092857280988
75,0.1134020618556701,9.81305863189434
75,0.11855670103092783,19.337065343295578
75,0.12371134020618557,4.846370786186749
75,0.12886597938144329,7.00264070398814
75,0.13402061855670103,16.33873461433892
75,0.13917525773195877,3.7516458770571615
75,0.14432989690721648,14.670261045346946
75,0.14948453608247422,6.928445944083407
75,0.15463917525773196,13.940281932930489
75,0.15979381443298968,20.35234244077676
75,0.16494845360824742,13.308127976244949
75,0.17010309278350516,6.042017011527936
75,0.17525773195876287,23.142699832467464
75,0.18041237113402062,13.679019125790274
75,0.18556701030927836,7.297054200020363
75,0.19072164948453607,20.625010263375664
75,0.1958762886597938,4.358181010234455
75,0.20103092783505155,6.38851422096582
75,0.20618556701030927,6.7315042039203155
75,0.211340206185567,12.592425015599588
75,0.21649484536082475,10.851977612985632
75,0.22164948453608246,9.425089426655015
75,0.2268041237113402,7.318893140731479
75,0.23195876288659795,16.024973852036865
75,0.23711340206185566,23.80022500975643
75,0.2422680412371134,11.708763510805326
75,0.24742268041237114,8.923445035104537
75,0.25257731958762886,7.982131116694858
75,0.25773195876288657,7.722170957339852
75,0.26288659793814434,18.42770174926527
75,0.26804123711340205,13.799274420882158
75,0.27319587628865977,8.702655574002408
75,0.27835051546391754,17.918669174699936
75,0.28350515463917525,11.467798571978998
75,0.28865979381443296,11.112416465294226
75,0.29381443298969073,12.14795712746495
75,0.29896907216494845,3.994870896805192
75,0.30412371134020616,3.5360344010994456
75,0.30927835051546393,24.067827877285225
75,0.31443298969072164,13.767705567632772
75,0.31958762886597936,6.41021023310169
75,0.3247422680412371,12.69266467885579
75,0.32989690721649484,17.103749098172973
75,0.33505154639175255,10.736181461400268
75,0.3402061855670103,14.285882606742147
75,0.34536082474226804,20.152651324162218
75,0.35051546391752575,4.185861553935559
75,0.3556701030927835,22.717686470462567
75,0.36082474226804123,22.809684065265124
75,0.36597938144329895,14.12757939594758
75,0.3711340206185567,6.110552096983165
75,0.37628865979381443,14.634336449390773
75,0.38144329896907214,19.670653957932945
75,0.3865979381443299,4.6467030327647345
75,0.3917525773195876,8.386021947022334
75,0.39690721649484534,14.298272251623695
75,0.4020618556701031,35.32709432793824
75,0.4072164948453608,12.765424685241062
75,0.41237113402061853,3.6801385532208846
75,0.4175257731958763,15.014067647061967
75,0.422680412371134,17.596962371468315
75,0.42783505154639173,13.282549352833678
75,0.4329896907216495,15.259900884793282
75,0.4381443298969072,11.065538367499206
75,0.44329896907216493,15.138411304621405
75,0.4484536082474227,23.392139081179742
75,0.4536082474226804,14.207872941292905
75,0.4587628865979381,8.901020451252784
75,0.4639175257731959,4.077068662450994
75,0.4690721649484536,14.84990191488962
75,0.4742268041237113,13.520235802957847
75,0.4793814432989691,5.730733919108649
75,0.4845360824742268,3.7010703688256754
75,0.4896907216494845,14.34620612008217
75,0.4948453608247423,22.205274895983425
76,0.0,2.7533531010703882e-14
76,0.0051813471502590676,6.645873275470783
76,0.010362694300518135,16.752000806441938
76,0.015544041450777202,23.796198651251263
76,0.02072538860103627,9.878397648725892
76,0.02590673575129534,24.44711217648959
76,0.031088082901554404,13.94907123166312
76,0.036269430051813475,5.902028299424942
76,0.04145077720207254,7.494102722096704
76,0.046632124352331605,11.488288317494298
76,0.05181347150259068,18.857418357524132
76,0.05699481865284974,10.156470267336385
76,0.06217616580310881,10.235768550534528
76,0.06735751295336788,18.00589477398263
76,0.07253886010362695,1.6945257630901687
76,0.07772020725388601,5.317500883380695
76,0.08290155440414508,13.162293271216376
76,0.08808290155440415,10.678891183670181
76,0.09326424870466321,15.761079381465711
76,0.09844559585492228,21.1840308522523
76,0.10362694300518135,12.523094334878966
76,0.10880829015544041,14.257389031788906
76,0.11398963730569948,9.812264887155678
76,0.11917098445595856,19.124191191428373
76,0.12435233160621761,2.4492543299256675
76,0.1295336787564767,8.220176787578048
76,0.13471502590673576,9.783396579940252
76,0.13989637305699482,35.56016117663014
76,0.1450777202072539,5.188128629015429
76,0.15025906735751296,16.591853668516254
76,0.15544041450777202,11.501479230109364
76,0.1606217616580311,21.817878542218097
76,0.16580310880829016,16.26297116762127
76,0.17098445595854922,6.781347551424671
76,0.1761658031088083,8.317290138654279
76,0.18134715025906736,16.810745227286116
76,0.18652849740932642,3.6737459490256077
76,0.1917098445595855,4.512559648634112
76,0.19689119170984457,13.642232562770296
76,0.20207253886010362,13.910601513075237
76,0.2072538860103627,9.014592736908655
76,0.21243523316062177,5.369562250529873
76,0.21761658031088082,11.56254015240861
76,0.2227979274611399,4.45499061198676
76,0.22797927461139897,7.184973104049944
76,0.23316062176165803,12.645684849316712
76,0.2383419689119171,8.000973219255467
76,0.24352331606217617,10.2373113585272
76,0.24870466321243523,5.442378162722669
76,0.2538860103626943,3.1114029510623817
76,0.2590673575129534,13.042426698846812
76,0.26424870466321243,23.256104341828696
76,0.2694300518134715,7.163811620955787
76,0.2746113989637306,9.939077757438914
76,0.27979274611398963,8.816841851768245
76,0.2849740932642487,4.9442543483362975
76,0.2901554404145078,19.556491489318287
76,0.29533678756476683,3.2123823132208527
76,0.3005181347150259,14.007162287139305
76,0.305699481865285,19.5593341466108
76,0.31088082901554404,21.238780046406315
76,0.3160621761658031,12.798146002871436
76,0.3212435233160622,6.89296904260218
76,0.32642487046632124,14.620476562182722
76,0.3316062176165803,8.941323645084495
76,0.3367875647668394,3.215282768971106
76,0.34196891191709844,13.380210133081192
76,0.3471502590673575,15.698560810705183
76,0.3523316062176166,25.95663572181259
76,0.35751295336787564,8.993696994482358
76,0.3626943005181347,16.529807063654733
76,0.3678756476683938,2.6093943618400486
76,0.37305699481865284,21.48827528858411
76,0.37823834196891193,11.605470528642964
76,0.383419689119171,14.008173966940669
76,0.38860103626943004,13.803710550185604
76,0.39378238341968913,3.521360190806666
76,0.3989637305699482,5.7502909146992565
76,0.40414507772020725,5.100374251231609
76,0.40932642487046633,19.78471262846375
76,0.4145077720207254,8.08308401004924
76,0.41968911917098445,12.12209334105452
76,0.42487046632124353,14.918179849782076
76,0.4300518134715026,17.9102271909126
76,0.43523316062176165,16.860233683843777
76,0.44041450777202074,14.640240512069008
76,0.4455958549222798,12.91464728243158
76,0.45077720207253885,11.310673992901519
76,0.45595854922279794,3.2203171529384718
76,0.461139896373057,20.665203253547844
76,0.46632124352331605,7.53134219143659
76,0.47150259067357514,32.43454709586353
76,0.4766839378238342,14.355862539212819
76,0.48186528497409326,12.627300036838529
76,0.48704663212435234,8.640192859292963
76,0.4922279792746114,8.418091224363955
76,0.49740932642487046,19.447826238907137
77,0.0,1.199040866595169e-14
77,0.0047169811320754715,4.957054236448082
77,0.009433962264150943,2.4328208417464667
77,0.014150943396226415,12.889269611030468
77,0.018867924528301886,16.34619504468409
77,0.023584905660377357,9.36951242091143
77,0.02830188679245283,14.565024589914323
77,0.0330188679245283,6.545356585752558
77,0.03773584905660377,11.28788251997111
77,0.04245283018867924,14.20446171321619
77,0.04716981132075471,18.305149884582494
77,0.051886792452830184,14.474607124162683
77,0.05660377358490566,11.68917144745023
77,0.06132075471698113,18.663671485356396
77,0.0660377358490566,14.146144961068453
77,0.07075471698113207,5.099784321901195
77,0.07547169811320754,7.292590397164439
77,0.08018867924528301,19.119337711222244
77,0.08490566037735849,10.279841408677207
77,0.08962264150943396,18.47340728525535
77,0.09433962264150943,20.962283170635747
77,0.0990566037735849,11.758496518243033
77,0.10377358490566037,7.158395631739406
77,0.10849056603773584,28.70933479230234
77,0.11320754716981132,11.156592683707938
77,0.1179245283018868,17.67041769590204
77,0.12264150943396226,5.884534481443431
77,0.12735849056603774,20.773147170503194
77,0.1320754716981132,4.190962387779186
77,0.13679245283018868,10.21318485763609
77,0.14150943396226415,16.02789029846901
77,0.14622641509433962,11.693731726423128
77,0.1509433962264151,2.151737433761223
77,0.15566037735849056,12.074405410923049
77,0.16037735849056603,7.603395614341102
77,0.1650943396226415,6.0758384534196335
77,0.16981132075471697,3.9552209229087762
77,0.17452830188679244,22.664347539872967
77,0.1792452830188679,14.406721112613434
77,0.18396226415094338,13.911877173954446
77,0.18867924528301885,15.010170748788303
77,0.19339622641509432,8.405201502486653
77,0.1981132075471698,16.266517499623223
77,0.20283018867924527,18.470488390416904
77,0.20754716981132074,3.638723810993968
77,0.2122641509433962,16.315278771229668
77,0.21698113207547168,8.75653242597563
77,0.22169811320754715,19.107429929840663
77,0.22641509433962265,13.767557562983411
77,0.23113207547169812,16.22745319838981
77,0.2358490566037736,3.1279993552607195
77,0.24056603773584906,11.39513315398118
77,0.24528301886792453,12.557417847325853
77,0.25,6.792859386058242
77,0.25471698113207547,13.496158290912335
77,0.25943396226415094,4.3972647457366785
77,0.2641509433962264,20.088320522239353
77,0.2688679245283019,36.240202253982375
77,0.27358490566037735,16.77871734181849
77,0.2783018867924528,17.492280919722088
77,0.2830188679245283,16.403024727022906
77,0.28773584905660377,20.360531108918625
77,0.29245283018867924,14.774538875415585
77,0.2971698113207547,15.935175640011874
77,0.3018867924528302,24.032376907224045
77,0.30660377358490565,10.08628311907128
77,0.3113207547169811,14.191169863569923
77,0.3160377358490566,8.378194585858704
77,0.32075471698113206,12.602606431303224
77,0.32547169811320753,20.97286428160854
77,0.330188679245283,20.98387913210175
77,0.33490566037735847,11.733321241599175
77,0.33962264150943394,15.282205459884931
77,0.3443396226415094,11.050443899311118
77,0.3490566037735849,13.182757046435919
77,0.35377358490566035,11.832576844679965
77,0.3584905660377358,19.123380277232478
77,0.3632075471698113,6.63046192019164
77,0.36792452830188677,7.806149684079419
77,0.37264150943396224,19.46905957640102
77,0.3773584905660377,14.167697984336234
77,0.3820754716981132,14.194697942319278
77,0.38679245283018865,23.47486703831868
77,0.3915094339622641,10.519103727487888
77,0.3962264150943396,18.095301743348006
77,0.40094339622641506,15.036124311380966
77,0.40566037735849053,15.050398574603745
77,0.410377358490566,14.809665865110748
77,0.4150943396226415,9.705108461932308
77,0.41981132075471694,17.957865823013652
77,0.4245283018867924,15.741202703768355
77,0.4292452830188679,8.665572988133604
77,0.43396226415094336,6.169844883717112
77,0.4386792452830188,11.763281058311739
77,0.4433962264150943,13.963870298098193
77,0.44811320754716977,11.185051421217226
77,0.4528301886792453,1.226634612101141
77,0.45754716981132076,6.274790819507462
77,0.46226415094339623,19.36322360782292
77,0.4669811320754717,15.756847611295196
77,0.4716981132075472,21.79295935064664
77,0.47641509433962265,24.993024975735462
77,0.4811320754716981,11.262289542575948
77,0.4858490566037736,4.20427744449791
77,0.49056603773584906,5.556918744009959
77,0.49528301886792453,13.499975281837685
78,0.0,4.263256414560601e-14
78,0.0048543689320388345,24.76646081182888
78,0.009708737864077669,13.386455891103042
78,0.014563106796116504,5.795927036623418
78,0.019417475728155338,8.069762273489427
78,0.02427184466019417,16.370707865975234
78,0.029126213592233007,13.311493576417087
78,0.03398058252427184,17.45574084840675
78,0.038834951456310676,14.590134488008662
78,0.04368932038834951,19.369798891483697
78,0.04854368932038834,11.888786251584603
78,0.05339805825242718,2.705496768049084
78,0.058252427184466014,9.611222815233184
78,0.06310679611650485,13.945711623418703
78,0.06796116504854369,14.32322151213244
78,0.07281553398058252,22.867556947128044
78,0.07766990291262135,16.182019872217147
78,0.08252427184466019,15.00315571436374
78,0.08737864077669902,13.990981739007875
78,0.09223300970873785,6.85216327623572
78,0.09708737864077668,9.817732518142074
78,0.10194174757281553,9.07436352668932
78,0.10679611650485436,23.34838395726372
78,0.1116504854368932,4.494460207905285
78,0.11650485436893203,16.544713842021096
78,0.12135922330097086,7.093729832496124
78,0.1262135922330097,20.717536312100425
78,0.13106796116504854,10.901335696870007
78,0.13592233009708737,14.638792869348444
78,0.1407766990291262,16.11296834974741
78,0.14563106796116504,9.471853738656021
78,0.15048543689320387,7.5350428122259405
78,0.1553398058252427,21.703356521761595
78,0.16019417475728154,4.330177982619026
78,0.16504854368932037,16.95932923830674
78,0.1699029126213592,27.226611852847487
78,0.17475728155339804,11.74195321076906
78,0.17961165048543687,16.935858184450804
78,0.1844660194174757,7.632651058508434
78,0.18932038834951453,5.505269818873485
78,0.19417475728155337,11.22786469480561
78,0.19902912621359223,11.437717590757876
78,0.20388349514563106,13.636923665349661
78,0.2087378640776699,8.758630606617148
78,0.21359223300970873,21.374290662705878
78,0.21844660194174756,1.4828305019122816
78,0.2233009708737864,5.208473887479116
78,0.22815533980582522,10.988656294311937
78,0.23300970873786406,22.562789590811054
78,0.2378640776699029,11.739352847244788
78,0.24271844660194172,27.365404570981674
78,0.24757281553398056,12.303914492773748
78,0.2524271844660194,9.399230693154797
78,0.25728155339805825,13.226308690766292
78,0.2621359223300971,1.672245267147798
78,0.2669902912621359,20.17937203719448
78,0.27184466019417475,14.681509532617817
78,0.2766990291262136,6.21683355402966
78,0.2815533980582524,10.1803317026317
78,0.28640776699029125,11.246170315692247
78,0.2912621359223301,21.88743473221389
78,0.2961165048543689,16.59057050433539
78,0.30097087378640774,10.774968803528097
78,0.3058252427184466,12.525171088779876
78,0.3106796116504854,16.161204729454905
78,0.31553398058252424,8.208466688029938
78,0.3203883495145631,11.27451909511708
78,0.3252427184466019,5.835083498301977
78,0.33009708737864074,7.501755362100637
78,0.3349514563106796,10.157754048242861
78,0.3398058252427184,12.409060715802017
78,0.34466019417475724,6.084061488635388
78,0.3495145631067961,20.462322734125454
78,0.3543689320388349,5.927741994674387
78,0.35922330097087374,6.879530951681623
78,0.36407766990291257,13.597285099845726
78,0.3689320388349514,36.295572707770724
78,0.37378640776699024,6.966255524232116
78,0.37864077669902907,19.195076773591552
78,0.3834951456310679,10.165876158666794
78,0.38834951456310673,4.9989451732729275
78,0.3932038834951456,7.381142909366856
78,0.39805825242718446,9.601246263714595
78,0.4029126213592233,19.69198526722345
78,0.4077669902912621,13.13902148444009
78,0.41262135922330095,9.851193541179224
78,0.4174757281553398,5.0891905807096105
78,0.4223300970873786,16.889663729037864
78,0.42718446601941745,19.069213535473473
78,0.4320388349514563,5.18774198302293
78,0.4368932038834951,9.26785960153921
78,0.44174757281553395,18.512006350373124
78,0.4466019417475728,13.70050060598097
78,0.4514563106796116,31.100408191000437
78,0.45631067961165045,6.808532735309938
78,0.4611650485436893,10.186290669336646
78,0.4660194174757281,3.1424211511331768
78,0.47087378640776695,10.394292022226736
78,0.4757281553398058,14.766097303887562
78,0.4805825242718446,9.01225166305763
78,0.48543689320388345,23.330106479350487
78,0.4902912621359223,14.018674072832509
78,0.4951456310679611,12.489590656947204
79,0.0,1.1546319456101628e-14
79,0.004273504273504274,14.620511143295769
79,0.008547008547008548,22.551735692153052
79,0.012820512820512822,26.95544942529309
79,0.017094017094017096,26.896049112042917
79,0.021367521367521368,11.275923491007454
79,0.025641025641025644,9.881494491619469
79,0.02991452991452992,19.623377816759
79,0.03418803418803419,8.642491734147825
79,0.038461538461538464,12.140637715646115
79,0.042735042735042736,18.957682100166984
79,0.047008547008547015,12.955049846607261
79,0.05128205128205129,4.362264322956773
79,0.05555555555555556,4.502834838208774
79,0.05982905982905984,11.803614548549579
79,0.06410256410256411,16.81155218885159
79,0.06837606837606838,11.54164858641636
79,0.07264957264957266,16.65342035882903
79,0.07692307692307693,7.587133467939816
79,0.0811965811965812,16.78043184585074
79,0.08547008547008547,8.690414372246229
79,0.08974358974358976,8.919470777541331
79,0.09401709401709403,14.74768925837716
79,0.0982905982905983,4.020599690837681
79,0.10256410256410257,12.184401303539321
79,0.10683760683760685,7.778108133553035
79,0.11111111111111112,8.505780922239955
79,0.11538461538461539,7.690767719686991
79,0.11965811965811968,10.37821427417898
79,0.12393162393162395,7.265282398582251
79,0.12820512820512822,11.651827920819068
79,0.13247863247863248,9.264131925733295
79,0.13675213675213677,17.662798013266134
79,0.14102564102564105,4.533333355642252
79,0.1452991452991453,2.654403454693595
79,0.1495726495726496,15.569929604387152
79,0.15384615384615385,8.177805528874295
79,0.15811965811965814,24.615967329922555
79,0.1623931623931624,15.156478781209834
79,0.16666666666666669,13.708641950169675
79,0.17094017094017094,10.699376032138591
79,0.17521367521367523,15.225419830682378
79,0.17948717948717952,1.2416152839134835
79,0.18376068376068377,31.100755460783333
79,0.18803418803418806,17.74384677425244
79,0.19230769230769232,12.828529540454669
79,0.1965811965811966,5.3849240173911905
79,0.20085470085470086,8.379343874310642
79,0.20512820512820515,22.660225951373466
79,0.20940170940170943,19.465404510441438
79,0.2136752136752137,4.316134043783393
79,0.21794871794871798,9.138352289001395
79,0.22222222222222224,4.789525018656378
79,0.22649572649572652,10.50023599943773
79,0.23076923076923078,1.5067472549103582
79,0.23504273504273507,14.564579509248764
79,0.23931623931623935,7.404585100153482
79,0.2435897435897436,5.530754726126494
79,0.2478632478632479,10.588201397748902
79,0.2521367521367522,13.810252942867828
79,0.25641025641025644,17.156463148718085
79,0.2606837606837607,18.02602215631618
79,0.26495726495726496,8.773085158625427
79,0.2692307692307693,13.889327379716118
79,0.27350427350427353,11.869971100145035
79,0.2777777777777778,9.038478173706887
79,0.2820512820512821,6.988275672092778
79,0.28632478632478636,18.812358188565845
79,0.2905982905982906,16.107140300630142
79,0.2948717948717949,4.741655627879548
79,0.2991452991452992,18.897510046876572
79,0.30341880341880345,17.57630455224321
79,0.3076923076923077,35.15678455873759
79,0.311965811965812,7.761965409619265
79,0.3162393162393163,25.247378888110866
79,0.32051282051282054,16.090091090931782
79,0.3247863247863248,15.763992690717037
79,0.3290598290598291,28.716299508714112
79,0.33333333333333337,12.208814618562116
79,0.33760683760683763,11.417095976481354
79,0.3418803418803419,11.583596802998363
79,0.3461538461538462,4.426356901077208
79,0.35042735042735046,6.841999156235866
79,0.3547008547008547,12.27729682757403
79,0.35897435897435903,27.956071258991294
79,0.3632478632478633,13.785412121732813
79,0.36752136752136755,4.443346576155407
79,0.3717948717948718,25.959464570968407
79,0.3760683760683761,11.28890998442908
79,0.3803418803418804,28.758694394819845
79,0.38461538461538464,10.991206259935012
79,0.38888888888888895,14.92877145523311
79,0.3931623931623932,20.06918260744705
79,0.39743589743589747,15.174902369983847
79,0.4017094017094017,23.0485956809945
79,0.40598290598290604,3.9820502712395434
79,0.4102564102564103,24.21786921637084
79,0.41452991452991456,15.946908823987542
79,0.41880341880341887,9.788131441198857
79,0.42307692307692313,4.2452760837954004
79,0.4273504273504274,3.3904100495030365
79,0.43162393162393164,15.53474246431378
79,0.43589743589743596,24.882188590676115
79,0.4401709401709402,26.48192277321992
79,0.4444444444444445,16.1263440350484
79,0.4487179487179488,14.418507847756606
79,0.45299145299145305,6.9979362527913835
79,0.4572649572649573,20.193498433573946
79,0.46153846153846156,27.33543704101373
79,0.4658119658119659,16.14938629808733
79,0.47008547008547014,16.721718844032406
79,0.4743589743589744,2.6125345843606054
79,0.4786324786324787,8.487077994033607
79,0.48290598290598297,18.296189528698367
79,0.4871794871794872,19.516612122853964
79,0.4914529914529915,12.728781865352397
79,0.4957264957264958,4.7615893584414755
80,0.0,2.220446049250313e-14
80,0.0053475935828877,17.24520588845419
80,0.0106951871657754,21.624386140303198
80,0.0160427807486631,24.37689030746057
80,0.0213903743315508,7.679909433786469
80,0.026737967914438502,0.7064625270155431
80,0.0320855614973262,9.960490901684656
80,0.0374331550802139,2.971091641706636
80,0.0427807486631016,17.207845156652812
80,0.0481283422459893,16.153664664648694
80,0.053475935828877004,7.550770037957276
80,0.058823529411764705,11.632276738802828
80,0.0641711229946524,14.953056322860824
80,0.06951871657754011,11.031200016876339
80,0.0748663101604278,1.9996365403314107
80,0.08021390374331551,14.549051624363113
80,0.0855614973262032,21.236122861388512
80,0.0909090909090909,6.115488202498176
80,0.0962566844919786,2.544393117752393
80,0.1016042780748663,17.19466833201532
80,0.10695187165775401,14.98268406588553
80,0.1122994652406417,4.8122350015704045
80,0.11764705882352941,10.349270745155199
80,0.1229946524064171,6.934199990356422
80,0.1283422459893048,19.849944763030155
80,0.1336898395721925,16.441040171731274
80,0.13903743315508021,5.634482723122482
80,0.1443850267379679,14.598842052712326
80,0.1497326203208556,9.78028362562056
80,0.1550802139037433,11.013146598733247
80,0.16042780748663102,14.24786428884605
80,0.1657754010695187,17.268757395258987
80,0.1711229946524064,11.78477151279177
80,0.1764705882352941,25.463630797317325
80,0.1818181818181818,8.573580886758819
80,0.18716577540106952,10.950561893467619
80,0.1925133689839572,10.256571027810608
80,0.1978609625668449,14.5116567970345
80,0.2032085561497326,7.963250124198242
80,0.20855614973262032,8.434846250069123
80,0.21390374331550802,4.122043641676796
80,0.2192513368983957,15.272815272035091
80,0.2245989304812834,11.179252777116798
80,0.2299465240641711,16.817370878419077
80,0.23529411764705882,11.465497663621079
80,0.24064171122994651,9.722713611092514
80,0.2459893048128342,16.247232911420667
80,0.25133689839572193,18.356240839181655
80,0.2566844919786096,11.307101842870868
80,0.2620320855614973,2.296449855453774
80,0.267379679144385,3.0386540455413606
80,0.2727272727272727,7.688363545029692
80,0.27807486631016043,11.570453459756862
80,0.2834224598930481,11.478088700431453
80,0.2887700534759358,17.317676734750545
80,0.29411764705882354,2.9356533854535676
80,0.2994652406417112,22.809530609925883
80,0.3048128342245989,8.02319272890495
80,0.3101604278074866,6.174205358765438
80,0.3155080213903743,11.79151525562227
80,0.32085561497326204,14.781486502395301
80,0.3262032085561497,11.53332168245297
80,0.3315508021390374,22.4406294220166
80,0.3368983957219251,15.19526394685912
80,0.3422459893048128,28.44062415291745
80,0.34759358288770054,16.690913740974633
80,0.3529411764705882,13.842560980958424
80,0.3582887700534759,8.099024910238908
80,0.3636363636363636,7.412446148706151
80,0.3689839572192513,12.943996686300444
80,0.37433155080213903,3.134763497288284
80,0.3796791443850267,14.544739089742944
80,0.3850267379679144,9.91637171451766
80,0.3903743315508021,3.146009633347995
80,0.3957219251336898,15.902715081190406
80,0.40106951871657753,8.379322665514998
80,0.4064171122994652,3.3266755112513815
80,0.4117647058823529,8.732039004768852
80,0.41711229946524064,16.13126027358657
80,0.4224598930481283,9.24226562054007
80,0.42780748663101603,8.06600712380444
80,0.4331550802139037,9.131111943106633
80,0.4385026737967914,3.844300411446924
80,0.44385026737967914,14.046469759267703
80,0.4491978609625668,22.129322631570307
80,0.45454545454545453,12.10147492937132
80,0.4598930481283422,19.50453715612209
80,0.4652406417112299,22.564662570685503
80,0.47058823529411764,28.273336631030602
80,0.4759358288770053,8.22060747218125
80,0.48128342245989303,23.220965232121824
80,0.4866310160427807,16.625213446877165
80,0.4919786096256684,7.610506441688017
80,0.49732620320855614,2.7778077171688027
81,0.0,1.6431300764452317e-14
81,0.005076142131979695,15.199424584151398
81,0.01015228426395939,18.395154987643977
81,0.015228426395939085,15.814566208560306
81,0.02030456852791878,13.661552761970185
81,0.025380710659898477,6.605630115562041
81,0.03045685279187817,20.13699875352169
81,0.035532994923857864,7.218576753087666
81,0.04060913705583756,11.934111048316176
81,0.04568527918781726,8.23049536450601
81,0.050761421319796954,5.9297862748171815
81,0.055837563451776644,8.684911533668274
81,0.06091370558375634,6.492922838850792
81,0.06598984771573603,9.240092929838738
81,0.07106598984771573,14.772277031959108
81,0.07614213197969542,7.438704505878683
81,0.08121827411167512,13.25911908966733
81,0.08629441624365482,10.552699828321531
81,0.09137055837563451,15.557697383120395
81,0.09644670050761421,6.13339126418274
81,0.10152284263959391,13.061553196071344
81,0.10659898477157359,17.25316713239846
81,0.11167512690355329,23.890610517639942
81,0.11675126903553298,13.519666875618217
81,0.12182741116751268,12.711904716322143
81,0.12690355329949238,9.287370343583842
81,0.13197969543147206,14.85957001136098
81,0.13705583756345177,12.899350318344117
81,0.14213197969543145,9.98383683217919
81,0.14720812182741116,17.33096047903571
81,0.15228426395939085,14.042385959450307
81,0.15736040609137056,12.948780955001114
81,0.16243654822335024,3.218479470515107
81,0.16751269035532992,17.082728463723534
81,0.17258883248730963,14.877595219291331
81,0.17766497461928932,5.536250093007416
81,0.18274111675126903,10.108014981495494
81,0.1878172588832487,12.27017856678638
81,0.19289340101522842,16.064851971502325
81,0.1979695431472081,26.369531588931974
81,0.20304568527918782,12.629037135903008
81,0.2081218274111675,13.436811865416164
81,0.21319796954314718,11.871592380816267
81,0.2182741116751269,6.309263301150856
81,0.22335025380710657,27.82146177934285
81,0.22842639593908629,11.877072240469117
81,0.23350253807106597,26.69513150462853
81,0.23857868020304568,10.539085130825825
81,0.24365482233502536,4.2124917065912815
81,0.24873096446700504,13.861798623379341
81,0.25380710659898476,4.836212534136248
81,0.25888324873096447,17.899077884550685
81,0.2639593908629441,19.563842704629245
81,0.26903553299492383,12.672602956585067
81,0.27411167512690354,18.060728705030268
81,0.27918781725888325,12.945900029610822
81,0.2842639593908629,2.0793286036923084
81,0.2893401015228426,7.256760455802046
81,0.29441624365482233,25.89731704017945
81,0.299492385786802,8.701841573441532
81,0.3045685279187817,2.025060686324196
81,0.3096446700507614,8.813944833372439
81,0.3147208121827411,5.57213250235354
81,0.31979695431472077,18.667895683261374
81,0.3248730964467005,15.24656694801187
81,0.3299492385786802,11.839492062142549
81,0.33502538071065985,14.692286821375482
81,0.34010152284263956,14.962689810946967
81,0.34517766497461927,2.3715028547867263
81,0.350253807106599,26.109763159008146
81,0.35532994923857864,17.21239262811866
81,0.36040609137055835,12.130095897287893
81,0.36548223350253806,10.850702223467934
81,0.3705583756345177,3.911448887647644
81,0.3756345177664974,13.805245456277438
81,0.38071065989847713,17.372461002792896
81,0.38578680203045684,21.63582488049956
81,0.3908629441624365,6.417808271541264
81,0.3959390862944162,13.810323587414345
81,0.4010152284263959,9.049856636870613
81,0.40609137055837563,8.597177669382631
81,0.4111675126903553,17.0607695263726
81,0.416243654822335,23.269695302588225
81,0.4213197969543147,14.153700944866456
81,0.42639593908629436,3.7382501541442688
81,0.4314720812182741,8.756375071594599
81,0.4365482233502538,8.770261671537689
81,0.4416243654822335,17.10398351785257
81,0.44670050761421315,20.877197024796594
81,0.45177664974619286,17.590784914793822
81,0.45685279187817257,14.27836175068014
81,0.4619289340101522,13.39900446283768
81,0.46700507614213194,13.937917387439846
81,0.47208121827411165,6.653511978793417
81,0.47715736040609136,14.6576325205362
81,0.482233502538071,15.866892222159052
81,0.4873096446700507,15.571903661750692
81,0.49238578680203043,5.613691051006422
81,0.4974619289340101,9.276781627440204
82,0.0,4.1744385725905886e-14
82,0.004739336492890996,16.521651324342955
82,0.009478672985781991,9.20518354683546
82,0.014218009478672987,2.5901725725563596
82,0.018957345971563982,4.154148796914539
82,0.023696682464454978,4.26995955224722
82,0.028436018957345974,4.07260308669565
82,0.03317535545023697,9.370147076289992
82,0.037914691943127965,5.575234033117641
82,0.04265402843601896,6.939633561015156
82,0.047393364928909956,2.0678911957378707
82,0.05213270142180095,12.752260815761488
82,0.05687203791469195,8.484038026847825
82,0.06161137440758294,9.037107591383577
82,0.06635071090047394,15.435809992804826
82,0.07109004739336494,6.867147658627609
82,0.07582938388625593,10.034659786018517
82,0.08056872037914692,14.722824556503827
82,0.08530805687203792,25.237759300923504
82,0.09004739336492892,12.976641949274617
82,0.09478672985781991,13.378276726661753
82,0.0995260663507109,17.78447390867991
82,0.1042654028436019,17.012508944080324
82,0.1090047393364929,9.240906354402451
82,0.1137440758293839,13.452785991671604
82,0.11848341232227488,6.459454635347762
82,0.12322274881516589,16.255130791477523
82,0.1279620853080569,20.203314392938385
82,0.13270142180094788,16.465439160281978
82,0.13744075829383887,7.322806975840668
82,0.14218009478672988,9.943422516059636
82,0.14691943127962087,7.484535062139842
82,0.15165876777251186,20.824401053089765
82,0.15639810426540285,15.686827350343112
82,0.16113744075829384,8.572291985536864
82,0.16587677725118485,13.664927074659126
82,0.17061611374407584,9.879428990716304
82,0.17535545023696683,12.90363823109286
82,0.18009478672985785,10.455691458882495
82,0.18483412322274884,3.9161156412543487
82,0.18957345971563982,12.647779668816009
82,0.1943127962085308,9.235087005124855
82,0.1990521327014218,14.699578800295486
82,0.20379146919431282,23.553912920598755
82,0.2085308056872038,15.193194017274264
82,0.2132701421800948,10.76162061313881
82,0.2180094786729858,5.649879968200801
82,0.2227488151658768,16.245321138187347
82,0.2274881516587678,14.629626690505734
82,0.23222748815165878,8.099682044876685
82,0.23696682464454977,18.477310807176913
82,0.24170616113744078,12.593622038003568
82,0.24644549763033177,26.130531548346585
82,0.2511848341232228,7.128322469404657
82,0.2559241706161138,4.236592174069935
82,0.26066350710900477,9.236058844734542
82,0.26540284360189575,13.017796043496299
82,0.27014218009478674,22.291769758329256
82,0.27488151658767773,14.959511295355115
82,0.2796208530805687,10.168085936746987
82,0.28436018957345977,17.915800811802733
82,0.28909952606635075,19.426027590185775
82,0.29383886255924174,25.114650592119116
82,0.29857819905213273,14.815646851765369
82,0.3033175355450237,16.40457286761701
82,0.3080568720379147,9.240490285050631
82,0.3127962085308057,9.55657158696621
82,0.3175355450236967,12.912616243216712
82,0.3222748815165877,14.752986717252568
82,0.3270142180094787,23.931216873372282
82,0.3317535545023697,10.299178045959433
82,0.3364928909952607,7.363474033847624
82,0.3412322274881517,14.437250397050384
82,0.3459715639810427,16.701144173356052
82,0.35071090047393366,18.87668631973283
82,0.35545023696682465,8.2988969198427
82,0.3601895734597157,12.318306707662483
82,0.3649289099526067,19.783183477543194
82,0.3696682464454977,15.497619698479662
82,0.37440758293838866,28.823304590409368
82,0.37914691943127965,15.50233370559075
82,0.38388625592417064,21.3566836655904
82,0.3886255924170616,23.45251515853045
82,0.3933649289099526,13.97823051019144
82,0.3981042654028436,8.369256052544461
82,0.40284360189573465,12.273786778328724
82,0.40758293838862564,17.47813341164574
82,0.4123222748815166,4.231193470656068
82,0.4170616113744076,20.801146852973005
82,0.4218009478672986,9.869306074019226
82,0.4265402843601896,2.0365053899333767
82,0.4312796208530806,3.022160672687807
82,0.4360189573459716,11.057857062886722
82,0.4407582938388626,11.348218881945407
82,0.4454976303317536,15.505466250821051
82,0.4502369668246446,23.44950997069799
82,0.4549763033175356,2.4086172938701083
82,0.45971563981042657,20.292421807016183
82,0.46445497630331756,28.507629589552447
82,0.46919431279620855,3.9154210076753757
82,0.47393364928909953,7.8609327370252196
82,0.4786729857819906,18.616202146208163
82,0.48341232227488157,10.77738033228329
82,0.48815165876777256,19.4761657402443
82,0.49289099526066354,13.012215334791566
82,0.49763033175355453,24.045104394987156
83,0.0,4.1300296516055823e-14
83,0.00510204081632653,25.158512938069023
83,0.01020408163265306,7.135340939733472
83,0.015306122448979591,12.062957481242513
83,0.02040816326530612,9.131971655406032
83,0.02551020408163265,27.535549501234538
83,0.030612244897959183,7.9534899764043026
83,0.03571428571428571,11.239022977149931
83,0.04081632653061224,3.704557792018421
83,0.04591836734693877,11.821249869780786
83,0.0510204081632653,10.646872653929213
83,0.05612244897959183,6.076063215049831
83,0.061224489795918366,11.443239032995638
83,0.06632653061224489,15.256076014617
83,0.07142857142857142,2.2991718441671605
83,0.07653061224489795,12.5369679294857
83,0.08163265306122448,5.345774527683196
83,0.08673469387755102,17.044489314579888
83,0.09183673469387754,12.308341534052294
83,0.09693877551020408,6.810454574202989
83,0.1020408163265306,9.773128805849554
83,0.10714285714285714,22.931502463598616
83,0.11224489795918366,10.193958765156111
83,0.1173469387755102,2.8592556918633036
83,0.12244897959183673,4.927481930696462
83,0.12755102040816327,1.258359039324883
83,0.13265306122448978,15.475087003119805
83,0.1377551020408163,17.8442734203641
83,0.14285714285714285,21.77647883270924
83,0.14795918367346939,13.931459382005224
83,0.1530612244897959,16.882591251470085
83,0.15816326530612243,14.038087613074884
83,0.16326530612244897,13.915987459895563
83,0.1683673469387755,19.487569726879865
83,0.17346938775510204,11.394246526024403
83,0.17857142857142855,3.431756293902595
83,0.18367346938775508,10.57263734982293
83,0.18877551020408162,2.393332874628932
83,0.19387755102040816,5.140461167650663
83,0.19897959183673466,6.730952066804066
83,0.2040816326530612,17.122151453508152
83,0.20918367346938774,3.499703426786681
83,0.21428571428571427,13.54525565056503
83,0.2193877551020408,4.957971716101358
83,0.22448979591836732,16.987545228670324
83,0.22959183673469385,14.446348978676907
83,0.2346938775510204,20.647038839411216
83,0.23979591836734693,10.069930515957228
83,0.24489795918367346,2.891590361590046
83,0.24999999999999997,9.887767478634274
83,0.25510204081632654,25.3057527990101
83,0.260204081632653,6.3866829418961375
83,0.26530612244897955,15.122472867831055
83,0.2704081632653061,4.7116975139180965
83,0.2755102040816326,5.034519059370507
83,0.28061224489795916,13.707239821929164
83,0.2857142857142857,6.7866470148160305
83,0.29081632653061223,6.183064476827069
83,0.29591836734693877,20.98207335329951
83,0.3010204081632653,6.764927750199126
83,0.3061224489795918,10.066734201965035
83,0.3112244897959183,22.700002830565364
83,0.31632653061224486,10.616241210354614
83,0.3214285714285714,26.986587203550872
83,0.32653061224489793,23.15369090332611
83,0.33163265306122447,19.90734011503128
83,0.336734693877551,15.006704534078468
83,0.34183673469387754,6.445955745961185
83,0.3469387755102041,23.38891477472206
83,0.35204081632653056,13.060654412162645
83,0.3571428571428571,17.87101736542235
83,0.36224489795918363,2.8111682001624874
83,0.36734693877551017,16.161408055481775
83,0.3724489795918367,9.901295764843479
83,0.37755102040816324,17.001675079621318
83,0.3826530612244898,12.507330322030413
83,0.3877551020408163,2.2792620159406147
83,0.39285714285714285,2.5647474723721477
83,0.39795918367346933,9.89415905313193
83,0.40306122448979587,27.249197511628704
83,0.4081632653061224,6.223575173914191
83,0.41326530612244894,8.944332028386727
83,0.4183673469387755,11.004891150705161
83,0.423469387755102,8.29684089788196
83,0.42857142857142855,7.417039570145647
83,0.4336734693877551,24.645971323993926
83,0.4387755102040816,6.465218660760794
83,0.4438775510204081,13.918247266019332
83,0.44897959183673464,10.914881764668767
83,0.4540816326530612,10.080975633338856
83,0.4591836734693877,25.383395883633423
83,0.46428571428571425,21.058676726995266
83,0.4693877551020408,22.63659967410316
83,0.4744897959183673,10.006927330887036
83,0.47959183673469385,7.0673197179047325
83,0.4846938775510204,16.768404947720807
83,0.4897959183673469,9.803389961179077
83,0.4948979591836734,18.67027253703154
84,0.0,5.329070518200751e-15
84,0.006493506493506494,4.19447324628763
84,0.012987012987012988,6.287466462450144
84,0.01948051948051948,13.861655043162246
84,0.025974025974025976,5.931074813784442
84,0.03246753246753247,12.881310569442174
84,0.03896103896103896,6.269642798112862
84,0.045454545454545456,7.705141024222284
84,0.05194805194805195,17.142613789106893
84,0.05844155844155845,4.824428641152454
84,0.06493506493506494,9.966920338250159
84,0.07142857142857144,11.042074506723461
84,0.07792207792207792,3.288742659118121
84,0.08441558441558442,8.605900283146644
84,0.09090909090909091,1.2199810643845057
84,0.09740259740259741,10.223289788561338
84,0.1038961038961039,10.405488407379313
84,0.1103896103896104,3.9957031645334933
84,0.1168831168831169,3.547896987513609
84,0.12337662337662339,8.779667010712249
84,0.12987012987012989,17.0366960515563
84,0.13636363636363638,13.520766779194215
84,0.14285714285714288,8.49386015441983
84,0.14935064935064937,24.081960570683396
84,0.15584415584415584,8.861145027468927
84,0.16233766233766234,3.9430305359307
84,0.16883116883116883,5.212714732042238
84,0.17532467532467533,9.356658227380526
84,0.18181818181818182,14.193055637362114
84,0.18831168831168832,9.616122742183322
84,0.19480519480519481,7.751366549411775
84,0.2012987012987013,5.319656134381539
84,0.2077922077922078,5.694257628037684
84,0.2142857142857143,6.187376779919258
84,0.2207792207792208,4.52449883225489
84,0.2272727272727273,15.020829984808222
84,0.2337662337662338,17.55893481969914
84,0.24025974025974028,21.900887621870897
84,0.24675324675324678,15.271123737824519
84,0.2532467532467533,19.051804518749957
84,0.25974025974025977,4.088854370671812
84,0.26623376623376627,9.618364540906477
84,0.27272727272727276,4.171511979040638
84,0.27922077922077926,9.121176536950772
84,0.28571428571428575,4.12056670049294
84,0.29220779220779225,14.609420016279243
84,0.29870129870129875,35.66971647317861
84,0.30519480519480524,12.541337073477827
84,0.3116883116883117,16.807538007240858
84,0.3181818181818182,3.5076015748553457
84,0.3246753246753247,13.812443060930486
84,0.33116883116883117,21.34026174630307
84,0.33766233766233766,7.270373020626528
84,0.34415584415584416,25.179778662234938
84,0.35064935064935066,13.838767562628298
84,0.35714285714285715,10.688209641345852
84,0.36363636363636365,18.99656457320606
84,0.37012987012987014,12.327891266434493
84,0.37662337662337664,12.17506289156524
84,0.38311688311688313,5.892921833401319
84,0.38961038961038963,6.62160008808212
84,0.3961038961038961,16.523558761020087
84,0.4025974025974026,4.80675043602694
84,0.4090909090909091,4.426904493584713
84,0.4155844155844156,21.16693619887232
84,0.4220779220779221,9.22086751610772
84,0.4285714285714286,0.4122374160537037
84,0.4350649350649351,8.757327586668922
84,0.4415584415584416,12.291889256192158
84,0.4480519480519481,20.50450903635855
84,0.4545454545454546,14.469367384174998
84,0.4610389610389611,8.93598183430617
84,0.4675324675324676,4.920701794574344
84,0.4740259740259741,12.451555534369257
84,0.48051948051948057,12.89857896018865
84,0.48701298701298706,12.780764746484566
84,0.49350649350649356,8.413587866208005
85,0.0,3.219646771412954e-15
85,0.006756756756756757,14.574523535345318
85,0.013513513513513514,14.449889455137605
85,0.02027027027027027,7.044495609870024
85,0.02702702702702703,12.026547903365266
85,0.033783783783783786,13.282240429793129
85,0.04054054054054054,14.188760718792661
85,0.0472972972972973,11.544722683459028
85,0.05405405405405406,12.597748829640771
85,0.060810810810810814,8.373802527047308
85,0.06756756756756757,9.345199808805132
85,0.07432432432432433,11.885745942383979
85,0.08108108108108109,5.517972766424281
85,0.08783783783783784,6.782293553903093
85,0.0945945945945946,4.0433038572569915
85,0.10135135135135136,7.241412725053737
85,0.10810810810810811,3.872156775236395
85,0.11486486486486487,14.430125280356165
85,0.12162162162162163,16.892689785584743
85,0.1283783783783784,31.691002742454987
85,0.13513513513513514,13.117899343438602
85,0.14189189189189189,3.7814837174875455
85,0.14864864864864866,12.717077795495358
85,0.15540540540540543,6.712787759434345
85,0.16216216216216217,9.758739610257273
85,0.16891891891891891,11.816564560868757
85,0.17567567567567569,14.155804435075858
85,0.18243243243243246,5.732771409796113
85,0.1891891891891892,15.886557861705972
85,0.19594594594594594,7.847179065557882
85,0.20270270270270271,19.1043765021578
85,0.20945945945945948,4.3395936217442745
85,0.21621621621621623,8.118906945850668
85,0.22297297297297297,11.98880765111621
85,0.22972972972972974,8.46963798147846
85,0.2364864864864865,16.85537003653028
85,0.24324324324324326,1.4677877515076319
85,0.25,0.9701959513077675
85,0.2567567567567568,21.00044053470167
85,0.26351351351351354,5.559389542813688
85,0.2702702702702703,19.361350506839962
85,0.27702702702702703,7.625966665182574
85,0.28378378378378377,20.723042610611255
85,0.29054054054054057,5.928450279096566
85,0.2972972972972973,19.290896422807343
85,0.30405405405405406,4.186257656033128
85,0.31081081081081086,14.964002695812605
85,0.3175675675675676,13.378360252278508
85,0.32432432432432434,4.755467028922956
85,0.3310810810810811,6.079672997955481
85,0.33783783783783783,7.966676073293895
85,0.3445945945945946,10.926122604020575
85,0.35135135135135137,6.580480170175578
85,0.3581081081081081,7.225348400803275
85,0.3648648648648649,14.252361926518487
85,0.37162162162162166,7.124860395627418
85,0.3783783783783784,14.489214724112482
85,0.38513513513513514,4.845111747565826
85,0.3918918918918919,5.061672666767002
85,0.3986486486486487,16.52426342718758
85,0.40540540540540543,13.511004931973345
85,0.41216216216216217,11.277874194176428
85,0.41891891891891897,13.899427419894963
85,0.4256756756756757,14.518853129014152
85,0.43243243243243246,14.639429101033697
85,0.4391891891891892,3.770887131232996
85,0.44594594594594594,13.144515495355492
85,0.45270270270270274,15.637342968279208
85,0.4594594594594595,11.591955160707057
85,0.46621621621621623,12.216337293587216
85,0.472972972972973,18.874302691579906
85,0.47972972972972977,9.85448287977878
85,0.4864864864864865,3.256255483178693
85,0.49324324324324326,13.71878491513234
86,0.0,4.440892098500626e-16
86,0.0064516129032258064,22.883939486944946
86,0.012903225806451613,13.361529514899603
86,0.01935483870967742,11.518000629340639
86,0.025806451612903226,15.288200538361385
86,0.03225806451612903,14.938139206065896
86,0.03870967741935484,22.54221765476411
86,0.04516129032258064,18.289064482106035
86,0.05161290322580645,28.265039537999233
86,0.05806451612903226,10.763752763855004
86,0.06451612903225806,16.52763857707138
86,0.07096774193548387,25.727868560183516
86,0.07741935483870968,15.212179304079593
86,0.08387096774193549,15.249551999535678
86,0.09032258064516129,16.315101246847473
86,0.0967741935483871,12.924675798556315
86,0.1032258064516129,17.07702209247666
86,0.10967741935483871,14.615279443518695
86,0.11612903225806452,9.913064418836457
86,0.12258064516129032,24.524414786747087
86,0.12903225806451613,13.651946320612396
86,0.13548387096774195,13.955241064540438
86,0.14193548387096774,18.668339637265856
86,0.14838709677419354,13.155168645866135
86,0.15483870967741936,3.097757755957114
86,0.16129032258064516,1.7279927191061069
86,0.16774193548387098,12.10633997006257
86,0.17419354838709677,19.682876381008626
86,0.18064516129032257,24.258784906609012
86,0.1870967741935484,18.243917553322575
86,0.1935483870967742,12.55208757194446
86,0.2,5.497727892054593
86,0.2064516129032258,11.408784110349648
86,0.2129032258064516,10.468818371132942
86,0.21935483870967742,2.2747223149401967
86,0.22580645161290322,8.225585091393373
86,0.23225806451612904,5.774417667155766
86,0.23870967741935484,9.241898702920798
86,0.24516129032258063,5.965873610609393
86,0.25161290322580643,5.564822870955402
86,0.25806451612903225,11.758361832364841
86,0.2645161290322581,8.813259369188932
86,0.2709677419354839,8.795404242295453
86,0.27741935483870966,4.954713028884873
86,0.2838709677419355,9.137371563311318
86,0.2903225806451613,10.33568038318218
86,0.2967741935483871,16.904405610845767
86,0.3032258064516129,15.782640019730914
86,0.3096774193548387,5.235069238483543
86,0.3161290322580645,3.5649807614072166
86,0.3225806451612903,13.067832748349284
86,0.32903225806451614,2.4987932651887386
86,0.33548387096774196,10.547832103176992
86,0.3419354838709677,9.357688645024236
86,0.34838709677419355,0.7192175496637917
86,0.3548387096774194,9.014466673563332
86,0.36129032258064514,12.247571255633405
86,0.36774193548387096,6.041747767098966
86,0.3741935483870968,4.978544091604353
86,0.38064516129032255,13.331735689959912
86,0.3870967741935484,1.5784847260171322
86,0.3935483870967742,2.959528979806525
86,0.4,7.118065469627409
86,0.4064516129032258,14.442524128850964
86,0.4129032258064516,8.780131808600515
86,0.41935483870967744,6.248924674999407
86,0.4258064516129032,8.83540812507008
86,0.432258064516129,4.204089047841954
86,0.43870967741935485,3.227427475300633
86,0.44516129032258067,9.536569274828251
86,0.45161290322580644,4.762739546499496
86,0.45806451612903226,5.565827632948685
86,0.4645161290322581,5.916195210429209
86,0.47096774193548385,3.9764117381790287
86,0.4774193548387097,9.409115739459901
86,0.4838709677419355,3.086266476229457
86,0.49032258064516127,2.3537589374899657
86,0.4967741935483871,12.176172535945769
87,0.0,1.554312234475219e-14
87,0.006622516556291391,0.76348192292702
87,0.013245033112582781,12.431072040268118
87,0.019867549668874173,15.331889311345906
87,0.026490066225165563,14.149524169104426
87,0.033112582781456956,3.8788370163009818
87,0.039735099337748346,4.268495325886238
87,0.046357615894039736,9.594094210721035
87,0.052980132450331126,8.19852673600319
87,0.059602649006622516,14.105032277230682
87,0.06622516556291391,8.849245358408044
87,0.0728476821192053,16.31997077521101
87,0.07947019867549669,7.3544690116712506
87,0.08609271523178808,10.70903575536869
87,0.09271523178807947,5.226770616947102
87,0.09933774834437085,9.39337883193499
87,0.10596026490066225,9.609369013964747
87,0.11258278145695365,5.806611517512797
87,0.11920529801324503,1.3273468813532654
87,0.12582781456953643,11.758731859801586
87,0.13245033112582782,7.226214613917359
87,0.1390728476821192,11.807608937629471
87,0.1456953642384106,8.381492277006346
87,0.152317880794702,3.7328555882343895
87,0.15894039735099338,11.88155536373176
87,0.16556291390728478,14.076119173744337
87,0.17218543046357615,14.260596424498818
87,0.17880794701986755,7.157857030100178
87,0.18543046357615894,11.255138087373611
87,0.19205298013245034,11.0474823968365
87,0.1986754966887417,6.78180036369377
87,0.2052980132450331,12.894113626305026
87,0.2119205298013245,2.3663315246518946
87,0.2185430463576159,3.168542687197904
87,0.2251655629139073,32.68267575672351
87,0.23178807947019867,9.867588172058742
87,0.23841059602649006,18.09340957633755
87,0.24503311258278146,5.654108321350832
87,0.25165562913907286,1.6261814502415124
87,0.2582781456953642,11.004706127912517
87,0.26490066225165565,10.719738242622421
87,0.271523178807947,16.62185077009414
87,0.2781456953642384,19.641689085873363
87,0.2847682119205298,7.244749398037959
87,0.2913907284768212,1.0921735729085975
87,0.2980132450331126,16.430489332930367
87,0.304635761589404,17.09851627757638
87,0.31125827814569534,18.03211186166946
87,0.31788079470198677,9.104373012412623
87,0.32450331125827814,5.02318020397596
87,0.33112582781456956,11.542258911612985
87,0.33774834437086093,23.0404257930363
87,0.3443708609271523,12.543467225343724
87,0.3509933774834437,16.592022962890184
87,0.3576158940397351,6.03595635043226
87,0.36423841059602646,5.3794536433671
87,0.3708609271523179,13.67278053139294
87,0.37748344370860926,8.514198366351657
87,0.3841059602649007,12.534671171102426
87,0.39072847682119205,18.047290336321396
87,0.3973509933774834,15.711493948755345
87,0.40397350993377484,12.908562690935169
87,0.4105960264900662,26.354384992429882
87,0.41721854304635764,13.282777729681461
87,0.423841059602649,15.228749129065644
87,0.4304635761589404,22.99776488910708
87,0.4370860927152318,5.3431965008576325
87,0.44370860927152317,1.231237970397826
87,0.4503311258278146,3.57601239571247
87,0.45695364238410596,8.332166224645947
87,0.46357615894039733,6.700407628320135
87,0.47019867549668876,9.076536540166147
87,0.4768211920529801,6.45612604797745
87,0.48344370860927155,9.096848439291557
87,0.4900662251655629,6.521675102120084
87,0.4966887417218543,18.60574818572869
88,0.0,8.770761894538737e-15
88,0.004830917874396135,24.26345015991122
88,0.00966183574879227,8.264387740276058
88,0.014492753623188404,7.967634922213316
88,0.01932367149758454,9.544229877776424
88,0.024154589371980676,25.43739538486119
88,0.02898550724637681,7.815667912298747
88,0.033816425120772944,6.8274176652519065
88,0.03864734299516908,8.05097761429698
88,0.043478260869565216,9.940412941160039
88,0.04830917874396135,0.540787036315812
88,0.05314009661835749,4.661230788984924
88,0.05797101449275362,21.371841655686673
88,0.06280193236714976,4.219289843074152
88,0.06763285024154589,4.285886252144928
88,0.07246376811594203,7.4157732852633425
88,0.07729468599033816,7.936266699298745
88,0.08212560386473429,13.063084206641998
88,0.08695652173913043,15.093371100885577
88,0.09178743961352656,12.125970012056145
88,0.0966183574879227,21.486497321101165
88,0.10144927536231883,15.671806400867663
88,0.10628019323671498,7.4989950308115
88,0.1111111111111111,28.331492174027552
88,0.11594202898550723,17.145746871321098
88,0.12077294685990338,14.166122591489177
88,0.12560386473429952,19.240631266960605
88,0.13043478260869565,28.921704105911004
88,0.13526570048309178,5.413556165687791
88,0.1400966183574879,13.404061379281302
88,0.14492753623188406,3.9755933090885667
88,0.1497584541062802,1.0777795396853542
88,0.15458937198067632,7.440274163322703
88,0.15942028985507245,9.869745510378836
88,0.16425120772946858,8.222178009804871
88,0.16908212560386474,7.038342649613173
88,0.17391304347826086,10.666748017331914
88,0.178743961352657,10.6376455854062
88,0.18357487922705312,6.498377766649269
88,0.18840579710144928,15.281144157579053
88,0.1932367149758454,21.095006573631025
88,0.19806763285024154,6.245624661696328
88,0.20289855072463767,15.679594834437982
88,0.2077294685990338,11.66485062878757
88,0.21256038647342995,8.026339971434831
88,0.21739130434782608,15.14350526318401
88,0.2222222222222222,9.563534496028444
88,0.22705314009661834,21.08799935432284
88,0.23188405797101447,6.307877711870761
88,0.23671497584541062,15.255971820441468
88,0.24154589371980675,7.311583977555354
88,0.24637681159420288,8.87614982653358
88,0.25120772946859904,12.541665874716658
88,0.25603864734299514,5.421298910727285
88,0.2608695652173913,19.761308059183772
88,0.26570048309178745,19.84153678761221
88,0.27053140096618356,17.415968133868542
88,0.2753623188405797,7.986041056059966
88,0.2801932367149758,15.897553821560864
88,0.28502415458937197,19.750452312698876
88,0.2898550724637681,5.757852613668839
88,0.2946859903381642,21.335845383877892
88,0.2995169082125604,12.658023502469884
88,0.3043478260869565,23.67254620276073
88,0.30917874396135264,10.844269136175456
88,0.3140096618357488,18.512029450840384
88,0.3188405797101449,34.02458598057732
88,0.32367149758454106,9.568026383844975
88,0.32850241545893716,26.890382090873402
88,0.3333333333333333,4.465959969066663
88,0.33816425120772947,33.932673893403084
88,0.3429951690821256,19.635652176790465
88,0.34782608695652173,4.614605122912188
88,0.35265700483091783,23.54542763861459
88,0.357487922705314,24.670038870028723
88,0.36231884057971014,17.042992527946605
88,0.36714975845410625,9.773265785438126
88,0.3719806763285024,12.260875110297638
88,0.37681159420289856,10.146791290930429
88,0.38164251207729466,1.119842305208258
88,0.3864734299516908,14.742810039652065
88,0.3913043478260869,17.055437020490036
88,0.3961352657004831,9.33041822619902
88,0.40096618357487923,8.068010248291134
88,0.40579710144927533,7.762759086622892
88,0.4106280193236715,7.249556068277278
88,0.4154589371980676,7.270468227159496
88,0.42028985507246375,13.375765375555638
88,0.4251207729468599,13.02981369067897
88,0.429951690821256,4.0318345274077725
88,0.43478260869565216,9.147885291388377
88,0.43961352657004826,5.244406677221733
88,0.4444444444444444,12.124764185823
88,0.4492753623188406,17.883746230513704
88,0.4541062801932367,16.67096753220512
88,0.45893719806763283,16.1645395604639
88,0.46376811594202894,3.8200924918506276
88,0.4685990338164251,6.377908023105587
88,0.47342995169082125,13.383969709959874
88,0.47826086956521735,12.1391990202129
88,0.4830917874396135,9.405568016752147
88,0.48792270531400966,7.711905330654931
88,0.49275362318840576,16.92414935721467
88,0.4975845410628019,4.575781485254026
89,0.0,5.329070518200751e-15
89,0.0045662100456621,21.641743672069754
89,0.0091324200913242,8.543759847874997
89,0.0136986301369863,11.172926689008884
89,0.0182648401826484,12.780667457285961
89,0.0228310502283105,3.285280166246781
89,0.0273972602739726,13.331243107718716
89,0.0319634703196347,17.645237219013257
89,0.0365296803652968,15.652958065088816
89,0.0410958904109589,14.323372870497908
89,0.045662100456621,17.34008553201094
89,0.0502283105022831,11.725128356100438
89,0.0547945205479452,4.664823240915709
89,0.0593607305936073,2.6632548679807195
89,0.0639269406392694,12.391421171622321
89,0.0684931506849315,13.858238331584575
89,0.0730593607305936,13.004086303798342
89,0.0776255707762557,5.341736086764819
89,0.0821917808219178,7.215351548838972
89,0.0867579908675799,19.49497033560565
89,0.091324200913242,1.4129073485708825
89,0.0958904109589041,6.167672035973325
89,0.1004566210045662,2.6796613888551075
89,0.1050228310502283,14.73777091288457
89,0.1095890410958904,9.895902052747369
89,0.1141552511415525,11.785816614407974
89,0.1187214611872146,17.776660846431614
89,0.1232876712328767,23.93325584815738
89,0.1278538812785388,21.396182808816594
89,0.1324200913242009,21.324966637939674
89,0.136986301369863,9.541529975586753
89,0.1415525114155251,13.578294042573072
89,0.1461187214611872,18.2011208468167
89,0.1506849315068493,24.86538142968242
89,0.1552511415525114,4.737848340531436
89,0.1598173515981735,5.719973881293443
89,0.1643835616438356,21.89132265876964
89,0.1689497716894977,15.191151100496157
89,0.1735159817351598,4.153823454922134
89,0.1780821917808219,3.4144405463655367
89,0.182648401826484,3.3405948300592607
89,0.1872146118721461,22.005736985619585
89,0.1917808219178082,5.713801469814248
89,0.1963470319634703,18.480165089622936
89,0.2009132420091324,14.860393738516086
89,0.2054794520547945,2.4521144751033748
89,0.2100456621004566,24.20259394485849
89,0.2146118721461187,19.90846932402728
89,0.2191780821917808,11.635083775528011
89,0.2237442922374429,5.392116892184747
89,0.228310502283105,11.81202851598384
89,0.2328767123287671,10.931067423997668
89,0.2374429223744292,7.602882703138214
89,0.2420091324200913,9.887347233713278
89,0.2465753424657534,8.420564401192582
89,0.2511415525114155,16.415990835587145
89,0.2557077625570776,12.768971580370165
89,0.2602739726027397,16.824622532559324
89,0.2648401826484018,16.30132438529541
89,0.2694063926940639,29.240322268214662
89,0.273972602739726,11.955138560877348
89,0.2785388127853881,3.4675519939659485
89,0.2831050228310502,15.556892457603656
89,0.2876712328767123,16.111785686825463
89,0.2922374429223744,4.875945426159571
89,0.2968036529680365,14.738568108274864
89,0.3013698630136986,29.11936324356093
89,0.3059360730593607,1.3259400607279315
89,0.3105022831050228,8.896378578228198
89,0.3150684931506849,3.933288794596639
89,0.319634703196347,20.886585974086735
89,0.3242009132420091,12.386284417147014
89,0.3287671232876712,10.605976519937425
89,0.3333333333333333,7.487419105483141
89,0.3378995433789954,8.57029067599519
89,0.3424657534246575,14.745864437224041
89,0.3470319634703196,14.543246795651985
89,0.3515981735159817,17.00736047038632
89,0.3561643835616438,10.518487127441738
89,0.3607305936073059,18.639746854652163
89,0.365296803652968,12.167236640393536
89,0.3698630136986301,19.239948060866602
89,0.3744292237442922,11.032632049375751
89,0.3789954337899543,24.75696336481573
89,0.3835616438356164,20.93358394284436
89,0.3881278538812785,12.474329331015689
89,0.3926940639269406,20.911696087405193
89,0.3972602739726027,17.946158567262678
89,0.4018264840182648,9.385567189034523
89,0.4063926940639269,19.56889855495314
89,0.410958904109589,31.49637460895565
89,0.4155251141552511,9.059736830814042
89,0.4200913242009132,6.599689177476717
89,0.4246575342465753,9.824728727317995
89,0.4292237442922374,17.5391127391967
89,0.4337899543378995,6.368883400434628
89,0.4383561643835616,19.66618253832628
89,0.4429223744292237,12.270131418013815
89,0.4474885844748858,18.51049577792105
89,0.4520547945205479,23.25649142519043
89,0.45662100456621,15.593375890336251
89,0.4611872146118721,20.77862763540403
89,0.4657534246575342,21.018146583557584
89,0.4703196347031963,11.239800236907785
89,0.4748858447488584,4.620518067711911
89,0.4794520547945205,16.428169513601752
89,0.4840182648401826,13.59785643341038
89,0.4885844748858447,13.321922455309558
89,0.4931506849315068,6.621277310818478
89,0.4977168949771689,4.643890841443651
90,0.0,1.865174681370263e-14
90,0.004761904761904762,8.46900008175144
90,0.009523809523809525,3.8263507025707013
90,0.014285714285714287,16.487924227989787
90,0.01904761904761905,21.16176806087802
90,0.02380952380952381,15.931478296863189
90,0.028571428571428574,15.023513439062132
90,0.03333333333333334,3.3614498143660954
90,0.0380952380952381,17.64609100736031
90,0.04285714285714286,25.401517925595037
90,0.04761904761904762,3.537081393155349
90,0.05238095238095239,9.206004328859455
90,0.05714285714285715,6.78277923301926
90,0.06190476190476191,12.033965200260404
90,0.06666666666666668,10.505749907532836
90,0.07142857142857144,6.521957948126532
90,0.0761904761904762,19.854607577165066
90,0.08095238095238096,3.523884708335622
90,0.08571428571428572,5.919267741361367
90,0.09047619047619049,7.347992393969879
90,0.09523809523809525,2.9159239471878804
90,0.1,9.391051556876267
90,0.10476190476190478,15.493787797371752
90,0.10952380952380954,6.642996281303209
90,0.1142857142857143,10.654868225750093
90,0.11904761904761905,4.429742807150952
90,0.12380952380952381,13.53801684775074
90,0.1285714285714286,16.65297585622288
90,0.13333333333333336,23.203808282773227
90,0.1380952380952381,6.993409501910782
90,0.14285714285714288,28.993957643485302
90,0.14761904761904762,11.827426032537465
90,0.1523809523809524,15.059983359607099
90,0.15714285714285717,13.027875203005705
90,0.1619047619047619,3.1884564757416576
90,0.16666666666666669,23.906272919077335
90,0.17142857142857143,12.574136017609227
90,0.1761904761904762,7.130290446138941
90,0.18095238095238098,6.763967632053496
90,0.18571428571428572,12.200089215169388
90,0.1904761904761905,7.523099266206443
90,0.19523809523809527,16.73930694727556
90,0.2,22.467996391360348
90,0.20476190476190478,12.396271866506975
90,0.20952380952380956,22.869055213907092
90,0.2142857142857143,5.867696624931088
90,0.21904761904761907,4.789978816340251
90,0.22380952380952382,0.6525821172047236
90,0.2285714285714286,8.489660743538334
90,0.23333333333333336,7.33303958731672
90,0.2380952380952381,14.921561729201262
90,0.24285714285714288,25.60489204710708
90,0.24761904761904763,8.265138443421376
90,0.25238095238095243,6.5803570451494595
90,0.2571428571428572,3.5150472894889426
90,0.2619047619047619,7.795070982753331
90,0.2666666666666667,13.303030630526685
90,0.27142857142857146,11.282386239268734
90,0.2761904761904762,16.799648352098092
90,0.28095238095238095,18.681577835616437
90,0.28571428571428575,9.425295821187643
90,0.2904761904761905,5.229083820619762
90,0.29523809523809524,8.418678801673318
90,0.30000000000000004,9.602850200069177
90,0.3047619047619048,13.945510009527741
90,0.30952380952380953,19.921862301230618
90,0.31428571428571433,17.54322819647353
90,0.3190476190476191,16.208434683799908
90,0.3238095238095238,19.602542760191163
90,0.3285714285714286,11.058279569807855
90,0.33333333333333337,18.967813072183084
90,0.3380952380952381,5.067418713011285
90,0.34285714285714286,2.188677571267397
90,0.34761904761904766,23.51899401895684
90,0.3523809523809524,11.335260461574874
90,0.35714285714285715,11.68592123852411
90,0.36190476190476195,30.328491987157445
90,0.3666666666666667,9.32577365639499
90,0.37142857142857144,25.824390024932526
90,0.37619047619047624,14.322498269999093
90,0.380952380952381,11.65981440929561
90,0.38571428571428573,14.172035720269777
90,0.39047619047619053,16.144644859855983
90,0.3952380952380953,12.190998841859741
90,0.4,17.817340024248647
90,0.4047619047619048,10.053141319471603
90,0.40952380952380957,20.698541736038486
90,0.4142857142857143,10.139466230776176
90,0.4190476190476191,2.765013429081987
90,0.42380952380952386,6.153114064414534
90,0.4285714285714286,2.628968276483045
90,0.43333333333333335,3.4968942836278294
90,0.43809523809523815,13.424758196237223
90,0.4428571428571429,17.433640364100413
90,0.44761904761904764,14.715547411244975
90,0.45238095238095244,4.332254976473366
90,0.4571428571428572,13.85158930087027
90,0.46190476190476193,7.457394535206005
90,0.46666666666666673,2.5958256589418833
90,0.4714285714285715,22.207569449545478
90,0.4761904761904762,19.1865688297639
90,0.480952380952381,7.810634350449808
90,0.48571428571428577,25.321983576507332
90,0.4904761904761905,14.464212240813158
90,0.49523809523809526,39.69337984347674
91,0.0,1.0658141036401503e-14
91,0.006493506493506494,28.923191424761615
91,0.012987012987012988,11.97553196288856
91,0.01948051948051948,23.053936971348385
91,0.025974025974025976,6.494853684151737
91,0.03246753246753247,13.181258150914381
91,0.03896103896103896,5.370921461674938
91,0.045454545454545456,4.501341255910838
91,0.05194805194805195,21.244422992227594
91,0.05844155844155845,10.078789816712582
91,0.06493506493506494,11.21025857196352
91,0.07142857142857144,13.599379003276718
91,0.07792207792207792,8.651893234426707
91,0.08441558441558442,19.25281416671802
91,0.09090909090909091,2.482557488339716
91,0.09740259740259741,14.961544487383271
91,0.1038961038961039,15.886297334311937
91,0.1103896103896104,18.10624723520297
91,0.1168831168831169,15.649681412988429
91,0.12337662337662339,28.335207815807554
91,0.12987012987012989,14.321990831930792
91,0.13636363636363638,13.0509897203482
91,0.14285714285714288,7.900633136462746
91,0.14935064935064937,15.725200495691002
91,0.15584415584415584,22.485023376635016
91,0.16233766233766234,12.962032104643631
91,0.16883116883116883,4.433682570473855
91,0.17532467532467533,5.620264060061425
91,0.18181818181818182,15.601541358630831
91,0.18831168831168832,5.19119052708101
91,0.19480519480519481,9.075280795243511
91,0.2012987012987013,12.37099901821039
91,0.2077922077922078,10.775248474946286
91,0.2142857142857143,12.832521716842622
91,0.2207792207792208,11.37873068694522
91,0.2272727272727273,11.001015093647094
91,0.2337662337662338,1.0525833870509633
91,0.24025974025974028,14.461014133450973
91,0.24675324675324678,15.617726704968588
91,0.2532467532467533,14.439256276772523
91,0.25974025974025977,14.619904799370946
91,0.26623376623376627,11.20444482266816
91,0.27272727272727276,11.518966628975763
91,0.27922077922077926,14.29404499378193
91,0.28571428571428575,16.166724798578915
91,0.29220779220779225,5.168960429075533
91,0.29870129870129875,6.944780867918122
91,0.30519480519480524,18.07507624153517
91,0.3116883116883117,9.402408981623312
91,0.3181818181818182,3.528092887116982
91,0.3246753246753247,4.801032427793327
91,0.33116883116883117,13.928675817589879
91,0.33766233766233766,2.4338536825845742
91,0.34415584415584416,1.4811798301365664
91,0.35064935064935066,2.9142948626039393
91,0.35714285714285715,13.436705138299802
91,0.36363636363636365,6.505705553138023
91,0.37012987012987014,5.180175408241635
91,0.37662337662337664,10.620996878085874
91,0.38311688311688313,16.59100607505379
91,0.38961038961038963,5.954503980886659
91,0.3961038961038961,4.3816097542269175
91,0.4025974025974026,8.163798006595083
91,0.4090909090909091,9.9735564640524
91,0.4155844155844156,16.779016586186735
91,0.4220779220779221,5.950329449414075
91,0.4285714285714286,12.256496450513477
91,0.4350649350649351,14.57982593839421
91,0.4415584415584416,8.793942006294472
91,0.4480519480519481,9.723453671445286
91,0.4545454545454546,4.813531247028762
91,0.4610389610389611,5.6355242067432805
91,0.4675324675324676,5.279220886720583
91,0.4740259740259741,10.32377358322817
91,0.48051948051948057,13.48594548099128
91,0.48701298701298706,6.99219041334746
91,0.49350649350649356,0.5865306727826036
92,0.0,4.707345624410664e-14
92,0.0049504950495049506,16.371988989220174
92,0.009900990099009901,14.352961807750257
92,0.01485148514851485,5.467726024879972
92,0.019801980198019802,3.9043179603164813
92,0.024752475247524754,12.40007536851962
92,0.0297029702970297,17.25015182952789
92,0.034653465346534656,12.165870627232362
92,0.039603960396039604,20.517480718197337
92,0.04455445544554455,8.267327830006666
92,0.04950495049504951,4.331156517961181
92,0.054455445544554455,5.5606150957039135
92,0.0594059405940594,11.271801233605432
92,0.06435643564356436,21.85558396541072
92,0.06930693069306931,13.05105178919395
92,0.07425742574257425,9.2405870939788
92,0.07920792079207921,11.122460068589515
92,0.08415841584158416,18.831998665573035
92,0.0891089108910891,23.8495828421665
92,0.09405940594059406,8.713848489297881
92,0.09900990099009901,12.223993278257003
92,0.10396039603960396,8.761813396581262
92,0.10891089108910891,7.328593600122036
92,0.11386138613861387,15.554030445819391
92,0.1188118811881188,12.193263496886194
92,0.12376237623762376,11.30954683476127
92,0.12871287128712872,11.686361829214972
92,0.13366336633663367,13.200284688123375
92,0.13861386138613863,10.618108430442676
92,0.14356435643564355,8.826265308275664
92,0.1485148514851485,18.505083449254272
92,0.15346534653465346,12.022883165830564
92,0.15841584158415842,6.772731784039729
92,0.16336633663366337,11.483144935291707
92,0.16831683168316833,3.754365392207647
92,0.17326732673267328,16.252924692376297
92,0.1782178217821782,11.154879514914507
92,0.18316831683168316,9.784241704320447
92,0.18811881188118812,21.72883769579616
92,0.19306930693069307,22.562611068244387
92,0.19801980198019803,18.571973534566755
92,0.20297029702970298,15.845592792504586
92,0.2079207920792079,27.578712329367917
92,0.21287128712871287,9.169748860765367
92,0.21782178217821782,12.473383749006066
92,0.22277227722772278,5.191601982903656
92,0.22772277227722773,21.74985312663264
92,0.23267326732673269,14.362936735845027
92,0.2376237623762376,23.08473257471662
92,0.24257425742574257,18.60126096634419
92,0.24752475247524752,12.898829376231989
92,0.2524752475247525,18.191515674327363
92,0.25742574257425743,11.311923846541463
92,0.2623762376237624,12.744356690700407
92,0.26732673267326734,14.510759144355774
92,0.2722772277227723,7.165264545678882
92,0.27722772277227725,12.960153821683356
92,0.2821782178217822,16.208379391160175
92,0.2871287128712871,5.495352917234518
92,0.29207920792079206,5.654559943900743
92,0.297029702970297,17.571170698609226
92,0.30198019801980197,3.9560742369077637
92,0.3069306930693069,11.977336540104135
92,0.3118811881188119,13.33648775767167
92,0.31683168316831684,19.742852778835893
92,0.3217821782178218,4.568502419245569
92,0.32673267326732675,18.215697489915176
92,0.3316831683168317,9.571902782432357
92,0.33663366336633666,10.638901839093675
92,0.3415841584158416,9.293988081885997
92,0.34653465346534656,7.600210298623976
92,0.35148514851485146,5.679369184252644
92,0.3564356435643564,5.42111395922217
92,0.3613861386138614,31.14235253966005
92,0.36633663366336633,13.894585799028102
92,0.3712871287128713,11.328070496766408
92,0.37623762376237624,16.430493366022983
92,0.3811881188118812,12.737291327793603
92,0.38613861386138615,20.802331679861098
92,0.3910891089108911,11.14851775798786
92,0.39603960396039606,1.1147271451116059
92,0.400990099009901,18.602598686142343
92,0.40594059405940597,16.342433726708656
92,0.4108910891089109,11.856653232626824
92,0.4158415841584158,14.288721713072011
92,0.4207920792079208,8.418254648676356
92,0.42574257425742573,12.492964090684053
92,0.4306930693069307,17.716046639938092
92,0.43564356435643564,4.803924462804504
92,0.4405940594059406,29.813171518415928
92,0.44554455445544555,15.066357835666803
92,0.4504950495049505,7.213285751958661
92,0.45544554455445546,10.56165508663933
92,0.4603960396039604,6.7820737931879105
92,0.46534653465346537,22.0779991118463
92,0.4702970297029703,4.2183155007571305
92,0.4752475247524752,12.842096766412697
92,0.4801980198019802,12.004656502426736
92,0.48514851485148514,12.978647404044475
92,0.4900990099009901,18.779495976930587
92,0.49504950495049505,16.62745990527351
93,0.0,1.3322676295501878e-14
93,0.005235602094240838,29.648363779188234
93,0.010471204188481676,21.617783749761575
93,0.015706806282722516,15.625196719354276
93,0.020942408376963352,5.266828144276051
93,0.02617801047120419,10.246051535090535
93,0.03141361256544503,27.767456009649756
93,0.03664921465968587,5.452515619448817
93,0.041884816753926704,17.69618706789476
93,0.04712041884816754,17.786500296673122
93,0.05235602094240838,7.293627004661494
93,0.05759162303664922,12.889589222702746
93,0.06282722513089006,9.777440357142396
93,0.06806282722513089,20.991519946756863
93,0.07329842931937174,4.410816019658578
93,0.07853403141361257,8.686917686441676
93,0.08376963350785341,12.729461936271651
93,0.08900523560209425,7.2242850585618745
93,0.09424083769633508,16.882445313773445
93,0.09947643979057592,9.062337794158404
93,0.10471204188481675,5.684791337648836
93,0.1099476439790576,12.272185857464244
93,0.11518324607329844,8.037437894057222
93,0.12041884816753927,13.2865744071356
93,0.12565445026178013,16.48083130600929
93,0.13089005235602094,16.851146025080887
93,0.13612565445026178,5.064111752226699
93,0.14136125654450263,6.47421331118752
93,0.14659685863874347,9.286864185150085
93,0.15183246073298431,12.11596589267566
93,0.15706806282722513,0.7529402347003248
93,0.16230366492146597,7.131443160633707
93,0.16753926701570682,10.370729345482724
93,0.17277486910994766,26.115211862902374
93,0.1780104712041885,12.767412202476704
93,0.18324607329842932,14.257867235553531
93,0.18848167539267016,12.54255229407001
93,0.193717277486911,14.085687780563653
93,0.19895287958115185,10.983990919193696
93,0.2041884816753927,13.016629858638932
93,0.2094240837696335,13.879070050800228
93,0.21465968586387435,7.66708515243498
93,0.2198952879581152,6.254259553274222
93,0.22513089005235604,13.451606893820825
93,0.23036649214659688,16.771714634555522
93,0.23560209424083772,13.334620865481961
93,0.24083769633507854,11.86399789713732
93,0.24607329842931938,5.028690132852774
93,0.25130890052356025,11.288982893175705
93,0.25654450261780104,13.754413165663337
93,0.2617801047120419,24.803471901514055
93,0.2670157068062827,10.685211649035315
93,0.27225130890052357,16.146541580503104
93,0.2774869109947644,15.186651664015038
93,0.28272251308900526,10.402906572082538
93,0.2879581151832461,18.63812691941699
93,0.29319371727748694,10.17622515402499
93,0.2984293193717278,19.73181383444891
93,0.30366492146596863,9.433420076760674
93,0.3089005235602094,10.9691499399646
93,0.31413612565445026,15.145753878828556
93,0.3193717277486911,9.283290754700575
93,0.32460732984293195,8.250899561910122
93,0.3298429319371728,17.78248579489898
93,0.33507853403141363,24.83114330355051
93,0.3403141361256545,10.287408702482823
93,0.3455497382198953,7.686472148431068
93,0.35078534031413616,17.86605576860298
93,0.356020942408377,16.51005712493781
93,0.36125654450261785,0.7128106928885486
93,0.36649214659685864,3.0733140163218673
93,0.3717277486910995,14.680419400661751
93,0.3769633507853403,18.961015559621984
93,0.38219895287958117,10.192174354735137
93,0.387434554973822,7.223611416974699
93,0.39267015706806285,14.529704312261403
93,0.3979057591623037,9.26716437812491
93,0.40314136125654454,7.126734960668018
93,0.4083769633507854,8.177260700545743
93,0.4136125654450262,13.453324081195605
93,0.418848167539267,16.122692620580708
93,0.42408376963350786,7.389262481168517
93,0.4293193717277487,5.743244053548338
93,0.43455497382198954,18.394572095503925
93,0.4397905759162304,7.072883572976472
93,0.44502617801047123,10.641440943128805
93,0.4502617801047121,10.898124515356022
93,0.4554973821989529,9.044105007164545
93,0.46073298429319376,16.33686471938433
93,0.4659685863874346,9.735800109440945
93,0.47120418848167545,8.799323247181933
93,0.47643979057591623,21.09123732308763
93,0.4816753926701571,11.91575623908021
93,0.4869109947643979,26.557939266630303
93,0.49214659685863876,18.976786578047072
93,0.4973821989528796,13.382287970664134
94,0.0,1.3877787807814457e-14
94,0.005154639175257732,3.891850358767179
94,0.010309278350515464,10.866733154633215
94,0.015463917525773196,5.995103927768906
94,0.020618556701030927,9.64667487184671
94,0.02577319587628866,12.944328533198991
94,0.030927835051546393,8.939688052576708
94,0.03608247422680412,7.987204081246511
94,0.041237113402061855,8.370786104057844
94,0.04639175257731959,34.182092592699284
94,0.05154639175257732,2.716228514658549
94,0.05670103092783505,5.359186032160946
94,0.061855670103092786,15.980035820491102
94,0.06701030927835051,10.28995359255297
94,0.07216494845360824,13.999689109640158
94,0.07731958762886598,9.619785085777947
94,0.08247422680412371,28.57090517393098
94,0.08762886597938144,14.784708402147485
94,0.09278350515463918,8.418933887873468
94,0.0979381443298969,4.116173535514697
94,0.10309278350515463,18.84556233779213
94,0.10824742268041238,17.40744717874091
94,0.1134020618556701,14.163336406463014
94,0.11855670103092783,7.474656539968927
94,0.12371134020618557,12.434101045879034
94,0.12886597938144329,7.557738381202271
94,0.13402061855670103,5.852718078302078
94,0.13917525773195877,10.79119034232564
94,0.14432989690721648,14.06056963554589
94,0.14948453608247422,8.423575386364794
94,0.15463917525773196,16.88650982476855
94,0.15979381443298968,7.277960677083422
94,0.16494845360824742,8.211646540593724
94,0.17010309278350516,15.415585363422512
94,0.17525773195876287,12.727089442435764
94,0.18041237113402062,19.630601885792935
94,0.18556701030927836,22.94091604889953
94,0.19072164948453607,20.42414819270593
94,0.1958762886597938,18.025349570352812
94,0.20103092783505155,19.03761835395561
94,0.20618556701030927,2.039672239952467
94,0.211340206185567,6.566486091943403
94,0.21649484536082475,15.98275622401889
94,0.22164948453608246,4.525280138659742
94,0.2268041237113402,24.828212859042242
94,0.23195876288659795,8.120887179329355
94,0.23711340206185566,9.44190612229628
94,0.2422680412371134,20.21393509626072
94,0.24742268041237114,14.701148425780843
94,0.25257731958762886,14.123716395877214
94,0.25773195876288657,9.861996304649743
94,0.26288659793814434,16.212140946652525
94,0.26804123711340205,22.47290649822068
94,0.27319587628865977,11.748121901034766
94,0.27835051546391754,20.72299990839547
94,0.28350515463917525,14.326317996181398
94,0.28865979381443296,18.238757984095347
94,0.29381443298969073,10.672315764501779
94,0.29896907216494845,10.161903595926837
94,0.30412371134020616,20.46914117634817
94,0.30927835051546393,11.62004073829303
94,0.31443298969072164,6.210850665014047
94,0.31958762886597936,7.743678308065963
94,0.3247422680412371,8.647921061295374
94,0.32989690721649484,3.4237859541270597
94,0.33505154639175255,12.15561504447603
94,0.3402061855670103,12.160705060469521
94,0.34536082474226804,12.017296858145512
94,0.35051546391752575,12.65262642575705
94,0.3556701030927835,13.124813195039074
94,0.36082474226804123,11.667156732919148
94,0.36597938144329895,17.665575489982587
94,0.3711340206185567,18.794040695363783
94,0.37628865979381443,13.147158406559559
94,0.38144329896907214,12.008209968173238
94,0.3865979381443299,11.041152406553676
94,0.3917525773195876,14.684156383468576
94,0.39690721649484534,3.792970329329936
94,0.4020618556701031,9.046569957788078
94,0.4072164948453608,4.923068530055778
94,0.41237113402061853,6.769861007119559
94,0.4175257731958763,7.63677287970268
94,0.422680412371134,7.545274737385872
94,0.42783505154639173,16.24022583369831
94,0.4329896907216495,10.270349190377294
94,0.4381443298969072,8.805756210683766
94,0.44329896907216493,17.979418204424203
94,0.4484536082474227,5.426254068980269
94,0.4536082474226804,20.38987045397449
94,0.4587628865979381,17.756164052950446
94,0.4639175257731959,10.215187803010352
94,0.4690721649484536,19.689506649378853
94,0.4742268041237113,10.179379246222348
94,0.4793814432989691,24.577907303906972
94,0.4845360824742268,23.100361280348316
94,0.4896907216494845,12.80860339857294
94,0.4948453608247423,6.778592850096142
95,0.0,8.548717289613705e-15
95,0.006134969325153374,29.60191524710362
95,0.012269938650306749,24.158624374794883
95,0.018404907975460124,24.13602854297922
95,0.024539877300613498,5.541837859061454
95,0.03067484662576687,23.4687667843395
95,0.03680981595092025,6.9953536881310665
95,0.04294478527607362,15.464687948607777
95,0.049079754601226995,14.386906692427825
95,0.05521472392638037,26.97623989453735
95,0.06134969325153374,25.724392269516358
95,0.06748466257668712,15.119513508866866
95,0.0736196319018405,15.334405732637784
95,0.07975460122699386,15.730371206001285
95,0.08588957055214724,21.24015001324452
95,0.09202453987730061,2.910241860152047
95,0.09815950920245399,18.104234991847214
95,0.10429447852760737,7.359091409736828
95,0.11042944785276074,19.131010640028006
95,0.11656441717791412,18.857777065192614
95,0.12269938650306748,8.705038181853112
95,0.12883435582822086,20.6019730724944
95,0.13496932515337423,5.59472630625692
95,0.1411042944785276,20.495534822514937
95,0.147239263803681,9.17308480916794
95,0.15337423312883436,16.514346043998035
95,0.15950920245398773,18.226315842462224
95,0.16564417177914112,6.9852149330459845
95,0.17177914110429449,13.892621359824272
95,0.17791411042944785,5.684055667176202
95,0.18404907975460122,16.118360931724137
95,0.1901840490797546,19.738766293770535
95,0.19631901840490798,8.424271949770045
95,0.20245398773006135,9.775643570388164
95,0.20858895705521474,9.998393731847399
95,0.2147239263803681,7.20490492449373
95,0.22085889570552147,7.697321578367287
95,0.22699386503067484,11.163517702728605
95,0.23312883435582823,10.674778474695922
95,0.2392638036809816,9.231904797462219
95,0.24539877300613497,2.764556597818578
95,0.25153374233128833,3.401904644081646
95,0.25766871165644173,14.374661479812156
95,0.2638036809815951,6.496993858790124
95,0.26993865030674846,13.858386186076025
95,0.27607361963190186,10.242967242555288
95,0.2822085889570552,13.532119388033438
95,0.2883435582822086,6.9158260522510595
95,0.294478527607362,13.699732655421183
95,0.3006134969325153,2.7584222017482403
95,0.3067484662576687,4.17550997135185
95,0.3128834355828221,3.6823202026692283
95,0.31901840490797545,7.028244772074798
95,0.32515337423312884,8.069782688728885
95,0.33128834355828224,10.607508686480784
95,0.3374233128834356,11.679709819217102
95,0.34355828220858897,9.432017154426577
95,0.34969325153374237,4.540514832734874
95,0.3558282208588957,3.9380424688700972
95,0.3619631901840491,8.195162631262766
95,0.36809815950920244,5.639207462198241
95,0.37423312883435583,9.406046344885532
95,0.3803680981595092,14.398147480048511
95,0.38650306748466257,10.791355256687138
95,0.39263803680981596,5.0846360458211
95,0.39877300613496935,9.283171225851175
95,0.4049079754601227,7.444125759854259
95,0.4110429447852761,11.00752010522094
95,0.4171779141104295,3.92594970190124
95,0.4233128834355828,6.515535871452047
95,0.4294478527607362,4.869662893836357
95,0.43558282208588955,14.636474969022798
95,0.44171779141104295,7.624038614024087
95,0.44785276073619634,7.720747568790315
95,0.4539877300613497,9.167606279523048
95,0.4601226993865031,9.38313744173598
95,0.46625766871165647,6.718490847934748
95,0.4723926380368098,9.893555885331967
95,0.4785276073619632,8.081027604119422
95,0.4846625766871166,6.111776620598092
95,0.49079754601226994,2.3883392480470085
95,0.49693251533742333,9.401901978310626
96,0.0,1.3322676295501878e-14
96,0.005263157894736842,20.44372073190006
96,0.010526315789473684,10.841297557754487
96,0.015789473684210527,22.813797184498352
96,0.021052631578947368,16.454168632874634
96,0.02631578947368421,5.570502656855566
96,0.031578947368421054,5.217382265688249
96,0.03684210526315789,16.653934378534352
96,0.042105263157894736,11.86691435139591
96,0.04736842105263158,1.0872017563357437
96,0.05263157894736842,25.407837871709944
96,0.05789473684210526,1.3968096381270654
96,0.06315789473684211,11.511484246391335
96,0.06842105263157895,8.184599051702735
96,0.07368421052631578,9.168310280637721
96,0.07894736842105263,5.494170791945849
96,0.08421052631578947,23.061374504819312
96,0.08947368421052632,5.349715012212265
96,0.09473684210526316,16.349757794868815
96,0.09999999999999999,10.990863075451585
96,0.10526315789473684,4.247950448141512
96,0.11052631578947368,12.13754066967131
96,0.11578947368421053,2.0339534095252874
96,0.12105263157894737,15.5168558196298
96,0.12631578947368421,9.685650286472061
96,0.13157894736842105,14.76951142753534
96,0.1368421052631579,7.279753727980745
96,0.14210526315789473,16.976510058818214
96,0.14736842105263157,15.193743717729003
96,0.15263157894736842,17.77830892139625
96,0.15789473684210525,17.61551449507461
96,0.1631578947368421,1.7741583825634069
96,0.16842105263157894,19.577672327492078
96,0.17368421052631577,6.366962706856534
96,0.17894736842105263,11.200815099886212
96,0.18421052631578946,6.6455691824665815
96,0.18947368421052632,20.17292928694133
96,0.19473684210526315,15.217165940690839
96,0.19999999999999998,9.04862449070064
96,0.20526315789473684,17.4634860151146
96,0.21052631578947367,4.6551338737503665
96,0.21578947368421053,11.775940326403997
96,0.22105263157894736,17.34972674466647
96,0.2263157894736842,15.626548968830033
96,0.23157894736842105,13.681685012524296
96,0.23684210526315788,13.715487089713795
96,0.24210526315789474,22.22505279630995
96,0.24736842105263157,14.397067612225928
96,0.25263157894736843,20.876157664455835
96,0.25789473684210523,16.75436504525402
96,0.2631578947368421,21.68543261153903
96,0.26842105263157895,12.161570426142964
96,0.2736842105263158,18.937359880080948
96,0.2789473684210526,4.588912392134967
96,0.28421052631578947,2.983979859899083
96,0.2894736842105263,2.709411760196819
96,0.29473684210526313,14.356128535684377
96,0.3,9.558975332625787
96,0.30526315789473685,18.700082226921683
96,0.31052631578947365,10.386900576860896
96,0.3157894736842105,10.913878455735803
96,0.32105263157894737,27.15944383221043
96,0.3263157894736842,5.171509066730394
96,0.33157894736842103,4.698350372656759
96,0.3368421052631579,13.38526583676455
96,0.34210526315789475,10.346290449020673
96,0.34736842105263155,9.572690140712538
96,0.3526315789473684,10.211009656025755
96,0.35789473684210527,18.190031262379396
96,0.3631578947368421,13.087402789565424
96,0.3684210526315789,6.794962561859343
96,0.3736842105263158,7.164905726800819
96,0.37894736842105264,4.550301508402557
96,0.38421052631578945,23.550212122961703
96,0.3894736842105263,11.743142993240447
96,0.39473684210526316,23.718691911471808
96,0.39999999999999997,12.293960487434724
96,0.4052631578947368,18.492380691230938
96,0.4105263157894737,12.95078882786455
96,0.41578947368421054,16.426317862411093
96,0.42105263157894735,8.674633175226349
96,0.4263157894736842,18.565529518084592
96,0.43157894736842106,10.707731673064659
96,0.43684210526315786,6.555748638852238
96,0.4421052631578947,5.119663709689321
96,0.4473684210526316,9.520056147663897
96,0.4526315789473684,4.307426570413015
96,0.45789473684210524,14.66916324681522
96,0.4631578947368421,12.405500935432661
96,0.46842105263157896,9.236694102776113
96,0.47368421052631576,11.00179277868635
96,0.4789473684210526,5.229818698881947
96,0.4842105263157895,12.086280316068011
96,0.4894736842105263,3.514921772429394
96,0.49473684210526314,28.00900084915175
97,0.0,1.7763568394002505e-15
97,0.005405405405405406,11.961007321663994
97,0.010810810810810811,7.171679593503826
97,0.016216216216216217,3.8273085537953553
97,0.021621621621621623,12.316418982947358
97,0.02702702702702703,7.878321856214884
97,0.032432432432432434,2.960933163022757
97,0.03783783783783784,21.057463711589044
97,0.043243243243243246,15.713968511225627
97,0.04864864864864865,6.643702806289933
97,0.05405405405405406,15.474529891216017
97,0.05945945945945946,11.855192534179135
97,0.06486486486486487,2.7956743672814333
97,0.07027027027027027,6.238764236421778
97,0.07567567567567568,7.411057114263389
97,0.08108108108108109,8.740168378899082
97,0.08648648648648649,4.0925800252446765
97,0.0918918918918919,14.991466281585184
97,0.0972972972972973,12.109417318393579
97,0.10270270270270271,19.80683789240024
97,0.10810810810810811,1.08640770469654
97,0.11351351351351352,18.859534402652578
97,0.11891891891891893,8.237799796319226
97,0.12432432432432433,8.734707365615007
97,0.12972972972972974,6.688352883665096
97,0.13513513513513514,18.029641333628838
97,0.14054054054054055,10.379496937236329
97,0.14594594594594595,22.279350928066442
97,0.15135135135135136,24.202601497729038
97,0.15675675675675677,13.60242422864751
97,0.16216216216216217,8.103576239595553
97,0.16756756756756758,10.699911046133076
97,0.17297297297297298,26.134342838252405
97,0.1783783783783784,14.89221447703528
97,0.1837837837837838,12.090032106347898
97,0.1891891891891892,22.753701264621935
97,0.1945945945945946,16.14979267656161
97,0.2,17.268209117532436
97,0.20540540540540542,17.188614873565744
97,0.21081081081081082,6.31271393808021
97,0.21621621621621623,6.8594183533684925
97,0.22162162162162163,9.175897673343302
97,0.22702702702702704,7.1637871868065
97,0.23243243243243245,8.77208014703253
97,0.23783783783783785,7.471678472679939
97,0.24324324324324326,20.024670943972886
97,0.24864864864864866,12.167121372890831
97,0.25405405405405407,12.431939471772651
97,0.2594594594594595,17.1549824263487
97,0.2648648648648649,5.3052541145774015
97,0.2702702702702703,12.222705537716596
97,0.2756756756756757,5.500791349537294
97,0.2810810810810811,12.679750165332393
97,0.2864864864864865,16.574161218288396
97,0.2918918918918919,9.145889910048188
97,0.2972972972972973,7.549938640539468
97,0.3027027027027027,17.729508347032862
97,0.3081081081081081,22.010641997191136
97,0.31351351351351353,18.196108882321166
97,0.31891891891891894,15.185458462429164
97,0.32432432432432434,18.45450942059232
97,0.32972972972972975,7.340790464135766
97,0.33513513513513515,5.292034580696609
97,0.34054054054054056,9.246592506015414
97,0.34594594594594597,8.632824761420249
97,0.35135135135135137,3.82594170518666
97,0.3567567567567568,11.329583136927313
97,0.3621621621621622,10.5844798219315
97,0.3675675675675676,21.835745207341272
97,0.372972972972973,3.013792239128223
97,0.3783783783783784,20.655804417115576
97,0.3837837837837838,5.027551180796064
97,0.3891891891891892,6.707493035551071
97,0.3945945945945946,13.593082672027597
97,0.4,32.30472522193248
97,0.40540540540540543,12.554950404217879
97,0.41081081081081083,21.136002322055955
97,0.41621621621621624,6.011810633577927
97,0.42162162162162165,10.710924164529082
97,0.42702702702702705,7.96101040702549
97,0.43243243243243246,10.928561247264836
97,0.43783783783783786,14.731598318828247
97,0.44324324324324327,4.141658518357931
97,0.4486486486486487,12.797892195515676
97,0.4540540540540541,14.616281537790645
97,0.4594594594594595,15.4942364713759
97,0.4648648648648649,8.746319483495709
97,0.4702702702702703,20.087714475142626
97,0.4756756756756757,4.998243333003486
97,0.4810810810810811,7.96683547948356
97,0.4864864864864865,14.25925885854818
97,0.4918918918918919,21.976577955428468
97,0.4972972972972973,12.967861262963794
98,0.0,3.552713678800501e-15
98,0.005405405405405406,7.323704926744613
98,0.010810810810810811,10.90692404954994
98,0.016216216216216217,11.625560512370626
98,0.021621621621621623,11.196067933660572
98,0.02702702702702703,12.113599791205168
98,0.032432432432432434,9.558345180527471
98,0.03783783783783784,17.82241001401984
98,0.043243243243243246,19.78195470374985
98,0.04864864864864865,4.7757120162171915
98,0.05405405405405406,6.514828565558972
98,0.05945945945945946,13.816710423691761
98,0.06486486486486487,1.7194038200719095
98,0.07027027027027027,9.937522734701732
98,0.07567567567567568,20.8748350154475
98,0.08108108108108109,6.840004842362699
98,0.08648648648648649,9.345827216744398
98,0.0918918918918919,7.790277347433963
98,0.0972972972972973,12.294422679326956
98,0.10270270270270271,23.6316816961059
98,0.10810810810810811,8.441898430858823
98,0.11351351351351352,14.435379681658489
98,0.11891891891891893,7.040409364936662
98,0.12432432432432433,9.445071870201481
98,0.12972972972972974,13.757467181256441
98,0.13513513513513514,8.523520735447871
98,0.14054054054054055,14.783729037520889
98,0.14594594594594595,15.113244533215655
98,0.15135135135135136,7.172444986861005
98,0.15675675675675677,24.958686119520067
98,0.16216216216216217,1.7879530016721845
98,0.16756756756756758,25.676254700717703
98,0.17297297297297298,13.112383076849135
98,0.1783783783783784,4.356212512519633
98,0.1837837837837838,20.40848994448021
98,0.1891891891891892,7.597591933705621
98,0.1945945945945946,17.959429889925385
98,0.2,15.066982674396856
98,0.20540540540540542,25.91245512191159
98,0.21081081081081082,20.768580006350813
98,0.21621621621621623,6.297713934531078
98,0.22162162162162163,7.377805679745034
98,0.22702702702702704,6.054930212460867
98,0.23243243243243245,10.769851015678734
98,0.23783783783783785,1.2433660832151696
98,0.24324324324324326,9.644509973140371
98,0.24864864864864866,22.731396375005552
98,0.25405405405405407,16.642846725151127
98,0.2594594594594595,3.927435092804995
98,0.2648648648648649,3.6601915736908834
98,0.2702702702702703,13.743659108334276
98,0.2756756756756757,24.842936091599764
98,0.2810810810810811,10.917554020520544
98,0.2864864864864865,18.909191129319318
98,0.2918918918918919,15.682441801967908
98,0.2972972972972973,6.531063057286698
98,0.3027027027027027,17.74474312828079
98,0.3081081081081081,10.171968526343248
98,0.31351351351351353,16.00800797262752
98,0.31891891891891894,16.67890043480793
98,0.32432432432432434,8.370957884237836
98,0.32972972972972975,3.154464754278012
98,0.33513513513513515,23.31333829071526
98,0.34054054054054056,14.518755803420538
98,0.34594594594594597,3.7889568235800617
98,0.35135135135135137,25.444709355218418
98,0.3567567567567568,12.407629425060277
98,0.3621621621621622,26.84458322878575
98,0.3675675675675676,10.130591463294001
98,0.372972972972973,9.166620392370422
98,0.3783783783783784,12.886121776130437
98,0.3837837837837838,11.765467321063857
98,0.3891891891891892,6.9255249195152615
98,0.3945945945945946,1.9611596745820432
98,0.4,3.5705953902021004
98,0.40540540540540543,9.28632256370105
98,0.41081081081081083,1.6516782582941025
98,0.41621621621621624,20.7514066921189
98,0.42162162162162165,6.768187241698312
98,0.42702702702702705,14.693614912961877
98,0.43243243243243246,15.222449421343464
98,0.43783783783783786,14.019781734066754
98,0.44324324324324327,9.549972204783082
98,0.4486486486486487,11.46872813401504
98,0.4540540540540541,6.4697334414882866
98,0.4594594594594595,5.4565272487913
98,0.4648648648648649,6.826213958228735
98,0.4702702702702703,11.469454341033764
98,0.4756756756756757,14.331179544146526
98,0.4810810810810811,23.145215248841147
98,0.4864864864864865,10.519249566999202
98,0.4918918918918919,8.930623365101745
98,0.4972972972972973,4.963812784049459
99,0.0,2.6645352591003757e-14
99,0.004273504273504274,10.07319385176501
99,0.008547008547008548,5.70175009218657
99,0.012820512820512822,15.791165684947064
99,0.017094017094017096,2.9055815025832925
99,0.021367521367521368,5.514131678509248
99,0.025641025641025644,14.583721147290564
99,0.02991452991452992,6.213468517866443
99,0.03418803418803419,16.312311028148702
99,0.038461538461538464,7.734467669354805
99,0.042735042735042736,4.160633153147804
99,0.047008547008547015,10.10523544629058
99,0.05128205128205129,25.47501815418105
99,0.05555555555555556,11.531979639158445
99,0.05982905982905984,12.953486923618309
99,0.06410256410256411,2.896697451834633
99,0.06837606837606838,4.9453150972619975
99,0.07264957264957266,14.472408903642679
99,0.07692307692307693,17.5157248409609
99,0.0811965811965812,18.405018827068027
99,0.08547008547008547,7.302734447490252
99,0.08974358974358976,26.61378681643408
99,0.09401709401709403,10.210162320141732
99,0.0982905982905983,21.07693992049162
99,0.10256410256410257,13.12107825857116
99,0.10683760683760685,5.8014952359473755
99,0.11111111111111112,21.57250133511593
99,0.11538461538461539,8.28757760959721
99,0.11965811965811968,11.057278270023632
99,0.12393162393162395,6.021810154740016
99,0.12820512820512822,3.515355892261313
99,0.13247863247863248,2.5818541836735265
99,0.13675213675213677,4.482228450729201
99,0.14102564102564105,33.675721535726
99,0.1452991452991453,15.823287556732382
99,0.1495726495726496,6.906780069298677
99,0.15384615384615385,21.581228354654534
99,0.15811965811965814,1.7064151474231728
99,0.1623931623931624,23.440870091407305
99,0.16666666666666669,12.344880565067315
99,0.17094017094017094,20.26062181518717
99,0.17521367521367523,4.544435552532932
99,0.17948717948717952,31.447781066495153
99,0.18376068376068377,5.718222980808301
99,0.18803418803418806,31.258168166368538
99,0.19230769230769232,15.980445541282661
99,0.1965811965811966,22.751064412707347
99,0.20085470085470086,15.223922406095138
99,0.20512820512820515,23.69740839474692
99,0.20940170940170943,25.76708615347038
99,0.2136752136752137,11.1094837446537
99,0.21794871794871798,14.642247809125527
99,0.22222222222222224,7.786769841420428
99,0.22649572649572652,11.223987904004893
99,0.23076923076923078,21.294801936977656
99,0.23504273504273507,19.80117657765531
99,0.23931623931623935,30.005606860903427
99,0.2435897435897436,13.209665532268854
99,0.2478632478632479,12.095601264857953
99,0.2521367521367522,6.079767758489247
99,0.25641025641025644,1.2198419944647239
99,0.2606837606837607,11.804665755949637
99,0.26495726495726496,10.859951593464618
99,0.2692307692307693,23.80344346605873
99,0.27350427350427353,13.36344743975518
99,0.2777777777777778,14.698808713932532
99,0.2820512820512821,7.4248041678473795
99,0.28632478632478636,25.057657426285374
99,0.2905982905982906,11.548146702427957
99,0.2948717948717949,5.710349224061409
99,0.2991452991452992,12.6613493146967
99,0.30341880341880345,6.218981433155004
99,0.3076923076923077,20.332425074008025
99,0.311965811965812,13.918876009992372
99,0.3162393162393163,28.104260568578056
99,0.32051282051282054,10.257701208758
99,0.3247863247863248,10.036343023344836
99,0.3290598290598291,18.79738641431084
99,0.33333333333333337,9.42748418586341
99,0.33760683760683763,6.453495406906684
99,0.3418803418803419,3.8315419415497654
99,0.3461538461538462,9.319257755591451
99,0.35042735042735046,15.568743282346306
99,0.3547008547008547,20.599098378494737
99,0.35897435897435903,9.77327294103719
99,0.3632478632478633,34.98240647043475
99,0.36752136752136755,25.91498576323694
99,0.3717948717948718,20.718132902300596
99,0.3760683760683761,20.541162251336466
99,0.3803418803418804,1.7879559298554026
99,0.38461538461538464,9.312507176128275
99,0.38888888888888895,14.361070063094944
99,0.3931623931623932,10.311246245742874
99,0.39743589743589747,6.661627092803438
99,0.4017094017094017,4.729069824791401
99,0.40598290598290604,4.282187104026246
99,0.4102564102564103,4.238810272954567
99,0.41452991452991456,7.713474617242814
99,0.41880341880341887,10.706212743659592
99,0.42307692307692313,18.962002737002503
99,0.4273504273504274,6.456539757408207
99,0.43162393162393164,7.1319988360505855
99,0.43589743589743596,20.02216138326356
99,0.4401709401709402,18.4271321234386
99,0.4444444444444445,12.492486411303261
99,0.4487179487179488,9.66307322035698
99,0.45299145299145305,15.12917532295396
99,0.4572649572649573,11.603468965059772
99,0.46153846153846156,30.21770742814458
99,0.4658119658119659,6.44451167475719
99,0.47008547008547014,3.5327980502262974
99,0.4743589743589744,6.346040205821339
99,0.4786324786324787,10.446688820641079
99,0.48290598290598297,15.526316888657918
99,0.4871794871794872,7.158782130205832
99,0.4914529914529915,14.137932379329945
99,0.4957264957264958,10.594935686695527
100,0.0,2.4868995751603507e-14
100,0.005154639175257732,18.36735362785208
100,0.010309278350515464,18.061835490516664
100,0.015463917525773196,27.62074505060105
100,0.020618556701030927,2.226264353076011
100,0.02577319587628866,26.849309089520144
100,0.030927835051546393,5.726917004125689
100,0.03608247422680412,9.6092092785725
100,0.041237113402061855,21.342913085148503
100,0.04639175257731959,6.711999664456352
100,0.05154639175257732,5.158347095095409
100,0.05670103092783505,9.123977872704279
100,0.061855670103092786,12.44115599222273
100,0.06701030927835051,18.52054510441187
100,0.07216494845360824,9.24986953986973
100,0.07731958762886598,16.884091241595193
100,0.08247422680412371,13.192853125303639
100,0.08762886597938144,21.119689708966764
100,0.09278350515463918,11.859811888837795
100,0.0979381443298969,10.575956487502973
100,0.10309278350515463,9.439603261640606
100,0.10824742268041238,7.60854031061611
100,0.1134020618556701,21.237572119927766
100,0.11855670103092783,11.098630256411298
100,0.12371134020618557,3.4019408008528984
100,0.12886597938144329,5.745663186941083
100,0.13402061855670103,2.5320037396562682
100,0.13917525773195877,17.129837134754837
100,0.14432989690721648,12.181540084235982
100,0.14948453608247422,13.953201539352591
100,0.15463917525773196,20.492672566652384
100,0.15979381443298968,22.24016829931127
100,0.16494845360824742,11.820685586370466
100,0.17010309278350516,15.359791320407878
100,0.17525773195876287,23.23829596630952
100,0.18041237113402062,9.298360800968949
100,0.18556701030927836,21.91580110705269
100,0.19072164948453607,9.473800840675667
100,0.1958762886597938,25.5096590111233
100,0.20103092783505155,22.7085218485205
100,0.20618556701030927,11.043911034086433
100,0.211340206185567,10.550850839324937
100,0.21649484536082475,9.29917228355725
100,0.22164948453608246,10.222382689073074
100,0.2268041237113402,11.90373315622047
100,0.23195876288659795,12.469444932222094
100,0.23711340206185566,15.618769109762168
100,0.2422680412371134,17.21634218258276
100,0.24742268041237114,11.909481691888779
100,0.25257731958762886,11.945606058788638
100,0.25773195876288657,9.183699561463653
100,0.26288659793814434,10.110086585748967
100,0.26804123711340205,4.932957038883987
100,0.27319587628865977,4.437168099217155
100,0.27835051546391754,15.14554222753577
100,0.28350515463917525,5.858772239978679
100,0.28865979381443296,18.96330384405759
100,0.29381443298969073,7.275632101611399
100,0.29896907216494845,8.263495076461012
100,0.30412371134020616,11.71575467433242
100,0.30927835051546393,4.120421804173237
100,0.31443298969072164,6.201593192151163
100,0.31958762886597936,16.937244110269503
100,0.3247422680412371,12.196177167200451
100,0.32989690721649484,7.224526015893094
100,0.33505154639175255,19.968122229371264
100,0.3402061855670103,6.453751142876911
100,0.34536082474226804,9.913260356350056
100,0.35051546391752575,11.145128474154754
100,0.3556701030927835,16.12111117630544
100,0.36082474226804123,9.453212235383123
100,0.36597938144329895,10.89462924924106
100,0.3711340206185567,6.760904479983356
100,0.37628865979381443,8.758214311150871
100,0.38144329896907214,11.57984630159443
100,0.3865979381443299,17.583663648079867
100,0.3917525773195876,15.639611648468371
100,0.39690721649484534,7.8479073397214885
100,0.4020618556701031,16.526932313878632
100,0.4072164948453608,5.805274380682421
100,0.41237113402061853,12.465502183679183
100,0.4175257731958763,19.696290217106494
100,0.422680412371134,3.511196976466446
100,0.42783505154639173,11.993480572155098
100,0.4329896907216495,11.594639961625026
100,0.4381443298969072,27.430932768791553
100,0.44329896907216493,15.66525348146542
100,0.4484536082474227,11.515403930062233
100,0.4536082474226804,6.3655055598881
100,0.4587628865979381,9.008008540642741
100,0.4639175257731959,6.5627607780467425
100,0.4690721649484536,3.3316309690576498
100,0.4742268041237113,10.423924370931497
100,0.4793814432989691,24.03037227281957
100,0.4845360824742268,2.1531490534863975
100,0.4896907216494845,22.513203848899604
100,0.4948453608247423,15.98875287209702
101,0.0,2.842170943040401e-14
101,0.0049261083743842365,7.489234416302534
101,0.009852216748768473,15.442628096075309
101,0.014778325123152709,15.070561878748757
101,0.019704433497536946,13.317998277557493
101,0.024630541871921183,20.650455762994863
101,0.029556650246305417,24.51769920307979
101,0.034482758620689655,15.45121683963347
101,0.03940886699507389,8.860187650202873
101,0.04433497536945813,7.8067250415797735
101,0.04926108374384237,10.623738683196288
101,0.054187192118226604,14.31199363039658
101,0.059113300492610835,3.0289947152961654
101,0.06403940886699508,17.016647654937668
101,0.06896551724137931,16.1370044317882
101,0.07389162561576355,7.055650337617707
101,0.07881773399014778,11.402815650625588
101,0.08374384236453201,7.596019109940874
101,0.08866995073891626,13.3335889702798
101,0.09359605911330049,18.65977923934456
101,0.09852216748768473,9.214027938955988
101,0.10344827586206896,14.833431336143299
101,0.10837438423645321,15.741750286966953
101,0.11330049261083744,7.340790533810291
101,0.11822660098522167,8.916726510761078
101,0.12315270935960591,19.48395080371866
101,0.12807881773399016,22.46762146353312
101,0.1330049261083744,15.592605006081088
101,0.13793103448275862,8.10126414529732
101,0.14285714285714285,2.596686820795658
101,0.1477832512315271,12.32501373346301
101,0.15270935960591134,3.7311965891027663
101,0.15763546798029557,11.893711022234502
101,0.1625615763546798,3.1151332445042548
101,0.16748768472906403,17.23724054062226
101,0.1724137931034483,9.21506864981035
101,0.17733990147783252,18.80085987087066
101,0.18226600985221675,16.748738475774154
101,0.18719211822660098,9.910926791924766
101,0.19211822660098524,28.605768703397782
101,0.19704433497536947,14.726311347900124
101,0.2019704433497537,15.307861783434484
101,0.20689655172413793,19.709090292882756
101,0.21182266009852216,5.519075131946997
101,0.21674876847290642,8.727841042922485
101,0.22167487684729065,8.945629340298051
101,0.22660098522167488,5.903680875764807
101,0.2315270935960591,19.697398129880167
101,0.23645320197044334,17.22841466921556
101,0.2413793103448276,9.66843205162045
101,0.24630541871921183,21.578475570636286
101,0.2512315270935961,24.483279586376767
101,0.2561576354679803,1.7960563608644933
101,0.26108374384236455,17.488061668438718
101,0.2660098522167488,11.190176921743458
101,0.270935960591133,9.450566521746778
101,0.27586206896551724,2.4674306806886572
101,0.28078817733990147,8.675935418905572
101,0.2857142857142857,23.908924570943135
101,0.29064039408866993,7.191121175560485
101,0.2955665024630542,4.245914856909194
101,0.30049261083743845,23.349540609480997
101,0.3054187192118227,26.69798508008905
101,0.3103448275862069,17.212548815243412
101,0.31527093596059114,13.617623582586926
101,0.32019704433497537,24.550731521239534
101,0.3251231527093596,11.702741793881605
101,0.33004926108374383,8.925616748155809
101,0.33497536945812806,18.825009965056037
101,0.33990147783251234,13.642015184008788
101,0.3448275862068966,14.93602701916844
101,0.3497536945812808,8.683617922117508
101,0.35467980295566504,6.441431058458972
101,0.35960591133004927,12.196400839728843
101,0.3645320197044335,22.816321125654138
101,0.3694581280788177,10.664332094677716
101,0.37438423645320196,12.661095303560469
101,0.3793103448275862,11.72809291901549
101,0.3842364532019705,4.320771403098978
101,0.3891625615763547,4.447215096059852
101,0.39408866995073893,10.652525693454185
101,0.39901477832512317,12.753316296342984
101,0.4039408866995074,15.170957785416094
101,0.4088669950738916,11.42186541847399
101,0.41379310344827586,11.185380670338963
101,0.4187192118226601,5.387292446700495
101,0.4236453201970443,6.626771815618249
101,0.4285714285714286,12.663986856659006
101,0.43349753694581283,14.786641563519877
101,0.43842364532019706,1.2536265835067304
101,0.4433497536945813,17.450559188170896
101,0.4482758620689655,23.787984541794685
101,0.45320197044334976,10.177044644560507
101,0.458128078817734,3.980829546169282
101,0.4630541871921182,9.11695354209003
101,0.46798029556650245,12.229099152155326
101,0.4729064039408867,21.634734895874832
101,0.47783251231527096,2.517332781126698
101,0.4827586206896552,28.41278898392403
101,0.4876847290640394,8.060977853517745
101,0.49261083743842365,13.753798710299929
101,0.4975369458128079,6.353713116843891
102,0.0,1.7763568394002505e-14
102,0.0064516129032258064,2.4092645471782066
102,0.012903225806451613,22.507523360834597
102,0.01935483870967742,12.975374218397032
102,0.025806451612903226,2.1518325619155383
102,0.03225806451612903,21.623484050332923
102,0.03870967741935484,15.9834341786318
102,0.04516129032258064,13.539941742631969
102,0.05161290322580645,12.869566021858871
102,0.05806451612903226,5.59055378925753
102,0.06451612903225806,3.1651477230721308
102,0.07096774193548387,16.928944313705134
102,0.07741935483870968,5.239291078499338
102,0.08387096774193549,7.6624044465574634
102,0.09032258064516129,8.144902070663466
102,0.0967741935483871,3.0152260531424244
102,0.1032258064516129,21.312993167812717
102,0.10967741935483871,23.58622967364786
102,0.11612903225806452,7.659029285131183
102,0.12258064516129032,11.29794939546243
102,0.12903225806451613,21.95954005476515
102,0.13548387096774195,7.503030835979216
102,0.14193548387096774,13.084904791311105
102,0.14838709677419354,11.18857951242251
102,0.15483870967741936,15.556756900347077
102,0.16129032258064516,2.0328554654209157
102,0.16774193548387098,12.348161093805698
102,0.17419354838709677,10.998310171659247
102,0.18064516129032257,6.9804361039188265
102,0.1870967741935484,0.8800923741803042
102,0.1935483870967742,6.431732920865644
102,0.2,18.630819226213823
102,0.2064516129032258,13.591395138754867
102,0.2129032258064516,22.157755462215043
102,0.21935483870967742,5.363057159567485
102,0.22580645161290322,0.4510237883772008
102,0.23225806451612904,3.554567279921353
102,0.23870967741935484,7.7728402774150895
102,0.24516129032258063,17.15039392572607
102,0.25161290322580643,9.043820316380133
102,0.25806451612903225,6.7430834673087245
102,0.2645161290322581,8.318167586140271
102,0.2709677419354839,3.8475892063613117
102,0.27741935483870966,12.711556724131079
102,0.2838709677419355,14.898070419024178
102,0.2903225806451613,17.0812327784317
102,0.2967741935483871,3.5457298079647663
102,0.3032258064516129,17.666542663543517
102,0.3096774193548387,12.054852377547848
102,0.3161290322580645,11.52030329147439
102,0.3225806451612903,13.075756870910265
102,0.32903225806451614,8.754153179258132
102,0.33548387096774196,22.397528767748582
102,0.3419354838709677,13.997986381594092
102,0.34838709677419355,8.868590792306593
102,0.3548387096774194,21.471930846864293
102,0.36129032258064514,14.750440267613067
102,0.36774193548387096,19.742486927365558
102,0.3741935483870968,3.1287387870709846
102,0.38064516129032255,7.903359390576848
102,0.3870967741935484,12.236857701051514
102,0.3935483870967742,2.7891935702300437
102,0.4,3.974884627257555
102,0.4064516129032258,6.79206581148031
102,0.4129032258064516,18.15265979944433
102,0.41935483870967744,17.23376053404401
102,0.4258064516129032,5.205702851260004
102,0.432258064516129,9.913671219627114
102,0.43870967741935485,3.547106147956775
102,0.44516129032258067,11.06938727615198
102,0.45161290322580644,11.151321506958533
102,0.45806451612903226,8.906236270504522
102,0.4645161290322581,14.382619186038868
102,0.47096774193548385,7.642161824257244
102,0.4774193548387097,9.399269576787397
102,0.4838709677419355,5.265764016259661
102,0.49032258064516127,4.3323653198047
102,0.4967741935483871,18.451458013424862
103,0.0,2.142730437526552e-14
103,0.0051813471502590676,25.685257116313245
103,0.010362694300518135,3.259110646620389
103,0.015544041450777202,22.484886796062508
103,0.02072538860103627,30.97291464098878
103,0.02590673575129534,15.222910656594259
103,0.031088082901554404,13.519816416889679
103,0.036269430051813475,11.543518278560063
103,0.04145077720207254,18.10708618840133
103,0.046632124352331605,24.674122501043932
103,0.05181347150259068,4.258428943506326
103,0.05699481865284974,6.671239439775326
103,0.06217616580310881,17.6934322446969
103,0.06735751295336788,21.05637085945794
103,0.07253886010362695,18.543568181125625
103,0.07772020725388601,14.538671667507428
103,0.08290155440414508,4.330252589955115
103,0.08808290155440415,11.136281626245417
103,0.09326424870466321,10.105294657624716
103,0.09844559585492228,26.003094129120974
103,0.10362694300518135,15.159442907391584
103,0.10880829015544041,2.5774680113117756
103,0.11398963730569948,9.876243351544648
103,0.11917098445595856,6.470468514807342
103,0.12435233160621761,9.167424337270123
103,0.1295336787564767,13.166754950434978
103,0.13471502590673576,6.795170909902586
103,0.13989637305699482,8.376324204669364
103,0.1450777202072539,2.7053417078603155
103,0.15025906735751296,10.664758663366747
103,0.15544041450777202,9.795920811304761
103,0.1606217616580311,22.538380041080206
103,0.16580310880829016,12.912844148343904
103,0.17098445595854922,9.967674915348635
103,0.1761658031088083,7.1091492595496435
103,0.18134715025906736,4.684188682789278
103,0.18652849740932642,7.811905394570558
103,0.1917098445595855,7.931810543544022
103,0.19689119170984457,13.554673427629954
103,0.20207253886010362,5.37176399559875
103,0.2072538860103627,0.9136691432249339
103,0.21243523316062177,11.376744743547546
103,0.21761658031088082,19.106842850115175
103,0.2227979274611399,14.354544538844973
103,0.22797927461139897,8.503832849104862
103,0.23316062176165803,16.259662219418942
103,0.2383419689119171,7.210505303960703
103,0.24352331606217617,16.318402005018093
103,0.24870466321243523,11.647909803745268
103,0.2538860103626943,5.927882041259931
103,0.2590673575129534,10.890533627775026
103,0.26424870466321243,2.5326922197625654
103,0.2694300518134715,25.069634573688834
103,0.2746113989637306,9.7499775919299
103,0.27979274611398963,11.86225890174028
103,0.2849740932642487,11.125864993817808
103,0.2901554404145078,6.528358232909628
103,0.29533678756476683,9.741248683896227
103,0.3005181347150259,26.901836175161
103,0.305699481865285,15.783466331136662
103,0.31088082901554404,12.49687976172518
103,0.3160621761658031,13.855160738459672
103,0.3212435233160622,15.06817152521502
103,0.32642487046632124,15.101819942196457
103,0.3316062176165803,9.886632147027493
103,0.3367875647668394,13.342990370385424
103,0.34196891191709844,23.455923860937734
103,0.3471502590673575,12.586286743179855
103,0.3523316062176166,14.13931892568478
103,0.35751295336787564,7.376389905818027
103,0.3626943005181347,9.672249129773485
103,0.3678756476683938,12.075065983543553
103,0.37305699481865284,18.734569455756333
103,0.37823834196891193,15.247792930159621
103,0.383419689119171,19.518864678831406
103,0.38860103626943004,2.91864644179954
103,0.39378238341968913,20.97549165188006
103,0.3989637305699482,2.3020138182711296
103,0.40414507772020725,6.431244907494998
103,0.40932642487046633,6.023978095563328
103,0.4145077720207254,23.504413182655643
103,0.41968911917098445,7.559502610669412
103,0.42487046632124353,8.297289690293294
103,0.4300518134715026,10.20589140725138
103,0.43523316062176165,10.742372070980393
103,0.44041450777202074,4.690541971331356
103,0.4455958549222798,11.436705857216534
103,0.45077720207253885,4.776676309475214
103,0.45595854922279794,6.499605392794916
103,0.461139896373057,8.364032076022808
103,0.46632124352331605,6.955888463664246
103,0.47150259067357514,13.513593362538574
103,0.4766839378238342,14.649273679127168
103,0.48186528497409326,26.845663263349195
103,0.48704663212435234,16.59272537402248
103,0.4922279792746114,19.497132402685384
103,0.49740932642487046,4.935819860386294
104,0.0,1.7763568394002505e-14
104,0.005263157894736842,5.0575554546351
104,0.010526315789473684,9.128758053173216
104,0.015789473684210527,7.055006240529786
104,0.021052631578947368,5.218401182762039
104,0.02631578947368421,10.178861627916506
104,0.031578947368421054,1.5837176263784951
104,0.03684210526315789,13.365832878797029
104,0.042105263157894736,9.448482224155546
104,0.04736842105263158,16.0560214415023
104,0.05263157894736842,21.465749664944976
104,0.05789473684210526,7.504480753241871
104,0.06315789473684211,18.51467124514445
104,0.06842105263157895,14.056423664402882
104,0.07368421052631578,4.993188829827197
104,0.07894736842105263,19.24710939552133
104,0.08421052631578947,15.99631762219079
104,0.08947368421052632,8.511576086052303
104,0.09473684210526316,5.108830225326871
104,0.09999999999999999,12.307760516363535
104,0.10526315789473684,12.74864357609275
104,0.11052631578947368,2.815695285550972
104,0.11578947368421053,17.116185451448015
104,0.12105263157894737,2.71685722548526
104,0.12631578947368421,12.908202125788469
104,0.13157894736842105,22.207397354618426
104,0.1368421052631579,16.890112084081903
104,0.14210526315789473,13.1031165352584
104,0.14736842105263157,9.478378735435646
104,0.15263157894736842,14.86738421791562
104,0.15789473684210525,12.729835128161762
104,0.1631578947368421,17.149670669201758
104,0.16842105263157894,13.754171927975088
104,0.17368421052631577,4.0611376460150925
104,0.17894736842105263,17.271096935345707
104,0.18421052631578946,8.433217273879418
104,0.18947368421052632,9.938774028100331
104,0.19473684210526315,7.307905069080668
104,0.19999999999999998,9.484253917662745
104,0.20526315789473684,15.889926734596475
104,0.21052631578947367,16.09067105537344
104,0.21578947368421053,4.833892921939805
104,0.22105263157894736,23.17672380564577
104,0.2263157894736842,13.379451433860774
104,0.23157894736842105,9.543034461469825
104,0.23684210526315788,4.133191160733611
104,0.24210526315789474,10.27247116071022
104,0.24736842105263157,15.11021636254614
104,0.25263157894736843,8.062664333771766
104,0.25789473684210523,12.1238041083085
104,0.2631578947368421,13.015842203243308
104,0.26842105263157895,13.883229204736887
104,0.2736842105263158,4.225427672150784
104,0.2789473684210526,7.731800525368747
104,0.28421052631578947,7.478355249350342
104,0.2894736842105263,16.299219562138006
104,0.29473684210526313,17.002564821015774
104,0.3,12.495774983422072
104,0.30526315789473685,3.3200026409004124
104,0.31052631578947365,8.540737669414296
104,0.3157894736842105,7.325433879420031
104,0.32105263157894737,16.144865446866717
104,0.3263157894736842,4.044296197063642
104,0.33157894736842103,7.978792561465964
104,0.3368421052631579,6.551884306130582
104,0.34210526315789475,6.785210537087424
104,0.34736842105263155,10.091118126071413
104,0.3526315789473684,26.321751404585118
104,0.35789473684210527,32.475096672119946
104,0.3631578947368421,14.337656374149836
104,0.3684210526315789,12.347051538492993
104,0.3736842105263158,18.008441694096195
104,0.37894736842105264,22.800493669012567
104,0.38421052631578945,17.054584496429733
104,0.3894736842105263,15.962694876738102
104,0.39473684210526316,12.853458830545051
104,0.39999999999999997,15.708033264072712
104,0.4052631578947368,21.124838909202808
104,0.4105263157894737,14.727380898699904
104,0.41578947368421054,14.087598071855588
104,0.42105263157894735,10.15889941345817
104,0.4263157894736842,7.541136991000588
104,0.43157894736842106,21.61680826623073
104,0.43684210526315786,4.959483962054549
104,0.4421052631578947,13.099556084716344
104,0.4473684210526316,19.67731585387278
104,0.4526315789473684,15.84773726184462
104,0.45789473684210524,10.723631600542037
104,0.4631578947368421,7.178022482006733
104,0.46842105263157896,11.66788835562756
104,0.47368421052631576,15.396802903780216
104,0.4789473684210526,17.58242609654801
104,0.4842105263157895,12.124077233371477
104,0.4894736842105263,15.298906623314858
104,0.49473684210526314,26.06553413489758
105,0.0,7.993605777301127e-15
105,0.005555555555555556,17.12455310491247
105,0.011111111111111112,13.412745753923772
105,0.016666666666666666,16.318514395882094
105,0.022222222222222223,15.257091756252136
105,0.02777777777777778,3.2263008664940345
105,0.03333333333333333,12.363170378129492
105,0.03888888888888889,12.238784717686542
105,0.044444444444444446,9.303934521340313
105,0.05,18.682104914632628
105,0.05555555555555556,2.97862549455093
105,0.061111111111111116,9.712418829019743
105,0.06666666666666667,6.978706630916558
105,0.07222222222222223,10.210795163376778
105,0.07777777777777778,5.158563911235676
105,0.08333333333333334,8.526512885840297
105,0.08888888888888889,17.196402042287602
105,0.09444444444444444,13.414809086521718
105,0.1,1.3849207963027244
105,0.10555555555555556,8.070498435862023
105,0.11111111111111112,9.900138974576334
105,0.11666666666666667,17.211599721813528
105,0.12222222222222223,14.69379716059693
105,0.1277777777777778,9.094302973415608
105,0.13333333333333333,8.378646243358912
105,0.1388888888888889,13.594510396016451
105,0.14444444444444446,10.831399730811354
105,0.15,11.921841009857532
105,0.15555555555555556,14.18482302418476
105,0.16111111111111112,13.594711235847926
105,0.16666666666666669,8.060881668471001
105,0.17222222222222222,3.4124534054635243
105,0.17777777777777778,9.746264935598445
105,0.18333333333333335,14.63583534357247
105,0.18888888888888888,8.187280257682152
105,0.19444444444444445,15.404364853474698
105,0.2,16.228410240372302
105,0.20555555555555557,2.1406190887790935
105,0.2111111111111111,15.503453254035293
105,0.21666666666666667,13.143844111115229
105,0.22222222222222224,7.666967542909622
105,0.22777777777777777,14.718290201816913
105,0.23333333333333334,6.2935324975445415
105,0.2388888888888889,2.259448920864236
105,0.24444444444444446,11.673778992922633
105,0.25,13.370841647506621
105,0.2555555555555556,6.71349295905925
105,0.2611111111111111,7.043681725086893
105,0.26666666666666666,2.711979625813579
105,0.27222222222222225,18.387167994187692
105,0.2777777777777778,10.512238560376122
105,0.2833333333333333,6.516477041546124
105,0.2888888888888889,20.340562959421963
105,0.29444444444444445,10.969966540539422
105,0.3,16.909483433847647
105,0.3055555555555556,13.212038442329135
105,0.3111111111111111,11.575659986170457
105,0.31666666666666665,14.700329585282057
105,0.32222222222222224,3.395568566718146
105,0.3277777777777778,14.81959272974469
105,0.33333333333333337,24.544686419284208
105,0.3388888888888889,24.80323609110606
105,0.34444444444444444,21.2061260227934
105,0.35000000000000003,2.5797685333140135
105,0.35555555555555557,19.133812822756546
105,0.3611111111111111,7.304333425881995
105,0.3666666666666667,15.664208526107682
105,0.37222222222222223,4.148515912485143
105,0.37777777777777777,3.6903838406829714
105,0.38333333333333336,2.4014597581194215
105,0.3888888888888889,1.2728459202207205
105,0.3944444444444445,15.959452343761642
105,0.4,14.883180825110221
105,0.40555555555555556,8.33710174705361
105,0.41111111111111115,13.553181140676193
105,0.4166666666666667,12.246019580182882
105,0.4222222222222222,16.662717718212985
105,0.4277777777777778,1.8028343504627702
105,0.43333333333333335,9.996308024301953
105,0.4388888888888889,34.26713892163214
105,0.4444444444444445,21.37327033260007
105,0.45,12.453109512930462
105,0.45555555555555555,5.6256456397368435
105,0.46111111111111114,25.573672931716548
105,0.4666666666666667,13.174909064824146
105,0.47222222222222227,16.399505389330564
105,0.4777777777777778,10.110702805924971
105,0.48333333333333334,15.58153376517384
105,0.48888888888888893,24.83538360379425
105,0.49444444444444446,14.930944933207304
106,0.0,2.1316282072803006e-14
106,0.005,15.950149779646324
106,0.01,12.658502692194782
106,0.015,12.510469253113662
106,0.02,16.257919207144273
106,0.025,11.750932194972052
106,0.03,18.720582472313826
106,0.035,7.128443425490059
106,0.04,6.277209451312163
106,0.045,25.94898932753633
106,0.05,10.918434748476177
106,0.055,18.1267915976682
106,0.06,11.344947175222265
106,0.065,15.8913124844319
106,0.07,20.535288495718515
106,0.075,3.0276960406872524
106,0.08,9.604159115145704
106,0.085,1.8143919543575902
106,0.09,21.350693977578466
106,0.095,11.341853668221031
106,0.1,14.008056081972176
106,0.105,24.97198986147262
106,0.11,16.76045187276146
106,0.115,21.500002199316476
106,0.12,9.05888350305713
106,0.125,10.761794333630725
106,0.13,23.395780048980292
106,0.135,17.249699476601617
106,0.14,13.092132136646267
106,0.145,4.78366040881209
106,0.15,5.19932460262971
106,0.155,28.69405832595028
106,0.16,5.815912994317909
106,0.165,14.17151232935625
106,0.17,21.502381363130723
106,0.17500000000000002,4.586139572678366
106,0.18,11.270190367652113
106,0.185,20.42301030721915
106,0.19,11.237167952716911
106,0.195,16.666928770705123
106,0.2,11.611201596340473
106,0.20500000000000002,3.3309540183409445
106,0.21,12.252823555178427
106,0.215,9.558065109648611
106,0.22,12.972776779413614
106,0.225,2.942703257621246
106,0.23,15.472886290936962
106,0.23500000000000001,7.5280168382735715
106,0.24,3.9634402731691982
106,0.245,8.902229225020186
106,0.25,5.43246765812586
106,0.255,14.572698857700216
106,0.26,23.084406691352644
106,0.265,1.5041109504441361
106,0.27,11.325232970042844
106,0.275,18.395092549711052
106,0.28,23.950051377642872
106,0.28500000000000003,13.992674788246923
106,0.29,16.100650681219392
106,0.295,2.6354701504963844
106,0.3,2.420301520545706
106,0.305,12.483954183187228
106,0.31,2.527753677735812
106,0.315,9.4086329610809
106,0.32,5.485095329078963
106,0.325,6.620941565163393
106,0.33,9.52438661481704
106,0.335,21.277870874830953
106,0.34,14.833852364992882
106,0.34500000000000003,17.6485551417244
106,0.35000000000000003,11.765445923658817
106,0.355,15.696780988830692
106,0.36,10.806783139770234
106,0.365,7.785619855438161
106,0.37,11.634916993850984
106,0.375,15.646005395315058
106,0.38,18.192615897988823
106,0.385,14.736809645956562
106,0.39,9.08270512508956
106,0.395,14.139750010908413
106,0.4,20.251198726343553
106,0.405,7.3277306407443135
106,0.41000000000000003,4.832554686644221
106,0.41500000000000004,10.055373864155912
106,0.42,18.623747618595843
106,0.425,14.05438663297622
106,0.43,12.115766548625267
106,0.435,20.766618152938413
106,0.44,9.659326985362837
106,0.445,20.485586324598064
106,0.45,13.236760271419842
106,0.455,4.602734570458931
106,0.46,19.00844543255003
106,0.465,7.147548343755505
106,0.47000000000000003,11.845027408684905
106,0.47500000000000003,12.582072131858633
106,0.48,23.138317043217388
106,0.485,13.488556056021059
106,0.49,5.932550918108972
106,0.495,15.956787504277655
107,0.0,1.509903313490213e-14
107,0.0058823529411764705,17.564583430891716
107,0.011764705882352941,16.184863219027704
107,0.01764705882352941,4.113063098658127
107,0.023529411764705882,8.09965647392547
107,0.029411764705882353,29.555571558720793
107,0.03529411764705882,5.814124717613863
107,0.041176470588235294,10.666703971985013
107,0.047058823529411764,16.824930273436884
107,0.052941176470588235,6.652384101665146
107,0.058823529411764705,4.497581189776954
107,0.06470588235294117,10.471272992777038
107,0.07058823529411765,6.031412704956057
107,0.07647058823529412,11.216082563642225
107,0.08235294117647059,6.264949983326335
107,0.08823529411764705,11.28626047618135
107,0.09411764705882353,12.39164205874725
107,0.1,14.889283985025509
107,0.10588235294117647,15.420025584331116
107,0.11176470588235293,7.4386763121536585
107,0.11764705882352941,21.828887019794394
107,0.12352941176470589,28.681034272115436
107,0.12941176470588234,12.678392448328474
107,0.13529411764705881,18.713200213366655
107,0.1411764705882353,10.855234631371104
107,0.14705882352941177,2.8166221561933105
107,0.15294117647058825,16.673700804139003
107,0.1588235294117647,9.79512241702773
107,0.16470588235294117,7.620362779254693
107,0.17058823529411765,13.023636176206082
107,0.1764705882352941,10.469705684176871
107,0.18235294117647058,10.531254821376942
107,0.18823529411764706,9.630822087262802
107,0.19411764705882353,20.00927698646617
107,0.2,21.808999437451025
107,0.20588235294117646,6.65035388827124
107,0.21176470588235294,19.409066401293753
107,0.21764705882352942,8.94291404894627
107,0.22352941176470587,19.944534328785018
107,0.22941176470588234,7.71046327583097
107,0.23529411764705882,11.891308428765475
107,0.2411764705882353,16.608496758045817
107,0.24705882352941178,6.250073398325445
107,0.2529411764705882,1.0593293252341753
107,0.2588235294117647,10.97934254248077
107,0.2647058823529412,1.2888774151226832
107,0.27058823529411763,8.08606945119428
107,0.27647058823529413,23.499992848803245
107,0.2823529411764706,2.4854239918857295
107,0.28823529411764703,1.055274221740103
107,0.29411764705882354,6.913104978814225
107,0.3,25.033283213895498
107,0.3058823529411765,7.195295832745111
107,0.31176470588235294,3.0025982178365043
107,0.3176470588235294,17.331106833911374
107,0.3235294117647059,8.047682108038526
107,0.32941176470588235,17.831583462529924
107,0.3352941176470588,16.954702454165286
107,0.3411764705882353,3.8959266050570833
107,0.34705882352941175,5.499280244294326
107,0.3529411764705882,15.868596432071056
107,0.3588235294117647,12.162903369563839
107,0.36470588235294116,13.366898048094168
107,0.37058823529411766,13.994456130834385
107,0.3764705882352941,15.316073597489348
107,0.38235294117647056,15.529693739847144
107,0.38823529411764707,6.659510331162194
107,0.3941176470588235,6.11787438845667
107,0.4,3.950271802483082
107,0.40588235294117647,4.677774995571321
107,0.4117647058823529,15.14793299975181
107,0.4176470588235294,16.479992241451583
107,0.4235294117647059,13.45854301719365
107,0.4294117647058823,7.221816022273919
107,0.43529411764705883,8.71900405064789
107,0.4411764705882353,3.124937121209744
107,0.44705882352941173,15.265548797244588
107,0.45294117647058824,6.262731265369526
107,0.4588235294117647,19.372071157534155
107,0.4647058823529412,11.959669017258154
107,0.47058823529411764,7.167593898945749
107,0.4764705882352941,22.205610263203216
107,0.4823529411764706,3.1314926209931655
107,0.48823529411764705,8.832474152375667
107,0.49411764705882355,7.323734953221553
108,0.0,1.9317880628477724e-14
108,0.005649717514124294,15.211710973302186
108,0.011299435028248588,22.377684002219038
108,0.01694915254237288,19.44165484309661
108,0.022598870056497175,17.45951725274854
108,0.02824858757062147,7.056958548626498
108,0.03389830508474576,14.149776390592338
108,0.03954802259887005,10.11226857192428
108,0.04519774011299435,6.459504666045138
108,0.05084745762711865,2.0357821098199707
108,0.05649717514124294,10.968473516796596
108,0.06214689265536723,9.824971714369191
108,0.06779661016949153,6.098333204051189
108,0.07344632768361582,7.187729630227473
108,0.0790960451977401,13.004056844423351
108,0.0847457627118644,5.659293205436359
108,0.0903954802259887,11.86534033205328
108,0.096045197740113,6.769271670464845
108,0.1016949152542373,12.30527242880902
108,0.10734463276836158,17.798977730460916
108,0.11299435028248588,13.177649907798557
108,0.11864406779661017,12.094555180245099
108,0.12429378531073446,23.323053342046432
108,0.12994350282485875,6.403460862774931
108,0.13559322033898305,17.328910644279432
108,0.14124293785310735,24.03231700903676
108,0.14689265536723164,7.845805757912087
108,0.15254237288135594,19.70096270265912
108,0.1581920903954802,7.489028155266775
108,0.1638418079096045,9.690807282695658
108,0.1694915254237288,12.973834450722125
108,0.1751412429378531,16.140673062703147
108,0.1807909604519774,8.165851289973894
108,0.1864406779661017,5.606306023877151
108,0.192090395480226,2.8257937303008505
108,0.1977401129943503,6.00880375444336
108,0.2033898305084746,12.0211592890312
108,0.20903954802259886,6.001905633916655
108,0.21468926553672316,2.7373788112329636
108,0.22033898305084745,11.044264869388355
108,0.22598870056497175,10.182715761879402
108,0.23163841807909605,27.395610217610344
108,0.23728813559322035,23.570534050369158
108,0.24293785310734464,22.05143484336044
108,0.2485875706214689,9.773199064230106
108,0.2542372881355932,14.741793374053454
108,0.2598870056497175,12.270677111927423
108,0.2655367231638418,8.673088676345582
108,0.2711864406779661,18.6907349387602
108,0.2768361581920904,3.7271257069685393
108,0.2824858757062147,13.330054369845739
108,0.288135593220339,6.399425155185082
108,0.2937853107344633,8.487974621495978
108,0.2994350282485876,23.417730265203524
108,0.3050847457627119,12.231793504059892
108,0.3107344632768362,4.113697142934374
108,0.3163841807909604,11.093216044525834
108,0.3220338983050847,16.388378786095647
108,0.327683615819209,11.579568563265944
108,0.3333333333333333,4.698345444707487
108,0.3389830508474576,10.226680042399522
108,0.3446327683615819,13.085026284344387
108,0.3502824858757062,13.816276968284884
108,0.3559322033898305,8.204453025421406
108,0.3615819209039548,11.51659023624291
108,0.3672316384180791,8.59271547928758
108,0.3728813559322034,21.17833505656444
108,0.3785310734463277,20.3238649859541
108,0.384180790960452,15.62515747628884
108,0.3898305084745763,10.56322280981789
108,0.3954802259887006,10.666245506642444
108,0.4011299435028249,18.868229387061064
108,0.4067796610169492,13.142476355888478
108,0.4124293785310734,6.389379061023734
108,0.4180790960451977,4.467604293363359
108,0.423728813559322,26.83833304168707
108,0.4293785310734463,5.948755124599965
108,0.4350282485875706,4.75408218857279
108,0.4406779661016949,5.8367178181897525
108,0.4463276836158192,12.961476124933355
108,0.4519774011299435,4.953332554552437
108,0.4576271186440678,6.429631729886741
108,0.4632768361581921,3.594651929987146
108,0.4689265536723164,21.281559135053822
108,0.4745762711864407,16.013530564246366
108,0.480225988700565,11.507808559758299
108,0.4858757062146893,10.974878265832986
108,0.4915254237288136,13.321286903604863
108,0.4971751412429378,14.664258221176345
109,0.0,7.105427357601002e-15
109,0.006329113924050633,23.52023919706797
109,0.012658227848101266,16.60443429089297
109,0.0189873417721519,5.633425101616599
109,0.02531645569620253,7.943050028173764
109,0.03164556962025317,7.174590058221987
109,0.0379746835443038,5.075557466177476
109,0.04430379746835443,5.916319387220793
109,0.05063291139240506,19.501984925914915
109,0.056962025316455694,9.383724678554191
109,0.06329113924050633,10.205085441391814
109,0.06962025316455696,14.562633051756485
109,0.0759493670886076,7.320958249463517
109,0.08227848101265822,9.795922802190706
109,0.08860759493670886,22.70200256611129
109,0.09493670886075949,14.836665075736175
109,0.10126582278481013,14.969225770992242
109,0.10759493670886076,9.313115426388288
109,0.11392405063291139,0.9238661252050049
109,0.12025316455696203,6.5447465378952625
109,0.12658227848101267,12.230593701133264
109,0.13291139240506328,7.504224461587012
109,0.13924050632911392,2.2763097695525403
109,0.14556962025316456,7.481051682669661
109,0.1518987341772152,8.789417636898818
109,0.15822784810126583,16.65126029504777
109,0.16455696202531644,18.245381848305165
109,0.17088607594936708,19.40570120578366
109,0.17721518987341772,9.970698147516837
109,0.18354430379746836,9.831391968564114
109,0.18987341772151897,9.696511501151459
109,0.1962025316455696,6.827172014886256
109,0.20253164556962025,12.12846038707812
109,0.2088607594936709,7.2824039310137225
109,0.21518987341772153,15.782137257290229
109,0.22151898734177214,6.536289524916916
109,0.22784810126582278,16.038746129084196
109,0.23417721518987342,11.862890296548187
109,0.24050632911392406,10.046871660327659
109,0.24683544303797467,6.830488938843615
109,0.25316455696202533,20.503098799925148
109,0.25949367088607594,5.96284197436433
109,0.26582278481012656,11.78794451890098
109,0.2721518987341772,16.848576171167625
109,0.27848101265822783,17.432262196441545
109,0.2848101265822785,18.73998516418164
109,0.2911392405063291,20.569470527102126
109,0.2974683544303797,17.96105408345073
109,0.3037974683544304,12.79064012672232
109,0.310126582278481,6.131517157281466
109,0.31645569620253167,14.032995969842158
109,0.3227848101265823,2.9227282161628
109,0.3291139240506329,8.591619707467785
109,0.33544303797468356,16.959089470784463
109,0.34177215189873417,4.180752964826971
109,0.3481012658227848,8.673266613903307
109,0.35443037974683544,19.312670757707547
109,0.36075949367088606,1.5238932250546264
109,0.3670886075949367,6.842728130598939
109,0.37341772151898733,11.37263410640129
109,0.37974683544303794,12.26251683333998
109,0.3860759493670886,11.262314541510063
109,0.3924050632911392,10.969763882824097
109,0.3987341772151899,0.0793965862814054
109,0.4050632911392405,9.834362147707141
109,0.4113924050632911,4.234477173359084
109,0.4177215189873418,9.957179767905002
109,0.4240506329113924,20.481113111043456
109,0.43037974683544306,9.958714476688428
109,0.43670886075949367,5.785665941966071
109,0.4430379746835443,9.001759096943612
109,0.44936708860759494,12.608707670820781
109,0.45569620253164556,10.291613386755955
109,0.4620253164556962,21.133255060776133
109,0.46835443037974683,21.879278233495473
109,0.47468354430379744,7.959509551134015
109,0.4810126582278481,7.3474356195670705
109,0.4873417721518987,16.18641720923447
109,0.49367088607594933,8.228473574343145
110,0.0,6.217248937900877e-15
110,0.005235602094240838,21.6341253944455
110,0.010471204188481676,24.239332547090445
110,0.015706806282722516,7.915104178444824
110,0.020942408376963352,30.136395534685906
110,0.02617801047120419,5.573894441848603
110,0.03141361256544503,6.515068960570294
110,0.03664921465968587,7.4712586004585315
110,0.041884816753926704,13.002978057072626
110,0.04712041884816754,10.394086299517735
110,0.05235602094240838,6.203651039462373
110,0.05759162303664922,5.532453597458157
110,0.06282722513089006,11.31746928077249
110,0.06806282722513089,20.839919066580382
110,0.07329842931937174,11.331989770362162
110,0.07853403141361257,4.778319184544448
110,0.08376963350785341,25.092065706306204
110,0.08900523560209425,22.288279973447832
110,0.09424083769633508,8.243456883018156
110,0.09947643979057592,6.968795010066246
110,0.10471204188481675,6.311669484373737
110,0.1099476439790576,5.157316263076302
110,0.11518324607329844,14.69212648853147
110,0.12041884816753927,11.088229545705895
110,0.12565445026178013,12.398143793049883
110,0.13089005235602094,7.241718388370594
110,0.13612565445026178,25.80003668495835
110,0.14136125654450263,7.117602662550475
110,0.14659685863874347,29.541171190537085
110,0.15183246073298431,8.68062143413911
110,0.15706806282722513,11.589217382049533
110,0.16230366492146597,6.273852056681055
110,0.16753926701570682,12.341711627475966
110,0.17277486910994766,1.9062810713796587
110,0.1780104712041885,11.528277172718406
110,0.18324607329842932,6.952370298756575
110,0.18848167539267016,19.858518385016716
110,0.193717277486911,5.4361349231314655
110,0.19895287958115185,9.662842179112479
110,0.2041884816753927,1.7011630305258976
110,0.2094240837696335,17.404685908967082
110,0.21465968586387435,14.072003397267215
110,0.2198952879581152,24.601519365024245
110,0.22513089005235604,15.790351889402316
110,0.23036649214659688,17.893371241936602
110,0.23560209424083772,7.535724992766734
110,0.24083769633507854,5.451525907024114
110,0.24607329842931938,10.3465259814152
110,0.25130890052356025,15.671648689614003
110,0.25654450261780104,16.779933345861842
110,0.2617801047120419,1.936902224676309
110,0.2670157068062827,16.95996316020575
110,0.27225130890052357,17.36588060655073
110,0.2774869109947644,22.82728999263634
110,0.28272251308900526,10.428007460118419
110,0.2879581151832461,5.4576490845556975
110,0.29319371727748694,18.78983944561862
110,0.2984293193717278,9.168400707280062
110,0.30366492146596863,7.264888725606851
110,0.3089005235602094,4.576798509531808
110,0.31413612565445026,14.809715050147371
110,0.3193717277486911,6.413851998611943
110,0.32460732984293195,7.199401797443785
110,0.3298429319371728,12.463488267218487
110,0.33507853403141363,8.238766507452537
110,0.3403141361256545,6.306028274243064
110,0.3455497382198953,14.875363351979722
110,0.35078534031413616,5.374028669632296
110,0.356020942408377,15.825305237295337
110,0.36125654450261785,16.812809053638343
110,0.36649214659685864,13.521930112924023
110,0.3717277486910995,6.542494575079147
110,0.3769633507853403,14.270064437153966
110,0.38219895287958117,9.873816998615105
110,0.387434554973822,10.479225161912327
110,0.39267015706806285,12.037639188086775
110,0.3979057591623037,11.316479687238616
110,0.40314136125654454,17.648697675397553
110,0.4083769633507854,11.615859039863041
110,0.4136125654450262,16.828053698743155
110,0.418848167539267,20.61512126769362
110,0.42408376963350786,17.7751121476104
110,0.4293193717277487,2.9318326396709558
110,0.43455497382198954,6.900141146238009
110,0.4397905759162304,16.996702686378363
110,0.44502617801047123,16.099112132654138
110,0.4502617801047121,18.976770352863984
110,0.4554973821989529,10.142169218116665
110,0.46073298429319376,16.36340440007297
110,0.4659685863874346,13.501021739922543
110,0.47120418848167545,15.520800941912459
110,0.47643979057591623,15.427895068176957
110,0.4816753926701571,16.15775432308957
110,0.4869109947643979,5.791789718424284
110,0.49214659685863876,8.113674072019759
110,0.4973821989528796,14.835376596912067
111,0.0,4.440892098500626e-15
111,0.006802721088435374,28.427597680497072
111,0.013605442176870748,32.746594795689894
111,0.02040816326530612,15.981588578093836
111,0.027210884353741496,20.652766420771343
111,0.03401360544217687,19.64643363179549
111,0.04081632653061224,15.739411335906809
111,0.047619047619047616,21.968814781562383
111,0.05442176870748299,2.8240877057491227
111,0.061224489795918366,16.41413845133073
111,0.06802721088435373,7.637425049844311
111,0.07482993197278912,13.56788992351094
111,0.08163265306122448,4.699033269417967
111,0.08843537414965986,8.087182417419323
111,0.09523809523809523,6.396880285766316
111,0.10204081632653061,14.798567009928828
111,0.10884353741496598,15.407185235730005
111,0.11564625850340135,9.394778602138743
111,0.12244897959183673,6.688167932710624
111,0.1292517006802721,5.3144955394040965
111,0.13605442176870747,12.386140337922967
111,0.14285714285714285,13.919432686175522
111,0.14965986394557823,16.17076643062978
111,0.1564625850340136,12.739385988229738
111,0.16326530612244897,8.85819875700237
111,0.17006802721088435,4.635130176675986
111,0.17687074829931973,20.960776271427086
111,0.18367346938775508,13.585831025412961
111,0.19047619047619047,5.866618637560942
111,0.19727891156462585,14.72711054158583
111,0.20408163265306123,4.759198131145146
111,0.21088435374149658,4.362777598771208
111,0.21768707482993196,9.094171531549119
111,0.22448979591836735,14.01921772636808
111,0.2312925170068027,6.01680352007492
111,0.23809523809523808,12.575270823865006
111,0.24489795918367346,4.690030997568446
111,0.25170068027210885,10.708921311170146
111,0.2585034013605442,13.303813379463776
111,0.2653061224489796,3.8358516464251107
111,0.27210884353741494,12.282594869675258
111,0.2789115646258503,2.863676234768348
111,0.2857142857142857,9.59614466713381
111,0.2925170068027211,13.139173982881765
111,0.29931972789115646,2.2305132855903502
111,0.30612244897959184,19.424890965238568
111,0.3129251700680272,11.581713870814177
111,0.31972789115646255,5.894083423975306
111,0.32653061224489793,7.836118897990476
111,0.3333333333333333,11.52423673910091
111,0.3401360544217687,10.93324256378464
111,0.3469387755102041,5.513519228052301
111,0.35374149659863946,2.657287864991987
111,0.36054421768707484,9.101874745671228
111,0.36734693877551017,5.078413125242381
111,0.37414965986394555,2.7094688266535907
111,0.38095238095238093,9.919266351464293
111,0.3877551020408163,1.9410523165260467
111,0.3945578231292517,0.58178503814814
111,0.4013605442176871,11.232424170296422
111,0.40816326530612246,11.68273003388099
111,0.4149659863945578,4.662697473460862
111,0.42176870748299317,8.508520390539017
111,0.42857142857142855,14.61381366512386
111,0.43537414965986393,17.590541734413932
111,0.4421768707482993,7.386061230842843
111,0.4489795918367347,15.815040884480613
111,0.4557823129251701,9.499404920315335
111,0.4625850340136054,8.111197523603149
111,0.4693877551020408,6.237930330125169
111,0.47619047619047616,12.616432565527036
111,0.48299319727891155,1.5204129304250225
111,0.4897959183673469,12.27147494678006
111,0.4965986394557823,5.830516205843783
112,0.0,8.881784197001252e-15
112,0.0056179775280898875,9.965179571098902
112,0.011235955056179775,17.578473793811362
112,0.016853932584269662,5.762050392066647
112,0.02247191011235955,17.492665263148997
112,0.028089887640449437,5.55318784447132
112,0.033707865168539325,12.450058048189833
112,0.03932584269662921,2.0172358777834507
112,0.0449438202247191,7.334764825699543
112,0.05056179775280899,18.44369210505585
112,0.056179775280898875,1.409153240506378
112,0.06179775280898876,10.829960375119452
112,0.06741573033707865,19.6787606151407
112,0.07303370786516854,9.077014934617369
112,0.07865168539325842,1.5984657747446567
112,0.08426966292134831,7.898711856114378
112,0.0898876404494382,14.193215344012692
112,0.09550561797752809,19.534000461315888
112,0.10112359550561797,13.797055638144984
112,0.10674157303370786,18.83625651321563
112,0.11235955056179775,22.337471711288934
112,0.11797752808988764,8.495981305582905
112,0.12359550561797752,16.989362456104164
112,0.1292134831460674,24.781872059960257
112,0.1348314606741573,9.67669288890992
112,0.1404494382022472,29.17369909419321
112,0.14606741573033707,6.223765896350071
112,0.15168539325842695,17.161901789506825
112,0.15730337078651685,6.547265343764453
112,0.16292134831460675,8.053452690177119
112,0.16853932584269662,6.031494391599512
112,0.1741573033707865,14.152717411716297
112,0.1797752808988764,5.254087911042818
112,0.1853932584269663,7.698217657722535
112,0.19101123595505617,12.41893925835978
112,0.19662921348314605,8.767355182766876
112,0.20224719101123595,23.168146148387915
112,0.20786516853932585,9.695116912020941
112,0.21348314606741572,13.16694079547028
112,0.2191011235955056,8.31986658970759
112,0.2247191011235955,19.905629103788357
112,0.2303370786516854,14.432412578685094
112,0.23595505617977527,12.066324725645972
112,0.24157303370786515,9.092160969013213
112,0.24719101123595505,14.485137898182762
112,0.25280898876404495,14.878657466369942
112,0.2584269662921348,12.424067829190124
112,0.2640449438202247,10.066796679866032
112,0.2696629213483146,22.860763020124587
112,0.2752808988764045,11.365502258097036
112,0.2808988764044944,14.712467197781832
112,0.28651685393258425,13.149157457180845
112,0.29213483146067415,15.75944259264757
112,0.29775280898876405,6.322346700941188
112,0.3033707865168539,11.71130745614165
112,0.3089887640449438,21.2180958203049
112,0.3146067415730337,22.245849215540257
112,0.3202247191011236,12.087267537437516
112,0.3258426966292135,10.194927777800874
112,0.33146067415730335,8.9841465809519
112,0.33707865168539325,16.585189508259564
112,0.34269662921348315,19.884750031854463
112,0.348314606741573,9.93876232197477
112,0.3539325842696629,9.653300874380275
112,0.3595505617977528,14.515061631173227
112,0.3651685393258427,0.5363788884465834
112,0.3707865168539326,7.96065498707123
112,0.37640449438202245,2.8999104652130376
112,0.38202247191011235,7.787566818358533
112,0.38764044943820225,4.787272335121871
112,0.3932584269662921,10.767952111892775
112,0.398876404494382,12.189026547228389
112,0.4044943820224719,4.520753719092687
112,0.4101123595505618,9.80949380757325
112,0.4157303370786517,22.7675191876813
112,0.42134831460674155,14.25761445093751
112,0.42696629213483145,5.828911662151506
112,0.43258426966292135,7.100560864682225
112,0.4382022471910112,14.80616238139654
112,0.4438202247191011,6.745523352673312
112,0.449438202247191,5.3394828430847205
112,0.4550561797752809,20.139499142920734
112,0.4606741573033708,4.25398417055592
112,0.46629213483146065,10.415119988954558
112,0.47191011235955055,17.835991094522253
112,0.47752808988764045,15.87013506070231
112,0.4831460674157303,10.933479219604148
112,0.4887640449438202,11.73813593042644
112,0.4943820224719101,9.390640348411136
113,0.0,2.842170943040401e-14
113,0.0058823529411764705,17.385154219290335
113,0.011764705882352941,10.089919190306064
113,0.01764705882352941,9.52877413865973
113,0.023529411764705882,15.583826200041699
113,0.029411764705882353,11.951243364088475
113,0.03529411764705882,10.930897063130837
113,0.041176470588235294,7.615722771436691
113,0.047058823529411764,16.15371631529981
113,0.052941176470588235,5.466901235885361
113,0.058823529411764705,11.639979817965422
113,0.06470588235294117,6.537242694952649
113,0.07058823529411765,18.822435674145975
113,0.07647058823529412,4.766915680606742
113,0.08235294117647059,9.313188904404495
113,0.08823529411764705,12.101581402075455
113,0.09411764705882353,8.797784887564944
113,0.1,13.017230874129117
113,0.10588235294117647,8.27328244735109
113,0.11176470588235293,4.127835203493577
113,0.11764705882352941,7.473742400019863
113,0.12352941176470589,7.027245538664068
113,0.12941176470588234,5.493667402249417
113,0.13529411764705881,10.996086190034701
113,0.1411764705882353,6.293989186107128
113,0.14705882352941177,9.736013731869463
113,0.15294117647058825,8.565727781057237
113,0.1588235294117647,10.898478111676203
113,0.16470588235294117,14.476484020749401
113,0.17058823529411765,14.553408413205593
113,0.1764705882352941,9.741527397039501
113,0.18235294117647058,2.6500259009218903
113,0.18823529411764706,8.45468721144683
113,0.19411764705882353,15.428219937379865
113,0.2,19.67611414043396
113,0.20588235294117646,16.74552217457426
113,0.21176470588235294,2.799098218655854
113,0.21764705882352942,5.33479428283362
113,0.22352941176470587,11.056548062236647
113,0.22941176470588234,12.788497455553532
113,0.23529411764705882,6.126420988619692
113,0.2411764705882353,13.463740211656319
113,0.24705882352941178,4.780868778379893
113,0.2529411764705882,17.880634585699777
113,0.2588235294117647,1.6457118367806878
113,0.2647058823529412,6.026412835765468
113,0.27058823529411763,13.139484789777915
113,0.27647058823529413,11.102097845447682
113,0.2823529411764706,7.857648660029149
113,0.28823529411764703,3.9549046238480843
113,0.29411764705882354,4.20686910833873
113,0.3,10.96617455081554
113,0.3058823529411765,22.82700533457982
113,0.31176470588235294,15.385278070338426
113,0.3176470588235294,2.786908884133837
113,0.3235294117647059,12.112133379481374
113,0.32941176470588235,10.685607950149537
113,0.3352941176470588,11.819552104187256
113,0.3411764705882353,11.38653063183919
113,0.34705882352941175,16.064483373670143
113,0.3529411764705882,15.61575334999799
113,0.3588235294117647,7.2020186010637826
113,0.36470588235294116,12.106496712152333
113,0.37058823529411766,16.823346995313
113,0.3764705882352941,17.247774116406994
113,0.38235294117647056,11.800404216704715
113,0.38823529411764707,15.88261872226972
113,0.3941176470588235,24.198572524799786
113,0.4,4.856588980005807
113,0.40588235294117647,22.572749808078832
113,0.4117647058823529,13.790580760565089
113,0.4176470588235294,10.813298671256263
113,0.4235294117647059,16.96554054868558
113,0.4294117647058823,18.864593011738123
113,0.43529411764705883,6.679342778743194
113,0.4411764705882353,18.832072719109764
113,0.44705882352941173,13.568235659302957
113,0.45294117647058824,3.276268619724492
113,0.4588235294117647,25.05652005858236
113,0.4647058823529412,12.630249232734778
113,0.47058823529411764,10.221087184759098
113,0.4764705882352941,15.522879814250379
113,0.4823529411764706,26.836080148826635
113,0.48823529411764705,17.92046011983655
113,0.49411764705882355,21.755674571191847
114,0.0,8.881784197001252e-16
114,0.00558659217877095,8.141996870058419
114,0.0111731843575419,5.0100578915906215
114,0.01675977653631285,6.439072012540428
114,0.0223463687150838,4.937770459772797
114,0.02793296089385475,16.283338673949995
114,0.0335195530726257,19.586922933970275
114,0.03910614525139665,12.898663062495787
114,0.0446927374301676,18.178250482269142
114,0.05027932960893855,11.40396113953971
114,0.0558659217877095,18.740831265735952
114,0.06145251396648045,5.121339448861079
114,0.0670391061452514,11.378933520993018
114,0.07262569832402235,2.74151676064453
114,0.0782122905027933,3.1993338923448107
114,0.08379888268156425,6.843845460145779
114,0.0893854748603352,13.52051018851535
114,0.09497206703910614,16.178230488757638
114,0.1005586592178771,11.539602344665337
114,0.10614525139664804,7.363085877524599
114,0.111731843575419,4.1384287950117535
114,0.11731843575418995,5.68815422413215
114,0.1229050279329609,19.584025845870148
114,0.12849162011173185,19.390175155471766
114,0.1340782122905028,2.893715334748972
114,0.13966480446927373,8.575440669653617
114,0.1452513966480447,8.253208641834773
114,0.15083798882681565,14.800521764863475
114,0.1564245810055866,10.70220034339348
114,0.16201117318435754,7.5923000756408445
114,0.1675977653631285,3.2901270404911243
114,0.17318435754189945,5.044316832530436
114,0.1787709497206704,14.57068256219658
114,0.18435754189944134,19.497520106709935
114,0.18994413407821228,20.85159151239317
114,0.19553072625698326,15.353359160007482
114,0.2011173184357542,10.406188505446151
114,0.20670391061452514,6.063138155265841
114,0.2122905027932961,5.642761169042644
114,0.21787709497206706,19.152296837322382
114,0.223463687150838,22.290598092098577
114,0.22905027932960895,10.67073781520519
114,0.2346368715083799,7.7258813350085855
114,0.24022346368715083,18.34370466750263
114,0.2458100558659218,20.000189284675404
114,0.25139664804469275,12.616101545090844
114,0.2569832402234637,8.622107060878538
114,0.26256983240223464,21.217003077573313
114,0.2681564245810056,7.909321752348128
114,0.2737430167597765,24.308001707836986
114,0.27932960893854747,19.665207028549894
114,0.28491620111731847,15.395516702405807
114,0.2905027932960894,14.043984506060061
114,0.29608938547486036,6.422912344380076
114,0.3016759776536313,14.376735893766758
114,0.30726256983240224,15.70815127758133
114,0.3128491620111732,8.161086838750165
114,0.31843575418994413,7.22088346001048
114,0.3240223463687151,6.003022297791957
114,0.329608938547486,10.578330293230618
114,0.335195530726257,12.116278460163608
114,0.34078212290502796,9.927792251952242
114,0.3463687150837989,26.599196437781725
114,0.35195530726256985,10.62089351631453
114,0.3575418994413408,12.232076648370166
114,0.36312849162011174,8.160551665568862
114,0.3687150837988827,4.048295650815483
114,0.3743016759776536,4.8638489708502
114,0.37988826815642457,6.7276680386577885
114,0.38547486033519557,7.725965091566214
114,0.3910614525139665,20.29664406107787
114,0.39664804469273746,10.900170788584132
114,0.4022346368715084,4.584668740325349
114,0.40782122905027934,12.14302356392644
114,0.4134078212290503,0.38739262611969877
114,0.41899441340782123,2.86632202120074
114,0.4245810055865922,29.66816867928235
114,0.4301675977653631,3.8995938820381686
114,0.4357541899441341,6.277803792539201
114,0.44134078212290506,9.72550219494659
114,0.446927374301676,17.21425325263156
114,0.45251396648044695,9.222739916687344
114,0.4581005586592179,3.1066181735073357
114,0.46368715083798884,23.980838240893966
114,0.4692737430167598,10.839105672241264
114,0.4748603351955307,22.17387612661269
114,0.48044692737430167,17.396909876817748
114,0.48603351955307267,24.926391569531482
114,0.4916201117318436,9.5950554161272
114,0.49720670391061456,10.456214061807275
115,0.0,2.886579864025407e-15
115,0.00546448087431694,24.051064262470643
115,0.01092896174863388,11.995489392511708
115,0.01639344262295082,24.649181484342233
115,0.02185792349726776,19.3460805244873
115,0.0273224043715847,8.351253987161089
115,0.03278688524590164,18.817413745677655
115,0.03825136612021858,11.640488228576553
115,0.04371584699453552,7.49795814991754
115,0.04918032786885246,9.836291136845386
115,0.0546448087431694,23.299048886725355
115,0.060109289617486336,17.916251205910807
115,0.06557377049180328,10.190992192121593
115,0.07103825136612021,20.615182544611333
115,0.07650273224043716,15.467528788278823
115,0.08196721311475409,17.429366432149372
115,0.08743169398907104,19.795991163353442
115,0.09289617486338798,20.128604436793445
115,0.09836065573770492,5.289794917745862
115,0.10382513661202186,15.157802750105697
115,0.1092896174863388,7.705638738264426
115,0.11475409836065574,7.114344742169672
115,0.12021857923497267,9.195947901586294
115,0.12568306010928962,8.380029322523667
115,0.13114754098360656,4.879250102720518
115,0.1366120218579235,21.316900967366195
115,0.14207650273224043,12.457941248441733
115,0.14754098360655737,24.0528338594994
115,0.15300546448087432,7.821191381841546
115,0.15846994535519127,13.265852414058907
115,0.16393442622950818,17.2642087102047
115,0.16939890710382513,1.7407233638988815
115,0.17486338797814208,11.22962712548718
115,0.18032786885245902,10.616655979367472
115,0.18579234972677597,11.553377621197985
115,0.1912568306010929,12.639297735852068
115,0.19672131147540983,7.263047326625837
115,0.20218579234972678,7.425053645767688
115,0.20765027322404372,4.628290236685726
115,0.21311475409836064,17.351514416256965
115,0.2185792349726776,13.205741884004134
115,0.22404371584699453,17.186620577821483
115,0.22950819672131148,14.003433744205973
115,0.23497267759562843,10.619423890105306
115,0.24043715846994534,10.003654912010022
115,0.2459016393442623,24.621826889142973
115,0.25136612021857924,22.63831429417031
115,0.2568306010928962,10.370048371598147
115,0.26229508196721313,10.502867337350107
115,0.2677595628415301,28.383034315244007
115,0.273224043715847,5.754214526796072
115,0.2786885245901639,4.885234084618157
115,0.28415300546448086,9.80638156172621
115,0.2896174863387978,6.715869794846435
115,0.29508196721311475,11.784194205505779
115,0.3005464480874317,16.15445579519032
115,0.30601092896174864,5.310895633137667
115,0.3114754098360656,6.4116610582806715
115,0.31693989071038253,6.491333385129466
115,0.3224043715846995,9.958696901250734
115,0.32786885245901637,15.570539694477645
115,0.3333333333333333,4.103617238967535
115,0.33879781420765026,7.740586048889104
115,0.3442622950819672,10.709219772553366
115,0.34972677595628415,13.80289378570165
115,0.3551912568306011,5.211597391627742
115,0.36065573770491804,8.904844303435295
115,0.366120218579235,11.568834625689783
115,0.37158469945355194,1.6694787932001878
115,0.3770491803278688,4.8310606352096
115,0.3825136612021858,5.307793450326626
115,0.3879781420765027,20.17430724147018
115,0.39344262295081966,16.92843394308485
115,0.3989071038251366,13.149589795538304
115,0.40437158469945356,7.235965189833265
115,0.4098360655737705,13.879231929506851
115,0.41530054644808745,12.7936116649376
115,0.4207650273224044,12.654977040122285
115,0.4262295081967213,18.933086276522975
115,0.43169398907103823,16.863053660255733
115,0.4371584699453552,5.0875481019288875
115,0.4426229508196721,16.067235554621995
115,0.44808743169398907,0.9712291160554556
115,0.453551912568306,10.471340512505137
115,0.45901639344262296,3.703887476610717
115,0.4644808743169399,16.228590873011672
115,0.46994535519125685,10.72492940264997
115,0.47540983606557374,19.740206342110792
115,0.4808743169398907,7.345282499303737
115,0.48633879781420764,7.557832881117106
115,0.4918032786885246,8.903934318514882
115,0.4972677595628415,12.907156567643472
116,0.0,6.8833827526759706e-15
116,0.005405405405405406,4.30779296024827
116,0.010810810810810811,31.953826450373516
116,0.016216216216216217,11.401489365443599
116,0.021621621621621623,24.620843070503682
116,0.02702702702702703,19.74668948059941
116,0.032432432432432434,13.970417741213847
116,0.03783783783783784,22.411852516884085
116,0.043243243243243246,5.56210610545015
116,0.04864864864864865,9.332827609742495
116,0.05405405405405406,7.008649474338131
116,0.05945945945945946,11.900563068071436
116,0.06486486486486487,15.137210592022743
116,0.07027027027027027,10.698583063029462
116,0.07567567567567568,13.758676681987337
116,0.08108108108108109,10.086839486173067
116,0.08648648648648649,17.253757351903594
116,0.0918918918918919,13.552056397027222
116,0.0972972972972973,12.633257199378876
116,0.10270270270270271,11.844552881091902
116,0.10810810810810811,1.678388812733872
116,0.11351351351351352,4.536394405485749
116,0.11891891891891893,23.556510364588167
116,0.12432432432432433,10.702275711448443
116,0.12972972972972974,12.802320065790369
116,0.13513513513513514,11.514455747339584
116,0.14054054054054055,18.603381172068328
116,0.14594594594594595,12.498215734413545
116,0.15135135135135136,8.957575561670346
116,0.15675675675675677,3.520775823003888
116,0.16216216216216217,31.814015712386368
116,0.16756756756756758,1.4543374885242526
116,0.17297297297297298,19.620169262983996
116,0.1783783783783784,14.453762314597185
116,0.1837837837837838,5.7020672980313245
116,0.1891891891891892,13.535484318236156
116,0.1945945945945946,10.626677063622905
116,0.2,7.201483634034279
116,0.20540540540540542,10.62439374337102
116,0.21081081081081082,7.759598349321919
116,0.21621621621621623,9.626695318606389
116,0.22162162162162163,2.073385183527162
116,0.22702702702702704,17.162515184767475
116,0.23243243243243245,10.175388052216062
116,0.23783783783783785,6.6458731826338004
116,0.24324324324324326,12.895993439028068
116,0.24864864864864866,4.8700152638502034
116,0.25405405405405407,10.537803828815663
116,0.2594594594594595,7.039880928742355
116,0.2648648648648649,21.29074805536399
116,0.2702702702702703,4.816306154539964
116,0.2756756756756757,17.582575435272336
116,0.2810810810810811,6.388657301876312
116,0.2864864864864865,21.705339441768697
116,0.2918918918918919,7.758317299207061
116,0.2972972972972973,8.736905876653193
116,0.3027027027027027,10.608479170133682
116,0.3081081081081081,24.318428058906633
116,0.31351351351351353,12.655126942747462
116,0.31891891891891894,15.731029723972634
116,0.32432432432432434,7.52485983259394
116,0.32972972972972975,24.670403641100755
116,0.33513513513513515,13.261245435485536
116,0.34054054054054056,18.663530814784252
116,0.34594594594594597,14.324130152349962
116,0.35135135135135137,9.419034453648667
116,0.3567567567567568,7.596788709707614
116,0.3621621621621622,6.8338955360993
116,0.3675675675675676,10.502848319722194
116,0.372972972972973,12.143891370267555
116,0.3783783783783784,13.233270335066006
116,0.3837837837837838,4.336137370198089
116,0.3891891891891892,8.657172769918343
116,0.3945945945945946,7.795274555715368
116,0.4,13.418079413654471
116,0.40540540540540543,10.318253596227718
116,0.41081081081081083,5.931224249564683
116,0.41621621621621624,12.637952340057515
116,0.42162162162162165,19.948946865542847
116,0.42702702702702705,23.289222517758535
116,0.43243243243243246,2.624986253473907
116,0.43783783783783786,8.83750865900731
116,0.44324324324324327,10.162902815001297
116,0.4486486486486487,4.602971867337457
116,0.4540540540540541,3.9732518613201333
116,0.4594594594594595,15.953582719755895
116,0.4648648648648649,16.634837473586312
116,0.4702702702702703,18.865719027476615
116,0.4756756756756757,12.701288915993795
116,0.4810810810810811,8.013661761958963
116,0.4864864864864865,4.216979523390641
116,0.4918918918918919,12.731662706310546
116,0.4972972972972973,15.11396627018658
117,0.0,5.329070518200751e-15
117,0.005291005291005291,10.75589195313046
117,0.010582010582010581,14.932753124231928
117,0.015873015873015872,11.172891053109227
117,0.021164021164021163,9.478846991337852
117,0.026455026455026454,16.72161131191233
117,0.031746031746031744,49.84225023675104
117,0.037037037037037035,29.28786896702493
117,0.042328042328042326,12.554373030494432
117,0.047619047619047616,13.680817385627682
117,0.05291005291005291,6.901975126883165
117,0.0582010582010582,15.931393313376041
117,0.06349206349206349,21.56840607720446
117,0.06878306878306878,17.02611907746779
117,0.07407407407407407,16.927863281434306
117,0.07936507936507936,5.18338465775599
117,0.08465608465608465,16.8628296116255
117,0.08994708994708994,9.958377862625937
117,0.09523809523809523,29.8945286229335
117,0.10052910052910052,8.607886041391176
117,0.10582010582010581,20.543397320661807
117,0.1111111111111111,10.317246661845799
117,0.1164021164021164,15.369105254180466
117,0.12169312169312169,12.486045065545234
117,0.12698412698412698,10.904359875101154
117,0.13227513227513227,5.882333308039
117,0.13756613756613756,11.18867821983918
117,0.14285714285714285,11.125453783449395
117,0.14814814814814814,4.358240902521203
117,0.15343915343915343,4.2210070718761505
117,0.15873015873015872,10.07551689563992
117,0.164021164021164,8.801875138107674
117,0.1693121693121693,18.599126754318913
117,0.1746031746031746,20.94754624581199
117,0.17989417989417988,4.49257135110789
117,0.18518518518518517,20.496623583051
117,0.19047619047619047,9.465870186858847
117,0.19576719576719576,7.503723524184323
117,0.20105820105820105,11.331874936379064
117,0.20634920634920634,15.974526133658474
117,0.21164021164021163,6.96188603789815
117,0.21693121693121692,14.040364024313075
117,0.2222222222222222,3.1489627776356417
117,0.2275132275132275,8.120378867063488
117,0.2328042328042328,5.077891406506584
117,0.23809523809523808,8.941295726320726
117,0.24338624338624337,14.661786851432375
117,0.24867724867724866,2.4351261697040143
117,0.25396825396825395,3.9263465982639163
117,0.25925925925925924,7.488800399806176
117,0.26455026455026454,20.455554079392755
117,0.2698412698412698,5.767196542507637
117,0.2751322751322751,13.007768668262843
117,0.2804232804232804,4.710514391313171
117,0.2857142857142857,4.732610500563842
117,0.291005291005291,13.031051663638669
117,0.2962962962962963,14.701558934889977
117,0.30158730158730157,9.515935122772268
117,0.30687830687830686,7.870328552524842
117,0.31216931216931215,16.861572249537655
117,0.31746031746031744,17.419066551987974
117,0.32275132275132273,8.088314959991731
117,0.328042328042328,11.790580886092691
117,0.3333333333333333,7.128989559233578
117,0.3386243386243386,13.740247459003994
117,0.3439153439153439,14.137136521312197
117,0.3492063492063492,8.156226727757188
117,0.3544973544973545,15.754393122743046
117,0.35978835978835977,14.347040084461629
117,0.36507936507936506,7.247875020614237
117,0.37037037037037035,14.449204088856591
117,0.37566137566137564,13.718231489588714
117,0.38095238095238093,11.601042047014728
117,0.3862433862433862,15.512060418238313
117,0.3915343915343915,21.61329885829576
117,0.3968253968253968,10.17510674188615
117,0.4021164021164021,3.393620700272676
117,0.4074074074074074,6.562447280589178
117,0.4126984126984127,18.759551397953548
117,0.41798941798941797,9.677760015747262
117,0.42328042328042326,10.326574610251683
117,0.42857142857142855,13.931488858162524
117,0.43386243386243384,6.182858806252798
117,0.43915343915343913,10.823423648354739
117,0.4444444444444444,11.54219477721743
117,0.4497354497354497,7.187576551945366
117,0.455026455026455,14.195377260532403
117,0.4603174603174603,10.647782710819266
117,0.4656084656084656,11.237065550989477
117,0.4708994708994709,6.75904705347028
117,0.47619047619047616,14.673808987474253
117,0.48148148148148145,15.342897087668165
117,0.48677248677248675,9.070528331186548
117,0.49206349206349204,7.03781627720956
117,0.4973544973544973,6.668239350660445
118,0.0,2.3092638912203256e-14
118,0.005555555555555556,29.08199969420059
118,0.011111111111111112,9.770531744538289
118,0.016666666666666666,18.767298852916937
118,0.022222222222222223,8.264344948645125
118,0.02777777777777778,12.77001051482632
118,0.03333333333333333,11.554979332423951
118,0.03888888888888889,7.1812924893951875
118,0.044444444444444446,15.420663674511212
118,0.05,10.407063383362184
118,0.05555555555555556,6.634872373895577
118,0.061111111111111116,12.365460020169897
118,0.06666666666666667,10.848318532995664
118,0.07222222222222223,13.981274037242013
118,0.07777777777777778,15.512854285841636
118,0.08333333333333334,13.422423223182596
118,0.08888888888888889,4.9679331574330545
118,0.09444444444444444,20.171572194837157
118,0.1,4.5619038626779895
118,0.10555555555555556,6.224389036822303
118,0.11111111111111112,0.3358494408233131
118,0.11666666666666667,8.5187072835107
118,0.12222222222222223,13.204091359192907
118,0.1277777777777778,17.790571149799984
118,0.13333333333333333,4.306015577080278
118,0.1388888888888889,16.837904655388293
118,0.14444444444444446,16.627302779035094
118,0.15,22.600001108119418
118,0.15555555555555556,5.098581369027706
118,0.16111111111111112,8.790208069040677
118,0.16666666666666669,18.41040645739392
118,0.17222222222222222,13.25460491086878
118,0.17777777777777778,20.82211596324752
118,0.18333333333333335,7.579340645641715
118,0.18888888888888888,18.460477107567904
118,0.19444444444444445,4.5811934457084025
118,0.2,4.136340115642373
118,0.20555555555555557,10.37575510200441
118,0.2111111111111111,9.294348004010695
118,0.21666666666666667,4.5484288574467255
118,0.22222222222222224,10.251715527416684
118,0.22777777777777777,14.092848815161013
118,0.23333333333333334,4.317226997372368
118,0.2388888888888889,14.977539192133804
118,0.24444444444444446,22.340141780222325
118,0.25,2.802272418197704
118,0.2555555555555556,17.341096170476735
118,0.2611111111111111,15.880517407476981
118,0.26666666666666666,6.929951948957538
118,0.27222222222222225,7.3403715818349475
118,0.2777777777777778,24.773089837408868
118,0.2833333333333333,9.582401819217232
118,0.2888888888888889,6.125060416796301
118,0.29444444444444445,6.518800491423829
118,0.3,16.066164896282157
118,0.3055555555555556,1.5480784529513352
118,0.3111111111111111,23.68309539171195
118,0.31666666666666665,9.80584151442283
118,0.32222222222222224,20.595520030371127
118,0.3277777777777778,12.46480864554185
118,0.33333333333333337,23.05207027570893
118,0.3388888888888889,9.11210637078027
118,0.34444444444444444,21.694328390494583
118,0.35000000000000003,15.845935127230375
118,0.35555555555555557,7.227677135572343
118,0.3611111111111111,9.374591046791657
118,0.3666666666666667,10.845661894435787
118,0.37222222222222223,6.0841853492284885
118,0.37777777777777777,16.930429151034478
118,0.38333333333333336,1.0793093615165434
118,0.3888888888888889,19.551200921345693
118,0.3944444444444445,5.689259653048174
118,0.4,18.87772618291388
118,0.40555555555555556,12.102266691372055
118,0.41111111111111115,1.6136301078627364
118,0.4166666666666667,1.9485204775196867
118,0.4222222222222222,15.835270674257687
118,0.4277777777777778,17.140980186105768
118,0.43333333333333335,3.859708987621049
118,0.4388888888888889,25.92410176168402
118,0.4444444444444445,21.75826421060729
118,0.45,10.812046166947885
118,0.45555555555555555,6.562483194711528
118,0.46111111111111114,4.51671837906026
118,0.4666666666666667,12.156588473099829
118,0.47222222222222227,9.56293138239813
118,0.4777777777777778,12.114497936865527
118,0.48333333333333334,4.177760280483533
118,0.48888888888888893,10.522841848301821
118,0.49444444444444446,2.85778717597235
119,0.0,7.105427357601002e-15
119,0.005555555555555556,17.933996256380805
119,0.011111111111111112,18.58250313149933
119,0.016666666666666666,12.487738681512084
119,0.022222222222222223,12.566719449895292
119,0.02777777777777778,11.173994140441994
119,0.03333333333333333,3.680589911692415
119,0.03888888888888889,16.473595199469578
119,0.044444444444444446,8.759650728177153
119,0.05,8.032272272554907
119,0.05555555555555556,12.910307017675066
119,0.061111111111111116,9.294707018771682
119,0.06666666666666667,13.516666904918162
119,0.07222222222222223,8.553059879534482
119,0.07777777777777778,13.84658790137107
119,0.08333333333333334,9.997975955634887
119,0.08888888888888889,1.9221361869272784
119,0.09444444444444444,10.45121997118298
119,0.1,11.308216450660229
119,0.10555555555555556,11.072605114800092
119,0.11111111111111112,7.498861432794901
119,0.11666666666666667,18.557761801801316
119,0.12222222222222223,2.132604246383272
119,0.1277777777777778,16.66167912884358
119,0.13333333333333333,14.939096728779058
119,0.1388888888888889,8.531735552295899
119,0.14444444444444446,11.221440709852759
119,0.15,10.583390756003583
119,0.15555555555555556,20.671353336282248
119,0.16111111111111112,2.04345613471637
119,0.16666666666666669,16.968485886018478
119,0.17222222222222222,20.858050711187012
119,0.17777777777777778,21.82304975786692
119,0.18333333333333335,7.515275399601372
119,0.18888888888888888,6.7082467468018505
119,0.19444444444444445,20.877239430869984
119,0.2,4.989475812630601
119,0.20555555555555557,8.699145948219073
119,0.2111111111111111,6.353542630951873
119,0.21666666666666667,9.793402544302246
119,0.22222222222222224,11.107507946943214
119,0.22777777777777777,2.725592993538031
119,0.23333333333333334,1.9211608186645783
119,0.2388888888888889,15.20263621560774
119,0.24444444444444446,3.2209613753705644
119,0.25,12.100015467984186
119,0.2555555555555556,10.117986637186958
119,0.2611111111111111,18.058229136600076
119,0.26666666666666666,3.4057467729522655
119,0.27222222222222225,13.422569134504482
119,0.2777777777777778,19.44435238887827
119,0.2833333333333333,1.387958497289672
119,0.2888888888888889,14.396775606671062
119,0.29444444444444445,1.098398740875234
119,0.3,15.776355332744995
119,0.3055555555555556,17.48064621693412
119,0.3111111111111111,20.398961885770827
119,0.31666666666666665,16.40310030223648
119,0.32222222222222224,5.9423480317859765
119,0.3277777777777778,2.9442015499926306
119,0.33333333333333337,0.9015899487169544
119,0.3388888888888889,30.240035614830635
119,0.34444444444444444,21.738352668570425
119,0.35000000000000003,12.514012946433466
119,0.35555555555555557,19.346430450528832
119,0.3611111111111111,10.456895990537186
119,0.3666666666666667,5.435972378868238
119,0.37222222222222223,24.255507351653378
119,0.37777777777777777,8.635917439916206
119,0.38333333333333336,9.518109021989686
119,0.3888888888888889,7.38828864556942
119,0.3944444444444445,6.021476619268915
119,0.4,10.142063983976614
119,0.40555555555555556,18.531827682848085
119,0.41111111111111115,7.697517894930811
119,0.4166666666666667,14.458030527746764
119,0.4222222222222222,8.23016290812008
119,0.4277777777777778,19.66503203493678
119,0.43333333333333335,13.298819457010515
119,0.4388888888888889,13.34267762769853
119,0.4444444444444445,6.246293850183191
119,0.45,3.9070421538534617
119,0.45555555555555555,22.861508070541397
119,0.46111111111111114,24.326717304591526
119,0.4666666666666667,18.55409327909391
119,0.47222222222222227,15.66985431886264
119,0.4777777777777778,12.762828782664261
119,0.48333333333333334,13.65694692733366
119,0.48888888888888893,10.913370127269278
119,0.49444444444444446,2.0977151385865676
120,0.0,2.4202861936828413e-14
120,0.0056179775280898875,15.044598254462738
120,0.011235955056179775,11.589486794665685
120,0.016853932584269662,21.592272524589376
120,0.02247191011235955,22.822415522120565
120,0.028089887640449437,22.54674778430844
120,0.033707865168539325,10.43693551426059
120,0.03932584269662921,24.04465754764774
120,0.0449438202247191,13.435015193454435
120,0.05056179775280899,21.18612117999824
120,0.056179775280898875,12.471161547204623
120,0.06179775280898876,2.656970778050766
120,0.06741573033707865,16.34703741729202
120,0.07303370786516854,17.493152806949755
120,0.07865168539325842,14.024734202315686
120,0.08426966292134831,10.667133080841655
120,0.0898876404494382,10.156051957584674
120,0.09550561797752809,18.767415284660025
120,0.10112359550561797,20.390075004203915
120,0.10674157303370786,21.956365651940228
120,0.11235955056179775,9.405771915537628
120,0.11797752808988764,0.6368162645081252
120,0.12359550561797752,10.281663514878865
120,0.1292134831460674,28.459406245805898
120,0.1348314606741573,11.955276113251871
120,0.1404494382022472,7.4913757227383
120,0.14606741573033707,26.260563023922384
120,0.15168539325842695,22.54094717919556
120,0.15730337078651685,10.176141084941536
120,0.16292134831460675,8.191454605701393
120,0.16853932584269662,14.050947673010205
120,0.1741573033707865,12.128169807267154
120,0.1797752808988764,10.546183389304018
120,0.1853932584269663,12.632353186524433
120,0.19101123595505617,26.310623230023328
120,0.19662921348314605,8.450355302615174
120,0.20224719101123595,5.359655956489014
120,0.20786516853932585,10.543729039627506
120,0.21348314606741572,23.189263805204313
120,0.2191011235955056,10.636507998276223
120,0.2247191011235955,12.14799349462519
120,0.2303370786516854,15.299683042884999
120,0.23595505617977527,3.5487735104685294
120,0.24157303370786515,9.57327151140268
120,0.24719101123595505,4.191928834970315
120,0.25280898876404495,10.271386641138546
120,0.2584269662921348,9.124047671002815
120,0.2640449438202247,2.2662030560259767
120,0.2696629213483146,13.894092290771264
120,0.2752808988764045,4.1388766321865536
120,0.2808988764044944,10.12370376899754
120,0.28651685393258425,12.016151319279857
120,0.29213483146067415,10.417893782931355
120,0.29775280898876405,17.326604847256714
120,0.3033707865168539,7.745336019713665
120,0.3089887640449438,13.543165979396443
120,0.3146067415730337,12.664468816999513
120,0.3202247191011236,14.269029780695416
120,0.3258426966292135,8.576797035585066
120,0.33146067415730335,7.172932084050535
120,0.33707865168539325,16.434072090384284
120,0.34269662921348315,6.31023682074789
120,0.348314606741573,12.789305698263647
120,0.3539325842696629,10.588502959568423
120,0.3595505617977528,7.250748798354799
120,0.3651685393258427,14.181939812356495
120,0.3707865168539326,3.153473577840561
120,0.37640449438202245,1.8274878755317447
120,0.38202247191011235,10.08364706334478
120,0.38764044943820225,17.01719482709418
120,0.3932584269662921,5.099508531189583
120,0.398876404494382,7.623020201390521
120,0.4044943820224719,11.61615063950371
120,0.4101123595505618,8.867821216742026
120,0.4157303370786517,17.752633882694873
120,0.42134831460674155,6.732868795804554
120,0.42696629213483145,10.669211348549746
120,0.43258426966292135,0.35009932794576876
120,0.4382022471910112,6.223421568135505
120,0.4438202247191011,4.294242124002667
120,0.449438202247191,16.915091154360407
120,0.4550561797752809,10.554690505891838
120,0.4606741573033708,17.652932692285827
120,0.46629213483146065,6.598280462255355
120,0.47191011235955055,1.8589727885419274
120,0.47752808988764045,4.3277878965824375
120,0.4831460674157303,13.150138129765715
120,0.4887640449438202,9.393445527862339
120,0.4943820224719101,10.848043672423476
121,0.0,5.329070518200751e-15
121,0.00625,32.47013870354242
121,0.0125,6.7925570111301985
121,0.018750000000000003,7.105961456383082
121,0.025,2.4333213493832093
121,0.03125,16.4125342469718
121,0.037500000000000006,13.820448128735265
121,0.043750000000000004,18.409048826063085
121,0.05,28.40178348045424
121,0.05625,8.784042468145246
121,0.0625,6.794432938000466
121,0.06875,16.768253285913037
121,0.07500000000000001,11.851853538149197
121,0.08125,1.3802898411618854
121,0.08750000000000001,12.050388370410246
121,0.09375,15.517644458317816
121,0.1,12.165718524887142
121,0.10625000000000001,13.665662895025267
121,0.1125,9.973458701713795
121,0.11875000000000001,11.199891901248195
121,0.125,18.143608035310674
121,0.13125,3.630549087516798
121,0.1375,11.94157570432795
121,0.14375000000000002,8.123590898485034
121,0.15000000000000002,3.453687441746382
121,0.15625,0.6819478587805672
121,0.1625,7.997793075648683
121,0.16875,12.2523710742451
121,0.17500000000000002,2.107238980346788
121,0.18125000000000002,15.49621395999669
121,0.1875,9.620228448597288
121,0.19375,4.099008226072295
121,0.2,10.739510111598987
121,0.20625000000000002,13.365096975423205
121,0.21250000000000002,12.499471727000758
121,0.21875,6.189896297224133
121,0.225,7.472499438631103
121,0.23125,25.86665370567504
121,0.23750000000000002,19.121096703752205
121,0.24375000000000002,12.367471585419876
121,0.25,15.506520655913826
121,0.25625000000000003,2.241877403637092
121,0.2625,12.621481280455406
121,0.26875,1.2074185406324587
121,0.275,1.803327688987606
121,0.28125,19.6433911811027
121,0.28750000000000003,3.1387515807696365
121,0.29375,17.67169077428467
121,0.30000000000000004,8.832605203205048
121,0.30625,10.35046737831097
121,0.3125,4.9669677764331555
121,0.31875000000000003,3.679177154958857
121,0.325,13.484257412653598
121,0.33125000000000004,4.1708752569012075
121,0.3375,2.687544795769664
121,0.34375,5.117577551360015
121,0.35000000000000003,9.823823656745436
121,0.35625,11.645826305823284
121,0.36250000000000004,1.5537616096282956
121,0.36875,16.579852445773483
121,0.375,9.44972064627996
121,0.38125000000000003,9.700264375267038
121,0.3875,29.089691017979586
121,0.39375000000000004,19.47518433112387
121,0.4,1.7620923332604057
121,0.40625,13.477814675032928
121,0.41250000000000003,6.881371554627633
121,0.41875,8.195989947865193
121,0.42500000000000004,18.030587620082503
121,0.43125,3.9258034402138646
121,0.4375,23.23709133220532
121,0.44375000000000003,12.504069496516712
121,0.45,9.277341735276545
121,0.45625000000000004,5.91415755336861
121,0.4625,11.841354037954519
121,0.46875,12.246578172956035
121,0.47500000000000003,1.5075750298470498
121,0.48125,4.4531058028947275
121,0.48750000000000004,8.378806809109768
121,0.49375,13.420942124768176
122,0.0,1.687538997430238e-14
122,0.00510204081632653,12.371379854962939
122,0.01020408163265306,2.168381469728891
122,0.015306122448979591,9.80836765864659
122,0.02040816326530612,12.257428655257797
122,0.02551020408163265,20.813367950341767
122,0.030612244897959183,8.554376427861238
122,0.03571428571428571,7.905299742501787
122,0.04081632653061224,14.99544528350878
122,0.04591836734693877,12.206058620906562
122,0.0510204081632653,12.59357458735655
122,0.05612244897959183,16.987070235616304
122,0.061224489795918366,7.067071542756623
122,0.06632653061224489,24.354190151235446
122,0.07142857142857142,7.328418999704026
122,0.07653061224489795,3.587946781357229
122,0.08163265306122448,9.280724457035642
122,0.08673469387755102,16.038216783591775
122,0.09183673469387754,14.654218590026918
122,0.09693877551020408,9.341980670224718
122,0.1020408163265306,13.967825557899005
122,0.10714285714285714,13.829910084099385
122,0.11224489795918366,11.05516472243763
122,0.1173469387755102,9.99453939586027
122,0.12244897959183673,1.330753629420823
122,0.12755102040816327,12.39568401416252
122,0.13265306122448978,16.64761668769391
122,0.1377551020408163,18.827233770592155
122,0.14285714285714285,8.129409274015531
122,0.14795918367346939,12.665317585746745
122,0.1530612244897959,7.897990114867023
122,0.15816326530612243,13.237729672402375
122,0.16326530612244897,6.873551307395767
122,0.1683673469387755,6.783046652004322
122,0.17346938775510204,16.09628504547052
122,0.17857142857142855,22.271310750721252
122,0.18367346938775508,11.903542970384732
122,0.18877551020408162,0.878699367495001
122,0.19387755102040816,21.242091506155536
122,0.19897959183673466,17.15723212759755
122,0.2040816326530612,10.195043752412628
122,0.20918367346938774,24.8441693387537
122,0.21428571428571427,12.315930067517813
122,0.2193877551020408,9.254969070676887
122,0.22448979591836732,20.600956900318863
122,0.22959183673469385,12.203898857918782
122,0.2346938775510204,18.612867597203604
122,0.23979591836734693,22.488069319251956
122,0.24489795918367346,14.852615178041384
122,0.24999999999999997,13.062010669292041
122,0.25510204081632654,10.434389708583431
122,0.260204081632653,14.230451238148376
122,0.26530612244897955,4.857039590635563
122,0.2704081632653061,24.617114388671226
122,0.2755102040816326,14.837076232004181
122,0.28061224489795916,4.641665020913837
122,0.2857142857142857,12.44777054631098
122,0.29081632653061223,26.56140952756142
122,0.29591836734693877,8.399965632587099
122,0.3010204081632653,9.743639370792636
122,0.3061224489795918,8.30760937866634
122,0.3112244897959183,10.650529370694864
122,0.31632653061224486,20.345560001090067
122,0.3214285714285714,9.696780496399528
122,0.32653061224489793,6.01610960325259
122,0.33163265306122447,3.9728248929027936
122,0.336734693877551,13.209240326070608
122,0.34183673469387754,22.852469453305506
122,0.3469387755102041,17.309231141277564
122,0.35204081632653056,14.143351443669106
122,0.3571428571428571,20.891890846518244
122,0.36224489795918363,12.248524889707094
122,0.36734693877551017,6.184375980164072
122,0.3724489795918367,13.676061218611542
122,0.37755102040816324,24.383378715687954
122,0.3826530612244898,26.328554683568008
122,0.3877551020408163,12.557428280083935
122,0.39285714285714285,11.516075742546553
122,0.39795918367346933,10.074893445779685
122,0.40306122448979587,22.08199529594583
122,0.4081632653061224,16.197497634468007
122,0.41326530612244894,10.396827615892859
122,0.4183673469387755,0.5132871621427689
122,0.423469387755102,9.330033884117743
122,0.42857142857142855,11.641874112223224
122,0.4336734693877551,13.602081956255134
122,0.4387755102040816,9.054721546884462
122,0.4438775510204081,12.598395891309554
122,0.44897959183673464,12.587577899551581
122,0.4540816326530612,17.796952078086687
122,0.4591836734693877,8.845185376519701
122,0.46428571428571425,18.38161649030842
122,0.4693877551020408,8.814695316754259
122,0.4744897959183673,9.95227229295887
122,0.47959183673469385,11.911581087815552
122,0.4846938775510204,7.529910265421606
122,0.4897959183673469,11.392253504658584
122,0.4948979591836734,9.225049070564193
123,0.0,2.55351295663786e-14
123,0.005076142131979695,16.430316934607806
123,0.01015228426395939,9.71756424169702
123,0.015228426395939085,5.49155132193564
123,0.02030456852791878,6.669647716272186
123,0.025380710659898477,14.551891046401252
123,0.03045685279187817,13.513707647065038
123,0.035532994923857864,10.967943336921152
123,0.04060913705583756,13.05403458488983
123,0.04568527918781726,10.224801156728102
123,0.050761421319796954,9.702074755319064
123,0.055837563451776644,8.172200967959444
123,0.06091370558375634,25.121497490751665
123,0.06598984771573603,10.170385405079669
123,0.07106598984771573,15.40202952600497
123,0.07614213197969542,19.434947088677767
123,0.08121827411167512,6.169244030713907
123,0.08629441624365482,5.924260369087124
123,0.09137055837563451,3.068609018269444
123,0.09644670050761421,22.171694084614895
123,0.10152284263959391,4.178946755426871
123,0.10659898477157359,8.54726045187187
123,0.11167512690355329,23.955392155452206
123,0.11675126903553298,13.79463888487711
123,0.12182741116751268,9.227818594150008
123,0.12690355329949238,17.94799657734589
123,0.13197969543147206,10.706102220865898
123,0.13705583756345177,8.92958233963327
123,0.14213197969543145,12.128378550537791
123,0.14720812182741116,11.823304110190184
123,0.15228426395939085,6.371017911666847
123,0.15736040609137056,20.80066899499325
123,0.16243654822335024,10.011702434063096
123,0.16751269035532992,1.093506366529369
123,0.17258883248730963,14.998495977348481
123,0.17766497461928932,11.969169455497063
123,0.18274111675126903,14.131756506106827
123,0.1878172588832487,15.637447874642431
123,0.19289340101522842,10.845221232910985
123,0.1979695431472081,17.553487792693243
123,0.20304568527918782,2.40362865127527
123,0.2081218274111675,10.722736305730646
123,0.21319796954314718,23.262528564842697
123,0.2182741116751269,5.448722877270699
123,0.22335025380710657,16.541364586328854
123,0.22842639593908629,18.340925719387347
123,0.23350253807106597,7.181830885408417
123,0.23857868020304568,9.006313482215674
123,0.24365482233502536,7.783564614560469
123,0.24873096446700504,8.586128586786165
123,0.25380710659898476,16.27862005102571
123,0.25888324873096447,6.223327929964856
123,0.2639593908629441,11.708831978181468
123,0.26903553299492383,26.11303734622968
123,0.27411167512690354,8.984095182957246
123,0.27918781725888325,6.056955646640689
123,0.2842639593908629,5.500467599167531
123,0.2893401015228426,5.670020390481952
123,0.29441624365482233,28.971898770072933
123,0.299492385786802,0.24440023759642077
123,0.3045685279187817,8.95058463212668
123,0.3096446700507614,17.594785830514628
123,0.3147208121827411,3.2876126620334363
123,0.31979695431472077,19.94705104610323
123,0.3248730964467005,30.434444431039115
123,0.3299492385786802,5.177107482407749
123,0.33502538071065985,21.60243996580774
123,0.34010152284263956,16.141292096307158
123,0.34517766497461927,8.222117709539642
123,0.350253807106599,27.919846702707495
123,0.35532994923857864,19.130107713473098
123,0.36040609137055835,12.243152925409191
123,0.36548223350253806,8.213457894753457
123,0.3705583756345177,5.870723754155029
123,0.3756345177664974,1.9411967454225016
123,0.38071065989847713,3.6022313607274214
123,0.38578680203045684,7.072875017669796
123,0.3908629441624365,15.544383721571597
123,0.3959390862944162,33.320190360934475
123,0.4010152284263959,1.9576601733218721
123,0.40609137055837563,10.177465849633531
123,0.4111675126903553,11.764893128699095
123,0.416243654822335,13.47768248653616
123,0.4213197969543147,18.702968186217774
123,0.42639593908629436,21.270832625080967
123,0.4314720812182741,14.704627534753964
123,0.4365482233502538,16.367422089887633
123,0.4416243654822335,15.357694846875507
123,0.44670050761421315,16.714197233388013
123,0.45177664974619286,11.86712695553759
123,0.45685279187817257,14.35857104462327
123,0.4619289340101522,4.354140482128998
123,0.46700507614213194,5.793869788260525
123,0.47208121827411165,7.799794260251217
123,0.47715736040609136,10.30110622883823
123,0.482233502538071,12.778394348327614
123,0.4873096446700507,11.45220819835333
123,0.49238578680203043,14.045923005434808
123,0.4974619289340101,13.237107911667273
124,0.0,2.220446049250313e-15
124,0.0051813471502590676,13.60636982359044
124,0.010362694300518135,11.233429306857358
124,0.015544041450777202,14.38573172923103
124,0.02072538860103627,8.67648985484253
124,0.02590673575129534,14.247460777205367
124,0.031088082901554404,17.02155117546938
124,0.036269430051813475,8.619651511308664
124,0.04145077720207254,9.936724176542024
124,0.046632124352331605,3.028292985441064
124,0.05181347150259068,6.905935083092145
124,0.05699481865284974,9.407600418616155
124,0.06217616580310881,22.07410409217445
124,0.06735751295336788,15.24771060915596
124,0.07253886010362695,8.994889746660853
124,0.07772020725388601,16.2389331469383
124,0.08290155440414508,29.779422519346934
124,0.08808290155440415,16.999851016109446
124,0.09326424870466321,12.55451684574804
124,0.09844559585492228,9.519096629068006
124,0.10362694300518135,10.711617690449286
124,0.10880829015544041,15.814440409506243
124,0.11398963730569948,2.1563647762889695
124,0.11917098445595856,9.787550709364824
124,0.12435233160621761,6.407356882921857
124,0.1295336787564767,22.26825950832005
124,0.13471502590673576,28.98969194339175
124,0.13989637305699482,19.278174695922257
124,0.1450777202072539,13.828553778567777
124,0.15025906735751296,19.529578322408693
124,0.15544041450777202,20.15558080734508
124,0.1606217616580311,10.446969395391662
124,0.16580310880829016,5.4489128846204435
124,0.17098445595854922,7.840633823085784
124,0.1761658031088083,9.683671432538198
124,0.18134715025906736,23.844970117544225
124,0.18652849740932642,13.720570419680154
124,0.1917098445595855,1.6633217386676644
124,0.19689119170984457,30.89653190885613
124,0.20207253886010362,13.257304946996461
124,0.2072538860103627,22.814139705919715
124,0.21243523316062177,19.971874264185978
124,0.21761658031088082,11.607378632903638
124,0.2227979274611399,2.612530968234758
124,0.22797927461139897,5.092829346760207
124,0.23316062176165803,4.575258236037447
124,0.2383419689119171,28.521811750950395
124,0.24352331606217617,6.014304885868719
124,0.24870466321243523,10.605450693088805
124,0.2538860103626943,5.355207670567486
124,0.2590673575129534,1.915539945543229
124,0.26424870466321243,21.636616917338827
124,0.2694300518134715,8.602351526159397
124,0.2746113989637306,14.404181068924984
124,0.27979274611398963,17.407463989556664
124,0.2849740932642487,8.153459224631002
124,0.2901554404145078,16.69563875196213
124,0.29533678756476683,7.226089345721378
124,0.3005181347150259,6.535199034173117
124,0.305699481865285,11.211868136020056
124,0.31088082901554404,3.8934389735696517
124,0.3160621761658031,17.78367675691498
124,0.3212435233160622,13.143296949547958
124,0.32642487046632124,2.880341928147527
124,0.3316062176165803,7.589193070771053
124,0.3367875647668394,9.080667536258188
124,0.34196891191709844,6.202821546928808
124,0.3471502590673575,4.21702836198605
124,0.3523316062176166,24.16476550774368
124,0.35751295336787564,9.83572151604148
124,0.3626943005181347,15.506881524848524
124,0.3678756476683938,16.220819749754828
124,0.37305699481865284,11.310199890268292
124,0.37823834196891193,16.444212354868718
124,0.383419689119171,10.30211550006483
124,0.38860103626943004,11.899015860562496
124,0.39378238341968913,23.630614188282415
124,0.3989637305699482,6.420648907969356
124,0.40414507772020725,18.882359997998286
124,0.40932642487046633,9.625179868183178
124,0.4145077720207254,4.691084648958944
124,0.41968911917098445,17.080576891813326
124,0.42487046632124353,12.13277558946419
124,0.4300518134715026,6.089014189295643
124,0.43523316062176165,10.314538171782937
124,0.44041450777202074,8.716035061128716
124,0.4455958549222798,4.8150761875225685
124,0.45077720207253885,13.024580140546892
124,0.45595854922279794,4.43729834641995
124,0.461139896373057,10.16305697754344
124,0.46632124352331605,2.494843839240583
124,0.47150259067357514,16.726778692732704
124,0.4766839378238342,8.916509775365608
124,0.48186528497409326,19.376125735356233
124,0.48704663212435234,8.855848934297361
124,0.4922279792746114,13.354486364887881
124,0.49740932642487046,7.186123292949754
125,0.0,1.2434497875801753e-14
125,0.005405405405405406,10.335574028143055
125,0.010810810810810811,16.69320803647407
125,0.016216216216216217,4.7113546830676905
125,0.021621621621621623,8.562925254816125
125,0.02702702702702703,1.0449989387228933
125,0.032432432432432434,17.879209384684497
125,0.03783783783783784,5.715857326009467
125,0.043243243243243246,16.63648544925756
125,0.04864864864864865,21.204752964425268
125,0.05405405405405406,10.70817648872031
125,0.05945945945945946,18.329923464106578
125,0.06486486486486487,4.698660604914313
125,0.07027027027027027,9.30531313369913
125,0.07567567567567568,16.579196489653512
125,0.08108108108108109,5.558127681372655
125,0.08648648648648649,16.045590332265522
125,0.0918918918918919,20.793080852017233
125,0.0972972972972973,20.643917112710763
125,0.10270270270270271,6.4912394569498275
125,0.10810810810810811,11.394179712074145
125,0.11351351351351352,10.208996000992263
125,0.11891891891891893,5.568585034113649
125,0.12432432432432433,7.706883287978384
125,0.12972972972972974,8.484717920410025
125,0.13513513513513514,19.23257013289562
125,0.14054054054054055,3.926731718480184
125,0.14594594594594595,3.8183675855604697
125,0.15135135135135136,10.749282214085632
125,0.15675675675675677,7.296479679616804
125,0.16216216216216217,15.21685161119116
125,0.16756756756756758,9.305141294007283
125,0.17297297297297298,11.597517093936652
125,0.1783783783783784,8.34927084189013
125,0.1837837837837838,9.203626543212346
125,0.1891891891891892,15.794014237840885
125,0.1945945945945946,18.33120247295096
125,0.2,5.9630643656145255
125,0.20540540540540542,9.822905379698021
125,0.21081081081081082,14.347834662765775
125,0.21621621621621623,10.351594027329947
125,0.22162162162162163,10.928677459697017
125,0.22702702702702704,6.056613948552417
125,0.23243243243243245,9.371358547189423
125,0.23783783783783785,10.730758741949469
125,0.24324324324324326,7.1948778940025235
125,0.24864864864864866,16.49083205405786
125,0.25405405405405407,6.841699711211303
125,0.2594594594594595,24.560317970500016
125,0.2648648648648649,9.656650178576403
125,0.2702702702702703,7.090807876879167
125,0.2756756756756757,11.753483589341185
125,0.2810810810810811,14.769506833678982
125,0.2864864864864865,8.673270822284014
125,0.2918918918918919,10.850018192275758
125,0.2972972972972973,20.799098683602942
125,0.3027027027027027,23.02410604668255
125,0.3081081081081081,14.051031689742207
125,0.31351351351351353,6.996785721724744
125,0.31891891891891894,14.909107718497584
125,0.32432432432432434,13.758177513459414
125,0.32972972972972975,9.903275014582139
125,0.33513513513513515,11.377642167255276
125,0.34054054054054056,10.996132734875705
125,0.34594594594594597,10.159902105508216
125,0.35135135135135137,11.078124557668822
125,0.3567567567567568,16.072399001807327
125,0.3621621621621622,13.935375463580371
125,0.3675675675675676,14.391337248422724
125,0.372972972972973,11.054790593173713
125,0.3783783783783784,16.25515403587139
125,0.3837837837837838,3.032812802616436
125,0.3891891891891892,11.344437234312995
125,0.3945945945945946,19.79496243593018
125,0.4,10.8949102797655
125,0.40540540540540543,13.949968101701744
125,0.41081081081081083,7.029725847064609
125,0.41621621621621624,16.374786948711737
125,0.42162162162162165,15.655306385264225
125,0.42702702702702705,18.05359315654339
125,0.43243243243243246,19.420483273548026
125,0.43783783783783786,15.24628564973133
125,0.44324324324324327,3.955905846215171
125,0.4486486486486487,16.808062006226734
125,0.4540540540540541,6.694263883292265
125,0.4594594594594595,15.276917424146973
125,0.4648648648648649,27.91291213905183
125,0.4702702702702703,16.955323887321352
125,0.4756756756756757,13.50058648077885
125,0.4810810810810811,23.80093075450051
125,0.4864864864864865,29.911151848185657
125,0.4918918918918919,3.7239141054937246
125,0.4972972972972973,4.1863059643346245
126,0.0,1.4210854715202004e-14
126,0.005434782608695652,16.352370512080064
126,0.010869565217391304,8.82207027225028
126,0.016304347826086956,13.104178408200099
126,0.021739130434782608,13.455048562076568
126,0.02717391304347826,3.5944672923622676
126,0.03260869565217391,14.697800777992946
126,0.03804347826086957,2.528983533662297
126,0.043478260869565216,10.683767882062634
126,0.048913043478260865,21.367404958789315
126,0.05434782608695652,18.83247127666857
126,0.059782608695652176,16.706658957778636
126,0.06521739130434782,18.7167021351447
126,0.07065217391304347,20.46189822726382
126,0.07608695652173914,13.628017359008593
126,0.08152173913043478,10.536113939435076
126,0.08695652173913043,8.756274902734553
126,0.09239130434782608,19.00026067712498
126,0.09782608695652173,3.343126253470586
126,0.10326086956521739,16.02235662573815
126,0.10869565217391304,16.79403680965725
126,0.11413043478260869,16.41585561943152
126,0.11956521739130435,13.887209231962103
126,0.125,10.508976059716964
126,0.13043478260869565,6.29215461033735
126,0.1358695652173913,22.926992163203145
126,0.14130434782608695,12.53934541621568
126,0.1467391304347826,22.827665190978145
126,0.15217391304347827,20.020860561565886
126,0.15760869565217392,3.128843256951997
126,0.16304347826086957,5.314614703783115
126,0.16847826086956522,11.533222026797105
126,0.17391304347826086,10.590699016518684
126,0.1793478260869565,9.895271126496004
126,0.18478260869565216,16.222266695013666
126,0.1902173913043478,2.353401136489466
126,0.19565217391304346,18.25943866271821
126,0.20108695652173914,16.110566095572207
126,0.20652173913043478,20.966130720496313
126,0.21195652173913043,22.689504322449526
126,0.21739130434782608,4.893720972663778
126,0.22282608695652173,12.273463038138512
126,0.22826086956521738,7.422824669133556
126,0.23369565217391303,22.359820170991085
126,0.2391304347826087,12.117103237005107
126,0.24456521739130435,8.225346503693332
126,0.25,4.595856458650963
126,0.2554347826086956,20.995095282939726
126,0.2608695652173913,5.873285265664424
126,0.266304347826087,14.334136445790856
126,0.2717391304347826,10.32904542459773
126,0.27717391304347827,9.058821921943094
126,0.2826086956521739,12.335552122718207
126,0.28804347826086957,10.269300151784632
126,0.2934782608695652,11.370760582964651
126,0.29891304347826086,8.954705362614076
126,0.30434782608695654,8.665520753185726
126,0.30978260869565216,11.46861294739986
126,0.31521739130434784,3.8026228691845443
126,0.32065217391304346,12.735258833748015
126,0.32608695652173914,13.639905206648024
126,0.33152173913043476,17.88927726255997
126,0.33695652173913043,18.215480077752105
126,0.34239130434782605,13.330587089406825
126,0.34782608695652173,14.859502377984825
126,0.3532608695652174,6.233403330697227
126,0.358695652173913,7.704410225800796
126,0.3641304347826087,13.076842558784646
126,0.3695652173913043,11.046769467783145
126,0.375,8.287285744213749
126,0.3804347826086956,1.3051392925149128
126,0.3858695652173913,2.4592172038172677
126,0.3913043478260869,2.673454648696753
126,0.3967391304347826,2.399199287561503
126,0.40217391304347827,9.078156578951013
126,0.4076086956521739,18.04226766201724
126,0.41304347826086957,13.528311363819821
126,0.4184782608695652,8.563283732312588
126,0.42391304347826086,14.867320129529386
126,0.4293478260869565,27.920695015218854
126,0.43478260869565216,14.645805101088822
126,0.44021739130434784,11.588572767898876
126,0.44565217391304346,5.466863456904185
126,0.45108695652173914,13.862975567134605
126,0.45652173913043476,5.7329828347347265
126,0.46195652173913043,15.130981369702937
126,0.46739130434782605,16.244322218510234
126,0.47282608695652173,7.162889446669461
126,0.4782608695652174,4.276771034418154
126,0.483695652173913,20.63559291271748
126,0.4891304347826087,14.99870281954108
126,0.4945652173913043,3.350167105637289
127,0.0,3.83026943495679e-14
127,0.005076142131979695,10.650880252745914
127,0.01015228426395939,14.526513072176147
127,0.015228426395939085,17.14401468313802
127,0.02030456852791878,13.700573378622574
127,0.025380710659898477,10.567738462989832
127,0.03045685279187817,9.705359036883808
127,0.035532994923857864,8.867267881158591
127,0.04060913705583756,2.0750335808264544
127,0.04568527918781726,13.72508832190005
127,0.050761421319796954,6.312309052572883
127,0.055837563451776644,2.6128301063245356
127,0.06091370558375634,8.276834641795752
127,0.06598984771573603,13.012795640195572
127,0.07106598984771573,15.916831621560181
127,0.07614213197969542,21.951790477545128
127,0.08121827411167512,14.080143255450514
127,0.08629441624365482,11.431342202530935
127,0.09137055837563451,17.822158787633807
127,0.09644670050761421,3.8898331597015217
127,0.10152284263959391,22.75839804078929
127,0.10659898477157359,5.896091213104966
127,0.11167512690355329,29.302089889304472
127,0.11675126903553298,22.06743724330748
127,0.12182741116751268,12.876796308257305
127,0.12690355329949238,8.18694651276583
127,0.13197969543147206,5.05629972027423
127,0.13705583756345177,12.946625667531064
127,0.14213197969543145,13.803875975422844
127,0.14720812182741116,16.18789348929429
127,0.15228426395939085,12.910733629640841
127,0.15736040609137056,14.639928951451335
127,0.16243654822335024,12.29329465523341
127,0.16751269035532992,16.794882301938305
127,0.17258883248730963,20.699240752331164
127,0.17766497461928932,3.733229244145732
127,0.18274111675126903,12.160712797005388
127,0.1878172588832487,12.86467126664975
127,0.19289340101522842,12.478447642676178
127,0.1979695431472081,15.20186336132676
127,0.20304568527918782,16.145726763711025
127,0.2081218274111675,8.506457752335738
127,0.21319796954314718,9.478907979738755
127,0.2182741116751269,7.989032415970803
127,0.22335025380710657,13.628616028616095
127,0.22842639593908629,10.158476576043578
127,0.23350253807106597,12.363022203589194
127,0.23857868020304568,17.26984511598087
127,0.24365482233502536,1.8585597127526634
127,0.24873096446700504,15.55631000608886
127,0.25380710659898476,20.26986399910964
127,0.25888324873096447,9.889902816272764
127,0.2639593908629441,8.414579052376533
127,0.26903553299492383,13.492148284889954
127,0.27411167512690354,19.007924857355896
127,0.27918781725888325,17.141657435376256
127,0.2842639593908629,7.343261622322984
127,0.2893401015228426,18.19466285269207
127,0.29441624365482233,8.615438377869562
127,0.299492385786802,3.2894637484663107
127,0.3045685279187817,15.661472230296285
127,0.3096446700507614,17.90315842735308
127,0.3147208121827411,7.808686522946888
127,0.31979695431472077,10.793951018676484
127,0.3248730964467005,7.350511446273559
127,0.3299492385786802,22.1610016048064
127,0.33502538071065985,5.790931301549928
127,0.34010152284263956,16.320584173255828
127,0.34517766497461927,8.990656885494804
127,0.350253807106599,10.35738541508717
127,0.35532994923857864,14.7601986558478
127,0.36040609137055835,19.474122491639026
127,0.36548223350253806,7.999340732476091
127,0.3705583756345177,15.334594310828434
127,0.3756345177664974,11.207004517373159
127,0.38071065989847713,7.891847761716647
127,0.38578680203045684,20.343599667281005
127,0.3908629441624365,19.603127105549426
127,0.3959390862944162,14.9981220238049
127,0.4010152284263959,8.856941027519989
127,0.40609137055837563,5.504922689849068
127,0.4111675126903553,23.803612683724896
127,0.416243654822335,12.244488592649905
127,0.4213197969543147,16.417765183436156
127,0.42639593908629436,4.185130643704108
127,0.4314720812182741,11.077589180953265
127,0.4365482233502538,10.770300912132685
127,0.4416243654822335,22.54748954453692
127,0.44670050761421315,31.82980984724535
127,0.45177664974619286,4.350939279765236
127,0.45685279187817257,2.8199276686472197
127,0.4619289340101522,12.534751234322579
127,0.46700507614213194,12.210233260323383
127,0.47208121827411165,11.989818997237716
127,0.47715736040609136,7.705246977234293
127,0.482233502538071,13.385031020640687
127,0.4873096446700507,26.81118164677251
127,0.49238578680203043,8.965616221622403
127,0.4974619289340101,8.74045331921092
128,0.0,2.1316282072803006e-14
128,0.004545454545454545,29.99022414547183
128,0.00909090909090909,2.0812954584066192
128,0.013636363636363636,16.164150767575364
128,0.01818181818181818,28.211982271760153
128,0.022727272727272728,24.15478011776622
128,0.02727272727272727,9.412143793536172
128,0.031818181818181815,15.258326351484667
128,0.03636363636363636,9.120622609407468
128,0.04090909090909091,19.98515558129766
128,0.045454545454545456,13.119585037227807
128,0.049999999999999996,24.465679811227794
128,0.05454545454545454,13.013426332676461
128,0.05909090909090909,13.080139457898094
128,0.06363636363636363,17.315692946763214
128,0.06818181818181818,9.198407362564192
128,0.07272727272727272,20.7193900844613
128,0.07727272727272727,9.447045364457438
128,0.08181818181818182,14.549920588231245
128,0.08636363636363636,8.763225560059247
128,0.09090909090909091,10.034810847779704
128,0.09545454545454544,12.552653254669195
128,0.09999999999999999,19.919567837081342
128,0.10454545454545454,7.851662875696076
128,0.10909090909090909,14.28314062643185
128,0.11363636363636363,27.85386315176144
128,0.11818181818181818,20.759239343558118
128,0.12272727272727273,5.9661913198792496
128,0.12727272727272726,5.978820343286928
128,0.1318181818181818,12.791110105999378
128,0.13636363636363635,20.306703110751148
128,0.1409090909090909,5.8743582469361675
128,0.14545454545454545,19.889050735451484
128,0.15,7.643436501977133
128,0.15454545454545454,10.771060044075792
128,0.1590909090909091,11.782354343170033
128,0.16363636363636364,9.90640417538691
128,0.16818181818181818,10.959118545373101
128,0.17272727272727273,5.117839063789275
128,0.17727272727272728,3.7849452389704905
128,0.18181818181818182,8.446324598933138
128,0.18636363636363634,9.952505166288653
128,0.1909090909090909,3.9805247403784443
128,0.19545454545454544,20.900866945082495
128,0.19999999999999998,14.092324414157487
128,0.20454545454545453,22.78936408357377
128,0.20909090909090908,9.84096764769886
128,0.21363636363636362,22.87743155092784
128,0.21818181818181817,10.726420518727261
128,0.22272727272727272,11.429943208280193
128,0.22727272727272727,14.207883559763543
128,0.2318181818181818,12.583178328801758
128,0.23636363636363636,12.618790116808956
128,0.2409090909090909,8.69019600061578
128,0.24545454545454545,4.277069200064522
128,0.25,21.441392968245914
128,0.2545454545454545,20.188100128904267
128,0.2590909090909091,19.010712358670315
128,0.2636363636363636,13.796983768792572
128,0.2681818181818182,3.3386360787353535
128,0.2727272727272727,3.2844030438942893
128,0.2772727272727273,12.15188909066935
128,0.2818181818181818,14.681420252542056
128,0.2863636363636364,5.4552990958803935
128,0.2909090909090909,25.386317919085823
128,0.2954545454545454,0.5719242044869143
128,0.3,8.694005053915927
128,0.3045454545454545,10.275575284825546
128,0.3090909090909091,9.130464216033738
128,0.3136363636363636,2.9724098366606215
128,0.3181818181818182,13.786107191887734
128,0.3227272727272727,35.85529945566761
128,0.32727272727272727,19.185247049331725
128,0.3318181818181818,25.229744988921414
128,0.33636363636363636,3.9463394837074763
128,0.3409090909090909,12.887008898884915
128,0.34545454545454546,11.087733137415247
128,0.35,31.51564311175405
128,0.35454545454545455,2.1327202603101663
128,0.35909090909090907,7.932139617902101
128,0.36363636363636365,1.5151654398402692
128,0.36818181818181817,14.473996368508578
128,0.3727272727272727,17.523159204124102
128,0.37727272727272726,19.588817298253364
128,0.3818181818181818,19.431697730427473
128,0.38636363636363635,17.578631767877404
128,0.3909090909090909,14.473306597303424
128,0.39545454545454545,19.13688517268579
128,0.39999999999999997,15.208526607836484
128,0.40454545454545454,8.395971795604796
128,0.40909090909090906,7.621195536210035
128,0.41363636363636364,14.134198748759712
128,0.41818181818181815,7.4441429910961405
128,0.42272727272727273,12.795675515355791
128,0.42727272727272725,7.713483539935734
128,0.4318181818181818,5.766619749633117
128,0.43636363636363634,16.502796652443624
128,0.44090909090909086,18.173659212687767
128,0.44545454545454544,3.3895207540480854
128,0.44999999999999996,12.028085106695126
128,0.45454545454545453,8.048107949189879
128,0.45909090909090905,13.972300144863492
128,0.4636363636363636,10.451664362940273
128,0.46818181818181814,7.597325342363965
128,0.4727272727272727,25.95692744641127
128,0.47727272727272724,8.596426017824488
128,0.4818181818181818,10.661473044148188
128,0.48636363636363633,9.440153833054497
128,0.4909090909090909,11.322962787839625
128,0.4954545454545454,7.211456577640796
129,0.0,1.4210854715202004e-14
129,0.005434782608695652,15.008165138472696
129,0.010869565217391304,23.237727756134653
129,0.016304347826086956,11.212284557529774
129,0.021739130434782608,7.9617808104681895
129,0.02717391304347826,12.529456315937237
129,0.03260869565217391,5.870935914032596
129,0.03804347826086957,14.87697526350627
129,0.043478260869565216,4.254593703892685
129,0.048913043478260865,5.23757904534716
129,0.05434782608695652,7.071367087037854
129,0.059782608695652176,18.113515901943074
129,0.06521739130434782,10.960470173476795
129,0.07065217391304347,4.8428711706954575
129,0.07608695652173914,10.015942308732875
129,0.08152173913043478,9.996923678668908
129,0.08695652173913043,15.996561246146033
129,0.09239130434782608,11.128341729958924
129,0.09782608695652173,15.810282932217197
129,0.10326086956521739,4.699360015706755
129,0.10869565217391304,28.999869806847894
129,0.11413043478260869,18.828371158420065
129,0.11956521739130435,20.026961286966866
129,0.125,4.343349478519947
129,0.13043478260869565,10.1240479322469
129,0.1358695652173913,2.4411106148288897
129,0.14130434782608695,15.29764742828663
129,0.1467391304347826,11.932538419896975
129,0.15217391304347827,5.334185177484511
129,0.15760869565217392,15.576029345587383
129,0.16304347826086957,7.285519953795144
129,0.16847826086956522,7.207782987621848
129,0.17391304347826086,14.261084186480408
129,0.1793478260869565,6.456230483761487
129,0.18478260869565216,10.867799499380409
129,0.1902173913043478,12.189492523830479
129,0.19565217391304346,10.105477744954946
129,0.20108695652173914,14.614248339014777
129,0.20652173913043478,11.041082802262915
129,0.21195652173913043,36.10549982331682
129,0.21739130434782608,16.42969766997406
129,0.22282608695652173,12.368570661010246
129,0.22826086956521738,6.378087006733901
129,0.23369565217391303,2.03349394143042
129,0.2391304347826087,16.24349485698733
129,0.24456521739130435,13.896941570632494
129,0.25,20.45827496369837
129,0.2554347826086956,20.463078654918384
129,0.2608695652173913,20.457720720750807
129,0.266304347826087,20.2752502743049
129,0.2717391304347826,13.975364822653729
129,0.27717391304347827,5.819736521045706
129,0.2826086956521739,8.312308278064632
129,0.28804347826086957,14.076390908190897
129,0.2934782608695652,20.9313712823138
129,0.29891304347826086,9.172616584320673
129,0.30434782608695654,10.749109971681746
129,0.30978260869565216,14.288655275765135
129,0.31521739130434784,3.170673698529348
129,0.32065217391304346,11.292204663728
129,0.32608695652173914,10.640519028718892
129,0.33152173913043476,11.306627290460924
129,0.33695652173913043,8.586733348825252
129,0.34239130434782605,10.510786966760326
129,0.34782608695652173,3.799809001190083
129,0.3532608695652174,3.693801633736053
129,0.358695652173913,15.345656010558907
129,0.3641304347826087,2.2324119217631555
129,0.3695652173913043,6.547442228241811
129,0.375,17.45517935138225
129,0.3804347826086956,16.042461719180388
129,0.3858695652173913,6.607556773416228
129,0.3913043478260869,12.30963560358509
129,0.3967391304347826,20.241320516736735
129,0.40217391304347827,17.64216343184985
129,0.4076086956521739,19.817241022971853
129,0.41304347826086957,7.435902423343278
129,0.4184782608695652,15.1712909016748
129,0.42391304347826086,2.9179867665867274
129,0.4293478260869565,14.362373173516863
129,0.43478260869565216,17.125955944545034
129,0.44021739130434784,13.72541840176775
129,0.44565217391304346,12.67334139549519
129,0.45108695652173914,16.482344151736235
129,0.45652173913043476,6.146097763852109
129,0.46195652173913043,15.545518183499908
129,0.46739130434782605,22.81891427578309
129,0.47282608695652173,10.299653265493232
129,0.4782608695652174,5.981251699952324
129,0.483695652173913,2.668996684412766
129,0.4891304347826087,7.805823435523705
129,0.4945652173913043,8.24827538702922
130,0.0,1.2434497875801753e-14
130,0.005128205128205128,11.94560043781159
130,0.010256410256410256,9.653154900011977
130,0.015384615384615385,19.79587929232757
130,0.020512820512820513,13.147279601622488
130,0.02564102564102564,7.983152152460375
130,0.03076923076923077,10.703774845489088
130,0.035897435897435895,15.21584075472822
130,0.041025641025641026,4.4003231133331395
130,0.046153846153846156,2.01350498601689
130,0.05128205128205128,5.7455114202106445
130,0.05641025641025641,6.919777226772556
130,0.06153846153846154,15.203744219548518
130,0.06666666666666667,11.658832728052266
130,0.07179487179487179,12.49111228322676
130,0.07692307692307693,12.392396530937702
130,0.08205128205128205,10.027375915660553
130,0.08717948717948718,7.015322760843686
130,0.09230769230769231,11.714348736885206
130,0.09743589743589744,14.784097624958424
130,0.10256410256410256,21.376320187517976
130,0.1076923076923077,4.577644235966075
130,0.11282051282051282,6.200961102789513
130,0.11794871794871795,15.695195353985914
130,0.12307692307692308,14.30281223035962
130,0.1282051282051282,12.449594791507625
130,0.13333333333333333,0.9368953450649943
130,0.13846153846153847,9.118606521214824
130,0.14358974358974358,12.98070996209094
130,0.14871794871794872,17.539108313200586
130,0.15384615384615385,15.847496471263565
130,0.15897435897435896,23.68730033539016
130,0.1641025641025641,10.5411983090607
130,0.16923076923076924,17.209762795114106
130,0.17435897435897435,11.311562856063896
130,0.1794871794871795,26.262229063536758
130,0.18461538461538463,10.303396745652417
130,0.18974358974358974,9.695050440803591
130,0.19487179487179487,26.127952641838302
130,0.2,9.036072477879344
130,0.20512820512820512,11.58299652846822
130,0.21025641025641026,8.972085512488755
130,0.2153846153846154,10.953420778866244
130,0.2205128205128205,0.597137440278827
130,0.22564102564102564,16.479058849399962
130,0.23076923076923078,13.218435125189929
130,0.2358974358974359,10.18701007813904
130,0.24102564102564103,9.125739715967553
130,0.24615384615384617,4.058361303682024
130,0.2512820512820513,19.880402927829245
130,0.2564102564102564,4.275605239514886
130,0.26153846153846155,9.515170444884099
130,0.26666666666666666,8.38026906355718
130,0.2717948717948718,12.96070189747746
130,0.27692307692307694,12.260219660051384
130,0.28205128205128205,4.232527040488595
130,0.28717948717948716,1.1271672864030133
130,0.2923076923076923,4.570796437406147
130,0.29743589743589743,17.910374195929013
130,0.30256410256410254,20.578499692913557
130,0.3076923076923077,3.7362741642089867
130,0.3128205128205128,18.167857988785748
130,0.31794871794871793,2.7510374958057016
130,0.3230769230769231,21.85331155275696
130,0.3282051282051282,20.708095715410856
130,0.3333333333333333,23.67325210232725
130,0.3384615384615385,6.301236040288517
130,0.3435897435897436,18.59753346441763
130,0.3487179487179487,13.491485305754583
130,0.35384615384615387,9.232498908241448
130,0.358974358974359,6.573602030934302
130,0.3641025641025641,14.500780699805713
130,0.36923076923076925,24.871915845488147
130,0.37435897435897436,14.504976501647965
130,0.37948717948717947,13.856747096032434
130,0.38461538461538464,25.481046032211736
130,0.38974358974358975,8.52145328013679
130,0.39487179487179486,24.515320529741356
130,0.4,22.426667885836505
130,0.40512820512820513,9.05642753015373
130,0.41025641025641024,11.934371230574975
130,0.4153846153846154,3.7168508455335885
130,0.4205128205128205,17.422938755945456
130,0.4256410256410256,8.064466440462661
130,0.4307692307692308,7.988250136497649
130,0.4358974358974359,12.789215258229719
130,0.441025641025641,14.22582979328691
130,0.4461538461538462,16.537017494260287
130,0.4512820512820513,20.242829951207025
130,0.4564102564102564,1.5860612242738028
130,0.46153846153846156,18.038273582714787
130,0.4666666666666667,28.1632775742145
130,0.4717948717948718,4.997644656622356
130,0.47692307692307695,9.352633119580087
130,0.48205128205128206,6.315352259142883
130,0.48717948717948717,12.19676445866641
130,0.49230769230769234,3.9443067814439656
130,0.49743589743589745,20.989590245364635
131,0.0,1.2434497875801753e-14
131,0.0048543689320388345,34.912208686616424
131,0.009708737864077669,11.72106416374434
131,0.014563106796116504,23.507976831220894
131,0.019417475728155338,8.852570626215337
131,0.02427184466019417,5.567810570737941
131,0.029126213592233007,3.9673861930142778
131,0.03398058252427184,7.766452131904403
131,0.038834951456310676,17.37725651247518
131,0.04368932038834951,23.999199487995448
131,0.04854368932038834,12.431983399561485
131,0.05339805825242718,19.03970511395947
131,0.058252427184466014,29.657049138826096
131,0.06310679611650485,12.282277055120863
131,0.06796116504854369,16.177205648922314
131,0.07281553398058252,9.409220817154903
131,0.07766990291262135,28.005766409434084
131,0.08252427184466019,7.517743437467365
131,0.08737864077669902,0.9326733538664529
131,0.09223300970873785,10.898539319414168
131,0.09708737864077668,6.429987350414137
131,0.10194174757281553,19.142034869865473
131,0.10679611650485436,8.463120735021208
131,0.1116504854368932,6.432346946247782
131,0.11650485436893203,18.51922257329734
131,0.12135922330097086,21.581473792096084
131,0.1262135922330097,11.806649535472184
131,0.13106796116504854,13.103110825273106
131,0.13592233009708737,6.204884694973657
131,0.1407766990291262,15.634677596541703
131,0.14563106796116504,11.636360574501415
131,0.15048543689320387,8.286951659265188
131,0.1553398058252427,10.650303553163923
131,0.16019417475728154,4.316092605608612
131,0.16504854368932037,7.977403642182063
131,0.1699029126213592,10.446111107226498
131,0.17475728155339804,14.58188250664098
131,0.17961165048543687,17.988184043196387
131,0.1844660194174757,3.7568682679467376
131,0.18932038834951453,7.325723636507369
131,0.19417475728155337,7.7934980507635325
131,0.19902912621359223,6.7753595915830935
131,0.20388349514563106,5.160415381728936
131,0.2087378640776699,11.616377043829832
131,0.21359223300970873,12.003266705962652
131,0.21844660194174756,7.204722952288518
131,0.2233009708737864,23.2232384607899
131,0.22815533980582522,20.26161343638692
131,0.23300970873786406,12.656205317155418
131,0.2378640776699029,11.502610840222324
131,0.24271844660194172,25.4269726417348
131,0.24757281553398056,15.36826765903611
131,0.2524271844660194,4.844307251438047
131,0.25728155339805825,3.3022454479398835
131,0.2621359223300971,9.711298348554578
131,0.2669902912621359,12.205735081866086
131,0.27184466019417475,18.486496810171726
131,0.2766990291262136,17.886376972937676
131,0.2815533980582524,17.231667334738024
131,0.28640776699029125,19.951504841148566
131,0.2912621359223301,11.771813046538849
131,0.2961165048543689,19.07391492194634
131,0.30097087378640774,4.34827810741961
131,0.3058252427184466,14.673177099138607
131,0.3106796116504854,27.040138662325617
131,0.31553398058252424,8.77043109348963
131,0.3203883495145631,11.160221453183432
131,0.3252427184466019,9.70577425810345
131,0.33009708737864074,9.752880164853885
131,0.3349514563106796,8.246094815472977
131,0.3398058252427184,12.704126491889012
131,0.34466019417475724,6.35393238229664
131,0.3495145631067961,7.657614750226904
131,0.3543689320388349,1.9158702156388059
131,0.35922330097087374,0.4302587853844612
131,0.36407766990291257,3.965996624798017
131,0.3689320388349514,10.436325588439965
131,0.37378640776699024,11.247418304000687
131,0.37864077669902907,8.921781322960427
131,0.3834951456310679,16.84402858644694
131,0.38834951456310673,4.359972764871499
131,0.3932038834951456,15.112453916466315
131,0.39805825242718446,15.768046989538691
131,0.4029126213592233,4.7319857287196285
131,0.4077669902912621,13.261388434344196
131,0.41262135922330095,17.130068207463104
131,0.4174757281553398,16.466991507411986
131,0.4223300970873786,28.040208147211036
131,0.42718446601941745,3.8453598930780317
131,0.4320388349514563,13.02488927110408
131,0.4368932038834951,16.470166857372824
131,0.44174757281553395,27.22246721016106
131,0.4466019417475728,9.508150276039089
131,0.4514563106796116,15.788612348104945
131,0.45631067961165045,11.50112137961718
131,0.4611650485436893,13.068792149171685
131,0.4660194174757281,9.19331134201772
131,0.47087378640776695,8.089350771098204
131,0.4757281553398058,15.202614250670525
131,0.4805825242718446,14.215541735306411
131,0.48543689320388345,16.15559578983717
131,0.4902912621359223,20.1904825751245
131,0.4951456310679611,11.529172555626113
132,0.0,5.329070518200751e-15
132,0.0064516129032258064,7.161127192417394
132,0.012903225806451613,11.883429022455855
132,0.01935483870967742,13.183147397417036
132,0.025806451612903226,5.149318954336478
132,0.03225806451612903,8.891521413910494
132,0.03870967741935484,4.150798395593999
132,0.04516129032258064,7.988938574052149
132,0.05161290322580645,3.6373132166887867
132,0.05806451612903226,7.913538031709216
132,0.06451612903225806,11.072105773538818
132,0.07096774193548387,15.37103630315203
132,0.07741935483870968,12.503083543438352
132,0.08387096774193549,6.6205553780123125
132,0.09032258064516129,10.492551683002407
132,0.0967741935483871,12.233005519535412
132,0.1032258064516129,5.0235230792726915
132,0.10967741935483871,13.436342747069219
132,0.11612903225806452,7.294726005477121
132,0.12258064516129032,2.788333623649515
132,0.12903225806451613,6.024536940733154
132,0.13548387096774195,12.43552500946746
132,0.14193548387096774,8.35557215835377
132,0.14838709677419354,12.021150614402027
132,0.15483870967741936,15.754425684703559
132,0.16129032258064516,4.2162331927791294
132,0.16774193548387098,2.9538199148482427
132,0.17419354838709677,5.8614579715297195
132,0.18064516129032257,7.963229549745235
132,0.1870967741935484,10.674368626917001
132,0.1935483870967742,8.685354837657508
132,0.2,3.698680391196032
132,0.2064516129032258,5.819276947610282
132,0.2129032258064516,18.513976788990046
132,0.21935483870967742,10.751312448003345
132,0.22580645161290322,13.911600979367991
132,0.23225806451612904,6.049494216807849
132,0.23870967741935484,16.151543328724596
132,0.24516129032258063,4.645783942912646
132,0.25161290322580643,13.328903435573752
132,0.25806451612903225,10.567483683871549
132,0.2645161290322581,13.255332758904721
132,0.2709677419354839,14.226004560189697
132,0.27741935483870966,27.745695073142805
132,0.2838709677419355,12.419633248793513
132,0.2903225806451613,22.968373296709974
132,0.2967741935483871,20.151826089236067
132,0.3032258064516129,12.301759023691272
132,0.3096774193548387,15.193908140554058
132,0.3161290322580645,2.1276565974183037
132,0.3225806451612903,2.480794090334871
132,0.32903225806451614,5.260032549707747
132,0.33548387096774196,7.895142267431669
132,0.3419354838709677,21.638821475389356
132,0.34838709677419355,9.82131201290459
132,0.3548387096774194,7.782152739733408
132,0.36129032258064514,8.22846868589668
132,0.36774193548387096,4.95017545173605
132,0.3741935483870968,3.3811138153422693
132,0.38064516129032255,6.256284038996901
132,0.3870967741935484,10.108573839959254
132,0.3935483870967742,17.99900567946833
132,0.4,7.480823576503731
132,0.4064516129032258,6.244610910511613
132,0.4129032258064516,19.70185609682793
132,0.41935483870967744,21.08856308537337
132,0.4258064516129032,10.955643513969124
132,0.432258064516129,22.569778068159575
132,0.43870967741935485,23.175691775460557
132,0.44516129032258067,17.758267129319016
132,0.45161290322580644,12.92965618495419
132,0.45806451612903226,20.431409075572386
132,0.4645161290322581,15.345176824651713
132,0.47096774193548385,24.746205889975027
132,0.4774193548387097,12.385819650703908
132,0.4838709677419355,9.000935551993742
132,0.49032258064516127,1.8380822723188797
132,0.4967741935483871,5.513821424106436
133,0.0,3.375077994860476e-14
133,0.004464285714285714,15.742943356204334
133,0.008928571428571428,9.660276532434521
133,0.013392857142857142,13.633437639446768
133,0.017857142857142856,9.554908075214428
133,0.02232142857142857,17.182363797485166
133,0.026785714285714284,6.469577696517548
133,0.03125,15.35312733710447
133,0.03571428571428571,8.709660442578192
133,0.040178571428571425,11.499724577795202
133,0.04464285714285714,13.07221851750669
133,0.049107142857142856,10.432591911527714
133,0.05357142857142857,7.448840470959523
133,0.05803571428571428,9.318788516911136
133,0.0625,15.73652364560286
133,0.06696428571428571,5.97668210124985
133,0.07142857142857142,10.292928848451877
133,0.07589285714285714,14.22851265404454
133,0.08035714285714285,14.813457624756046
133,0.08482142857142856,9.627082631888886
133,0.08928571428571427,20.151459733375038
133,0.09375,14.149057790690858
133,0.09821428571428571,9.057511775547823
133,0.10267857142857142,14.224225963203267
133,0.10714285714285714,17.888759830084226
133,0.11160714285714285,4.899710007038523
133,0.11607142857142856,16.571304321652082
133,0.12053571428571427,2.8870371047211214
133,0.125,12.862026579497769
133,0.1294642857142857,4.025099777772656
133,0.13392857142857142,8.790260737795569
133,0.13839285714285712,14.227123499969064
133,0.14285714285714285,15.274358257356822
133,0.14732142857142858,15.643321506721243
133,0.15178571428571427,14.768482599430556
133,0.15625,6.4167950036702734
133,0.1607142857142857,21.5872727550279
133,0.16517857142857142,8.529925715606526
133,0.16964285714285712,13.011219445401975
133,0.17410714285714285,9.491034604189018
133,0.17857142857142855,19.229037348717945
133,0.18303571428571427,8.2167665452422
133,0.1875,12.234001477242023
133,0.1919642857142857,9.481054032242335
133,0.19642857142857142,25.613296386674016
133,0.20089285714285712,18.730089579358594
133,0.20535714285714285,5.799122543903058
133,0.20982142857142855,4.647802512737369
133,0.21428571428571427,16.360789439358904
133,0.21875,11.75265514024262
133,0.2232142857142857,15.943676228115825
133,0.22767857142857142,8.548248037173343
133,0.23214285714285712,7.3533027865626055
133,0.23660714285714285,11.041692424768044
133,0.24107142857142855,4.49510080419692
133,0.24553571428571427,25.871496033759385
133,0.25,12.210620724541746
133,0.2544642857142857,8.355772580832381
133,0.2589285714285714,20.24829284246262
133,0.26339285714285715,15.881101292640947
133,0.26785714285714285,9.817975557635554
133,0.27232142857142855,7.9088348441708245
133,0.27678571428571425,17.85000869246003
133,0.28125,14.061139164472522
133,0.2857142857142857,10.971608316704774
133,0.2901785714285714,22.82245209794875
133,0.29464285714285715,24.977718620520296
133,0.29910714285714285,14.607915088031897
133,0.30357142857142855,6.9372441083818375
133,0.30803571428571425,34.58623078379967
133,0.3125,24.19569612168613
133,0.3169642857142857,14.995665660664946
133,0.3214285714285714,16.809160317395367
133,0.32589285714285715,5.313684926485657
133,0.33035714285714285,18.663061534607866
133,0.33482142857142855,7.887947969538244
133,0.33928571428571425,6.2543032269175125
133,0.34375,13.955844432849332
133,0.3482142857142857,16.835247829875783
133,0.3526785714285714,40.41914006623465
133,0.3571428571428571,5.080492072198507
133,0.36160714285714285,20.7512804058635
133,0.36607142857142855,4.234215419933768
133,0.37053571428571425,23.07176634281931
133,0.375,22.975946464827196
133,0.3794642857142857,28.38945670088461
133,0.3839285714285714,9.702487494692914
133,0.3883928571428571,21.197207214923814
133,0.39285714285714285,7.5922431975821905
133,0.39732142857142855,0.7888955904204547
133,0.40178571428571425,20.911518463565923
133,0.40625,5.045398489259226
133,0.4107142857142857,14.081959503491317
133,0.4151785714285714,6.33144758261331
133,0.4196428571428571,9.828056032743456
133,0.42410714285714285,12.866828482327335
133,0.42857142857142855,14.92843195457416
133,0.43303571428571425,15.257993738357495
133,0.4375,16.96513884264447
133,0.4419642857142857,11.963563697139504
133,0.4464285714285714,11.82591808114129
133,0.4508928571428571,4.597428643917879
133,0.45535714285714285,13.68311463594204
133,0.45982142857142855,5.845500834929497
133,0.46428571428571425,21.259313525528277
133,0.46875,10.020768810444567
133,0.4732142857142857,22.72231320976503
133,0.4776785714285714,7.671958852713534
133,0.4821428571428571,10.398720515187076
133,0.48660714285714285,16.660565735590477
133,0.49107142857142855,16.976750226009024
133,0.49553571428571425,22.191482319574096
134,0.0,4.440892098500626e-16
134,0.006172839506172839,11.018764135048011
134,0.012345679012345678,16.74251017789263
134,0.018518518518518517,16.54254723625976
134,0.024691358024691357,7.03572739278085
134,0.030864197530864196,8.441285029373
134,0.037037037037037035,16.72548114947944
134,0.043209876543209874,5.487844394886648
134,0.04938271604938271,5.428904097518959
134,0.05555555555555555,6.4406873994932905
134,0.06172839506172839,11.52796021641878
134,0.06790123456790123,14.763584924509741
134,0.07407407407407407,5.593727775078011
134,0.08024691358024691,10.48150796128751
134,0.08641975308641975,13.628397143636064
134,0.09259259259259259,23.23632193886227
134,0.09876543209876543,15.32811908363198
134,0.10493827160493827,7.746958245199396
134,0.1111111111111111,7.2545922368646885
134,0.11728395061728394,15.413001897110401
134,0.12345679012345678,2.9402356708533537
134,0.12962962962962962,3.381644310524644
134,0.13580246913580246,8.7242831829212
134,0.1419753086419753,17.78399956287827
134,0.14814814814814814,3.517129056003866
134,0.15432098765432098,12.650724908406907
134,0.16049382716049382,17.646919416144215
134,0.16666666666666666,18.74128145020542
134,0.1728395061728395,8.182961772771371
134,0.17901234567901234,15.61273745389677
134,0.18518518518518517,4.623875076015112
134,0.19135802469135801,13.374066127966776
134,0.19753086419753085,18.20408696242917
134,0.2037037037037037,6.945583490655642
134,0.20987654320987653,6.720640176477207
134,0.21604938271604937,16.22391544951088
134,0.2222222222222222,10.383047515191546
134,0.22839506172839505,5.688024676042641
134,0.2345679012345679,13.07932075345417
134,0.24074074074074073,13.378017072139198
134,0.24691358024691357,3.775672927961722
134,0.25308641975308643,11.07459825095714
134,0.25925925925925924,3.1512766577232223
134,0.26543209876543206,7.111705414277511
134,0.2716049382716049,7.438347301574373
134,0.2777777777777778,10.56396794712762
134,0.2839506172839506,2.074955279260942
134,0.2901234567901234,13.226427059451535
134,0.2962962962962963,6.566670409320112
134,0.30246913580246915,21.1364187981101
134,0.30864197530864196,4.281868236752773
134,0.31481481481481477,12.188102377207414
134,0.32098765432098764,4.9439226618436924
134,0.3271604938271605,23.940876488688147
134,0.3333333333333333,9.471805494737293
134,0.3395061728395061,19.202910191274476
134,0.345679012345679,6.8485103961789005
134,0.35185185185185186,8.284577963245091
134,0.35802469135802467,6.377718026503676
134,0.3641975308641975,10.880982576401895
134,0.37037037037037035,9.568324595748386
134,0.3765432098765432,20.11685561386008
134,0.38271604938271603,17.825856209023776
134,0.38888888888888884,10.774676952458076
134,0.3950617283950617,8.181595220899379
134,0.4012345679012346,16.610693303181304
134,0.4074074074074074,16.894479607812087
134,0.4135802469135802,25.342202481094883
134,0.41975308641975306,4.583459906290516
134,0.42592592592592593,13.725945328997216
134,0.43209876543209874,9.998781688907519
134,0.43827160493827155,13.666385699011252
134,0.4444444444444444,3.7124981786154043
134,0.4506172839506173,26.047554043914417
134,0.4567901234567901,9.778725510462614
134,0.4629629629629629,22.33386898166197
134,0.4691358024691358,21.201262038522735
134,0.47530864197530864,6.237390267692672
134,0.48148148148148145,4.899998544316023
134,0.48765432098765427,11.31471916805505
134,0.49382716049382713,5.956142172725535
135,0.0,6.88338275267597e-14
135,0.004901960784313725,10.275836886146543
135,0.00980392156862745,2.660633473097058
135,0.014705882352941176,12.124036893985396
135,0.0196078431372549,13.849885663207013
135,0.024509803921568627,12.523998358298865
135,0.029411764705882353,4.70920190054144
135,0.03431372549019608,12.702889783332772
135,0.0392156862745098,11.850897229708313
135,0.044117647058823525,12.117578684827759
135,0.049019607843137254,13.328853215200732
135,0.05392156862745098,5.698346783771286
135,0.058823529411764705,12.053597188154008
135,0.06372549019607843,18.777619492238635
135,0.06862745098039216,13.655274716960095
135,0.07352941176470588,12.305947476660783
135,0.0784313725490196,11.14673485741056
135,0.08333333333333333,11.777776389889036
135,0.08823529411764705,7.783129287569074
135,0.09313725490196079,20.089445612183003
135,0.09803921568627451,2.5973147768069755
135,0.10294117647058823,25.129196896695237
135,0.10784313725490197,5.516954675325339
135,0.11274509803921569,5.238169384722886
135,0.11764705882352941,18.550342169511644
135,0.12254901960784313,18.41224160077102
135,0.12745098039215685,9.18166669911422
135,0.1323529411764706,11.138751528664347
135,0.13725490196078433,18.918021223859682
135,0.14215686274509803,13.59032454894366
135,0.14705882352941177,14.208611116929958
135,0.15196078431372548,14.188235058110084
135,0.1568627450980392,21.90448122007645
135,0.16176470588235295,19.763719611361065
135,0.16666666666666666,21.27673845887921
135,0.1715686274509804,6.491563423195673
135,0.1764705882352941,10.959019043550732
135,0.18137254901960784,4.912756736061735
135,0.18627450980392157,3.356688953797466
135,0.19117647058823528,7.468891031435054
135,0.19607843137254902,9.18135257669987
135,0.20098039215686275,8.810984499156879
135,0.20588235294117646,19.43818129246801
135,0.2107843137254902,16.295004571101938
135,0.21568627450980393,3.888611739679433
135,0.22058823529411764,12.455053767136764
135,0.22549019607843138,9.56791466055286
135,0.23039215686274508,7.299182973856602
135,0.23529411764705882,8.579043652795427
135,0.24019607843137256,12.114331123174685
135,0.24509803921568626,5.492152075760923
135,0.25,9.102596696358237
135,0.2549019607843137,12.467286778481487
135,0.25980392156862747,21.12479892775923
135,0.2647058823529412,9.865094013607667
135,0.2696078431372549,11.90772790148005
135,0.27450980392156865,13.384530497574922
135,0.27941176470588236,11.174452842256038
135,0.28431372549019607,13.696810263846633
135,0.2892156862745098,9.315238537597917
135,0.29411764705882354,10.264744519773487
135,0.29901960784313725,10.00147789946271
135,0.30392156862745096,8.100014010465221
135,0.3088235294117647,3.486271469960636
135,0.3137254901960784,21.120669104167956
135,0.31862745098039214,23.552321062964694
135,0.3235294117647059,11.143834519146926
135,0.3284313725490196,5.748882659599859
135,0.3333333333333333,4.644201968623598
135,0.3382352941176471,17.979105630414654
135,0.3431372549019608,14.423086062739234
135,0.3480392156862745,11.89463836337419
135,0.3529411764705882,17.27763677687739
135,0.35784313725490197,14.118925416918563
135,0.3627450980392157,19.394860225574785
135,0.3676470588235294,13.753784928102906
135,0.37254901960784315,4.813644696536248
135,0.37745098039215685,25.21269798718052
135,0.38235294117647056,18.294886940443064
135,0.3872549019607843,21.287225082269625
135,0.39215686274509803,11.216894921370793
135,0.39705882352941174,17.21800453983123
135,0.4019607843137255,12.348064744491582
135,0.4068627450980392,27.738443142779975
135,0.4117647058823529,11.796383978104702
135,0.4166666666666667,6.797294261278008
135,0.4215686274509804,16.17620947910162
135,0.4264705882352941,19.02108648715401
135,0.43137254901960786,7.460988307854421
135,0.4362745098039216,13.877330896306487
135,0.4411764705882353,7.058873456464203
135,0.446078431372549,24.385571685247868
135,0.45098039215686275,24.921286507525352
135,0.45588235294117646,20.44275222863727
135,0.46078431372549017,15.738681645545832
135,0.46568627450980393,12.008693473473087
135,0.47058823529411764,11.320999833972799
135,0.47549019607843135,6.8260937550412715
135,0.4803921568627451,35.842947876589214
135,0.4852941176470588,2.383539021134917
135,0.49019607843137253,15.35125732483837
135,0.4950980392156863,11.246497677920244
136,0.0,8.881784197001252e-16
136,0.0053475935828877,12.143871751094862
136,0.0106951871657754,24.362347783746205
136,0.0160427807486631,8.494723589622238
136,0.0213903743315508,3.982614521642567
136,0.026737967914438502,4.915349084848621
136,0.0320855614973262,9.596894268452296
136,0.0374331550802139,7.540108287370558
136,0.0427807486631016,4.42581483668797
136,0.0481283422459893,19.145170911342454
136,0.053475935828877004,11.389421774453705
136,0.058823529411764705,16.14320656164084
136,0.0641711229946524,6.408307209687914
136,0.06951871657754011,7.714314564488852
136,0.0748663101604278,2.4250282039506645
136,0.08021390374331551,7.8303899110967725
136,0.0855614973262032,2.8164779288900683
136,0.0909090909090909,15.835731842155008
136,0.0962566844919786,13.038861259490158
136,0.1016042780748663,5.774114736617315
136,0.10695187165775401,20.41497515233862
136,0.1122994652406417,14.719875499210351
136,0.11764705882352941,3.6097402739328044
136,0.1229946524064171,7.096992511543325
136,0.1283422459893048,9.33223163687564
136,0.1336898395721925,15.370551019255178
136,0.13903743315508021,13.83055089793664
136,0.1443850267379679,6.078567939006692
136,0.1497326203208556,16.484938032309433
136,0.1550802139037433,6.276157680637309
136,0.16042780748663102,10.097506027532145
136,0.1657754010695187,14.37151838205165
136,0.1711229946524064,18.664093048194342
136,0.1764705882352941,2.6030288046305268
136,0.1818181818181818,4.7526026659008656
136,0.18716577540106952,5.019048438230926
136,0.1925133689839572,18.931032694419738
136,0.1978609625668449,5.097840211681746
136,0.2032085561497326,7.960517220035169
136,0.20855614973262032,13.88606276161497
136,0.21390374331550802,10.20600095592186
136,0.2192513368983957,5.868797097772072
136,0.2245989304812834,14.251233238561156
136,0.2299465240641711,21.574119691102073
136,0.23529411764705882,25.235555507055395
136,0.24064171122994651,7.392122446049307
136,0.2459893048128342,30.53936493518438
136,0.25133689839572193,9.800374875681777
136,0.2566844919786096,21.691088649398946
136,0.2620320855614973,12.469594912641666
136,0.267379679144385,4.768239096223983
136,0.2727272727272727,24.39296385090735
136,0.27807486631016043,8.879804070439398
136,0.2834224598930481,8.5458721150093
136,0.2887700534759358,8.781599301285564
136,0.29411764705882354,35.22013098465322
136,0.2994652406417112,25.26838948390874
136,0.3048128342245989,19.722574458151463
136,0.3101604278074866,12.425141208285053
136,0.3155080213903743,27.10787969793211
136,0.32085561497326204,12.358477645341235
136,0.3262032085561497,5.8981484824240304
136,0.3315508021390374,10.835251967774502
136,0.3368983957219251,9.295683928791712
136,0.3422459893048128,2.892286276025969
136,0.34759358288770054,9.691461468197401
136,0.3529411764705882,12.719912683619759
136,0.3582887700534759,10.11476704315364
136,0.3636363636363636,7.556923410697704
136,0.3689839572192513,14.310520854852058
136,0.37433155080213903,6.215468894474746
136,0.3796791443850267,11.23226153681117
136,0.3850267379679144,9.147820766575078
136,0.3903743315508021,12.236792672200563
136,0.3957219251336898,7.26850047375376
136,0.40106951871657753,13.153171111380244
136,0.4064171122994652,13.725453306493641
136,0.4117647058823529,9.342792122115938
136,0.41711229946524064,17.37839564744439
136,0.4224598930481283,11.17931551989377
136,0.42780748663101603,20.645395400794555
136,0.4331550802139037,3.837964076751284
136,0.4385026737967914,8.12488770699416
136,0.44385026737967914,12.750761433811244
136,0.4491978609625668,6.829835073808789
136,0.45454545454545453,9.796512243846834
136,0.4598930481283422,12.18731291609811
136,0.4652406417112299,12.400137731476313
136,0.47058823529411764,21.023388553654666
136,0.4759358288770053,8.130218864012958
136,0.48128342245989303,25.27111755378478
136,0.4866310160427807,9.27149836976678
136,0.4919786096256684,9.082639149949772
136,0.49732620320855614,15.210231977415283
137,0.0,3.108624468950438e-14
137,0.005376344086021506,16.19809714959452
137,0.010752688172043012,11.379649566737015
137,0.016129032258064516,17.9306916047688
137,0.021505376344086023,11.080647698754579
137,0.02688172043010753,12.649722974171928
137,0.03225806451612903,10.999601570850706
137,0.03763440860215054,10.2169681184665
137,0.043010752688172046,10.200028136459768
137,0.048387096774193554,6.41712391445464
137,0.05376344086021506,4.912521738882285
137,0.05913978494623656,2.7177217044561197
137,0.06451612903225806,9.301215752207042
137,0.06989247311827958,11.700067496047275
137,0.07526881720430108,6.609651523010959
137,0.08064516129032259,10.703786774530938
137,0.08602150537634409,4.458390949302394
137,0.0913978494623656,12.901822498165632
137,0.09677419354838711,18.864997833667587
137,0.10215053763440861,9.345396996964958
137,0.10752688172043012,9.188443269092424
137,0.11290322580645162,11.053790397739613
137,0.11827956989247312,13.987679972947735
137,0.12365591397849464,10.271084783167455
137,0.12903225806451613,15.709872133334942
137,0.13440860215053765,14.108086199300383
137,0.13978494623655915,4.600591120097176
137,0.14516129032258066,5.71308741609757
137,0.15053763440860216,5.133201587253202
137,0.15591397849462366,11.645846921061926
137,0.16129032258064518,8.144855447082831
137,0.16666666666666669,6.410390648526881
137,0.17204301075268819,9.330122292702775
137,0.1774193548387097,19.739026926947687
137,0.1827956989247312,24.196626060630994
137,0.18817204301075272,14.46764903033177
137,0.19354838709677422,4.211641034149108
137,0.19892473118279572,15.000849084398443
137,0.20430107526881722,4.143674535108872
137,0.20967741935483872,4.869838331596319
137,0.21505376344086025,1.4183011995087003
137,0.22043010752688175,6.584876823388604
137,0.22580645161290325,11.731223933436384
137,0.23118279569892475,7.698216477048095
137,0.23655913978494625,17.20190678381796
137,0.24193548387096775,14.40440302030096
137,0.24731182795698928,7.284592520243029
137,0.25268817204301075,10.386191430413731
137,0.25806451612903225,15.183819075463136
137,0.2634408602150538,11.216131075849155
137,0.2688172043010753,35.219508960420306
137,0.2741935483870968,18.977018399947422
137,0.2795698924731183,7.877800667112912
137,0.2849462365591398,16.166437001737354
137,0.2903225806451613,14.035339200381708
137,0.2956989247311828,4.713350774242245
137,0.3010752688172043,7.346560163463321
137,0.3064516129032258,10.521444251969907
137,0.3118279569892473,20.79692024110184
137,0.31720430107526887,9.404787124631744
137,0.32258064516129037,11.16903259678378
137,0.32795698924731187,25.811731508923195
137,0.33333333333333337,32.400254346888346
137,0.33870967741935487,5.885515419484905
137,0.34408602150537637,15.764576083821874
137,0.34946236559139787,24.299762295229684
137,0.3548387096774194,12.437719218910551
137,0.3602150537634409,7.9987561796046815
137,0.3655913978494624,9.74613256003846
137,0.3709677419354839,12.201699945938545
137,0.37634408602150543,7.363392060846397
137,0.38172043010752693,12.398410269467284
137,0.38709677419354843,15.087062948367766
137,0.39247311827956993,19.04043600096365
137,0.39784946236559143,10.475510647561274
137,0.40322580645161293,19.347626881079606
137,0.40860215053763443,11.408121862727862
137,0.41397849462365593,14.736531544634797
137,0.41935483870967744,16.72548547340937
137,0.42473118279569894,10.121518110594716
137,0.4301075268817205,11.065494156070361
137,0.435483870967742,19.84724733676683
137,0.4408602150537635,5.416645812833334
137,0.446236559139785,7.152158690388468
137,0.4516129032258065,22.488749441686345
137,0.456989247311828,18.09910763373501
137,0.4623655913978495,8.827519812958931
137,0.467741935483871,7.478503761367626
137,0.4731182795698925,7.653639883283692
137,0.478494623655914,12.365133056427206
137,0.4838709677419355,23.52213859945281
137,0.48924731182795705,5.612573225573055
137,0.49462365591397855,20.387061232302674
138,0.0,2.2648549702353193e-14
138,0.004739336492890996,30.84352263388683
138,0.009478672985781991,15.738981454398077
138,0.014218009478672987,14.62392715833361
138,0.018957345971563982,3.1784867899966374
138,0.023696682464454978,17.73432499490323
138,0.028436018957345974,7.823310613479013
138,0.03317535545023697,10.574360393313242
138,0.037914691943127965,6.0998543387163595
138,0.04265402843601896,1.3620746677671467
138,0.047393364928909956,13.307962797039693
138,0.05213270142180095,12.300493762751746
138,0.05687203791469195,5.096160954539431
138,0.06161137440758294,7.827496987425755
138,0.06635071090047394,3.8103985489378824
138,0.07109004739336494,9.218952265675103
138,0.07582938388625593,7.828900939548946
138,0.08056872037914692,4.747669396121585
138,0.08530805687203792,11.52487343210744
138,0.09004739336492892,23.207192433304886
138,0.09478672985781991,10.406705950837242
138,0.0995260663507109,11.368866474172675
138,0.1042654028436019,4.735624877717752
138,0.1090047393364929,16.01833822021858
138,0.1137440758293839,7.831475426053994
138,0.11848341232227488,15.887964562454396
138,0.12322274881516589,16.685064188689655
138,0.1279620853080569,16.744618644124944
138,0.13270142180094788,14.520789459402147
138,0.13744075829383887,17.501703812371076
138,0.14218009478672988,5.314883058348417
138,0.14691943127962087,6.0721648832341035
138,0.15165876777251186,13.376000765755647
138,0.15639810426540285,7.804869668913934
138,0.16113744075829384,13.347460775650838
138,0.16587677725118485,8.172631641508145
138,0.17061611374407584,10.147912170856385
138,0.17535545023696683,17.341134659706647
138,0.18009478672985785,24.219511634855
138,0.18483412322274884,1.1428745312932325
138,0.18957345971563982,15.27457033586101
138,0.1943127962085308,17.34340471325851
138,0.1990521327014218,15.213932187049766
138,0.20379146919431282,33.16750356462706
138,0.2085308056872038,14.741644180698625
138,0.2132701421800948,5.412495756860479
138,0.2180094786729858,32.64354417905556
138,0.2227488151658768,8.248163758439295
138,0.2274881516587678,7.6113857145499075
138,0.23222748815165878,8.893068449184717
138,0.23696682464454977,4.8849058337104765
138,0.24170616113744078,16.93158640547604
138,0.24644549763033177,18.383942351932667
138,0.2511848341232228,10.641846379495977
138,0.2559241706161138,7.2169688574707385
138,0.26066350710900477,14.318040957747803
138,0.26540284360189575,15.669320866314571
138,0.27014218009478674,9.703150653067723
138,0.27488151658767773,19.430049091987314
138,0.2796208530805687,12.227275118434672
138,0.28436018957345977,27.575789987252058
138,0.28909952606635075,12.341501816693771
138,0.29383886255924174,6.6364484339966925
138,0.29857819905213273,10.01708703914675
138,0.3033175355450237,13.761049378885573
138,0.3080568720379147,2.514203855444995
138,0.3127962085308057,1.571110672336414
138,0.3175355450236967,7.521372958488748
138,0.3222748815165877,16.0022129021179
138,0.3270142180094787,6.315295149886161
138,0.3317535545023697,8.648266994634511
138,0.3364928909952607,6.4621495556601705
138,0.3412322274881517,17.933608714227233
138,0.3459715639810427,3.783543087424254
138,0.35071090047393366,26.12637052658276
138,0.35545023696682465,12.336578115661617
138,0.3601895734597157,17.933256786069016
138,0.3649289099526067,14.922282267950283
138,0.3696682464454977,16.683355518206326
138,0.37440758293838866,6.793454881353925
138,0.37914691943127965,12.222489294426467
138,0.38388625592417064,25.003858985258333
138,0.3886255924170616,7.945185832419329
138,0.3933649289099526,8.466685708586462
138,0.3981042654028436,9.139470864469352
138,0.40284360189573465,29.603740149125862
138,0.40758293838862564,6.540444998216647
138,0.4123222748815166,21.00145563696688
138,0.4170616113744076,2.4286131278923997
138,0.4218009478672986,10.527994109268207
138,0.4265402843601896,16.034719773380523
138,0.4312796208530806,19.0431860173824
138,0.4360189573459716,17.730821993548236
138,0.4407582938388626,30.698570721697923
138,0.4454976303317536,8.41830363554998
138,0.4502369668246446,6.578807597437633
138,0.4549763033175356,11.615158576685253
138,0.45971563981042657,11.733065304105658
138,0.46445497630331756,26.773406722609906
138,0.46919431279620855,9.348793652104655
138,0.47393364928909953,7.967562706081189
138,0.4786729857819906,22.00324596200721
138,0.48341232227488157,8.329777156900157
138,0.48815165876777256,3.798148418153943
138,0.49289099526066354,10.724134806763365
138,0.49763033175355453,16.633205788983727
139,0.0,3.552713678800501e-15
139,0.0058823529411764705,11.593305254102795
139,0.011764705882352941,2.845410061051855
139,0.01764705882352941,16.070076199764245
139,0.023529411764705882,11.178184570849778
139,0.029411764705882353,13.712797270728881
139,0.03529411764705882,7.042468876127128
139,0.041176470588235294,6.3502932323259165
139,0.047058823529411764,13.02898879577076
139,0.052941176470588235,4.398913274939886
139,0.058823529411764705,11.296848045653233
139,0.06470588235294117,22.766861622808662
139,0.07058823529411765,13.844616003823205
139,0.07647058823529412,19.962225278063478
139,0.08235294117647059,4.076320457918967
139,0.08823529411764705,3.6579077566221336
139,0.09411764705882353,11.813440060015642
139,0.1,9.483165784414043
139,0.10588235294117647,9.56207020463521
139,0.11176470588235293,19.09985839014104
139,0.11764705882352941,4.531554027582068
139,0.12352941176470589,14.998590921974895
139,0.12941176470588234,5.954570703330355
139,0.13529411764705881,18.497092056371116
139,0.1411764705882353,26.112444411416107
139,0.14705882352941177,16.048483237095923
139,0.15294117647058825,8.820908423808566
139,0.1588235294117647,18.30800162592868
139,0.16470588235294117,20.469129521774484
139,0.17058823529411765,5.914748764187989
139,0.1764705882352941,9.998667993865483
139,0.18235294117647058,16.01018720039458
139,0.18823529411764706,8.814372105927708
139,0.19411764705882353,4.156121998361318
139,0.2,15.168189922063547
139,0.20588235294117646,10.598095579420793
139,0.21176470588235294,14.847311432864059
139,0.21764705882352942,12.330989034798566
139,0.22352941176470587,5.9411582673250845
139,0.22941176470588234,11.57698420148032
139,0.23529411764705882,17.62072427741327
139,0.2411764705882353,11.82514401282593
139,0.24705882352941178,10.705683505376458
139,0.2529411764705882,9.2311000043526
139,0.2588235294117647,10.47907600764248
139,0.2647058823529412,23.41594334809688
139,0.27058823529411763,16.501523434846096
139,0.27647058823529413,7.532071719445282
139,0.2823529411764706,3.7561443884643806
139,0.28823529411764703,16.37084501432447
139,0.29411764705882354,13.608417122924694
139,0.3,11.104306753305329
139,0.3058823529411765,14.123130163150433
139,0.31176470588235294,11.888718738246874
139,0.3176470588235294,3.362504910676371
139,0.3235294117647059,22.174588350697796
139,0.32941176470588235,12.26340168143832
139,0.3352941176470588,10.526545132474153
139,0.3411764705882353,5.75758824685395
139,0.34705882352941175,12.91749357618662
139,0.3529411764705882,1.1619351130628206
139,0.3588235294117647,6.185503936569983
139,0.36470588235294116,19.945485296851555
139,0.37058823529411766,3.9395060214631115
139,0.3764705882352941,18.27249722180336
139,0.38235294117647056,28.903345801807305
139,0.38823529411764707,4.086336954355831
139,0.3941176470588235,9.879369467049658
139,0.4,16.850704697688933
139,0.40588235294117647,16.968279981807683
139,0.4117647058823529,9.399651977611528
139,0.4176470588235294,13.554572132699368
139,0.4235294117647059,8.715113925053794
139,0.4294117647058823,3.229379218126156
139,0.43529411764705883,14.730919132330563
139,0.4411764705882353,12.393182941174677
139,0.44705882352941173,13.977437666924196
139,0.45294117647058824,21.75378142699566
139,0.4588235294117647,5.854992040729851
139,0.4647058823529412,6.26309630636524
139,0.47058823529411764,5.434295395826712
139,0.4764705882352941,7.753489520202661
139,0.4823529411764706,1.5902453542362167
139,0.48823529411764705,7.551041251723435
139,0.49411764705882355,8.564861955351523
140,0.0,2.842170943040401e-14
140,0.005050505050505051,21.134593754124705
140,0.010101010101010102,20.474590910112482
140,0.015151515151515152,7.712062591067851
140,0.020202020202020204,9.833757892227975
140,0.025252525252525256,7.423824217233357
140,0.030303030303030304,10.158087788567643
140,0.03535353535353536,8.220010220727378
140,0.04040404040404041,16.569176344159796
140,0.045454545454545456,9.65459880924524
140,0.05050505050505051,7.227429154858506
140,0.05555555555555556,10.27426808070322
140,0.06060606060606061,15.501150328426336
140,0.06565656565656566,19.96299135164393
140,0.07070707070707072,17.871025449207405
140,0.07575757575757576,25.466005022115205
140,0.08080808080808081,13.339333644603089
140,0.08585858585858587,13.67403681573967
140,0.09090909090909091,8.18786071927077
140,0.09595959595959597,14.140650126588962
140,0.10101010101010102,8.538036049921903
140,0.10606060606060606,17.494528593391237
140,0.11111111111111112,11.066241988740881
140,0.11616161616161617,1.634444113504921
140,0.12121212121212122,13.344568555305688
140,0.12626262626262627,15.128285110065994
140,0.13131313131313133,8.152596943340567
140,0.13636363636363638,23.83714916472455
140,0.14141414141414144,9.439126180751822
140,0.14646464646464646,21.94026374835853
140,0.15151515151515152,10.259364897760182
140,0.15656565656565657,15.112183960255956
140,0.16161616161616163,9.500668471371059
140,0.16666666666666669,5.1841120166947325
140,0.17171717171717174,11.527572106611279
140,0.1767676767676768,16.015632068606248
140,0.18181818181818182,12.826007677428853
140,0.18686868686868688,14.631450674987837
140,0.19191919191919193,26.660140842231193
140,0.196969696969697,18.448418506291368
140,0.20202020202020204,5.09714328058706
140,0.2070707070707071,8.31345161483255
140,0.21212121212121213,10.729914731790602
140,0.21717171717171718,16.138111859129314
140,0.22222222222222224,4.784079241725874
140,0.2272727272727273,15.465959866473803
140,0.23232323232323235,16.67439445135873
140,0.2373737373737374,15.721293944262309
140,0.24242424242424243,3.1729296773015414
140,0.2474747474747475,14.667504004788663
140,0.25252525252525254,15.977868499158436
140,0.2575757575757576,5.905782658909867
140,0.26262626262626265,4.347374192071676
140,0.2676767676767677,5.104093300103275
140,0.27272727272727276,21.026569528837786
140,0.2777777777777778,8.848554320206016
140,0.2828282828282829,13.143875108252344
140,0.2878787878787879,5.497543282767826
140,0.29292929292929293,2.5558596958425146
140,0.297979797979798,8.64179219696689
140,0.30303030303030304,11.646096791157952
140,0.3080808080808081,26.907399393282468
140,0.31313131313131315,12.619834932577861
140,0.31818181818181823,7.596288326370694
140,0.32323232323232326,9.976108980911503
140,0.3282828282828283,8.263539145366032
140,0.33333333333333337,9.170214415735444
140,0.3383838383838384,11.214791628994474
140,0.3434343434343435,10.58677778261834
140,0.3484848484848485,16.539052191350084
140,0.3535353535353536,19.9486460991117
140,0.3585858585858586,21.40456798674039
140,0.36363636363636365,5.11966011084426
140,0.36868686868686873,27.79545908232857
140,0.37373737373737376,21.857199339660824
140,0.37878787878787884,23.54180931144135
140,0.38383838383838387,16.82902689952805
140,0.3888888888888889,22.963994428805428
140,0.393939393939394,13.813774338950992
140,0.398989898989899,3.3042107526903153
140,0.4040404040404041,14.284547530242317
140,0.4090909090909091,20.2918778334744
140,0.4141414141414142,14.398193437284132
140,0.4191919191919192,16.369435021187186
140,0.42424242424242425,10.477836204664664
140,0.42929292929292934,20.626061163428428
140,0.43434343434343436,13.201969748649772
140,0.43939393939393945,6.243035754986305
140,0.4444444444444445,7.290995792478941
140,0.44949494949494956,11.427549035735685
140,0.4545454545454546,9.709874890046608
140,0.4595959595959596,13.027110511952863
140,0.4646464646464647,3.1078359777008555
140,0.4696969696969697,8.686937732425864
140,0.4747474747474748,14.012352746567808
140,0.47979797979797983,7.063847534469122
140,0.48484848484848486,7.897581527072836
140,0.48989898989898994,11.941077854423535
140,0.494949494949495,7.265649589132316
141,0.0,5.329070518200751e-15
141,0.0058823529411764705,30.39862184160498
141,0.011764705882352941,7.111719251706691
141,0.01764705882352941,5.843261936964415
141,0.023529411764705882,24.06826123081528
141,0.029411764705882353,16.624188145815424
141,0.03529411764705882,10.912037558471342
141,0.041176470588235294,2.291749724827636
141,0.047058823529411764,17.155188612368217
141,0.052941176470588235,16.886319106393216
141,0.058823529411764705,12.239980435223611
141,0.06470588235294117,11.557219514939119
141,0.07058823529411765,6.812622685598247
141,0.07647058823529412,16.68789372179413
141,0.08235294117647059,19.383892718625066
141,0.08823529411764705,18.558974001121598
141,0.09411764705882353,23.481129355700375
141,0.1,9.620094966460323
141,0.10588235294117647,12.041300762361379
141,0.11176470588235293,11.369692674017159
141,0.11764705882352941,7.764452469326398
141,0.12352941176470589,13.445755791340824
141,0.12941176470588234,12.523069668650347
141,0.13529411764705881,10.684477619118606
141,0.1411764705882353,1.82564851955082
141,0.14705882352941177,6.039156283834192
141,0.15294117647058825,8.917523121536648
141,0.1588235294117647,21.053151940696026
141,0.16470588235294117,15.235887486914523
141,0.17058823529411765,18.765414519886097
141,0.1764705882352941,27.788060255791578
141,0.18235294117647058,6.952906445866416
141,0.18823529411764706,11.618808690494452
141,0.19411764705882353,3.5268357636320182
141,0.2,9.77955483142426
141,0.20588235294117646,16.966417052659747
141,0.21176470588235294,8.547676177468947
141,0.21764705882352942,6.902383236786511
141,0.22352941176470587,3.4741798611633654
141,0.22941176470588234,15.539738600721503
141,0.23529411764705882,12.655305686847878
141,0.2411764705882353,10.637590530391753
141,0.24705882352941178,11.060698881239784
141,0.2529411764705882,24.313712842898628
141,0.2588235294117647,10.807606257011837
141,0.2647058823529412,3.00717232590372
141,0.27058823529411763,9.317849962848983
141,0.27647058823529413,12.702891654956478
141,0.2823529411764706,8.6550512248365
141,0.28823529411764703,9.143935884095738
141,0.29411764705882354,3.192578380840992
141,0.3,5.11535108903433
141,0.3058823529411765,13.085349221586505
141,0.31176470588235294,5.308616744149659
141,0.3176470588235294,5.855475342319957
141,0.3235294117647059,14.491995170444826
141,0.32941176470588235,7.598115217803683
141,0.3352941176470588,15.726711055412107
141,0.3411764705882353,9.09663209069188
141,0.34705882352941175,13.47316069453952
141,0.3529411764705882,9.087693227743715
141,0.3588235294117647,18.005566141881687
141,0.36470588235294116,14.768007936723617
141,0.37058823529411766,11.240842024642674
141,0.3764705882352941,2.658385059175994
141,0.38235294117647056,14.52050819793183
141,0.38823529411764707,10.515818066088558
141,0.3941176470588235,11.577601557883208
141,0.4,5.288960423975377
141,0.40588235294117647,10.579238006314316
141,0.4117647058823529,3.857724240377688
141,0.4176470588235294,2.7232619913832066
141,0.4235294117647059,11.372960602689728
141,0.4294117647058823,13.395982451564787
141,0.43529411764705883,10.191004690125704
141,0.4411764705882353,13.677207253374199
141,0.44705882352941173,10.64627988769784
141,0.45294117647058824,23.074312945116002
141,0.4588235294117647,16.982037844631357
141,0.4647058823529412,9.795627658142026
141,0.47058823529411764,14.796039734658429
141,0.4764705882352941,4.199981824683863
141,0.4823529411764706,4.652717209330774
141,0.48823529411764705,8.729220161804495
141,0.49411764705882355,17.356653052075945
142,0.0,2.55351295663786e-15
142,0.006622516556291391,23.871813821083784
142,0.013245033112582781,9.087157542300524
142,0.019867549668874173,9.165197158336506
142,0.026490066225165563,11.609512168483677
142,0.033112582781456956,2.589838957344189
142,0.039735099337748346,16.841625169017544
142,0.046357615894039736,20.67618210322702
142,0.052980132450331126,8.084883324460202
142,0.059602649006622516,7.985449894765119
142,0.06622516556291391,5.913892869851855
142,0.0728476821192053,9.960485415538198
142,0.07947019867549669,20.645918318936396
142,0.08609271523178808,19.378027862164725
142,0.09271523178807947,13.092202313905638
142,0.09933774834437085,14.350357464033674
142,0.10596026490066225,19.592741235449466
142,0.11258278145695365,5.351594159514718
142,0.11920529801324503,10.221107750912637
142,0.12582781456953643,17.756290656672554
142,0.13245033112582782,4.950841289514301
142,0.1390728476821192,2.249515660580478
142,0.1456953642384106,12.363318161912959
142,0.152317880794702,15.310530409826699
142,0.15894039735099338,13.115000276531772
142,0.16556291390728478,18.470260318100227
142,0.17218543046357615,16.12421521532199
142,0.17880794701986755,7.654683179402587
142,0.18543046357615894,14.342739526553515
142,0.19205298013245034,16.762353967150172
142,0.1986754966887417,11.722281441418756
142,0.2052980132450331,6.935156987215059
142,0.2119205298013245,8.06360400990521
142,0.2185430463576159,6.687698925289844
142,0.2251655629139073,16.82324065254448
142,0.23178807947019867,14.304514590530372
142,0.23841059602649006,5.153097551567634
142,0.24503311258278146,5.620342257263975
142,0.25165562913907286,9.238082161726592
142,0.2582781456953642,10.265911891749026
142,0.26490066225165565,9.222299134078725
142,0.271523178807947,22.530620965287742
142,0.2781456953642384,14.567308334340492
142,0.2847682119205298,5.198095560542128
142,0.2913907284768212,5.815546103059677
142,0.2980132450331126,10.686641398076492
142,0.304635761589404,10.676716777042142
142,0.31125827814569534,14.306585996822372
142,0.31788079470198677,11.229090975978554
142,0.32450331125827814,10.14459498308142
142,0.33112582781456956,18.042607067803814
142,0.33774834437086093,12.653464827478823
142,0.3443708609271523,4.332897004083775
142,0.3509933774834437,14.837570351142402
142,0.3576158940397351,8.685659538201682
142,0.36423841059602646,10.123338232230564
142,0.3708609271523179,5.18062252482761
142,0.37748344370860926,15.138807612888332
142,0.3841059602649007,8.80299378648018
142,0.39072847682119205,14.395506581353041
142,0.3973509933774834,21.722340150335086
142,0.40397350993377484,6.0777343652394515
142,0.4105960264900662,8.268712405342304
142,0.41721854304635764,11.618885632218099
142,0.423841059602649,12.616273483954652
142,0.4304635761589404,2.4241590648310853
142,0.4370860927152318,9.277575245020632
142,0.44370860927152317,9.89620200182061
142,0.4503311258278146,3.228617102269553
142,0.45695364238410596,6.021907217284773
142,0.46357615894039733,5.290919210175316
142,0.47019867549668876,12.93082870274423
142,0.4768211920529801,10.718616979466944
142,0.48344370860927155,3.6282207959376462
142,0.4900662251655629,3.624546655847785
142,0.4966887417218543,18.829246664378378
143,0.0,1.1102230246251565e-14
143,0.005747126436781609,10.60376840106421
143,0.011494252873563218,9.887894297952734
143,0.017241379310344827,14.456076985413223
143,0.022988505747126436,24.00457010445324
143,0.028735632183908046,8.459156861755154
143,0.034482758620689655,3.102395636531012
143,0.040229885057471264,11.832425992980125
143,0.04597701149425287,15.299983464644589
143,0.05172413793103448,7.1598468474126316
143,0.05747126436781609,6.934433388037869
143,0.06321839080459771,8.91642567220115
143,0.06896551724137931,17.38547244911209
143,0.07471264367816091,6.588374769770197
143,0.08045977011494253,11.677269080153403
143,0.08620689655172414,6.412195922775697
143,0.09195402298850575,8.496095703255515
143,0.09770114942528735,6.2322453560222035
143,0.10344827586206896,0.5678264208721484
143,0.10919540229885058,13.112687177513243
143,0.11494252873563218,17.280905016441167
143,0.12068965517241378,13.434967732577773
143,0.12643678160919541,10.897556197104494
143,0.13218390804597702,1.9183028907085031
143,0.13793103448275862,12.043633868296554
143,0.14367816091954022,9.853545199430787
143,0.14942528735632182,6.3425565307471246
143,0.15517241379310345,21.93917675017437
143,0.16091954022988506,7.093205242760839
143,0.16666666666666666,14.854192328175463
143,0.1724137931034483,3.1826351239747814
143,0.1781609195402299,29.225000708472816
143,0.1839080459770115,6.4630581265268825
143,0.1896551724137931,7.412020495861317
143,0.1954022988505747,21.140700619368328
143,0.20114942528735633,6.8823484334838305
143,0.20689655172413793,4.382798048673058
143,0.21264367816091953,13.156958739177202
143,0.21839080459770116,14.109414325390498
143,0.22413793103448276,16.060032603234756
143,0.22988505747126436,12.127401427431657
143,0.23563218390804597,22.00763194501811
143,0.24137931034482757,4.402213580877656
143,0.2471264367816092,4.222521909351909
143,0.25287356321839083,17.461634954076395
143,0.25862068965517243,20.681295462733946
143,0.26436781609195403,17.174941113202323
143,0.27011494252873564,15.003107635431995
143,0.27586206896551724,14.459366188870828
143,0.28160919540229884,16.009394986967198
143,0.28735632183908044,19.79079933664773
143,0.29310344827586204,12.72811379547495
143,0.29885057471264365,0.6103156642772324
143,0.3045977011494253,28.891236439238615
143,0.3103448275862069,20.135812510249785
143,0.3160919540229885,9.375616651667308
143,0.3218390804597701,8.548481400600387
143,0.3275862068965517,20.985360288974967
143,0.3333333333333333,7.545366913586121
143,0.3390804597701149,5.36842591866183
143,0.3448275862068966,13.647285221379292
143,0.3505747126436782,5.446704542210983
143,0.3563218390804598,12.255983481568535
143,0.3620689655172414,5.764992982203374
143,0.367816091954023,3.3429084479296347
143,0.3735632183908046,12.253535587563434
143,0.3793103448275862,0.7235780799834045
143,0.3850574712643678,0.6565157117164822
143,0.3908045977011494,3.259765326821999
143,0.39655172413793105,12.465222010631816
143,0.40229885057471265,3.8226757749439826
143,0.40804597701149425,8.421797702712656
143,0.41379310344827586,6.132936780486439
143,0.41954022988505746,11.950960454862814
143,0.42528735632183906,3.8829911815445803
143,0.43103448275862066,16.70204623242181
143,0.4367816091954023,6.361408569225369
143,0.4425287356321839,5.316819010057317
143,0.4482758620689655,15.108712102873337
143,0.4540229885057471,10.044416317679365
143,0.45977011494252873,17.53344950478568
143,0.46551724137931033,23.36433289781966
143,0.47126436781609193,12.452476389622511
143,0.47701149425287354,4.490744441539849
143,0.48275862068965514,17.738877918349484
143,0.4885057471264368,31.857791167415495
143,0.4942528735632184,7.032993433049061
144,0.0,3.3306690738754696e-16
144,0.00558659217877095,14.628018052657648
144,0.0111731843575419,9.503382003091643
144,0.01675977653631285,13.08957858014683
144,0.0223463687150838,11.057825617198867
144,0.02793296089385475,11.771233802041557
144,0.0335195530726257,27.140721405727007
144,0.03910614525139665,20.793189874324458
144,0.0446927374301676,4.759663398360743
144,0.05027932960893855,11.385359996698273
144,0.0558659217877095,7.902437273279705
144,0.06145251396648045,5.96439268016888
144,0.0670391061452514,8.116340196495624
144,0.07262569832402235,13.671401451222026
144,0.0782122905027933,6.527046516337339
144,0.08379888268156425,18.609072038641266
144,0.0893854748603352,14.478941243070803
144,0.09497206703910614,10.648771312675137
144,0.1005586592178771,10.9001635563095
144,0.10614525139664804,9.21391066837503
144,0.111731843575419,11.01857949348279
144,0.11731843575418995,15.593243607351976
144,0.1229050279329609,17.752117710095874
144,0.12849162011173185,9.203008099335754
144,0.1340782122905028,6.629836348234244
144,0.13966480446927373,8.36716334721595
144,0.1452513966480447,13.646979309444813
144,0.15083798882681565,8.804062083694205
144,0.1564245810055866,3.4645646230164755
144,0.16201117318435754,24.104934832182202
144,0.1675977653631285,17.00860528952903
144,0.17318435754189945,12.021729651873656
144,0.1787709497206704,10.190524962667112
144,0.18435754189944134,13.269130906109735
144,0.18994413407821228,13.364207754046848
144,0.19553072625698326,14.167317389891394
144,0.2011173184357542,8.593785675221449
144,0.20670391061452514,9.470425973522945
144,0.2122905027932961,4.085098620453657
144,0.21787709497206706,17.001646900222134
144,0.223463687150838,3.0730344858261516
144,0.22905027932960895,13.5444442419581
144,0.2346368715083799,11.837114580012187
144,0.24022346368715083,6.08246291335475
144,0.2458100558659218,11.881439050724557
144,0.25139664804469275,14.764419131867701
144,0.2569832402234637,12.199942823625138
144,0.26256983240223464,9.461372547668411
144,0.2681564245810056,10.765563942530495
144,0.2737430167597765,5.144160053577081
144,0.27932960893854747,8.308758885951153
144,0.28491620111731847,1.837084456682131
144,0.2905027932960894,7.6650537917052235
144,0.29608938547486036,18.437830291117812
144,0.3016759776536313,32.478712509792516
144,0.30726256983240224,4.127519053162952
144,0.3128491620111732,15.195227453249544
144,0.31843575418994413,12.961825712056799
144,0.3240223463687151,14.348034646041397
144,0.329608938547486,16.53057505209537
144,0.335195530726257,18.04872609798325
144,0.34078212290502796,4.950060069271941
144,0.3463687150837989,9.836354334341658
144,0.35195530726256985,11.355029841883848
144,0.3575418994413408,21.957816355775005
144,0.36312849162011174,10.545375695199647
144,0.3687150837988827,19.41920788569794
144,0.3743016759776536,4.724754627828297
144,0.37988826815642457,23.178278816371666
144,0.38547486033519557,15.100120180514747
144,0.3910614525139665,5.6903898068528855
144,0.39664804469273746,18.554119214430155
144,0.4022346368715084,9.349756416068056
144,0.40782122905027934,11.108501263125156
144,0.4134078212290503,17.935039691975426
144,0.41899441340782123,6.603004201322643
144,0.4245810055865922,7.4591564180654055
144,0.4301675977653631,11.387840546917257
144,0.4357541899441341,7.874214362324637
144,0.44134078212290506,8.138463401678345
144,0.446927374301676,13.266840574866736
144,0.45251396648044695,4.310703121509595
144,0.4581005586592179,3.8640261274149954
144,0.46368715083798884,7.120460590203349
144,0.4692737430167598,14.935121136384055
144,0.4748603351955307,31.93402879833858
144,0.48044692737430167,12.889493661201477
144,0.48603351955307267,14.168511389498887
144,0.4916201117318436,19.112398898887147
144,0.49720670391061456,5.6927707610518725
145,0.0,1.2878587085651816e-14
145,0.005025125628140704,7.268448540069652
145,0.010050251256281407,8.075626166333894
145,0.01507537688442211,6.450252647330406
145,0.020100502512562814,11.337802382178394
145,0.02512562814070352,14.761062435457156
145,0.03015075376884422,14.589250717335204
145,0.035175879396984924,8.545758494340145
145,0.04020100502512563,9.063317905916866
145,0.04522613065326633,18.21484035802417
145,0.05025125628140704,11.106634635761276
145,0.05527638190954774,10.67947161791743
145,0.06030150753768844,7.659336181677315
145,0.06532663316582915,21.824209954434497
145,0.07035175879396985,14.557783104934714
145,0.07537688442211056,8.147450633329461
145,0.08040201005025126,19.84769428613612
145,0.08542713567839195,17.314661638434114
145,0.09045226130653267,14.508565632411553
145,0.09547738693467336,5.200103888809552
145,0.10050251256281408,7.419377718155703
145,0.10552763819095477,19.809921324928904
145,0.11055276381909548,4.454794316164865
145,0.11557788944723618,23.213756698043706
145,0.12060301507537688,21.71208548779064
145,0.12562814070351758,21.54830147424713
145,0.1306532663316583,10.001580561198343
145,0.135678391959799,14.033476386254254
145,0.1407035175879397,11.321623657715584
145,0.1457286432160804,11.375564462897781
145,0.15075376884422112,2.881848045726442
145,0.15577889447236182,11.333441808787477
145,0.16080402010050251,10.286536481701713
145,0.1658291457286432,11.5614951061112
145,0.1708542713567839,14.031726534721395
145,0.17587939698492464,8.83791115871389
145,0.18090452261306533,14.565793461420986
145,0.18592964824120603,11.183598366374966
145,0.19095477386934673,10.539545546376422
145,0.19597989949748745,9.199404884441567
145,0.20100502512562815,0.3769403953407515
145,0.20603015075376885,9.618431737038131
145,0.21105527638190955,3.0758236893051607
145,0.21608040201005024,19.478441242689236
145,0.22110552763819097,15.113032461540886
145,0.22613065326633167,24.7127212275323
145,0.23115577889447236,10.493554554353294
145,0.23618090452261306,9.203802424216713
145,0.24120603015075376,12.467297688030872
145,0.24623115577889448,6.754579418491107
145,0.25125628140703515,10.888803460771392
145,0.2562814070351759,12.012749163015426
145,0.2613065326633166,14.713582330250299
145,0.2663316582914573,11.083517168645136
145,0.271356783919598,12.20386711963921
145,0.2763819095477387,5.214499479302226
145,0.2814070351758794,3.720587052987459
145,0.2864321608040201,9.299878398751627
145,0.2914572864321608,8.57084140889389
145,0.2964824120603015,16.89353310974483
145,0.30150753768844224,3.6135252665025552
145,0.3065326633165829,36.843721712408296
145,0.31155778894472363,13.546913664456435
145,0.3165829145728643,7.130737965588104
145,0.32160804020100503,12.394388564965238
145,0.32663316582914576,23.91146108629814
145,0.3316582914572864,25.806062738976085
145,0.33668341708542715,11.23399965589519
145,0.3417085427135678,12.32826804386243
145,0.34673366834170855,7.954233610623173
145,0.35175879396984927,16.654449949434152
145,0.35678391959798994,19.586865623946547
145,0.36180904522613067,12.006317752818262
145,0.36683417085427134,19.97525383073241
145,0.37185929648241206,19.517525554356766
145,0.3768844221105528,18.729155089941298
145,0.38190954773869346,3.73900827181215
145,0.3869346733668342,2.5453763148379704
145,0.3919597989949749,15.223038722740931
145,0.3969849246231156,8.480292445433495
145,0.4020100502512563,9.65862006102991
145,0.40703517587939697,14.791408988214934
145,0.4120603015075377,17.079384663637875
145,0.4170854271356784,2.4709495127803085
145,0.4221105527638191,16.206996889504243
145,0.4271356783919598,15.716663679971262
145,0.4321608040201005,32.35835097448828
145,0.4371859296482412,7.453040216845225
145,0.44221105527638194,3.848747212553277
145,0.4472361809045226,15.980177907885135
145,0.45226130653266333,14.054450644289618
145,0.457286432160804,10.867051978308266
145,0.4623115577889447,13.181538501100036
145,0.46733668341708545,15.672809582615761
145,0.4723618090452261,11.69146789314197
145,0.47738693467336685,16.58206159952106
145,0.4824120603015075,13.402411131898205
145,0.48743718592964824,14.034718997679896
145,0.49246231155778897,3.0839939320662055
145,0.49748743718592964,18.84457053852691
146,0.0,6.439293542825908e-15
146,0.005154639175257732,22.397655427777956
146,0.010309278350515464,10.588615230580421
146,0.015463917525773196,20.157876150587573
146,0.020618556701030927,11.349463748003586
146,0.02577319587628866,7.474421585284034
146,0.030927835051546393,18.032462792039762
146,0.03608247422680412,11.78915735920292
146,0.041237113402061855,8.138956304590614
146,0.04639175257731959,14.48082088374825
146,0.05154639175257732,7.6031180404277245
146,0.05670103092783505,15.742089049947388
146,0.061855670103092786,12.79791120947638
146,0.06701030927835051,7.174874450951514
146,0.07216494845360824,6.837858247565274
146,0.07731958762886598,5.394649278936254
146,0.08247422680412371,12.420715194896653
146,0.08762886597938144,20.670173324854666
146,0.09278350515463918,7.305570284273416
146,0.0979381443298969,13.247531443509098
146,0.10309278350515463,10.04845472862338
146,0.10824742268041238,10.556696112460616
146,0.1134020618556701,15.868269874278408
146,0.11855670103092783,25.871608692803242
146,0.12371134020618557,14.033780598821519
146,0.12886597938144329,1.8739835764017638
146,0.13402061855670103,10.568504107947193
146,0.13917525773195877,14.119346315112788
146,0.14432989690721648,10.178665938085308
146,0.14948453608247422,18.62684106134996
146,0.15463917525773196,2.951011922315062
146,0.15979381443298968,13.200762157848692
146,0.16494845360824742,10.479424512399204
146,0.17010309278350516,3.344174321349571
146,0.17525773195876287,32.254971521003235
146,0.18041237113402062,9.024888490251064
146,0.18556701030927836,15.765443394037998
146,0.19072164948453607,12.432568502381757
146,0.1958762886597938,25.633696468520736
146,0.20103092783505155,25.420316406919376
146,0.20618556701030927,2.7540523664486662
146,0.211340206185567,1.228836126316198
146,0.21649484536082475,16.37109749906598
146,0.22164948453608246,21.595763359582865
146,0.2268041237113402,20.296777734784715
146,0.23195876288659795,9.244089179670622
146,0.23711340206185566,7.4667037206634035
146,0.2422680412371134,3.531509886893125
146,0.24742268041237114,20.715739436571905
146,0.25257731958762886,10.01645422532881
146,0.25773195876288657,4.669222785577341
146,0.26288659793814434,7.494286688203615
146,0.26804123711340205,6.67994924825198
146,0.27319587628865977,10.260834498908073
146,0.27835051546391754,18.195658989501638
146,0.28350515463917525,14.541368731004802
146,0.28865979381443296,3.69392950844441
146,0.29381443298969073,14.194492838812518
146,0.29896907216494845,13.179119094875764
146,0.30412371134020616,14.730011238692086
146,0.30927835051546393,21.395318571147193
146,0.31443298969072164,5.6128135269408554
146,0.31958762886597936,16.168743716502533
146,0.3247422680412371,1.95451169570929
146,0.32989690721649484,13.632094163635587
146,0.33505154639175255,24.923162192741213
146,0.3402061855670103,14.044359200066918
146,0.34536082474226804,8.640600600508524
146,0.35051546391752575,17.261777980123853
146,0.3556701030927835,5.033567739209199
146,0.36082474226804123,8.743522373554244
146,0.36597938144329895,6.488729869054746
146,0.3711340206185567,6.583273462665869
146,0.37628865979381443,2.5871345360075937
146,0.38144329896907214,9.291656263330442
146,0.3865979381443299,8.30694750288164
146,0.3917525773195876,9.203810863507549
146,0.39690721649484534,10.25029218205606
146,0.4020618556701031,3.966117627231747
146,0.4072164948453608,8.20445666301538
146,0.41237113402061853,8.655888611231525
146,0.4175257731958763,18.534669476444293
146,0.422680412371134,34.85869730846823
146,0.42783505154639173,16.90749364448183
146,0.4329896907216495,1.8445743835753914
146,0.4381443298969072,13.051638295279501
146,0.44329896907216493,10.875559762766027
146,0.4484536082474227,3.6512695687311627
146,0.4536082474226804,20.50909095695336
146,0.4587628865979381,4.511035379760395
146,0.4639175257731959,17.032682544167393
146,0.4690721649484536,13.69226929709265
146,0.4742268041237113,25.48085849261443
146,0.4793814432989691,19.82158539563232
146,0.4845360824742268,7.51709699046161
146,0.4896907216494845,1.0633580101370763
146,0.4948453608247423,4.662124040622456
147,0.0,7.105427357601002e-15
147,0.005025125628140704,21.25117539552613
147,0.010050251256281407,4.914552996533505
147,0.01507537688442211,9.113930125391954
147,0.020100502512562814,11.770202632511094
147,0.02512562814070352,8.85868082273888
147,0.03015075376884422,9.854417377908769
147,0.035175879396984924,5.176929185159183
147,0.04020100502512563,6.443000837674749
147,0.04522613065326633,2.6696909942463467
147,0.05025125628140704,7.75527129021047
147,0.05527638190954774,10.871458311070196
147,0.06030150753768844,7.3741821229116145
147,0.06532663316582915,20.375083420565865
147,0.07035175879396985,9.094418978370054
147,0.07537688442211056,33.01091317467556
147,0.08040201005025126,4.723318711507091
147,0.08542713567839195,13.422710893985794
147,0.09045226130653267,8.498021346208168
147,0.09547738693467336,25.183530536695002
147,0.10050251256281408,18.399636325887467
147,0.10552763819095477,9.86526606778713
147,0.11055276381909548,12.311168487418435
147,0.11557788944723618,10.171026119303308
147,0.12060301507537688,3.4674333992149857
147,0.12562814070351758,2.767765633402372
147,0.1306532663316583,8.974832731936665
147,0.135678391959799,27.6558778462016
147,0.1407035175879397,6.357999710363213
147,0.1457286432160804,7.710842841194992
147,0.15075376884422112,4.090711522561518
147,0.15577889447236182,21.338836836920624
147,0.16080402010050251,21.379047892339905
147,0.1658291457286432,4.656114222736984
147,0.1708542713567839,15.844766169495845
147,0.17587939698492464,2.6190779029054263
147,0.18090452261306533,20.626583330090867
147,0.18592964824120603,9.196855531428232
147,0.19095477386934673,18.76364683233933
147,0.19597989949748745,9.479740140806964
147,0.20100502512562815,17.311264254848062
147,0.20603015075376885,5.073631075810808
147,0.21105527638190955,5.499052057137147
147,0.21608040201005024,6.316219980444939
147,0.22110552763819097,5.037650753704459
147,0.22613065326633167,15.2066085550578
147,0.23115577889447236,8.020680867058703
147,0.23618090452261306,13.41016033586139
147,0.24120603015075376,19.99562018799891
147,0.24623115577889448,7.099183899697902
147,0.25125628140703515,7.589520760111995
147,0.2562814070351759,18.221352833869506
147,0.2613065326633166,17.533928093661668
147,0.2663316582914573,18.015050853484098
147,0.271356783919598,12.287272795297424
147,0.2763819095477387,4.566071269044717
147,0.2814070351758794,24.47458746240642
147,0.2864321608040201,21.375157072248975
147,0.2914572864321608,10.167560898394713
147,0.2964824120603015,14.923315574500995
147,0.30150753768844224,11.033775257276588
147,0.3065326633165829,10.226291447231784
147,0.31155778894472363,6.86266325353431
147,0.3165829145728643,13.856645223398214
147,0.32160804020100503,14.99823385286691
147,0.32663316582914576,7.614323656626248
147,0.3316582914572864,6.53424480792874
147,0.33668341708542715,17.13749780840321
147,0.3417085427135678,11.630633298909034
147,0.34673366834170855,20.07245796282441
147,0.35175879396984927,8.64768191072049
147,0.35678391959798994,3.631320009847777
147,0.36180904522613067,8.21481287921625
147,0.36683417085427134,3.799851304280369
147,0.37185929648241206,18.002851660273013
147,0.3768844221105528,12.040700668094864
147,0.38190954773869346,15.163829372948628
147,0.3869346733668342,13.73144559181285
147,0.3919597989949749,20.47862006284107
147,0.3969849246231156,23.299910863962058
147,0.4020100502512563,8.220947884351189
147,0.40703517587939697,7.1894203034453685
147,0.4120603015075377,16.78013326095678
147,0.4170854271356784,11.378571990918562
147,0.4221105527638191,26.481621657708033
147,0.4271356783919598,23.832250387379396
147,0.4321608040201005,21.194642029373725
147,0.4371859296482412,0.7752969645507787
147,0.44221105527638194,2.4908528844276248
147,0.4472361809045226,17.62858548688577
147,0.45226130653266333,2.3849529932705242
147,0.457286432160804,5.459256999517445
147,0.4623115577889447,24.941905020760327
147,0.46733668341708545,22.62994746566375
147,0.4723618090452261,4.815288077843758
147,0.47738693467336685,5.358627713912245
147,0.4824120603015075,8.722683107183085
147,0.48743718592964824,12.79855427003719
147,0.49246231155778897,11.788756828924226
147,0.49748743718592964,23.977174986224842
148,0.0,2.9531932455029164e-14
148,0.004830917874396135,9.187475318311822
148,0.00966183574879227,16.32292644931668
148,0.014492753623188404,7.752861155273409
148,0.01932367149758454,13.696273698190135
148,0.024154589371980676,13.881235266609854
148,0.02898550724637681,16.212802235699872
148,0.033816425120772944,22.123750293503537
148,0.03864734299516908,10.681086802527494
148,0.043478260869565216,4.717455935333501
148,0.04830917874396135,7.889700280263972
148,0.05314009661835749,14.137267841857675
148,0.05797101449275362,9.908832779864593
148,0.06280193236714976,5.396348217034867
148,0.06763285024154589,19.32667777155959
148,0.07246376811594203,11.098283993080457
148,0.07729468599033816,15.864727476914547
148,0.08212560386473429,10.760619284410044
148,0.08695652173913043,19.555321261086025
148,0.09178743961352656,10.201057483266808
148,0.0966183574879227,14.078173740031053
148,0.10144927536231883,20.545297726683458
148,0.10628019323671498,21.93645437064219
148,0.1111111111111111,20.599246448825433
148,0.11594202898550723,5.419193166304703
148,0.12077294685990338,13.702044166113708
148,0.12560386473429952,12.8713477774357
148,0.13043478260869565,11.302841390636637
148,0.13526570048309178,17.274750034615217
148,0.1400966183574879,10.75127948056207
148,0.14492753623188406,14.274553831640583
148,0.1497584541062802,8.958982361319572
148,0.15458937198067632,4.94013070530314
148,0.15942028985507245,3.190807372827814
148,0.16425120772946858,22.67955630499327
148,0.16908212560386474,13.41377315861776
148,0.17391304347826086,11.88525773267704
148,0.178743961352657,10.174383202940115
148,0.18357487922705312,22.410525857061874
148,0.18840579710144928,15.490916661147848
148,0.1932367149758454,9.866290330462705
148,0.19806763285024154,11.81995926452293
148,0.20289855072463767,11.089983035402549
148,0.2077294685990338,15.85503898906298
148,0.21256038647342995,8.801293151060722
148,0.21739130434782608,21.58980456682819
148,0.2222222222222222,18.27529907101284
148,0.22705314009661834,6.262554794165707
148,0.23188405797101447,8.4084089901103
148,0.23671497584541062,1.1998069355340863
148,0.24154589371980675,14.801976052552115
148,0.24637681159420288,2.533158280064968
148,0.25120772946859904,4.771450092369094
148,0.25603864734299514,19.20207836619249
148,0.2608695652173913,10.1086238876595
148,0.26570048309178745,10.457139026085258
148,0.27053140096618356,26.889292405509924
148,0.2753623188405797,10.290842354758789
148,0.2801932367149758,8.087386047947838
148,0.28502415458937197,14.053674934102645
148,0.2898550724637681,14.683380152839735
148,0.2946859903381642,18.589790456703163
148,0.2995169082125604,11.752699565573272
148,0.3043478260869565,6.630833167521687
148,0.30917874396135264,4.471923172793182
148,0.3140096618357488,7.952365145712786
148,0.3188405797101449,11.670237099792427
148,0.32367149758454106,7.685265915710545
148,0.32850241545893716,14.656657860997976
148,0.3333333333333333,10.32863339749988
148,0.33816425120772947,6.80035231050544
148,0.3429951690821256,13.220072206398
148,0.34782608695652173,2.7685800969507657
148,0.35265700483091783,15.37829274389668
148,0.357487922705314,11.209296622601634
148,0.36231884057971014,27.97664908985923
148,0.36714975845410625,7.624163428289577
148,0.3719806763285024,9.900194233227063
148,0.37681159420289856,7.194157585508715
148,0.38164251207729466,9.82486393188502
148,0.3864734299516908,21.673777325041268
148,0.3913043478260869,9.947399411325229
148,0.3961352657004831,18.064648350014927
148,0.40096618357487923,31.058346350290428
148,0.40579710144927533,13.211487477765102
148,0.4106280193236715,21.014051945311046
148,0.4154589371980676,31.24276437297069
148,0.42028985507246375,13.100457005971835
148,0.4251207729468599,10.610746462538772
148,0.429951690821256,9.398819780284246
148,0.43478260869565216,10.060762451076554
148,0.43961352657004826,8.309983701959803
148,0.4444444444444444,8.839765818361345
148,0.4492753623188406,19.303622195860978
148,0.4541062801932367,3.652430159984493
148,0.45893719806763283,3.159735573543573
148,0.46376811594202894,16.218327137654658
148,0.4685990338164251,3.542791202746258
148,0.47342995169082125,32.540210185560035
148,0.47826086956521735,2.5631842025318794
148,0.4830917874396135,8.970279447547577
148,0.48792270531400966,1.8036507079283464
148,0.49275362318840576,5.9937745675086
148,0.4975845410628019,32.906529665858564
149,0.0,6.927791673660977e-14
149,0.005847953216374269,12.927587005948647
149,0.011695906432748537,3.132404904305663
149,0.017543859649122806,9.934662297630654
149,0.023391812865497075,21.183731644242414
149,0.029239766081871343,2.980029462466396
149,0.03508771929824561,8.845936887481539
149,0.04093567251461988,18.39254071221666
149,0.04678362573099415,9.82230546485704
149,0.05263157894736842,13.340945590786632
149,0.05847953216374269,8.466609516034655
149,0.06432748538011696,15.077701443896098
149,0.07017543859649122,21.043439169967463
149,0.07602339181286549,7.28646862101923
149,0.08187134502923976,10.366346287850165
149,0.08771929824561403,4.467642536733661
149,0.0935672514619883,5.513495577467927
149,0.09941520467836257,9.779249937423545
149,0.10526315789473684,18.89084275331571
149,0.1111111111111111,19.60121008914464
149,0.11695906432748537,7.088624298438303
149,0.12280701754385964,5.095547155501942
149,0.1286549707602339,6.891492782082058
149,0.13450292397660818,8.2460667459223
149,0.14035087719298245,5.886944066118379
149,0.14619883040935672,4.8343690902219985
149,0.15204678362573099,13.866664519191723
149,0.15789473684210525,1.8134766846164951
149,0.16374269005847952,8.108094443022381
149,0.1695906432748538,12.716212072617381
149,0.17543859649122806,6.140082282860842
149,0.18128654970760233,7.385177514526967
149,0.1871345029239766,7.689410080916895
149,0.19298245614035087,22.912444138413758
149,0.19883040935672514,10.121763397201113
149,0.2046783625730994,10.740348429662877
149,0.21052631578947367,5.0665603771744046
149,0.21637426900584794,10.471103268538227
149,0.2222222222222222,5.647164612387817
149,0.22807017543859648,18.717282009184828
149,0.23391812865497075,12.106049277761683
149,0.23976608187134502,16.664878660504737
149,0.24561403508771928,10.125279148101423
149,0.25146198830409355,8.873994910064452
149,0.2573099415204678,13.636426079163032
149,0.2631578947368421,19.941801062632166
149,0.26900584795321636,3.2733186108818786
149,0.27485380116959063,17.81005886449842
149,0.2807017543859649,10.963589489269623
149,0.28654970760233917,4.529130144227832
149,0.29239766081871343,12.053540006918302
149,0.2982456140350877,2.5963077721344106
149,0.30409356725146197,9.811114818787741
149,0.30994152046783624,12.386162802796244
149,0.3157894736842105,5.183995264401398
149,0.3216374269005848,4.154133066974201
149,0.32748538011695905,14.336390162713943
149,0.3333333333333333,16.372692592555143
149,0.3391812865497076,24.521319434194588
149,0.34502923976608185,7.665379931551498
149,0.3508771929824561,16.090096230489173
149,0.3567251461988304,11.582706978320028
149,0.36257309941520466,10.616110971070922
149,0.3684210526315789,16.04424845487955
149,0.3742690058479532,28.098546196983637
149,0.38011695906432746,18.821305221599214
149,0.38596491228070173,8.316265263499453
149,0.391812865497076,12.143064501482256
149,0.39766081871345027,15.210180195823247
149,0.40350877192982454,6.988010569602714
149,0.4093567251461988,12.310475655875381
149,0.4152046783625731,7.995521666955668
149,0.42105263157894735,15.278512263113885
149,0.4269005847953216,17.246047618335062
149,0.4327485380116959,20.827806500328265
149,0.43859649122807015,14.577556197751038
149,0.4444444444444444,20.18905619137803
149,0.4502923976608187,0.9976520003094342
149,0.45614035087719296,7.646637276556181
149,0.4619883040935672,11.695636964498757
149,0.4678362573099415,20.461343550103482
149,0.47368421052631576,16.387661679343683
149,0.47953216374269003,18.905207780940458
149,0.4853801169590643,19.050522719343288
149,0.49122807017543857,1.7113001659640028
149,0.49707602339181284,16.563148703048853
150,0.0,3.019806626980426e-14
150,0.004901960784313725,6.694838237639983
150,0.00980392156862745,10.950168161133588
150,0.014705882352941176,21.13391973600421
150,0.0196078431372549,17.13630144577471
150,0.024509803921568627,11.965490381328632
150,0.029411764705882353,11.248646549257234
150,0.03431372549019608,6.150605896747712
150,0.0392156862745098,11.9208190127069
150,0.044117647058823525,15.367138911836639
150,0.049019607843137254,12.869856847106826
150,0.05392156862745098,8.704618976406573
150,0.058823529411764705,2.0813034654600715
150,0.06372549019607843,12.434814727268604
150,0.06862745098039216,8.605992115530217
150,0.07352941176470588,18.229432734564334
150,0.0784313725490196,6.622872037007968
150,0.08333333333333333,17.74570053842102
150,0.08823529411764705,11.239233626820004
150,0.09313725490196079,21.388752001547257
150,0.09803921568627451,25.55935248499768
150,0.10294117647058823,8.544680013637475
150,0.10784313725490197,24.263802479543628
150,0.11274509803921569,4.249975107030818
150,0.11764705882352941,15.66856845548436
150,0.12254901960784313,11.963201267157723
150,0.12745098039215685,2.346861188102063
150,0.1323529411764706,18.086195676282955
150,0.13725490196078433,23.815409113270427
150,0.14215686274509803,19.541895411295297
150,0.14705882352941177,7.232290693954269
150,0.15196078431372548,17.425671058921438
150,0.1568627450980392,19.37764867249431
150,0.16176470588235295,13.939024188766735
150,0.16666666666666666,6.037329274168141
150,0.1715686274509804,25.77101028794374
150,0.1764705882352941,15.193204090164542
150,0.18137254901960784,5.367604342267377
150,0.18627450980392157,4.467525514985245
150,0.19117647058823528,12.21791784751488
150,0.19607843137254902,8.480686861577148
150,0.20098039215686275,22.821392413308285
150,0.20588235294117646,12.773534849087557
150,0.2107843137254902,14.339067125019033
150,0.21568627450980393,17.87751324541708
150,0.22058823529411764,18.283162299369405
150,0.22549019607843138,21.358101414194607
150,0.23039215686274508,8.63461584546548
150,0.23529411764705882,15.399151681058779
150,0.24019607843137256,9.243524967475354
150,0.24509803921568626,10.240459903715744
150,0.25,21.80839380043126
150,0.2549019607843137,5.145688170884546
150,0.25980392156862747,11.330558550237571
150,0.2647058823529412,7.115286829951269
150,0.2696078431372549,37.55516370199495
150,0.27450980392156865,7.219832912792838
150,0.27941176470588236,8.150999011972894
150,0.28431372549019607,10.402328611995092
150,0.2892156862745098,18.11013309170563
150,0.29411764705882354,4.700224550397662
150,0.29901960784313725,6.686515169409167
150,0.30392156862745096,13.690229190011182
150,0.3088235294117647,16.414713872440593
150,0.3137254901960784,13.39905845506482
150,0.31862745098039214,6.554853170111557
150,0.3235294117647059,11.9070113781951
150,0.3284313725490196,10.874735150314832
150,0.3333333333333333,9.717706356988835
150,0.3382352941176471,19.688417784261905
150,0.3431372549019608,9.717871060498656
150,0.3480392156862745,8.1478126056385
150,0.3529411764705882,20.064800919072038
150,0.35784313725490197,17.778014838918075
150,0.3627450980392157,10.074779832739917
150,0.3676470588235294,15.41676690470433
150,0.37254901960784315,16.182868477217923
150,0.37745098039215685,7.201328252424283
150,0.38235294117647056,0.6553191979069712
150,0.3872549019607843,3.342472225118419
150,0.39215686274509803,15.550380630798577
150,0.39705882352941174,6.912824858895203
150,0.4019607843137255,10.319447816912822
150,0.4068627450980392,25.93388745472232
150,0.4117647058823529,21.4428481975317
150,0.4166666666666667,12.609337336467732
150,0.4215686274509804,6.536879861874383
150,0.4264705882352941,18.778183011715722
150,0.43137254901960786,18.144366780522468
150,0.4362745098039216,10.392138352291033
150,0.4411764705882353,4.333888041801103
150,0.446078431372549,18.399316136019827
150,0.45098039215686275,3.6063122139542174
150,0.45588235294117646,12.025571100086323
150,0.46078431372549017,9.109180627957889
150,0.46568627450980393,9.564714020921308
150,0.47058823529411764,12.646845457210576
150,0.47549019607843135,10.013363678676434
150,0.4803921568627451,13.850088658411686
150,0.4852941176470588,9.413203042267224
150,0.49019607843137253,12.489918336703427
150,0.4950980392156863,7.667268041728992
151,0.0,2.1316282072803006e-14
151,0.005376344086021506,14.262202505105725
151,0.010752688172043012,3.321897357633
151,0.016129032258064516,5.211491733055691
151,0.021505376344086023,24.985513844141515
151,0.02688172043010753,2.3667754175631726
151,0.03225806451612903,14.985903282982136
151,0.03763440860215054,19.956912089148247
151,0.043010752688172046,4.391810094877211
151,0.048387096774193554,17.716725221312903
151,0.05376344086021506,11.990224509370067
151,0.05913978494623656,11.60637457505647
151,0.06451612903225806,7.9478578407293865
151,0.06989247311827958,11.832975788561775
151,0.07526881720430108,11.250163959059707
151,0.08064516129032259,20.891854844590153
151,0.08602150537634409,13.816074899957211
151,0.0913978494623656,2.995875851898703
151,0.09677419354838711,6.696912323946303
151,0.10215053763440861,21.211971744160504
151,0.10752688172043012,8.832166739758486
151,0.11290322580645162,6.934365499885932
151,0.11827956989247312,11.635912325137758
151,0.12365591397849464,13.668879999028013
151,0.12903225806451613,13.89281755851099
151,0.13440860215053765,8.430376395080845
151,0.13978494623655915,18.03749624068334
151,0.14516129032258066,4.137510844455279
151,0.15053763440860216,21.019982380759167
151,0.15591397849462366,6.9077003543598074
151,0.16129032258064518,20.815685425811274
151,0.16666666666666669,3.7791913125159904
151,0.17204301075268819,10.89034372447078
151,0.1774193548387097,5.622611002506537
151,0.1827956989247312,2.3797540022256065
151,0.18817204301075272,3.5160066782219266
151,0.19354838709677422,8.66617001152455
151,0.19892473118279572,27.580817628213005
151,0.20430107526881722,3.991480982590413
151,0.20967741935483872,15.44059233007879
151,0.21505376344086025,4.141042147159251
151,0.22043010752688175,1.8265184048349943
151,0.22580645161290325,10.793809373178783
151,0.23118279569892475,16.154491465924803
151,0.23655913978494625,24.170756410485254
151,0.24193548387096775,5.639061516217856
151,0.24731182795698928,3.9976573435585436
151,0.25268817204301075,5.482444725396906
151,0.25806451612903225,17.13149666632529
151,0.2634408602150538,11.378423385781316
151,0.2688172043010753,10.9795989951533
151,0.2741935483870968,14.114146974601907
151,0.2795698924731183,24.049242394455128
151,0.2849462365591398,13.683331269920483
151,0.2903225806451613,6.2451274994577135
151,0.2956989247311828,13.125949679954942
151,0.3010752688172043,13.003506579242034
151,0.3064516129032258,13.49390054632736
151,0.3118279569892473,5.728430557369973
151,0.31720430107526887,15.50423980354063
151,0.32258064516129037,9.845789514930107
151,0.32795698924731187,5.016869308764456
151,0.33333333333333337,24.666852596368503
151,0.33870967741935487,18.193867706830247
151,0.34408602150537637,6.787243290176668
151,0.34946236559139787,18.823796650001796
151,0.3548387096774194,2.7874849467176093
151,0.3602150537634409,8.691017926732785
151,0.3655913978494624,16.804669078928377
151,0.3709677419354839,4.948983485074231
151,0.37634408602150543,11.569553887857317
151,0.38172043010752693,18.719282589655776
151,0.38709677419354843,13.91647163400841
151,0.39247311827956993,19.802026514459776
151,0.39784946236559143,5.5262274874492565
151,0.40322580645161293,13.024948674773558
151,0.40860215053763443,12.817691542303683
151,0.41397849462365593,9.58504354834614
151,0.41935483870967744,20.71546114504063
151,0.42473118279569894,4.021529343855531
151,0.4301075268817205,10.42945765165935
151,0.435483870967742,10.327788787933208
151,0.4408602150537635,29.264581749092038
151,0.446236559139785,7.169314605334885
151,0.4516129032258065,6.390247278412441
151,0.456989247311828,16.85700769077477
151,0.4623655913978495,26.247435941791753
151,0.467741935483871,14.7106003103981
151,0.4731182795698925,13.365832588192953
151,0.478494623655914,18.664173846141434
151,0.4838709677419355,12.182412346751612
151,0.48924731182795705,9.870335264402968
151,0.49462365591397855,9.631237280810696
152,0.0,1.5987211554602254e-14
152,0.005813953488372093,12.344228851552954
152,0.011627906976744186,13.74381528007883
152,0.01744186046511628,1.383164503998543
152,0.023255813953488372,18.67279732065009
152,0.029069767441860465,11.541616448642078
152,0.03488372093023256,20.6229943244476
152,0.040697674418604654,9.49665253297338
152,0.046511627906976744,7.206516184369117
152,0.05232558139534883,7.511259417642889
152,0.05813953488372093,16.591633526257482
152,0.06395348837209303,12.294622688705077
152,0.06976744186046512,9.490003923162455
152,0.0755813953488372,22.500182151618688
152,0.08139534883720931,22.77069862259885
152,0.0872093023255814,18.375547607211605
152,0.09302325581395349,12.925355891658095
152,0.09883720930232558,9.441890543467574
152,0.10465116279069767,9.810520820041916
152,0.11046511627906977,11.917898549619734
152,0.11627906976744186,10.723403581142875
152,0.12209302325581395,16.09691647202591
152,0.12790697674418605,1.315424407541502
152,0.13372093023255813,3.2835301693938947
152,0.13953488372093023,18.75160774183875
152,0.14534883720930233,18.563944820859923
152,0.1511627906976744,26.70316156998589
152,0.1569767441860465,15.804894185206951
152,0.16279069767441862,7.369821180020475
152,0.1686046511627907,5.586674929151909
152,0.1744186046511628,8.736268258190398
152,0.18023255813953487,24.363097525685113
152,0.18604651162790697,13.74346627289551
152,0.19186046511627908,5.557071677029118
152,0.19767441860465115,11.88636702570411
152,0.20348837209302326,15.357487712373365
152,0.20930232558139533,10.361638788371073
152,0.21511627906976744,2.4723060721631214
152,0.22093023255813954,7.407586897367945
152,0.22674418604651161,10.88005693925049
152,0.23255813953488372,6.403095698002174
152,0.23837209302325582,8.104277963712999
152,0.2441860465116279,2.440043975343784
152,0.25,10.21015834041556
152,0.2558139534883721,4.42508730945245
152,0.2616279069767442,10.682006372615994
152,0.26744186046511625,13.605542411800608
152,0.27325581395348836,2.632101547374015
152,0.27906976744186046,10.072710371511038
152,0.28488372093023256,3.5498603281686862
152,0.29069767441860467,9.017218325669479
152,0.2965116279069767,3.3330512572338904
152,0.3023255813953488,4.56688356551063
152,0.3081395348837209,22.38002428907558
152,0.313953488372093,3.305878943383606
152,0.31976744186046513,12.212994585848927
152,0.32558139534883723,6.209972306564864
152,0.3313953488372093,2.5457634211933255
152,0.3372093023255814,4.070378476276203
152,0.3430232558139535,10.440302752243023
152,0.3488372093023256,18.683746446602136
152,0.3546511627906977,13.3423782247621
152,0.36046511627906974,11.99726810838846
152,0.36627906976744184,11.738096894237488
152,0.37209302325581395,14.622046601682687
152,0.37790697674418605,5.062787375285083
152,0.38372093023255816,2.4968811608453154
152,0.3895348837209302,7.2395661778857825
152,0.3953488372093023,5.486311434772434
152,0.4011627906976744,7.706271842179133
152,0.4069767441860465,11.243340770812745
152,0.4127906976744186,9.785852453426733
152,0.41860465116279066,28.844708045766055
152,0.42441860465116277,20.26538575244225
152,0.43023255813953487,6.205296320009465
152,0.436046511627907,12.232373568293061
152,0.4418604651162791,7.8519808159831825
152,0.4476744186046512,13.281931681344446
152,0.45348837209302323,15.926982796960823
152,0.45930232558139533,9.53410700070224
152,0.46511627906976744,20.929194716433138
152,0.47093023255813954,5.432693934047697
152,0.47674418604651164,7.930056715488499
152,0.4825581395348837,21.61093212684499
152,0.4883720930232558,9.393403221285743
152,0.4941860465116279,29.743716560131986
153,0.0,1.7763568394002505e-14
153,0.004975124378109453,10.26531025338844
153,0.009950248756218905,28.528107198725923
153,0.014925373134328358,4.999213754840369
153,0.01990049751243781,13.30062493217651
153,0.02487562189054726,17.618428101308275
153,0.029850746268656716,17.517308721754326
153,0.03482587064676617,13.50551399381054
153,0.03980099502487562,10.242742900543547
153,0.04477611940298507,11.997798906164856
153,0.04975124378109452,9.054989349605254
153,0.05472636815920398,6.319385106058698
153,0.05970149253731343,12.237085426284487
153,0.06467661691542288,10.980629213621482
153,0.06965174129353234,2.2803770614095322
153,0.07462686567164178,0.9041358201254924
153,0.07960199004975124,15.759995912639873
153,0.0845771144278607,11.89244691906583
153,0.08955223880597014,13.80990788402184
153,0.0945273631840796,2.307296739230193
153,0.09950248756218905,3.9116962564335545
153,0.1044776119402985,21.359949058639515
153,0.10945273631840796,8.025002337727333
153,0.1144278606965174,0.9290391491036152
153,0.11940298507462686,17.372158520196784
153,0.12437810945273632,5.900978873110702
153,0.12935323383084577,3.05163371833102
153,0.13432835820895522,20.470975977715494
153,0.13930348258706468,1.855355271598211
153,0.14427860696517414,12.521497375785223
153,0.14925373134328357,6.009331638516758
153,0.15422885572139303,25.165034428036407
153,0.15920398009950248,10.578543492755552
153,0.16417910447761194,2.4001531909646467
153,0.1691542288557214,13.000095368832625
153,0.17412935323383083,13.145062587404226
153,0.1791044776119403,3.172066888960163
153,0.18407960199004975,6.072027159734604
153,0.1890547263681592,6.163362973344366
153,0.19402985074626866,13.90074412561057
153,0.1990049751243781,4.006173546889985
153,0.20398009950248755,8.672610513841548
153,0.208955223880597,15.825347822850075
153,0.21393034825870647,2.7347701609541
153,0.21890547263681592,14.122469855530976
153,0.22388059701492538,19.57952424538287
153,0.2288557213930348,4.162936657207637
153,0.23383084577114427,15.334190931335996
153,0.23880597014925373,18.662778424991288
153,0.24378109452736318,7.772198703887398
153,0.24875621890547264,3.074666965108596
153,0.2537313432835821,9.061740881788188
153,0.25870646766169153,11.071812400845289
153,0.263681592039801,14.903598764654964
153,0.26865671641791045,28.798133426243844
153,0.2736318407960199,10.280742004840256
153,0.27860696517412936,4.0385141569024965
153,0.2835820895522388,10.292236192081203
153,0.2885572139303483,15.529689407922065
153,0.2935323383084577,4.527691827727986
153,0.29850746268656714,8.846234359010635
153,0.3034825870646766,17.867356770099274
153,0.30845771144278605,4.497598441950382
153,0.31343283582089554,15.720547471632603
153,0.31840796019900497,11.022185772269156
153,0.3233830845771144,10.47970688313151
153,0.3283582089552239,7.960066759926156
153,0.3333333333333333,29.25338018424309
153,0.3383084577114428,10.78379109831428
153,0.34328358208955223,28.89315806639663
153,0.34825870646766166,6.106416999220789
153,0.35323383084577115,26.717382497783877
153,0.3582089552238806,18.42773599283122
153,0.36318407960199006,29.16775565318005
153,0.3681592039800995,13.643295680412956
153,0.3731343283582089,18.93979764634219
153,0.3781094527363184,9.175890772448026
153,0.38308457711442784,31.723543585501396
153,0.3880597014925373,13.686394181667893
153,0.39303482587064675,7.497781983486179
153,0.3980099502487562,14.218471739934127
153,0.40298507462686567,10.534274086386937
153,0.4079601990049751,7.495406902283787
153,0.4129353233830846,23.55878029136402
153,0.417910447761194,1.8986910192232764
153,0.4228855721393035,5.802140401756313
153,0.42786069651741293,14.624033925217672
153,0.43283582089552236,7.825980484824428
153,0.43781094527363185,6.715583167678837
153,0.4427860696517413,17.43197632943209
153,0.44776119402985076,11.480680509711037
153,0.4527363184079602,21.746734303449596
153,0.4577114427860696,16.591922166478486
153,0.4626865671641791,24.93880241217908
153,0.46766169154228854,8.915908187560714
153,0.472636815920398,7.1215222771270215
153,0.47761194029850745,15.965028990084361
153,0.4825870646766169,16.175417520979543
153,0.48756218905472637,14.589650895472621
153,0.4925373134328358,11.009070303370823
153,0.4975124378109453,13.193326679762011
154,0.0,1.5987211554602254e-14
154,0.004830917874396135,21.64422757063965
154,0.00966183574879227,23.10254007041781
154,0.014492753623188404,16.996593620016416
154,0.01932367149758454,12.147622618919536
154,0.024154589371980676,19.526649853923622
154,0.02898550724637681,29.220222738898727
154,0.033816425120772944,21.275743867918088
154,0.03864734299516908,5.2217291089471285
154,0.043478260869565216,4.488722088489067
154,0.04830917874396135,12.754651428837635
154,0.05314009661835749,12.071614657599193
154,0.05797101449275362,28.766101801940454
154,0.06280193236714976,7.403175132740377
154,0.06763285024154589,12.449293005759579
154,0.07246376811594203,10.296295242551409
154,0.07729468599033816,5.440691100275665
154,0.08212560386473429,20.65154908576808
154,0.08695652173913043,22.400638894078245
154,0.09178743961352656,8.767274186852001
154,0.0966183574879227,7.559593906797054
154,0.10144927536231883,12.903641956414676
154,0.10628019323671498,8.48596520157634
154,0.1111111111111111,24.832808040093607
154,0.11594202898550723,25.44180439002365
154,0.12077294685990338,17.931757259160936
154,0.12560386473429952,7.554648918702169
154,0.13043478260869565,6.760182473777368
154,0.13526570048309178,2.3310495476172752
154,0.1400966183574879,1.6242494836851311
154,0.14492753623188406,18.46962448146251
154,0.1497584541062802,11.144729158048824
154,0.15458937198067632,6.54278457200853
154,0.15942028985507245,17.735571957272246
154,0.16425120772946858,6.50434739817371
154,0.16908212560386474,3.9633855885232516
154,0.17391304347826086,9.014859773922613
154,0.178743961352657,19.514632828872212
154,0.18357487922705312,6.039100728987889
154,0.18840579710144928,12.936982976959145
154,0.1932367149758454,12.027254825510877
154,0.19806763285024154,12.194657047519103
154,0.20289855072463767,15.545682468963378
154,0.2077294685990338,9.167046440881988
154,0.21256038647342995,14.935606433788985
154,0.21739130434782608,7.234994338811927
154,0.2222222222222222,10.320343418041825
154,0.22705314009661834,9.36625592896145
154,0.23188405797101447,23.280282428207247
154,0.23671497584541062,13.039487802056035
154,0.24154589371980675,6.891598005892188
154,0.24637681159420288,3.3474785949819936
154,0.25120772946859904,3.694401775828447
154,0.25603864734299514,9.516679469067048
154,0.2608695652173913,9.132359106718729
154,0.26570048309178745,4.268038838374154
154,0.27053140096618356,7.812130580490012
154,0.2753623188405797,24.804357170041207
154,0.2801932367149758,12.168229909780052
154,0.28502415458937197,19.03550173219708
154,0.2898550724637681,3.7554292034765764
154,0.2946859903381642,33.1217252770212
154,0.2995169082125604,17.695958669368853
154,0.3043478260869565,7.000880537711622
154,0.30917874396135264,11.43196839418088
154,0.3140096618357488,9.45893268023566
154,0.3188405797101449,12.52906948525832
154,0.32367149758454106,16.761435738374814
154,0.32850241545893716,9.709460664885853
154,0.3333333333333333,7.036450008187919
154,0.33816425120772947,16.25881925226277
154,0.3429951690821256,17.114215998912726
154,0.34782608695652173,12.63479400690623
154,0.35265700483091783,5.875811150536491
154,0.357487922705314,6.242424995658454
154,0.36231884057971014,16.430900597009032
154,0.36714975845410625,10.23902831752577
154,0.3719806763285024,20.838620085965918
154,0.37681159420289856,14.892820315670706
154,0.38164251207729466,19.054340247769925
154,0.3864734299516908,12.505715273204077
154,0.3913043478260869,6.7111211706763125
154,0.3961352657004831,2.313334068548776
154,0.40096618357487923,7.17862709442438
154,0.40579710144927533,20.43204740855203
154,0.4106280193236715,3.4946598745312603
154,0.4154589371980676,15.828948893853775
154,0.42028985507246375,16.206978300469224
154,0.4251207729468599,8.993064871877287
154,0.429951690821256,8.160322101299506
154,0.43478260869565216,21.62761225824974
154,0.43961352657004826,19.51906060951291
154,0.4444444444444444,5.291897024053354
154,0.4492753623188406,23.024158988518803
154,0.4541062801932367,9.012726265263261
154,0.45893719806763283,12.260383461264517
154,0.46376811594202894,12.968672183621985
154,0.4685990338164251,8.268554345043068
154,0.47342995169082125,17.958633677851118
154,0.47826086956521735,5.299974204045214
154,0.4830917874396135,21.552888435932918
154,0.48792270531400966,1.2279598760181776
154,0.49275362318840576,19.679791221603164
154,0.4975845410628019,9.303534275066951
155,0.0,2.220446049250313e-14
155,0.00641025641025641,7.723716621655745
155,0.01282051282051282,19.502772106864242
155,0.019230769230769232,9.283774818177047
155,0.02564102564102564,2.292066548084261
155,0.03205128205128205,10.751780863580649
155,0.038461538461538464,15.809615656067535
155,0.04487179487179487,8.132925492504858
155,0.05128205128205128,7.537881022950744
155,0.05769230769230769,8.201440771982929
155,0.0641025641025641,18.819364841341027
155,0.07051282051282051,17.079645996938073
155,0.07692307692307693,9.393769845679588
155,0.08333333333333333,15.121344850433266
155,0.08974358974358974,10.186036301337223
155,0.09615384615384615,9.67899180371957
155,0.10256410256410256,10.779644309264587
155,0.10897435897435898,6.673052290125488
155,0.11538461538461538,17.196255430441074
155,0.12179487179487179,10.930369157686478
155,0.1282051282051282,11.411187086765437
155,0.1346153846153846,20.087301191491925
155,0.14102564102564102,5.1351454851720195
155,0.14743589743589744,10.233374218936115
155,0.15384615384615385,19.153394060139735
155,0.16025641025641024,19.461384968637784
155,0.16666666666666666,14.070067340996221
155,0.17307692307692307,5.928027565856622
155,0.1794871794871795,15.823691717543122
155,0.1858974358974359,2.254017545627717
155,0.1923076923076923,10.69979227299837
155,0.1987179487179487,11.482110155697361
155,0.20512820512820512,3.904086755948144
155,0.21153846153846154,15.790527352588168
155,0.21794871794871795,8.60328034269738
155,0.22435897435897434,11.308000171029633
155,0.23076923076923075,4.460117803351139
155,0.23717948717948717,4.922046827654797
155,0.24358974358974358,9.887914627015448
155,0.25,9.266108914926068
155,0.2564102564102564,3.4521908825322765
155,0.26282051282051283,0.23413050804780478
155,0.2692307692307692,10.335459464953233
155,0.2756410256410256,3.3569571156782056
155,0.28205128205128205,8.990055738459201
155,0.28846153846153844,3.2461774151895613
155,0.2948717948717949,7.20122073156099
155,0.30128205128205127,4.2556640261742995
155,0.3076923076923077,16.24915876635165
155,0.3141025641025641,12.75763333805725
155,0.3205128205128205,1.3098212064888288
155,0.3269230769230769,20.762508878909294
155,0.3333333333333333,7.735971160787931
155,0.33974358974358976,12.095044570123225
155,0.34615384615384615,7.669537576406003
155,0.35256410256410253,19.971079188510615
155,0.358974358974359,4.510472930873515
155,0.36538461538461536,8.139160438051578
155,0.3717948717948718,25.25101801192675
155,0.3782051282051282,6.5484454069279
155,0.3846153846153846,14.46587965889
155,0.391025641025641,16.823518914422085
155,0.3974358974358974,8.96132759013494
155,0.40384615384615385,8.500755846114252
155,0.41025641025641024,8.702043209533233
155,0.41666666666666663,18.476203683445483
155,0.4230769230769231,6.876438023017101
155,0.42948717948717946,11.99286587019684
155,0.4358974358974359,8.557142029365048
155,0.4423076923076923,7.165289828988432
155,0.4487179487179487,18.332823254682044
155,0.4551282051282051,12.69597661050813
155,0.4615384615384615,16.83941024636873
155,0.46794871794871795,2.713471106635989
155,0.47435897435897434,31.598494775239185
155,0.4807692307692307,10.656364414991542
155,0.48717948717948717,1.919299678033505
155,0.49358974358974356,23.075344209559074
156,0.0,3.907985046680551e-14
156,0.006666666666666667,6.313465253515528
156,0.013333333333333334,14.670815509686394
156,0.02,7.7215745144603405
156,0.02666666666666667,10.67134734929489
156,0.03333333333333333,8.225960925321672
156,0.04,8.950362596971155
156,0.04666666666666667,0.7629465992832913
156,0.05333333333333334,4.9225958354321575
156,0.060000000000000005,4.985646482041196
156,0.06666666666666667,9.31447137608398
156,0.07333333333333333,7.445112334561829
156,0.08,10.77507156059275
156,0.08666666666666667,16.23090872545354
156,0.09333333333333334,13.998921828992998
156,0.1,12.591423985130106
156,0.10666666666666667,12.34411245554111
156,0.11333333333333334,6.142311837484451
156,0.12000000000000001,10.089732380295493
156,0.12666666666666668,6.346361650603068
156,0.13333333333333333,11.262518795718826
156,0.14,8.503852309302989
156,0.14666666666666667,6.899018281235592
156,0.15333333333333335,15.397804312597822
156,0.16,7.93575002555519
156,0.16666666666666669,6.892243738441792
156,0.17333333333333334,3.394381101965622
156,0.18000000000000002,7.1349551031333265
156,0.18666666666666668,12.646765568764804
156,0.19333333333333336,8.377606111496352
156,0.2,19.62848254446361
156,0.2066666666666667,18.168002447863405
156,0.21333333333333335,5.035320852312821
156,0.22,10.228307586143496
156,0.22666666666666668,10.319743586887101
156,0.23333333333333334,10.164163883132613
156,0.24000000000000002,16.87424828877369
156,0.24666666666666667,6.055617113895097
156,0.25333333333333335,14.469774082160733
156,0.26,18.50536675202965
156,0.26666666666666666,5.607306413086356
156,0.2733333333333334,8.528165959142303
156,0.28,16.188659397288472
156,0.2866666666666667,4.74081633126697
156,0.29333333333333333,20.9315040917335
156,0.30000000000000004,8.323691775873366
156,0.3066666666666667,24.86168503571564
156,0.31333333333333335,6.924937583284538
156,0.32,12.670350717199488
156,0.32666666666666666,11.594314539549263
156,0.33333333333333337,16.243911195115913
156,0.34,6.733713925637669
156,0.3466666666666667,7.876708101531683
156,0.35333333333333333,11.85124750540727
156,0.36000000000000004,20.282939151529806
156,0.3666666666666667,17.2185650075568
156,0.37333333333333335,5.23089657722727
156,0.38,16.22437945441146
156,0.3866666666666667,18.946199206139067
156,0.39333333333333337,17.908115093443122
156,0.4,10.73397962427791
156,0.4066666666666667,13.557717026783232
156,0.4133333333333334,22.893031665662868
156,0.42000000000000004,4.948359451726689
156,0.4266666666666667,16.362071751921967
156,0.43333333333333335,12.648082103001945
156,0.44,9.055314639133053
156,0.4466666666666667,6.543194477914268
156,0.45333333333333337,16.94247661872184
156,0.46,14.383516581867564
156,0.4666666666666667,8.9996591114878
156,0.4733333333333334,13.666235485757735
156,0.48000000000000004,2.7311611672826195
156,0.4866666666666667,8.296995567285801
156,0.49333333333333335,15.710772225775742
157,0.0,1.3322676295501878e-14
157,0.005128205128205128,32.862663955449065
157,0.010256410256410256,17.60950343328788
157,0.015384615384615385,8.388076159269966
157,0.020512820512820513,13.58092405977069
157,0.02564102564102564,2.3629786994692226
157,0.03076923076923077,6.6101021016795745
157,0.035897435897435895,22.774680695690698
157,0.041025641025641026,19.870217948734275
157,0.046153846153846156,4.279908096910882
157,0.05128205128205128,16.699506607467146
157,0.05641025641025641,7.9887985128993035
157,0.06153846153846154,12.746698723277706
157,0.06666666666666667,7.467853370295642
157,0.07179487179487179,9.374139802351696
157,0.07692307692307693,13.822269234585466
157,0.08205128205128205,11.2225709132108
157,0.08717948717948718,7.103579833935128
157,0.09230769230769231,10.771949662734118
157,0.09743589743589744,8.093679955604713
157,0.10256410256410256,12.931635543695272
157,0.1076923076923077,11.250726072181651
157,0.11282051282051282,12.30114690528453
157,0.11794871794871795,19.81048800594948
157,0.12307692307692308,22.214947725234694
157,0.1282051282051282,15.812517200235497
157,0.13333333333333333,21.96084594472429
157,0.13846153846153847,14.558557111680454
157,0.14358974358974358,14.651553899398383
157,0.14871794871794872,6.847562132429853
157,0.15384615384615385,5.818843322042975
157,0.15897435897435896,6.430086996180831
157,0.1641025641025641,28.689471207286406
157,0.16923076923076924,7.312246134328378
157,0.17435897435897435,5.611574893842261
157,0.1794871794871795,10.008942215233247
157,0.18461538461538463,6.488965438748333
157,0.18974358974358974,14.618072135880555
157,0.19487179487179487,14.360245385597112
157,0.2,10.140741124061538
157,0.20512820512820512,18.879288019188323
157,0.21025641025641026,5.732052944921706
157,0.2153846153846154,14.692436191241379
157,0.2205128205128205,22.881497968768286
157,0.22564102564102564,8.310531460780588
157,0.23076923076923078,6.7422772714424415
157,0.2358974358974359,13.906035352069644
157,0.24102564102564103,8.917621489809575
157,0.24615384615384617,7.300977768519077
157,0.2512820512820513,18.848457334253258
157,0.2564102564102564,2.031734422315603
157,0.26153846153846155,1.3318219457680982
157,0.26666666666666666,12.347286025840686
157,0.2717948717948718,6.005524833921335
157,0.27692307692307694,13.440575410555482
157,0.28205128205128205,11.444798491687106
157,0.28717948717948716,9.083948301652509
157,0.2923076923076923,9.70738188461678
157,0.29743589743589743,10.844023747711635
157,0.30256410256410254,9.491530417194104
157,0.3076923076923077,7.567867679056291
157,0.3128205128205128,3.74814400274179
157,0.31794871794871793,30.483121898152053
157,0.3230769230769231,19.40639378059875
157,0.3282051282051282,11.084451125550263
157,0.3333333333333333,7.566083632360717
157,0.3384615384615385,15.610093496170299
157,0.3435897435897436,13.659136360427313
157,0.3487179487179487,4.84224282733501
157,0.35384615384615387,11.51414963839463
157,0.358974358974359,15.351410937196155
157,0.3641025641025641,19.247673767329776
157,0.36923076923076925,13.565811017449164
157,0.37435897435897436,17.459946809396776
157,0.37948717948717947,33.08554141710691
157,0.38461538461538464,17.023890160863466
157,0.38974358974358975,16.12798126474978
157,0.39487179487179486,19.112687416298336
157,0.4,7.326090551846071
157,0.40512820512820513,12.046673011263382
157,0.41025641025641024,10.740736451483977
157,0.4153846153846154,15.566119885809359
157,0.4205128205128205,2.3022453294988594
157,0.4256410256410256,16.933570080957157
157,0.4307692307692308,7.894851614256054
157,0.4358974358974359,6.955214675062419
157,0.441025641025641,4.386651959771978
157,0.4461538461538462,6.902223386832696
157,0.4512820512820513,4.241202075512277
157,0.4564102564102564,6.216017345588182
157,0.46153846153846156,26.777912203260694
157,0.4666666666666667,10.110408622210775
157,0.4717948717948718,5.28344753542632
157,0.47692307692307695,5.1301834234151515
157,0.48205128205128206,13.716001951889796
157,0.48717948717948717,17.08655135697492
157,0.49230769230769234,3.0694383947250636
157,0.49743589743589745,22.230096629736487
158,0.0,2.220446049250313e-15
158,0.00684931506849315,27.26275630010332
158,0.0136986301369863,18.67521903546274
158,0.02054794520547945,8.226829148386678
158,0.0273972602739726,13.858043904884191
158,0.03424657534246575,30.870731525807038
158,0.0410958904109589,19.904806318929694
158,0.04794520547945205,17.766707850325687
158,0.0547945205479452,7.135938092070289
158,0.06164383561643835,1.1229164907575075
158,0.0684931506849315,9.908778134195332
158,0.07534246575342465,8.386520369205199
158,0.0821917808219178,12.087809120497713
158,0.08904109589041095,6.105939550922443
158,0.0958904109589041,8.56741199119047
158,0.10273972602739725,5.789737713126228
158,0.1095890410958904,7.879939456720758
158,0.11643835616438356,17.086131615405876
158,0.1232876712328767,13.523527204277144
158,0.13013698630136986,13.779633296125565
158,0.136986301369863,6.345459501543746
158,0.14383561643835616,20.346193736193875
158,0.1506849315068493,21.928636821943144
158,0.15753424657534246,9.102326612988435
158,0.1643835616438356,13.553416974723257
158,0.17123287671232876,1.6190973979770749
158,0.1780821917808219,12.442324262773717
158,0.18493150684931506,7.942364454052489
158,0.1917808219178082,2.6647771723045777
158,0.19863013698630136,12.149737094351664
158,0.2054794520547945,4.306391408902402
158,0.21232876712328766,5.180145987606041
158,0.2191780821917808,10.5447570529202
158,0.22602739726027396,6.998110565941908
158,0.2328767123287671,7.870665203446275
158,0.23972602739726026,11.835559617817806
158,0.2465753424657534,9.908506898370568
158,0.2534246575342466,2.191876673137512
158,0.2602739726027397,10.75498301078153
158,0.26712328767123283,23.88166673418154
158,0.273972602739726,16.39702031664162
158,0.2808219178082192,4.038740074008163
158,0.2876712328767123,5.817650039975817
158,0.29452054794520544,25.611203161878038
158,0.3013698630136986,16.558086053451994
158,0.3082191780821918,17.529329836091193
158,0.3150684931506849,5.319615135046607
158,0.32191780821917804,4.582599438325632
158,0.3287671232876712,9.025743332779829
158,0.3356164383561644,14.15112133158546
158,0.3424657534246575,3.2039059184645198
158,0.34931506849315064,7.494379855048259
158,0.3561643835616438,1.2710487893005846
158,0.363013698630137,8.582288200285275
158,0.3698630136986301,7.5634224594369375
158,0.37671232876712324,5.266494548118717
158,0.3835616438356164,6.895509831248387
158,0.3904109589041096,11.226672990630377
158,0.3972602739726027,5.1995908105166055
158,0.40410958904109584,4.282270245043559
158,0.410958904109589,5.953629960551437
158,0.4178082191780822,14.903168996700979
158,0.4246575342465753,12.617636335898958
158,0.43150684931506844,14.559499409041027
158,0.4383561643835616,7.637405207572382
158,0.4452054794520548,6.500773962944009
158,0.4520547945205479,11.683196471442935
158,0.45890410958904104,2.721265113299382
158,0.4657534246575342,5.851011959378667
158,0.4726027397260274,4.92891441396955
158,0.4794520547945205,12.881370444382933
158,0.48630136986301364,10.947431995142683
158,0.4931506849315068,8.241272938279538
159,0.0,1.509903313490213e-14
159,0.005376344086021506,10.53320879376115
159,0.010752688172043012,17.247009104285546
159,0.016129032258064516,7.1880451325468195
159,0.021505376344086023,14.076238639435488
159,0.02688172043010753,14.77801827183237
159,0.03225806451612903,16.47686530732042
159,0.03763440860215054,13.593328881390578
159,0.043010752688172046,19.9143858240043
159,0.048387096774193554,19.375346953054073
159,0.05376344086021506,1.7533871024344978
159,0.05913978494623656,7.543362401358182
159,0.06451612903225806,15.01837777119976
159,0.06989247311827958,19.106110193735216
159,0.07526881720430108,15.002918614548696
159,0.08064516129032259,14.75302930575788
159,0.08602150537634409,10.62323772722875
159,0.0913978494623656,13.055068151981867
159,0.09677419354838711,12.905760685950959
159,0.10215053763440861,6.857926329142957
159,0.10752688172043012,21.131873391975294
159,0.11290322580645162,17.94198526989109
159,0.11827956989247312,16.71625066515136
159,0.12365591397849464,21.324855591236208
159,0.12903225806451613,27.460073099247037
159,0.13440860215053765,3.5296645926732366
159,0.13978494623655915,19.24354666553346
159,0.14516129032258066,7.773489259972557
159,0.15053763440860216,13.257570238543776
159,0.15591397849462366,11.45713167309153
159,0.16129032258064518,20.171621967307996
159,0.16666666666666669,11.299334532113386
159,0.17204301075268819,13.047449023776013
159,0.1774193548387097,6.696428024108509
159,0.1827956989247312,6.823691374273552
159,0.18817204301075272,6.936101748958847
159,0.19354838709677422,7.733692392165551
159,0.19892473118279572,6.056343939358047
159,0.20430107526881722,13.174437207034613
159,0.20967741935483872,6.301910165750679
159,0.21505376344086025,6.225047655438866
159,0.22043010752688175,16.316569605553852
159,0.22580645161290325,8.02376147870335
159,0.23118279569892475,3.7352706340036974
159,0.23655913978494625,7.765213818206669
159,0.24193548387096775,7.5236013864373685
159,0.24731182795698928,10.169963417794724
159,0.25268817204301075,19.85536824385264
159,0.25806451612903225,14.913710594081444
159,0.2634408602150538,18.931535875642513
159,0.2688172043010753,8.714247314822984
159,0.2741935483870968,15.511789397000431
159,0.2795698924731183,16.506061677536866
159,0.2849462365591398,6.887251481185972
159,0.2903225806451613,9.012901003444053
159,0.2956989247311828,28.287418022083695
159,0.3010752688172043,4.699657208254606
159,0.3064516129032258,24.113035587617787
159,0.3118279569892473,6.008608566795128
159,0.31720430107526887,18.21470182576672
159,0.32258064516129037,21.233385970106692
159,0.32795698924731187,14.937161960228956
159,0.33333333333333337,9.981465407900167
159,0.33870967741935487,10.673111635908377
159,0.34408602150537637,19.508765327905444
159,0.34946236559139787,10.928508355445475
159,0.3548387096774194,15.424123231963273
159,0.3602150537634409,15.144776725803869
159,0.3655913978494624,8.948984201088521
159,0.3709677419354839,4.173126774234317
159,0.37634408602150543,24.89512392519824
159,0.38172043010752693,3.013117510503315
159,0.38709677419354843,6.718152906301118
159,0.39247311827956993,14.15941620525101
159,0.39784946236559143,18.141942650173586
159,0.40322580645161293,15.657787244269896
159,0.40860215053763443,10.353161648534888
159,0.41397849462365593,13.091138944716542
159,0.41935483870967744,11.067361965219122
159,0.42473118279569894,6.616475848748867
159,0.4301075268817205,13.516000522187433
159,0.435483870967742,11.602725882494438
159,0.4408602150537635,10.282456846458128
159,0.446236559139785,15.610271755624856
159,0.4516129032258065,6.340596264520977
159,0.456989247311828,3.0990269359058695
159,0.4623655913978495,12.914915310837298
159,0.467741935483871,12.102862236476074
159,0.4731182795698925,1.012236607926805
159,0.478494623655914,9.535908632436593
159,0.4838709677419355,14.956420087309624
159,0.48924731182795705,10.41709343406474
159,0.49462365591397855,8.537281991799379
160,0.0,8.881784197001252e-16
160,0.005050505050505051,18.055797801867396
160,0.010101010101010102,26.20888862089336
160,0.015151515151515152,35.81877184230159
160,0.020202020202020204,19.881239749384598
160,0.025252525252525256,10.03560706852961
160,0.030303030303030304,22.770947447090673
160,0.03535353535353536,12.754987616752468
160,0.04040404040404041,5.274986045712593
160,0.045454545454545456,19.572932743687073
160,0.05050505050505051,17.922698242791057
160,0.05555555555555556,6.893719867949242
160,0.06060606060606061,19.53423177523266
160,0.06565656565656566,9.112787352415685
160,0.07070707070707072,4.961966036180067
160,0.07575757575757576,8.671695494146366
160,0.08080808080808081,11.43316604701065
160,0.08585858585858587,16.58701609543019
160,0.09090909090909091,7.188456472374243
160,0.09595959595959597,19.189618678860487
160,0.10101010101010102,13.904338741647303
160,0.10606060606060606,11.811937781826472
160,0.11111111111111112,13.4542588699069
160,0.11616161616161617,13.568431331335768
160,0.12121212121212122,15.350104704178763
160,0.12626262626262627,14.711673149308776
160,0.13131313131313133,25.716576113152858
160,0.13636363636363638,17.288713784959892
160,0.14141414141414144,5.804803847055898
160,0.14646464646464646,24.418400259321366
160,0.15151515151515152,8.839844961586747
160,0.15656565656565657,17.14042007804072
160,0.16161616161616163,7.234101018244545
160,0.16666666666666669,10.340265839808685
160,0.17171717171717174,11.75404023609022
160,0.1767676767676768,15.106348555431145
160,0.18181818181818182,10.405829899590188
160,0.18686868686868688,6.281981804197672
160,0.19191919191919193,5.139354627455817
160,0.196969696969697,10.574576141157937
160,0.20202020202020204,14.206713320981027
160,0.2070707070707071,9.303172276400694
160,0.21212121212121213,10.289089315477211
160,0.21717171717171718,16.602260070737962
160,0.22222222222222224,12.791584843884062
160,0.2272727272727273,1.4716160089854422
160,0.23232323232323235,2.117250875534925
160,0.2373737373737374,16.97035940204403
160,0.24242424242424243,6.8380178998938925
160,0.2474747474747475,17.621127831455343
160,0.25252525252525254,13.52499621907081
160,0.2575757575757576,5.900241674948169
160,0.26262626262626265,4.430536270990532
160,0.2676767676767677,12.395901324016945
160,0.27272727272727276,10.7141930635295
160,0.2777777777777778,11.16884104698837
160,0.2828282828282829,22.741477830100024
160,0.2878787878787879,13.294474402247989
160,0.29292929292929293,7.879250478947201
160,0.297979797979798,6.0975816351998855
160,0.30303030303030304,12.176786770652264
160,0.3080808080808081,16.297984189850055
160,0.31313131313131315,9.335011242310589
160,0.31818181818181823,6.86338093654127
160,0.32323232323232326,11.821378464077696
160,0.3282828282828283,15.487284403003422
160,0.33333333333333337,11.336489454322512
160,0.3383838383838384,24.501050814108037
160,0.3434343434343435,9.947720667628012
160,0.3484848484848485,11.20856751867375
160,0.3535353535353536,3.852014567877523
160,0.3585858585858586,1.8151704252587144
160,0.36363636363636365,12.864885630821668
160,0.36868686868686873,13.694770443170338
160,0.37373737373737376,18.18529507204291
160,0.37878787878787884,16.15721219406608
160,0.38383838383838387,20.3134166131573
160,0.3888888888888889,18.172751876708613
160,0.393939393939394,11.448117496106402
160,0.398989898989899,8.219682414408135
160,0.4040404040404041,14.48013899954361
160,0.4090909090909091,10.884089405050034
160,0.4141414141414142,15.65443092752225
160,0.4191919191919192,9.38295408641914
160,0.42424242424242425,19.023682021653993
160,0.42929292929292934,6.49577572677336
160,0.43434343434343436,10.751495507834944
160,0.43939393939393945,14.424147015540004
160,0.4444444444444445,7.386981882925865
160,0.44949494949494956,9.511334201485333
160,0.4545454545454546,3.3093919369137814
160,0.4595959595959596,9.088264743789606
160,0.4646464646464647,9.886514226495775
160,0.4696969696969697,5.056166985473662
160,0.4747474747474748,16.266792962179913
160,0.47979797979797983,13.353203989699304
160,0.48484848484848486,22.290305369814202
160,0.48989898989898994,13.892562326966143
160,0.494949494949495,20.254969335542572
161,0.0,1.0658141036401503e-14
161,0.005376344086021506,8.531364390513412
161,0.010752688172043012,6.36865214224295
161,0.016129032258064516,11.78050138473
161,0.021505376344086023,21.734081193111127
161,0.02688172043010753,20.2001475615124
161,0.03225806451612903,19.21901832091346
161,0.03763440860215054,10.202296006841742
161,0.043010752688172046,4.782231598544924
161,0.048387096774193554,19.97384785225562
161,0.05376344086021506,15.65329185068505
161,0.05913978494623656,7.0966969193820315
161,0.06451612903225806,19.27931471444556
161,0.06989247311827958,17.013419968643653
161,0.07526881720430108,32.25746386087653
161,0.08064516129032259,19.10360306269001
161,0.08602150537634409,2.2133578052226177
161,0.0913978494623656,5.5138769225294295
161,0.09677419354838711,13.70575630608566
161,0.10215053763440861,14.738108022232279
161,0.10752688172043012,6.763737261535573
161,0.11290322580645162,5.361464714861685
161,0.11827956989247312,16.55558316600122
161,0.12365591397849464,5.849268628463811
161,0.12903225806451613,10.57600469805924
161,0.13440860215053765,20.288301327303234
161,0.13978494623655915,5.228873207751986
161,0.14516129032258066,5.502893621411827
161,0.15053763440860216,7.302451333867362
161,0.15591397849462366,6.647788496540225
161,0.16129032258064518,12.113159445121685
161,0.16666666666666669,14.535372892582304
161,0.17204301075268819,27.909467896925136
161,0.1774193548387097,20.75730452882136
161,0.1827956989247312,5.482988702812122
161,0.18817204301075272,13.77304355621579
161,0.19354838709677422,11.879472034674396
161,0.19892473118279572,5.8113315307509374
161,0.20430107526881722,14.243430767437667
161,0.20967741935483872,9.996193633121068
161,0.21505376344086025,2.8333452701061987
161,0.22043010752688175,7.886881963224251
161,0.22580645161290325,5.8199632478062275
161,0.23118279569892475,29.150057613689103
161,0.23655913978494625,10.10931967711399
161,0.24193548387096775,10.920811088024543
161,0.24731182795698928,8.839894957333101
161,0.25268817204301075,9.706677300725591
161,0.25806451612903225,8.886485655559186
161,0.2634408602150538,6.389702250361999
161,0.2688172043010753,6.205367366770856
161,0.2741935483870968,15.666636970416915
161,0.2795698924731183,18.672972913396197
161,0.2849462365591398,18.702952860504865
161,0.2903225806451613,11.694967421644595
161,0.2956989247311828,21.38405057383887
161,0.3010752688172043,9.68178852604891
161,0.3064516129032258,22.127435747019085
161,0.3118279569892473,11.025322466434629
161,0.31720430107526887,7.1518743199858905
161,0.32258064516129037,9.41469007204283
161,0.32795698924731187,8.875588193136858
161,0.33333333333333337,18.765904850803977
161,0.33870967741935487,25.580002298694602
161,0.34408602150537637,12.327676288545108
161,0.34946236559139787,8.691327687412318
161,0.3548387096774194,14.597144565764644
161,0.3602150537634409,16.83032344570686
161,0.3655913978494624,4.174630639742073
161,0.3709677419354839,16.19996619359093
161,0.37634408602150543,4.757561543334031
161,0.38172043010752693,5.630815503324095
161,0.38709677419354843,10.466201802700184
161,0.39247311827956993,9.278475258104285
161,0.39784946236559143,11.691079015022693
161,0.40322580645161293,8.303689592676525
161,0.40860215053763443,10.874794600249947
161,0.41397849462365593,12.186964235045492
161,0.41935483870967744,2.4225429582314764
161,0.42473118279569894,7.1619597245987565
161,0.4301075268817205,9.950635408466654
161,0.435483870967742,16.846189472215045
161,0.4408602150537635,12.97967962539142
161,0.446236559139785,9.42553742195135
161,0.4516129032258065,13.843309877709952
161,0.456989247311828,14.945753421218347
161,0.4623655913978495,18.301767381156942
161,0.467741935483871,14.314482325989964
161,0.4731182795698925,4.4609791360086595
161,0.478494623655914,9.140919193396062
161,0.4838709677419355,3.857400163522811
161,0.48924731182795705,6.40524556812321
161,0.49462365591397855,24.27091131627773
162,0.0,5.3290705182007514e-14
162,0.005154639175257732,29.26654035290384
162,0.010309278350515464,21.44063234079257
162,0.015463917525773196,6.1974053276047165
162,0.020618556701030927,13.716766360813045
162,0.02577319587628866,8.979177163786202
162,0.030927835051546393,8.933854164623373
162,0.03608247422680412,4.246155167048895
162,0.041237113402061855,14.112489917877795
162,0.04639175257731959,21.770763011641748
162,0.05154639175257732,6.521270635187507
162,0.05670103092783505,12.877423111651291
162,0.061855670103092786,4.3845967440643685
162,0.06701030927835051,5.237097139039411
162,0.07216494845360824,10.047533164033556
162,0.07731958762886598,12.774289273348307
162,0.08247422680412371,14.396504162441925
162,0.08762886597938144,1.2386756518896203
162,0.09278350515463918,8.276592051089162
162,0.0979381443298969,5.038601039997048
162,0.10309278350515463,10.839422622676251
162,0.10824742268041238,9.705223392645756
162,0.1134020618556701,8.922723154881497
162,0.11855670103092783,10.461095679844375
162,0.12371134020618557,2.8886183291375205
162,0.12886597938144329,11.075748239638846
162,0.13402061855670103,2.458032571015071
162,0.13917525773195877,3.1342141988572974
162,0.14432989690721648,12.476028419936688
162,0.14948453608247422,17.827915180813104
162,0.15463917525773196,8.717893244381575
162,0.15979381443298968,9.116953824905492
162,0.16494845360824742,19.54601755194131
162,0.17010309278350516,21.700905857581468
162,0.17525773195876287,21.816347408844823
162,0.18041237113402062,23.810240674915615
162,0.18556701030927836,10.106247417675245
162,0.19072164948453607,6.598651162229658
162,0.1958762886597938,12.60015476679262
162,0.20103092783505155,21.72688038099467
162,0.20618556701030927,12.189612409178185
162,0.211340206185567,6.620256209873887
162,0.21649484536082475,15.683225423560426
162,0.22164948453608246,16.825272797510074
162,0.2268041237113402,17.44361416376368
162,0.23195876288659795,17.43315918995442
162,0.23711340206185566,12.781862782766089
162,0.2422680412371134,18.49867540378492
162,0.24742268041237114,23.593437835251006
162,0.25257731958762886,9.669100466406942
162,0.25773195876288657,6.495044420801455
162,0.26288659793814434,10.694739591553168
162,0.26804123711340205,2.0241476043783617
162,0.27319587628865977,10.926249088536894
162,0.27835051546391754,12.521567009588495
162,0.28350515463917525,9.455433811990835
162,0.28865979381443296,6.178888884014299
162,0.29381443298969073,12.68999891783661
162,0.29896907216494845,25.547379180663704
162,0.30412371134020616,8.34633088175875
162,0.30927835051546393,27.159253825177565
162,0.31443298969072164,4.846280999011347
162,0.31958762886597936,5.155388487644418
162,0.3247422680412371,17.5628395871949
162,0.32989690721649484,4.839369143792245
162,0.33505154639175255,16.567059849178815
162,0.3402061855670103,6.5274011446139655
162,0.34536082474226804,19.542971698557018
162,0.35051546391752575,13.834733346924395
162,0.3556701030927835,7.354239445844465
162,0.36082474226804123,5.17046014506549
162,0.36597938144329895,10.485388474111643
162,0.3711340206185567,18.484223458762763
162,0.37628865979381443,19.392579773633773
162,0.38144329896907214,5.6054416512340195
162,0.3865979381443299,5.075892800976169
162,0.3917525773195876,13.998170717255599
162,0.39690721649484534,10.309172448065036
162,0.4020618556701031,7.506271284519963
162,0.4072164948453608,11.076410680681974
162,0.41237113402061853,1.1336192719658924
162,0.4175257731958763,15.813845418987805
162,0.422680412371134,28.960699670493998
162,0.42783505154639173,7.5445665524504815
162,0.4329896907216495,10.550730466596185
162,0.4381443298969072,21.917358464700285
162,0.44329896907216493,14.729485639964002
162,0.4484536082474227,7.732309145005485
162,0.4536082474226804,10.120849260246871
162,0.4587628865979381,16.34517395153295
162,0.4639175257731959,19.377765712390264
162,0.4690721649484536,8.738877872365572
162,0.4742268041237113,17.196285046213102
162,0.4793814432989691,2.1645954476234213
162,0.4845360824742268,15.447300859965356
162,0.4896907216494845,16.046570505586374
162,0.4948453608247423,24.179142198342483
163,0.0,2.1760371282653068e-14
163,0.0064516129032258064,11.991230304306127
163,0.012903225806451613,26.878968964966436
163,0.01935483870967742,10.176398313317497
163,0.025806451612903226,5.08687031908046
163,0.03225806451612903,13.825361785237533
163,0.03870967741935484,8.92947757792036
163,0.04516129032258064,22.719140905072383
163,0.05161290322580645,5.492211075036675
163,0.05806451612903226,17.13335676914652
163,0.06451612903225806,33.095084112992026
163,0.07096774193548387,29.610099024383512
163,0.07741935483870968,4.552852629812449
163,0.08387096774193549,8.77718085303678
163,0.09032258064516129,3.3390424853092933
163,0.0967741935483871,4.283603586242711
163,0.1032258064516129,10.7308758561789
163,0.10967741935483871,2.8537330882257463
163,0.11612903225806452,8.069750914777616
163,0.12258064516129032,5.720403369949339
163,0.12903225806451613,6.817071696399919
163,0.13548387096774195,5.3839626689695
163,0.14193548387096774,14.448615627389929
163,0.14838709677419354,16.978052606881413
163,0.15483870967741936,14.418555909351948
163,0.16129032258064516,10.41422961772919
163,0.16774193548387098,3.0860739192596234
163,0.17419354838709677,7.820918203835515
163,0.18064516129032257,19.68718063738795
163,0.1870967741935484,7.1793437868822725
163,0.1935483870967742,11.308106766936106
163,0.2,9.930064354499955
163,0.2064516129032258,16.535812401886826
163,0.2129032258064516,4.118405858206888
163,0.21935483870967742,23.223117026347268
163,0.22580645161290322,11.127306373300502
163,0.23225806451612904,3.9269090250494587
163,0.23870967741935484,12.790194808773837
163,0.24516129032258063,2.166384750895133
163,0.25161290322580643,12.428118346398898
163,0.25806451612903225,6.260045156128799
163,0.2645161290322581,9.469676498453078
163,0.2709677419354839,4.842908635965993
163,0.27741935483870966,8.504105817739081
163,0.2838709677419355,14.51599424775693
163,0.2903225806451613,12.435241932901128
163,0.2967741935483871,9.652543766470163
163,0.3032258064516129,14.91414376975395
163,0.3096774193548387,14.838965546692842
163,0.3161290322580645,6.091098795406258
163,0.3225806451612903,8.130447948608385
163,0.32903225806451614,7.258045903197427
163,0.33548387096774196,6.805579047775038
163,0.3419354838709677,7.1076090030206265
163,0.34838709677419355,13.44393287490528
163,0.3548387096774194,20.521567192658292
163,0.36129032258064514,5.589628436155813
163,0.36774193548387096,11.231568546097382
163,0.3741935483870968,11.444812846427244
163,0.38064516129032255,8.335299918831309
163,0.3870967741935484,4.3959442921023495
163,0.3935483870967742,7.171293598695301
163,0.4,10.126112055216026
163,0.4064516129032258,14.588585946243848
163,0.4129032258064516,7.460049579667012
163,0.41935483870967744,4.167830938110968
163,0.4258064516129032,10.277860264188739
163,0.432258064516129,16.709823327029884
163,0.43870967741935485,12.627553483803979
163,0.44516129032258067,10.587051369034432
163,0.45161290322580644,11.885006939641222
163,0.45806451612903226,10.355433034688815
163,0.4645161290322581,9.145714062523833
163,0.47096774193548385,14.364068350151648
163,0.4774193548387097,11.735480654432385
163,0.4838709677419355,4.425397844195034
163,0.49032258064516127,21.089451633646707
163,0.4967741935483871,8.630503147397006
164,0.0,1.554312234475219e-14
164,0.005434782608695652,18.11127414282663
164,0.010869565217391304,4.455593768291814
164,0.016304347826086956,22.07784594414884
164,0.021739130434782608,11.651687826942442
164,0.02717391304347826,19.66437399893274
164,0.03260869565217391,9.34858919191369
164,0.03804347826086957,7.072464531975624
164,0.043478260869565216,11.812773600148244
164,0.048913043478260865,9.759119210777817
164,0.05434782608695652,5.722744078181995
164,0.059782608695652176,15.472958863879867
164,0.06521739130434782,4.134476419651707
164,0.07065217391304347,16.762722560367905
164,0.07608695652173914,7.933200301804411
164,0.08152173913043478,19.158257606973418
164,0.08695652173913043,7.877574973450773
164,0.09239130434782608,10.58928062751079
164,0.09782608695652173,9.97712137605252
164,0.10326086956521739,4.706060171099349
164,0.10869565217391304,5.910949568376213
164,0.11413043478260869,8.50439364946802
164,0.11956521739130435,9.015360599529796
164,0.125,4.413526321407104
164,0.13043478260869565,7.8897190595461595
164,0.1358695652173913,2.4079239941347743
164,0.14130434782608695,19.347785264135766
164,0.1467391304347826,11.665060375529329
164,0.15217391304347827,15.123393117442724
164,0.15760869565217392,4.579939347615012
164,0.16304347826086957,15.376491120156103
164,0.16847826086956522,17.637226924891806
164,0.17391304347826086,18.55947010283339
164,0.1793478260869565,14.160478770035493
164,0.18478260869565216,14.925838490665274
164,0.1902173913043478,21.097031624277363
164,0.19565217391304346,3.3487667310922937
164,0.20108695652173914,9.884214501482258
164,0.20652173913043478,5.43742721193027
164,0.21195652173913043,6.418855741367624
164,0.21739130434782608,27.03449037242861
164,0.22282608695652173,15.163009696206366
164,0.22826086956521738,23.148895177173014
164,0.23369565217391303,19.61771636112138
164,0.2391304347826087,22.923360906845677
164,0.24456521739130435,9.095754877325055
164,0.25,10.948339351627643
164,0.2554347826086956,4.875236597839296
164,0.2608695652173913,7.321894959869585
164,0.266304347826087,15.45958133215784
164,0.2717391304347826,30.557480304390538
164,0.27717391304347827,22.2351892828623
164,0.2826086956521739,4.269685801309817
164,0.28804347826086957,10.112699384266918
164,0.2934782608695652,10.535252156454002
164,0.29891304347826086,16.820647857784543
164,0.30434782608695654,25.542666551945832
164,0.30978260869565216,15.227403862428524
164,0.31521739130434784,3.6575119472147097
164,0.32065217391304346,17.51873581922411
164,0.32608695652173914,7.842658713181271
164,0.33152173913043476,6.572686884279462
164,0.33695652173913043,18.457436496808842
164,0.34239130434782605,5.287029287594064
164,0.34782608695652173,16.518691614716747
164,0.3532608695652174,11.068570538552338
164,0.358695652173913,4.531617300556103
164,0.3641304347826087,10.873084296801906
164,0.3695652173913043,4.987811065311617
164,0.375,10.531910356911949
164,0.3804347826086956,10.776851760675596
164,0.3858695652173913,7.299606810244691
164,0.3913043478260869,9.306465350269065
164,0.3967391304347826,10.624212393901535
164,0.40217391304347827,13.064735837587747
164,0.4076086956521739,2.8808481448918446
164,0.41304347826086957,14.11861317831263
164,0.4184782608695652,19.580362445027976
164,0.42391304347826086,21.004754980622366
164,0.4293478260869565,13.662921820225929
164,0.43478260869565216,18.395163984350884
164,0.44021739130434784,16.971033914921044
164,0.44565217391304346,17.885523503604105
164,0.45108695652173914,8.992832679745158
164,0.45652173913043476,5.160144563285853
164,0.46195652173913043,4.63743578908593
164,0.46739130434782605,15.784328429244992
164,0.47282608695652173,5.058025000836474
164,0.4782608695652174,4.600639252972128
164,0.483695652173913,11.906776165685594
164,0.4891304347826087,15.28221121525225
164,0.4945652173913043,13.926559041549536
165,0.0,1.2434497875801753e-14
165,0.007194244604316547,14.957567265490638
165,0.014388489208633094,5.52070027128574
165,0.02158273381294964,6.465848231371992
165,0.02877697841726619,11.582945156593194
165,0.03597122302158273,18.749400411838543
165,0.04316546762589928,6.497285146995074
165,0.05035971223021583,15.255569889199556
165,0.05755395683453238,7.29789638757255
165,0.06474820143884892,8.48804615810645
165,0.07194244604316546,7.6083751610854495
165,0.07913669064748202,10.318772324002275
165,0.08633093525179857,12.453051556448086
165,0.09352517985611511,8.157962885208855
165,0.10071942446043167,27.213778630008175
165,0.10791366906474821,9.240593885883722
165,0.11510791366906475,13.344428790400618
165,0.1223021582733813,11.23159813586428
165,0.12949640287769784,13.585250299083901
165,0.1366906474820144,7.637339397203187
165,0.14388489208633093,20.77721351772846
165,0.1510791366906475,9.449360667261052
165,0.15827338129496404,2.4495900627575504
165,0.16546762589928057,12.765386111566254
165,0.17266187050359713,2.4370058788999738
165,0.1798561151079137,8.166104600038093
165,0.18705035971223022,5.290551494180543
165,0.19424460431654678,25.316294259576416
165,0.20143884892086333,7.891112258000296
165,0.20863309352517986,19.180228612578368
165,0.21582733812949642,8.046648079625005
165,0.22302158273381295,9.1562056374105
165,0.2302158273381295,17.930626137123145
165,0.23741007194244607,7.732334732243498
165,0.2446043165467626,2.2615219160226645
165,0.2517985611510791,14.616326605135681
165,0.2589928057553957,6.58137855147193
165,0.26618705035971224,10.10347395051111
165,0.2733812949640288,9.202212779221354
165,0.28057553956834536,2.121836473233981
165,0.28776978417266186,1.2473040038988563
165,0.2949640287769784,20.49554416021472
165,0.302158273381295,18.91859778178167
165,0.30935251798561153,22.191261663097062
165,0.3165467625899281,13.953413273584998
165,0.32374100719424465,6.2597147427278035
165,0.33093525179856115,2.623085496977585
165,0.3381294964028777,3.6444158955240944
165,0.34532374100719426,5.4238051128468925
165,0.3525179856115108,17.42476270581714
165,0.3597122302158274,6.248890741926968
165,0.3669064748201439,1.7845677111787144
165,0.37410071942446044,4.634449250183126
165,0.381294964028777,9.59943704845286
165,0.38848920863309355,6.577671065974417
165,0.3956834532374101,15.526737280745584
165,0.40287769784172667,19.823712276482514
165,0.41007194244604317,3.4411350739454085
165,0.4172661870503597,14.278797309883947
165,0.4244604316546763,11.05525258072701
165,0.43165467625899284,5.756821561139093
165,0.4388489208633094,12.911234893565505
165,0.4460431654676259,11.546874796597006
165,0.45323741007194246,9.274244842068526
165,0.460431654676259,9.457066439975375
165,0.4676258992805756,11.435016249626978
165,0.47482014388489213,4.13258165916235
165,0.48201438848920863,8.932688893537913
165,0.4892086330935252,9.157382780959589
165,0.49640287769784175,4.929479439822177
166,0.0,1.2434497875801753e-14
166,0.005,6.812191288571748
166,0.01,19.20336308436554
166,0.015,5.938807352619292
166,0.02,5.9911008610803576
166,0.025,4.791155943659576
166,0.03,13.642181135479541
166,0.035,8.003666598405935
166,0.04,10.76791091138926
166,0.045,18.018280036475026
166,0.05,12.617772917654698
166,0.055,29.038808543841814
166,0.06,10.522936481113407
166,0.065,9.384604363362827
166,0.07,1.7543632364995254
166,0.075,16.685247146887544
166,0.08,17.31764771139989
166,0.085,8.374400823035067
166,0.09,15.995472647573406
166,0.095,4.794930018105941
166,0.1,16.859448910586387
166,0.105,18.922546905024603
166,0.11,10.891550859721958
166,0.115,6.034832554223741
166,0.12,7.1272007430005955
166,0.125,5.181925429828019
166,0.13,10.357259677120565
166,0.135,19.9798972840492
166,0.14,14.498448195237652
166,0.145,17.136267447949002
166,0.15,3.9125830646106996
166,0.155,20.728243075698405
166,0.16,22.125294316699776
166,0.165,8.463882879941261
166,0.17,11.449858895441686
166,0.17500000000000002,23.6603395255329
166,0.18,12.56278566104704
166,0.185,6.780015935967768
166,0.19,11.375641250536376
166,0.195,1.6927400978177298
166,0.2,13.753548539557533
166,0.20500000000000002,9.754619311756981
166,0.21,19.384896558507307
166,0.215,15.175667683153026
166,0.22,6.491393781454254
166,0.225,12.37153544479146
166,0.23,5.581517501407019
166,0.23500000000000001,24.054922825879093
166,0.24,12.658273006953964
166,0.245,11.086221118214649
166,0.25,9.266103416889852
166,0.255,14.36527815262664
166,0.26,16.287212878121558
166,0.265,13.08773168384536
166,0.27,2.546053293127933
166,0.275,15.986014355605654
166,0.28,16.18704614375914
166,0.28500000000000003,6.910551624322417
166,0.29,16.89374583727996
166,0.295,15.928462502722445
166,0.3,3.6239029861553185
166,0.305,30.355383375614604
166,0.31,12.731823131524568
166,0.315,10.540186524356132
166,0.32,10.199484052309455
166,0.325,14.209306172279351
166,0.33,10.352578826362938
166,0.335,27.389007694982023
166,0.34,13.531772125785867
166,0.34500000000000003,24.76772810718388
166,0.35000000000000003,14.972583029434672
166,0.355,14.450496593702415
166,0.36,18.172105886847547
166,0.365,6.9556484765814
166,0.37,19.15573390065309
166,0.375,15.620902886405116
166,0.38,9.838492632864273
166,0.385,8.29879044350545
166,0.39,21.160229842474006
166,0.395,16.122880308198564
166,0.4,15.901535215254514
166,0.405,24.898037180509217
166,0.41000000000000003,7.843383354090676
166,0.41500000000000004,7.938896327698906
166,0.42,1.7294035059002346
166,0.425,4.23913999951339
166,0.43,7.616765477541264
166,0.435,7.744329033890504
166,0.44,8.790674597899965
166,0.445,14.002440627618531
166,0.45,18.89691673073917
166,0.455,7.879759919430242
166,0.46,16.679232981659307
166,0.465,12.629832992335377
166,0.47000000000000003,11.363552762029432
166,0.47500000000000003,6.103361319744541
166,0.48,18.147908861655928
166,0.485,18.851241893189055
166,0.49,4.072639321924868
166,0.495,4.761261438407675
167,0.0,1.509903313490213e-14
167,0.006289308176100629,10.394063403835052
167,0.012578616352201259,9.48461081480201
167,0.01886792452830189,8.28839905886647
167,0.025157232704402517,21.09161661014297
167,0.031446540880503145,10.207354772857856
167,0.03773584905660378,10.384525960429148
167,0.04402515723270441,14.83941909934606
167,0.050314465408805034,11.189616397616213
167,0.05660377358490566,7.824321945313757
167,0.06289308176100629,2.4225718775317175
167,0.06918238993710692,13.084770350920708
167,0.07547169811320756,10.215467003435837
167,0.08176100628930819,6.676318226930161
167,0.08805031446540881,12.973376566471671
167,0.09433962264150944,16.033870061618646
167,0.10062893081761007,10.53993612171024
167,0.1069182389937107,4.699325474431663
167,0.11320754716981132,6.732707579373701
167,0.11949685534591195,3.3859540627693767
167,0.12578616352201258,9.948716156363988
167,0.1320754716981132,0.5141922176529913
167,0.13836477987421383,5.32420772508999
167,0.14465408805031446,14.580535937999084
167,0.15094339622641512,7.099322416265878
167,0.15723270440251574,6.040421793696322
167,0.16352201257861637,7.023796786009596
167,0.169811320754717,5.862105499396281
167,0.17610062893081763,10.58866993759623
167,0.18238993710691825,8.992598755606288
167,0.18867924528301888,6.702301598297962
167,0.1949685534591195,15.552791829715295
167,0.20125786163522014,8.252585255275626
167,0.20754716981132076,19.8462710175235
167,0.2138364779874214,12.423938887454845
167,0.22012578616352202,18.446100416558753
167,0.22641509433962265,4.893991984475963
167,0.23270440251572327,7.917054222570091
167,0.2389937106918239,8.741912353735868
167,0.24528301886792453,8.928986113985681
167,0.25157232704402516,16.067755782293137
167,0.2578616352201258,13.994925486549036
167,0.2641509433962264,12.792613737645803
167,0.27044025157232704,7.286532437067297
167,0.27672955974842767,17.12269482857358
167,0.2830188679245283,7.099577532388461
167,0.2893081761006289,12.27087145736866
167,0.29559748427672955,8.115199561814599
167,0.30188679245283023,17.481334117835576
167,0.30817610062893086,6.493381392562111
167,0.3144654088050315,14.231201399067007
167,0.3207547169811321,2.4304179525117737
167,0.32704402515723274,21.620492891551983
167,0.33333333333333337,5.805337915969764
167,0.339622641509434,10.756506525295698
167,0.3459119496855346,10.397629793710854
167,0.35220125786163525,16.022444836566642
167,0.3584905660377359,20.179945661525586
167,0.3647798742138365,12.140968695837191
167,0.37106918238993714,10.640242342798375
167,0.37735849056603776,26.015990424823542
167,0.3836477987421384,8.856535061865971
167,0.389937106918239,7.8662071445129085
167,0.39622641509433965,12.977396782643524
167,0.4025157232704403,15.064639517330875
167,0.4088050314465409,16.981906395655443
167,0.41509433962264153,15.631489264766753
167,0.42138364779874216,8.66713993893774
167,0.4276729559748428,23.36803950661925
167,0.4339622641509434,16.684096825565796
167,0.44025157232704404,10.034373996116065
167,0.44654088050314467,11.156173387685845
167,0.4528301886792453,4.8343230069505365
167,0.4591194968553459,2.720544666597498
167,0.46540880503144655,8.332716634957928
167,0.4716981132075472,15.024793097841908
167,0.4779874213836478,19.537618625403866
167,0.48427672955974843,31.944508223719094
167,0.49056603773584906,4.814534242565652
167,0.4968553459119497,11.01049931357525
168,0.0,1.4876988529977098e-14
168,0.005405405405405406,18.24113746196677
168,0.010810810810810811,8.28845920051955
168,0.016216216216216217,10.102367070848238
168,0.021621621621621623,6.194791477237433
168,0.02702702702702703,13.50225986927803
168,0.032432432432432434,6.460486259802002
168,0.03783783783783784,8.616920783574834
168,0.043243243243243246,11.867349723201992
168,0.04864864864864865,14.9923707730611
168,0.05405405405405406,13.083058166015766
168,0.05945945945945946,4.314387800679886
168,0.06486486486486487,2.2903752686641607
168,0.07027027027027027,9.483258514628234
168,0.07567567567567568,17.577645123865082
168,0.08108108108108109,11.542258528513617
168,0.08648648648648649,3.943374258020283
168,0.0918918918918919,13.548032979860313
168,0.0972972972972973,11.461351308806217
168,0.10270270270270271,8.878241133151255
168,0.10810810810810811,8.078226846531766
168,0.11351351351351352,1.8141285502969189
168,0.11891891891891893,10.880257498689287
168,0.12432432432432433,9.210793290145956
168,0.12972972972972974,5.141532869746897
168,0.13513513513513514,17.389422703264685
168,0.14054054054054055,21.94710220434189
168,0.14594594594594595,2.026709124085037
168,0.15135135135135136,10.706059331023793
168,0.15675675675675677,22.119506599087426
168,0.16216216216216217,31.70608176005461
168,0.16756756756756758,14.703852253826764
168,0.17297297297297298,22.75442142462724
168,0.1783783783783784,19.579365105860404
168,0.1837837837837838,3.7253131446088266
168,0.1891891891891892,11.785690546167318
168,0.1945945945945946,6.728862531248072
168,0.2,4.28880398140072
168,0.20540540540540542,16.83500764042628
168,0.21081081081081082,27.577410785865162
168,0.21621621621621623,12.168983002772006
168,0.22162162162162163,14.351796642966468
168,0.22702702702702704,18.149611020034733
168,0.23243243243243245,8.362021525300836
168,0.23783783783783785,19.563267662033326
168,0.24324324324324326,4.181876556856277
168,0.24864864864864866,5.053719717613004
168,0.25405405405405407,9.26644457781227
168,0.2594594594594595,3.684869137202847
168,0.2648648648648649,10.562255363126448
168,0.2702702702702703,18.168618508945496
168,0.2756756756756757,14.54690448219052
168,0.2810810810810811,4.949606940714099
168,0.2864864864864865,2.8043329693281125
168,0.2918918918918919,15.70634531016205
168,0.2972972972972973,3.461351875842015
168,0.3027027027027027,18.667872895043878
168,0.3081081081081081,4.909403091671552
168,0.31351351351351353,27.337000343329485
168,0.31891891891891894,18.70966299633158
168,0.32432432432432434,16.756170221718175
168,0.32972972972972975,3.8240041734013492
168,0.33513513513513515,8.341248243814112
168,0.34054054054054056,11.802290806734138
168,0.34594594594594597,15.207994887531527
168,0.35135135135135137,14.850829594307303
168,0.3567567567567568,16.01622224116629
168,0.3621621621621622,11.806205945065868
168,0.3675675675675676,3.738529598650085
168,0.372972972972973,4.939104838152801
168,0.3783783783783784,7.420538823588864
168,0.3837837837837838,10.645995756600282
168,0.3891891891891892,8.621342507528086
168,0.3945945945945946,10.190952616694197
168,0.4,8.746306915551857
168,0.40540540540540543,12.868091940634734
168,0.41081081081081083,20.75232946766683
168,0.41621621621621624,12.113452925023443
168,0.42162162162162165,4.517658299227015
168,0.42702702702702705,12.109803075506521
168,0.43243243243243246,12.386397042883646
168,0.43783783783783786,11.545977733052379
168,0.44324324324324327,6.37817507726042
168,0.4486486486486487,23.449313062839067
168,0.4540540540540541,13.4698716153111
168,0.4594594594594595,10.411981766688605
168,0.4648648648648649,18.543424432730554
168,0.4702702702702703,13.419560894723642
168,0.4756756756756757,29.100253045788453
168,0.4810810810810811,2.454890128181663
168,0.4864864864864865,18.765960831247302
168,0.4918918918918919,14.923654959236295
168,0.4972972972972973,12.723432958088615
169,0.0,2.398081733190338e-14
169,0.005154639175257732,11.108397498640594
169,0.010309278350515464,17.28391343777754
169,0.015463917525773196,15.782045219242411
169,0.020618556701030927,1.0541303017425707
169,0.02577319587628866,18.694729038577965
169,0.030927835051546393,4.650105405521514
169,0.03608247422680412,6.360455959101966
169,0.041237113402061855,7.5340322484912585
169,0.04639175257731959,14.044186397423228
169,0.05154639175257732,7.096007428026991
169,0.05670103092783505,26.176310585248963
169,0.061855670103092786,5.895522707773672
169,0.06701030927835051,6.84621375032884
169,0.07216494845360824,14.976830016031617
169,0.07731958762886598,10.674804003625805
169,0.08247422680412371,14.799588254226313
169,0.08762886597938144,6.110863129416479
169,0.09278350515463918,13.447986778575848
169,0.0979381443298969,22.308710085561895
169,0.10309278350515463,10.530988532467667
169,0.10824742268041238,23.019317148270304
169,0.1134020618556701,28.856119709284386
169,0.11855670103092783,3.8204675710072458
169,0.12371134020618557,3.385461587952134
169,0.12886597938144329,1.345477877171144
169,0.13402061855670103,9.236205077138687
169,0.13917525773195877,9.562835827044065
169,0.14432989690721648,10.332909219162822
169,0.14948453608247422,23.883461597354
169,0.15463917525773196,9.160956404667306
169,0.15979381443298968,7.48099533413223
169,0.16494845360824742,15.704329791601115
169,0.17010309278350516,19.917128577786073
169,0.17525773195876287,19.89770711434666
169,0.18041237113402062,8.537097697567427
169,0.18556701030927836,8.112015026423604
169,0.19072164948453607,25.397201526601314
169,0.1958762886597938,10.419933370280777
169,0.20103092783505155,8.555087936574227
169,0.20618556701030927,23.50865875256366
169,0.211340206185567,5.86387093488778
169,0.21649484536082475,10.245188571533875
169,0.22164948453608246,22.928700579116818
169,0.2268041237113402,18.138462045515407
169,0.23195876288659795,20.62716104769137
169,0.23711340206185566,18.05413465650597
169,0.2422680412371134,20.974405344171497
169,0.24742268041237114,13.55372991333385
169,0.25257731958762886,4.672925116680835
169,0.25773195876288657,3.1592647131333798
169,0.26288659793814434,9.671340874738307
169,0.26804123711340205,18.2872977942041
169,0.27319587628865977,5.5801331095596804
169,0.27835051546391754,7.0387083565244
169,0.28350515463917525,7.330015906583616
169,0.28865979381443296,13.720649999081736
169,0.29381443298969073,12.743354620069526
169,0.29896907216494845,15.298207774943409
169,0.30412371134020616,3.4732787918944106
169,0.30927835051546393,12.88555034369011
169,0.31443298969072164,10.100247551850778
169,0.31958762886597936,3.8764193092975634
169,0.3247422680412371,8.798925384753234
169,0.32989690721649484,9.783548894000118
169,0.33505154639175255,18.879820969851192
169,0.3402061855670103,10.006355031349111
169,0.34536082474226804,21.757126210604948
169,0.35051546391752575,11.603386051573773
169,0.3556701030927835,18.51584242921693
169,0.36082474226804123,12.239756972337002
169,0.36597938144329895,3.4619894546768886
169,0.3711340206185567,15.18616786218912
169,0.37628865979381443,15.852652184664501
169,0.38144329896907214,6.8349991976703475
169,0.3865979381443299,10.577609861163292
169,0.3917525773195876,18.987435024722508
169,0.39690721649484534,12.6835485411161
169,0.4020618556701031,17.071737126637192
169,0.4072164948453608,13.734876533988023
169,0.41237113402061853,10.181145026489709
169,0.4175257731958763,12.121750161813587
169,0.422680412371134,13.68546004833578
169,0.42783505154639173,26.304138201854222
169,0.4329896907216495,19.158990686025817
169,0.4381443298969072,20.059451690713043
169,0.44329896907216493,3.3903329085298264
169,0.4484536082474227,8.18744817825482
169,0.4536082474226804,7.301953531502069
169,0.4587628865979381,16.622932974962755
169,0.4639175257731959,6.80086847063589
169,0.4690721649484536,8.604563492214542
169,0.4742268041237113,9.188475301631954
169,0.4793814432989691,8.208360618072646
169,0.4845360824742268,10.229573562499743
169,0.4896907216494845,19.538173973877
169,0.4948453608247423,5.839353199948434
170,0.0,3.5083047578154947e-14
170,0.005076142131979695,14.806625448825695
170,0.01015228426395939,10.51259285677359
170,0.015228426395939085,22.72729687121506
170,0.02030456852791878,13.692879817673765
170,0.025380710659898477,6.970264128445237
170,0.03045685279187817,9.346938779282784
170,0.035532994923857864,18.19002011040165
170,0.04060913705583756,21.256820765034025
170,0.04568527918781726,14.152654666070381
170,0.050761421319796954,10.650243295377557
170,0.055837563451776644,7.003502525271895
170,0.06091370558375634,4.012275821049005
170,0.06598984771573603,7.392865164875153
170,0.07106598984771573,12.165106581289407
170,0.07614213197969542,14.571949668260261
170,0.08121827411167512,7.563691313201323
170,0.08629441624365482,10.631940881431523
170,0.09137055837563451,13.953019885509086
170,0.09644670050761421,5.331182527085776
170,0.10152284263959391,16.355107783557745
170,0.10659898477157359,4.949022913959914
170,0.11167512690355329,7.5080276938767465
170,0.11675126903553298,1.065692448135389
170,0.12182741116751268,12.911593432001803
170,0.12690355329949238,23.460382433868972
170,0.13197969543147206,22.008146563681922
170,0.13705583756345177,2.0208286787085
170,0.14213197969543145,7.375907441467048
170,0.14720812182741116,5.881314590348395
170,0.15228426395939085,10.046227886198913
170,0.15736040609137056,8.732493595142023
170,0.16243654822335024,13.60186311350716
170,0.16751269035532992,10.803966524868956
170,0.17258883248730963,16.860233814558786
170,0.17766497461928932,17.27308006755844
170,0.18274111675126903,6.26122180771072
170,0.1878172588832487,20.399131614823272
170,0.19289340101522842,12.285323341688253
170,0.1979695431472081,7.125514046089387
170,0.20304568527918782,2.988687293386243
170,0.2081218274111675,26.226108162470165
170,0.21319796954314718,16.84266636278184
170,0.2182741116751269,8.532267690254312
170,0.22335025380710657,12.426780142121231
170,0.22842639593908629,29.558021786077916
170,0.23350253807106597,11.832536907805565
170,0.23857868020304568,13.042261670314634
170,0.24365482233502536,7.00804888542794
170,0.24873096446700504,18.72099941384824
170,0.25380710659898476,12.245170849406279
170,0.25888324873096447,10.703282173906135
170,0.2639593908629441,5.470803028698952
170,0.26903553299492383,19.701332356666722
170,0.27411167512690354,23.53307055973333
170,0.27918781725888325,5.919507873687557
170,0.2842639593908629,20.23243833299687
170,0.2893401015228426,12.757138799192692
170,0.29441624365482233,11.78260391158482
170,0.299492385786802,5.9715084953953985
170,0.3045685279187817,21.837252016857505
170,0.3096446700507614,9.074819643738723
170,0.3147208121827411,21.441347433935853
170,0.31979695431472077,7.7584904380834026
170,0.3248730964467005,15.759925003935617
170,0.3299492385786802,15.345932843645361
170,0.33502538071065985,4.2498078576100555
170,0.34010152284263956,11.322719630039142
170,0.34517766497461927,4.936225365767129
170,0.350253807106599,3.6023049415783537
170,0.35532994923857864,21.582912009163067
170,0.36040609137055835,7.205214027597732
170,0.36548223350253806,11.307755916178587
170,0.3705583756345177,6.084730652257361
170,0.3756345177664974,3.889924508658763
170,0.38071065989847713,12.917372263485232
170,0.38578680203045684,22.257677533192588
170,0.3908629441624365,20.554384563083076
170,0.3959390862944162,14.447149215950708
170,0.4010152284263959,9.108846292535487
170,0.40609137055837563,25.801317654360787
170,0.4111675126903553,11.84346125854201
170,0.416243654822335,14.654984506657327
170,0.4213197969543147,12.537284787355546
170,0.42639593908629436,5.402228749355589
170,0.4314720812182741,17.20279879037666
170,0.4365482233502538,32.13531711626948
170,0.4416243654822335,7.545058178369926
170,0.44670050761421315,11.112365683144514
170,0.45177664974619286,14.094323686734366
170,0.45685279187817257,19.07581567662541
170,0.4619289340101522,4.1261401807090685
170,0.46700507614213194,13.578656238748955
170,0.47208121827411165,14.205490678896187
170,0.47715736040609136,7.452798001008204
170,0.482233502538071,17.45210240841538
170,0.4873096446700507,12.532521506694717
170,0.49238578680203043,7.505930509543548
170,0.4974619289340101,4.120304759404853
171,0.0,1.2434497875801753e-14
171,0.0047169811320754715,6.55261334234803
171,0.009433962264150943,9.833569629885021
171,0.014150943396226415,2.1519967731357763
171,0.018867924528301886,7.942038408137713
171,0.023584905660377357,8.155183160522325
171,0.02830188679245283,4.02347416960916
171,0.0330188679245283,4.551604792177283
171,0.03773584905660377,3.380843249612213
171,0.04245283018867924,23.80124422274198
171,0.04716981132075471,17.68027388662224
171,0.051886792452830184,11.311497361163916
171,0.05660377358490566,5.962962545478492
171,0.06132075471698113,10.945480919991805
171,0.0660377358490566,2.00693786005455
171,0.07075471698113207,10.635541110692952
171,0.07547169811320754,16.334819742171273
171,0.08018867924528301,22.36655122927625
171,0.08490566037735849,14.457795939068815
171,0.08962264150943396,12.774400992127678
171,0.09433962264150943,19.290800877137716
171,0.0990566037735849,12.112266835388757
171,0.10377358490566037,16.047049030192895
171,0.10849056603773584,9.27107567017363
171,0.11320754716981132,7.74650391068789
171,0.1179245283018868,6.072370721262131
171,0.12264150943396226,10.672997069237983
171,0.12735849056603774,11.39336495621414
171,0.1320754716981132,7.2434724330567795
171,0.13679245283018868,20.65939849987401
171,0.14150943396226415,20.76587012299918
171,0.14622641509433962,17.770559696587004
171,0.1509433962264151,15.651915450262816
171,0.15566037735849056,3.5212823884477213
171,0.16037735849056603,3.495502046381885
171,0.1650943396226415,13.143742201178844
171,0.16981132075471697,24.17269755282189
171,0.17452830188679244,10.256643940483748
171,0.1792452830188679,14.844667678953975
171,0.18396226415094338,11.269197255144016
171,0.18867924528301885,9.66877510028211
171,0.19339622641509432,13.875768559335508
171,0.1981132075471698,4.598920773227692
171,0.20283018867924527,5.367223967229278
171,0.20754716981132074,9.657589980020195
171,0.2122641509433962,8.541796817984812
171,0.21698113207547168,16.170728177500564
171,0.22169811320754715,10.981115664427405
171,0.22641509433962265,17.559311352120673
171,0.23113207547169812,15.744393787650253
171,0.2358490566037736,9.848042720461288
171,0.24056603773584906,13.448045825353033
171,0.24528301886792453,2.755244771549472
171,0.25,15.753690812977533
171,0.25471698113207547,14.399819648221627
171,0.25943396226415094,13.169767071032808
171,0.2641509433962264,27.361814396988727
171,0.2688679245283019,18.058009698280163
171,0.27358490566037735,17.21883600275357
171,0.2783018867924528,12.134094347102627
171,0.2830188679245283,18.35062183002974
171,0.28773584905660377,6.3822246726838285
171,0.29245283018867924,16.03862017361786
171,0.2971698113207547,19.301321987040023
171,0.3018867924528302,17.760849114794105
171,0.30660377358490565,2.885128368998628
171,0.3113207547169811,25.541490012561926
171,0.3160377358490566,15.661446390036499
171,0.32075471698113206,12.32435863017525
171,0.32547169811320753,19.047103102117163
171,0.330188679245283,1.3125091034169414
171,0.33490566037735847,11.270671322263855
171,0.33962264150943394,18.650181207429842
171,0.3443396226415094,18.602565624773707
171,0.3490566037735849,7.294420962378522
171,0.35377358490566035,9.30297167928936
171,0.3584905660377358,13.56280125418185
171,0.3632075471698113,16.43234606387924
171,0.36792452830188677,11.86013872525515
171,0.37264150943396224,12.891225585679814
171,0.3773584905660377,14.90724635848324
171,0.3820754716981132,24.18677362109381
171,0.38679245283018865,19.744933860219106
171,0.3915094339622641,0.9304122280764925
171,0.3962264150943396,9.065466209564384
171,0.40094339622641506,25.12662320610388
171,0.40566037735849053,24.418612774572143
171,0.410377358490566,26.719760002658717
171,0.4150943396226415,8.60450832220214
171,0.41981132075471694,8.704963985204984
171,0.4245283018867924,10.81279276077916
171,0.4292452830188679,9.222154405229109
171,0.43396226415094336,24.648698828616364
171,0.4386792452830188,16.312540370881255
171,0.4433962264150943,20.052230510546835
171,0.44811320754716977,9.81997619811867
171,0.4528301886792453,13.6889689467637
171,0.45754716981132076,11.098656825803934
171,0.46226415094339623,27.935058358080134
171,0.4669811320754717,6.587029792876471
171,0.4716981132075472,4.601427940199216
171,0.47641509433962265,7.927598979838607
171,0.4811320754716981,12.095036929816363
171,0.4858490566037736,22.083150173351214
171,0.49056603773584906,19.474740981011244
171,0.49528301886792453,6.994115126568323
172,0.0,1.5987211554602254e-14
172,0.005494505494505495,23.85191677597635
172,0.01098901098901099,19.729133450839917
172,0.016483516483516484,8.476688849516533
172,0.02197802197802198,8.924775914392384
172,0.027472527472527476,12.13817684562188
172,0.03296703296703297,4.550950138934206
172,0.038461538461538464,9.774678096197507
172,0.04395604395604396,13.431567231370746
172,0.049450549450549455,7.2462763989446355
172,0.05494505494505495,22.714223577537027
172,0.06043956043956045,7.851386018561382
172,0.06593406593406594,6.436830038928994
172,0.07142857142857144,12.165174419928286
172,0.07692307692307693,14.242792203025141
172,0.08241758241758243,7.3636456989474635
172,0.08791208791208792,6.889858961489987
172,0.09340659340659341,28.15795691957578
172,0.09890109890109891,14.081349012289111
172,0.1043956043956044,14.805252556681657
172,0.1098901098901099,4.503779375246216
172,0.11538461538461539,14.182329718842354
172,0.1208791208791209,5.418126667465996
172,0.1263736263736264,5.448482378921097
172,0.13186813186813187,9.19231774027308
172,0.13736263736263737,9.384465560695432
172,0.14285714285714288,15.882436544097573
172,0.14835164835164835,20.51500296616075
172,0.15384615384615385,1.0898231557653706
172,0.15934065934065936,8.650465028135047
172,0.16483516483516486,20.967766678177217
172,0.17032967032967034,8.664011644840176
172,0.17582417582417584,7.1058788543094344
172,0.18131868131868134,3.2171929944038067
172,0.18681318681318682,5.21806475058272
172,0.19230769230769232,12.979707842481487
172,0.19780219780219782,10.11845916214965
172,0.20329670329670332,3.01736385958312
172,0.2087912087912088,3.5057082284674146
172,0.2142857142857143,13.002284839333546
172,0.2197802197802198,11.707751358557902
172,0.22527472527472528,11.297451298041478
172,0.23076923076923078,4.847045054427538
172,0.23626373626373628,6.828798547251799
172,0.2417582417582418,9.518178613694127
172,0.24725274725274726,29.498121353083572
172,0.2527472527472528,25.306611297595065
172,0.25824175824175827,4.156935475289787
172,0.26373626373626374,12.669351709203577
172,0.2692307692307693,9.459215502881767
172,0.27472527472527475,10.894455643013693
172,0.2802197802197802,7.006384781128787
172,0.28571428571428575,8.938412263600613
172,0.29120879120879123,6.34984611979373
172,0.2967032967032967,4.188341606778484
172,0.30219780219780223,4.746002466677026
172,0.3076923076923077,5.866419945858982
172,0.3131868131868132,5.158241654597886
172,0.3186813186813187,17.761756192466056
172,0.3241758241758242,14.724211034354525
172,0.3296703296703297,2.4789943492145636
172,0.3351648351648352,10.704223475181271
172,0.34065934065934067,6.973957467201893
172,0.3461538461538462,6.8066261061089826
172,0.3516483516483517,7.311269347514741
172,0.35714285714285715,28.193638075571872
172,0.3626373626373627,13.730558018996419
172,0.36813186813186816,3.532900905896486
172,0.37362637362637363,15.017568325490329
172,0.37912087912087916,2.2683488999944292
172,0.38461538461538464,5.73175695589615
172,0.39010989010989017,20.83553348887682
172,0.39560439560439564,7.489031768918914
172,0.4010989010989011,22.617016939376274
172,0.40659340659340665,11.156794584776362
172,0.4120879120879121,25.620459900556305
172,0.4175824175824176,24.253122406000827
172,0.42307692307692313,27.865423825898787
172,0.4285714285714286,17.633672745781084
172,0.4340659340659341,12.548707942948353
172,0.4395604395604396,14.833127484297757
172,0.4450549450549451,12.742951327171143
172,0.45054945054945056,13.315703094230187
172,0.4560439560439561,4.107491709959296
172,0.46153846153846156,18.079438723903905
172,0.4670329670329671,3.294846891853052
172,0.47252747252747257,14.128803695023938
172,0.47802197802197804,24.4214670639918
172,0.4835164835164836,14.555687800085614
172,0.48901098901098905,7.332812447527633
172,0.4945054945054945,11.53630672731666
173,0.0,0.0
173,0.005235602094240838,3.4391224767287554
173,0.010471204188481676,8.6715357354608
173,0.015706806282722516,23.62365212868513
173,0.020942408376963352,1.2322812087288368
173,0.02617801047120419,10.759339095472713
173,0.03141361256544503,17.992133061085944
173,0.03664921465968587,16.085357678877827
173,0.041884816753926704,16.274513444460194
173,0.04712041884816754,24.030524985016854
173,0.05235602094240838,6.07280556010408
173,0.05759162303664922,14.480772440065554
173,0.06282722513089006,18.0357390309519
173,0.06806282722513089,17.514193038140622
173,0.07329842931937174,17.033119108601344
173,0.07853403141361257,3.059618107229518
173,0.08376963350785341,12.295730845756808
173,0.08900523560209425,3.133638436190582
173,0.09424083769633508,3.349116491408685
173,0.09947643979057592,13.186106723094612
173,0.10471204188481675,10.702742353254306
173,0.1099476439790576,14.769898747059612
173,0.11518324607329844,10.307395682353935
173,0.12041884816753927,12.386071143183681
173,0.12565445026178013,19.213941270105973
173,0.13089005235602094,6.434053539988775
173,0.13612565445026178,12.396795942462528
173,0.14136125654450263,10.243863124441088
173,0.14659685863874347,3.8626253355655344
173,0.15183246073298431,8.623401061955263
173,0.15706806282722513,17.141144223031194
173,0.16230366492146597,16.788780581947993
173,0.16753926701570682,9.782083034275438
173,0.17277486910994766,8.475201874993902
173,0.1780104712041885,20.52552952494035
173,0.18324607329842932,24.528711318283875
173,0.18848167539267016,22.40047265872222
173,0.193717277486911,15.702220090072585
173,0.19895287958115185,15.617156179974662
173,0.2041884816753927,7.754620848064943
173,0.2094240837696335,13.957056298325137
173,0.21465968586387435,9.303777752470598
173,0.2198952879581152,6.770774740940167
173,0.22513089005235604,7.0538246673680405
173,0.23036649214659688,7.289349635305469
173,0.23560209424083772,17.609779124070876
173,0.24083769633507854,10.958974657906221
173,0.24607329842931938,6.325585333743034
173,0.25130890052356025,14.922277052447368
173,0.25654450261780104,9.67652368348136
173,0.2617801047120419,17.50317582549619
173,0.2670157068062827,7.493990818603994
173,0.27225130890052357,5.673357897048823
173,0.2774869109947644,3.8123841027032106
173,0.28272251308900526,8.33588241755964
173,0.2879581151832461,16.975244702274402
173,0.29319371727748694,12.048736246069842
173,0.2984293193717278,16.524511817280526
173,0.30366492146596863,12.802963683601046
173,0.3089005235602094,8.613069790319964
173,0.31413612565445026,10.43906288700582
173,0.3193717277486911,14.040087876300065
173,0.32460732984293195,20.23659976398246
173,0.3298429319371728,17.377967294599422
173,0.33507853403141363,19.17406158809689
173,0.3403141361256545,19.921492748792744
173,0.3455497382198953,15.750141264286546
173,0.35078534031413616,7.328375892355548
173,0.356020942408377,15.52387003056689
173,0.36125654450261785,11.576906667021385
173,0.36649214659685864,9.841374966982645
173,0.3717277486910995,13.489757351631928
173,0.3769633507853403,25.296987476376657
173,0.38219895287958117,12.445708488827325
173,0.387434554973822,3.980218947425471
173,0.39267015706806285,21.455203448479665
173,0.3979057591623037,7.7875842329699925
173,0.40314136125654454,5.9584231991190215
173,0.4083769633507854,2.1925190274289292
173,0.4136125654450262,5.272595635018651
173,0.418848167539267,12.416824278290619
173,0.42408376963350786,25.465308806770498
173,0.4293193717277487,7.399546382958278
173,0.43455497382198954,10.393302175874616
173,0.4397905759162304,7.588741609687995
173,0.44502617801047123,5.063615777135365
173,0.4502617801047121,22.43418154991478
173,0.4554973821989529,5.047845559971081
173,0.46073298429319376,16.332134326560027
173,0.4659685863874346,11.213712677247077
173,0.47120418848167545,12.88625524221211
173,0.47643979057591623,24.817288792792233
173,0.4816753926701571,21.076428794934394
173,0.4869109947643979,1.3552458115258266
173,0.49214659685863876,4.163948364902654
173,0.4973821989528796,19.161924687476308
174,0.0,7.993605777301127e-15
174,0.006896551724137931,5.503205173362111
174,0.013793103448275862,14.865643739574566
174,0.020689655172413793,12.159843416674137
174,0.027586206896551724,9.255435826735518
174,0.034482758620689655,17.447950317329784
174,0.041379310344827586,8.70263096616823
174,0.04827586206896552,8.81473316029113
174,0.05517241379310345,17.026375959701983
174,0.06206896551724138,15.989454973438955
174,0.06896551724137931,21.34487673216756
174,0.07586206896551724,11.822760443496081
174,0.08275862068965517,18.31799647205281
174,0.0896551724137931,12.627580740473256
174,0.09655172413793103,14.3762567718225
174,0.10344827586206896,14.301079254409256
174,0.1103448275862069,8.286289589273546
174,0.11724137931034483,7.594286746437979
174,0.12413793103448276,14.598570834721993
174,0.13103448275862067,18.136206417694087
174,0.13793103448275862,2.667473965101729
174,0.14482758620689656,6.980896556017969
174,0.15172413793103448,6.256602095449163
174,0.1586206896551724,7.586768156670724
174,0.16551724137931034,20.676650387947106
174,0.1724137931034483,4.5074898250534225
174,0.1793103448275862,12.69496232488721
174,0.18620689655172412,23.75218040657824
174,0.19310344827586207,6.452034919344579
174,0.2,16.107413064711594
174,0.20689655172413793,5.04628372060459
174,0.21379310344827585,7.63813522696009
174,0.2206896551724138,5.782585275104174
174,0.22758620689655173,21.319797379781498
174,0.23448275862068965,8.328814062719468
174,0.24137931034482757,8.468025038216233
174,0.2482758620689655,18.461756497893425
174,0.25517241379310346,1.284405232466349
174,0.26206896551724135,5.000640064026221
174,0.2689655172413793,12.989278579508122
174,0.27586206896551724,22.6078970976067
174,0.2827586206896552,19.324226050623786
174,0.2896551724137931,9.698948519262759
174,0.296551724137931,13.920784772368233
174,0.30344827586206896,5.1694036129793055
174,0.3103448275862069,5.741484538792191
174,0.3172413793103448,7.376491484389707
174,0.32413793103448274,6.483259421108793
174,0.3310344827586207,4.414448914975209
174,0.33793103448275863,5.014045659567486
174,0.3448275862068966,13.960199491312656
174,0.35172413793103446,11.929991833408371
174,0.3586206896551724,3.1476149643571283
174,0.36551724137931035,17.370893255951763
174,0.37241379310344824,11.839231655692272
174,0.3793103448275862,1.075824629276119
174,0.38620689655172413,10.291896013804813
174,0.3931034482758621,11.082663812137277
174,0.4,5.602101317507485
174,0.4068965517241379,7.6559689259025605
174,0.41379310344827586,18.585247053477936
174,0.4206896551724138,18.3757398035251
174,0.4275862068965517,2.871690085492749
174,0.43448275862068964,10.633015907405134
174,0.4413793103448276,6.10987350432778
174,0.4482758620689655,4.317312269920523
174,0.45517241379310347,13.126112790727989
174,0.46206896551724136,5.677291450502593
174,0.4689655172413793,12.97319489119323
174,0.47586206896551725,3.9530958603412496
174,0.48275862068965514,8.43293613321322
174,0.4896551724137931,5.030169243855823
174,0.496551724137931,12.29274934556626
175,0.0,1.9539925233402755e-14
175,0.005263157894736842,21.889002236221696
175,0.010526315789473684,6.962882368624414
175,0.015789473684210527,7.756555062661418
175,0.021052631578947368,9.379500266560164
175,0.02631578947368421,21.902108999885282
175,0.031578947368421054,7.327245330633129
175,0.03684210526315789,14.586130730799486
175,0.042105263157894736,18.72167359176169
175,0.04736842105263158,5.239253606146321
175,0.05263157894736842,1.2733922368368404
175,0.05789473684210526,12.511947112852168
175,0.06315789473684211,20.13939960524993
175,0.06842105263157895,16.937150444654407
175,0.07368421052631578,15.290818488152102
175,0.07894736842105263,9.778194245175028
175,0.08421052631578947,18.42365076518939
175,0.08947368421052632,11.280656299776723
175,0.09473684210526316,16.35525817674907
175,0.09999999999999999,7.773618188758026
175,0.10526315789473684,7.916014383196467
175,0.11052631578947368,12.156715355820559
175,0.11578947368421053,11.789436660862902
175,0.12105263157894737,16.584478206379163
175,0.12631578947368421,19.730684104962368
175,0.13157894736842105,15.859861764516637
175,0.1368421052631579,13.49756178279755
175,0.14210526315789473,19.885407357143546
175,0.14736842105263157,2.5937028444223866
175,0.15263157894736842,25.50160274412358
175,0.15789473684210525,16.635274408033805
175,0.1631578947368421,3.2395339550526696
175,0.16842105263157894,13.440130719999333
175,0.17368421052631577,2.1457565575354383
175,0.17894736842105263,9.766257186697745
175,0.18421052631578946,14.239305577483014
175,0.18947368421052632,6.181864757609776
175,0.19473684210526315,16.672633335441876
175,0.19999999999999998,8.518242086530485
175,0.20526315789473684,15.138480860821534
175,0.21052631578947367,17.218324395992923
175,0.21578947368421053,12.410239873324763
175,0.22105263157894736,3.485114055372979
175,0.2263157894736842,11.454633682971103
175,0.23157894736842105,13.111103927713488
175,0.23684210526315788,5.003628160743132
175,0.24210526315789474,17.75336869301541
175,0.24736842105263157,14.663207656215517
175,0.25263157894736843,20.340778011434463
175,0.25789473684210523,5.959176078232215
175,0.2631578947368421,5.486982965522363
175,0.26842105263157895,4.084102185766531
175,0.2736842105263158,17.252305592420484
175,0.2789473684210526,10.580486067671973
175,0.28421052631578947,6.736509302434227
175,0.2894736842105263,3.7981005929931317
175,0.29473684210526313,14.753373850968769
175,0.3,11.40507621014626
175,0.30526315789473685,11.014144110253255
175,0.31052631578947365,4.334102652221886
175,0.3157894736842105,29.11967413835183
175,0.32105263157894737,11.883590736178983
175,0.3263157894736842,5.096755365372765
175,0.33157894736842103,5.375918059798656
175,0.3368421052631579,7.334161108485495
175,0.34210526315789475,11.532682667692807
175,0.34736842105263155,20.946108854148505
175,0.3526315789473684,15.28285725006951
175,0.35789473684210527,5.414859706188657
175,0.3631578947368421,5.599147250363191
175,0.3684210526315789,7.328710390101627
175,0.3736842105263158,18.326590779565866
175,0.37894736842105264,10.885915139659453
175,0.38421052631578945,15.615886332940518
175,0.3894736842105263,10.789665914135464
175,0.39473684210526316,13.825689270504997
175,0.39999999999999997,10.256312383261463
175,0.4052631578947368,22.78570722944191
175,0.4105263157894737,32.92308232195024
175,0.41578947368421054,4.5813609994806
175,0.42105263157894735,6.228970145086104
175,0.4263157894736842,12.974898288431204
175,0.43157894736842106,15.031842111521014
175,0.43684210526315786,4.829231556153339
175,0.4421052631578947,3.01284326745372
175,0.4473684210526316,7.732007176988882
175,0.4526315789473684,6.435118665649501
175,0.45789473684210524,24.34481331627057
175,0.4631578947368421,13.087522673408145
175,0.46842105263157896,17.949335320058037
175,0.47368421052631576,18.30566629938122
175,0.4789473684210526,13.061985261153149
175,0.4842105263157895,17.262467780416998
175,0.4894736842105263,8.872991870548777
175,0.49473684210526314,13.750445633612008
176,0.0,1.1102230246251565e-14
176,0.006535947712418301,21.68857679257474
176,0.013071895424836602,13.615118871609328
176,0.0196078431372549,8.608659804967575
176,0.026143790849673203,22.14880316736358
176,0.032679738562091505,10.718722226376885
176,0.0392156862745098,7.450021292647631
176,0.04575163398692811,15.55274163616141
176,0.05228758169934641,7.371790416603373
176,0.058823529411764705,4.678147263310538
176,0.06535947712418301,5.341555803743019
176,0.07189542483660132,11.49975322081416
176,0.0784313725490196,7.887519603045255
176,0.08496732026143791,18.846996333073598
176,0.09150326797385622,13.149333086805768
176,0.09803921568627451,15.321824941469915
176,0.10457516339869281,7.777068617208176
176,0.11111111111111112,4.0962571606691975
176,0.11764705882352941,15.613163935203316
176,0.12418300653594772,10.51993984240196
176,0.13071895424836602,14.161319590628212
176,0.13725490196078433,19.631011635985338
176,0.14379084967320263,12.481830108567534
176,0.1503267973856209,7.18712982564862
176,0.1568627450980392,6.354726361582088
176,0.16339869281045752,4.132557913720978
176,0.16993464052287582,14.720288535772898
176,0.17647058823529413,12.742469285676522
176,0.18300653594771243,8.00978279270134
176,0.1895424836601307,13.288274438538997
176,0.19607843137254902,7.770701376751835
176,0.20261437908496732,7.679447237221828
176,0.20915032679738563,14.601622485834186
176,0.21568627450980393,19.589584180400966
176,0.22222222222222224,5.481547709105551
176,0.22875816993464054,24.686280322338686
176,0.23529411764705882,13.2028108900815
176,0.24183006535947713,17.72370523520945
176,0.24836601307189543,10.135624323465656
176,0.2549019607843137,6.746490524270051
176,0.26143790849673204,30.578484328697638
176,0.2679738562091503,2.8349166945491904
176,0.27450980392156865,3.7328650934912364
176,0.28104575163398693,12.715169918828373
176,0.28758169934640526,6.473120639171592
176,0.29411764705882354,22.511810938552138
176,0.3006535947712418,7.823824552706563
176,0.30718954248366015,16.03943186474078
176,0.3137254901960784,2.541719308778956
176,0.32026143790849676,10.343185501624136
176,0.32679738562091504,18.09320293320202
176,0.33333333333333337,12.92007841872914
176,0.33986928104575165,2.9845417422233647
176,0.3464052287581699,13.360091120176465
176,0.35294117647058826,10.362886151287903
176,0.35947712418300654,9.985887430715719
176,0.36601307189542487,6.324835163500804
176,0.37254901960784315,3.808352770099426
176,0.3790849673202614,1.6486587596413145
176,0.38562091503267976,10.064506970628043
176,0.39215686274509803,1.0288566672244683
176,0.39869281045751637,3.1853062521297124
176,0.40522875816993464,14.840586510801058
176,0.411764705882353,7.183946273833905
176,0.41830065359477125,8.1260990542552
176,0.42483660130718953,8.89812128142276
176,0.43137254901960786,25.191953357020253
176,0.43790849673202614,13.131923203245782
176,0.4444444444444445,8.388899397877838
176,0.45098039215686275,4.841166999246481
176,0.4575163398692811,12.109910846215849
176,0.46405228758169936,4.922517333432406
176,0.47058823529411764,10.18307059000334
176,0.477124183006536,10.241660078291256
176,0.48366013071895425,6.659068633676076
176,0.4901960784313726,14.2536327928735
176,0.49673202614379086,3.4838400594525907
177,0.0,7.993605777301127e-15
177,0.006211180124223602,8.34144224617255
177,0.012422360248447204,21.40569427928194
177,0.018633540372670808,7.001753696468834
177,0.024844720496894408,6.7725596507652455
177,0.03105590062111801,5.113222621587819
177,0.037267080745341616,20.171166127784016
177,0.043478260869565216,12.346304545843372
177,0.049689440993788817,10.24173774977135
177,0.05590062111801242,19.895936639225305
177,0.06211180124223602,8.295516596305324
177,0.06832298136645962,21.336562101292266
177,0.07453416149068323,26.907932652754642
177,0.08074534161490683,3.1597084423476867
177,0.08695652173913043,5.922729397891232
177,0.09316770186335403,1.3627650744628566
177,0.09937888198757763,17.746119606542365
177,0.10559006211180123,3.56164017753237
177,0.11180124223602483,18.186234850967377
177,0.11801242236024843,12.950027230011827
177,0.12422360248447203,10.669279157643455
177,0.13043478260869565,4.0168214806993925
177,0.13664596273291924,11.561675851447069
177,0.14285714285714285,1.9544766169773728
177,0.14906832298136646,9.690279564783856
177,0.15527950310559005,15.743991725615098
177,0.16149068322981366,21.05412710862039
177,0.16770186335403725,2.0136913040269016
177,0.17391304347826086,5.509744322517874
177,0.18012422360248445,12.69799103463025
177,0.18633540372670807,11.53116479338804
177,0.19254658385093165,5.3118262122120825
177,0.19875776397515527,11.86420877671812
177,0.20496894409937888,13.443617788649334
177,0.21118012422360247,18.836983251686025
177,0.21739130434782608,8.922437471686296
177,0.22360248447204967,11.324340601963833
177,0.22981366459627328,9.71677826695269
177,0.23602484472049687,8.104440131719414
177,0.24223602484472048,6.849214317244491
177,0.24844720496894407,15.991332515462608
177,0.2546583850931677,14.403112997216107
177,0.2608695652173913,20.847713256663006
177,0.2670807453416149,3.480565706245538
177,0.27329192546583847,7.936045182180045
177,0.2795031055900621,9.166905683379522
177,0.2857142857142857,23.207791993454947
177,0.2919254658385093,7.077448208886529
177,0.2981366459627329,13.475533842631958
177,0.3043478260869565,5.85728187394912
177,0.3105590062111801,13.96050317340121
177,0.3167701863354037,13.130938144535676
177,0.32298136645962733,5.8936802983215735
177,0.3291925465838509,20.057812864058544
177,0.3354037267080745,2.368961154430101
177,0.3416149068322981,8.878641913447813
177,0.34782608695652173,11.521650952962114
177,0.35403726708074534,3.3230465531706916
177,0.3602484472049689,8.521571779101363
177,0.3664596273291925,12.007494642290101
177,0.37267080745341613,14.989738434039776
177,0.37888198757763975,3.16446468519624
177,0.3850931677018633,18.369431663384944
177,0.3913043478260869,13.71602919427325
177,0.39751552795031053,2.9956120904753587
177,0.40372670807453415,10.172656002578407
177,0.40993788819875776,18.057865138946553
177,0.4161490683229813,18.979604552759753
177,0.42236024844720493,19.092911962960674
177,0.42857142857142855,5.5729351281391875
177,0.43478260869565216,13.039934005731833
177,0.4409937888198757,5.817395719325795
177,0.44720496894409933,9.53117230364514
177,0.45341614906832295,9.172951929682977
177,0.45962732919254656,17.617370617361125
177,0.4658385093167702,10.76184875599765
177,0.47204968944099374,12.496096622111795
177,0.47826086956521735,7.25209797411272
177,0.48447204968944096,19.94482024407355
177,0.4906832298136646,8.360513036535973
177,0.49689440993788814,9.108922657595638
178,0.0,1.5987211554602254e-14
178,0.005405405405405406,16.790466060186425
178,0.010810810810810811,14.208758380255338
178,0.016216216216216217,9.972487219619639
178,0.021621621621621623,7.603443123038725
178,0.02702702702702703,14.144531310029993
178,0.032432432432432434,26.598581524096033
178,0.03783783783783784,18.529980764397365
178,0.043243243243243246,9.943356706689165
178,0.04864864864864865,14.618269480396377
178,0.05405405405405406,16.456245595981795
178,0.05945945945945946,12.059209213597802
178,0.06486486486486487,17.376391022366587
178,0.07027027027027027,9.440625415770578
178,0.07567567567567568,16.52780906306208
178,0.08108108108108109,5.809786333302238
178,0.08648648648648649,3.9797192486137707
178,0.0918918918918919,5.880755616125849
178,0.0972972972972973,13.121774713065484
178,0.10270270270270271,8.084964836334743
178,0.10810810810810811,10.854188703960698
178,0.11351351351351352,30.247462458582568
178,0.11891891891891893,7.315017806204244
178,0.12432432432432433,9.935148074921074
178,0.12972972972972974,19.567802049665538
178,0.13513513513513514,23.067573448308348
178,0.14054054054054055,15.624162440367723
178,0.14594594594594595,6.217706437592971
178,0.15135135135135136,9.146775512408498
178,0.15675675675675677,11.004120142052184
178,0.16216216216216217,2.580978051705385
178,0.16756756756756758,16.91793448413628
178,0.17297297297297298,15.31504080261057
178,0.1783783783783784,19.198871514143406
178,0.1837837837837838,14.09073071271756
178,0.1891891891891892,12.244104963283922
178,0.1945945945945946,19.38301898026279
178,0.2,11.77380010917012
178,0.20540540540540542,1.2809065616174675
178,0.21081081081081082,17.460668554076612
178,0.21621621621621623,11.189252482766118
178,0.22162162162162163,1.5361955455635363
178,0.22702702702702704,8.67193245923569
178,0.23243243243243245,20.03719598803812
178,0.23783783783783785,9.963582338533932
178,0.24324324324324326,15.228206854638675
178,0.24864864864864866,18.136552410372456
178,0.25405405405405407,3.619345720079303
178,0.2594594594594595,11.899718951391984
178,0.2648648648648649,6.429594690491547
178,0.2702702702702703,12.124530492560474
178,0.2756756756756757,18.217012802728377
178,0.2810810810810811,7.951252974525784
178,0.2864864864864865,7.97496165405339
178,0.2918918918918919,13.911480463745526
178,0.2972972972972973,1.4135039454259903
178,0.3027027027027027,11.564405845610665
178,0.3081081081081081,5.960864660571321
178,0.31351351351351353,20.639038347887514
178,0.31891891891891894,5.144156726982117
178,0.32432432432432434,21.814049661795615
178,0.32972972972972975,10.026862061311347
178,0.33513513513513515,6.137425307930004
178,0.34054054054054056,13.899273135548517
178,0.34594594594594597,6.277930914440095
178,0.35135135135135137,3.385621084846576
178,0.3567567567567568,5.856438967846745
178,0.3621621621621622,19.2341272675805
178,0.3675675675675676,9.074810728003566
178,0.372972972972973,16.02627381950076
178,0.3783783783783784,19.434616934665065
178,0.3837837837837838,3.1721128617046803
178,0.3891891891891892,17.69454145258184
178,0.3945945945945946,19.85316179045589
178,0.4,6.435187621706777
178,0.40540540540540543,11.881735654286485
178,0.41081081081081083,5.587123266054872
178,0.41621621621621624,18.338599773523534
178,0.42162162162162165,10.270742056250834
178,0.42702702702702705,4.214396569513227
178,0.43243243243243246,12.350604951437623
178,0.43783783783783786,4.6645672189264085
178,0.44324324324324327,7.914438443056178
178,0.4486486486486487,11.286551645601007
178,0.4540540540540541,5.397049428486578
178,0.4594594594594595,16.236147747025946
178,0.4648648648648649,6.79534110891594
178,0.4702702702702703,28.733975835675356
178,0.4756756756756757,13.61090140565501
178,0.4810810810810811,12.046238362993225
178,0.4864864864864865,11.806870064777488
178,0.4918918918918919,23.297748511812237
178,0.4972972972972973,7.632838014316953
179,0.0,2.886579864025407e-15
179,0.005235602094240838,31.417098851381095
179,0.010471204188481676,12.415322950559279
179,0.015706806282722516,15.050909598166717
179,0.020942408376963352,5.230447256499023
179,0.02617801047120419,9.84855185550741
179,0.03141361256544503,5.128694739002689
179,0.03664921465968587,10.809374411264926
179,0.041884816753926704,8.603359257560722
179,0.04712041884816754,11.779359676762704
179,0.05235602094240838,27.213071742993073
179,0.05759162303664922,6.9376145414011745
179,0.06282722513089006,2.086503169779419
179,0.06806282722513089,28.3703742166302
179,0.07329842931937174,17.2624659992137
179,0.07853403141361257,13.084210421627448
179,0.08376963350785341,13.67252862833784
179,0.08900523560209425,4.1481386581106605
179,0.09424083769633508,4.357643005857681
179,0.09947643979057592,3.016577094629462
179,0.10471204188481675,17.415297610441108
179,0.1099476439790576,10.300880214994756
179,0.11518324607329844,7.130623408759151
179,0.12041884816753927,9.055017359052426
179,0.12565445026178013,9.835979897290219
179,0.13089005235602094,15.342175905758213
179,0.13612565445026178,4.934762381721592
179,0.14136125654450263,2.970086752868085
179,0.14659685863874347,20.471464252675855
179,0.15183246073298431,16.953141523770192
179,0.15706806282722513,8.889482760749349
179,0.16230366492146597,11.811070241944886
179,0.16753926701570682,6.216101515894379
179,0.17277486910994766,11.987963060349106
179,0.1780104712041885,16.795764947400897
179,0.18324607329842932,13.647036642709104
179,0.18848167539267016,10.30797605428966
179,0.193717277486911,20.589708369097334
179,0.19895287958115185,20.36685057339849
179,0.2041884816753927,23.51026545938321
179,0.2094240837696335,9.221839491229055
179,0.21465968586387435,17.69401183821803
179,0.2198952879581152,2.2616848184315854
179,0.22513089005235604,5.91468538539849
179,0.23036649214659688,14.896684150257768
179,0.23560209424083772,12.484481509749855
179,0.24083769633507854,4.326810618413321
179,0.24607329842931938,10.415732189442638
179,0.25130890052356025,6.891652726124629
179,0.25654450261780104,9.115083889762767
179,0.2617801047120419,15.929866766819485
179,0.2670157068062827,6.2490467371901115
179,0.27225130890052357,10.89630578368333
179,0.2774869109947644,3.8704099569225465
179,0.28272251308900526,6.043858291985528
179,0.2879581151832461,18.363245313582848
179,0.29319371727748694,2.196860249969681
179,0.2984293193717278,8.054064831654824
179,0.30366492146596863,3.174028914906766
179,0.3089005235602094,16.527826030272266
179,0.31413612565445026,12.804705481377006
179,0.3193717277486911,8.802104332982939
179,0.32460732984293195,12.413264280710278
179,0.3298429319371728,7.686256752875367
179,0.33507853403141363,8.849092120404139
179,0.3403141361256545,19.336138934335974
179,0.3455497382198953,6.615220376729676
179,0.35078534031413616,15.015607211460809
179,0.356020942408377,1.3106169750569387
179,0.36125654450261785,1.9460183410528575
179,0.36649214659685864,16.059280311633675
179,0.3717277486910995,12.298975479243754
179,0.3769633507853403,21.130797470480783
179,0.38219895287958117,10.111504277164057
179,0.387434554973822,17.23112399702232
179,0.39267015706806285,24.771768917306748
179,0.3979057591623037,21.903380292011015
179,0.40314136125654454,21.960647240848896
179,0.4083769633507854,11.142665298062553
179,0.4136125654450262,17.364599237590763
179,0.418848167539267,16.121547370279917
179,0.42408376963350786,11.771098379284878
179,0.4293193717277487,10.802017554360752
179,0.43455497382198954,21.783862844613946
179,0.4397905759162304,15.325059339610421
179,0.44502617801047123,11.5186446463258
179,0.4502617801047121,15.223346914711694
179,0.4554973821989529,11.199842996383149
179,0.46073298429319376,9.213218097095943
179,0.4659685863874346,17.638570484909476
179,0.47120418848167545,6.063879560657582
179,0.47643979057591623,3.5878746571744173
179,0.4816753926701571,28.934721913927522
179,0.4869109947643979,9.646462425560818
179,0.49214659685863876,11.12020203095916
179,0.4973821989528796,15.281406434150774
180,0.0,2.6645352591003757e-15
180,0.005025125628140704,10.40340793085392
180,0.010050251256281407,15.267857187349477
180,0.01507537688442211,17.727234212529083
180,0.020100502512562814,9.288133305772623
180,0.02512562814070352,12.110456426833412
180,0.03015075376884422,10.889541052413163
180,0.035175879396984924,12.196613876235332
180,0.04020100502512563,25.740264163012753
180,0.04522613065326633,12.783280522223043
180,0.05025125628140704,1.8475921144825205
180,0.05527638190954774,17.830245228942733
180,0.06030150753768844,11.866510449710116
180,0.06532663316582915,10.65871086286648
180,0.07035175879396985,20.540498636622743
180,0.07537688442211056,18.706622399016467
180,0.08040201005025126,12.702232795090831
180,0.08542713567839195,22.601302301790696
180,0.09045226130653267,15.375911393621168
180,0.09547738693467336,15.948116881989135
180,0.10050251256281408,12.893757208739101
180,0.10552763819095477,7.294120001472859
180,0.11055276381909548,22.188113378301487
180,0.11557788944723618,9.4562774762379
180,0.12060301507537688,12.437892297066188
180,0.12562814070351758,1.1731817677115484
180,0.1306532663316583,9.527645566165512
180,0.135678391959799,17.981136124754528
180,0.1407035175879397,16.221085763869674
180,0.1457286432160804,15.992368288352283
180,0.15075376884422112,8.333829877964043
180,0.15577889447236182,15.321536429012875
180,0.16080402010050251,13.811092024612272
180,0.1658291457286432,11.03336513649438
180,0.1708542713567839,16.57567958430431
180,0.17587939698492464,21.544253286476142
180,0.18090452261306533,17.01026213330081
180,0.18592964824120603,3.7834968161107834
180,0.19095477386934673,12.560235207867107
180,0.19597989949748745,12.585426568067211
180,0.20100502512562815,17.224186025630924
180,0.20603015075376885,6.235634975749176
180,0.21105527638190955,4.452233007507191
180,0.21608040201005024,7.195908833008303
180,0.22110552763819097,15.134706157067518
180,0.22613065326633167,14.172605015766154
180,0.23115577889447236,20.000461020911317
180,0.23618090452261306,10.178992989965073
180,0.24120603015075376,6.894930632946575
180,0.24623115577889448,22.029296109655796
180,0.25125628140703515,15.142358675335675
180,0.2562814070351759,17.190141182835816
180,0.2613065326633166,2.8204232301731658
180,0.2663316582914573,10.877076231043791
180,0.271356783919598,16.565589598014192
180,0.2763819095477387,12.765486869692875
180,0.2814070351758794,5.652467321615887
180,0.2864321608040201,5.9079289501582855
180,0.2914572864321608,17.310875218566483
180,0.2964824120603015,21.063540458208923
180,0.30150753768844224,18.666810591986252
180,0.3065326633165829,16.675720603829266
180,0.31155778894472363,7.658881357650566
180,0.3165829145728643,12.221178523051226
180,0.32160804020100503,11.214323405754733
180,0.32663316582914576,4.509949731812495
180,0.3316582914572864,25.556653576081903
180,0.33668341708542715,11.808179080393394
180,0.3417085427135678,13.586901635252858
180,0.34673366834170855,15.354912232694119
180,0.35175879396984927,15.877107346151599
180,0.35678391959798994,12.202620316265909
180,0.36180904522613067,8.478298828782176
180,0.36683417085427134,21.478352554701484
180,0.37185929648241206,10.831187927891756
180,0.3768844221105528,16.084139865851398
180,0.38190954773869346,15.123039745837001
180,0.3869346733668342,3.377323086852902
180,0.3919597989949749,5.540057776588616
180,0.3969849246231156,16.141186070807077
180,0.4020100502512563,9.276505745035896
180,0.40703517587939697,4.560341132925782
180,0.4120603015075377,19.87034422327426
180,0.4170854271356784,21.397735763818773
180,0.4221105527638191,4.813688092874629
180,0.4271356783919598,6.661601376755286
180,0.4321608040201005,22.832502022831342
180,0.4371859296482412,11.54656034808908
180,0.44221105527638194,5.211633264972416
180,0.4472361809045226,13.679091521969923
180,0.45226130653266333,6.744202384405034
180,0.457286432160804,18.956489662289723
180,0.4623115577889447,11.239101299100842
180,0.46733668341708545,20.424290871908834
180,0.4723618090452261,15.545895813095925
180,0.47738693467336685,15.511114637929952
180,0.4824120603015075,7.796018410376838
180,0.48743718592964824,10.339044456350903
180,0.49246231155778897,9.697745927817294
180,0.49748743718592964,6.84475097445046
181,0.0,1.4210854715202004e-14
181,0.005025125628140704,23.269522399807766
181,0.010050251256281407,12.657277996466938
181,0.01507537688442211,14.470632553344965
181,0.020100502512562814,11.043005957588838
181,0.02512562814070352,8.878561436305587
181,0.03015075376884422,24.40359847183746
181,0.035175879396984924,3.335111616598989
181,0.04020100502512563,5.655265173594732
181,0.04522613065326633,11.783976160320897
181,0.05025125628140704,4.720219541482143
181,0.05527638190954774,7.054139322974818
181,0.06030150753768844,0.4810636086446363
181,0.06532663316582915,16.907961787678015
181,0.07035175879396985,4.861182013102123
181,0.07537688442211056,20.158253427038687
181,0.08040201005025126,18.677326419270496
181,0.08542713567839195,12.981572368728177
181,0.09045226130653267,8.737112059770444
181,0.09547738693467336,19.05130484842881
181,0.10050251256281408,9.092625959231052
181,0.10552763819095477,12.591984628511275
181,0.11055276381909548,6.905991199608951
181,0.11557788944723618,13.571615638507946
181,0.12060301507537688,7.505553824496505
181,0.12562814070351758,13.075710949848085
181,0.1306532663316583,12.76105276902812
181,0.135678391959799,5.633493517222416
181,0.1407035175879397,20.201545744175718
181,0.1457286432160804,6.087193238858142
181,0.15075376884422112,3.10814341867912
181,0.15577889447236182,17.005387583374688
181,0.16080402010050251,11.84099676289565
181,0.1658291457286432,10.391200286671381
181,0.1708542713567839,13.22032640473969
181,0.17587939698492464,3.6638809210597696
181,0.18090452261306533,23.821766325005164
181,0.18592964824120603,16.417376325593864
181,0.19095477386934673,9.998231190770474
181,0.19597989949748745,15.118823396220078
181,0.20100502512562815,8.368010378132544
181,0.20603015075376885,4.114920692290945
181,0.21105527638190955,14.106081596132572
181,0.21608040201005024,19.732188182975005
181,0.22110552763819097,8.042477190343403
181,0.22613065326633167,18.105839915888176
181,0.23115577889447236,17.54390048251355
181,0.23618090452261306,6.053654603192685
181,0.24120603015075376,18.883113341084854
181,0.24623115577889448,20.24298959354319
181,0.25125628140703515,14.026867000630917
181,0.2562814070351759,22.13164443447501
181,0.2613065326633166,19.600450647291545
181,0.2663316582914573,23.964633398249898
181,0.271356783919598,15.677770977150384
181,0.2763819095477387,24.236037339025703
181,0.2814070351758794,7.661923077210134
181,0.2864321608040201,23.32215779873354
181,0.2914572864321608,12.339609395973449
181,0.2964824120603015,6.168667449342976
181,0.30150753768844224,6.455760590323326
181,0.3065326633165829,16.295624237851044
181,0.31155778894472363,5.374487920749699
181,0.3165829145728643,16.819464702183925
181,0.32160804020100503,7.928853859743051
181,0.32663316582914576,12.17010339267061
181,0.3316582914572864,9.39633508951838
181,0.33668341708542715,16.21556264622714
181,0.3417085427135678,2.9900255578240023
181,0.34673366834170855,15.477493383721212
181,0.35175879396984927,7.361244381220832
181,0.35678391959798994,35.311284514711886
181,0.36180904522613067,13.085769361519251
181,0.36683417085427134,11.9161213893741
181,0.37185929648241206,12.120361470034537
181,0.3768844221105528,11.373018183912086
181,0.38190954773869346,3.0435420422625596
181,0.3869346733668342,11.098604948181585
181,0.3919597989949749,12.100436823707442
181,0.3969849246231156,13.266384747559163
181,0.4020100502512563,8.688844562654685
181,0.40703517587939697,13.516232428529827
181,0.4120603015075377,24.28223608751092
181,0.4170854271356784,20.72886563864919
181,0.4221105527638191,10.211669040969435
181,0.4271356783919598,8.857956033002257
181,0.4321608040201005,3.886176227966896
181,0.4371859296482412,15.70847412989043
181,0.44221105527638194,8.728331265158348
181,0.4472361809045226,3.7459307779054947
181,0.45226130653266333,17.402216992869455
181,0.457286432160804,11.512834520660284
181,0.4623115577889447,11.155800653261684
181,0.46733668341708545,22.79801811314228
181,0.4723618090452261,11.725799886227763
181,0.47738693467336685,19.005600136150182
181,0.4824120603015075,14.33625356398732
181,0.48743718592964824,5.603452285512316
181,0.49246231155778897,6.255265540344037
181,0.49748743718592964,5.818957687047281
182,0.0,5.3290705182007514e-14
182,0.004739336492890996,19.961501360586627
182,0.009478672985781991,19.561825337354474
182,0.014218009478672987,14.2009259145032
182,0.018957345971563982,7.822224084944723
182,0.023696682464454978,18.028364212653113
182,0.028436018957345974,11.06788993244811
182,0.03317535545023697,16.59026068916289
182,0.037914691943127965,20.870875208150192
182,0.04265402843601896,10.22469025275479
182,0.047393364928909956,15.968385269055899
182,0.05213270142180095,3.877056998907486
182,0.05687203791469195,12.805142203720537
182,0.06161137440758294,4.77264633760109
182,0.06635071090047394,13.305384582622102
182,0.07109004739336494,1.3416572505334143
182,0.07582938388625593,12.99872860505976
182,0.08056872037914692,6.824695615261145
182,0.08530805687203792,10.282923490510353
182,0.09004739336492892,4.913040107584987
182,0.09478672985781991,7.741194803435584
182,0.0995260663507109,17.565488008400404
182,0.1042654028436019,15.131173159007748
182,0.1090047393364929,5.30149284683628
182,0.1137440758293839,2.3419794951992503
182,0.11848341232227488,1.4046129821873654
182,0.12322274881516589,3.952984103319323
182,0.1279620853080569,9.916078606796548
182,0.13270142180094788,21.175095947913032
182,0.13744075829383887,12.743175915621698
182,0.14218009478672988,10.794537306372685
182,0.14691943127962087,3.483077925676441
182,0.15165876777251186,11.165520199737179
182,0.15639810426540285,10.979378051939467
182,0.16113744075829384,2.503902819598196
182,0.16587677725118485,12.288034494551734
182,0.17061611374407584,14.21709484281693
182,0.17535545023696683,17.563023305420323
182,0.18009478672985785,8.203282452188072
182,0.18483412322274884,22.876588992326933
182,0.18957345971563982,22.93723783404855
182,0.1943127962085308,13.93673946137293
182,0.1990521327014218,5.4892003613271045
182,0.20379146919431282,6.511356260355848
182,0.2085308056872038,21.46777714115759
182,0.2132701421800948,18.732665088894468
182,0.2180094786729858,11.93750897643244
182,0.2227488151658768,25.582769529322988
182,0.2274881516587678,7.277191686299183
182,0.23222748815165878,17.3063929721177
182,0.23696682464454977,12.186677298132274
182,0.24170616113744078,14.723280211109866
182,0.24644549763033177,19.768660088605493
182,0.2511848341232228,14.961346415456289
182,0.2559241706161138,5.899534351235527
182,0.26066350710900477,10.958380142823469
182,0.26540284360189575,8.123328169025358
182,0.27014218009478674,8.688241311913602
182,0.27488151658767773,6.8937592028440395
182,0.2796208530805687,20.733371582378577
182,0.28436018957345977,9.933481459053743
182,0.28909952606635075,26.07879098538926
182,0.29383886255924174,12.956003027137342
182,0.29857819905213273,4.439911030166939
182,0.3033175355450237,23.473681874948195
182,0.3080568720379147,5.480732837262755
182,0.3127962085308057,10.04533419293276
182,0.3175355450236967,23.329423586557386
182,0.3222748815165877,12.240412881099958
182,0.3270142180094787,16.169797827910102
182,0.3317535545023697,9.388401532250805
182,0.3364928909952607,29.910479726176842
182,0.3412322274881517,23.647063552164138
182,0.3459715639810427,13.69157498468924
182,0.35071090047393366,11.589598518644552
182,0.35545023696682465,13.817099135152722
182,0.3601895734597157,21.839556522715007
182,0.3649289099526067,17.631128369289442
182,0.3696682464454977,17.307516559594596
182,0.37440758293838866,10.402030724853585
182,0.37914691943127965,12.022510137932453
182,0.38388625592417064,20.58608976417093
182,0.3886255924170616,11.059086081201102
182,0.3933649289099526,24.11393871993519
182,0.3981042654028436,24.955625596921678
182,0.40284360189573465,9.4821278519659
182,0.40758293838862564,6.649169680081112
182,0.4123222748815166,14.838006448794987
182,0.4170616113744076,17.517168714857508
182,0.4218009478672986,4.052848575699455
182,0.4265402843601896,4.886882684032573
182,0.4312796208530806,8.279372343804122
182,0.4360189573459716,4.980495268212323
182,0.4407582938388626,10.435419082267494
182,0.4454976303317536,13.784677722026107
182,0.4502369668246446,12.139353749570374
182,0.4549763033175356,6.844459198392565
182,0.45971563981042657,11.481124416945683
182,0.46445497630331756,11.533765806703112
182,0.46919431279620855,10.008224439631565
182,0.47393364928909953,8.652487970588178
182,0.4786729857819906,32.06325538531674
182,0.48341232227488157,17.012029003580512
182,0.48815165876777256,2.2989893308324647
182,0.49289099526066354,22.99417769519838
182,0.49763033175355453,12.10174543605429
183,0.0,3.552713678800501e-15
183,0.005780346820809248,17.367096779682733
183,0.011560693641618497,8.85343961753198
183,0.017341040462427744,12.845305913196661
183,0.023121387283236993,19.36543038951137
183,0.028901734104046242,15.753420760737875
183,0.03468208092485549,7.232969915312963
183,0.04046242774566474,7.161974245529208
183,0.046242774566473986,12.038764076736705
183,0.05202312138728323,17.63808168285428
183,0.057803468208092484,12.816167769399652
183,0.06358381502890173,11.99847699228076
183,0.06936416184971098,6.66759373559411
183,0.07514450867052022,15.849444230835987
183,0.08092485549132948,14.298751835680733
183,0.08670520231213873,5.62424261897965
183,0.09248554913294797,13.52572473581993
183,0.09826589595375722,7.974485935292162
183,0.10404624277456646,8.434061841924528
183,0.10982658959537572,5.64115218967935
183,0.11560693641618497,0.9543103253021542
183,0.12138728323699421,16.267381238695823
183,0.12716763005780346,10.117164590984425
183,0.1329479768786127,21.178019342902857
183,0.13872832369942195,2.113517347430751
183,0.1445086705202312,3.1616582123440518
183,0.15028901734104044,9.93029790329127
183,0.15606936416184972,6.455825966578088
183,0.16184971098265896,25.832853622418146
183,0.1676300578034682,8.44795160543016
183,0.17341040462427745,5.219081133179129
183,0.1791907514450867,13.574277827540362
183,0.18497109826589594,13.486460100146804
183,0.1907514450867052,10.195424844341744
183,0.19653179190751444,15.866767447025273
183,0.20231213872832368,7.152846600137439
183,0.20809248554913293,8.786289779753785
183,0.21387283236994217,4.096543330928568
183,0.21965317919075145,2.6725612058871393
183,0.2254335260115607,20.41523416581376
183,0.23121387283236994,28.185622610559896
183,0.23699421965317918,21.06653442647712
183,0.24277456647398843,13.280783195270276
183,0.24855491329479767,10.095588612669609
183,0.2543352601156069,16.076397854681677
183,0.26011560693641617,7.989035349530345
183,0.2658959537572254,8.790338147285706
183,0.27167630057803466,6.093623121323686
183,0.2774566473988439,4.876882080967231
183,0.28323699421965315,18.24017018511504
183,0.2890173410404624,16.751855683760663
183,0.29479768786127164,15.969482931065686
183,0.3005780346820809,5.369961829940634
183,0.30635838150289013,5.303439252651275
183,0.31213872832369943,13.70804696254993
183,0.3179190751445087,5.894284307572812
183,0.3236994219653179,27.718179883024685
183,0.32947976878612717,15.339031511885306
183,0.3352601156069364,10.64735333768172
183,0.34104046242774566,10.939596302883901
183,0.3468208092485549,8.850594014704264
183,0.35260115606936415,16.12016751424743
183,0.3583815028901734,14.59882654538719
183,0.36416184971098264,23.148378312764923
183,0.3699421965317919,20.494345789388525
183,0.37572254335260113,0.6072223802967267
183,0.3815028901734104,18.765227490652983
183,0.3872832369942196,8.877486496678426
183,0.39306358381502887,7.327058755221273
183,0.3988439306358381,8.419649194976824
183,0.40462427745664736,21.253297445809824
183,0.4104046242774566,6.059774551899191
183,0.41618497109826585,10.16151035913107
183,0.4219653179190751,12.522219479364916
183,0.42774566473988435,25.90872098839846
183,0.43352601156069365,12.701317902095358
183,0.4393063583815029,7.9363077531491255
183,0.44508670520231214,8.952506881460819
183,0.4508670520231214,12.182166958105261
183,0.45664739884393063,16.941165208003277
183,0.4624277456647399,3.247974477308352
183,0.4682080924855491,6.703685537526807
183,0.47398843930635837,12.384093195111001
183,0.4797687861271676,6.426793563981834
183,0.48554913294797686,6.408848857110462
183,0.4913294797687861,8.952365556843814
183,0.49710982658959535,7.9711209842595165
184,0.0,8.43769498715119e-15
184,0.00558659217877095,12.885874808846095
184,0.0111731843575419,14.253427916217117
184,0.01675977653631285,2.3706216437554626
184,0.0223463687150838,22.521344136283673
184,0.02793296089385475,19.888557786694093
184,0.0335195530726257,19.481685878273456
184,0.03910614525139665,17.288530123629684
184,0.0446927374301676,11.821850250382282
184,0.05027932960893855,13.140614268202324
184,0.0558659217877095,4.023371205069639
184,0.06145251396648045,5.425597005639639
184,0.0670391061452514,23.24237426110816
184,0.07262569832402235,22.443513859858115
184,0.0782122905027933,18.238192045726127
184,0.08379888268156425,8.565080932657626
184,0.0893854748603352,23.95794254122714
184,0.09497206703910614,22.736420223962693
184,0.1005586592178771,27.943121240258098
184,0.10614525139664804,21.55837406618431
184,0.111731843575419,15.005512031387278
184,0.11731843575418995,9.391047591224655
184,0.1229050279329609,16.488211580934134
184,0.12849162011173185,6.408098570364849
184,0.1340782122905028,9.76297316074017
184,0.13966480446927373,2.0560314905457355
184,0.1452513966480447,9.433516276034249
184,0.15083798882681565,11.580457176699985
184,0.1564245810055866,10.186464942805662
184,0.16201117318435754,11.114202974141099
184,0.1675977653631285,8.846294889945199
184,0.17318435754189945,7.860475555198541
184,0.1787709497206704,7.319760975593138
184,0.18435754189944134,7.101207175724999
184,0.18994413407821228,10.584007491171413
184,0.19553072625698326,19.58983504474433
184,0.2011173184357542,3.364064518123266
184,0.20670391061452514,4.3986663492156515
184,0.2122905027932961,17.10492250370374
184,0.21787709497206706,14.591873851535881
184,0.223463687150838,2.38419283383337
184,0.22905027932960895,7.3917613785793135
184,0.2346368715083799,1.7535673447342768
184,0.24022346368715083,10.61694232105233
184,0.2458100558659218,14.2173231499907
184,0.25139664804469275,13.691581679594062
184,0.2569832402234637,6.446370811069889
184,0.26256983240223464,8.622606221367327
184,0.2681564245810056,14.40406784174798
184,0.2737430167597765,10.106113809775561
184,0.27932960893854747,5.722804111010178
184,0.28491620111731847,14.05861553107537
184,0.2905027932960894,10.044300814027338
184,0.29608938547486036,19.75497483336412
184,0.3016759776536313,10.123499804113331
184,0.30726256983240224,16.028493078844303
184,0.3128491620111732,16.881449944527333
184,0.31843575418994413,10.630790287300266
184,0.3240223463687151,13.359729241051832
184,0.329608938547486,4.372018853448752
184,0.335195530726257,11.19552417422013
184,0.34078212290502796,19.19026804159743
184,0.3463687150837989,8.935787626622078
184,0.35195530726256985,12.100224971843748
184,0.3575418994413408,13.910148132333186
184,0.36312849162011174,6.286130055089587
184,0.3687150837988827,19.27877559344418
184,0.3743016759776536,7.880861114467013
184,0.37988826815642457,11.35555019278264
184,0.38547486033519557,17.01838499968867
184,0.3910614525139665,8.167790473607594
184,0.39664804469273746,14.502778932623947
184,0.4022346368715084,15.900773169124854
184,0.40782122905027934,17.638117091649107
184,0.4134078212290503,15.973601309487655
184,0.41899441340782123,20.867237896393938
184,0.4245810055865922,5.854146629297126
184,0.4301675977653631,10.365074496341698
184,0.4357541899441341,12.396089380633654
184,0.44134078212290506,8.809585288106348
184,0.446927374301676,6.59383741340092
184,0.45251396648044695,15.747142920372958
184,0.4581005586592179,5.581629863281844
184,0.46368715083798884,12.672348021623016
184,0.4692737430167598,14.977005997959328
184,0.4748603351955307,11.903775140536888
184,0.48044692737430167,6.7727035169121415
184,0.48603351955307267,4.247084010571359
184,0.4916201117318436,12.628481991934208
184,0.49720670391061456,4.2001084753935425
185,0.0,4.3076653355456074e-14
185,0.0051813471502590676,12.855384215407504
185,0.010362694300518135,16.895733464873057
185,0.015544041450777202,5.789625617423257
185,0.02072538860103627,14.016264605916827
185,0.02590673575129534,13.886332765394362
185,0.031088082901554404,9.957871875269399
185,0.036269430051813475,12.306414927538826
185,0.04145077720207254,6.074221319692408
185,0.046632124352331605,9.617567746378757
185,0.05181347150259068,4.220962643106154
185,0.05699481865284974,14.479935141398133
185,0.06217616580310881,17.317897960174093
185,0.06735751295336788,10.788402720258421
185,0.07253886010362695,16.425528707148715
185,0.07772020725388601,8.79027138313245
185,0.08290155440414508,12.463476159617414
185,0.08808290155440415,15.351997823245632
185,0.09326424870466321,9.371735565174454
185,0.09844559585492228,9.6595388605641
185,0.10362694300518135,16.343934397407626
185,0.10880829015544041,24.86662931073429
185,0.11398963730569948,7.276805093815578
185,0.11917098445595856,18.76299625546156
185,0.12435233160621761,11.301127292202205
185,0.1295336787564767,7.642681894998525
185,0.13471502590673576,12.782222324930654
185,0.13989637305699482,13.269775829245095
185,0.1450777202072539,7.746233147510916
185,0.15025906735751296,13.312562535875342
185,0.15544041450777202,13.953096204370665
185,0.1606217616580311,5.067376511225442
185,0.16580310880829016,1.8907023843412702
185,0.17098445595854922,11.315024081885223
185,0.1761658031088083,13.271409451563644
185,0.18134715025906736,10.74482829606902
185,0.18652849740932642,17.78531268948954
185,0.1917098445595855,1.7096273115484206
185,0.19689119170984457,9.381749296728275
185,0.20207253886010362,16.93671432285384
185,0.2072538860103627,9.25649517770229
185,0.21243523316062177,13.915216815013789
185,0.21761658031088082,3.5095891093354297
185,0.2227979274611399,23.825649284962505
185,0.22797927461139897,7.703911290238109
185,0.23316062176165803,13.230735123284775
185,0.2383419689119171,11.393155843550707
185,0.24352331606217617,10.656795616824976
185,0.24870466321243523,12.197172410801674
185,0.2538860103626943,14.402758589633228
185,0.2590673575129534,16.84440320082147
185,0.26424870466321243,9.99317229711558
185,0.2694300518134715,14.985972541990506
185,0.2746113989637306,3.2236469899505025
185,0.27979274611398963,4.184633071720294
185,0.2849740932642487,12.423051650022243
185,0.2901554404145078,9.889259702508024
185,0.29533678756476683,22.281068376479674
185,0.3005181347150259,7.420123573901622
185,0.305699481865285,12.073165927707418
185,0.31088082901554404,6.8344417681451395
185,0.3160621761658031,4.0314559081393115
185,0.3212435233160622,15.975693877687345
185,0.32642487046632124,10.68181989451483
185,0.3316062176165803,6.823011036261079
185,0.3367875647668394,17.429608374888144
185,0.34196891191709844,9.392230766910835
185,0.3471502590673575,10.350277125577456
185,0.3523316062176166,21.93683251935925
185,0.35751295336787564,22.19669534298258
185,0.3626943005181347,9.422588982007575
185,0.3678756476683938,10.585148744158731
185,0.37305699481865284,20.629496043514095
185,0.37823834196891193,14.507659693132359
185,0.383419689119171,4.62938246957745
185,0.38860103626943004,6.835126713380434
185,0.39378238341968913,7.535575135756736
185,0.3989637305699482,6.054927889238734
185,0.40414507772020725,22.300142383648545
185,0.40932642487046633,16.427398904883
185,0.4145077720207254,8.865692141482405
185,0.41968911917098445,21.156457217546134
185,0.42487046632124353,23.7803772186633
185,0.4300518134715026,5.521204285111622
185,0.43523316062176165,7.965243412405429
185,0.44041450777202074,16.421538170740195
185,0.4455958549222798,34.020051422898376
185,0.45077720207253885,3.882103345498403
185,0.45595854922279794,26.784043410881168
185,0.461139896373057,24.511747488173153
185,0.46632124352331605,9.32210658122116
185,0.47150259067357514,28.283103544309554
185,0.4766839378238342,10.962343508204242
185,0.48186528497409326,10.674575558782733
185,0.48704663212435234,5.5441727135992
185,0.4922279792746114,9.71926775709356
185,0.49740932642487046,15.11962358434559
186,0.0,1.4210854715202004e-14
186,0.005376344086021506,13.662360198709752
186,0.010752688172043012,16.793405205718184
186,0.016129032258064516,13.569604873896816
186,0.021505376344086023,3.701016107550959
186,0.02688172043010753,14.61971529741528
186,0.03225806451612903,19.671166228511648
186,0.03763440860215054,5.619427402894172
186,0.043010752688172046,19.748956973368674
186,0.048387096774193554,6.923037261975494
186,0.05376344086021506,18.717440529485735
186,0.05913978494623656,3.8631594764465227
186,0.06451612903225806,12.603015908015918
186,0.06989247311827958,10.225197200664494
186,0.07526881720430108,9.689144921218931
186,0.08064516129032259,16.36487029177031
186,0.08602150537634409,18.491796915808294
186,0.0913978494623656,5.833958731976156
186,0.09677419354838711,6.682950300320536
186,0.10215053763440861,1.695474609605509
186,0.10752688172043012,12.414265187079046
186,0.11290322580645162,18.583254027149906
186,0.11827956989247312,19.863248334826718
186,0.12365591397849464,12.323719371391284
186,0.12903225806451613,6.240310003332074
186,0.13440860215053765,19.060246977066818
186,0.13978494623655915,9.643790076365253
186,0.14516129032258066,9.604112721495566
186,0.15053763440860216,7.88850535433767
186,0.15591397849462366,1.9027704106214387
186,0.16129032258064518,12.57403705023742
186,0.16666666666666669,26.935258995185208
186,0.17204301075268819,10.588493650235586
186,0.1774193548387097,8.513938715030516
186,0.1827956989247312,8.715942932668511
186,0.18817204301075272,9.547660742091354
186,0.19354838709677422,10.10805691952338
186,0.19892473118279572,4.222180266963851
186,0.20430107526881722,8.442941661146907
186,0.20967741935483872,13.163588767951927
186,0.21505376344086025,6.1938459168505196
186,0.22043010752688175,27.3033879965363
186,0.22580645161290325,3.6978776699418634
186,0.23118279569892475,12.787217204879449
186,0.23655913978494625,18.571322274901302
186,0.24193548387096775,18.406591165748463
186,0.24731182795698928,0.7965530768245126
186,0.25268817204301075,18.232833505944857
186,0.25806451612903225,2.4647194054936503
186,0.2634408602150538,12.237427196977674
186,0.2688172043010753,9.879772566177206
186,0.2741935483870968,17.913745945322923
186,0.2795698924731183,12.608507524316478
186,0.2849462365591398,2.5444182145214693
186,0.2903225806451613,8.399092611758608
186,0.2956989247311828,16.189370162582637
186,0.3010752688172043,9.20264312088121
186,0.3064516129032258,12.942834667569448
186,0.3118279569892473,4.631193065447477
186,0.31720430107526887,7.8466509624227685
186,0.32258064516129037,12.638243529081457
186,0.32795698924731187,1.8258537630475828
186,0.33333333333333337,9.84049723041489
186,0.33870967741935487,16.927716962539925
186,0.34408602150537637,4.121831157747403
186,0.34946236559139787,14.689924087352557
186,0.3548387096774194,6.156958502816515
186,0.3602150537634409,21.51614683908696
186,0.3655913978494624,3.8360299378244194
186,0.3709677419354839,7.882728462618915
186,0.37634408602150543,9.322366894287018
186,0.38172043010752693,13.23085560284579
186,0.38709677419354843,20.703091376575802
186,0.39247311827956993,17.955731735560324
186,0.39784946236559143,10.46974102045346
186,0.40322580645161293,29.25096875977263
186,0.40860215053763443,12.521794978970416
186,0.41397849462365593,27.542859203166717
186,0.41935483870967744,17.87571469426893
186,0.42473118279569894,11.661004047490211
186,0.4301075268817205,25.160673199080282
186,0.435483870967742,6.991086498204326
186,0.4408602150537635,13.268331541696353
186,0.446236559139785,1.7335034043953148
186,0.4516129032258065,2.009516958393398
186,0.456989247311828,10.71074995137366
186,0.4623655913978495,11.308312062596784
186,0.467741935483871,13.08971336353305
186,0.4731182795698925,15.687734505146066
186,0.478494623655914,14.97772927088115
186,0.4838709677419355,21.174854214706933
186,0.48924731182795705,6.733068292581105
186,0.49462365591397855,9.465144718669277
187,0.0,1.7763568394002505e-15
187,0.005813953488372093,24.27367648760215
187,0.011627906976744186,4.599457296396257
187,0.01744186046511628,22.115867604606933
187,0.023255813953488372,19.42511888288838
187,0.029069767441860465,10.331648692590905
187,0.03488372093023256,12.925043313197085
187,0.040697674418604654,7.9940054751183105
187,0.046511627906976744,11.983081678573544
187,0.05232558139534883,10.287082343386539
187,0.05813953488372093,10.538218838110092
187,0.06395348837209303,22.36085410228495
187,0.06976744186046512,12.14373098116962
187,0.0755813953488372,9.02007969051021
187,0.08139534883720931,7.087078672124312
187,0.0872093023255814,8.403207293694576
187,0.09302325581395349,14.825383023789916
187,0.09883720930232558,18.522389924325974
187,0.10465116279069767,11.150647249063804
187,0.11046511627906977,18.93112034614952
187,0.11627906976744186,18.747876694655805
187,0.12209302325581395,5.794719678460859
187,0.12790697674418605,6.6821874736139835
187,0.13372093023255813,20.647002935462194
187,0.13953488372093023,3.610975291006241
187,0.14534883720930233,4.958461776858525
187,0.1511627906976744,4.314238049472965
187,0.1569767441860465,12.299373250030985
187,0.16279069767441862,9.649220936583164
187,0.1686046511627907,13.915603861843683
187,0.1744186046511628,13.627637719553798
187,0.18023255813953487,21.007381124125615
187,0.18604651162790697,12.328658465187335
187,0.19186046511627908,8.358500784066354
187,0.19767441860465115,2.805105050080471
187,0.20348837209302326,4.274568295089398
187,0.20930232558139533,16.239183778333448
187,0.21511627906976744,14.714576220414557
187,0.22093023255813954,27.016675752425765
187,0.22674418604651161,14.503671648153555
187,0.23255813953488372,11.347699320156503
187,0.23837209302325582,7.4507040453399265
187,0.2441860465116279,9.112575045028771
187,0.25,24.071942773286988
187,0.2558139534883721,19.94160607688696
187,0.2616279069767442,9.44825663861968
187,0.26744186046511625,14.232250757661436
187,0.27325581395348836,8.707655967400328
187,0.27906976744186046,15.194052995311798
187,0.28488372093023256,4.9888485804235065
187,0.29069767441860467,14.765794163070362
187,0.2965116279069767,21.29406779110928
187,0.3023255813953488,7.067353438122887
187,0.3081395348837209,7.288285813627892
187,0.313953488372093,13.784313902416764
187,0.31976744186046513,3.707378468036687
187,0.32558139534883723,20.771050457951905
187,0.3313953488372093,2.762808739378633
187,0.3372093023255814,7.196295688253446
187,0.3430232558139535,14.19482592673205
187,0.3488372093023256,8.329721552410462
187,0.3546511627906977,10.136795514922742
187,0.36046511627906974,15.713699311324241
187,0.36627906976744184,3.97692985676126
187,0.37209302325581395,5.23977078883846
187,0.37790697674418605,10.925319132257945
187,0.38372093023255816,4.019287119692597
187,0.3895348837209302,13.65824524720735
187,0.3953488372093023,3.823371533960344
187,0.4011627906976744,11.244426820831263
187,0.4069767441860465,15.2785370882981
187,0.4127906976744186,12.475453274441382
187,0.41860465116279066,6.676343151072128
187,0.42441860465116277,9.955888832374285
187,0.43023255813953487,5.284044536946052
187,0.436046511627907,8.727390880964682
187,0.4418604651162791,6.182293746437098
187,0.4476744186046512,17.659423160759257
187,0.45348837209302323,8.744514509368862
187,0.45930232558139533,5.1759667685526205
187,0.46511627906976744,10.982871450576946
187,0.47093023255813954,27.63160149423476
187,0.47674418604651164,17.911147601594152
187,0.4825581395348837,13.657604662088996
187,0.4883720930232558,7.902943532682819
187,0.4941860465116279,6.437753158197012
188,0.0,8.881784197001252e-16
188,0.005208333333333333,16.417405886102898
188,0.010416666666666666,10.447878294003617
188,0.015625,4.864092371929492
188,0.020833333333333332,2.5125060505417904
188,0.026041666666666664,10.60817195069763
188,0.03125,9.261388448885382
188,0.03645833333333333,6.7619735236532525
188,0.041666666666666664,10.618099930529345
188,0.046875,8.275151554999985
188,0.05208333333333333,1.670132373357356
188,0.057291666666666664,7.539464712537471
188,0.0625,18.6938906835262
188,0.06770833333333333,9.8201326709867
188,0.07291666666666666,4.2396431762428195
188,0.078125,6.05127559031496
188,0.08333333333333333,7.869854635178428
188,0.08854166666666666,16.169153091586804
188,0.09375,13.470453834047104
188,0.09895833333333333,8.814467402955065
188,0.10416666666666666,7.3631558637276
188,0.109375,2.762972954049877
188,0.11458333333333333,8.702903687636114
188,0.11979166666666666,17.778179429200073
188,0.125,27.52722443015971
188,0.13020833333333331,29.012948823622626
188,0.13541666666666666,15.959865167087495
188,0.140625,13.225590806960279
188,0.14583333333333331,16.535608823072934
188,0.15104166666666666,16.957485902184327
188,0.15625,6.068071753718426
188,0.16145833333333331,5.048183471645849
188,0.16666666666666666,19.140798103626448
188,0.171875,9.901601435572129
188,0.17708333333333331,11.125611657275078
188,0.18229166666666666,15.246736740678173
188,0.1875,8.329389462402633
188,0.19270833333333331,17.04069582156455
188,0.19791666666666666,11.94192118545569
188,0.203125,25.94672579914674
188,0.20833333333333331,5.401120629792944
188,0.21354166666666666,16.052919962315695
188,0.21875,13.004505788017708
188,0.22395833333333331,17.060923359885358
188,0.22916666666666666,7.836663381713651
188,0.234375,9.407447488947517
188,0.23958333333333331,3.9605092746907107
188,0.24479166666666666,3.2876836866829398
188,0.25,8.57870916652004
188,0.2552083333333333,7.4164053381191
188,0.26041666666666663,12.904442350781151
188,0.265625,12.181843600632073
188,0.2708333333333333,2.383133217945613
188,0.27604166666666663,16.177855909520247
188,0.28125,5.451693478645608
188,0.2864583333333333,6.276881822691979
188,0.29166666666666663,30.022233460050014
188,0.296875,9.252997277764809
188,0.3020833333333333,15.15831321191238
188,0.30729166666666663,23.130022991503473
188,0.3125,22.15546564714258
188,0.3177083333333333,0.9033085593947223
188,0.32291666666666663,15.983922775983299
188,0.328125,27.605246689936703
188,0.3333333333333333,8.749647900381277
188,0.33854166666666663,7.925305774707485
188,0.34375,3.423396229993603
188,0.3489583333333333,10.817400150472787
188,0.35416666666666663,27.49510882153146
188,0.359375,6.023384982373851
188,0.3645833333333333,13.365269615729547
188,0.36979166666666663,22.678256510839738
188,0.375,7.116317905978026
188,0.3802083333333333,28.19335067558781
188,0.38541666666666663,13.637311445947182
188,0.390625,2.283786717379478
188,0.3958333333333333,9.744632789077063
188,0.40104166666666663,10.348547564480516
188,0.40625,21.852661999934018
188,0.4114583333333333,22.385825193902896
188,0.41666666666666663,14.897119554802542
188,0.421875,5.035198089147219
188,0.4270833333333333,15.933587612692012
188,0.43229166666666663,9.070442680999461
188,0.4375,11.071265351071643
188,0.4427083333333333,18.74107335798425
188,0.44791666666666663,8.979750766779501
188,0.453125,6.04859821022893
188,0.4583333333333333,16.74364352390583
188,0.46354166666666663,3.4921838648834056
188,0.46875,12.13739724341326
188,0.4739583333333333,6.884829178258272
188,0.47916666666666663,12.321521822177095
188,0.484375,11.095504562317473
188,0.4895833333333333,13.818904989107605
188,0.49479166666666663,16.840379247352935
189,0.0,4.440892098500626e-15
189,0.005747126436781609,9.77089473993339
189,0.011494252873563218,16.62888350045228
189,0.017241379310344827,19.688157222792107
189,0.022988505747126436,26.860285246533245
189,0.028735632183908046,10.508013027790964
189,0.034482758620689655,9.478183919241207
189,0.040229885057471264,11.839573744560475
189,0.04597701149425287,9.271169487603755
189,0.05172413793103448,14.243230997781536
189,0.05747126436781609,5.451455147752061
189,0.06321839080459771,9.917644924091022
189,0.06896551724137931,10.68001258825187
189,0.07471264367816091,11.773303273132933
189,0.08045977011494253,14.464167698828584
189,0.08620689655172414,14.349149734761166
189,0.09195402298850575,11.91004251402616
189,0.09770114942528735,32.49701909167132
189,0.10344827586206896,15.668814348578023
189,0.10919540229885058,14.634652513078281
189,0.11494252873563218,6.187599914959481
189,0.12068965517241378,8.134744930997746
189,0.12643678160919541,12.552498333709574
189,0.13218390804597702,8.019037042324753
189,0.13793103448275862,6.692484920402975
189,0.14367816091954022,5.786162007967748
189,0.14942528735632182,11.306291501152273
189,0.15517241379310345,2.359874067370122
189,0.16091954022988506,12.26106307668705
189,0.16666666666666666,7.443351778464018
189,0.1724137931034483,15.228890327893204
189,0.1781609195402299,14.417761299501736
189,0.1839080459770115,20.9775273638638
189,0.1896551724137931,21.447649537769326
189,0.1954022988505747,9.681930248028378
189,0.20114942528735633,7.709688926847362
189,0.20689655172413793,14.573496256617526
189,0.21264367816091953,1.7083786241411627
189,0.21839080459770116,6.050123992453429
189,0.22413793103448276,12.701461081087846
189,0.22988505747126436,32.08575442686709
189,0.23563218390804597,13.868998874581347
189,0.24137931034482757,16.961680293390824
189,0.2471264367816092,14.888033711892314
189,0.25287356321839083,6.296977175834918
189,0.25862068965517243,7.362702025445518
189,0.26436781609195403,9.852240578160444
189,0.27011494252873564,12.660672338853836
189,0.27586206896551724,23.25902992626573
189,0.28160919540229884,3.5786654682139525
189,0.28735632183908044,8.306476934653567
189,0.29310344827586204,10.552097511958584
189,0.29885057471264365,14.557374128955804
189,0.3045977011494253,12.829022405681108
189,0.3103448275862069,12.920091164301866
189,0.3160919540229885,15.695805532969997
189,0.3218390804597701,13.560648323479848
189,0.3275862068965517,1.1699206655474892
189,0.3333333333333333,14.10904051722016
189,0.3390804597701149,6.917206013423267
189,0.3448275862068966,14.845702149668117
189,0.3505747126436782,8.804172053894002
189,0.3563218390804598,13.049288869851033
189,0.3620689655172414,12.647780694146483
189,0.367816091954023,10.96590986158401
189,0.3735632183908046,5.982437371179885
189,0.3793103448275862,5.949751273916986
189,0.3850574712643678,5.301967372159282
189,0.3908045977011494,15.310809578096649
189,0.39655172413793105,6.111117272253216
189,0.40229885057471265,3.254361542623683
189,0.40804597701149425,7.063045186238914
189,0.41379310344827586,24.508849477836783
189,0.41954022988505746,11.782813507447115
189,0.42528735632183906,11.28638662976189
189,0.43103448275862066,10.590820758576646
189,0.4367816091954023,6.770257676208176
189,0.4425287356321839,12.508619901850743
189,0.4482758620689655,10.8836265967572
189,0.4540229885057471,14.700483441190917
189,0.45977011494252873,20.20753673124403
189,0.46551724137931033,1.2186854013322324
189,0.47126436781609193,13.97514343517179
189,0.47701149425287354,19.470157311540913
189,0.48275862068965514,7.1533298175832805
189,0.4885057471264368,7.420475344571103
189,0.4942528735632184,9.07528134128009
190,0.0,2.1316282072803006e-14
190,0.004424778761061947,4.654224513000915
190,0.008849557522123894,1.505289534256238
190,0.01327433628318584,21.498037243986147
190,0.017699115044247787,14.72008770937461
190,0.022123893805309734,18.313815117920868
190,0.02654867256637168,3.1904794648950103
190,0.030973451327433628,0.3441510737598765
190,0.035398230088495575,9.826236844818343
190,0.03982300884955752,9.971716171957194
190,0.04424778761061947,13.461895818459512
190,0.048672566371681415,12.45688796166669
190,0.05309734513274336,12.000837658593815
190,0.05752212389380531,11.569511246467004
190,0.061946902654867256,6.118407858306082
190,0.0663716814159292,12.573345860969162
190,0.07079646017699115,12.873059911805575
190,0.0752212389380531,6.651600919401332
190,0.07964601769911504,14.514254333652822
190,0.08407079646017698,5.921479517249443
190,0.08849557522123894,2.5807922628193456
190,0.09292035398230089,17.885414221705872
190,0.09734513274336283,6.630149433129239
190,0.10176991150442477,4.739665829106852
190,0.10619469026548672,5.630653199032453
190,0.11061946902654868,12.884203994142018
190,0.11504424778761062,5.7831845220983595
190,0.11946902654867256,7.143066383030469
190,0.12389380530973451,15.382764575193399
190,0.12831858407079647,13.01356272895987
190,0.1327433628318584,12.332614563353003
190,0.13716814159292035,3.2633560747442196
190,0.1415929203539823,5.41041661909976
190,0.14601769911504425,8.071114196800218
190,0.1504424778761062,8.454417173966993
190,0.15486725663716813,6.909469883782558
190,0.1592920353982301,10.675404805267714
190,0.16371681415929204,10.173599758144434
190,0.16814159292035397,5.219181746017623
190,0.17256637168141592,5.034125003522858
190,0.17699115044247787,6.441754590999985
190,0.18141592920353983,13.48141553729834
190,0.18584070796460178,9.880152334017204
190,0.1902654867256637,25.342711170199333
190,0.19469026548672566,13.50860225130645
190,0.19911504424778761,15.311821479181994
190,0.20353982300884954,23.54382248462474
190,0.2079646017699115,20.68851844869077
190,0.21238938053097345,2.5562872611698273
190,0.2168141592920354,23.398848925530363
190,0.22123893805309736,14.672969397972826
190,0.22566371681415928,16.877108070821176
190,0.23008849557522124,10.173099867576934
190,0.2345132743362832,6.142253992943355
190,0.23893805309734512,19.31968090519139
190,0.24336283185840707,8.508010026984085
190,0.24778761061946902,5.9151561260398475
190,0.252212389380531,9.259305398864576
190,0.25663716814159293,14.365939488230374
190,0.2610619469026549,22.99470679569077
190,0.2654867256637168,12.487223775549712
190,0.26991150442477874,5.247700519998598
190,0.2743362831858407,7.09446283659777
190,0.27876106194690264,11.033158494637235
190,0.2831858407079646,30.45463586926704
190,0.28761061946902655,21.971604431343128
190,0.2920353982300885,8.620594720656728
190,0.29646017699115046,11.574337172284089
190,0.3008849557522124,12.900413650781877
190,0.3053097345132743,21.202425697314247
190,0.30973451327433627,3.5672234584366866
190,0.3141592920353982,17.75154865191871
190,0.3185840707964602,28.18854921632213
190,0.3230088495575221,9.585992971844645
190,0.3274336283185841,12.97956047093319
190,0.33185840707964603,16.899852910977838
190,0.33628318584070793,18.84354598321447
190,0.3407079646017699,5.301348207851124
190,0.34513274336283184,11.2639733734413
190,0.3495575221238938,4.266457890686819
190,0.35398230088495575,17.660447457150624
190,0.3584070796460177,12.359203561046249
190,0.36283185840707965,22.614936794845867
190,0.3672566371681416,15.176135191205312
190,0.37168141592920356,8.43233204837634
190,0.37610619469026546,40.21167583980115
190,0.3805309734513274,16.27539149538878
190,0.38495575221238937,28.166169609027516
190,0.3893805309734513,11.7361755904767
190,0.3938053097345133,25.70049251024351
190,0.39823008849557523,12.171978674818007
190,0.4026548672566372,12.766666141744848
190,0.4070796460176991,19.3617542128255
190,0.41150442477876104,23.96910542962602
190,0.415929203539823,12.847183280804575
190,0.42035398230088494,16.945047224600977
190,0.4247787610619469,15.303556414053922
190,0.42920353982300885,8.18774815871715
190,0.4336283185840708,16.026655486675292
190,0.43805309734513276,1.8559069761336464
190,0.4424778761061947,15.742929473841947
190,0.4469026548672566,12.885912278149316
190,0.45132743362831856,22.102861383741086
190,0.4557522123893805,21.761092226220626
190,0.46017699115044247,8.646214072489832
190,0.4646017699115044,21.983320402830884
190,0.4690265486725664,11.661899376637932
190,0.47345132743362833,28.482150494832872
190,0.47787610619469023,5.693721278191699
190,0.4823008849557522,19.150474056806647
190,0.48672566371681414,17.34300706879526
190,0.4911504424778761,20.95961259515237
190,0.49557522123893805,8.745967233469543
191,0.0,1.7763568394002505e-15
191,0.006060606060606061,3.6522510189295243
191,0.012121212121212121,3.0653008998103815
191,0.01818181818181818,11.303752034388426
191,0.024242424242424242,6.16013614715887
191,0.030303030303030304,8.780045362640703
191,0.03636363636363636,16.460863817968
191,0.04242424242424243,14.784804069969269
191,0.048484848484848485,8.459748547975673
191,0.05454545454545454,9.682048364860153
191,0.06060606060606061,13.704943907164338
191,0.06666666666666667,3.540148450770597
191,0.07272727272727272,13.618575948827951
191,0.07878787878787878,12.05027688041481
191,0.08484848484848485,8.412158488657127
191,0.09090909090909091,6.173886750674282
191,0.09696969696969697,13.613768608367312
191,0.10303030303030303,2.4684729671693333
191,0.10909090909090909,13.205095862277517
191,0.11515151515151516,5.171893197012365
191,0.12121212121212122,10.027221722124118
191,0.12727272727272726,11.919601394315052
191,0.13333333333333333,3.1259588669912035
191,0.1393939393939394,15.520529850490684
191,0.14545454545454545,28.24378330424553
191,0.15151515151515152,5.220583560438431
191,0.15757575757575756,3.555820718322464
191,0.16363636363636364,9.429206343929566
191,0.1696969696969697,18.96739184662816
191,0.17575757575757575,9.848577415374113
191,0.18181818181818182,17.977851810351837
191,0.18787878787878787,13.22925592363265
191,0.19393939393939394,12.78618712105757
191,0.2,8.020436650366095
191,0.20606060606060606,14.099718455426705
191,0.21212121212121213,17.367119003774434
191,0.21818181818181817,12.615129713157284
191,0.22424242424242424,5.1340906630259395
191,0.23030303030303031,4.189879419201699
191,0.23636363636363636,2.9988098777063414
191,0.24242424242424243,17.302380993426464
191,0.24848484848484848,26.427032407921253
191,0.2545454545454545,5.489866808460257
191,0.2606060606060606,8.696501590505829
191,0.26666666666666666,8.757130042412689
191,0.2727272727272727,17.18127798396727
191,0.2787878787878788,9.589966419927103
191,0.28484848484848485,14.355046798888573
191,0.2909090909090909,22.109829824427152
191,0.296969696969697,6.123228836374445
191,0.30303030303030304,20.842052587789933
191,0.3090909090909091,20.49862031940867
191,0.3151515151515151,7.154459380442162
191,0.3212121212121212,16.35269141483006
191,0.32727272727272727,10.18314429021127
191,0.3333333333333333,19.92205557734158
191,0.3393939393939394,8.792491936422882
191,0.34545454545454546,17.309618990247703
191,0.3515151515151515,4.2989205735113
191,0.3575757575757576,11.879815161670674
191,0.36363636363636365,8.962303036640014
191,0.3696969696969697,11.95672979887805
191,0.37575757575757573,17.243211430774476
191,0.38181818181818183,13.613175837661746
191,0.3878787878787879,13.294720476223858
191,0.3939393939393939,15.860134850044986
191,0.4,5.353579543723069
191,0.40606060606060607,7.760872784061687
191,0.4121212121212121,10.235926454632066
191,0.41818181818181815,19.008005668049314
191,0.42424242424242425,24.49883510819527
191,0.4303030303030303,4.986275397318107
191,0.43636363636363634,8.30547525664034
191,0.44242424242424244,3.821520317241777
191,0.4484848484848485,5.079403250460406
191,0.45454545454545453,24.241954402864202
191,0.46060606060606063,18.782254330438306
191,0.4666666666666667,9.425307987324935
191,0.4727272727272727,9.162838827342823
191,0.47878787878787876,10.262791929811133
191,0.48484848484848486,12.553326300010065
191,0.4909090909090909,3.6461932970458952
191,0.49696969696969695,4.6248576584751735
192,0.0,9.769962616701378e-15
192,0.006993006993006993,14.772578469763232
192,0.013986013986013986,8.863391455484436
192,0.02097902097902098,15.704815757476279
192,0.027972027972027972,5.647559044899519
192,0.03496503496503497,16.856371904007947
192,0.04195804195804196,11.104102618295665
192,0.04895104895104895,4.335114820523337
192,0.055944055944055944,7.136932123661314
192,0.06293706293706294,19.678775891216432
192,0.06993006993006994,2.630163307717374
192,0.07692307692307693,1.495847939343221
192,0.08391608391608392,9.68993578872536
192,0.09090909090909091,3.143575834635201
192,0.0979020979020979,1.9528303088454353
192,0.1048951048951049,9.420452864014754
192,0.11188811188811189,0.36584981384331683
192,0.11888111888111888,14.042185873334235
192,0.1258741258741259,16.402337162052127
192,0.13286713286713286,9.197282694552879
192,0.13986013986013987,6.074338561340081
192,0.14685314685314685,4.8429750126086795
192,0.15384615384615385,8.826136752237417
192,0.16083916083916083,12.469593923061824
192,0.16783216783216784,22.35913123201037
192,0.17482517482517482,12.37966593661061
192,0.18181818181818182,1.9429669089259554
192,0.1888111888111888,10.33241301854311
192,0.1958041958041958,4.746761458036376
192,0.20279720279720279,9.977087195226328
192,0.2097902097902098,24.223895513866747
192,0.21678321678321677,16.959186260946726
192,0.22377622377622378,8.769600234387319
192,0.23076923076923078,8.272775472072905
192,0.23776223776223776,5.729181255826679
192,0.24475524475524477,8.44331389658788
192,0.2517482517482518,7.194909340933958
192,0.25874125874125875,11.086387158640443
192,0.26573426573426573,11.929557874722766
192,0.2727272727272727,4.933143473274605
192,0.27972027972027974,16.705609233641283
192,0.2867132867132867,7.111089366691254
192,0.2937062937062937,6.790994713187205
192,0.3006993006993007,25.68729979385677
192,0.3076923076923077,4.026958037072294
192,0.3146853146853147,8.84363641886253
192,0.32167832167832167,16.2704748359649
192,0.32867132867132864,18.842733336443995
192,0.3356643356643357,17.703632616408647
192,0.34265734265734266,7.042389742973466
192,0.34965034965034963,8.36827590835038
192,0.35664335664335667,9.39591239828111
192,0.36363636363636365,12.392824590149296
192,0.3706293706293706,9.349432162687926
192,0.3776223776223776,22.819684459925643
192,0.38461538461538464,21.6750024814503
192,0.3916083916083916,12.064996541969968
192,0.3986013986013986,24.77833799775165
192,0.40559440559440557,2.1140100853175916
192,0.4125874125874126,9.135707409213389
192,0.4195804195804196,6.154385402053663
192,0.42657342657342656,8.673434773956286
192,0.43356643356643354,9.500962934102706
192,0.4405594405594406,5.783261203908302
192,0.44755244755244755,6.80088784504346
192,0.45454545454545453,8.224777991351896
192,0.46153846153846156,7.831690064646399
192,0.46853146853146854,10.967120273545405
192,0.4755244755244755,6.28272409408123
192,0.4825174825174825,18.376002301390994
192,0.48951048951048953,6.611149672810123
192,0.4965034965034965,8.95908963543217
193,0.0,1.6431300764452317e-14
193,0.004739336492890996,6.22707161306911
193,0.009478672985781991,18.61865681115493
193,0.014218009478672987,24.484365056817644
193,0.018957345971563982,16.653857502583467
193,0.023696682464454978,28.122251870826346
193,0.028436018957345974,19.026459585124282
193,0.03317535545023697,1.7695685192614898
193,0.037914691943127965,3.6500276200689745
193,0.04265402843601896,13.901576650549636
193,0.047393364928909956,6.552244476421277
193,0.05213270142180095,19.137117828948135
193,0.05687203791469195,7.1876600664415475
193,0.06161137440758294,19.112782753505996
193,0.06635071090047394,6.899518153321772
193,0.07109004739336494,24.617324190486777
193,0.07582938388625593,15.05508462317794
193,0.08056872037914692,10.600573533864443
193,0.08530805687203792,14.17034287155804
193,0.09004739336492892,17.23970431392539
193,0.09478672985781991,18.900512710168716
193,0.0995260663507109,7.375659881362462
193,0.1042654028436019,21.879556488745077
193,0.1090047393364929,18.060330787996396
193,0.1137440758293839,9.694679066875285
193,0.11848341232227488,12.095041239192213
193,0.12322274881516589,4.464601287972159
193,0.1279620853080569,5.27918300694763
193,0.13270142180094788,10.072866164664488
193,0.13744075829383887,3.110087348852989
193,0.14218009478672988,14.07050151694626
193,0.14691943127962087,15.514982302855676
193,0.15165876777251186,10.636320695915046
193,0.15639810426540285,4.599471904600436
193,0.16113744075829384,14.347926057415448
193,0.16587677725118485,8.8171736470511
193,0.17061611374407584,2.6865615487998658
193,0.17535545023696683,11.139304987779017
193,0.18009478672985785,7.3633689807123055
193,0.18483412322274884,21.47744905706701
193,0.18957345971563982,8.44239585445565
193,0.1943127962085308,10.540828129776168
193,0.1990521327014218,5.068937253880564
193,0.20379146919431282,4.279384934555633
193,0.2085308056872038,5.3891301591350995
193,0.2132701421800948,3.5854580637981686
193,0.2180094786729858,5.245937758016263
193,0.2227488151658768,7.4391747036594476
193,0.2274881516587678,7.886186645836726
193,0.23222748815165878,8.955399115699638
193,0.23696682464454977,9.937392795579626
193,0.24170616113744078,11.048616903235564
193,0.24644549763033177,14.293139046862263
193,0.2511848341232228,15.088667306738584
193,0.2559241706161138,19.39732253690941
193,0.26066350710900477,22.058732012318657
193,0.26540284360189575,27.724902365529953
193,0.27014218009478674,10.180613475183804
193,0.27488151658767773,24.600012119659414
193,0.2796208530805687,23.52880326837255
193,0.28436018957345977,13.421862378935298
193,0.28909952606635075,10.796179969674492
193,0.29383886255924174,20.462349915709776
193,0.29857819905213273,10.834891918020936
193,0.3033175355450237,10.82870135782879
193,0.3080568720379147,32.96423221969056
193,0.3127962085308057,8.594899099910814
193,0.3175355450236967,17.732311891489594
193,0.3222748815165877,16.064313001967776
193,0.3270142180094787,16.549049206152468
193,0.3317535545023697,7.687208523268575
193,0.3364928909952607,5.7918386325771385
193,0.3412322274881517,13.101964410760745
193,0.3459715639810427,11.256867745415436
193,0.35071090047393366,2.9295502772383486
193,0.35545023696682465,8.369532479774165
193,0.3601895734597157,1.9132375066538656
193,0.3649289099526067,14.609451202903946
193,0.3696682464454977,10.617698053200682
193,0.37440758293838866,14.26214233832352
193,0.37914691943127965,9.011194613361537
193,0.38388625592417064,6.86463756067407
193,0.3886255924170616,10.854998803277548
193,0.3933649289099526,7.039869624950414
193,0.3981042654028436,18.010526066235766
193,0.40284360189573465,22.911307392912757
193,0.40758293838862564,14.066693901533716
193,0.4123222748815166,17.900554565314792
193,0.4170616113744076,8.111658760553624
193,0.4218009478672986,14.692485140611893
193,0.4265402843601896,16.079779871379394
193,0.4312796208530806,18.17120024408888
193,0.4360189573459716,16.70462836339671
193,0.4407582938388626,15.978081164014599
193,0.4454976303317536,10.010735612260632
193,0.4502369668246446,15.41725912831024
193,0.4549763033175356,15.185844185735629
193,0.45971563981042657,5.302820663202194
193,0.46445497630331756,13.356284109061072
193,0.46919431279620855,7.46103233994672
193,0.47393364928909953,9.295693010195457
193,0.4786729857819906,14.983977433154315
193,0.48341232227488157,30.344986153243454
193,0.48815165876777256,1.434005409905802
193,0.49289099526066354,30.37016079842541
193,0.49763033175355453,12.030458978496032
194,0.0,8.881784197001252e-15
194,0.005988023952095809,20.827836792983447
194,0.011976047904191617,14.790926821153608
194,0.017964071856287428,13.207955785577258
194,0.023952095808383235,11.988660886415513
194,0.029940119760479042,6.532383908091136
194,0.035928143712574856,7.077481531520713
194,0.04191616766467066,18.071469705729474
194,0.04790419161676647,10.36590483711688
194,0.05389221556886228,18.456822397937973
194,0.059880239520958084,11.048527819300949
194,0.0658682634730539,14.68408049014955
194,0.07185628742514971,2.03913833043096
194,0.07784431137724551,3.574564956025117
194,0.08383233532934133,20.723106107510105
194,0.08982035928143713,5.454640516090695
194,0.09580838323353294,9.51850906140161
194,0.10179640718562875,12.42214629757371
194,0.10778443113772455,8.755089060710922
194,0.11377245508982037,22.93484019310761
194,0.11976047904191617,8.911643354898247
194,0.125748502994012,12.468034344816804
194,0.1317365269461078,18.50284284689995
194,0.1377245508982036,14.190224514977382
194,0.14371257485029942,10.178520173016041
194,0.14970059880239522,10.422779805325675
194,0.15568862275449102,21.517852072422315
194,0.16167664670658682,15.275934907187109
194,0.16766467065868265,7.668751147066878
194,0.17365269461077845,11.732673909608463
194,0.17964071856287425,7.133386199756167
194,0.18562874251497008,13.846751545955858
194,0.19161676646706588,4.593475227014017
194,0.19760479041916168,11.635899075279598
194,0.2035928143712575,4.830829108564892
194,0.2095808383233533,2.414603400427824
194,0.2155688622754491,22.88632737511462
194,0.22155688622754494,11.342969813045087
194,0.22754491017964074,21.850735111419397
194,0.23353293413173654,8.113351596876699
194,0.23952095808383234,10.484598296147174
194,0.24550898203592816,9.995821467616333
194,0.251497005988024,6.140459271314243
194,0.2574850299401198,19.40867449389669
194,0.2634730538922156,4.523985549996773
194,0.2694610778443114,23.64412690254001
194,0.2754491017964072,8.95776944438557
194,0.281437125748503,11.244844370085353
194,0.28742514970059885,7.0497702979708095
194,0.29341317365269465,8.971238461865234
194,0.29940119760479045,5.333206177265097
194,0.30538922155688625,24.57041054831099
194,0.31137724550898205,7.127573810347249
194,0.31736526946107785,2.6732743065611304
194,0.32335329341317365,17.193936938286335
194,0.3293413173652695,7.428706431269156
194,0.3353293413173653,6.0724714017269
194,0.3413173652694611,8.78631808296262
194,0.3473053892215569,11.860446771376534
194,0.3532934131736527,14.619991133851071
194,0.3592814371257485,9.280076585698616
194,0.36526946107784436,12.56529199465174
194,0.37125748502994016,16.831583329914686
194,0.37724550898203596,10.289307503153017
194,0.38323353293413176,5.200044292365767
194,0.38922155688622756,10.88120061320816
194,0.39520958083832336,7.127685482197557
194,0.40119760479041916,15.4617206396058
194,0.407185628742515,17.942634571166504
194,0.4131736526946108,11.266767179036085
194,0.4191616766467066,10.379885492042128
194,0.4251497005988024,3.68590487022868
194,0.4311377245508982,15.133868108106777
194,0.437125748502994,13.610787292389261
194,0.44311377245508987,11.47929527878378
194,0.44910179640718567,9.1535815120746
194,0.45508982035928147,12.011116009595293
194,0.46107784431137727,12.243846895129913
194,0.46706586826347307,2.52302854936903
194,0.47305389221556887,17.998037160363992
194,0.47904191616766467,5.181462730387944
194,0.4850299401197605,5.0665609278317705
194,0.4910179640718563,25.308187086170825
194,0.4970059880239521,17.353994587329357
195,0.0,5.329070518200751e-15
195,0.005154639175257732,13.60310273349728
195,0.010309278350515464,7.611822524696685
195,0.015463917525773196,23.889751242750705
195,0.020618556701030927,6.493108777953582
195,0.02577319587628866,4.107526040636194
195,0.030927835051546393,8.879079213301951
195,0.03608247422680412,8.882279816787612
195,0.041237113402061855,14.622010904016038
195,0.04639175257731959,2.5660358930222635
195,0.05154639175257732,2.6586558755084684
195,0.05670103092783505,11.117191382530027
195,0.061855670103092786,9.527789161371418
195,0.06701030927835051,8.820350113284952
195,0.07216494845360824,14.487522216787834
195,0.07731958762886598,5.490507079400532
195,0.08247422680412371,3.235790554346879
195,0.08762886597938144,6.7181485074828755
195,0.09278350515463918,6.196215160894969
195,0.0979381443298969,14.519121504412768
195,0.10309278350515463,10.783052403750654
195,0.10824742268041238,17.538599789788314
195,0.1134020618556701,14.587231501128558
195,0.11855670103092783,15.29005457897756
195,0.12371134020618557,11.320517253985678
195,0.12886597938144329,18.315545129525216
195,0.13402061855670103,10.98408228730227
195,0.13917525773195877,11.31264035110241
195,0.14432989690721648,6.861806158810325
195,0.14948453608247422,8.965818095942836
195,0.15463917525773196,7.340039607282845
195,0.15979381443298968,15.576912972946056
195,0.16494845360824742,11.554981398953837
195,0.17010309278350516,4.73394958153959
195,0.17525773195876287,12.823609958616204
195,0.18041237113402062,21.567897121306828
195,0.18556701030927836,5.380774178869855
195,0.19072164948453607,13.63792885042469
195,0.1958762886597938,13.641599645409446
195,0.20103092783505155,9.317825523374148
195,0.20618556701030927,24.90198204313976
195,0.211340206185567,18.655162351526442
195,0.21649484536082475,23.571146973757685
195,0.22164948453608246,6.649362001920575
195,0.2268041237113402,13.906023734760186
195,0.23195876288659795,15.975608874343889
195,0.23711340206185566,0.04288511454575765
195,0.2422680412371134,17.146275307154927
195,0.24742268041237114,24.91607311369062
195,0.25257731958762886,8.483850820562747
195,0.25773195876288657,9.877405648552633
195,0.26288659793814434,7.120169324288204
195,0.26804123711340205,7.222775040448785
195,0.27319587628865977,18.26847569941344
195,0.27835051546391754,20.21740827822182
195,0.28350515463917525,12.921872319388003
195,0.28865979381443296,24.473947343920667
195,0.29381443298969073,7.955309746052661
195,0.29896907216494845,14.183580828410657
195,0.30412371134020616,25.721473926456227
195,0.30927835051546393,1.3506074965691797
195,0.31443298969072164,15.284425730146639
195,0.31958762886597936,19.11183354093722
195,0.3247422680412371,14.319487376751882
195,0.32989690721649484,7.4372772674384064
195,0.33505154639175255,5.905501951753362
195,0.3402061855670103,25.107558112781806
195,0.34536082474226804,13.365842031240355
195,0.35051546391752575,17.2666542403661
195,0.3556701030927835,14.485175956156171
195,0.36082474226804123,11.08091600309257
195,0.36597938144329895,5.858629480898653
195,0.3711340206185567,2.1775306609827076
195,0.37628865979381443,8.734490792870062
195,0.38144329896907214,6.582832329578858
195,0.3865979381443299,10.380398896396182
195,0.3917525773195876,21.171290002925126
195,0.39690721649484534,11.519839654053424
195,0.4020618556701031,1.946567513028413
195,0.4072164948453608,15.491775295597616
195,0.41237113402061853,19.10766963205866
195,0.4175257731958763,9.837681597140849
195,0.422680412371134,23.564373351533455
195,0.42783505154639173,18.97944948927911
195,0.4329896907216495,12.252762608673557
195,0.4381443298969072,15.06949540975328
195,0.44329896907216493,10.86076486836377
195,0.4484536082474227,16.88560829012964
195,0.4536082474226804,3.1582560084107927
195,0.4587628865979381,9.61135568799223
195,0.4639175257731959,20.167867669301604
195,0.4690721649484536,19.86510591120216
195,0.4742268041237113,13.551562170821098
195,0.4793814432989691,19.439079102326982
195,0.4845360824742268,8.246172273584756
195,0.4896907216494845,17.04054135564493
195,0.4948453608247423,16.924566296275607
196,0.0,1.6209256159527285e-14
196,0.005376344086021506,16.63243081162357
196,0.010752688172043012,14.840082153105001
196,0.016129032258064516,5.742483135428646
196,0.021505376344086023,8.41043554208794
196,0.02688172043010753,13.267775961279156
196,0.03225806451612903,14.463708563831643
196,0.03763440860215054,17.396050776450565
196,0.043010752688172046,10.513317446997018
196,0.048387096774193554,26.135964894736688
196,0.05376344086021506,15.282197185005042
196,0.05913978494623656,5.032175898598051
196,0.06451612903225806,9.79894273853051
196,0.06989247311827958,9.60673364823251
196,0.07526881720430108,4.778342495934104
196,0.08064516129032259,18.571377291685067
196,0.08602150537634409,14.329888119590166
196,0.0913978494623656,15.587842023820855
196,0.09677419354838711,3.0944343590158927
196,0.10215053763440861,12.323079995984704
196,0.10752688172043012,5.371936364131482
196,0.11290322580645162,4.766417648243856
196,0.11827956989247312,4.666969703919125
196,0.12365591397849464,29.92482737159361
196,0.12903225806451613,23.749240287168675
196,0.13440860215053765,13.036736228078878
196,0.13978494623655915,4.882800616441753
196,0.14516129032258066,8.267068865051844
196,0.15053763440860216,6.515257594632634
196,0.15591397849462366,5.7676164048743015
196,0.16129032258064518,21.100700143150465
196,0.16666666666666669,9.04877235193733
196,0.17204301075268819,2.3811383766245906
196,0.1774193548387097,7.32120588848902
196,0.1827956989247312,4.019708642855931
196,0.18817204301075272,18.70786948801624
196,0.19354838709677422,14.753031299262028
196,0.19892473118279572,5.251029754473041
196,0.20430107526881722,15.612859838566948
196,0.20967741935483872,7.356832856662923
196,0.21505376344086025,10.738153752501331
196,0.22043010752688175,16.66598735279409
196,0.22580645161290325,5.703683401807213
196,0.23118279569892475,20.170167255348797
196,0.23655913978494625,22.270600106690367
196,0.24193548387096775,7.851217669295956
196,0.24731182795698928,3.7408308475849377
196,0.25268817204301075,19.676134193291013
196,0.25806451612903225,26.03025907524044
196,0.2634408602150538,12.94205198565422
196,0.2688172043010753,15.584040478466854
196,0.2741935483870968,20.835369866206594
196,0.2795698924731183,24.626811722073988
196,0.2849462365591398,4.725268904059016
196,0.2903225806451613,1.9469399984977764
196,0.2956989247311828,9.978985553024211
196,0.3010752688172043,11.420293542073008
196,0.3064516129032258,8.913047247648556
196,0.3118279569892473,2.620058039491476
196,0.31720430107526887,9.776858458157378
196,0.32258064516129037,1.9865177215988823
196,0.32795698924731187,14.76962246107973
196,0.33333333333333337,13.537165188374429
196,0.33870967741935487,10.075298128357206
196,0.34408602150537637,16.620079786854607
196,0.34946236559139787,7.010252996862272
196,0.3548387096774194,7.8214777873229435
196,0.3602150537634409,26.513028151807255
196,0.3655913978494624,7.117491592069381
196,0.3709677419354839,29.34637212820408
196,0.37634408602150543,6.479045351529228
196,0.38172043010752693,1.895708958229753
196,0.38709677419354843,8.195411046915114
196,0.39247311827956993,8.079189665715882
196,0.39784946236559143,6.598044883484054
196,0.40322580645161293,19.31799293813353
196,0.40860215053763443,24.43851057569361
196,0.41397849462365593,3.0462946665091186
196,0.41935483870967744,3.95552040158631
196,0.42473118279569894,17.93761158841725
196,0.4301075268817205,10.337962156861993
196,0.435483870967742,14.119916415982942
196,0.4408602150537635,14.065649029219154
196,0.446236559139785,12.417242532081618
196,0.4516129032258065,12.269523484393968
196,0.456989247311828,8.327462395193471
196,0.4623655913978495,11.531806417971834
196,0.467741935483871,7.749993707771123
196,0.4731182795698925,21.489564453883347
196,0.478494623655914,3.061045577010049
196,0.4838709677419355,15.529135321770124
196,0.48924731182795705,12.509242504242334
196,0.49462365591397855,8.959403858984325
197,0.0,1.0658141036401503e-14
197,0.005154639175257732,6.2527621245393075
197,0.010309278350515464,13.043334702030362
197,0.015463917525773196,8.269932786876437
197,0.020618556701030927,4.729145105748571
197,0.02577319587628866,13.389408328481926
197,0.030927835051546393,6.5658385416387395
197,0.03608247422680412,15.834204369044262
197,0.041237113402061855,2.033288774315771
197,0.04639175257731959,9.372333829965497
197,0.05154639175257732,9.310307773500469
197,0.05670103092783505,3.710395753391201
197,0.061855670103092786,21.361981046372723
197,0.06701030927835051,14.237061181055072
197,0.07216494845360824,7.95445149472623
197,0.07731958762886598,23.98969417724559
197,0.08247422680412371,12.43882053116318
197,0.08762886597938144,9.238554226172262
197,0.09278350515463918,9.049115183798175
197,0.0979381443298969,19.61181550704647
197,0.10309278350515463,12.668208026518148
197,0.10824742268041238,14.013978622451651
197,0.1134020618556701,17.83077540613453
197,0.11855670103092783,21.57114198249805
197,0.12371134020618557,5.099571513742317
197,0.12886597938144329,6.818367046332995
197,0.13402061855670103,18.142501665745964
197,0.13917525773195877,15.721386270264214
197,0.14432989690721648,28.12564071804121
197,0.14948453608247422,12.038712289014269
197,0.15463917525773196,21.872741153676714
197,0.15979381443298968,11.252545779900183
197,0.16494845360824742,9.914326329088079
197,0.17010309278350516,12.645976761466688
197,0.17525773195876287,11.886056159532526
197,0.18041237113402062,10.225365159116524
197,0.18556701030927836,1.3515613499101193
197,0.19072164948453607,6.588403928171835
197,0.1958762886597938,15.165989929624383
197,0.20103092783505155,16.992478050703628
197,0.20618556701030927,7.376169132499169
197,0.211340206185567,10.450507536016543
197,0.21649484536082475,8.408357215346733
197,0.22164948453608246,26.556632599840494
197,0.2268041237113402,12.008867105475606
197,0.23195876288659795,15.7890971150586
197,0.23711340206185566,11.2589597373966
197,0.2422680412371134,17.43656222936139
197,0.24742268041237114,8.346320081046331
197,0.25257731958762886,6.577315295390401
197,0.25773195876288657,25.115893298403293
197,0.26288659793814434,8.444148974023596
197,0.26804123711340205,23.342650433236464
197,0.27319587628865977,10.044416375932801
197,0.27835051546391754,15.199881150355278
197,0.28350515463917525,3.52340308636117
197,0.28865979381443296,4.326826883842167
197,0.29381443298969073,12.086476263088972
197,0.29896907216494845,10.127184612500335
197,0.30412371134020616,15.32711551955725
197,0.30927835051546393,15.710233194455576
197,0.31443298969072164,1.9489923848990098
197,0.31958762886597936,10.928087073026001
197,0.3247422680412371,23.16416319593652
197,0.32989690721649484,5.038245611314142
197,0.33505154639175255,17.541109435668613
197,0.3402061855670103,8.991027464304391
197,0.34536082474226804,18.894392376044852
197,0.35051546391752575,13.61652724903575
197,0.3556701030927835,23.870350302743258
197,0.36082474226804123,4.94099351480369
197,0.36597938144329895,13.456175331160935
197,0.3711340206185567,13.181357310576399
197,0.37628865979381443,27.271506721851367
197,0.38144329896907214,13.695685338440663
197,0.3865979381443299,21.061545524677065
197,0.3917525773195876,15.144299055244277
197,0.39690721649484534,17.632422535724388
197,0.4020618556701031,20.75034264848955
197,0.4072164948453608,2.1316388526395706
197,0.41237113402061853,8.867168746595862
197,0.4175257731958763,14.707978517940392
197,0.422680412371134,5.115585378626222
197,0.42783505154639173,7.094955916826264
197,0.4329896907216495,15.9189952830523
197,0.4381443298969072,5.013370133056918
197,0.44329896907216493,5.223622878903519
197,0.4484536082474227,4.762263884888544
197,0.4536082474226804,5.0338783799537365
197,0.4587628865979381,15.725490949082529
197,0.4639175257731959,10.041741525475738
197,0.4690721649484536,6.8843262301181785
197,0.4742268041237113,17.73825877368498
197,0.4793814432989691,10.208094483758568
197,0.4845360824742268,16.94599267291069
197,0.4896907216494845,19.25782450580314
197,0.4948453608247423,7.723837174746537
198,0.0,1.6431300764452317e-14
198,0.005376344086021506,15.267190458083176
198,0.010752688172043012,4.721892671110531
198,0.016129032258064516,22.350036908995644
198,0.021505376344086023,14.566468688019237
198,0.02688172043010753,4.772999229426713
198,0.03225806451612903,23.976604674257278
198,0.03763440860215054,14.435716547300174
198,0.043010752688172046,8.128462601048424
198,0.048387096774193554,10.879846480558257
198,0.05376344086021506,5.386162335758635
198,0.05913978494623656,2.9903919785891886
198,0.06451612903225806,7.974255844996378
198,0.06989247311827958,18.347944031348312
198,0.07526881720430108,22.32784609679737
198,0.08064516129032259,2.250420747220747
198,0.08602150537634409,13.360265291632844
198,0.0913978494623656,10.725028911610588
198,0.09677419354838711,11.999663631320477
198,0.10215053763440861,4.728533621672447
198,0.10752688172043012,32.960435267671535
198,0.11290322580645162,12.836414952556876
198,0.11827956989247312,10.910249259284836
198,0.12365591397849464,16.14351846797347
198,0.12903225806451613,18.21435935759617
198,0.13440860215053765,20.63520281364315
198,0.13978494623655915,11.856516295434119
198,0.14516129032258066,12.734854197312723
198,0.15053763440860216,10.142144208807002
198,0.15591397849462366,22.876654502869975
198,0.16129032258064518,18.399393370792044
198,0.16666666666666669,24.348092675473243
198,0.17204301075268819,8.063074328995667
198,0.1774193548387097,8.192011973791525
198,0.1827956989247312,9.76616635453453
198,0.18817204301075272,10.467665901435367
198,0.19354838709677422,5.69728863218853
198,0.19892473118279572,17.666687848274723
198,0.20430107526881722,22.52838897403745
198,0.20967741935483872,5.399823115223084
198,0.21505376344086025,18.4047703873382
198,0.22043010752688175,8.50491228166124
198,0.22580645161290325,12.505021633880782
198,0.23118279569892475,19.5874546824356
198,0.23655913978494625,21.22240992360805
198,0.24193548387096775,6.757120400822025
198,0.24731182795698928,14.36769655993975
198,0.25268817204301075,8.30964281236065
198,0.25806451612903225,7.968070222862539
198,0.2634408602150538,7.870676719759934
198,0.2688172043010753,8.89134918938839
198,0.2741935483870968,4.532870027973501
198,0.2795698924731183,7.423361785220052
198,0.2849462365591398,4.141391742086595
198,0.2903225806451613,22.854950047629703
198,0.2956989247311828,12.46019601102277
198,0.3010752688172043,9.564285772105587
198,0.3064516129032258,12.773275999555946
198,0.3118279569892473,7.82491887398023
198,0.31720430107526887,21.769348670784467
198,0.32258064516129037,7.600489981631262
198,0.32795698924731187,2.3424119580111653
198,0.33333333333333337,8.923347216354442
198,0.33870967741935487,3.795641494532272
198,0.34408602150537637,11.761980449911649
198,0.34946236559139787,28.920287233689557
198,0.3548387096774194,8.009335116723005
198,0.3602150537634409,15.852441544262964
198,0.3655913978494624,9.663640779397149
198,0.3709677419354839,14.238909380702838
198,0.37634408602150543,6.489390421941591
198,0.38172043010752693,9.216658334415042
198,0.38709677419354843,15.623868977986282
198,0.39247311827956993,2.3133750750126594
198,0.39784946236559143,6.950405907338691
198,0.40322580645161293,8.093958079767564
198,0.40860215053763443,14.011520371287546
198,0.41397849462365593,21.437594331727354
198,0.41935483870967744,15.028450667729462
198,0.42473118279569894,10.024262581325974
198,0.4301075268817205,18.08381645389071
198,0.435483870967742,5.317859290153836
198,0.4408602150537635,7.1448027062422925
198,0.446236559139785,11.92054730265205
198,0.4516129032258065,11.274630383550862
198,0.456989247311828,8.213729895825658
198,0.4623655913978495,16.991560844942946
198,0.467741935483871,13.446568827764418
198,0.4731182795698925,8.684405675328156
198,0.478494623655914,3.0984044400383226
198,0.4838709677419355,12.12817675527168
198,0.48924731182795705,17.714064350191833
198,0.49462365591397855,0.7786059083639173
199,0.0,2.6645352591003757e-14
199,0.005128205128205128,2.377387925455451
199,0.010256410256410256,10.462473280303067
199,0.015384615384615385,10.101527669057738
199,0.020512820512820513,13.846519978058375
199,0.02564102564102564,10.572307929886357
199,0.03076923076923077,9.92940963568917
199,0.035897435897435895,8.012258058353778
199,0.041025641025641026,9.185496301803274
199,0.046153846153846156,14.659661501711604
199,0.05128205128205128,6.545470798734839
199,0.05641025641025641,11.875007658281763
199,0.06153846153846154,4.895883473443678
199,0.06666666666666667,13.904637365462934
199,0.07179487179487179,2.023994891499138
199,0.07692307692307693,5.732760840651006
199,0.08205128205128205,0.5894069747080143
199,0.08717948717948718,2.514067291258987
199,0.09230769230769231,2.7184247960646846
199,0.09743589743589744,7.61222690174578
199,0.10256410256410256,9.86632632680238
199,0.1076923076923077,18.672192110373143
199,0.11282051282051282,12.682812370243798
199,0.11794871794871795,13.12660372702726
199,0.12307692307692308,15.540024548726702
199,0.1282051282051282,17.058656687350187
199,0.13333333333333333,7.247205935492117
199,0.13846153846153847,5.951799073990304
199,0.14358974358974358,2.2317750425519916
199,0.14871794871794872,11.042742625695801
199,0.15384615384615385,7.577093575991319
199,0.15897435897435896,11.801922031249536
199,0.1641025641025641,10.51254073087361
199,0.16923076923076924,10.68279560119622
199,0.17435897435897435,19.799864840309507
199,0.1794871794871795,19.752290053654146
199,0.18461538461538463,10.20726172309046
199,0.18974358974358974,13.472605811181264
199,0.19487179487179487,19.936528143021505
199,0.2,11.809148063141247
199,0.20512820512820512,13.505496974494408
199,0.21025641025641026,15.033783533345222
199,0.2153846153846154,18.76213332210745
199,0.2205128205128205,5.662621592537851
199,0.22564102564102564,23.614792441659777
199,0.23076923076923078,6.030244171380849
199,0.2358974358974359,10.64581606615871
199,0.24102564102564103,9.588693182958991
199,0.24615384615384617,2.7163133824123875
199,0.2512820512820513,10.48670811587141
199,0.2564102564102564,5.8833252959078415
199,0.26153846153846155,7.502654844847425
199,0.26666666666666666,4.829711272035902
199,0.2717948717948718,6.321674023732848
199,0.27692307692307694,16.41213738794888
199,0.28205128205128205,10.181674237460737
199,0.28717948717948716,9.539992240632372
199,0.2923076923076923,12.1730567780573
199,0.29743589743589743,18.756050754778467
199,0.30256410256410254,20.539208899383432
199,0.3076923076923077,12.095179469676895
199,0.3128205128205128,7.615670359430378
199,0.31794871794871793,9.218237902546926
199,0.3230769230769231,5.693002789810031
199,0.3282051282051282,17.05797662917496
199,0.3333333333333333,14.93093427944049
199,0.3384615384615385,4.413626388645985
199,0.3435897435897436,19.88895401057211
199,0.3487179487179487,10.4754657158957
199,0.35384615384615387,39.36996078623021
199,0.358974358974359,1.6599989282460608
199,0.3641025641025641,7.677805589981436
199,0.36923076923076925,16.643533135305038
199,0.37435897435897436,7.881812056218863
199,0.37948717948717947,5.100684515928675
199,0.38461538461538464,7.4427997482953865
199,0.38974358974358975,10.581544336010568
199,0.39487179487179486,22.215962236548382
199,0.4,16.848411804147702
199,0.40512820512820513,6.826202685910038
199,0.41025641025641024,10.547131018017808
199,0.4153846153846154,9.492764182092206
199,0.4205128205128205,18.216259204673708
199,0.4256410256410256,29.943484536757673
199,0.4307692307692308,26.23743959212901
199,0.4358974358974359,29.99949132377381
199,0.441025641025641,21.37603716961261
199,0.4461538461538462,21.367267812621996
199,0.4512820512820513,4.380046474892579
199,0.4564102564102564,22.6275463220149
199,0.46153846153846156,10.457735270604235
199,0.4666666666666667,12.044340624810838
199,0.4717948717948718,30.280811124016836
199,0.47692307692307695,6.822898643595279
199,0.48205128205128206,19.70796958104292
199,0.48717948717948717,11.957739398998031
199,0.49230769230769234,5.806428198956259
199,0.49743589743589745,11.970816038479875
200,0.0,2.842170943040401e-14
200,0.0034965034965034965,4.175712725544592
200,0.006993006993006993,4.796402398467386
200,0.01048951048951049,12.284893005466742
200,0.013986013986013986,3.931175574642117
200,0.017482517482517484,18.952026018726162
200,0.02097902097902098,22.441910343708958
200,0.024475524475524476,18.478130937670677
200,0.027972027972027972,10.32710523749434
200,0.03146853146853147,16.708613064568723
200,0.03496503496503497,22.97846968887395
200,0.038461538461538464,28.40345835381383
200,0.04195804195804196,7.160092550944132
200,0.045454545454545456,2.8315190025100314
200,0.04895104895104895,11.369821100675129
200,0.05244755244755245,5.441016145055249
200,0.055944055944055944,20.177852955890085
200,0.05944055944055944,24.344223009107377
200,0.06293706293706294,0.90115019746252
200,0.06643356643356643,26.567435666342025
200,0.06993006993006994,21.869206335544817
200,0.07342657342657342,26.600970963343382
200,0.07692307692307693,10.67111163597921
200,0.08041958041958042,5.973489156292604
200,0.08391608391608392,9.062857279225272
200,0.08741258741258741,11.52416348104182
200,0.09090909090909091,2.360275094287375
200,0.0944055944055944,4.015413057784422
200,0.0979020979020979,10.431652876243128
200,0.10139860139860139,3.838711763276271
200,0.1048951048951049,20.529276683254643
200,0.10839160839160839,16.946845319228963
200,0.11188811188811189,8.024766680596661
200,0.11538461538461539,13.450543435010937
200,0.11888111888111888,11.317561189611391
200,0.12237762237762238,8.55579794157876
200,0.1258741258741259,24.11656768825493
200,0.12937062937062938,5.70672758441958
200,0.13286713286713286,7.432489670959069
200,0.13636363636363635,15.842349391672647
200,0.13986013986013987,3.510336859674157
200,0.14335664335664336,15.107037441899333
200,0.14685314685314685,15.643137739041121
200,0.15034965034965034,10.664427339331853
200,0.15384615384615385,8.040185720405653
200,0.15734265734265734,20.624568387868905
200,0.16083916083916083,10.614703453026253
200,0.16433566433566432,8.184968446420022
200,0.16783216783216784,13.51324491670359
200,0.17132867132867133,9.603112878343092
200,0.17482517482517482,19.94836701669302
200,0.17832167832167833,15.144483987185678
200,0.18181818181818182,13.087001408056977
200,0.1853146853146853,11.948210545525411
200,0.1888111888111888,12.743436348787354
200,0.19230769230769232,28.37518356894321
200,0.1958041958041958,11.222628700412463
200,0.1993006993006993,11.12834838330594
200,0.20279720279720279,12.89703161751592
200,0.2062937062937063,6.566642591939771
200,0.2097902097902098,12.187659973173696
200,0.21328671328671328,11.870799349875172
200,0.21678321678321677,24.360036772181086
200,0.2202797202797203,7.944464087155043
200,0.22377622377622378,12.197846486393052
200,0.22727272727272727,8.408993467472367
200,0.23076923076923078,21.77818951839993
200,0.23426573426573427,11.17156928739719
200,0.23776223776223776,5.167467962746334
200,0.24125874125874125,9.707338796799172
200,0.24475524475524477,6.908308412165047
200,0.24825174825174826,3.1344980003933625
200,0.2517482517482518,5.831355112613754
200,0.25524475524475526,13.748247797484916
200,0.25874125874125875,16.722242115261444
200,0.26223776223776224,1.8255520470737698
200,0.26573426573426573,5.482271921447149
200,0.2692307692307692,6.322017323152524
200,0.2727272727272727,13.687408887515046
200,0.2762237762237762,21.628273951617007
200,0.27972027972027974,11.439684126694814
200,0.28321678321678323,14.17072907697158
200,0.2867132867132867,24.683016801012617
200,0.2902097902097902,24.639719767713213
200,0.2937062937062937,10.021618068924582
200,0.2972027972027972,7.429245445987026
200,0.3006993006993007,21.12341543774083
200,0.3041958041958042,5.348797641606864
200,0.3076923076923077,4.715028975581254
200,0.3111888111888112,12.149665740328079
200,0.3146853146853147,8.062493133888156
200,0.3181818181818182,8.391954700633782
200,0.32167832167832167,26.37879017208544
200,0.32517482517482516,4.638105019795471
200,0.32867132867132864,24.455234840506435
200,0.3321678321678322,8.110851552537728
200,0.3356643356643357,9.625703273435292
200,0.33916083916083917,19.882877530630402
200,0.34265734265734266,13.06871895350855
200,0.34615384615384615,11.819542540352515
200,0.34965034965034963,21.166185253328177
200,0.3531468531468531,6.969136443663781
200,0.35664335664335667,25.664459373418424
200,0.36013986013986016,15.814495092697774
200,0.36363636363636365,7.831007131052805
200,0.36713286713286714,2.406768802621433
200,0.3706293706293706,19.9272264949714
200,0.3741258741258741,10.219891191035037
200,0.3776223776223776,14.317353778298184
200,0.3811188811188811,14.752848831647896
200,0.38461538461538464,11.82983608225248
200,0.3881118881118881,18.951358734409634
200,0.3916083916083916,14.129559094401781
200,0.3951048951048951,8.043475247795836
200,0.3986013986013986,8.939132382313955
200,0.4020979020979021,14.251104684881874
200,0.40559440559440557,16.66069650361479
200,0.4090909090909091,11.932403563286115
200,0.4125874125874126,11.319232030734483
200,0.4160839160839161,25.453142120597814
200,0.4195804195804196,23.7258000604562
200,0.4230769230769231,4.073039424943918
200,0.42657342657342656,7.558934616021347
200,0.43006993006993005,3.307382346714663
200,0.43356643356643354,14.366986707427145
200,0.4370629370629371,22.003421720899148
200,0.4405594405594406,16.561692079284192
200,0.44405594405594406,18.6752490977455
200,0.44755244755244755,26.755130136785183
200,0.45104895104895104,16.95761024533604
200,0.45454545454545453,13.23821246980167
200,0.458041958041958,13.653628479937838
200,0.46153846153846156,16.731574758162957
200,0.46503496503496505,12.56324513664982
200,0.46853146853146854,29.627645853317546
200,0.47202797202797203,7.134608866823578
200,0.4755244755244755,38.36547874085167
200,0.479020979020979,9.423414659701573
200,0.4825174825174825,40.28988753227442
200,0.486013986013986,25.178468334348192
200,0.48951048951048953,28.112668032126113
200,0.493006993006993,49.908203153986726
200,0.4965034965034965,57.26496514600567
201,0.0,4.263256414560601e-14
201,0.00425531914893617,11.548264188975924
201,0.00851063829787234,28.43316722069979
201,0.012765957446808512,31.43361995882816
201,0.01702127659574468,33.05773055784797
201,0.02127659574468085,20.287025286852888
201,0.025531914893617023,12.812729237461653
201,0.029787234042553193,24.85868638364135
201,0.03404255319148936,10.265958758930614
201,0.03829787234042553,12.166428227508725
201,0.0425531914893617,19.429724108041693
201,0.04680851063829787,19.772453020374787
201,0.05106382978723405,2.6596075278281095
201,0.055319148936170216,2.988359517139349
201,0.059574468085106386,6.251784325271728
201,0.06382978723404255,12.57979387398052
201,0.06808510638297872,14.565418583203094
201,0.0723404255319149,15.947390884403266
201,0.07659574468085106,9.56679472503871
201,0.08085106382978724,9.326897761858612
201,0.0851063829787234,13.838496471455803
201,0.08936170212765958,5.868287904062347
201,0.09361702127659574,10.218204254910324
201,0.09787234042553192,15.396700500093834
201,0.1021276595744681,13.529517874816868
201,0.10638297872340426,13.260117846474294
201,0.11063829787234043,7.087498622069286
201,0.1148936170212766,10.359397162918421
201,0.11914893617021277,6.23001214127855
201,0.12340425531914893,7.207530679532482
201,0.1276595744680851,12.491622034882035
201,0.13191489361702127,13.18148969231494
201,0.13617021276595745,19.905874835954435
201,0.14042553191489363,6.9722381748257005
201,0.1446808510638298,11.963597958582532
201,0.14893617021276595,15.671906515467157
201,0.15319148936170213,8.604363755354582
201,0.1574468085106383,9.879321135749244
201,0.16170212765957448,12.681410474773994
201,0.16595744680851063,23.796117651992247
201,0.1702127659574468,5.088884713823461
201,0.17446808510638298,19.35514832447775
201,0.17872340425531916,11.32457037637883
201,0.18297872340425533,15.64014158563353
201,0.18723404255319148,18.019902279001506
201,0.19148936170212766,10.369656469213442
201,0.19574468085106383,10.230139858497285
201,0.2,12.796394752001795
201,0.2042553191489362,17.60155169756868
201,0.20851063829787234,11.660573551865356
201,0.2127659574468085,8.391394337655637
201,0.2170212765957447,18.523361374692545
201,0.22127659574468087,4.501124528364459
201,0.225531914893617,14.102410836882152
201,0.2297872340425532,10.162263487089865
201,0.23404255319148937,5.273353185456818
201,0.23829787234042554,6.2629863152737935
201,0.24255319148936172,4.836632499028834
201,0.24680851063829787,17.067283421210508
201,0.25106382978723407,15.539380646173102
201,0.2553191489361702,28.99434652455707
201,0.25957446808510637,6.572479839026521
201,0.26382978723404255,9.026504109832754
201,0.2680851063829787,17.341966800783293
201,0.2723404255319149,4.807720734411441
201,0.2765957446808511,8.891198936611193
201,0.28085106382978725,9.156941207110645
201,0.2851063829787234,9.528539134405168
201,0.2893617021276596,13.14822141572994
201,0.2936170212765957,15.907050981888068
201,0.2978723404255319,9.716660759429981
201,0.3021276595744681,13.872744171525
201,0.30638297872340425,21.256960072394143
201,0.31063829787234043,6.90182210773151
201,0.3148936170212766,33.32782871121725
201,0.3191489361702128,7.009812670400121
201,0.32340425531914896,9.26272180360517
201,0.32765957446808514,36.8202874108478
201,0.33191489361702126,13.517068631572027
201,0.33617021276595743,2.1324738931251277
201,0.3404255319148936,14.595316947546124
201,0.3446808510638298,26.661649831056206
201,0.34893617021276596,11.687669843049147
201,0.35319148936170214,8.314356992502226
201,0.3574468085106383,20.039609735418605
201,0.3617021276595745,15.686166863008278
201,0.36595744680851067,5.595689306661939
201,0.3702127659574468,17.309790360569323
201,0.37446808510638296,12.653721110878923
201,0.37872340425531914,18.507128673130545
201,0.3829787234042553,22.517690470996193
201,0.3872340425531915,1.8676875342621602
201,0.39148936170212767,10.626598637253775
201,0.39574468085106385,30.36290309066182
201,0.4,2.9112150588075436
201,0.4042553191489362,18.1688906203539
201,0.4085106382978724,0.6794544646426086
201,0.4127659574468085,10.962208655635404
201,0.41702127659574467,16.581728649261517
201,0.42127659574468085,20.538991482431427
201,0.425531914893617,7.394203257518749
201,0.4297872340425532,14.412001370414487
201,0.4340425531914894,21.3224382600537
201,0.43829787234042555,11.612852349496002
201,0.44255319148936173,15.145839032678888
201,0.4468085106382979,11.98959952570937
201,0.451063829787234,17.163631282864632
201,0.4553191489361702,15.020655377114982
201,0.4595744680851064,12.575244061011073
201,0.46382978723404256,8.821941303903786
201,0.46808510638297873,6.294587152388619
201,0.4723404255319149,22.01064582124846
201,0.4765957446808511,16.400980056313248
201,0.48085106382978726,23.06384244787747
201,0.48510638297872344,13.09497079123995
201,0.48936170212765956,10.993966177967005
201,0.49361702127659574,15.835152785894781
201,0.4978723404255319,17.17276151349578
202,0.0,7.105427357601002e-15
202,0.005291005291005291,19.10154714576286
202,0.010582010582010581,6.0025866920154405
202,0.015873015873015872,22.810831649767906
202,0.021164021164021163,20.802525398729976
202,0.026455026455026454,28.46581522907614
202,0.031746031746031744,4.707776583165982
202,0.037037037037037035,6.459941216919282
202,0.042328042328042326,16.851680646350367
202,0.047619047619047616,8.590662283078565
202,0.05291005291005291,3.8019685784867376
202,0.0582010582010582,7.958557513934746
202,0.06349206349206349,3.7537916899019117
202,0.06878306878306878,14.206722897933002
202,0.07407407407407407,15.088180382246009
202,0.07936507936507936,2.565073011350459
202,0.08465608465608465,4.051024703348695
202,0.08994708994708994,4.215401567265379
202,0.09523809523809523,5.341703025962033
202,0.10052910052910052,6.409150317343449
202,0.10582010582010581,3.221144990408223
202,0.1111111111111111,7.414958148560978
202,0.1164021164021164,18.176511201460347
202,0.12169312169312169,1.0841252641384234
202,0.12698412698412698,17.68850161479252
202,0.13227513227513227,6.1163645067748424
202,0.13756613756613756,21.806489272772144
202,0.14285714285714285,1.9625265582136788
202,0.14814814814814814,5.691352972255697
202,0.15343915343915343,13.450355325612648
202,0.15873015873015872,19.178493950873268
202,0.164021164021164,13.211213763659975
202,0.1693121693121693,35.77424482501679
202,0.1746031746031746,10.487544836687478
202,0.17989417989417988,15.27328159985868
202,0.18518518518518517,17.299279489327752
202,0.19047619047619047,8.604035349134094
202,0.19576719576719576,13.822062885931038
202,0.20105820105820105,5.011708866550679
202,0.20634920634920634,5.308440139097937
202,0.21164021164021163,12.85992291274478
202,0.21693121693121692,1.958051624620482
202,0.2222222222222222,14.62593431572673
202,0.2275132275132275,3.7585926059789094
202,0.2328042328042328,12.13393449616139
202,0.23809523809523808,5.4590020255372105
202,0.24338624338624337,7.181816194124411
202,0.24867724867724866,14.180599734115031
202,0.25396825396825395,19.511950525089993
202,0.25925925925925924,18.10429052447561
202,0.26455026455026454,16.030091013390326
202,0.2698412698412698,21.820995920074918
202,0.2751322751322751,10.969214413527231
202,0.2804232804232804,7.135021311334944
202,0.2857142857142857,15.375747856626083
202,0.291005291005291,25.8515382017311
202,0.2962962962962963,15.275549963683115
202,0.30158730158730157,6.440763183158612
202,0.30687830687830686,20.256877544595042
202,0.31216931216931215,20.499734404616408
202,0.31746031746031744,5.351610979255853
202,0.32275132275132273,12.78207339564988
202,0.328042328042328,10.13018672261827
202,0.3333333333333333,8.298436010640355
202,0.3386243386243386,14.740462359611351
202,0.3439153439153439,3.524546202273056
202,0.3492063492063492,25.743812225589586
202,0.3544973544973545,12.163642370204254
202,0.35978835978835977,4.37841962517236
202,0.36507936507936506,12.770528452859512
202,0.37037037037037035,2.272430233474583
202,0.37566137566137564,14.978766173370758
202,0.38095238095238093,14.485331765756655
202,0.3862433862433862,14.608430463808402
202,0.3915343915343915,12.850812430171366
202,0.3968253968253968,21.495004670820496
202,0.4021164021164021,5.644846580481145
202,0.4074074074074074,8.600408493812479
202,0.4126984126984127,16.17338355438411
202,0.41798941798941797,13.237309788705636
202,0.42328042328042326,6.991913981190995
202,0.42857142857142855,16.261636626373964
202,0.43386243386243384,18.40647330563516
202,0.43915343915343913,14.658953898202407
202,0.4444444444444444,10.003155095829607
202,0.4497354497354497,11.364184726648995
202,0.455026455026455,16.365669648056077
202,0.4603174603174603,8.291196965554397
202,0.4656084656084656,7.693810161099761
202,0.4708994708994709,13.518136272806606
202,0.47619047619047616,18.698262826886616
202,0.48148148148148145,10.621975549657163
202,0.48677248677248675,13.454615041366692
202,0.49206349206349204,14.731350067849972
202,0.4973544973544973,5.097250985483364
203,0.0,3.863576125695545e-14
203,0.005154639175257732,31.000824183239896
203,0.010309278350515464,10.03696628697099
203,0.015463917525773196,16.345929525305294
203,0.020618556701030927,15.754411587164892
203,0.02577319587628866,19.583559916681175
203,0.030927835051546393,3.483248677445295
203,0.03608247422680412,0.6735755223638501
203,0.041237113402061855,23.002215898811425
203,0.04639175257731959,3.520035266249146
203,0.05154639175257732,7.411587768628116
203,0.05670103092783505,10.414962753207657
203,0.061855670103092786,18.97512218288761
203,0.06701030927835051,16.991394996549037
203,0.07216494845360824,16.78909756669558
203,0.07731958762886598,18.1643289433978
203,0.08247422680412371,11.405368972699064
203,0.08762886597938144,4.373713998094923
203,0.09278350515463918,7.093494190098214
203,0.0979381443298969,8.61400455132454
203,0.10309278350515463,16.773036837889343
203,0.10824742268041238,15.198450441317664
203,0.1134020618556701,13.263778851791782
203,0.11855670103092783,23.970881597639977
203,0.12371134020618557,17.14542143947254
203,0.12886597938144329,4.357326007846723
203,0.13402061855670103,6.54094476679169
203,0.13917525773195877,18.5133659015328
203,0.14432989690721648,20.10316931091465
203,0.14948453608247422,14.376708380318837
203,0.15463917525773196,14.62669521890583
203,0.15979381443298968,22.649346523794318
203,0.16494845360824742,13.62526542390881
203,0.17010309278350516,22.79457495884502
203,0.17525773195876287,19.37808988438662
203,0.18041237113402062,9.82733903252472
203,0.18556701030927836,10.486529500589358
203,0.19072164948453607,11.015880837256393
203,0.1958762886597938,4.48013626516388
203,0.20103092783505155,13.773368055665541
203,0.20618556701030927,14.038210433959899
203,0.211340206185567,8.58226691739264
203,0.21649484536082475,5.523154435850222
203,0.22164948453608246,17.119002535127898
203,0.2268041237113402,9.934844890213535
203,0.23195876288659795,13.04096610222943
203,0.23711340206185566,12.68509044357944
203,0.2422680412371134,10.343103383792796
203,0.24742268041237114,13.448545296345014
203,0.25257731958762886,18.800272788451913
203,0.25773195876288657,15.690600423700106
203,0.26288659793814434,12.418364666784953
203,0.26804123711340205,17.024158173500282
203,0.27319587628865977,24.15935521988759
203,0.27835051546391754,21.178003636878465
203,0.28350515463917525,20.242647585000526
203,0.28865979381443296,4.2109559470605005
203,0.29381443298969073,18.26733307595515
203,0.29896907216494845,10.165618375099287
203,0.30412371134020616,10.404273509695487
203,0.30927835051546393,10.637647773578166
203,0.31443298969072164,15.50893837967974
203,0.31958762886597936,7.720420140084615
203,0.3247422680412371,10.68825493460318
203,0.32989690721649484,6.983898533747108
203,0.33505154639175255,6.0748033827939985
203,0.3402061855670103,11.133790814586751
203,0.34536082474226804,12.180094412853974
203,0.35051546391752575,12.407183933336695
203,0.3556701030927835,12.649395125531607
203,0.36082474226804123,7.484214238737249
203,0.36597938144329895,2.5358313983479657
203,0.3711340206185567,9.260340095282197
203,0.37628865979381443,19.90006952603139
203,0.38144329896907214,6.7015345005599425
203,0.3865979381443299,7.791750652279616
203,0.3917525773195876,8.609432754619114
203,0.39690721649484534,10.91766516440384
203,0.4020618556701031,21.756949834883194
203,0.4072164948453608,7.987611998318551
203,0.41237113402061853,4.683069422225773
203,0.4175257731958763,7.232454909548038
203,0.422680412371134,16.216827328925163
203,0.42783505154639173,1.2832445857216326
203,0.4329896907216495,4.604367846939654
203,0.4381443298969072,13.402178152516417
203,0.44329896907216493,10.539161064209846
203,0.4484536082474227,17.23067147618393
203,0.4536082474226804,16.458552044772066
203,0.4587628865979381,6.033894288951122
203,0.4639175257731959,16.106629101654157
203,0.4690721649484536,24.492394525953255
203,0.4742268041237113,18.49955165177621
203,0.4793814432989691,11.21708501491058
203,0.4845360824742268,7.6146626252187755
203,0.4896907216494845,6.950901442331214
203,0.4948453608247423,7.196990152456487
204,0.0,3.552713678800501e-15
204,0.004878048780487805,14.155430119350761
204,0.00975609756097561,12.057757264396509
204,0.014634146341463414,4.333985488994603
204,0.01951219512195122,4.772849401468909
204,0.024390243902439025,12.833731211602904
204,0.029268292682926828,13.277750523738376
204,0.03414634146341464,14.318595123282403
204,0.03902439024390244,15.788868239793791
204,0.04390243902439024,14.926824260075225
204,0.04878048780487805,8.08554276184694
204,0.05365853658536585,12.191044546391492
204,0.058536585365853655,4.120164568422588
204,0.06341463414634146,11.760692804949837
204,0.06829268292682927,11.346773584511228
204,0.07317073170731707,12.665627665165115
204,0.07804878048780488,20.438029321792452
204,0.08292682926829269,15.554957576306256
204,0.08780487804878048,4.567368663312559
204,0.09268292682926829,6.855267991928855
204,0.0975609756097561,14.013804630895681
204,0.1024390243902439,5.849751345350295
204,0.1073170731707317,10.288147725806434
204,0.11219512195121951,7.717487989216458
204,0.11707317073170731,3.897883506282171
204,0.12195121951219512,14.176865420408236
204,0.12682926829268293,6.5263083351019215
204,0.13170731707317074,16.461450078390587
204,0.13658536585365855,21.49475728483653
204,0.14146341463414633,13.726716254757148
204,0.14634146341463414,18.04176994953882
204,0.15121951219512195,16.403696348354863
204,0.15609756097560976,3.6114368714221032
204,0.16097560975609757,14.55763283403609
204,0.16585365853658537,11.127634221910208
204,0.17073170731707318,13.988149029429799
204,0.17560975609756097,2.7002135256783597
204,0.18048780487804877,5.852277126604984
204,0.18536585365853658,11.825590692058745
204,0.1902439024390244,11.478922736261387
204,0.1951219512195122,11.389490589753228
204,0.2,14.743773333241673
204,0.2048780487804878,18.624666463736762
204,0.2097560975609756,2.2055403844535877
204,0.2146341463414634,11.253615063643789
204,0.21951219512195122,10.28678638104177
204,0.22439024390243903,6.1340951446348395
204,0.22926829268292684,13.059265738324202
204,0.23414634146341462,8.06893066915193
204,0.23902439024390243,16.7828313514205
204,0.24390243902439024,15.394578459278165
204,0.24878048780487805,12.130445514377548
204,0.25365853658536586,1.539587975434056
204,0.25853658536585367,20.65553418276216
204,0.2634146341463415,14.385570347998462
204,0.2682926829268293,11.322271234812414
204,0.2731707317073171,9.2917498509396
204,0.2780487804878049,17.74974635955741
204,0.28292682926829266,16.05210380235455
204,0.28780487804878047,6.803554110400166
204,0.2926829268292683,2.9947763821126947
204,0.2975609756097561,8.413008634759041
204,0.3024390243902439,18.27503422812458
204,0.3073170731707317,12.305896936959796
204,0.3121951219512195,11.842772835516904
204,0.3170731707317073,7.421836685533028
204,0.32195121951219513,23.79649942095373
204,0.32682926829268294,9.13514297622222
204,0.33170731707317075,15.558410495537897
204,0.33658536585365856,1.8604021347401087
204,0.34146341463414637,12.43383029077844
204,0.3463414634146341,17.843546597010242
204,0.35121951219512193,6.878496170412836
204,0.35609756097560974,19.010844778989696
204,0.36097560975609755,11.268709934727045
204,0.36585365853658536,7.565329075954909
204,0.37073170731707317,10.843188223206747
204,0.375609756097561,6.814254832376922
204,0.3804878048780488,3.621711489998835
204,0.3853658536585366,36.667276182664565
204,0.3902439024390244,18.58972471370863
204,0.3951219512195122,8.345147421491927
204,0.4,8.540158284153817
204,0.40487804878048783,29.501278135577486
204,0.4097560975609756,14.76118957952261
204,0.4146341463414634,18.95349402155479
204,0.4195121951219512,6.705682024230095
204,0.424390243902439,25.473733373595167
204,0.4292682926829268,24.856026890981223
204,0.43414634146341463,5.330680727605862
204,0.43902439024390244,22.40486695577758
204,0.44390243902439025,6.281551333682445
204,0.44878048780487806,21.08342344081483
204,0.45365853658536587,33.20120189661059
204,0.4585365853658537,8.257239673774327
204,0.4634146341463415,25.618484635650166
204,0.46829268292682924,26.268190788952314
204,0.47317073170731705,3.6314915404433097
204,0.47804878048780486,19.81883207345179
204,0.48292682926829267,14.29055608355128
204,0.4878048780487805,6.71422879011434
204,0.4926829268292683,12.352843485568531
204,0.4975609756097561,4.80581903917431
205,0.0,1.9539925233402755e-14
205,0.0058823529411764705,18.569036435991457
205,0.011764705882352941,14.144744067083954
205,0.01764705882352941,4.040367381181917
205,0.023529411764705882,9.062456154000271
205,0.029411764705882353,12.551588956777273
205,0.03529411764705882,8.112371706092295
205,0.041176470588235294,7.222942326640355
205,0.047058823529411764,23.391889116524897
205,0.052941176470588235,10.787296492277017
205,0.058823529411764705,12.789222340840212
205,0.06470588235294117,19.46535393454543
205,0.07058823529411765,3.607453561690801
205,0.07647058823529412,9.7464250679157
205,0.08235294117647059,18.65680077795191
205,0.08823529411764705,1.1872237157388514
205,0.09411764705882353,10.834981813946662
205,0.1,3.6169456557431356
205,0.10588235294117647,4.2059269547169365
205,0.11176470588235293,6.544395138755565
205,0.11764705882352941,7.368427712427052
205,0.12352941176470589,19.221323761002044
205,0.12941176470588234,6.744163940261899
205,0.13529411764705881,15.303279078697047
205,0.1411764705882353,11.956578482657333
205,0.14705882352941177,9.24351636324814
205,0.15294117647058825,18.441484322144856
205,0.1588235294117647,7.127254352662037
205,0.16470588235294117,13.146988954624236
205,0.17058823529411765,10.964476032951785
205,0.1764705882352941,9.857660978507283
205,0.18235294117647058,10.065169189483223
205,0.18823529411764706,23.39225734521044
205,0.19411764705882353,14.678888507517527
205,0.2,0.45822106514995475
205,0.20588235294117646,7.894513640394386
205,0.21176470588235294,5.596670776590405
205,0.21764705882352942,5.922341819319503
205,0.22352941176470587,23.301128000707198
205,0.22941176470588234,10.991825836271074
205,0.23529411764705882,21.417941904623447
205,0.2411764705882353,15.957156579919129
205,0.24705882352941178,22.636477467614682
205,0.2529411764705882,9.059409932358264
205,0.2588235294117647,10.923666260340056
205,0.2647058823529412,30.105500330033827
205,0.27058823529411763,12.833535235910274
205,0.27647058823529413,3.0764054136561634
205,0.2823529411764706,4.95613582188788
205,0.28823529411764703,2.848763594937459
205,0.29411764705882354,4.762166008870743
205,0.3,17.657701315451515
205,0.3058823529411765,8.698651074951792
205,0.31176470588235294,19.465234522156354
205,0.3176470588235294,10.042490741942904
205,0.3235294117647059,11.562202080016291
205,0.32941176470588235,18.60903538854524
205,0.3352941176470588,13.61794059298677
205,0.3411764705882353,7.606269782291245
205,0.34705882352941175,10.880827058675106
205,0.3529411764705882,1.0761614350014448
205,0.3588235294117647,19.487328098446397
205,0.36470588235294116,15.3674953706725
205,0.37058823529411766,8.560762858950008
205,0.3764705882352941,14.960344772868813
205,0.38235294117647056,21.832600230400434
205,0.38823529411764707,11.795658303227682
205,0.3941176470588235,7.687875644941712
205,0.4,6.00068711051478
205,0.40588235294117647,15.358055780378212
205,0.4117647058823529,7.377035875774592
205,0.4176470588235294,7.874355600303791
205,0.4235294117647059,8.496011767958864
205,0.4294117647058823,16.150845442841863
205,0.43529411764705883,13.572506425724574
205,0.4411764705882353,13.223035787551728
205,0.44705882352941173,7.04153387005548
205,0.45294117647058824,5.908649247289187
205,0.4588235294117647,23.824677428443223
205,0.4647058823529412,9.465360517749298
205,0.47058823529411764,5.223391670202976
205,0.4764705882352941,9.271639304941813
205,0.4823529411764706,19.239643664874755
205,0.48823529411764705,8.640814284633555
205,0.49411764705882355,7.569391981603398
206,0.0,3.552713678800501e-15
206,0.005154639175257732,29.03570659239721
206,0.010309278350515464,10.282745493129092
206,0.015463917525773196,5.1058286488034925
206,0.020618556701030927,13.018251850976974
206,0.02577319587628866,18.212272058998707
206,0.030927835051546393,27.768185119400098
206,0.03608247422680412,19.844078779097824
206,0.041237113402061855,11.749764788768072
206,0.04639175257731959,1.7285350285069305
206,0.05154639175257732,22.241914429057555
206,0.05670103092783505,21.560816360193833
206,0.061855670103092786,23.112421416761947
206,0.06701030927835051,9.46244666722806
206,0.07216494845360824,11.833320915115825
206,0.07731958762886598,17.978456152093425
206,0.08247422680412371,12.877550913617766
206,0.08762886597938144,24.49626375966561
206,0.09278350515463918,27.128899586982218
206,0.0979381443298969,15.46775624831715
206,0.10309278350515463,11.101081616666587
206,0.10824742268041238,4.101260724512337
206,0.1134020618556701,4.227812745107625
206,0.11855670103092783,12.886865418901854
206,0.12371134020618557,11.37768920123231
206,0.12886597938144329,20.0649061520392
206,0.13402061855670103,16.57645328577614
206,0.13917525773195877,17.216504365204578
206,0.14432989690721648,9.669219431547083
206,0.14948453608247422,27.362990930762283
206,0.15463917525773196,12.872445355538169
206,0.15979381443298968,6.056343153620345
206,0.16494845360824742,13.87250821814507
206,0.17010309278350516,19.642890891561624
206,0.17525773195876287,13.921998581998782
206,0.18041237113402062,27.99587363083939
206,0.18556701030927836,17.67211214449875
206,0.19072164948453607,16.400148078682026
206,0.1958762886597938,12.113270106188523
206,0.20103092783505155,1.5491968238372689
206,0.20618556701030927,8.20641138673437
206,0.211340206185567,11.689140829205336
206,0.21649484536082475,5.607768557043086
206,0.22164948453608246,7.744535522288933
206,0.2268041237113402,17.268693104235684
206,0.23195876288659795,4.08065280829408
206,0.23711340206185566,9.34454576563822
206,0.2422680412371134,23.0347863020319
206,0.24742268041237114,11.239158590452982
206,0.25257731958762886,17.698412316816064
206,0.25773195876288657,18.760041743074733
206,0.26288659793814434,11.716032055743998
206,0.26804123711340205,5.622134368029573
206,0.27319587628865977,8.380912948768922
206,0.27835051546391754,11.25621629816778
206,0.28350515463917525,9.4124040703794
206,0.28865979381443296,4.66624825717611
206,0.29381443298969073,7.956233734776474
206,0.29896907216494845,8.211876206946426
206,0.30412371134020616,2.3057836755379664
206,0.30927835051546393,9.454731664157686
206,0.31443298969072164,14.66186146844551
206,0.31958762886597936,15.281654539960291
206,0.3247422680412371,13.852235862458851
206,0.32989690721649484,22.19977019847602
206,0.33505154639175255,8.244672092510678
206,0.3402061855670103,5.786678045466871
206,0.34536082474226804,18.309697095704056
206,0.35051546391752575,7.224941992236538
206,0.3556701030927835,7.326490171816404
206,0.36082474226804123,4.6825367065910655
206,0.36597938144329895,7.874724902470679
206,0.3711340206185567,12.94253800370183
206,0.37628865979381443,11.622876939573523
206,0.38144329896907214,9.923848600697248
206,0.3865979381443299,5.883532875935922
206,0.3917525773195876,9.43202420746863
206,0.39690721649484534,6.4036069787566126
206,0.4020618556701031,9.426129519369445
206,0.4072164948453608,9.61773727996754
206,0.41237113402061853,5.108266242435337
206,0.4175257731958763,8.966288501477994
206,0.422680412371134,21.872621082931342
206,0.42783505154639173,15.114609297164357
206,0.4329896907216495,9.306446602141431
206,0.4381443298969072,1.5048207133463483
206,0.44329896907216493,13.843344161106774
206,0.4484536082474227,9.506203877785751
206,0.4536082474226804,7.5233892220813345
206,0.4587628865979381,3.1627098039263877
206,0.4639175257731959,2.7861941496993197
206,0.4690721649484536,8.101791344415952
206,0.4742268041237113,13.004059621177095
206,0.4793814432989691,14.396174600689394
206,0.4845360824742268,6.270490873197475
206,0.4896907216494845,5.441476231406473
206,0.4948453608247423,18.40199787924173
207,0.0,3.4638958368304884e-14
207,0.0049504950495049506,26.713741536777345
207,0.009900990099009901,5.64638234734095
207,0.01485148514851485,8.699822375567477
207,0.019801980198019802,9.500380774810619
207,0.024752475247524754,16.859895509154175
207,0.0297029702970297,7.802776040632364
207,0.034653465346534656,8.969372902389571
207,0.039603960396039604,14.085154230595947
207,0.04455445544554455,3.8145781031410477
207,0.04950495049504951,4.5307556302338075
207,0.054455445544554455,7.12047040816137
207,0.0594059405940594,3.9134937172377855
207,0.06435643564356436,14.957150494431708
207,0.06930693069306931,10.540617050802586
207,0.07425742574257425,13.094770289763781
207,0.07920792079207921,17.53026572615921
207,0.08415841584158416,14.523339029882116
207,0.0891089108910891,23.456722120894167
207,0.09405940594059406,12.229233801787807
207,0.09900990099009901,15.501658328651523
207,0.10396039603960396,8.619576019242812
207,0.10891089108910891,17.41462707750658
207,0.11386138613861387,12.864613696378449
207,0.1188118811881188,8.265386390197355
207,0.12376237623762376,24.07066138635265
207,0.12871287128712872,14.857893961324733
207,0.13366336633663367,10.230580534429759
207,0.13861386138613863,12.651906355471553
207,0.14356435643564355,6.188694910475635
207,0.1485148514851485,13.223931489375365
207,0.15346534653465346,14.561903678797648
207,0.15841584158415842,7.171457324987384
207,0.16336633663366337,21.362614075182428
207,0.16831683168316833,17.524217390034295
207,0.17326732673267328,29.551102510970935
207,0.1782178217821782,27.347763383508255
207,0.18316831683168316,3.977249153253358
207,0.18811881188118812,14.038733738461794
207,0.19306930693069307,10.871430863863521
207,0.19801980198019803,15.93603304004173
207,0.20297029702970298,20.07054061973082
207,0.2079207920792079,3.4866170388291673
207,0.21287128712871287,9.48611635952584
207,0.21782178217821782,3.3565345572020955
207,0.22277227722772278,14.65422551934192
207,0.22772277227722773,25.84093028603491
207,0.23267326732673269,29.10101605629652
207,0.2376237623762376,6.572839759120169
207,0.24257425742574257,21.637272143769792
207,0.24752475247524752,13.215373154876703
207,0.2524752475247525,11.000989850371726
207,0.25742574257425743,9.055885638601033
207,0.2623762376237624,13.060358139775923
207,0.26732673267326734,4.36226265580876
207,0.2722772277227723,3.7235204191849474
207,0.27722772277227725,10.361526999680706
207,0.2821782178217822,17.895469901637306
207,0.2871287128712871,14.09416913335878
207,0.29207920792079206,7.578742589860137
207,0.297029702970297,3.8045293189094367
207,0.30198019801980197,10.657715309543304
207,0.3069306930693069,13.143027405338666
207,0.3118811881188119,18.822019998329544
207,0.31683168316831684,5.64059631582332
207,0.3217821782178218,13.471410034853752
207,0.32673267326732675,14.061849030448386
207,0.3316831683168317,5.192691912923208
207,0.33663366336633666,10.665178522126673
207,0.3415841584158416,8.020780084439867
207,0.34653465346534656,16.30411411644965
207,0.35148514851485146,22.081911841820375
207,0.3564356435643564,13.391642742677055
207,0.3613861386138614,11.183994748906986
207,0.36633663366336633,8.808267987213105
207,0.3712871287128713,13.508398907315987
207,0.37623762376237624,26.756887762117774
207,0.3811881188118812,11.455061618322688
207,0.38613861386138615,13.391008223988464
207,0.3910891089108911,10.972208904807372
207,0.39603960396039606,2.935170197859045
207,0.400990099009901,2.8245943864929566
207,0.40594059405940597,10.147034905176366
207,0.4108910891089109,12.803417123192435
207,0.4158415841584158,8.697134677035352
207,0.4207920792079208,21.603955136796753
207,0.42574257425742573,10.134718863102892
207,0.4306930693069307,11.676974568483239
207,0.43564356435643564,4.150630015308595
207,0.4405940594059406,16.729434871772536
207,0.44554455445544555,22.45642479742414
207,0.4504950495049505,9.096228043861387
207,0.45544554455445546,7.287759952309573
207,0.4603960396039604,4.518136523748196
207,0.46534653465346537,25.141823814235924
207,0.4702970297029703,7.537788551550762
207,0.4752475247524752,15.257746147444536
207,0.4801980198019802,9.897194983857785
207,0.48514851485148514,5.5342403450665305
207,0.4900990099009901,2.8605620559538076
207,0.49504950495049505,27.958014328613586
208,0.0,3.907985046680551e-14
208,0.00641025641025641,13.444551183589347
208,0.01282051282051282,14.371450384062603
208,0.019230769230769232,15.028741047547278
208,0.02564102564102564,13.736958167193036
208,0.03205128205128205,10.770426981125324
208,0.038461538461538464,1.0040731348810372
208,0.04487179487179487,23.55710890007319
208,0.05128205128205128,6.829489050313703
208,0.05769230769230769,16.794221597816314
208,0.0641025641025641,15.150308953306766
208,0.07051282051282051,9.564966148315133
208,0.07692307692307693,3.6144869115291773
208,0.08333333333333333,7.502902019317381
208,0.08974358974358974,6.672378359532447
208,0.09615384615384615,16.13818194089488
208,0.10256410256410256,11.2448114643661
208,0.10897435897435898,21.444969308550274
208,0.11538461538461538,8.39843286963131
208,0.12179487179487179,11.494531849665277
208,0.1282051282051282,14.22415819032244
208,0.1346153846153846,9.424882976955999
208,0.14102564102564102,2.962413460783492
208,0.14743589743589744,3.276846512728123
208,0.15384615384615385,9.873296091973618
208,0.16025641025641024,16.885361252096832
208,0.16666666666666666,22.702792211755252
208,0.17307692307692307,11.027601267228508
208,0.1794871794871795,6.329066998959542
208,0.1858974358974359,2.7844490905935313
208,0.1923076923076923,18.018840025693688
208,0.1987179487179487,4.049412715715782
208,0.20512820512820512,21.408181692411524
208,0.21153846153846154,10.682288988754252
208,0.21794871794871795,11.16654287805356
208,0.22435897435897434,6.771677564016528
208,0.23076923076923075,18.712617590573394
208,0.23717948717948717,5.330869707110278
208,0.24358974358974358,2.6914368362753116
208,0.25,2.3489822604370985
208,0.2564102564102564,1.9618421471066698
208,0.26282051282051283,10.039640207372406
208,0.2692307692307692,1.625576421857609
208,0.2756410256410256,9.202899684295074
208,0.28205128205128205,3.418187780582861
208,0.28846153846153844,10.01687186723199
208,0.2948717948717949,2.532196001737965
208,0.30128205128205127,12.516299543610987
208,0.3076923076923077,3.812043262376803
208,0.3141025641025641,4.456922501114452
208,0.3205128205128205,10.03357619118409
208,0.3269230769230769,12.416211750533156
208,0.3333333333333333,26.56062102669753
208,0.33974358974358976,6.448888925110153
208,0.34615384615384615,9.337189724231212
208,0.35256410256410253,31.22524441687845
208,0.358974358974359,14.055957565050017
208,0.36538461538461536,8.253149262211737
208,0.3717948717948718,9.150502459172031
208,0.3782051282051282,6.573370606132653
208,0.3846153846153846,7.472629716305439
208,0.391025641025641,17.56121448028876
208,0.3974358974358974,21.436380083160767
208,0.40384615384615385,23.97330021307537
208,0.41025641025641024,3.273624380710574
208,0.41666666666666663,14.335439571516828
208,0.4230769230769231,10.510626595759355
208,0.42948717948717946,12.94802669912925
208,0.4358974358974359,1.8766882021265185
208,0.4423076923076923,18.74102952234593
208,0.4487179487179487,12.755216499770974
208,0.4551282051282051,5.047607106050651
208,0.4615384615384615,2.943751598339036
208,0.46794871794871795,4.275012792286204
208,0.47435897435897434,13.747678581506914
208,0.4807692307692307,13.038631865094914
208,0.48717948717948717,0.5682817710563077
208,0.49358974358974356,11.851527691235564
209,0.0,0.0
209,0.005813953488372093,17.04737185287438
209,0.011627906976744186,8.651794940658203
209,0.01744186046511628,2.253196573163827
209,0.023255813953488372,3.1265350922883854
209,0.029069767441860465,14.02302125730097
209,0.03488372093023256,9.78936051209466
209,0.040697674418604654,15.332553054643588
209,0.046511627906976744,9.505850716068789
209,0.05232558139534883,10.261553055970628
209,0.05813953488372093,11.305252352527338
209,0.06395348837209303,15.10131763633024
209,0.06976744186046512,14.003550049906858
209,0.0755813953488372,9.021509673914908
209,0.08139534883720931,16.317228616701478
209,0.0872093023255814,14.402674182416344
209,0.09302325581395349,18.628327101633552
209,0.09883720930232558,8.824250103838777
209,0.10465116279069767,11.143391179394577
209,0.11046511627906977,14.56355741355824
209,0.11627906976744186,14.897477841245067
209,0.12209302325581395,12.99894020054422
209,0.12790697674418605,10.030427911549292
209,0.13372093023255813,8.419297473129536
209,0.13953488372093023,13.486170001489565
209,0.14534883720930233,15.895669677504928
209,0.1511627906976744,11.434730964024173
209,0.1569767441860465,16.13215949283331
209,0.16279069767441862,5.746563981793666
209,0.1686046511627907,17.96164074503093
209,0.1744186046511628,12.888288454228048
209,0.18023255813953487,14.693227367870174
209,0.18604651162790697,8.742079689283678
209,0.19186046511627908,3.725127313030775
209,0.19767441860465115,11.575930645185862
209,0.20348837209302326,14.45593279399807
209,0.20930232558139533,3.4698987855480157
209,0.21511627906976744,6.672097933493583
209,0.22093023255813954,19.836787822912207
209,0.22674418604651161,7.3604703286298285
209,0.23255813953488372,15.954427132186694
209,0.23837209302325582,9.506759095854747
209,0.2441860465116279,19.965600540713126
209,0.25,16.869462734507707
209,0.2558139534883721,4.405769067069254
209,0.2616279069767442,26.583719433894665
209,0.26744186046511625,4.528462463934985
209,0.27325581395348836,24.699901283948712
209,0.27906976744186046,13.325934844916107
209,0.28488372093023256,19.749758504826495
209,0.29069767441860467,3.8098403165048547
209,0.2965116279069767,15.13391245262567
209,0.3023255813953488,6.010798932636999
209,0.3081395348837209,12.055707939670553
209,0.313953488372093,6.782098688554373
209,0.31976744186046513,21.099277944613355
209,0.32558139534883723,19.35126949074493
209,0.3313953488372093,15.94792383349837
209,0.3372093023255814,10.696470804294389
209,0.3430232558139535,12.72702288877916
209,0.3488372093023256,7.765008659502883
209,0.3546511627906977,8.861487438813283
209,0.36046511627906974,19.085676785458343
209,0.36627906976744184,21.001636667334804
209,0.37209302325581395,9.798140425385832
209,0.37790697674418605,3.346023465425708
209,0.38372093023255816,7.06934772248453
209,0.3895348837209302,16.841278921315755
209,0.3953488372093023,26.10139202467589
209,0.4011627906976744,2.5935868174176613
209,0.4069767441860465,7.834376383315161
209,0.4127906976744186,10.104256661889687
209,0.41860465116279066,13.484055109781156
209,0.42441860465116277,10.354596101257663
209,0.43023255813953487,8.441528399860987
209,0.436046511627907,4.6646182323755285
209,0.4418604651162791,12.548763784340254
209,0.4476744186046512,9.24934818210497
209,0.45348837209302323,13.150935523935727
209,0.45930232558139533,4.638760470224077
209,0.46511627906976744,9.845124944453437
209,0.47093023255813954,8.044152824832508
209,0.47674418604651164,20.553890556548453
209,0.4825581395348837,9.90983054365789
209,0.4883720930232558,4.317421069879935
209,0.4941860465116279,14.885380386330183
210,0.0,2.5757174171303632e-14
210,0.006172839506172839,10.56060365017918
210,0.012345679012345678,9.128887090092409
210,0.018518518518518517,9.821772949173404
210,0.024691358024691357,4.362746199193129
210,0.030864197530864196,7.924734663371946
210,0.037037037037037035,11.351409994279376
210,0.043209876543209874,32.726720049030604
210,0.04938271604938271,10.695712610731503
210,0.05555555555555555,8.304808197165048
210,0.06172839506172839,18.488539146063808
210,0.06790123456790123,6.214483300284468
210,0.07407407407407407,5.175116440010016
210,0.08024691358024691,9.739838508517023
210,0.08641975308641975,20.482946208823673
210,0.09259259259259259,24.383183638097247
210,0.09876543209876543,5.850643758565691
210,0.10493827160493827,2.214272502934266
210,0.1111111111111111,9.883892256664337
210,0.11728395061728394,6.647366370671092
210,0.12345679012345678,11.118653910463477
210,0.12962962962962962,27.151158744435666
210,0.13580246913580246,5.46300492035285
210,0.1419753086419753,9.99543808865036
210,0.14814814814814814,7.660554540512755
210,0.15432098765432098,8.989498320798118
210,0.16049382716049382,7.567640685370276
210,0.16666666666666666,5.6691752355704335
210,0.1728395061728395,13.46710384424867
210,0.17901234567901234,22.641186879094118
210,0.18518518518518517,12.56265130408213
210,0.19135802469135801,16.881304388685145
210,0.19753086419753085,16.108780851254746
210,0.2037037037037037,7.6345803550805345
210,0.20987654320987653,8.187013740510388
210,0.21604938271604937,14.150252322443674
210,0.2222222222222222,13.07561030868222
210,0.22839506172839505,10.659791486871859
210,0.2345679012345679,12.384159345676906
210,0.24074074074074073,7.917765325044422
210,0.24691358024691357,13.05100313135438
210,0.25308641975308643,16.43118476557816
210,0.25925925925925924,2.9751506514512673
210,0.26543209876543206,6.039503451581155
210,0.2716049382716049,11.303865489235717
210,0.2777777777777778,7.769898672516515
210,0.2839506172839506,13.512546677596838
210,0.2901234567901234,12.984349423373438
210,0.2962962962962963,6.054933673943506
210,0.30246913580246915,13.387656928271685
210,0.30864197530864196,6.696247321895844
210,0.31481481481481477,11.036939957405327
210,0.32098765432098764,15.080942465885238
210,0.3271604938271605,27.666443145034528
210,0.3333333333333333,25.720680032479457
210,0.3395061728395061,10.249707729922001
210,0.345679012345679,18.472383885241715
210,0.35185185185185186,12.70252199572109
210,0.35802469135802467,13.84310006337479
210,0.3641975308641975,3.6215173262774485
210,0.37037037037037035,6.383764075878921
210,0.3765432098765432,17.522797456182136
210,0.38271604938271603,21.8370472452357
210,0.38888888888888884,17.050197358627432
210,0.3950617283950617,6.847736305408287
210,0.4012345679012346,9.896558358351776
210,0.4074074074074074,9.78703986959247
210,0.4135802469135802,11.211553830633237
210,0.41975308641975306,4.814440365552825
210,0.42592592592592593,11.340042051196695
210,0.43209876543209874,5.5246342245031395
210,0.43827160493827155,7.84876864268351
210,0.4444444444444444,3.543003810350455
210,0.4506172839506173,11.897381757347574
210,0.4567901234567901,6.7801025286089205
210,0.4629629629629629,5.520008265896526
210,0.4691358024691358,9.878091321870592
210,0.47530864197530864,4.895741112281212
210,0.48148148148148145,2.5576686705245995
210,0.48765432098765427,7.291547235605194
210,0.49382716049382713,11.850595212706565
211,0.0,1.5987211554602254e-14
211,0.006535947712418301,3.6679092654873147
211,0.013071895424836602,19.569181047629524
211,0.0196078431372549,11.484335039618434
211,0.026143790849673203,15.939377867139596
211,0.032679738562091505,20.07498484584027
211,0.0392156862745098,9.397900710465612
211,0.04575163398692811,13.970603641207246
211,0.05228758169934641,18.949255661046582
211,0.058823529411764705,14.00203005451059
211,0.06535947712418301,11.423632471917765
211,0.07189542483660132,18.864308777920943
211,0.0784313725490196,4.236182368267134
211,0.08496732026143791,11.827777580666284
211,0.09150326797385622,6.242371240559278
211,0.09803921568627451,8.403732911242713
211,0.10457516339869281,21.77112208296218
211,0.11111111111111112,2.731605772758294
211,0.11764705882352941,13.551355783851362
211,0.12418300653594772,9.833754981525482
211,0.13071895424836602,16.723158847664312
211,0.13725490196078433,9.840100899280866
211,0.14379084967320263,1.8829304366732762
211,0.1503267973856209,12.397199237515656
211,0.1568627450980392,15.589522969049408
211,0.16339869281045752,18.645812277701605
211,0.16993464052287582,7.617864875227059
211,0.17647058823529413,12.440506835614446
211,0.18300653594771243,15.175593758874856
211,0.1895424836601307,13.078947989404995
211,0.19607843137254902,12.589380302740924
211,0.20261437908496732,21.563969218520697
211,0.20915032679738563,6.578112309995571
211,0.21568627450980393,13.62589073821763
211,0.22222222222222224,9.6532795786057
211,0.22875816993464054,13.286619181470972
211,0.23529411764705882,7.069607354760705
211,0.24183006535947713,8.869919010956929
211,0.24836601307189543,6.1451833000915155
211,0.2549019607843137,16.486030635805065
211,0.26143790849673204,8.701393657925003
211,0.2679738562091503,6.03972833805452
211,0.27450980392156865,7.035607803020221
211,0.28104575163398693,11.756420183724767
211,0.28758169934640526,13.664630766737018
211,0.29411764705882354,3.88810091646335
211,0.3006535947712418,21.25691230645089
211,0.30718954248366015,6.118341950810016
211,0.3137254901960784,17.040419272006968
211,0.32026143790849676,9.888304227274896
211,0.32679738562091504,18.435145191326637
211,0.33333333333333337,8.704896119734999
211,0.33986928104575165,10.007229862638617
211,0.3464052287581699,4.35352212472519
211,0.35294117647058826,5.093461150664909
211,0.35947712418300654,4.504465842948429
211,0.36601307189542487,10.87910861630376
211,0.37254901960784315,2.8978360034190036
211,0.3790849673202614,12.012450731581273
211,0.38562091503267976,11.430588495637267
211,0.39215686274509803,4.699440231460957
211,0.39869281045751637,16.002519813492956
211,0.40522875816993464,9.319858441128384
211,0.411764705882353,11.176466946740947
211,0.41830065359477125,10.158706584781811
211,0.42483660130718953,8.024808708184366
211,0.43137254901960786,7.405914242085768
211,0.43790849673202614,17.605772163420443
211,0.4444444444444445,10.199612285548838
211,0.45098039215686275,15.294264566136283
211,0.4575163398692811,17.538036113081315
211,0.46405228758169936,5.782828615640113
211,0.47058823529411764,10.340148635021023
211,0.477124183006536,19.28197810919655
211,0.48366013071895425,16.62638460157201
211,0.4901960784313726,4.881328837031023
211,0.49673202614379086,4.880528510666055
212,0.0,1.8207657603852567e-14
212,0.005208333333333333,17.62004201813375
212,0.010416666666666666,23.069122917298476
212,0.015625,15.489970814395882
212,0.020833333333333332,10.378455979314568
212,0.026041666666666664,19.06247824623878
212,0.03125,22.811065703215345
212,0.03645833333333333,26.922602051646766
212,0.041666666666666664,14.868332258148714
212,0.046875,22.672319711387836
212,0.05208333333333333,22.477378198266408
212,0.057291666666666664,5.917840954901959
212,0.0625,24.674049176546685
212,0.06770833333333333,12.321815552509984
212,0.07291666666666666,20.97918119130388
212,0.078125,4.867263751750507
212,0.08333333333333333,13.198381634972886
212,0.08854166666666666,6.770321232377561
212,0.09375,7.927125883115822
212,0.09895833333333333,9.537395042427548
212,0.10416666666666666,7.917743234326577
212,0.109375,8.045235140186595
212,0.11458333333333333,7.133034506333484
212,0.11979166666666666,16.825924240149
212,0.125,5.607553529557854
212,0.13020833333333331,17.937299426948424
212,0.13541666666666666,8.513919517169592
212,0.140625,25.29274558766104
212,0.14583333333333331,4.322878767555541
212,0.15104166666666666,12.178366820355004
212,0.15625,9.898840767881847
212,0.16145833333333331,11.14409506999507
212,0.16666666666666666,15.162514174817199
212,0.171875,20.481951003739905
212,0.17708333333333331,15.220097546008414
212,0.18229166666666666,6.379779640268151
212,0.1875,9.192120423117737
212,0.19270833333333331,16.247033223672556
212,0.19791666666666666,9.836686723342192
212,0.203125,2.5744801548129748
212,0.20833333333333331,13.998801376982138
212,0.21354166666666666,4.371514345663667
212,0.21875,8.32571457915346
212,0.22395833333333331,12.769714050191665
212,0.22916666666666666,8.283951483190345
212,0.234375,18.916881297530075
212,0.23958333333333331,9.254829642655857
212,0.24479166666666666,8.172544613197275
212,0.25,23.69366839958012
212,0.2552083333333333,15.208158330003782
212,0.26041666666666663,15.13183586138451
212,0.265625,30.827079603897076
212,0.2708333333333333,15.716220095559597
212,0.27604166666666663,8.089162965534637
212,0.28125,19.168374017897058
212,0.2864583333333333,3.288440130118698
212,0.29166666666666663,12.2579830625464
212,0.296875,17.48864022626944
212,0.3020833333333333,14.343519425254673
212,0.30729166666666663,23.523664224695086
212,0.3125,5.676809549526698
212,0.3177083333333333,6.537457907507491
212,0.32291666666666663,7.303251856320203
212,0.328125,9.3275746929381
212,0.3333333333333333,13.611008024790536
212,0.33854166666666663,13.155414770450623
212,0.34375,5.493679896915776
212,0.3489583333333333,6.914099961298893
212,0.35416666666666663,10.83905929298178
212,0.359375,8.135201485817399
212,0.3645833333333333,15.725861893571025
212,0.36979166666666663,7.477200526556785
212,0.375,8.082839017392189
212,0.3802083333333333,2.4684226277337977
212,0.38541666666666663,7.039532528968197
212,0.390625,14.093760110875133
212,0.3958333333333333,16.894583672940243
212,0.40104166666666663,3.505038673190775
212,0.40625,16.50524598346753
212,0.4114583333333333,15.403467679188745
212,0.41666666666666663,17.253054191054957
212,0.421875,14.79019272352386
212,0.4270833333333333,10.814393844097093
212,0.43229166666666663,8.835633353203109
212,0.4375,6.589811143956548
212,0.4427083333333333,8.247690795250763
212,0.44791666666666663,16.92614352800888
212,0.453125,12.728559534010357
212,0.4583333333333333,2.2018312994593554
212,0.46354166666666663,23.307567473723335
212,0.46875,5.9246306643888165
212,0.4739583333333333,10.172692527609739
212,0.47916666666666663,6.6034164311539545
212,0.484375,11.890022904408841
212,0.4895833333333333,11.185384339350207
212,0.49479166666666663,3.945564687240205
213,0.0,8.881784197001252e-15
213,0.0056179775280898875,13.25525690981019
213,0.011235955056179775,23.68027541359742
213,0.016853932584269662,14.823367959826268
213,0.02247191011235955,29.650624937632138
213,0.028089887640449437,2.9060865139882983
213,0.033707865168539325,24.962776946599288
213,0.03932584269662921,17.63151525327417
213,0.0449438202247191,18.355667958726414
213,0.05056179775280899,11.937460790295821
213,0.056179775280898875,15.923116016074513
213,0.06179775280898876,10.412749442885936
213,0.06741573033707865,19.709272169200823
213,0.07303370786516854,7.355880673513049
213,0.07865168539325842,28.710330491090044
213,0.08426966292134831,12.815259720433842
213,0.0898876404494382,12.532427299179208
213,0.09550561797752809,5.437358647506187
213,0.10112359550561797,11.965733179529892
213,0.10674157303370786,17.258977168870302
213,0.11235955056179775,25.160874775937476
213,0.11797752808988764,16.629380532958272
213,0.12359550561797752,13.513266175230916
213,0.1292134831460674,11.302856182728775
213,0.1348314606741573,9.041595697597502
213,0.1404494382022472,12.228005136979437
213,0.14606741573033707,18.225582894633252
213,0.15168539325842695,9.89401427707987
213,0.15730337078651685,7.517250740801056
213,0.16292134831460675,2.919255375326957
213,0.16853932584269662,7.316867487103076
213,0.1741573033707865,1.0521732425387698
213,0.1797752808988764,9.229674525048456
213,0.1853932584269663,12.196793286046518
213,0.19101123595505617,19.22841245359495
213,0.19662921348314605,6.5693804324457465
213,0.20224719101123595,2.080876382754084
213,0.20786516853932585,18.147351725021736
213,0.21348314606741572,6.388003570864128
213,0.2191011235955056,13.34624503976405
213,0.2247191011235955,8.879708716525487
213,0.2303370786516854,5.259193837966459
213,0.23595505617977527,16.319305228816027
213,0.24157303370786515,3.7543524170360216
213,0.24719101123595505,12.607797129638525
213,0.25280898876404495,8.986237737250814
213,0.2584269662921348,6.580627739117829
213,0.2640449438202247,19.48745556061377
213,0.2696629213483146,1.5653416306051027
213,0.2752808988764045,8.961094276848518
213,0.2808988764044944,4.0384752292806585
213,0.28651685393258425,6.241691488001063
213,0.29213483146067415,10.00962609662405
213,0.29775280898876405,21.80286357309884
213,0.3033707865168539,1.7420585721340258
213,0.3089887640449438,5.965912019343427
213,0.3146067415730337,8.478781987748036
213,0.3202247191011236,20.83434545115306
213,0.3258426966292135,10.75075537151761
213,0.33146067415730335,20.00694127009668
213,0.33707865168539325,16.013434491736316
213,0.34269662921348315,7.594838269861645
213,0.348314606741573,8.372701277098468
213,0.3539325842696629,11.609086081567218
213,0.3595505617977528,12.824077383215599
213,0.3651685393258427,4.407566447450725
213,0.3707865168539326,9.320139935437412
213,0.37640449438202245,14.63320629198897
213,0.38202247191011235,10.473822281430767
213,0.38764044943820225,11.649864692431267
213,0.3932584269662921,9.604372070261588
213,0.398876404494382,8.531404806637175
213,0.4044943820224719,10.037972695629541
213,0.4101123595505618,12.401222939098437
213,0.4157303370786517,15.443819180830257
213,0.42134831460674155,8.397086690645773
213,0.42696629213483145,10.251062139855215
213,0.43258426966292135,9.01392752884587
213,0.4382022471910112,11.240976156688951
213,0.4438202247191011,14.573579174816961
213,0.449438202247191,9.122407758652969
213,0.4550561797752809,15.747256739264357
213,0.4606741573033708,6.384973058926506
213,0.46629213483146065,16.12196644808807
213,0.47191011235955055,12.654155929600499
213,0.47752808988764045,13.160725989909496
213,0.4831460674157303,22.84578982866722
213,0.4887640449438202,6.577738646942195
213,0.4943820224719101,7.348501893620902
214,0.0,1.9539925233402755e-14
214,0.005747126436781609,10.33018576177904
214,0.011494252873563218,3.7554992192620475
214,0.017241379310344827,22.005354311192313
214,0.022988505747126436,12.08381720576391
214,0.028735632183908046,21.617888372843762
214,0.034482758620689655,1.801412748642566
214,0.040229885057471264,11.191506984674172
214,0.04597701149425287,9.448181478991394
214,0.05172413793103448,6.789932771654129
214,0.05747126436781609,9.592134754219297
214,0.06321839080459771,11.76556535852318
214,0.06896551724137931,15.544667181654951
214,0.07471264367816091,6.108363264556974
214,0.08045977011494253,11.68705755900237
214,0.08620689655172414,28.44187699249641
214,0.09195402298850575,5.09837914048653
214,0.09770114942528735,2.8794183114632403
214,0.10344827586206896,5.672855076357318
214,0.10919540229885058,26.642317313306513
214,0.11494252873563218,8.195858500074278
214,0.12068965517241378,15.878930517779105
214,0.12643678160919541,8.514503422440661
214,0.13218390804597702,4.649920720048107
214,0.13793103448275862,15.427695997453313
214,0.14367816091954022,16.185352492920703
214,0.14942528735632182,2.830658601680014
214,0.15517241379310345,5.600319186552943
214,0.16091954022988506,7.231340623054973
214,0.16666666666666666,22.78758792344981
214,0.1724137931034483,15.991300876175709
214,0.1781609195402299,13.118268604972368
214,0.1839080459770115,17.099428404351222
214,0.1896551724137931,14.450465315830655
214,0.1954022988505747,5.474390478302718
214,0.20114942528735633,13.233310185838812
214,0.20689655172413793,28.3163826077419
214,0.21264367816091953,15.799047820778652
214,0.21839080459770116,6.74424324636342
214,0.22413793103448276,8.661580980187113
214,0.22988505747126436,13.330508594596065
214,0.23563218390804597,14.491128978264152
214,0.24137931034482757,4.563703653438819
214,0.2471264367816092,22.858519929234
214,0.25287356321839083,11.34237085200683
214,0.25862068965517243,9.998975462924506
214,0.26436781609195403,25.55061483298739
214,0.27011494252873564,8.664036995748763
214,0.27586206896551724,4.82842534015416
214,0.28160919540229884,10.504142316877516
214,0.28735632183908044,16.657071110704663
214,0.29310344827586204,22.92909144975571
214,0.29885057471264365,6.632261145951445
214,0.3045977011494253,2.4187996018823235
214,0.3103448275862069,12.601407131343311
214,0.3160919540229885,13.642767661194188
214,0.3218390804597701,15.457863453366492
214,0.3275862068965517,6.756949163574602
214,0.3333333333333333,8.17595676453935
214,0.3390804597701149,14.86618532587646
214,0.3448275862068966,5.242633851507343
214,0.3505747126436782,4.923484038247995
214,0.3563218390804598,13.801333624829203
214,0.3620689655172414,3.5386904534766574
214,0.367816091954023,14.062913807486382
214,0.3735632183908046,2.1251035849458217
214,0.3793103448275862,20.20427648460036
214,0.3850574712643678,12.717488159694119
214,0.3908045977011494,5.4089034932138915
214,0.39655172413793105,14.763310925679747
214,0.40229885057471265,10.439209950448342
214,0.40804597701149425,16.54042354932174
214,0.41379310344827586,10.33435589902972
214,0.41954022988505746,10.635848331677796
214,0.42528735632183906,6.4970203603480385
214,0.43103448275862066,10.6750159185914
214,0.4367816091954023,18.27902143417744
214,0.4425287356321839,3.3197036942826283
214,0.4482758620689655,8.260827936974378
214,0.4540229885057471,16.806990797581623
214,0.45977011494252873,9.23251302687329
214,0.46551724137931033,11.288401259931764
214,0.47126436781609193,1.7077661425582646
214,0.47701149425287354,15.792962424582852
214,0.48275862068965514,17.685275831863102
214,0.4885057471264368,14.586305019584048
214,0.4942528735632184,9.123715435087526
215,0.0,1.2434497875801753e-14
215,0.004901960784313725,19.002645318251513
215,0.00980392156862745,12.918126442947015
215,0.014705882352941176,6.112506952055638
215,0.0196078431372549,19.19299792573441
215,0.024509803921568627,15.538418999020761
215,0.029411764705882353,11.824870105563114
215,0.03431372549019608,2.8544787019583384
215,0.0392156862745098,7.298005687528497
215,0.044117647058823525,10.33197842240492
215,0.049019607843137254,11.896814888211864
215,0.05392156862745098,9.381624390553462
215,0.058823529411764705,3.3111598604670545
215,0.06372549019607843,16.01570522775634
215,0.06862745098039216,4.25114211255025
215,0.07352941176470588,4.627695187522603
215,0.0784313725490196,3.576123854570703
215,0.08333333333333333,5.959577722505771
215,0.08823529411764705,10.783293787936374
215,0.09313725490196079,4.900965622092597
215,0.09803921568627451,15.191262891263662
215,0.10294117647058823,14.231662185992128
215,0.10784313725490197,2.8933507080323615
215,0.11274509803921569,18.42799458402742
215,0.11764705882352941,6.924625539577973
215,0.12254901960784313,6.257964733762238
215,0.12745098039215685,36.64879302939519
215,0.1323529411764706,10.269169050290497
215,0.13725490196078433,5.239999443616729
215,0.14215686274509803,10.208175077056017
215,0.14705882352941177,5.993006023745663
215,0.15196078431372548,11.43091563051235
215,0.1568627450980392,15.33882911636028
215,0.16176470588235295,24.646110221540653
215,0.16666666666666666,13.013111346035272
215,0.1715686274509804,6.9328784905843515
215,0.1764705882352941,14.497480470376571
215,0.18137254901960784,13.125571919585242
215,0.18627450980392157,7.89273748672263
215,0.19117647058823528,21.144952945606626
215,0.19607843137254902,11.301786258350463
215,0.20098039215686275,11.05471612683091
215,0.20588235294117646,9.5433918930554
215,0.2107843137254902,24.99265682170219
215,0.21568627450980393,13.86607714449669
215,0.22058823529411764,3.9735520505204693
215,0.22549019607843138,20.256484582150566
215,0.23039215686274508,6.483702157441617
215,0.23529411764705882,20.022092763035914
215,0.24019607843137256,5.360606403903076
215,0.24509803921568626,13.463272629099338
215,0.25,4.87314852707335
215,0.2549019607843137,26.756333770383876
215,0.25980392156862747,38.661508357248636
215,0.2647058823529412,16.447885985536697
215,0.2696078431372549,15.409992497958992
215,0.27450980392156865,12.339299626690082
215,0.27941176470588236,11.36121763341897
215,0.28431372549019607,11.003065928865965
215,0.2892156862745098,10.984868493819198
215,0.29411764705882354,12.322824710546339
215,0.29901960784313725,4.4493569761107645
215,0.30392156862745096,6.458443199612091
215,0.3088235294117647,9.3077195375681
215,0.3137254901960784,18.316709360461974
215,0.31862745098039214,3.605083515468616
215,0.3235294117647059,7.411290495498071
215,0.3284313725490196,15.067145128614783
215,0.3333333333333333,12.29691818752113
215,0.3382352941176471,25.52491195342685
215,0.3431372549019608,17.244125672289105
215,0.3480392156862745,13.72405131117086
215,0.3529411764705882,5.84362987053869
215,0.35784313725490197,4.952901562007941
215,0.3627450980392157,24.78987886966832
215,0.3676470588235294,5.088947710261079
215,0.37254901960784315,18.49925523377111
215,0.37745098039215685,21.144727980461887
215,0.38235294117647056,13.345724543664184
215,0.3872549019607843,9.781714211729371
215,0.39215686274509803,8.026457348934294
215,0.39705882352941174,21.102248352296048
215,0.4019607843137255,7.3785965470414245
215,0.4068627450980392,28.44951631286439
215,0.4117647058823529,15.370198166188198
215,0.4166666666666667,17.64280500854052
215,0.4215686274509804,6.945394613391674
215,0.4264705882352941,17.1500991799836
215,0.43137254901960786,8.382107359262818
215,0.4362745098039216,10.89389886109663
215,0.4411764705882353,5.834387647509995
215,0.446078431372549,4.281684573965964
215,0.45098039215686275,7.37778718440127
215,0.45588235294117646,16.8248678565343
215,0.46078431372549017,5.187522624722778
215,0.46568627450980393,17.008255630894023
215,0.47058823529411764,18.78860242850842
215,0.47549019607843135,3.7624519827655503
215,0.4803921568627451,13.864827705266464
215,0.4852941176470588,2.0850864312771162
215,0.49019607843137253,22.409728290584187
215,0.4950980392156863,14.444231277674726
216,0.0,1.5987211554602254e-14
216,0.005,14.00983560356517
216,0.01,5.07656632857701
216,0.015,10.673272323651357
216,0.02,20.436819659196875
216,0.025,24.765917875498463
216,0.03,7.193565156554955
216,0.035,5.236245787108721
216,0.04,21.346841234984684
216,0.045,24.165651692851245
216,0.05,21.167341273883014
216,0.055,11.54381200946116
216,0.06,9.388891670407267
216,0.065,14.409665638229994
216,0.07,8.528375623709817
216,0.075,13.377829951369858
216,0.08,4.795988884952902
216,0.085,19.254535024340964
216,0.09,16.597463923725826
216,0.095,9.579847179315037
216,0.1,3.5291181341722697
216,0.105,18.55938214060535
216,0.11,18.290712742399155
216,0.115,6.549423482610343
216,0.12,5.563500415520526
216,0.125,26.15352893173557
216,0.13,16.969343984045484
216,0.135,8.076176822286925
216,0.14,12.055151021467411
216,0.145,9.175723254821886
216,0.15,4.044809284232063
216,0.155,11.79454400092852
216,0.16,14.186108127579136
216,0.165,10.982931365191181
216,0.17,13.947300363488269
216,0.17500000000000002,18.927778838810006
216,0.18,6.710736197128136
216,0.185,9.822606043524125
216,0.19,2.7950946968633654
216,0.195,7.6764149410000675
216,0.2,5.421797933757063
216,0.20500000000000002,6.869119332647046
216,0.21,4.405417068803934
216,0.215,6.642756753243062
216,0.22,26.953563110640715
216,0.225,5.077185448893072
216,0.23,10.452909216728916
216,0.23500000000000001,7.2249012484653585
216,0.24,15.637371678686694
216,0.245,5.831068744782443
216,0.25,10.355522678619144
216,0.255,20.876207915690465
216,0.26,13.036519517217197
216,0.265,13.997548046561953
216,0.27,3.9114699299938245
216,0.275,25.205665165804277
216,0.28,16.305358297634797
216,0.28500000000000003,13.698373030908883
216,0.29,8.32333650123253
216,0.295,24.0339326306084
216,0.3,12.257807924278854
216,0.305,10.446353756374151
216,0.31,4.33133171637346
216,0.315,12.715547585784579
216,0.32,18.65168566754365
216,0.325,14.728971761571923
216,0.33,17.607627746886173
216,0.335,16.65953374489723
216,0.34,3.920282653103362
216,0.34500000000000003,15.843454655615904
216,0.35000000000000003,18.836738653010844
216,0.355,10.331253887053446
216,0.36,19.273286044443616
216,0.365,15.835967394048627
216,0.37,7.794743707115625
216,0.375,8.063432520000527
216,0.38,6.465509532892649
216,0.385,6.895533850957492
216,0.39,17.52950535942855
216,0.395,10.83580548515352
216,0.4,11.73531243190919
216,0.405,14.58151119224623
216,0.41000000000000003,25.451601858876987
216,0.41500000000000004,8.362470968359556
216,0.42,18.629360032832327
216,0.425,19.184151912169824
216,0.43,8.416963473676827
216,0.435,16.922702900321926
216,0.44,8.283761479790282
216,0.445,10.266279977456612
216,0.45,15.590774384214694
216,0.455,13.341271306065492
216,0.46,5.601371275786696
216,0.465,10.302607070273547
216,0.47000000000000003,25.427168575731535
216,0.47500000000000003,7.374456942730922
216,0.48,13.932129288131184
216,0.485,14.020676745258744
216,0.49,16.979565541236077
216,0.495,17.107096440807698
217,0.0,1.354472090042691e-14
217,0.005076142131979695,39.68330805258784
217,0.01015228426395939,15.417872313506335
217,0.015228426395939085,14.990694178385366
217,0.02030456852791878,24.14314963975872
217,0.025380710659898477,16.353900044297962
217,0.03045685279187817,12.261838649638687
217,0.035532994923857864,15.74262500562003
217,0.04060913705583756,18.999050501484962
217,0.04568527918781726,18.295764351385575
217,0.050761421319796954,17.721549154388175
217,0.055837563451776644,6.518583774964282
217,0.06091370558375634,13.52933102595032
217,0.06598984771573603,5.06816686190928
217,0.07106598984771573,13.515121605696752
217,0.07614213197969542,12.7358050350709
217,0.08121827411167512,8.0178689757456
217,0.08629441624365482,10.851108271092214
217,0.09137055837563451,26.74593315638871
217,0.09644670050761421,1.14992303360483
217,0.10152284263959391,10.58073105200214
217,0.10659898477157359,10.439206989780736
217,0.11167512690355329,7.150321701079131
217,0.11675126903553298,7.801732094295618
217,0.12182741116751268,12.040099092787045
217,0.12690355329949238,4.317678790594053
217,0.13197969543147206,9.850773433177705
217,0.13705583756345177,5.087988759347535
217,0.14213197969543145,16.81749894206591
217,0.14720812182741116,4.082051750497353
217,0.15228426395939085,7.788841189871134
217,0.15736040609137056,7.045515365004935
217,0.16243654822335024,15.574237683155772
217,0.16751269035532992,15.278439721785444
217,0.17258883248730963,11.301822287500434
217,0.17766497461928932,5.498782185169257
217,0.18274111675126903,13.878122859182804
217,0.1878172588832487,9.930419011132049
217,0.19289340101522842,12.700110546392667
217,0.1979695431472081,4.375699889175491
217,0.20304568527918782,13.81210887179877
217,0.2081218274111675,8.127814114130127
217,0.21319796954314718,16.742936722788887
217,0.2182741116751269,15.973371298219002
217,0.22335025380710657,3.4509105844959604
217,0.22842639593908629,16.20319509162134
217,0.23350253807106597,14.64109494359834
217,0.23857868020304568,10.581700999489305
217,0.24365482233502536,9.362238539543666
217,0.24873096446700504,12.04056689038175
217,0.25380710659898476,10.225074974598614
217,0.25888324873096447,2.612586569745006
217,0.2639593908629441,10.367056552806751
217,0.26903553299492383,9.529123817080439
217,0.27411167512690354,4.732476612045846
217,0.27918781725888325,2.318883805648796
217,0.2842639593908629,9.792651381971954
217,0.2893401015228426,4.253308853284464
217,0.29441624365482233,6.306387686404897
217,0.299492385786802,13.18677374213697
217,0.3045685279187817,17.41215788277319
217,0.3096446700507614,18.23405801188664
217,0.3147208121827411,3.880017563326442
217,0.31979695431472077,6.9272306328567845
217,0.3248730964467005,15.585559965549127
217,0.3299492385786802,16.597336374962627
217,0.33502538071065985,10.764268331845763
217,0.34010152284263956,13.684970740235437
217,0.34517766497461927,17.664645674972377
217,0.350253807106599,21.48734047432317
217,0.35532994923857864,21.005107505921266
217,0.36040609137055835,3.5279291846226473
217,0.36548223350253806,20.101444852050985
217,0.3705583756345177,7.618712005887424
217,0.3756345177664974,11.383978591532552
217,0.38071065989847713,17.410770551444593
217,0.38578680203045684,16.541442459043388
217,0.3908629441624365,3.466137989326525
217,0.3959390862944162,19.143120791204577
217,0.4010152284263959,19.998087361572466
217,0.40609137055837563,9.075239160252936
217,0.4111675126903553,18.863213158185534
217,0.416243654822335,8.081230135788886
217,0.4213197969543147,6.498368472926579
217,0.42639593908629436,28.91067498974819
217,0.4314720812182741,11.55769426968095
217,0.4365482233502538,22.460757098402947
217,0.4416243654822335,10.214209551060522
217,0.44670050761421315,10.593438993097841
217,0.45177664974619286,23.657980288681124
217,0.45685279187817257,23.82988842125918
217,0.4619289340101522,15.807440493291379
217,0.46700507614213194,9.75162803760122
217,0.47208121827411165,6.2637945970901905
217,0.47715736040609136,4.413515080355527
217,0.482233502538071,21.548267979143535
217,0.4873096446700507,9.722352123444843
217,0.49238578680203043,8.644043375640647
217,0.4974619289340101,9.648381739001337
218,0.0,5.329070518200751e-15
218,0.005235602094240838,23.083580756034703
218,0.010471204188481676,12.907884470735626
218,0.015706806282722516,2.74550710850392
218,0.020942408376963352,7.885923358045181
218,0.02617801047120419,9.953648517920483
218,0.03141361256544503,2.0353185864520857
218,0.03664921465968587,19.813861284374116
218,0.041884816753926704,4.232375977533562
218,0.04712041884816754,20.39204926357155
218,0.05235602094240838,10.5567796466796
218,0.05759162303664922,20.776703698929943
218,0.06282722513089006,8.041838469242524
218,0.06806282722513089,16.49936306539926
218,0.07329842931937174,5.544270098888656
218,0.07853403141361257,14.590287422032805
218,0.08376963350785341,4.487078022472139
218,0.08900523560209425,5.58987062370154
218,0.09424083769633508,6.55113687803777
218,0.09947643979057592,12.354943776638022
218,0.10471204188481675,19.248563617763633
218,0.1099476439790576,16.4415131076659
218,0.11518324607329844,5.985596957549475
218,0.12041884816753927,10.785483360707342
218,0.12565445026178013,6.228319134974821
218,0.13089005235602094,15.670666335454554
218,0.13612565445026178,5.124406157505588
218,0.14136125654450263,1.9542856139523652
218,0.14659685863874347,12.905896533401968
218,0.15183246073298431,16.920739513008222
218,0.15706806282722513,27.800410877812023
218,0.16230366492146597,10.305217269852013
218,0.16753926701570682,6.772554902549005
218,0.17277486910994766,6.693862587221725
218,0.1780104712041885,3.339234167816717
218,0.18324607329842932,17.39632546686804
218,0.18848167539267016,5.164591977855403
218,0.193717277486911,14.574802501872401
218,0.19895287958115185,12.29840234622341
218,0.2041884816753927,11.089881359196314
218,0.2094240837696335,9.510505396640927
218,0.21465968586387435,12.600616013452225
218,0.2198952879581152,13.817614106962022
218,0.22513089005235604,6.265577371054666
218,0.23036649214659688,15.679981378966584
218,0.23560209424083772,5.061024140624554
218,0.24083769633507854,5.392841208882
218,0.24607329842931938,18.239924670545268
218,0.25130890052356025,12.047194906876253
218,0.25654450261780104,7.336744053376025
218,0.2617801047120419,7.084091140184049
218,0.2670157068062827,17.588628620923338
218,0.27225130890052357,14.970714332926876
218,0.2774869109947644,28.264386726115035
218,0.28272251308900526,9.664600825520479
218,0.2879581151832461,7.960145462225098
218,0.29319371727748694,23.449817313967085
218,0.2984293193717278,7.397807552725223
218,0.30366492146596863,14.584075157151394
218,0.3089005235602094,13.864615615738858
218,0.31413612565445026,26.151702380185913
218,0.3193717277486911,14.029725916971895
218,0.32460732984293195,6.577490483722876
218,0.3298429319371728,18.05409658311468
218,0.33507853403141363,4.780430562409271
218,0.3403141361256545,16.67744952538992
218,0.3455497382198953,23.094247239871667
218,0.35078534031413616,5.069428587532188
218,0.356020942408377,10.959043460179515
218,0.36125654450261785,6.635564876585592
218,0.36649214659685864,22.515711038900903
218,0.3717277486910995,15.19895834276698
218,0.3769633507853403,15.113221965267938
218,0.38219895287958117,13.192064579431483
218,0.387434554973822,28.101584030181133
218,0.39267015706806285,12.944044620467897
218,0.3979057591623037,6.753963562040059
218,0.40314136125654454,8.405760801783547
218,0.4083769633507854,7.972585183079864
218,0.4136125654450262,16.587772051229912
218,0.418848167539267,12.007423117650417
218,0.42408376963350786,19.230521790189705
218,0.4293193717277487,12.450872014114088
218,0.43455497382198954,17.9424856390124
218,0.4397905759162304,23.353353248906984
218,0.44502617801047123,20.286042387049818
218,0.4502617801047121,13.380280822230928
218,0.4554973821989529,3.3484137261631446
218,0.46073298429319376,10.930175159858049
218,0.4659685863874346,10.490372877442562
218,0.47120418848167545,6.895946884262102
218,0.47643979057591623,13.911382168786554
218,0.4816753926701571,13.008661435805513
218,0.4869109947643979,16.48419105869928
218,0.49214659685863876,7.753089923531951
218,0.4973821989528796,4.12471657076976
219,0.0,4.973799150320701e-14
219,0.0047169811320754715,20.15064605534377
219,0.009433962264150943,17.224318199426488
219,0.014150943396226415,6.815153820284739
219,0.018867924528301886,18.759813296528268
219,0.023584905660377357,2.606257988852399
219,0.02830188679245283,9.319111496536063
219,0.0330188679245283,3.9614897225908923
219,0.03773584905660377,19.46298086133238
219,0.04245283018867924,6.108865548768759
219,0.04716981132075471,27.676953864477245
219,0.051886792452830184,10.013902215856573
219,0.05660377358490566,12.794989049276609
219,0.06132075471698113,19.49776107549139
219,0.0660377358490566,9.267281667430508
219,0.07075471698113207,13.825267139643188
219,0.07547169811320754,3.1960636808429133
219,0.08018867924528301,8.466353472336321
219,0.08490566037735849,6.406030419810611
219,0.08962264150943396,21.60479370834401
219,0.09433962264150943,15.363777515742564
219,0.0990566037735849,7.434418011818568
219,0.10377358490566037,17.805006228213905
219,0.10849056603773584,11.29103055971111
219,0.11320754716981132,26.03053398619716
219,0.1179245283018868,31.42711128125982
219,0.12264150943396226,4.205761043606667
219,0.12735849056603774,8.065857968460728
219,0.1320754716981132,8.939155839026606
219,0.13679245283018868,8.254892149893356
219,0.14150943396226415,9.140114556284741
219,0.14622641509433962,8.547561529427329
219,0.1509433962264151,9.60284080191759
219,0.15566037735849056,14.397697719542027
219,0.16037735849056603,9.190958548492258
219,0.1650943396226415,6.621288578906444
219,0.16981132075471697,9.33946707011866
219,0.17452830188679244,11.697048820958935
219,0.1792452830188679,8.37680038638895
219,0.18396226415094338,7.529639869925098
219,0.18867924528301885,11.665611375138287
219,0.19339622641509432,11.20320041917882
219,0.1981132075471698,1.009283715361388
219,0.20283018867924527,16.402174629291324
219,0.20754716981132074,7.266685449806314
219,0.2122641509433962,12.844258651460027
219,0.21698113207547168,4.270740640770102
219,0.22169811320754715,15.820656300349397
219,0.22641509433962265,15.153873772202674
219,0.23113207547169812,20.046768799771783
219,0.2358490566037736,6.922324626198458
219,0.24056603773584906,3.6915530698529326
219,0.24528301886792453,28.67238390663883
219,0.25,6.250764519370456
219,0.25471698113207547,10.885597457473914
219,0.25943396226415094,29.62175492943421
219,0.2641509433962264,15.207675653789424
219,0.2688679245283019,18.50264602048281
219,0.27358490566037735,17.556543838345437
219,0.2783018867924528,12.053881225614884
219,0.2830188679245283,6.15935228277195
219,0.28773584905660377,13.818411823236097
219,0.29245283018867924,27.75880656805252
219,0.2971698113207547,14.581546397117167
219,0.3018867924528302,3.77852456145243
219,0.30660377358490565,5.933881719063089
219,0.3113207547169811,13.47506682719698
219,0.3160377358490566,14.345289867718686
219,0.32075471698113206,7.714272094711118
219,0.32547169811320753,8.249193540135805
219,0.330188679245283,16.1914211543664
219,0.33490566037735847,29.53170032009869
219,0.33962264150943394,13.705995736204615
219,0.3443396226415094,15.564473810852952
219,0.3490566037735849,7.161502862678491
219,0.35377358490566035,17.208356143091674
219,0.3584905660377358,10.633956758973426
219,0.3632075471698113,10.07690998725088
219,0.36792452830188677,1.6412514999733157
219,0.37264150943396224,9.420980378985764
219,0.3773584905660377,12.140653824290947
219,0.3820754716981132,6.771748627560152
219,0.38679245283018865,8.181249038756588
219,0.3915094339622641,18.95279231114707
219,0.3962264150943396,16.26472468032154
219,0.40094339622641506,8.357181408987
219,0.40566037735849053,13.880724597205683
219,0.410377358490566,28.02196668879047
219,0.4150943396226415,18.799534731003448
219,0.41981132075471694,5.353947196757617
219,0.4245283018867924,12.580373002570646
219,0.4292452830188679,23.149396187210534
219,0.43396226415094336,10.011367969038222
219,0.4386792452830188,26.475197626266958
219,0.4433962264150943,22.763951279964754
219,0.44811320754716977,13.11847061368395
219,0.4528301886792453,12.230412391122282
219,0.45754716981132076,9.004469559004022
219,0.46226415094339623,5.7268948980732235
219,0.4669811320754717,11.235140463706811
219,0.4716981132075472,8.769635111915328
219,0.47641509433962265,18.253226615490618
219,0.4811320754716981,11.344200407610757
219,0.4858490566037736,26.86684061246068
219,0.49056603773584906,11.444746420534376
219,0.49528301886792453,10.278318996754518
220,0.0,3.774758283725532e-14
220,0.004901960784313725,15.39352810639423
220,0.00980392156862745,12.443723912308668
220,0.014705882352941176,6.013832506320369
220,0.0196078431372549,23.361549958310572
220,0.024509803921568627,21.187415072881382
220,0.029411764705882353,32.13479100429648
220,0.03431372549019608,17.361156288302936
220,0.0392156862745098,13.342979570223116
220,0.044117647058823525,23.29950409897158
220,0.049019607843137254,15.66891251572724
220,0.05392156862745098,15.242646203154338
220,0.058823529411764705,8.566039894680115
220,0.06372549019607843,17.89286959671105
220,0.06862745098039216,10.682621627979065
220,0.07352941176470588,21.413280518871364
220,0.0784313725490196,14.844426365795485
220,0.08333333333333333,15.110801517392302
220,0.08823529411764705,3.492547089235356
220,0.09313725490196079,12.021428121291793
220,0.09803921568627451,27.757075544963282
220,0.10294117647058823,14.84479163581219
220,0.10784313725490197,8.744369991325803
220,0.11274509803921569,3.0177133098327227
220,0.11764705882352941,17.252833930071894
220,0.12254901960784313,11.795215355856845
220,0.12745098039215685,11.475799304265891
220,0.1323529411764706,20.316152960884327
220,0.13725490196078433,15.542150202971156
220,0.14215686274509803,17.06219062934178
220,0.14705882352941177,9.293129525200836
220,0.15196078431372548,2.854563118695561
220,0.1568627450980392,13.802861940829382
220,0.16176470588235295,29.405836036808836
220,0.16666666666666666,9.308342426150462
220,0.1715686274509804,13.716562281651576
220,0.1764705882352941,11.687994846384635
220,0.18137254901960784,13.604926995681229
220,0.18627450980392157,13.734061422759979
220,0.19117647058823528,16.081705573874665
220,0.19607843137254902,13.06830276951303
220,0.20098039215686275,2.8900639469831093
220,0.20588235294117646,15.665129397258372
220,0.2107843137254902,6.508905781570894
220,0.21568627450980393,10.342870370230454
220,0.22058823529411764,5.110607218883901
220,0.22549019607843138,10.24864096838683
220,0.23039215686274508,17.476990954623698
220,0.23529411764705882,17.95641755593024
220,0.24019607843137256,6.542135876916448
220,0.24509803921568626,4.925687060612379
220,0.25,3.192327938953863
220,0.2549019607843137,4.728505730038352
220,0.25980392156862747,15.203181460309114
220,0.2647058823529412,9.024577069170105
220,0.2696078431372549,18.219596417487505
220,0.27450980392156865,6.016037690111144
220,0.27941176470588236,14.361869294020908
220,0.28431372549019607,6.928100397658491
220,0.2892156862745098,22.020020048935876
220,0.29411764705882354,12.38319946993673
220,0.29901960784313725,8.19902836882322
220,0.30392156862745096,13.182359704430365
220,0.3088235294117647,23.01318464572344
220,0.3137254901960784,22.716990120935915
220,0.31862745098039214,11.52124530829389
220,0.3235294117647059,10.146038743694568
220,0.3284313725490196,5.998460503414177
220,0.3333333333333333,3.339063326513152
220,0.3382352941176471,12.39393539625101
220,0.3431372549019608,23.69810601430322
220,0.3480392156862745,8.09093105629752
220,0.3529411764705882,13.514328062438743
220,0.35784313725490197,11.93178512099411
220,0.3627450980392157,9.027444857648828
220,0.3676470588235294,22.235251015226414
220,0.37254901960784315,18.622389728554552
220,0.37745098039215685,14.230835165655265
220,0.38235294117647056,4.657089279099298
220,0.3872549019607843,6.525038023370285
220,0.39215686274509803,25.58620522326129
220,0.39705882352941174,18.290151683456617
220,0.4019607843137255,17.916883392200397
220,0.4068627450980392,10.236618625947807
220,0.4117647058823529,11.37691752619837
220,0.4166666666666667,7.258139295341886
220,0.4215686274509804,22.95006963540216
220,0.4264705882352941,6.8273594983238
220,0.43137254901960786,2.627005339919726
220,0.4362745098039216,13.965136126370611
220,0.4411764705882353,15.767912209278828
220,0.446078431372549,7.719737171943317
220,0.45098039215686275,9.370732658624437
220,0.45588235294117646,0.9709083411152049
220,0.46078431372549017,8.792301922413474
220,0.46568627450980393,6.857147650845366
220,0.47058823529411764,9.255528101681898
220,0.47549019607843135,8.769084430472764
220,0.4803921568627451,7.433589099688721
220,0.4852941176470588,16.51291625934107
220,0.49019607843137253,8.598545162253915
220,0.4950980392156863,12.395457377312125
221,0.0,1.7763568394002505e-15
221,0.0049504950495049506,25.385306083583874
221,0.009900990099009901,4.035769574358328
221,0.01485148514851485,21.521028079356014
221,0.019801980198019802,21.070919209412143
221,0.024752475247524754,8.134505868043428
221,0.0297029702970297,19.402083006271166
221,0.034653465346534656,21.54495403723241
221,0.039603960396039604,10.38556421462558
221,0.04455445544554455,10.799853477553123
221,0.04950495049504951,8.566999603348108
221,0.054455445544554455,14.588315885952575
221,0.0594059405940594,25.5416840447555
221,0.06435643564356436,18.335036703191115
221,0.06930693069306931,12.097369920470332
221,0.07425742574257425,21.75412663552694
221,0.07920792079207921,22.42384049654501
221,0.08415841584158416,23.05235901303891
221,0.0891089108910891,15.274750323348938
221,0.09405940594059406,19.920246148877382
221,0.09900990099009901,9.641811833756933
221,0.10396039603960396,9.799275649198444
221,0.10891089108910891,11.783223831273565
221,0.11386138613861387,14.400586135496575
221,0.1188118811881188,8.036882296064462
221,0.12376237623762376,15.959361379508282
221,0.12871287128712872,10.84742939479678
221,0.13366336633663367,7.480575925784543
221,0.13861386138613863,15.959829736460001
221,0.14356435643564355,26.54074530337281
221,0.1485148514851485,13.971320809644789
221,0.15346534653465346,10.54313732833692
221,0.15841584158415842,22.59451147998915
221,0.16336633663366337,17.81647687425372
221,0.16831683168316833,10.350361844395236
221,0.17326732673267328,9.39571424776464
221,0.1782178217821782,13.164359730229025
221,0.18316831683168316,4.492714612006735
221,0.18811881188118812,12.127872369878471
221,0.19306930693069307,15.94997727787726
221,0.19801980198019803,9.527420110738772
221,0.20297029702970298,15.024605846003277
221,0.2079207920792079,12.175867345422613
221,0.21287128712871287,7.714469021872572
221,0.21782178217821782,23.430549524491198
221,0.22277227722772278,24.261236372652668
221,0.22772277227722773,17.49553380675122
221,0.23267326732673269,13.963261501326064
221,0.2376237623762376,15.4595860544966
221,0.24257425742574257,18.223344941829797
221,0.24752475247524752,9.671007686879777
221,0.2524752475247525,6.9576553311932425
221,0.25742574257425743,9.118196038602127
221,0.2623762376237624,3.253345993376736
221,0.26732673267326734,3.3624697817186666
221,0.2722772277227723,3.307654260871847
221,0.27722772277227725,16.882534539126386
221,0.2821782178217822,21.34797767301505
221,0.2871287128712871,16.90525489528169
221,0.29207920792079206,5.713064674990925
221,0.297029702970297,8.63846573096249
221,0.30198019801980197,24.112338559748856
221,0.3069306930693069,5.892266095723561
221,0.3118811881188119,12.33701478858234
221,0.31683168316831684,17.437634770219802
221,0.3217821782178218,18.27093712355624
221,0.32673267326732675,8.353951631276235
221,0.3316831683168317,8.06925613565354
221,0.33663366336633666,1.929186767818393
221,0.3415841584158416,2.233506439262527
221,0.34653465346534656,9.630839736067097
221,0.35148514851485146,9.05648379782921
221,0.3564356435643564,4.278700337871147
221,0.3613861386138614,13.408704951233668
221,0.36633663366336633,11.00358427285846
221,0.3712871287128713,13.716282875670997
221,0.37623762376237624,12.315161440887287
221,0.3811881188118812,11.579547079172464
221,0.38613861386138615,0.917733158021949
221,0.3910891089108911,14.796521153819807
221,0.39603960396039606,20.447735789288412
221,0.400990099009901,5.155982124979285
221,0.40594059405940597,9.853387611501715
221,0.4108910891089109,10.780653286490686
221,0.4158415841584158,11.909607969572665
221,0.4207920792079208,9.75033258178731
221,0.42574257425742573,19.88869452977102
221,0.4306930693069307,9.529046664526243
221,0.43564356435643564,11.097974936474012
221,0.4405940594059406,14.042756283482928
221,0.44554455445544555,13.625288300482467
221,0.4504950495049505,4.191018060432937
221,0.45544554455445546,20.6702468288038
221,0.4603960396039604,18.136190605017415
221,0.46534653465346537,10.950201570606476
221,0.4702970297029703,1.1192880931968203
221,0.4752475247524752,9.020729226820423
221,0.4801980198019802,10.852037767101905
221,0.48514851485148514,10.784705714279855
221,0.4900990099009901,12.738955223133297
221,0.49504950495049505,8.563366918400838
222,0.0,1.0658141036401503e-14
222,0.004629629629629629,23.4661731416108
222,0.009259259259259259,21.12659476489568
222,0.013888888888888888,9.299161879919154
222,0.018518518518518517,6.529234951790324
222,0.023148148148148147,17.808720136609093
222,0.027777777777777776,13.996703218769541
222,0.032407407407407406,20.1614078879423
222,0.037037037037037035,5.643613364313403
222,0.041666666666666664,18.42110167620747
222,0.046296296296296294,2.383178238368703
222,0.05092592592592592,6.113463759680194
222,0.05555555555555555,4.752487023563973
222,0.06018518518518518,19.930902685161005
222,0.06481481481481481,8.882860538947085
222,0.06944444444444445,9.569724074880494
222,0.07407407407407407,4.442844317818017
222,0.07870370370370369,12.362581449450822
222,0.08333333333333333,21.205852372940107
222,0.08796296296296297,7.124119855392905
222,0.09259259259259259,10.114596764607564
222,0.09722222222222221,4.549190670784978
222,0.10185185185185185,16.709832835346994
222,0.10648148148148148,4.249277547753353
222,0.1111111111111111,25.53185367455996
222,0.11574074074074073,13.521283936623565
222,0.12037037037037036,4.612468731839787
222,0.125,0.8020628147429845
222,0.12962962962962962,10.022927871304757
222,0.13425925925925924,3.757785838716604
222,0.1388888888888889,20.49331711777947
222,0.14351851851851852,11.324113332201282
222,0.14814814814814814,11.79100982636725
222,0.15277777777777776,5.112473323079976
222,0.15740740740740738,18.077058916226118
222,0.16203703703703703,11.164088468219159
222,0.16666666666666666,20.127995263161125
222,0.17129629629629628,14.410190252102936
222,0.17592592592592593,7.189549506127956
222,0.18055555555555555,25.044326848875947
222,0.18518518518518517,12.14169925795019
222,0.1898148148148148,14.183343573394733
222,0.19444444444444442,22.270749654337262
222,0.19907407407407407,16.790597536190887
222,0.2037037037037037,9.04916863272121
222,0.20833333333333331,4.786692311211768
222,0.21296296296296297,24.846492072644253
222,0.2175925925925926,6.6494972574527775
222,0.2222222222222222,24.399310381602433
222,0.22685185185185183,19.96666134131754
222,0.23148148148148145,3.80381605791542
222,0.2361111111111111,12.568422336646542
222,0.24074074074074073,3.9673309256230165
222,0.24537037037037035,12.196775173931753
222,0.25,13.435447067805969
222,0.2546296296296296,13.65852798840728
222,0.25925925925925924,18.26383551292894
222,0.2638888888888889,17.73454742297334
222,0.2685185185185185,10.719622302303716
222,0.27314814814814814,13.86556504090292
222,0.2777777777777778,16.71358331935439
222,0.2824074074074074,13.46616392708517
222,0.28703703703703703,18.392476765096472
222,0.29166666666666663,22.434678909078748
222,0.2962962962962963,3.2290467244466465
222,0.30092592592592593,12.536598076127497
222,0.3055555555555555,20.740967055622505
222,0.3101851851851852,29.36664547911162
222,0.31481481481481477,27.429341598486477
222,0.3194444444444444,11.706252570281377
222,0.32407407407407407,6.1229748191815405
222,0.32870370370370366,12.932764633088453
222,0.3333333333333333,19.84755105333334
222,0.33796296296296297,9.531168701814597
222,0.34259259259259256,10.227327938382468
222,0.3472222222222222,6.572228583845579
222,0.35185185185185186,5.925833947618045
222,0.35648148148148145,11.292991247579614
222,0.3611111111111111,6.8913685427922
222,0.3657407407407407,16.822677761495157
222,0.37037037037037035,4.020661876584331
222,0.375,10.588051399108865
222,0.3796296296296296,19.17301735843812
222,0.38425925925925924,23.31468456922406
222,0.38888888888888884,12.818420624696383
222,0.3935185185185185,10.498524238926853
222,0.39814814814814814,6.435900833427901
222,0.40277777777777773,12.303905673794022
222,0.4074074074074074,21.247675495886437
222,0.41203703703703703,18.764474259413106
222,0.41666666666666663,5.726778607546463
222,0.4212962962962963,16.642605455516726
222,0.42592592592592593,9.42300521630278
222,0.4305555555555555,15.696470361574889
222,0.4351851851851852,17.091294570833718
222,0.43981481481481477,16.300889959885016
222,0.4444444444444444,16.041326202284786
222,0.44907407407407407,12.186038340010102
222,0.45370370370370366,35.68609412537152
222,0.4583333333333333,19.315344573348646
222,0.4629629629629629,12.74812210789141
222,0.46759259259259256,10.866460556660053
222,0.4722222222222222,8.394544392517078
222,0.4768518518518518,12.048215128877278
222,0.48148148148148145,1.741933311255246
222,0.4861111111111111,6.845865047999141
222,0.4907407407407407,9.88553905890515
222,0.49537037037037035,0.5148044510490163
223,0.0,5.10702591327572e-15
223,0.005780346820809248,9.975495413409494
223,0.011560693641618497,18.39231457164396
223,0.017341040462427744,20.268524219857508
223,0.023121387283236993,15.984092374139474
223,0.028901734104046242,5.442092024643787
223,0.03468208092485549,28.18449576924934
223,0.04046242774566474,9.917874191636175
223,0.046242774566473986,16.311903227736202
223,0.05202312138728323,14.684478299047155
223,0.057803468208092484,5.188889117653996
223,0.06358381502890173,13.0356477248641
223,0.06936416184971098,14.421757560301206
223,0.07514450867052022,5.77094337324815
223,0.08092485549132948,19.633788733691656
223,0.08670520231213873,21.759687455797867
223,0.09248554913294797,19.590846828695224
223,0.09826589595375722,22.308984770012067
223,0.10404624277456646,15.849974195802172
223,0.10982658959537572,16.54635016702775
223,0.11560693641618497,7.279347160741517
223,0.12138728323699421,6.926541503891874
223,0.12716763005780346,12.898678624456366
223,0.1329479768786127,17.992834670457526
223,0.13872832369942195,18.77187776629321
223,0.1445086705202312,9.834880704145123
223,0.15028901734104044,11.197862947171913
223,0.15606936416184972,22.032477570838065
223,0.16184971098265896,9.32066026097049
223,0.1676300578034682,12.122721728274136
223,0.17341040462427745,3.965481566498821
223,0.1791907514450867,16.63504094714457
223,0.18497109826589594,1.1711164515936296
223,0.1907514450867052,8.752600614198503
223,0.19653179190751444,13.833591720961502
223,0.20231213872832368,13.616084173460083
223,0.20809248554913293,14.11597513559467
223,0.21387283236994217,9.315154580697188
223,0.21965317919075145,15.716025559545972
223,0.2254335260115607,13.555458555832404
223,0.23121387283236994,5.241742601074076
223,0.23699421965317918,3.847404965037655
223,0.24277456647398843,9.129343244090629
223,0.24855491329479767,12.701795735314514
223,0.2543352601156069,6.759656542876257
223,0.26011560693641617,2.4815806886985645
223,0.2658959537572254,12.00013994148752
223,0.27167630057803466,12.441426582714241
223,0.2774566473988439,6.464721727042714
223,0.28323699421965315,11.043630533819703
223,0.2890173410404624,18.69027831274538
223,0.29479768786127164,13.171844231109022
223,0.3005780346820809,4.019492598492201
223,0.30635838150289013,24.90696004113574
223,0.31213872832369943,6.084438655299891
223,0.3179190751445087,14.393354212478394
223,0.3236994219653179,8.468388460561524
223,0.32947976878612717,7.177229737716559
223,0.3352601156069364,13.483434199465238
223,0.34104046242774566,7.386920627937885
223,0.3468208092485549,14.658846653683872
223,0.35260115606936415,21.0497563122436
223,0.3583815028901734,6.5104856177264665
223,0.36416184971098264,4.2392079957523565
223,0.3699421965317919,3.3040735086593576
223,0.37572254335260113,5.531102662933546
223,0.3815028901734104,12.629943166645765
223,0.3872832369942196,17.676534144882975
223,0.39306358381502887,17.690806625186184
223,0.3988439306358381,11.297515474130222
223,0.40462427745664736,13.52995088288617
223,0.4104046242774566,6.835871487518448
223,0.41618497109826585,8.53657159507528
223,0.4219653179190751,13.233845494007607
223,0.42774566473988435,21.886436848745014
223,0.43352601156069365,2.5853244518371072
223,0.4393063583815029,11.910513013674493
223,0.44508670520231214,3.965326870109931
223,0.4508670520231214,10.043913127398717
223,0.45664739884393063,8.457167899009743
223,0.4624277456647399,15.471567743693992
223,0.4682080924855491,11.04573811464416
223,0.47398843930635837,6.323726097898382
223,0.4797687861271676,11.701021719605272
223,0.48554913294797686,6.2269094816581125
223,0.4913294797687861,10.364802149035329
223,0.49710982658959535,13.749451860966756
224,0.0,3.552713678800501e-15
224,0.006172839506172839,3.9211983386834146
224,0.012345679012345678,9.12584554763149
224,0.018518518518518517,17.446075957916428
224,0.024691358024691357,4.831864690624292
224,0.030864197530864196,9.363577529582917
224,0.037037037037037035,17.926878702089162
224,0.043209876543209874,7.616915979437799
224,0.04938271604938271,7.322607967405023
224,0.05555555555555555,18.340634977108966
224,0.06172839506172839,33.77618890861979
224,0.06790123456790123,19.64004662208486
224,0.07407407407407407,1.7129681076263767
224,0.08024691358024691,22.716582065745424
224,0.08641975308641975,7.310695266186623
224,0.09259259259259259,20.73314864475964
224,0.09876543209876543,9.582977281554571
224,0.10493827160493827,19.004686620013306
224,0.1111111111111111,24.738581810466247
224,0.11728395061728394,4.232055094519793
224,0.12345679012345678,16.35936814255037
224,0.12962962962962962,8.406580811480282
224,0.13580246913580246,9.189808415141114
224,0.1419753086419753,7.4744298748070825
224,0.14814814814814814,7.436531177265808
224,0.15432098765432098,9.73477280509429
224,0.16049382716049382,11.548887492597109
224,0.16666666666666666,17.12831642939709
224,0.1728395061728395,9.487574697939454
224,0.17901234567901234,13.99604559928555
224,0.18518518518518517,6.871565028546625
224,0.19135802469135801,16.423254310212567
224,0.19753086419753085,0.49905131855275864
224,0.2037037037037037,11.083483946768295
224,0.20987654320987653,7.567777273379813
224,0.21604938271604937,2.766403849523623
224,0.2222222222222222,8.478357349696937
224,0.22839506172839505,7.908015773139386
224,0.2345679012345679,10.101274837981663
224,0.24074074074074073,17.956783093223276
224,0.24691358024691357,21.9759057542519
224,0.25308641975308643,20.920099291418254
224,0.25925925925925924,17.900079654365094
224,0.26543209876543206,13.556433696689927
224,0.2716049382716049,8.046331011785998
224,0.2777777777777778,11.504939641649427
224,0.2839506172839506,12.428415423631732
224,0.2901234567901234,8.438167590034535
224,0.2962962962962963,12.309131046458601
224,0.30246913580246915,5.226275927148693
224,0.30864197530864196,4.238977008560342
224,0.31481481481481477,8.12450314205525
224,0.32098765432098764,7.110078720285452
224,0.3271604938271605,2.6607708748637333
224,0.3333333333333333,4.447808146638682
224,0.3395061728395061,2.8859043361182426
224,0.345679012345679,17.187347843807604
224,0.35185185185185186,18.3450564988279
224,0.35802469135802467,5.123729894269152
224,0.3641975308641975,1.6898796530268394
224,0.37037037037037035,7.04038275609447
224,0.3765432098765432,15.378060183155894
224,0.38271604938271603,2.144430554921288
224,0.38888888888888884,10.469814316550583
224,0.3950617283950617,11.854580456485245
224,0.4012345679012346,8.505737544059848
224,0.4074074074074074,13.916964187683213
224,0.4135802469135802,10.334894212533282
224,0.41975308641975306,14.537481223871033
224,0.42592592592592593,15.286365659558777
224,0.43209876543209874,3.9406482997709262
224,0.43827160493827155,9.68828586672214
224,0.4444444444444444,12.207120937732352
224,0.4506172839506173,10.58776106537875
224,0.4567901234567901,21.687474450588418
224,0.4629629629629629,19.799950636579705
224,0.4691358024691358,2.724137287985866
224,0.47530864197530864,6.912251995641966
224,0.48148148148148145,3.6826809690201077
224,0.48765432098765427,9.078175706018422
224,0.49382716049382713,12.91042429660376
225,0.0,1.0658141036401503e-14
225,0.005376344086021506,16.618366599076808
225,0.010752688172043012,11.181162811123581
225,0.016129032258064516,0.3461629744881197
225,0.021505376344086023,10.036675274046752
225,0.02688172043010753,4.119421409694026
225,0.03225806451612903,4.942715977543611
225,0.03763440860215054,20.86618856638331
225,0.043010752688172046,11.792597487902015
225,0.048387096774193554,16.211712312903273
225,0.05376344086021506,3.7225748458360566
225,0.05913978494623656,8.04534937957331
225,0.06451612903225806,20.68086548247367
225,0.06989247311827958,2.2026940145217644
225,0.07526881720430108,13.136792598675775
225,0.08064516129032259,2.729460790584742
225,0.08602150537634409,2.56789525730254
225,0.0913978494623656,10.936702451372556
225,0.09677419354838711,16.487847352972608
225,0.10215053763440861,16.683370378245428
225,0.10752688172043012,11.807275330067888
225,0.11290322580645162,11.150482647873341
225,0.11827956989247312,12.395782653279124
225,0.12365591397849464,11.459531276199519
225,0.12903225806451613,4.695771667953232
225,0.13440860215053765,16.612171545925186
225,0.13978494623655915,2.2623380206968253
225,0.14516129032258066,6.658273622774942
225,0.15053763440860216,17.25773443678035
225,0.15591397849462366,21.09257384934964
225,0.16129032258064518,11.14966297338649
225,0.16666666666666669,10.45161645666302
225,0.17204301075268819,5.8661525264239796
225,0.1774193548387097,6.191883636199862
225,0.1827956989247312,11.914678986860398
225,0.18817204301075272,13.43866440614775
225,0.19354838709677422,3.6422588694439515
225,0.19892473118279572,6.556475825682379
225,0.20430107526881722,15.640849801830461
225,0.20967741935483872,6.534078352216668
225,0.21505376344086025,11.231573300544685
225,0.22043010752688175,9.456336638976788
225,0.22580645161290325,12.815896665983466
225,0.23118279569892475,10.711015493685515
225,0.23655913978494625,2.497130501904957
225,0.24193548387096775,17.102869789770235
225,0.24731182795698928,18.77751980513183
225,0.25268817204301075,20.159090137378886
225,0.25806451612903225,3.5104275877821025
225,0.2634408602150538,10.246624562054967
225,0.2688172043010753,12.804386560283643
225,0.2741935483870968,12.560973986503898
225,0.2795698924731183,21.586303588354014
225,0.2849462365591398,2.847889719694622
225,0.2903225806451613,21.54858649041405
225,0.2956989247311828,13.389505478797798
225,0.3010752688172043,6.737758712588948
225,0.3064516129032258,3.9731254665164855
225,0.3118279569892473,11.873229319156204
225,0.31720430107526887,22.175453428485312
225,0.32258064516129037,13.32658736029019
225,0.32795698924731187,5.2089837671779975
225,0.33333333333333337,9.97342807920862
225,0.33870967741935487,15.507729720573618
225,0.34408602150537637,22.910848421256215
225,0.34946236559139787,8.184155647920806
225,0.3548387096774194,25.59502977120053
225,0.3602150537634409,28.22587024336003
225,0.3655913978494624,3.523047183937362
225,0.3709677419354839,10.56483995136605
225,0.37634408602150543,14.617276748529333
225,0.38172043010752693,23.944931907892396
225,0.38709677419354843,10.067271002447214
225,0.39247311827956993,17.599813080854837
225,0.39784946236559143,15.723756277559177
225,0.40322580645161293,21.825220134937144
225,0.40860215053763443,21.86572786543221
225,0.41397849462365593,5.845894798683122
225,0.41935483870967744,5.736200746780785
225,0.42473118279569894,5.056527730431694
225,0.4301075268817205,11.434511115112858
225,0.435483870967742,15.421793904467112
225,0.4408602150537635,11.550650058766456
225,0.446236559139785,16.881544759984443
225,0.4516129032258065,4.889548024832223
225,0.456989247311828,15.12916907001248
225,0.4623655913978495,15.562297781052429
225,0.467741935483871,22.932576298897978
225,0.4731182795698925,27.318530931800222
225,0.478494623655914,10.097208716561319
225,0.4838709677419355,10.999686213464008
225,0.48924731182795705,6.781337299281516
225,0.49462365591397855,8.522800078254516
226,0.0,5.284661597215745e-14
226,0.004784688995215311,19.729925989120446
226,0.009569377990430622,8.989935769957532
226,0.014354066985645932,12.706296044618352
226,0.019138755980861243,6.987852815133622
226,0.023923444976076555,16.580052949593732
226,0.028708133971291863,6.722836189193942
226,0.03349282296650718,4.07887994309265
226,0.03827751196172249,10.235116235143622
226,0.043062200956937795,12.901597204508573
226,0.04784688995215311,2.7131470979310786
226,0.05263157894736842,6.821261666832146
226,0.057416267942583726,11.606431463374049
226,0.06220095693779904,1.2109029749026428
226,0.06698564593301436,16.39206127637253
226,0.07177033492822966,9.925181240795304
226,0.07655502392344497,9.713421954888938
226,0.08133971291866028,20.15670673043618
226,0.08612440191387559,5.281598727916043
226,0.09090909090909091,10.170424542932198
226,0.09569377990430622,9.392499110056244
226,0.10047846889952153,12.108400751833907
226,0.10526315789473684,16.293581656419285
226,0.11004784688995214,13.306503101550877
226,0.11483253588516745,14.269576160637039
226,0.11961722488038277,9.233302941490917
226,0.12440191387559808,3.949764702211681
226,0.1291866028708134,8.98924140899629
226,0.1339712918660287,11.295649218096875
226,0.13875598086124402,20.88739167137988
226,0.14354066985645933,12.385295052437725
226,0.14832535885167464,19.139672854776506
226,0.15311004784688995,7.3338665291619245
226,0.15789473684210525,10.55525099200624
226,0.16267942583732056,4.412731673326644
226,0.16746411483253587,4.123134451940878
226,0.17224880382775118,8.682280504308567
226,0.1770334928229665,23.768335861680338
226,0.18181818181818182,5.388323738758309
226,0.18660287081339713,17.060104704173078
226,0.19138755980861244,2.6511273837414313
226,0.19617224880382775,24.12243500941798
226,0.20095693779904306,7.19774916007328
226,0.20574162679425836,4.63697723203955
226,0.21052631578947367,20.4684545637392
226,0.21531100478468898,9.703599806692676
226,0.2200956937799043,2.479703175501783
226,0.2248803827751196,11.996004946685442
226,0.2296650717703349,1.0722629045127863
226,0.23444976076555024,15.588549945953249
226,0.23923444976076555,18.12695561863891
226,0.24401913875598086,1.671883323465422
226,0.24880382775119617,8.483000661867788
226,0.2535885167464115,2.171885430807273
226,0.2583732057416268,9.704854292221818
226,0.2631578947368421,33.750379441334815
226,0.2679425837320574,12.803820145077243
226,0.2727272727272727,30.605957598805517
226,0.27751196172248804,22.459075798891554
226,0.2822966507177033,10.244252417864107
226,0.28708133971291866,4.178664306870204
226,0.29186602870813394,33.86587327871683
226,0.2966507177033493,15.358169805366948
226,0.30143540669856456,17.880245760671603
226,0.3062200956937799,6.80747390431519
226,0.31100478468899523,17.449810540524073
226,0.3157894736842105,13.255330612170809
226,0.32057416267942584,7.597177271251647
226,0.3253588516746411,14.650551898844471
226,0.33014354066985646,18.93947365682752
226,0.33492822966507174,12.851770560275561
226,0.3397129186602871,21.45610014434643
226,0.34449760765550236,3.5568620377017437
226,0.3492822966507177,23.157748835272734
226,0.354066985645933,7.967021711500265
226,0.3588516746411483,16.82323862474137
226,0.36363636363636365,2.818777186309804
226,0.3684210526315789,22.122366345727276
226,0.37320574162679426,15.07963866284653
226,0.37799043062200954,16.0270221192582
226,0.3827751196172249,30.84340922027613
226,0.38755980861244016,5.663383159730612
226,0.3923444976076555,14.908426161963039
226,0.3971291866028708,19.885105308984947
226,0.4019138755980861,13.47932019892309
226,0.4066985645933014,8.515055758460914
226,0.41148325358851673,10.665803343224145
226,0.41626794258373206,17.36062208863975
226,0.42105263157894735,15.363383258152986
226,0.4258373205741627,18.784740522017763
226,0.43062200956937796,5.898449680916274
226,0.4354066985645933,10.806305418555503
226,0.4401913875598086,9.661765893689665
226,0.4449760765550239,16.48056875724159
226,0.4497607655502392,15.05378608482405
226,0.45454545454545453,5.563334551629478
226,0.4593301435406698,19.062481882214303
226,0.46411483253588515,18.8153820720629
226,0.4688995215311005,21.15999319761743
226,0.47368421052631576,10.449597305419193
226,0.4784688995215311,7.491276238771148
226,0.4832535885167464,19.444208623494504
226,0.4880382775119617,16.807819068562527
226,0.492822966507177,10.730472856099778
226,0.49760765550239233,3.7427001132823934
227,0.0,1.199040866595169e-14
227,0.006369426751592357,24.162181249646036
227,0.012738853503184714,24.963020427318263
227,0.019108280254777073,4.5827367679721585
227,0.025477707006369428,14.284035169702747
227,0.03184713375796178,12.966515336023264
227,0.038216560509554146,10.970114996645888
227,0.0445859872611465,13.185143860417357
227,0.050955414012738856,14.892911126864812
227,0.05732484076433121,7.96468406525975
227,0.06369426751592357,8.813850398313134
227,0.07006369426751592,21.80571720288364
227,0.07643312101910829,16.46141581838094
227,0.08280254777070065,9.138822570642693
227,0.089171974522293,4.136852065392945
227,0.09554140127388536,7.355936369103988
227,0.10191082802547771,15.834248919676048
227,0.10828025477707007,4.033359537583693
227,0.11464968152866242,9.954985517115428
227,0.12101910828025478,5.208542679289355
227,0.12738853503184713,6.0551781143157815
227,0.1337579617834395,5.017204058909828
227,0.14012738853503184,6.909826100239554
227,0.1464968152866242,12.136991878709566
227,0.15286624203821658,2.6069309962411844
227,0.15923566878980894,1.6366960859647453
227,0.1656050955414013,5.027205296386825
227,0.17197452229299365,12.836213086758471
227,0.178343949044586,14.703635453101489
227,0.18471337579617836,13.031325073735527
227,0.1910828025477707,9.535607786449173
227,0.19745222929936307,12.160474293551994
227,0.20382165605095542,6.356172914882659
227,0.21019108280254778,19.808727834766085
227,0.21656050955414013,9.868245717065497
227,0.2229299363057325,4.560357248255021
227,0.22929936305732485,5.6039303718606
227,0.2356687898089172,8.690054213854527
227,0.24203821656050956,5.230089706779222
227,0.2484076433121019,19.486533700858875
227,0.25477707006369427,9.899321907794123
227,0.2611464968152866,13.043443918455507
227,0.267515923566879,8.514397299473657
227,0.27388535031847133,8.645332813310615
227,0.2802547770700637,6.2358541750975185
227,0.28662420382165604,22.87721868535554
227,0.2929936305732484,12.924868533494786
227,0.29936305732484075,8.106887732997128
227,0.30573248407643316,15.24165214622596
227,0.3121019108280255,11.0778843713126
227,0.3184713375796179,12.424469454533645
227,0.32484076433121023,6.594155019157201
227,0.3312101910828026,8.564912426300598
227,0.33757961783439494,7.8701762453658075
227,0.3439490445859873,13.299504409176006
227,0.35031847133757965,7.669239321138298
227,0.356687898089172,6.6222831112312255
227,0.36305732484076436,17.70230568928372
227,0.3694267515923567,5.940587886718343
227,0.37579617834394907,1.1551879657692012
227,0.3821656050955414,9.605592054979653
227,0.3885350318471338,4.439668694217109
227,0.39490445859872614,4.786013279155582
227,0.4012738853503185,16.010382169953008
227,0.40764331210191085,18.430679916406344
227,0.4140127388535032,13.995556983831381
227,0.42038216560509556,5.489048106000419
227,0.4267515923566879,18.57130436298427
227,0.43312101910828027,6.129852118180975
227,0.4394904458598726,12.603355875473243
227,0.445859872611465,1.8249041274196194
227,0.45222929936305734,18.999595623108203
227,0.4585987261146497,10.667333206545603
227,0.46496815286624205,26.77190138218124
227,0.4713375796178344,4.706422451609176
227,0.47770700636942676,5.470719326580351
227,0.4840764331210191,23.915084834036747
227,0.49044585987261147,8.205346059038257
227,0.4968152866242038,26.72296457108259
228,0.0,4.618527782440651e-14
228,0.006097560975609756,4.95135266736275
228,0.012195121951219513,17.321764357137866
228,0.01829268292682927,12.830563907531474
228,0.024390243902439025,14.928001464890556
228,0.03048780487804878,22.673349623492232
228,0.03658536585365854,8.420089905613965
228,0.042682926829268296,8.477459366268059
228,0.04878048780487805,16.834780683455257
228,0.054878048780487805,10.156292321796922
228,0.06097560975609756,16.682434672123033
228,0.06707317073170732,7.608978327335291
228,0.07317073170731708,5.8871431823763976
228,0.07926829268292683,7.269531950245086
228,0.08536585365853659,10.304733276852419
228,0.09146341463414634,13.407466739619466
228,0.0975609756097561,1.6392646037529177
228,0.10365853658536586,6.518821066510787
228,0.10975609756097561,1.8885784475953118
228,0.11585365853658537,10.341517393644406
228,0.12195121951219512,11.154432623131173
228,0.12804878048780488,27.038861826919184
228,0.13414634146341464,20.152590173870095
228,0.1402439024390244,17.1367226432469
228,0.14634146341463417,13.396555197947771
228,0.1524390243902439,14.577860831637203
228,0.15853658536585366,19.959964881948675
228,0.16463414634146342,8.767749371794865
228,0.17073170731707318,3.7838331886688743
228,0.17682926829268295,15.855203467817576
228,0.18292682926829268,13.58071685860141
228,0.18902439024390244,8.82330517586506
228,0.1951219512195122,14.978592076951928
228,0.20121951219512196,9.897766542510613
228,0.20731707317073172,7.259655790195369
228,0.21341463414634146,11.250603727064922
228,0.21951219512195122,18.252537298146844
228,0.22560975609756098,11.85792648424695
228,0.23170731707317074,12.967910091375757
228,0.2378048780487805,7.895287612649865
228,0.24390243902439024,10.344770577870275
228,0.25,16.801622916870524
228,0.25609756097560976,18.812000626339465
228,0.2621951219512195,8.709154570869952
228,0.2682926829268293,4.7199550653371904
228,0.27439024390243905,15.532650542020908
228,0.2804878048780488,18.63839306062607
228,0.28658536585365857,17.132537937009847
228,0.29268292682926833,13.455824846900875
228,0.29878048780487804,7.7910626799732245
228,0.3048780487804878,4.998918783900244
228,0.31097560975609756,8.784677010631784
228,0.3170731707317073,16.9463589727551
228,0.3231707317073171,4.838335406473731
228,0.32926829268292684,6.606449984824408
228,0.3353658536585366,11.830419141115463
228,0.34146341463414637,4.249885506923634
228,0.34756097560975613,5.442406185199651
228,0.3536585365853659,25.439815650066713
228,0.3597560975609756,11.744642819062241
228,0.36585365853658536,16.13334350344879
228,0.3719512195121951,14.104915333041806
228,0.3780487804878049,15.187262973977893
228,0.38414634146341464,11.981318555756625
228,0.3902439024390244,11.367782492003805
228,0.39634146341463417,7.534399050736903
228,0.4024390243902439,15.248832106459359
228,0.4085365853658537,13.57046136489421
228,0.41463414634146345,8.006471301747586
228,0.4207317073170732,10.211217554996013
228,0.4268292682926829,17.675345458927865
228,0.4329268292682927,13.333866110877045
228,0.43902439024390244,12.230653043479325
228,0.4451219512195122,10.743034288556208
228,0.45121951219512196,1.3658922948254564
228,0.4573170731707317,6.198613053974114
228,0.4634146341463415,21.892245334151404
228,0.46951219512195125,5.816556293272697
228,0.475609756097561,8.377040361554283
228,0.48170731707317077,8.914722529056677
228,0.4878048780487805,9.77899224627599
228,0.49390243902439024,9.592455369317593
229,0.0,2.6645352591003757e-14
229,0.006172839506172839,6.286534346139537
229,0.012345679012345678,14.8122131923154
229,0.018518518518518517,6.084851896407159
229,0.024691358024691357,6.7907445071403245
229,0.030864197530864196,4.642750817190836
229,0.037037037037037035,20.458546980197927
229,0.043209876543209874,7.301818863330014
229,0.04938271604938271,1.9602145613318949
229,0.05555555555555555,20.84211231735312
229,0.06172839506172839,2.2420989859301246
229,0.06790123456790123,7.114147525092166
229,0.07407407407407407,4.815767197681937
229,0.08024691358024691,6.881254271077476
229,0.08641975308641975,6.686888294115823
229,0.09259259259259259,12.024106086129555
229,0.09876543209876543,7.168746801368047
229,0.10493827160493827,3.734079713540015
229,0.1111111111111111,22.575754871643944
229,0.11728395061728394,5.4016676612991095
229,0.12345679012345678,9.749399195289827
229,0.12962962962962962,11.466479824770511
229,0.13580246913580246,17.245040568827548
229,0.1419753086419753,18.494205148948655
229,0.14814814814814814,8.235624360124111
229,0.15432098765432098,7.578763133704118
229,0.16049382716049382,6.350738179346004
229,0.16666666666666666,12.060221669003855
229,0.1728395061728395,15.591386465541456
229,0.17901234567901234,4.848346656438194
229,0.18518518518518517,9.305337699392702
229,0.19135802469135801,10.504976147167977
229,0.19753086419753085,11.811168905821429
229,0.2037037037037037,15.079075413343375
229,0.20987654320987653,21.255100061591992
229,0.21604938271604937,19.583439722122154
229,0.2222222222222222,3.1588785949596825
229,0.22839506172839505,8.880283288967975
229,0.2345679012345679,10.925376375402896
229,0.24074074074074073,6.424798227800212
229,0.24691358024691357,13.264306574873663
229,0.25308641975308643,14.856843907648205
229,0.25925925925925924,16.680961871237944
229,0.26543209876543206,15.740193389575248
229,0.2716049382716049,19.83205307089412
229,0.2777777777777778,12.766382526601557
229,0.2839506172839506,7.863376320582791
229,0.2901234567901234,25.323892418011653
229,0.2962962962962963,11.630216142093646
229,0.30246913580246915,2.397757786549499
229,0.30864197530864196,18.013189433754878
229,0.31481481481481477,5.189913629982733
229,0.32098765432098764,17.07538834808227
229,0.3271604938271605,26.077105565217817
229,0.3333333333333333,8.370145285614797
229,0.3395061728395061,3.091988751592277
229,0.345679012345679,12.375565461583633
229,0.35185185185185186,6.9316531457402535
229,0.35802469135802467,19.132760208579832
229,0.3641975308641975,32.88939835784965
229,0.37037037037037035,13.098919270635557
229,0.3765432098765432,8.432862471953005
229,0.38271604938271603,15.49311425050045
229,0.38888888888888884,13.375139199292168
229,0.3950617283950617,12.666631800296098
229,0.4012345679012346,1.7976301691374585
229,0.4074074074074074,9.738845897954835
229,0.4135802469135802,6.895500553011338
229,0.41975308641975306,4.588463720017477
229,0.42592592592592593,5.541047653798435
229,0.43209876543209874,10.005033888406368
229,0.43827160493827155,14.61124990754865
229,0.4444444444444444,10.43229910103184
229,0.4506172839506173,3.1625027680980335
229,0.4567901234567901,14.854761571002593
229,0.4629629629629629,12.71416070187008
229,0.4691358024691358,13.372690574737538
229,0.47530864197530864,11.740016849205503
229,0.48148148148148145,2.3611000311219654
229,0.48765432098765427,13.015213818029748
229,0.49382716049382713,4.180144905764588
230,0.0,4.440892098500626e-15
230,0.005813953488372093,15.68834424183901
230,0.011627906976744186,6.245771344882386
230,0.01744186046511628,20.831379705226116
230,0.023255813953488372,12.224512029981675
230,0.029069767441860465,6.022581899054554
230,0.03488372093023256,3.5123424214237877
230,0.040697674418604654,13.639991937164657
230,0.046511627906976744,28.355112189274493
230,0.05232558139534883,16.72421053924942
230,0.05813953488372093,10.33802169119138
230,0.06395348837209303,7.047612997578808
230,0.06976744186046512,10.766084141158393
230,0.0755813953488372,11.626370686795955
230,0.08139534883720931,11.961374743676071
230,0.0872093023255814,10.57313041870133
230,0.09302325581395349,16.619327431725875
230,0.09883720930232558,16.50909216209767
230,0.10465116279069767,6.673764511096751
230,0.11046511627906977,12.583581984582093
230,0.11627906976744186,6.8324140520657055
230,0.12209302325581395,7.507117208409841
230,0.12790697674418605,24.337978180926388
230,0.13372093023255813,13.650650946055665
230,0.13953488372093023,20.26595488803744
230,0.14534883720930233,27.61792020991438
230,0.1511627906976744,10.686161053379251
230,0.1569767441860465,9.13733021495501
230,0.16279069767441862,12.106552610881634
230,0.1686046511627907,15.272941755738618
230,0.1744186046511628,5.37847125722308
230,0.18023255813953487,8.284523211148365
230,0.18604651162790697,9.17666376170096
230,0.19186046511627908,7.231457362422993
230,0.19767441860465115,2.367984085311856
230,0.20348837209302326,8.835124118492342
230,0.20930232558139533,14.663203648167961
230,0.21511627906976744,9.561519465510424
230,0.22093023255813954,6.773583380149912
230,0.22674418604651161,6.6436811067718775
230,0.23255813953488372,18.084287219564978
230,0.23837209302325582,13.604128224561878
230,0.2441860465116279,7.594528500436471
230,0.25,7.905906719754003
230,0.2558139534883721,8.065180274660888
230,0.2616279069767442,8.50188119295801
230,0.26744186046511625,14.481044720842664
230,0.27325581395348836,9.30254457602741
230,0.27906976744186046,11.83918479528088
230,0.28488372093023256,12.737675125896764
230,0.29069767441860467,2.756959282837527
230,0.2965116279069767,7.934252000831073
230,0.3023255813953488,10.295826802033737
230,0.3081395348837209,17.691783251932446
230,0.313953488372093,4.609421727173307
230,0.31976744186046513,10.864711029152671
230,0.32558139534883723,8.744164220880045
230,0.3313953488372093,14.583925342495737
230,0.3372093023255814,16.410878065318165
230,0.3430232558139535,23.94682981668867
230,0.3488372093023256,6.082295194754493
230,0.3546511627906977,11.3037634814396
230,0.36046511627906974,23.656005818124616
230,0.36627906976744184,9.056134512169354
230,0.37209302325581395,8.396064273373167
230,0.37790697674418605,14.117555034316146
230,0.38372093023255816,4.983011221484074
230,0.3895348837209302,8.928916172157294
230,0.3953488372093023,2.057795789168612
230,0.4011627906976744,5.976648709064444
230,0.4069767441860465,6.471598568556606
230,0.4127906976744186,11.466823027341668
230,0.41860465116279066,11.688247443429846
230,0.42441860465116277,20.972228910892294
230,0.43023255813953487,18.922321836576174
230,0.436046511627907,8.139394072093348
230,0.4418604651162791,7.889829844622506
230,0.4476744186046512,17.32930358541229
230,0.45348837209302323,10.566546505779911
230,0.45930232558139533,13.203674424264863
230,0.46511627906976744,11.894715033617016
230,0.47093023255813954,8.38572491043079
230,0.47674418604651164,29.141754093241627
230,0.4825581395348837,16.77259356660316
230,0.4883720930232558,13.222906698008634
230,0.4941860465116279,6.067270603959789
231,0.0,1.5987211554602254e-14
231,0.004901960784313725,6.796464943179094
231,0.00980392156862745,17.172661031740475
231,0.014705882352941176,21.235687284548856
231,0.0196078431372549,8.56900946147679
231,0.024509803921568627,8.099932175652372
231,0.029411764705882353,11.23544232768567
231,0.03431372549019608,3.8593022216589565
231,0.0392156862745098,12.575328529753126
231,0.044117647058823525,16.14185114899763
231,0.049019607843137254,6.590633593089512
231,0.05392156862745098,14.538385304769568
231,0.058823529411764705,3.051027069928606
231,0.06372549019607843,15.394341828140284
231,0.06862745098039216,4.256980283984172
231,0.07352941176470588,10.522927762162876
231,0.0784313725490196,27.728838573998576
231,0.08333333333333333,9.949994147079535
231,0.08823529411764705,7.03501089577811
231,0.09313725490196079,12.724440583111816
231,0.09803921568627451,8.506395183148852
231,0.10294117647058823,7.703038017872702
231,0.10784313725490197,7.352440063398741
231,0.11274509803921569,4.274086222920235
231,0.11764705882352941,8.614532950004525
231,0.12254901960784313,16.88309790752552
231,0.12745098039215685,15.593264682283296
231,0.1323529411764706,12.065807066263298
231,0.13725490196078433,19.410024254440568
231,0.14215686274509803,5.502166722141186
231,0.14705882352941177,15.387945433817638
231,0.15196078431372548,3.967902805558815
231,0.1568627450980392,14.76738181734341
231,0.16176470588235295,17.600113623428392
231,0.16666666666666666,1.688559323869626
231,0.1715686274509804,25.624546358234294
231,0.1764705882352941,15.223369111859332
231,0.18137254901960784,2.781583598982546
231,0.18627450980392157,9.737397759568763
231,0.19117647058823528,12.567308999211372
231,0.19607843137254902,16.727926661127434
231,0.20098039215686275,13.288384843996896
231,0.20588235294117646,20.288211066878308
231,0.2107843137254902,12.290772719723975
231,0.21568627450980393,8.334177253649317
231,0.22058823529411764,22.80648914055261
231,0.22549019607843138,2.306481700807915
231,0.23039215686274508,7.246033310583844
231,0.23529411764705882,12.13642096205721
231,0.24019607843137256,27.74352127548541
231,0.24509803921568626,21.269511076919056
231,0.25,9.088769163652614
231,0.2549019607843137,9.448259377191432
231,0.25980392156862747,5.864476344131911
231,0.2647058823529412,8.40670057762041
231,0.2696078431372549,16.897562272633106
231,0.27450980392156865,7.29874016616343
231,0.27941176470588236,26.813336505407772
231,0.28431372549019607,10.687270384193793
231,0.2892156862745098,7.96143326126548
231,0.29411764705882354,24.343527844180255
231,0.29901960784313725,15.165394920565033
231,0.30392156862745096,9.848498834528513
231,0.3088235294117647,16.283726394345575
231,0.3137254901960784,19.93961562079195
231,0.31862745098039214,11.499584225799827
231,0.3235294117647059,2.9727311566376438
231,0.3284313725490196,19.52023151589215
231,0.3333333333333333,12.1464174439482
231,0.3382352941176471,8.070154801934175
231,0.3431372549019608,18.819198430944418
231,0.3480392156862745,12.480149861582005
231,0.3529411764705882,15.887877523097709
231,0.35784313725490197,12.68715717679031
231,0.3627450980392157,8.469467096839145
231,0.3676470588235294,8.090082521324387
231,0.37254901960784315,16.267539150746774
231,0.37745098039215685,13.807107783207382
231,0.38235294117647056,13.197946778489674
231,0.3872549019607843,11.573778489058203
231,0.39215686274509803,15.909157484823194
231,0.39705882352941174,21.238316251023008
231,0.4019607843137255,21.212084972073125
231,0.4068627450980392,18.732104118869696
231,0.4117647058823529,4.127297092070417
231,0.4166666666666667,12.273072136326615
231,0.4215686274509804,7.122629080411493
231,0.4264705882352941,32.56869112241451
231,0.43137254901960786,13.874210674385575
231,0.4362745098039216,3.2672613948556624
231,0.4411764705882353,22.48346193277933
231,0.446078431372549,16.014544167496485
231,0.45098039215686275,12.976116014796576
231,0.45588235294117646,5.461041179070057
231,0.46078431372549017,8.434546343656008
231,0.46568627450980393,7.996650584201805
231,0.47058823529411764,0.8299586296660509
231,0.47549019607843135,13.489817725868473
231,0.4803921568627451,18.32169118187135
231,0.4852941176470588,10.69988795660491
231,0.49019607843137253,16.095014556653112
231,0.4950980392156863,20.92275178392454
232,0.0,8.881784197001252e-16
232,0.006060606060606061,15.464866285218765
232,0.012121212121212121,26.535661458330956
232,0.01818181818181818,8.728649677291193
232,0.024242424242424242,21.239983938665663
232,0.030303030303030304,24.825705992505917
232,0.03636363636363636,4.521476513546762
232,0.04242424242424243,12.937231603785909
232,0.048484848484848485,20.05681882337421
232,0.05454545454545454,9.850062754353626
232,0.06060606060606061,6.096359729570746
232,0.06666666666666667,7.010176766938553
232,0.07272727272727272,0.9007229714069207
232,0.07878787878787878,5.505610017495152
232,0.08484848484848485,9.00357018025317
232,0.09090909090909091,6.975861097515431
232,0.09696969696969697,22.987331144105383
232,0.10303030303030303,12.770874747784815
232,0.10909090909090909,5.9250249494710445
232,0.11515151515151516,8.618899461803124
232,0.12121212121212122,6.825984184248252
232,0.12727272727272726,23.94237462515738
232,0.13333333333333333,25.08628605601964
232,0.1393939393939394,3.020157428656187
232,0.14545454545454545,9.039418190403465
232,0.15151515151515152,4.493709935459602
232,0.15757575757575756,4.797395232384171
232,0.16363636363636364,8.779017828771368
232,0.1696969696969697,3.025264733394269
232,0.17575757575757575,11.795829046425222
232,0.18181818181818182,14.154935400812665
232,0.18787878787878787,5.126066630148873
232,0.19393939393939394,18.670940049183535
232,0.2,2.606529119293858
232,0.20606060606060606,2.4184103357989484
232,0.21212121212121213,13.174542471396375
232,0.21818181818181817,16.788619489118645
232,0.22424242424242424,15.27950315970245
232,0.23030303030303031,12.18682343218925
232,0.23636363636363636,3.5482761113379957
232,0.24242424242424243,15.235804112807157
232,0.24848484848484848,10.282445812324665
232,0.2545454545454545,6.003684980288234
232,0.2606060606060606,18.801361038549
232,0.26666666666666666,7.576989781440382
232,0.2727272727272727,8.80249223692166
232,0.2787878787878788,10.254427522538093
232,0.28484848484848485,11.34289729733761
232,0.2909090909090909,15.312545502496032
232,0.296969696969697,4.863925502254838
232,0.30303030303030304,16.88118249936199
232,0.3090909090909091,5.9117613703388905
232,0.3151515151515151,4.221380577599767
232,0.3212121212121212,9.736670919989729
232,0.32727272727272727,13.589903158794597
232,0.3333333333333333,3.545425195027974
232,0.3393939393939394,10.064879832663305
232,0.34545454545454546,12.41860527024008
232,0.3515151515151515,15.511109011137146
232,0.3575757575757576,12.803284506754068
232,0.36363636363636365,12.040608476745785
232,0.3696969696969697,12.820586229926072
232,0.37575757575757573,4.012614396135112
232,0.38181818181818183,4.107784628133343
232,0.3878787878787879,6.620504330600257
232,0.3939393939393939,3.764517733570337
232,0.4,21.735029794927453
232,0.40606060606060607,9.478261456802615
232,0.4121212121212121,17.608371442750595
232,0.41818181818181815,7.589899604326883
232,0.42424242424242425,14.150084242548475
232,0.4303030303030303,17.36533972749191
232,0.43636363636363634,6.518828626743214
232,0.44242424242424244,8.82713958400867
232,0.4484848484848485,19.264644000516654
232,0.45454545454545453,25.84387071960693
232,0.46060606060606063,10.745533275336761
232,0.4666666666666667,12.521560118506375
232,0.4727272727272727,11.06588348184607
232,0.47878787878787876,13.581744682218568
232,0.48484848484848486,12.8164382985725
232,0.4909090909090909,13.205146692280062
232,0.49696969696969695,13.805053028657689
233,0.0,2.5757174171303632e-14
233,0.005291005291005291,12.459502871406297
233,0.010582010582010581,20.31968320832958
233,0.015873015873015872,26.058700606642518
233,0.021164021164021163,17.006917271663646
233,0.026455026455026454,10.961771852364306
233,0.031746031746031744,10.383544620132344
233,0.037037037037037035,15.872077602684604
233,0.042328042328042326,11.26062990972537
233,0.047619047619047616,10.649174641972804
233,0.05291005291005291,5.6629906398553205
233,0.0582010582010582,25.96455809725754
233,0.06349206349206349,6.9591826272834405
233,0.06878306878306878,11.36898055155715
233,0.07407407407407407,4.874128413846043
233,0.07936507936507936,12.208272864500284
233,0.08465608465608465,4.362487242943786
233,0.08994708994708994,8.880614974928063
233,0.09523809523809523,8.092115540512372
233,0.10052910052910052,5.7419920764407015
233,0.10582010582010581,10.751880343819527
233,0.1111111111111111,5.285625999977319
233,0.1164021164021164,9.623770365055279
233,0.12169312169312169,13.660608735515128
233,0.12698412698412698,15.783066157036645
233,0.13227513227513227,13.351791724489253
233,0.13756613756613756,11.878028790512527
233,0.14285714285714285,20.375404062868665
233,0.14814814814814814,22.19743887846178
233,0.15343915343915343,13.813678423357135
233,0.15873015873015872,5.039650889384265
233,0.164021164021164,14.996796670796359
233,0.1693121693121693,10.572545444209679
233,0.1746031746031746,9.774752925399678
233,0.17989417989417988,13.578766398219624
233,0.18518518518518517,5.455917692289931
233,0.19047619047619047,14.453822260719821
233,0.19576719576719576,3.084282753216595
233,0.20105820105820105,13.0668212557255
233,0.20634920634920634,7.4845363959471864
233,0.21164021164021163,10.796168074866284
233,0.21693121693121692,13.744100618644561
233,0.2222222222222222,10.21045820444018
233,0.2275132275132275,17.345309722442103
233,0.2328042328042328,24.9020674604741
233,0.23809523809523808,6.286099297964883
233,0.24338624338624337,16.0039503984779
233,0.24867724867724866,7.523876055624318
233,0.25396825396825395,15.270124025856754
233,0.25925925925925924,15.89634104696291
233,0.26455026455026454,25.377083082997576
233,0.2698412698412698,15.723742986321456
233,0.2751322751322751,2.369928407719026
233,0.2804232804232804,5.074457686567458
233,0.2857142857142857,8.95269838697282
233,0.291005291005291,15.4137649947483
233,0.2962962962962963,1.2489633233098805
233,0.30158730158730157,11.352219343795163
233,0.30687830687830686,17.540129097016404
233,0.31216931216931215,6.159491820510739
233,0.31746031746031744,5.864230198761215
233,0.32275132275132273,20.729000556991146
233,0.328042328042328,17.99623061179743
233,0.3333333333333333,19.365287397206046
233,0.3386243386243386,6.523051923157011
233,0.3439153439153439,13.08366414412597
233,0.3492063492063492,5.0467903418392055
233,0.3544973544973545,3.4629317128829586
233,0.35978835978835977,10.180696714999478
233,0.36507936507936506,5.761970730936383
233,0.37037037037037035,13.675724280641834
233,0.37566137566137564,6.752941460174695
233,0.38095238095238093,3.2892239126441747
233,0.3862433862433862,17.399282895764042
233,0.3915343915343915,6.131246896601531
233,0.3968253968253968,6.986376592801204
233,0.4021164021164021,9.300090769922573
233,0.4074074074074074,8.752376729209251
233,0.4126984126984127,10.243964769528278
233,0.41798941798941797,26.48797348285347
233,0.42328042328042326,7.100739659523113
233,0.42857142857142855,15.459077604023273
233,0.43386243386243384,10.952637427870707
233,0.43915343915343913,13.134092878990351
233,0.4444444444444444,8.988326543165195
233,0.4497354497354497,8.485788316963344
233,0.455026455026455,3.2745007872788428
233,0.4603174603174603,17.12760871708149
233,0.4656084656084656,33.59155825826933
233,0.4708994708994709,18.981021909207087
233,0.47619047619047616,25.823729054584135
233,0.48148148148148145,20.539188977428257
233,0.48677248677248675,1.0901508131176645
233,0.49206349206349204,18.44480362553877
233,0.4973544973544973,12.168330929456319
234,0.0,5.329070518200751e-15
234,0.006493506493506494,22.068676244335926
234,0.012987012987012988,9.975872443680654
234,0.01948051948051948,12.884633678139975
234,0.025974025974025976,5.895125480971973
234,0.03246753246753247,9.268050835851247
234,0.03896103896103896,19.48653779991231
234,0.045454545454545456,45.85454195907958
234,0.05194805194805195,10.64792025146152
234,0.05844155844155845,9.521677575808502
234,0.06493506493506494,12.475769179893545
234,0.07142857142857144,3.178184846189922
234,0.07792207792207792,22.462750942229633
234,0.08441558441558442,9.242045585861415
234,0.09090909090909091,21.17693941704582
234,0.09740259740259741,13.052806934821897
234,0.1038961038961039,9.490100819364287
234,0.1103896103896104,5.626254900984813
234,0.1168831168831169,7.79495838719531
234,0.12337662337662339,8.8036087513915
234,0.12987012987012989,12.275418194816304
234,0.13636363636363638,4.153138615669649
234,0.14285714285714288,6.228322767303357
234,0.14935064935064937,4.161980102004364
234,0.15584415584415584,8.279423351334971
234,0.16233766233766234,14.650620114599525
234,0.16883116883116883,3.232343624014594
234,0.17532467532467533,10.770392485030364
234,0.18181818181818182,26.46748319682304
234,0.18831168831168832,10.103641616862213
234,0.19480519480519481,12.098433940616253
234,0.2012987012987013,16.17316492630527
234,0.2077922077922078,10.822945144559558
234,0.2142857142857143,9.746199802541428
234,0.2207792207792208,7.3256753696930454
234,0.2272727272727273,5.619768796559559
234,0.2337662337662338,2.2205391610954415
234,0.24025974025974028,13.762542089035191
234,0.24675324675324678,11.765912111274869
234,0.2532467532467533,6.25633889248876
234,0.25974025974025977,8.468406028467479
234,0.26623376623376627,3.6364879561610093
234,0.27272727272727276,3.963488278891026
234,0.27922077922077926,18.382783726247425
234,0.28571428571428575,11.656839067609305
234,0.29220779220779225,9.49594565471009
234,0.29870129870129875,8.897312725579987
234,0.30519480519480524,5.645228193766763
234,0.3116883116883117,19.289969484040167
234,0.3181818181818182,11.946848026146345
234,0.3246753246753247,3.225082327463192
234,0.33116883116883117,4.944924136002551
234,0.33766233766233766,10.555546399220795
234,0.34415584415584416,8.168504551437904
234,0.35064935064935066,4.466049088290143
234,0.35714285714285715,8.555736532036146
234,0.36363636363636365,12.11818254160372
234,0.37012987012987014,7.117142747166192
234,0.37662337662337664,10.395734917073082
234,0.38311688311688313,20.622443223663087
234,0.38961038961038963,16.683814459767945
234,0.3961038961038961,8.19889071167749
234,0.4025974025974026,7.365782883302891
234,0.4090909090909091,9.03933902158913
234,0.4155844155844156,4.95673838693498
234,0.4220779220779221,16.04976577564149
234,0.4285714285714286,10.66824214988662
234,0.4350649350649351,4.046869903440251
234,0.4415584415584416,2.884238583665686
234,0.4480519480519481,15.45865561620715
234,0.4545454545454546,12.696577969689956
234,0.4610389610389611,2.4839958508550617
234,0.4675324675324676,10.193698280192331
234,0.4740259740259741,5.147585717277568
234,0.48051948051948057,8.227613259614515
234,0.48701298701298706,1.1737542116017834
234,0.49350649350649356,11.185728617496244
235,0.0,3.1530333899354446e-14
235,0.004273504273504274,7.842471487640119
235,0.008547008547008548,25.42524123306671
235,0.012820512820512822,9.569884059476026
235,0.017094017094017096,2.265202934220049
235,0.021367521367521368,5.706736103858275
235,0.025641025641025644,23.90027193251918
235,0.02991452991452992,25.215887994261877
235,0.03418803418803419,6.17598094268974
235,0.038461538461538464,18.75539311202014
235,0.042735042735042736,9.312369333694
235,0.047008547008547015,15.970099262315024
235,0.05128205128205129,21.386866783254707
235,0.05555555555555556,17.177672382737377
235,0.05982905982905984,16.57236543971987
235,0.06410256410256411,4.141544724190143
235,0.06837606837606838,25.906654919834853
235,0.07264957264957266,14.579301426945396
235,0.07692307692307693,2.074112804407007
235,0.0811965811965812,0.5919585936408488
235,0.08547008547008547,25.779021374753086
235,0.08974358974358976,12.893162424770447
235,0.09401709401709403,12.603191818991712
235,0.0982905982905983,12.132024474143483
235,0.10256410256410257,2.9994631318823375
235,0.10683760683760685,11.56304818393243
235,0.11111111111111112,17.364474674005887
235,0.11538461538461539,10.893366900737282
235,0.11965811965811968,27.270480016227243
235,0.12393162393162395,8.326558809712864
235,0.12820512820512822,14.987835168130484
235,0.13247863247863248,12.529513342143225
235,0.13675213675213677,1.9785294397702742
235,0.14102564102564105,13.985887284357775
235,0.1452991452991453,15.868789730527409
235,0.1495726495726496,5.627247326090342
235,0.15384615384615385,17.195972831906193
235,0.15811965811965814,11.196001919634462
235,0.1623931623931624,22.13762531394213
235,0.16666666666666669,4.070100575091039
235,0.17094017094017094,12.720788090782833
235,0.17521367521367523,16.99299411049641
235,0.17948717948717952,3.3008989331443157
235,0.18376068376068377,20.975189802262566
235,0.18803418803418806,8.429834968739408
235,0.19230769230769232,8.863158504118786
235,0.1965811965811966,7.145997570083274
235,0.20085470085470086,15.932578063828124
235,0.20512820512820515,8.010647590044677
235,0.20940170940170943,12.047031127237602
235,0.2136752136752137,18.006470897764967
235,0.21794871794871798,21.592987633923904
235,0.22222222222222224,11.423113668557692
235,0.22649572649572652,6.816477200773933
235,0.23076923076923078,9.180140061285423
235,0.23504273504273507,15.097360720001989
235,0.23931623931623935,10.623034270038081
235,0.2435897435897436,2.26027346244261
235,0.2478632478632479,26.37716952669223
235,0.2521367521367522,17.882771010446643
235,0.25641025641025644,7.996062132484819
235,0.2606837606837607,18.745924585128765
235,0.26495726495726496,2.2063670501106776
235,0.2692307692307693,8.660195056733286
235,0.27350427350427353,28.849429475467677
235,0.2777777777777778,7.190842733651929
235,0.2820512820512821,3.886517222837781
235,0.28632478632478636,17.620714623909283
235,0.2905982905982906,17.70870513017051
235,0.2948717948717949,16.387873057879748
235,0.2991452991452992,17.533745595047794
235,0.30341880341880345,25.20299422131957
235,0.3076923076923077,20.075607783799025
235,0.311965811965812,9.309750812410286
235,0.3162393162393163,4.905629807951181
235,0.32051282051282054,11.740906884888549
235,0.3247863247863248,9.799781044411047
235,0.3290598290598291,19.607909636047275
235,0.33333333333333337,7.77019160374874
235,0.33760683760683763,2.943173785191923
235,0.3418803418803419,13.957671567003556
235,0.3461538461538462,13.55726915592695
235,0.35042735042735046,8.850352984560512
235,0.3547008547008547,10.220400585511152
235,0.35897435897435903,5.952717980860142
235,0.3632478632478633,18.194894155845233
235,0.36752136752136755,10.266003795345311
235,0.3717948717948718,14.37234035912629
235,0.3760683760683761,10.757338113512244
235,0.3803418803418804,11.228420828059097
235,0.38461538461538464,8.153219431077668
235,0.38888888888888895,16.58559894711124
235,0.3931623931623932,31.76198139404055
235,0.39743589743589747,19.312830410043535
235,0.4017094017094017,12.1146114485325
235,0.40598290598290604,4.988403797982305
235,0.4102564102564103,7.368370281759088
235,0.41452991452991456,15.848325825308454
235,0.41880341880341887,11.37598769115553
235,0.42307692307692313,18.649195885071613
235,0.4273504273504274,8.851525468208582
235,0.43162393162393164,17.115467497408506
235,0.43589743589743596,28.3147146678985
235,0.4401709401709402,20.864754835701405
235,0.4444444444444445,16.749229854045044
235,0.4487179487179488,17.090601022006133
235,0.45299145299145305,15.888615643536614
235,0.4572649572649573,26.492790868004604
235,0.46153846153846156,20.09267523792803
235,0.4658119658119659,31.13251896043217
235,0.47008547008547014,15.622479299295293
235,0.4743589743589744,10.501432390658234
235,0.4786324786324787,25.360194264848257
235,0.48290598290598297,10.915845528916908
235,0.4871794871794872,7.15709851836084
235,0.4914529914529915,9.044359495401975
235,0.4957264957264958,5.70725191546776
236,0.0,0.0
236,0.005681818181818182,14.867814624149592
236,0.011363636363636364,12.206682265219367
236,0.017045454545454544,16.8786090807314
236,0.022727272727272728,10.1902517908607
236,0.02840909090909091,19.29292468102266
236,0.03409090909090909,3.118955351828368
236,0.03977272727272727,17.3625012432304
236,0.045454545454545456,6.650622446556948
236,0.05113636363636364,19.20804897720289
236,0.05681818181818182,6.667092495875128
236,0.0625,16.76687562331331
236,0.06818181818181818,4.098595818294733
236,0.07386363636363637,11.200077097915512
236,0.07954545454545454,10.04959033816448
236,0.08522727272727273,4.405049422778337
236,0.09090909090909091,11.314408989705843
236,0.09659090909090909,4.524966105744357
236,0.10227272727272728,12.044067087716822
236,0.10795454545454546,10.038734531280948
236,0.11363636363636365,17.796632459571715
236,0.11931818181818182,14.464575712504205
236,0.125,3.227862096801469
236,0.13068181818181818,2.036651135120509
236,0.13636363636363635,11.268393850683493
236,0.14204545454545456,11.745699968211248
236,0.14772727272727273,5.8592148490752365
236,0.1534090909090909,4.508534229249007
236,0.1590909090909091,6.548782489119462
236,0.16477272727272727,16.507969322856432
236,0.17045454545454547,7.578752154335422
236,0.17613636363636365,21.47952939259059
236,0.18181818181818182,1.0519758937309869
236,0.1875,2.461958913442468
236,0.19318181818181818,7.971915637295184
236,0.19886363636363638,7.513680655594547
236,0.20454545454545456,5.42785432559861
236,0.21022727272727273,17.794411350280214
236,0.2159090909090909,9.530160655058149
236,0.2215909090909091,21.912829965205017
236,0.2272727272727273,23.665380501928528
236,0.23295454545454547,4.418478838635867
236,0.23863636363636365,14.680120256686523
236,0.24431818181818182,8.756295095062521
236,0.25,3.2424002529148894
236,0.2556818181818182,16.31058408461261
236,0.26136363636363635,9.697458315323907
236,0.26704545454545453,13.872302673194973
236,0.2727272727272727,9.703238980611577
236,0.27840909090909094,12.775143961410263
236,0.2840909090909091,7.7934585833697305
236,0.2897727272727273,12.20393711751534
236,0.29545454545454547,19.469172555365695
236,0.30113636363636365,5.942222752884882
236,0.3068181818181818,7.0703513443377535
236,0.3125,13.797913859873443
236,0.3181818181818182,4.832708551888836
236,0.32386363636363635,16.24423225732601
236,0.32954545454545453,3.1645879080847594
236,0.33522727272727276,3.8308671597821853
236,0.34090909090909094,19.7326646482752
236,0.3465909090909091,7.036069924244818
236,0.3522727272727273,13.446556307994761
236,0.35795454545454547,5.689867847984871
236,0.36363636363636365,21.649076679867974
236,0.3693181818181818,9.541832295487348
236,0.375,7.799911364853566
236,0.3806818181818182,16.81865481329418
236,0.38636363636363635,5.983393621923977
236,0.39204545454545453,10.33090652777557
236,0.39772727272727276,10.33313329406257
236,0.40340909090909094,13.781551721400728
236,0.4090909090909091,26.329648053798433
236,0.4147727272727273,7.56152464482287
236,0.42045454545454547,10.738500179562791
236,0.42613636363636365,21.868486469741026
236,0.4318181818181818,14.710651438996292
236,0.4375,9.807515838726063
236,0.4431818181818182,11.725846976483504
236,0.44886363636363635,17.10334767298149
236,0.4545454545454546,14.833393544211624
236,0.46022727272727276,18.299714300950782
236,0.46590909090909094,24.412385742031052
236,0.4715909090909091,15.536486734729017
236,0.4772727272727273,8.97117137830618
236,0.48295454545454547,27.54807545096412
236,0.48863636363636365,17.728695170061194
236,0.4943181818181818,4.1247248617705035
237,0.0,7.105427357601002e-15
237,0.004901960784313725,24.19124341685952
237,0.00980392156862745,23.168596960809356
237,0.014705882352941176,13.599851798331553
237,0.0196078431372549,5.751283153746199
237,0.024509803921568627,9.239368936195815
237,0.029411764705882353,5.6150764989826625
237,0.03431372549019608,3.846304773621729
237,0.0392156862745098,11.747523137672605
237,0.044117647058823525,2.8957167559935972
237,0.049019607843137254,17.114326094493112
237,0.05392156862745098,31.79349680317299
237,0.058823529411764705,1.2859634009013658
237,0.06372549019607843,14.37198082398568
237,0.06862745098039216,13.438701838055929
237,0.07352941176470588,12.817534009082065
237,0.0784313725490196,12.45503225600789
237,0.08333333333333333,8.620790598871828
237,0.08823529411764705,11.548230627124903
237,0.09313725490196079,16.410082198506206
237,0.09803921568627451,13.902443811932876
237,0.10294117647058823,20.636455689667926
237,0.10784313725490197,24.622712884795394
237,0.11274509803921569,14.845123795181578
237,0.11764705882352941,17.264371612700906
237,0.12254901960784313,8.289859892044602
237,0.12745098039215685,17.641821909118324
237,0.1323529411764706,14.17679205702156
237,0.13725490196078433,8.539366135628002
237,0.14215686274509803,21.823246591755325
237,0.14705882352941177,16.99943058041491
237,0.15196078431372548,8.527107477710125
237,0.1568627450980392,5.40301617550406
237,0.16176470588235295,4.750200358766071
237,0.16666666666666666,1.9866037978996203
237,0.1715686274509804,16.14755102299094
237,0.1764705882352941,16.387236807054055
237,0.18137254901960784,10.807696816898616
237,0.18627450980392157,16.1962435323895
237,0.19117647058823528,6.876059874762087
237,0.19607843137254902,16.31117746181985
237,0.20098039215686275,10.810423078558562
237,0.20588235294117646,5.766573225090848
237,0.2107843137254902,11.89129120041965
237,0.21568627450980393,12.034171163315754
237,0.22058823529411764,23.984621158552372
237,0.22549019607843138,23.88171534383929
237,0.23039215686274508,6.1323537701266355
237,0.23529411764705882,23.564243798111004
237,0.24019607843137256,23.36201916397301
237,0.24509803921568626,10.378662576446171
237,0.25,7.968955557127558
237,0.2549019607843137,6.834017884839114
237,0.25980392156862747,11.587058319156146
237,0.2647058823529412,8.935371367376924
237,0.2696078431372549,10.603389172344702
237,0.27450980392156865,5.3415486452608985
237,0.27941176470588236,5.327917518604516
237,0.28431372549019607,3.933511063921162
237,0.2892156862745098,20.36963400370482
237,0.29411764705882354,13.412026403817222
237,0.29901960784313725,20.120259539126906
237,0.30392156862745096,7.7921023643053005
237,0.3088235294117647,8.850755023831502
237,0.3137254901960784,14.957323379000199
237,0.31862745098039214,6.437884697177497
237,0.3235294117647059,15.613662913127765
237,0.3284313725490196,3.933342336811739
237,0.3333333333333333,9.317035699250866
237,0.3382352941176471,16.691397869363595
237,0.3431372549019608,9.636669516210535
237,0.3480392156862745,9.28385244996846
237,0.3529411764705882,0.6083404525588983
237,0.35784313725490197,10.004094207897715
237,0.3627450980392157,12.276059383645324
237,0.3676470588235294,20.03314636765002
237,0.37254901960784315,14.572022839162356
237,0.37745098039215685,11.048375498769197
237,0.38235294117647056,7.920726782180385
237,0.3872549019607843,9.60137436719862
237,0.39215686274509803,28.35066951066074
237,0.39705882352941174,10.724728700354628
237,0.4019607843137255,14.403739798572545
237,0.4068627450980392,9.219796771208847
237,0.4117647058823529,20.878661684784987
237,0.4166666666666667,4.212026821205774
237,0.4215686274509804,27.995806785587845
237,0.4264705882352941,2.1581177396192235
237,0.43137254901960786,18.71435873549045
237,0.4362745098039216,14.481880802387998
237,0.4411764705882353,11.892107103775803
237,0.446078431372549,16.528003442371038
237,0.45098039215686275,13.034441196995598
237,0.45588235294117646,12.168458914216686
237,0.46078431372549017,9.281336161570104
237,0.46568627450980393,17.492180589492968
237,0.47058823529411764,7.734863233730186
237,0.47549019607843135,6.313411202240795
237,0.4803921568627451,11.720533650823588
237,0.4852941176470588,16.017944597080906
237,0.49019607843137253,19.542547848151383
237,0.4950980392156863,20.64903277598975
238,0.0,4.440892098500626e-15
238,0.006060606060606061,10.002886474720492
238,0.012121212121212121,14.690563187312177
238,0.01818181818181818,20.468934193544953
238,0.024242424242424242,7.8629701588677205
238,0.030303030303030304,19.75602603837849
238,0.03636363636363636,10.037470502850958
238,0.04242424242424243,7.62507991880923
238,0.048484848484848485,11.607569348098565
238,0.05454545454545454,9.407837784398554
238,0.06060606060606061,10.639158751909987
238,0.06666666666666667,12.193391003547534
238,0.07272727272727272,32.03252092440336
238,0.07878787878787878,14.029240896891649
238,0.08484848484848485,8.51840663980023
238,0.09090909090909091,12.233550930211754
238,0.09696969696969697,4.831651379554585
238,0.10303030303030303,12.796671069675492
238,0.10909090909090909,13.004895279289443
238,0.11515151515151516,17.47258386952949
238,0.12121212121212122,16.655059245018403
238,0.12727272727272726,11.340217296955903
238,0.13333333333333333,1.6676733885057
238,0.1393939393939394,12.210631198258072
238,0.14545454545454545,7.070356948651118
238,0.15151515151515152,14.268693712053174
238,0.15757575757575756,6.38538890221435
238,0.16363636363636364,13.547647461663063
238,0.1696969696969697,10.246096814750388
238,0.17575757575757575,18.335955852980234
238,0.18181818181818182,3.672555561000729
238,0.18787878787878787,13.557918863360348
238,0.19393939393939394,9.234273501775144
238,0.2,12.734938034540619
238,0.20606060606060606,15.40916385939227
238,0.21212121212121213,7.3461341007262915
238,0.21818181818181817,6.0712250381185395
238,0.22424242424242424,12.235154794753905
238,0.23030303030303031,3.3678246614295784
238,0.23636363636363636,8.710347268859984
238,0.24242424242424243,6.462803859897859
238,0.24848484848484848,12.807606532391938
238,0.2545454545454545,7.854217471406295
238,0.2606060606060606,13.129274455143156
238,0.26666666666666666,8.28180388780266
238,0.2727272727272727,25.32239055333616
238,0.2787878787878788,15.853495912897156
238,0.28484848484848485,2.5549844241305157
238,0.2909090909090909,9.02348182362187
238,0.296969696969697,19.130822075077333
238,0.30303030303030304,14.017819805372318
238,0.3090909090909091,15.234472288669728
238,0.3151515151515151,14.011543188362799
238,0.3212121212121212,7.878768477453943
238,0.32727272727272727,2.2345230403747616
238,0.3333333333333333,10.420716098013713
238,0.3393939393939394,11.493171341948425
238,0.34545454545454546,6.558148807077858
238,0.3515151515151515,1.7659788741362927
238,0.3575757575757576,12.903976748811914
238,0.36363636363636365,10.135904585184507
238,0.3696969696969697,7.968767373781158
238,0.37575757575757573,1.9735561027084063
238,0.38181818181818183,2.7722479030301757
238,0.3878787878787879,6.82355338663662
238,0.3939393939393939,17.37122398285866
238,0.4,13.182349740186565
238,0.40606060606060607,7.182038551403978
238,0.4121212121212121,16.855064359495916
238,0.41818181818181815,12.489383326769353
238,0.42424242424242425,9.34701263963432
238,0.4303030303030303,5.729163817388597
238,0.43636363636363634,17.3014358199935
238,0.44242424242424244,9.432279148208128
238,0.4484848484848485,8.445055050873082
238,0.45454545454545453,11.60102163015393
238,0.46060606060606063,16.52689253681055
238,0.4666666666666667,6.326730212461051
238,0.4727272727272727,8.609607758702742
238,0.47878787878787876,31.464026432175338
238,0.48484848484848486,16.85703083415498
238,0.4909090909090909,2.2549672782497727
238,0.49696969696969695,24.80367047558164
239,0.0,1.509903313490213e-14
239,0.007142857142857143,15.078200739366913
239,0.014285714285714285,13.190511803677007
239,0.02142857142857143,11.195776109361837
239,0.02857142857142857,20.242813205942287
239,0.03571428571428571,12.633377548747182
239,0.04285714285714286,6.529074862812759
239,0.049999999999999996,6.285461676449485
239,0.05714285714285714,4.503635364146376
239,0.06428571428571428,24.152244781734897
239,0.07142857142857142,18.917784063198084
239,0.07857142857142857,11.38245694990259
239,0.08571428571428572,1.725986088717582
239,0.09285714285714286,3.865718782237317
239,0.09999999999999999,17.501561353798657
239,0.10714285714285714,15.915811015172833
239,0.11428571428571428,29.01980172958084
239,0.12142857142857143,8.593096451070249
239,0.12857142857142856,11.0553959172883
239,0.1357142857142857,15.769588521623733
239,0.14285714285714285,4.662233660150298
239,0.15,7.828084231619722
239,0.15714285714285714,6.975021985679088
239,0.16428571428571428,17.175428619271155
239,0.17142857142857143,4.856348121010806
239,0.17857142857142858,17.02520855344191
239,0.18571428571428572,11.322775722221897
239,0.19285714285714284,7.892652403000315
239,0.19999999999999998,1.527975182371258
239,0.20714285714285713,3.4391794321401985
239,0.21428571428571427,8.379410968519515
239,0.22142857142857142,3.3604546877202064
239,0.22857142857142856,9.079163985166451
239,0.2357142857142857,7.72635069253231
239,0.24285714285714285,4.7252358079789945
239,0.25,9.242166516953139
239,0.2571428571428571,15.287015927340008
239,0.2642857142857143,7.18399576441375
239,0.2714285714285714,18.487133919970265
239,0.2785714285714286,3.936233657102938
239,0.2857142857142857,20.056345195358208
239,0.29285714285714287,6.0354328481431985
239,0.3,14.871504796178149
239,0.3071428571428571,3.8851854200138525
239,0.3142857142857143,10.418264230787008
239,0.3214285714285714,10.392950007013935
239,0.32857142857142857,5.976330009392278
239,0.3357142857142857,9.180876123957624
239,0.34285714285714286,6.549704842600185
239,0.35,20.742925037146478
239,0.35714285714285715,12.353765895631732
239,0.36428571428571427,1.1443851235376128
239,0.37142857142857144,5.760356463578616
239,0.37857142857142856,14.894199687117684
239,0.3857142857142857,4.606882650463171
239,0.39285714285714285,5.9656391803397195
239,0.39999999999999997,16.856423669513386
239,0.40714285714285714,14.734269588310456
239,0.41428571428571426,11.822621135850701
239,0.42142857142857143,7.553088018371982
239,0.42857142857142855,18.223420002145183
239,0.4357142857142857,4.493836675057507
239,0.44285714285714284,3.071919759149713
239,0.45,17.326824445513193
239,0.45714285714285713,4.921404619014685
239,0.46428571428571425,15.615372169172376
239,0.4714285714285714,4.692882955713043
239,0.47857142857142854,7.673441519559588
239,0.4857142857142857,2.8606534291007297
239,0.4928571428571428,6.9202379595927095
240,0.0,6.217248937900877e-15
240,0.005376344086021506,27.373898796827667
240,0.010752688172043012,31.523521691648966
240,0.016129032258064516,5.154053469297761
240,0.021505376344086023,3.9077994686986046
240,0.02688172043010753,9.778141004876893
240,0.03225806451612903,2.671500608701202
240,0.03763440860215054,15.620363258112585
240,0.043010752688172046,18.422483931772884
240,0.048387096774193554,5.808840927044407
240,0.05376344086021506,3.914307051449368
240,0.05913978494623656,10.780679641850941
240,0.06451612903225806,18.352349012505616
240,0.06989247311827958,7.742201615589687
240,0.07526881720430108,13.174355274465071
240,0.08064516129032259,13.154276993280767
240,0.08602150537634409,15.766334848567114
240,0.0913978494623656,14.618980213592893
240,0.09677419354838711,7.776254323979059
240,0.10215053763440861,13.968728018328063
240,0.10752688172043012,13.060400184035178
240,0.11290322580645162,13.691135343245953
240,0.11827956989247312,22.342788938100657
240,0.12365591397849464,5.85399646681695
240,0.12903225806451613,5.951631292094836
240,0.13440860215053765,20.050767974745163
240,0.13978494623655915,2.9455759552842937
240,0.14516129032258066,5.478144140367906
240,0.15053763440860216,2.1529467519768493
240,0.15591397849462366,7.9508852205525855
240,0.16129032258064518,17.618480575501057
240,0.16666666666666669,10.992295005006168
240,0.17204301075268819,15.322737010881081
240,0.1774193548387097,3.5613909032985203
240,0.1827956989247312,12.856644282435893
240,0.18817204301075272,13.895453389849688
240,0.19354838709677422,14.381260908029011
240,0.19892473118279572,13.839448845240879
240,0.20430107526881722,12.043339046658753
240,0.20967741935483872,5.228339530491479
240,0.21505376344086025,15.558194622587562
240,0.22043010752688175,15.728530112043371
240,0.22580645161290325,3.271085708023586
240,0.23118279569892475,10.445853623554381
240,0.23655913978494625,4.663871972973362
240,0.24193548387096775,19.347540569409187
240,0.24731182795698928,11.647959358584787
240,0.25268817204301075,5.224969413589505
240,0.25806451612903225,19.833673507183452
240,0.2634408602150538,17.150135389795846
240,0.2688172043010753,11.753167706484335
240,0.2741935483870968,4.295330795347711
240,0.2795698924731183,8.571243362557993
240,0.2849462365591398,12.470100022401262
240,0.2903225806451613,7.537242123119212
240,0.2956989247311828,20.943062062445332
240,0.3010752688172043,18.056344315239258
240,0.3064516129032258,14.171794735463534
240,0.3118279569892473,8.241875573700316
240,0.31720430107526887,13.366577550500919
240,0.32258064516129037,13.687407274811106
240,0.32795698924731187,5.364883164105884
240,0.33333333333333337,13.676373723600673
240,0.33870967741935487,24.01183786701742
240,0.34408602150537637,8.245184436993773
240,0.34946236559139787,4.144026983566998
240,0.3548387096774194,6.827344428121836
240,0.3602150537634409,5.301082635824628
240,0.3655913978494624,13.458076177094423
240,0.3709677419354839,12.169120263801348
240,0.37634408602150543,11.68907790072772
240,0.38172043010752693,4.610003682205405
240,0.38709677419354843,8.456959081408646
240,0.39247311827956993,6.148445817142614
240,0.39784946236559143,9.686363169058806
240,0.40322580645161293,15.925665874278874
240,0.40860215053763443,32.77211153830637
240,0.41397849462365593,15.521087618374356
240,0.41935483870967744,21.109043062933626
240,0.42473118279569894,8.43526511567376
240,0.4301075268817205,8.641202563560661
240,0.435483870967742,14.740884837109464
240,0.4408602150537635,13.067977850676929
240,0.446236559139785,18.88565979325379
240,0.4516129032258065,3.935390959149038
240,0.456989247311828,19.615875784565723
240,0.4623655913978495,6.436385811200601
240,0.467741935483871,12.613398125136582
240,0.4731182795698925,22.41189891717381
240,0.478494623655914,9.442199404173811
240,0.4838709677419355,8.077466155376362
240,0.48924731182795705,13.831149874162664
240,0.49462365591397855,20.021869743922025
241,0.0,3.197442310920451e-14
241,0.005128205128205128,18.78934931275944
241,0.010256410256410256,8.897181750451466
241,0.015384615384615385,18.621794857774283
241,0.020512820512820513,18.180479623488313
241,0.02564102564102564,5.845676122329352
241,0.03076923076923077,14.514257747687584
241,0.035897435897435895,2.6148645413361655
241,0.041025641025641026,10.43070927122544
241,0.046153846153846156,14.198784344558835
241,0.05128205128205128,13.049966796545391
241,0.05641025641025641,19.2559335241514
241,0.06153846153846154,5.29647107718329
241,0.06666666666666667,24.413294174436345
241,0.07179487179487179,10.84647775654355
241,0.07692307692307693,25.334576916409027
241,0.08205128205128205,17.163727823295588
241,0.08717948717948718,7.712578233534424
241,0.09230769230769231,21.00933821880585
241,0.09743589743589744,27.44234684364422
241,0.10256410256410256,6.935383706495105
241,0.1076923076923077,14.252638635788564
241,0.11282051282051282,5.993411174848869
241,0.11794871794871795,20.113449229616908
241,0.12307692307692308,20.331918198465083
241,0.1282051282051282,21.510343081605406
241,0.13333333333333333,11.190639923807602
241,0.13846153846153847,8.286774712222892
241,0.14358974358974358,8.582125846825106
241,0.14871794871794872,11.68351815492003
241,0.15384615384615385,17.20157555456032
241,0.15897435897435896,10.691868212909236
241,0.1641025641025641,12.936988581693692
241,0.16923076923076924,16.687643403198397
241,0.17435897435897435,4.887495811166894
241,0.1794871794871795,8.012689661503707
241,0.18461538461538463,17.23721823302327
241,0.18974358974358974,17.797194399776433
241,0.19487179487179487,9.688844722929804
241,0.2,7.869231288399156
241,0.20512820512820512,2.664813093055494
241,0.21025641025641026,6.683729871147004
241,0.2153846153846154,17.149077649631618
241,0.2205128205128205,7.071261627223751
241,0.22564102564102564,14.409747392030088
241,0.23076923076923078,11.043147387509253
241,0.2358974358974359,19.612530999273144
241,0.24102564102564103,7.07204120670554
241,0.24615384615384617,5.026315947236567
241,0.2512820512820513,9.735067514666632
241,0.2564102564102564,18.57416802015395
241,0.26153846153846155,8.796276271164444
241,0.26666666666666666,17.49955502734863
241,0.2717948717948718,14.938468414760637
241,0.27692307692307694,7.857202464535901
241,0.28205128205128205,26.019312392598234
241,0.28717948717948716,9.902726270487626
241,0.2923076923076923,13.748824056911605
241,0.29743589743589743,13.03275134611716
241,0.30256410256410254,5.888607970422715
241,0.3076923076923077,6.988396766274095
241,0.3128205128205128,9.04561030420476
241,0.31794871794871793,4.133918237962977
241,0.3230769230769231,16.26897068046788
241,0.3282051282051282,16.357212818087667
241,0.3333333333333333,17.72512042636669
241,0.3384615384615385,18.351687538484555
241,0.3435897435897436,20.089553460166112
241,0.3487179487179487,6.119175555378601
241,0.35384615384615387,4.324693183619746
241,0.358974358974359,19.569038940697162
241,0.3641025641025641,4.311928329671537
241,0.36923076923076925,7.506405349136855
241,0.37435897435897436,5.701255750762072
241,0.37948717948717947,10.704663035565696
241,0.38461538461538464,7.144009941373989
241,0.38974358974358975,10.548540514057455
241,0.39487179487179486,8.46384126563878
241,0.4,23.6579809656583
241,0.40512820512820513,20.596678487359668
241,0.41025641025641024,8.910220745411168
241,0.4153846153846154,15.932557143141544
241,0.4205128205128205,4.110243402384339
241,0.4256410256410256,10.77904822390439
241,0.4307692307692308,4.774787119757249
241,0.4358974358974359,18.89518117825205
241,0.441025641025641,6.176295222720236
241,0.4461538461538462,26.11308479393432
241,0.4512820512820513,13.622943514929375
241,0.4564102564102564,3.790073669798499
241,0.46153846153846156,1.3490330456313233
241,0.4666666666666667,25.765088192136965
241,0.4717948717948718,9.168444481462862
241,0.47692307692307695,11.684258830517217
241,0.48205128205128206,8.762491266942448
241,0.48717948717948717,13.548693158710172
241,0.49230769230769234,4.178028402774903
241,0.49743589743589745,13.268506373891267
242,0.0,3.652633751016765e-14
242,0.005076142131979695,8.572152753361316
242,0.01015228426395939,30.055421472531446
242,0.015228426395939085,7.745838563990562
242,0.02030456852791878,10.829869593127574
242,0.025380710659898477,7.557564978838073
242,0.03045685279187817,6.398635095956091
242,0.035532994923857864,9.33350178847328
242,0.04060913705583756,17.784991475233166
242,0.04568527918781726,10.057094453477601
242,0.050761421319796954,4.544308852795355
242,0.055837563451776644,3.911970542321295
242,0.06091370558375634,11.610285572794462
242,0.06598984771573603,6.947905470493477
242,0.07106598984771573,7.1283407031923955
242,0.07614213197969542,3.6169911755677884
242,0.08121827411167512,14.203590812147308
242,0.08629441624365482,13.640351951688471
242,0.09137055837563451,11.547881473785635
242,0.09644670050761421,4.190420406781202
242,0.10152284263959391,20.05320768391349
242,0.10659898477157359,13.236716292289634
242,0.11167512690355329,22.139692447133466
242,0.11675126903553298,29.013349666555634
242,0.12182741116751268,14.304456201796711
242,0.12690355329949238,12.996229312342031
242,0.13197969543147206,17.22441661414825
242,0.13705583756345177,25.3589654267178
242,0.14213197969543145,18.739890026226295
242,0.14720812182741116,14.073633563500378
242,0.15228426395939085,13.5408128895137
242,0.15736040609137056,5.9683323128484655
242,0.16243654822335024,10.514741146647566
242,0.16751269035532992,7.511347202399477
242,0.17258883248730963,18.53286951575601
242,0.17766497461928932,6.375483037020276
242,0.18274111675126903,5.271533510245394
242,0.1878172588832487,2.422826565689309
242,0.19289340101522842,3.6867695731264587
242,0.1979695431472081,19.50221229090485
242,0.20304568527918782,15.791991010722084
242,0.2081218274111675,12.945741489945535
242,0.21319796954314718,14.507659318150283
242,0.2182741116751269,10.639131217410892
242,0.22335025380710657,28.713404156432464
242,0.22842639593908629,17.47055497575941
242,0.23350253807106597,13.413066366191114
242,0.23857868020304568,19.41566627216762
242,0.24365482233502536,23.927189260809325
242,0.24873096446700504,5.077352689956738
242,0.25380710659898476,8.745497258118345
242,0.25888324873096447,10.381952951886673
242,0.2639593908629441,9.247141207398803
242,0.26903553299492383,13.098135090785716
242,0.27411167512690354,3.23619029552819
242,0.27918781725888325,17.183765863917973
242,0.2842639593908629,12.092030227873732
242,0.2893401015228426,10.136201478167932
242,0.29441624365482233,22.2555726726607
242,0.299492385786802,12.690249074548499
242,0.3045685279187817,10.923088213040963
242,0.3096446700507614,17.51676752712916
242,0.3147208121827411,6.796598137261266
242,0.31979695431472077,9.835803883158862
242,0.3248730964467005,6.5481088329610895
242,0.3299492385786802,1.9459530150380426
242,0.33502538071065985,21.18926761171082
242,0.34010152284263956,12.84155201931326
242,0.34517766497461927,22.74342172884284
242,0.350253807106599,12.111586954367603
242,0.35532994923857864,12.793149328543436
242,0.36040609137055835,25.115788120046044
242,0.36548223350253806,15.187715142456312
242,0.3705583756345177,17.096976768352967
242,0.3756345177664974,13.329568063806333
242,0.38071065989847713,6.571017620302134
242,0.38578680203045684,15.803053702394452
242,0.3908629441624365,3.9399539815612936
242,0.3959390862944162,11.929802549849612
242,0.4010152284263959,10.500382544653055
242,0.40609137055837563,17.637301000124744
242,0.4111675126903553,13.73411377922906
242,0.416243654822335,15.1193847270376
242,0.4213197969543147,12.695315619810685
242,0.42639593908629436,12.616275201314947
242,0.4314720812182741,14.732937604476342
242,0.4365482233502538,6.773949332518407
242,0.4416243654822335,15.97001452241731
242,0.44670050761421315,16.45413348414852
242,0.45177664974619286,1.5423734439581926
242,0.45685279187817257,8.915987943529188
242,0.4619289340101522,17.76815559643522
242,0.46700507614213194,4.335654529657763
242,0.47208121827411165,16.783466203803354
242,0.47715736040609136,9.022807535129063
242,0.482233502538071,6.574238457106911
242,0.4873096446700507,11.497171308203168
242,0.49238578680203043,16.032087201923503
242,0.4974619289340101,13.407646980850839
243,0.0,7.105427357601002e-15
243,0.004878048780487805,21.235233001957273
243,0.00975609756097561,15.298865208493297
243,0.014634146341463414,14.153980748425253
243,0.01951219512195122,6.05320312284373
243,0.024390243902439025,16.86490819958833
243,0.029268292682926828,9.05329429429863
243,0.03414634146341464,7.884662174020625
243,0.03902439024390244,4.875724817987656
243,0.04390243902439024,4.296144120630111
243,0.04878048780487805,18.095789382917626
243,0.05365853658536585,12.325549239428087
243,0.058536585365853655,9.077929596084958
243,0.06341463414634146,21.39295947792365
243,0.06829268292682927,10.844145959736553
243,0.07317073170731707,2.5236313342551875
243,0.07804878048780488,9.437103581006953
243,0.08292682926829269,6.517652484960049
243,0.08780487804878048,20.66219531668335
243,0.09268292682926829,13.865388618611892
243,0.0975609756097561,7.311787065375574
243,0.1024390243902439,7.867562345933227
243,0.1073170731707317,17.31686408135521
243,0.11219512195121951,16.232125077091805
243,0.11707317073170731,11.493126630532448
243,0.12195121951219512,4.593495723361445
243,0.12682926829268293,6.2362200946340876
243,0.13170731707317074,13.321337392576698
243,0.13658536585365855,12.1486749614879
243,0.14146341463414633,19.135818723374527
243,0.14634146341463414,17.680335887263013
243,0.15121951219512195,7.1602352034016805
243,0.15609756097560976,18.72274120336567
243,0.16097560975609757,21.254690120552613
243,0.16585365853658537,7.777023068422206
243,0.17073170731707318,6.745951003828239
243,0.17560975609756097,22.96133018237414
243,0.18048780487804877,12.376926120847905
243,0.18536585365853658,20.655244015020283
243,0.1902439024390244,12.119262472200123
243,0.1951219512195122,2.8731421156601553
243,0.2,15.917026187024959
243,0.2048780487804878,12.394187667913693
243,0.2097560975609756,18.05470618475556
243,0.2146341463414634,28.479854972838957
243,0.21951219512195122,14.782042992310142
243,0.22439024390243903,18.341276958269116
243,0.22926829268292684,19.09860094896537
243,0.23414634146341462,4.125807132113398
243,0.23902439024390243,6.0150217964963115
243,0.24390243902439024,5.083118371066549
243,0.24878048780487805,8.970059581204369
243,0.25365853658536586,19.785063902334347
243,0.25853658536585367,14.451506012463417
243,0.2634146341463415,13.220399690626701
243,0.2682926829268293,14.028301516914214
243,0.2731707317073171,10.68768989839048
243,0.2780487804878049,10.2641181443932
243,0.28292682926829266,22.219836352383098
243,0.28780487804878047,4.821569679938582
243,0.2926829268292683,16.51957412105793
243,0.2975609756097561,19.323463377987135
243,0.3024390243902439,17.911458730848686
243,0.3073170731707317,5.306531831230094
243,0.3121951219512195,17.501174289248464
243,0.3170731707317073,19.964254355519866
243,0.32195121951219513,8.868589416882664
243,0.32682926829268294,18.52969437681546
243,0.33170731707317075,3.6709183111203934
243,0.33658536585365856,9.166034175048326
243,0.34146341463414637,16.55678765475228
243,0.3463414634146341,8.064159563496018
243,0.35121951219512193,25.18865628649456
243,0.35609756097560974,5.012359747270904
243,0.36097560975609755,6.974636574305108
243,0.36585365853658536,14.97340952419977
243,0.37073170731707317,5.771828175165289
243,0.375609756097561,18.082491662363672
243,0.3804878048780488,11.048163527216941
243,0.3853658536585366,4.331519269059925
243,0.3902439024390244,2.822556689600979
243,0.3951219512195122,24.664505536730438
243,0.4,1.8287487549317911
243,0.40487804878048783,9.236550546806807
243,0.4097560975609756,19.213629433033773
243,0.4146341463414634,16.9396197491604
243,0.4195121951219512,18.259856216713754
243,0.424390243902439,12.421462598664299
243,0.4292682926829268,19.625355841711325
243,0.43414634146341463,28.10522191547839
243,0.43902439024390244,16.50258014725705
243,0.44390243902439025,24.971127707350636
243,0.44878048780487806,6.577862035284073
243,0.45365853658536587,3.7585511369938356
243,0.4585365853658537,5.5085412662975495
243,0.4634146341463415,5.451932259985786
243,0.46829268292682924,14.295813028188821
243,0.47317073170731705,17.75921002503708
243,0.47804878048780486,15.868616340649297
243,0.48292682926829267,8.885690730250724
243,0.4878048780487805,12.460596964724214
243,0.4926829268292683,15.685618990757241
243,0.4975609756097561,4.030151521307479
244,0.0,1.8096635301390052e-14
244,0.005780346820809248,15.510861361263617
244,0.011560693641618497,12.104016913119693
244,0.017341040462427744,12.45381907947038
244,0.023121387283236993,7.561316410120045
244,0.028901734104046242,10.88124658825484
244,0.03468208092485549,15.892112859916221
244,0.04046242774566474,5.84917994071498
244,0.046242774566473986,4.6001264096304855
244,0.05202312138728323,8.792516601080443
244,0.057803468208092484,14.750350747802608
244,0.06358381502890173,13.016268956753109
244,0.06936416184971098,14.421163008864825
244,0.07514450867052022,4.682580152340461
244,0.08092485549132948,10.594094119332667
244,0.08670520231213873,11.366241993447641
244,0.09248554913294797,13.779155572866184
244,0.09826589595375722,9.451036134044996
244,0.10404624277456646,10.487110577017981
244,0.10982658959537572,12.890722807433576
244,0.11560693641618497,8.972469434402974
244,0.12138728323699421,1.3861782899220285
244,0.12716763005780346,14.808929201119984
244,0.1329479768786127,30.185207293417594
244,0.13872832369942195,13.072010568334933
244,0.1445086705202312,1.3407879902460056
244,0.15028901734104044,13.51502557320246
244,0.15606936416184972,17.492935759986686
244,0.16184971098265896,11.411353532429585
244,0.1676300578034682,1.3228350664822919
244,0.17341040462427745,9.94309900044121
244,0.1791907514450867,10.99085668386289
244,0.18497109826589594,9.623301241804073
244,0.1907514450867052,10.56375406136472
244,0.19653179190751444,8.619570790080285
244,0.20231213872832368,6.580371398746443
244,0.20809248554913293,11.905202750805325
244,0.21387283236994217,11.168537117337532
244,0.21965317919075145,6.664322849529098
244,0.2254335260115607,12.372929421502798
244,0.23121387283236994,26.73629062355072
244,0.23699421965317918,5.325445056510531
244,0.24277456647398843,17.608077111019302
244,0.24855491329479767,19.287107921848943
244,0.2543352601156069,14.365184807884187
244,0.26011560693641617,14.818683617824279
244,0.2658959537572254,16.465458655958646
244,0.27167630057803466,7.007480217562119
244,0.2774566473988439,16.914530238899527
244,0.28323699421965315,4.1140624846265705
244,0.2890173410404624,7.887870053054558
244,0.29479768786127164,31.16984703857578
244,0.3005780346820809,8.705795256213825
244,0.30635838150289013,11.569950898528235
244,0.31213872832369943,7.530968671344904
244,0.3179190751445087,10.690304582758422
244,0.3236994219653179,7.665359004693632
244,0.32947976878612717,16.481170118333196
244,0.3352601156069364,10.152034460700053
244,0.34104046242774566,13.315745565370761
244,0.3468208092485549,17.554723706449153
244,0.35260115606936415,13.393327157858147
244,0.3583815028901734,5.193962247735282
244,0.36416184971098264,8.897014785105418
244,0.3699421965317919,5.8520549089488245
244,0.37572254335260113,4.362109995773083
244,0.3815028901734104,9.481290447455944
244,0.3872832369942196,15.35268400132137
244,0.39306358381502887,18.985042961878626
244,0.3988439306358381,7.87570848721012
244,0.40462427745664736,1.8623842520231617
244,0.4104046242774566,17.596284064029522
244,0.41618497109826585,15.131031503135988
244,0.4219653179190751,15.846831927339752
244,0.42774566473988435,21.398961915530425
244,0.43352601156069365,19.07090332402372
244,0.4393063583815029,6.329779107548463
244,0.44508670520231214,8.808175595818993
244,0.4508670520231214,21.857113338854276
244,0.45664739884393063,18.773978247099592
244,0.4624277456647399,18.61080317986673
244,0.4682080924855491,9.83557166989055
244,0.47398843930635837,10.665886358777524
244,0.4797687861271676,11.406749552983719
244,0.48554913294797686,7.552970985808505
244,0.4913294797687861,14.096658450668501
244,0.49710982658959535,6.017748125000717
245,0.0,2.1871393585115584e-14
245,0.005025125628140704,10.791211485604126
245,0.010050251256281407,16.362667701050448
245,0.01507537688442211,19.433511484129877
245,0.020100502512562814,13.723514691435735
245,0.02512562814070352,3.8360766256736345
245,0.03015075376884422,16.737526650980346
245,0.035175879396984924,5.920273266952906
245,0.04020100502512563,6.802065635652464
245,0.04522613065326633,6.06779622993374
245,0.05025125628140704,19.05746025727229
245,0.05527638190954774,19.022162320588972
245,0.06030150753768844,8.828862790183452
245,0.06532663316582915,11.775094679843804
245,0.07035175879396985,10.704676656784072
245,0.07537688442211056,34.299162173359505
245,0.08040201005025126,11.046283499822104
245,0.08542713567839195,14.650160880425378
245,0.09045226130653267,12.677014825858336
245,0.09547738693467336,14.172696456708005
245,0.10050251256281408,15.102884408463423
245,0.10552763819095477,18.668818545041553
245,0.11055276381909548,10.449330175112417
245,0.11557788944723618,4.839810944981596
245,0.12060301507537688,12.99723997954281
245,0.12562814070351758,5.217982162264637
245,0.1306532663316583,15.061690313564213
245,0.135678391959799,15.59827687907009
245,0.1407035175879397,12.601334785322331
245,0.1457286432160804,16.25165968307103
245,0.15075376884422112,10.602889973965471
245,0.15577889447236182,7.206329540985384
245,0.16080402010050251,5.025273574456154
245,0.1658291457286432,21.445109444684245
245,0.1708542713567839,15.69574222838274
245,0.17587939698492464,2.016548534830809
245,0.18090452261306533,5.152865736990099
245,0.18592964824120603,5.795922901114519
245,0.19095477386934673,11.067056753196345
245,0.19597989949748745,22.011347942735874
245,0.20100502512562815,13.384312194063392
245,0.20603015075376885,20.662375607728908
245,0.21105527638190955,18.617312098534985
245,0.21608040201005024,14.171632600649415
245,0.22110552763819097,8.697629864705918
245,0.22613065326633167,10.327616889582437
245,0.23115577889447236,16.439476533482928
245,0.23618090452261306,12.175037414308747
245,0.24120603015075376,10.238229919759242
245,0.24623115577889448,7.1995342535368705
245,0.25125628140703515,13.37274399678185
245,0.2562814070351759,20.77522932002192
245,0.2613065326633166,8.836843310826795
245,0.2663316582914573,13.845773263963551
245,0.271356783919598,17.626700903357285
245,0.2763819095477387,22.022402381531332
245,0.2814070351758794,13.750347550688101
245,0.2864321608040201,19.771537446958217
245,0.2914572864321608,11.937192429828364
245,0.2964824120603015,10.094382904218829
245,0.30150753768844224,13.054511256833383
245,0.3065326633165829,21.83664538668243
245,0.31155778894472363,13.989350332080349
245,0.3165829145728643,8.348739299238803
245,0.32160804020100503,2.6273930767579254
245,0.32663316582914576,16.54138526674866
245,0.3316582914572864,14.157595876678537
245,0.33668341708542715,20.423467979962975
245,0.3417085427135678,29.629313727257895
245,0.34673366834170855,10.89703505567504
245,0.35175879396984927,11.208401098435326
245,0.35678391959798994,12.613509896216154
245,0.36180904522613067,17.8467135800438
245,0.36683417085427134,19.165531202257167
245,0.37185929648241206,7.71013106078447
245,0.3768844221105528,4.2435825775391685
245,0.38190954773869346,12.897585223391259
245,0.3869346733668342,10.649794092280874
245,0.3919597989949749,2.4790989103207046
245,0.3969849246231156,4.689475275002608
245,0.4020100502512563,16.02637731068454
245,0.40703517587939697,6.964362677583921
245,0.4120603015075377,13.090398323125232
245,0.4170854271356784,11.612665033152014
245,0.4221105527638191,13.615438005553916
245,0.4271356783919598,7.420277032032325
245,0.4321608040201005,12.20449269370227
245,0.4371859296482412,20.643535098310632
245,0.44221105527638194,16.224557609698685
245,0.4472361809045226,6.455270827216915
245,0.45226130653266333,4.8598573766100435
245,0.457286432160804,8.501244202301018
245,0.4623115577889447,22.941396217663826
245,0.46733668341708545,14.633737138758192
245,0.4723618090452261,14.499294500077976
245,0.47738693467336685,7.713372880131992
245,0.4824120603015075,9.459165361689793
245,0.48743718592964824,5.619759689355269
245,0.49246231155778897,22.838646134183712
245,0.49748743718592964,9.253800781485005
246,0.0,1.5543122344752192e-15
246,0.004694835680751174,7.740865865876941
246,0.009389671361502348,9.687982794473948
246,0.014084507042253521,6.509504949312688
246,0.018779342723004695,8.616682103823296
246,0.023474178403755867,7.673893027101317
246,0.028169014084507043,19.471861084311996
246,0.03286384976525822,13.05396143031666
246,0.03755868544600939,2.5816226597534504
246,0.04225352112676056,9.915161665581556
246,0.046948356807511735,6.784660588945609
246,0.051643192488262914,7.800831445481016
246,0.056338028169014086,17.035022370384926
246,0.06103286384976526,14.200270406594923
246,0.06572769953051644,13.243887242835378
246,0.07042253521126761,9.32232164235218
246,0.07511737089201878,12.378083657806952
246,0.07981220657276995,11.92899831172982
246,0.08450704225352113,4.139412616387119
246,0.0892018779342723,1.5419073625845492
246,0.09389671361502347,17.37201183971131
246,0.09859154929577466,11.897355359756173
246,0.10328638497652583,16.02785077779798
246,0.107981220657277,13.833507350229802
246,0.11267605633802817,6.994653428876706
246,0.11737089201877934,15.22336646493528
246,0.12206572769953052,5.657812003478166
246,0.1267605633802817,12.822137258401288
246,0.13145539906103287,7.4995978938872385
246,0.13615023474178403,8.40917466495425
246,0.14084507042253522,16.030532423159702
246,0.14553990610328638,10.398808207918323
246,0.15023474178403756,11.434391235131177
246,0.15492957746478875,21.175714943248288
246,0.1596244131455399,7.64111974146922
246,0.1643192488262911,3.130838517290958
246,0.16901408450704225,10.936928601454158
246,0.17370892018779344,13.32087028438531
246,0.1784037558685446,8.5791703092148
246,0.18309859154929578,17.36484709562585
246,0.18779342723004694,9.527618821902003
246,0.19248826291079812,8.116176261325743
246,0.1971830985915493,7.3068250248835955
246,0.20187793427230047,14.31698782668619
246,0.20657276995305165,15.72329825359353
246,0.2112676056338028,36.088585619549775
246,0.215962441314554,17.335283522084755
246,0.22065727699530516,21.069758163405783
246,0.22535211267605634,21.88849928113825
246,0.23004694835680753,10.526060067813525
246,0.2347417840375587,3.898499040847806
246,0.23943661971830987,17.52881073352573
246,0.24413145539906103,12.963069970412137
246,0.24882629107981222,15.53399880048852
246,0.2535211267605634,9.503486417213532
246,0.25821596244131456,11.192206485296358
246,0.26291079812206575,7.928714875353391
246,0.26760563380281693,11.396873420642551
246,0.27230046948356806,11.14286160991577
246,0.27699530516431925,10.381540367502646
246,0.28169014084507044,23.523754173889095
246,0.2863849765258216,21.401895458167612
246,0.29107981220657275,13.874711588180222
246,0.29577464788732394,3.6614726781084466
246,0.3004694835680751,7.725614005687601
246,0.3051643192488263,12.451851026683425
246,0.3098591549295775,33.758403263697886
246,0.3145539906103286,13.348815529047663
246,0.3192488262910798,10.260227997000415
246,0.323943661971831,10.550951627742299
246,0.3286384976525822,6.9946224743681205
246,0.3333333333333333,14.366875049398653
246,0.3380281690140845,40.00900782967372
246,0.3427230046948357,25.629182065925036
246,0.3474178403755869,5.143081080738449
246,0.35211267605633806,12.100420926166022
246,0.3568075117370892,19.636350912183264
246,0.3615023474178404,13.1606145092888
246,0.36619718309859156,17.08611274603795
246,0.37089201877934275,23.263525784455137
246,0.3755868544600939,18.607740553939916
246,0.38028169014084506,9.603010684355244
246,0.38497652582159625,15.383352910105199
246,0.38967136150234744,14.988773336171382
246,0.3943661971830986,12.165654087191482
246,0.39906103286384975,9.696816787155027
246,0.40375586854460094,25.79641850357389
246,0.4084507042253521,17.499850751790756
246,0.4131455399061033,7.272580224164326
246,0.4178403755868545,15.826522460924101
246,0.4225352112676056,12.612101341738736
246,0.4272300469483568,13.607903844472132
246,0.431924882629108,15.493509811592814
246,0.4366197183098592,12.014262499026959
246,0.4413145539906103,3.679169410179441
246,0.4460093896713615,13.884604170233377
246,0.4507042253521127,14.753541584527127
246,0.45539906103286387,13.26001494146393
246,0.46009389671361506,13.267734692667714
246,0.4647887323943662,9.007582097443933
246,0.4694835680751174,12.41759504385068
246,0.47417840375586856,9.831957804044766
246,0.47887323943661975,32.06385646845247
246,0.4835680751173709,11.209808169291463
246,0.48826291079812206,11.239754556998353
246,0.49295774647887325,3.1616475501975567
246,0.49765258215962443,9.25467181133012
