sid,freq,power
0,0.0,3.1086244689504383e-15
0,0.007936507936507936,25.462545825018296
0,0.015873015873015872,19.908512024036146
0,0.023809523809523808,14.01097501197323
0,0.031746031746031744,19.046141517240734
0,0.03968253968253968,19.312662821218037
0,0.047619047619047616,7.0483604019415464
0,0.05555555555555555,17.615978707149356
0,0.06349206349206349,5.319582262126913
0,0.07142857142857142,19.52749628583135
0,0.07936507936507936,11.970368939094971
0,0.0873015873015873,7.1039125471503795
0,0.09523809523809523,16.501914063313958
0,0.10317460317460317,1.8936791673767208
0,0.1111111111111111,14.83031076299456
0,0.11904761904761904,8.985649091687794
0,0.12698412698412698,17.944423467818638
0,0.1349206349206349,8.115082867854369
0,0.14285714285714285,3.4891580437420218
0,0.15079365079365079,3.29280724190454
0,0.15873015873015872,0.8905480820497618
0,0.16666666666666666,8.96071421493953
0,0.1746031746031746,8.991485230909573
0,0.18253968253968253,5.15714950251113
0,0.19047619047619047,10.049077410988483
0,0.1984126984126984,6.184604163748428
0,0.20634920634920634,7.059352590479576
0,0.21428571428571427,10.100361902144222
0,0.2222222222222222,4.635119376763689
0,0.23015873015873015,3.919928103435602
0,0.23809523809523808,6.063950797189848
0,0.24603174603174602,11.659301031100027
0,0.25396825396825395,1.427112365712749
0,0.26190476190476186,7.9901522109760545
0,0.2698412698412698,19.88456107685994
0,0.2777777777777778,15.446369477013054
0,0.2857142857142857,17.825712378017204
0,0.2936507936507936,8.24931489907664
0,0.30158730158730157,15.456097204149593
0,0.30952380952380953,13.455087488263276
0,0.31746031746031744,18.03296874524908
0,0.32539682539682535,4.030168101198513
0,0.3333333333333333,10.132049741772278
0,0.3412698412698413,15.409263667658331
0,0.3492063492063492,4.561046116055224
0,0.3571428571428571,4.434452591084433
0,0.36507936507936506,9.454940764245979
0,0.373015873015873,8.808130431734885
0,0.38095238095238093,10.644116814079123
0,0.38888888888888884,6.205416636534543
0,0.3968253968253968,7.902448168423319
0,0.40476190476190477,6.519126907468886
0,0.4126984126984127,11.178712558031446
0,0.4206349206349206,5.898363868566057
0,0.42857142857142855,7.662516904947146
0,0.4365079365079365,6.810456101486732
0,0.4444444444444444,3.348172237024769
0,0.45238095238095233,4.685962712745239
0,0.4603174603174603,9.394476122137023
0,0.46825396825396826,13.978480630868388
0,0.47619047619047616,2.649955702439794
0,0.4841269841269841,5.63966572144539
0,0.49206349206349204,6.50962420548367
1,0.0,4.440892098500626e-15
1,0.0078125,24.96642822486643
1,0.015625,13.271296728491912
1,0.0234375,12.382324371404152
1,0.03125,16.83528284137789
1,0.0390625,14.2481231750071
1,0.046875,23.221683761331846
1,0.0546875,20.551772803458007
1,0.0625,7.437138577128204
1,0.0703125,13.469470418227461
1,0.078125,5.232572801516789
1,0.0859375,4.417721669255919
1,0.09375,18.05769489662524
1,0.1015625,20.844941720359017
1,0.109375,20.85807018614824
1,0.1171875,4.7746206096543515
1,0.125,5.7895126015819285
1,0.1328125,5.521030649728945
1,0.140625,7.400152492935272
1,0.1484375,16.588669314792494
1,0.15625,7.025911603955613
1,0.1640625,14.914895874070211
1,0.171875,6.760768448562693
1,0.1796875,2.2168516548209487
1,0.1875,8.391218729494279
1,0.1953125,1.733145327758857
1,0.203125,7.4983618634444005
1,0.2109375,10.14924428991864
1,0.21875,2.7750716383063065
1,0.2265625,7.24778112919332
1,0.234375,8.447153227984327
1,0.2421875,4.508532880812845
1,0.25,4.087947413633988
1,0.2578125,23.555702726457046
1,0.265625,5.217758753519888
1,0.2734375,8.0336847831333
1,0.28125,7.001228654968661
1,0.2890625,4.869111781344232
1,0.296875,10.71017288117046
1,0.3046875,2.853177260694786
1,0.3125,12.809311442991584
1,0.3203125,2.501443089464276
1,0.328125,7.8719124896556565
1,0.3359375,13.610944975567206
1,0.34375,10.23320158179941
1,0.3515625,4.909700598979572
1,0.359375,16.202618709064467
1,0.3671875,19.576780450035546
1,0.375,9.725853663604992
1,0.3828125,1.0093798935530292
1,0.390625,2.7079104034739956
1,0.3984375,3.1074450431084757
1,0.40625,10.435641168752525
1,0.4140625,3.4559687575726676
1,0.421875,6.019193360616082
1,0.4296875,3.5985308597348915
1,0.4375,3.689320577062543
1,0.4453125,10.462081613606376
1,0.453125,9.579904248332603
1,0.4609375,5.007826953293063
1,0.46875,12.562235525890214
1,0.4765625,6.936260751097327
1,0.484375,12.43471220749746
1,0.4921875,15.157131602109283
2,0.0,8.881784197001252e-15
2,0.007518796992481203,15.880624481397078
2,0.015037593984962405,24.208204486063384
2,0.022556390977443608,13.182053499364505
2,0.03007518796992481,23.456686472345282
2,0.03759398496240601,21.48129782302575
2,0.045112781954887216,20.024398824976032
2,0.05263157894736842,5.09675285495101
2,0.06015037593984962,16.79654116991573
2,0.06766917293233082,18.586441243860488
2,0.07518796992481203,16.070990892930386
2,0.08270676691729323,23.9660315455247
2,0.09022556390977443,14.54894077134034
2,0.09774436090225563,4.904366383727222
2,0.10526315789473684,15.130928270839853
2,0.11278195488721804,3.9228575031659787
2,0.12030075187969924,22.8245370660933
2,0.12781954887218044,8.589168003949847
2,0.13533834586466165,16.275243221282132
2,0.14285714285714285,5.556480796782542
2,0.15037593984962405,13.468655799614027
2,0.15789473684210525,5.803941190262339
2,0.16541353383458646,3.8194544323714656
2,0.17293233082706766,7.763805167526808
2,0.18045112781954886,10.722810114685716
2,0.18796992481203006,7.4515510132833045
2,0.19548872180451127,6.13658818556871
2,0.20300751879699247,8.040935318962209
2,0.21052631578947367,14.201107393869616
2,0.21804511278195488,4.330526752375509
2,0.22556390977443608,10.199372095035283
2,0.23308270676691728,2.2357028541438724
2,0.24060150375939848,7.191549419077458
2,0.24812030075187969,7.4026749117746995
2,0.2556390977443609,14.370568647755874
2,0.2631578947368421,2.2813689300315017
2,0.2706766917293233,18.546604169221933
2,0.2781954887218045,6.197797423813922
2,0.2857142857142857,13.42216021158801
2,0.2932330827067669,5.110425094551973
2,0.3007518796992481,15.073192918668557
2,0.3082706766917293,13.85859464529583
2,0.3157894736842105,9.276978541007464
2,0.3233082706766917,11.078638911753755
2,0.3308270676691729,2.8082777176076448
2,0.3383458646616541,9.267779599522559
2,0.3458646616541353,7.162902798739627
2,0.3533834586466165,7.971425389081969
2,0.3609022556390977,8.375739242156786
2,0.3684210526315789,10.15924267971041
2,0.37593984962406013,9.00020752214428
2,0.38345864661654133,1.2591651453313932
2,0.39097744360902253,11.1031986712918
2,0.39849624060150374,8.399516769344316
2,0.40601503759398494,5.992401837000812
2,0.41353383458646614,5.082737942162956
2,0.42105263157894735,2.8560317343394517
2,0.42857142857142855,5.079614116719282
2,0.43609022556390975,2.4960505351450766
2,0.44360902255639095,3.36415122848647
2,0.45112781954887216,4.190008653419507
2,0.45864661654135336,9.7495545817687
2,0.46616541353383456,4.099702205995027
2,0.47368421052631576,7.68186385638651
2,0.48120300751879697,2.48172453724199
2,0.48872180451127817,4.727034151001667
2,0.49624060150375937,12.137708811181584
3,0.0,4.440892098500626e-15
3,0.007518796992481203,28.8437744674024
3,0.015037593984962405,23.693202325238172
3,0.022556390977443608,26.62011893016186
3,0.03007518796992481,16.20433187228909
3,0.03759398496240601,10.893919011480161
3,0.045112781954887216,13.675172452577588
3,0.05263157894736842,3.3204548751355563
3,0.06015037593984962,11.433157088387869
3,0.06766917293233082,15.180497327883417
3,0.07518796992481203,8.798829699950542
3,0.08270676691729323,11.269989895281691
3,0.09022556390977443,7.528617015693779
3,0.09774436090225563,5.924329067819952
3,0.10526315789473684,8.579494592723377
3,0.11278195488721804,9.323048721200735
3,0.12030075187969924,5.014987532738996
3,0.12781954887218044,5.0655537803549215
3,0.13533834586466165,7.795010330779963
3,0.14285714285714285,8.175762285920284
3,0.15037593984962405,9.964375990735105
3,0.15789473684210525,3.091606686223419
3,0.16541353383458646,13.11486281371879
3,0.17293233082706766,5.414396925307273
3,0.18045112781954886,13.105505563186632
3,0.18796992481203006,14.159229658143113
3,0.19548872180451127,16.437077989435693
3,0.20300751879699247,17.9479500969175
3,0.21052631578947367,8.58015125728333
3,0.21804511278195488,6.1112510244928595
3,0.22556390977443608,11.033328780489438
3,0.23308270676691728,2.688631197296464
3,0.24060150375939848,8.42575904165342
3,0.24812030075187969,7.455430689951683
3,0.2556390977443609,2.346879432140573
3,0.2631578947368421,9.149682493602006
3,0.2706766917293233,9.427653456428539
3,0.2781954887218045,9.965483283165268
3,0.2857142857142857,7.059642973442975
3,0.2932330827067669,7.494185218165369
3,0.3007518796992481,5.017832202605622
3,0.3082706766917293,9.813053608951261
3,0.3157894736842105,3.8151598210340953
3,0.3233082706766917,13.606990465482786
3,0.3308270676691729,10.562758939296966
3,0.3383458646616541,10.33050552071942
3,0.3458646616541353,4.693403975625404
3,0.3533834586466165,7.4546941660502215
3,0.3609022556390977,12.326830449087701
3,0.3684210526315789,12.04068105061872
3,0.37593984962406013,4.543457667330079
3,0.38345864661654133,6.19990013413337
3,0.39097744360902253,21.400400896405458
3,0.39849624060150374,8.667339256420036
3,0.40601503759398494,6.829782255100459
3,0.41353383458646614,7.463480643004983
3,0.42105263157894735,13.054150432692465
3,0.42857142857142855,8.091932602160718
3,0.43609022556390975,12.08204219743963
3,0.44360902255639095,5.277860724556944
3,0.45112781954887216,13.734076039509736
3,0.45864661654135336,12.495950986719343
3,0.46616541353383456,10.491025885154102
3,0.47368421052631576,20.67181987606967
3,0.48120300751879697,13.261742055691569
3,0.48872180451127817,7.630522880987593
3,0.49624060150375937,2.7890911714090665
4,0.0,1.7763568394002505e-15
4,0.007407407407407408,16.948648798007163
4,0.014814814814814815,20.782251041898807
4,0.022222222222222223,10.409077054683499
4,0.02962962962962963,18.820494214933056
4,0.037037037037037035,20.17286464240013
4,0.044444444444444446,8.567215244287764
4,0.05185185185185186,5.653123473522118
4,0.05925925925925926,11.306321179080612
4,0.06666666666666667,5.308522202138126
4,0.07407407407407407,4.421679340764036
4,0.08148148148148149,9.819284215277037
4,0.08888888888888889,4.538888174495746
4,0.0962962962962963,4.295063291891621
4,0.10370370370370371,8.816700532724248
4,0.11111111111111112,14.315448640294026
4,0.11851851851851852,3.4422580833130985
4,0.12592592592592594,8.88879344486635
4,0.13333333333333333,2.7379573229204683
4,0.14074074074074075,11.228576949388565
4,0.14814814814814814,10.008118022561872
4,0.15555555555555556,16.385785794482455
4,0.16296296296296298,8.871970403831387
4,0.17037037037037037,5.677261946892663
4,0.17777777777777778,12.350495818402706
4,0.1851851851851852,11.839735842234349
4,0.1925925925925926,21.351554715205637
4,0.2,10.742525958744535
4,0.20740740740740743,8.126832362434795
4,0.21481481481481482,19.04572808183237
4,0.22222222222222224,8.63271832711003
4,0.22962962962962963,10.72253572807628
4,0.23703703703703705,15.846890257180828
4,0.24444444444444446,13.481834942568941
4,0.2518518518518519,14.28565109378835
4,0.25925925925925924,9.08833216837331
4,0.26666666666666666,13.352785601559296
4,0.2740740740740741,3.363721076499527
4,0.2814814814814815,13.240066702440663
4,0.2888888888888889,19.67366023758559
4,0.2962962962962963,11.8917387278607
4,0.3037037037037037,1.2401182741419339
4,0.3111111111111111,9.480960689738454
4,0.31851851851851853,1.5307626571464503
4,0.32592592592592595,15.54968905597309
4,0.33333333333333337,14.164893698752024
4,0.34074074074074073,6.371905547660439
4,0.34814814814814815,5.335732360088524
4,0.35555555555555557,10.236913445308138
4,0.362962962962963,13.669848540331515
4,0.3703703703703704,6.491290750140555
4,0.37777777777777777,2.1620169912320932
4,0.3851851851851852,15.389208352063614
4,0.3925925925925926,8.279293687956534
4,0.4,1.8693631364111358
4,0.40740740740740744,11.278079514455841
4,0.41481481481481486,4.409130854842314
4,0.4222222222222222,9.718007462317336
4,0.42962962962962964,7.3303045984221855
4,0.43703703703703706,10.514287807397045
4,0.4444444444444445,14.280542541624357
4,0.4518518518518519,8.268546161198751
4,0.45925925925925926,6.523625070091887
4,0.4666666666666667,9.28267151988906
4,0.4740740740740741,13.862730445334035
4,0.4814814814814815,20.076134661651544
4,0.48888888888888893,18.535571098354822
4,0.4962962962962963,5.26443632248908
5,0.0,1.8207657603852567e-14
5,0.007936507936507936,21.7339128012631
5,0.015873015873015872,25.083365470416965
5,0.023809523809523808,13.709042757129877
5,0.031746031746031744,5.286001610740692
5,0.03968253968253968,12.080921975703225
5,0.047619047619047616,6.505080822108519
5,0.05555555555555555,9.687787591923094
5,0.06349206349206349,14.653113163990948
5,0.07142857142857142,25.0395831745794
5,0.07936507936507936,11.625608355994139
5,0.0873015873015873,8.551173937394537
5,0.09523809523809523,12.925315702507207
5,0.10317460317460317,8.924360226176969
5,0.1111111111111111,7.870036450526655
5,0.11904761904761904,10.36242788597175
5,0.12698412698412698,13.428149407112643
5,0.1349206349206349,24.00340258782438
5,0.14285714285714285,15.551600923930318
5,0.15079365079365079,14.189275461869236
5,0.15873015873015872,15.786723893070342
5,0.16666666666666666,7.715849628698111
5,0.1746031746031746,4.368098795466737
5,0.18253968253968253,4.406006207969106
5,0.19047619047619047,12.036651465483452
5,0.1984126984126984,5.319764043786392
5,0.20634920634920634,4.719978364507914
5,0.21428571428571427,8.425836423562865
5,0.2222222222222222,8.791633354849564
5,0.23015873015873015,5.521519262558993
5,0.23809523809523808,9.171178230401203
5,0.24603174603174602,5.558415766363559
5,0.25396825396825395,5.873514168364913
5,0.26190476190476186,3.9114608188136266
5,0.2698412698412698,9.12292944333159
5,0.2777777777777778,12.228422453045267
5,0.2857142857142857,5.522297679199676
5,0.2936507936507936,7.515771116208886
5,0.30158730158730157,3.3579910747217023
5,0.30952380952380953,3.4598266933822686
5,0.31746031746031744,12.690783085022423
5,0.32539682539682535,3.582751550104296
5,0.3333333333333333,8.123633815034998
5,0.3412698412698413,6.7947224952747325
5,0.3492063492063492,13.74051054435379
5,0.3571428571428571,9.369618558789478
5,0.36507936507936506,3.799441968347186
5,0.373015873015873,8.399913056392569
5,0.38095238095238093,18.445141011999524
5,0.38888888888888884,13.11781210645564
5,0.3968253968253968,9.444622417427107
5,0.40476190476190477,8.677903261866046
5,0.4126984126984127,13.385696712502781
5,0.4206349206349206,6.760152774235801
5,0.42857142857142855,11.109541024512028
5,0.4365079365079365,3.974898442471758
5,0.4444444444444444,5.949414959803345
5,0.45238095238095233,10.793211856861998
5,0.4603174603174603,7.551251060488851
5,0.46825396825396826,9.153936035632505
5,0.47619047619047616,9.650542208543856
5,0.4841269841269841,13.788629765553518
5,0.49206349206349204,13.355150602473168
6,0.0,1.3322676295501878e-14
6,0.007407407407407408,17.241119539061096
6,0.014814814814814815,9.318442312409314
6,0.022222222222222223,22.08808148332036
6,0.02962962962962963,18.239051766219482
6,0.037037037037037035,28.63379228986798
6,0.044444444444444446,7.197256269641561
6,0.05185185185185186,14.188958666549553
6,0.05925925925925926,18.485323513867378
6,0.06666666666666667,18.820558483883154
6,0.07407407407407407,6.6898010537117765
6,0.08148148148148149,10.028972883153981
6,0.08888888888888889,6.625741253585399
6,0.0962962962962963,13.53683271097021
6,0.10370370370370371,9.937181197384977
6,0.11111111111111112,8.610123313684106
6,0.11851851851851852,9.558682878099345
6,0.12592592592592594,4.9296124826170375
6,0.13333333333333333,3.0653908197685404
6,0.14074074074074075,7.626499994560579
6,0.14814814814814814,7.015300345004263
6,0.15555555555555556,7.107991257153961
6,0.16296296296296298,9.310155465080946
6,0.17037037037037037,5.433005124897328
6,0.17777777777777778,4.74459405147651
6,0.1851851851851852,10.971495370761524
6,0.1925925925925926,3.2884465580550306
6,0.2,7.548561190222378
6,0.20740740740740743,3.8822050312193976
6,0.21481481481481482,13.371713035415747
6,0.22222222222222224,13.312993287343962
6,0.22962962962962963,7.4834560940022525
6,0.23703703703703705,3.980834966557678
6,0.24444444444444446,11.818699686410767
6,0.2518518518518519,11.698185126665049
6,0.25925925925925924,10.503718956864592
6,0.26666666666666666,5.436882701960782
6,0.2740740740740741,2.3811958741654853
6,0.2814814814814815,12.83949724099091
6,0.2888888888888889,5.883645310783447
6,0.2962962962962963,6.077246789373946
6,0.3037037037037037,5.525071061676312
6,0.3111111111111111,6.5185857235535
6,0.31851851851851853,16.239069999139748
6,0.32592592592592595,3.4148260688633854
6,0.33333333333333337,3.933989482711376
6,0.34074074074074073,5.426868208327913
6,0.34814814814814815,6.427477377684828
6,0.35555555555555557,11.688388851771789
6,0.362962962962963,18.920297052562546
6,0.3703703703703704,14.674891468812204
6,0.37777777777777777,9.773552364284711
6,0.3851851851851852,13.00314641727834
6,0.3925925925925926,11.76977139396357
6,0.4,6.544783693174499
6,0.40740740740740744,7.717295570185374
6,0.41481481481481486,4.802555163556249
6,0.4222222222222222,17.124086911450416
6,0.42962962962962964,18.666960062496777
6,0.43703703703703706,8.280417483142292
6,0.4444444444444445,7.773829526239126
6,0.4518518518518519,10.5489496476827
6,0.45925925925925926,26.411049121900795
6,0.4666666666666667,9.895167128845989
6,0.4740740740740741,10.265679379019252
6,0.4814814814814815,3.234228857499784
6,0.48888888888888893,18.147961939841924
6,0.4962962962962963,9.299352055092623
7,0.0,1.3322676295501878e-15
7,0.0072992700729927005,21.34781105086824
7,0.014598540145985401,7.33150399054554
7,0.021897810218978103,13.488538486051521
7,0.029197080291970802,14.87879141171901
7,0.0364963503649635,10.72958297162375
7,0.043795620437956206,9.089579867956317
7,0.051094890510948905,12.519673956393667
7,0.058394160583941604,14.407029595988558
7,0.06569343065693431,6.01674372939434
7,0.072992700729927,10.62436305471639
7,0.08029197080291971,6.409087204076904
7,0.08759124087591241,7.957829666528949
7,0.0948905109489051,18.262633664984975
7,0.10218978102189781,5.4575939312514175
7,0.1094890510948905,1.8000843467584409
7,0.11678832116788321,15.90217410257277
7,0.12408759124087591,18.78146004437433
7,0.13138686131386862,10.037926589699643
7,0.1386861313868613,4.546897917239363
7,0.145985401459854,9.50245059495054
7,0.15328467153284672,25.244444440314325
7,0.16058394160583941,13.439122348376818
7,0.1678832116788321,8.23235312183291
7,0.17518248175182483,21.1249991930885
7,0.18248175182481752,14.645016592720784
7,0.1897810218978102,10.060493788820535
7,0.1970802919708029,14.00475605828294
7,0.20437956204379562,9.794762270636019
7,0.2116788321167883,13.714292349997201
7,0.218978102189781,8.404883908763612
7,0.22627737226277372,13.21537416804709
7,0.23357664233576642,2.657423758889349
7,0.2408759124087591,11.642972795182594
7,0.24817518248175183,3.473440067649153
7,0.2554744525547445,2.928500434704296
7,0.26277372262773724,5.147157887289633
7,0.27007299270072993,6.155657073286406
7,0.2773722627737226,2.157678740811436
7,0.2846715328467153,4.129378218815984
7,0.291970802919708,17.83832283982013
7,0.2992700729927007,6.054770508080284
7,0.30656934306569344,19.338530835035776
7,0.31386861313868614,6.280941775974024
7,0.32116788321167883,4.839587703477608
7,0.3284671532846715,11.233689352787168
7,0.3357664233576642,8.955660263810936
7,0.3430656934306569,16.77998592337433
7,0.35036496350364965,20.966622667514105
7,0.35766423357664234,3.5643009680961346
7,0.36496350364963503,13.786788024556165
7,0.3722627737226277,4.326406776942925
7,0.3795620437956204,5.729413063627411
7,0.3868613138686131,5.913463240363315
7,0.3941605839416058,3.028539150902102
7,0.40145985401459855,16.122744355375563
7,0.40875912408759124,15.65249125375511
7,0.41605839416058393,5.578338446285835
7,0.4233576642335766,4.8324340036792695
7,0.4306569343065693,7.889585788581966
7,0.437956204379562,7.966872596788992
7,0.44525547445255476,7.994064973918274
7,0.45255474452554745,6.637856374044704
7,0.45985401459854014,20.32085039325025
7,0.46715328467153283,13.929565219879432
7,0.4744525547445255,11.898824617448609
7,0.4817518248175182,6.475204364994566
7,0.4890510948905109,10.172684018078044
7,0.49635036496350365,12.043026784486772
8,0.0,1.199040866595169e-14
8,0.007633587786259542,30.83545957036206
8,0.015267175572519083,26.52001219353386
8,0.022900763358778626,17.324931706597578
8,0.030534351145038167,18.837281308445124
8,0.03816793893129771,16.911870124715612
8,0.04580152671755725,14.750132181129093
8,0.05343511450381679,18.351505185842903
8,0.061068702290076333,1.3877586211545854
8,0.06870229007633588,3.3701043000658553
8,0.07633587786259542,6.812938203840322
8,0.08396946564885496,7.453161956176584
8,0.0916030534351145,8.078389848031543
8,0.09923664122137404,9.23792255156857
8,0.10687022900763359,7.7840379485338245
8,0.11450381679389313,1.8495761630706553
8,0.12213740458015267,6.474514260931601
8,0.1297709923664122,14.208952859031365
8,0.13740458015267176,16.02080408557521
8,0.1450381679389313,14.809337888912989
8,0.15267175572519084,6.280871773754643
8,0.16030534351145037,8.083821768518385
8,0.16793893129770993,18.861257420204605
8,0.17557251908396945,18.912418320485944
8,0.183206106870229,7.263157431406579
8,0.19083969465648853,12.383700539535416
8,0.1984732824427481,6.5453152809707
8,0.20610687022900762,10.402905146327061
8,0.21374045801526717,3.235527200211734
8,0.2213740458015267,12.638736846359247
8,0.22900763358778625,5.818128810525162
8,0.23664122137404578,2.190309824836331
8,0.24427480916030533,5.695135926789733
8,0.25190839694656486,9.382251920453044
8,0.2595419847328244,5.425836486567671
8,0.26717557251908397,13.811433418895298
8,0.2748091603053435,8.942324540604734
8,0.282442748091603,8.185021126199668
8,0.2900763358778626,10.149785833664655
8,0.29770992366412213,12.715885758205909
8,0.3053435114503817,17.51470545008159
8,0.3129770992366412,9.546397566681366
8,0.32061068702290074,6.528426216538246
8,0.3282442748091603,11.887112857780824
8,0.33587786259541985,15.278674885861502
8,0.34351145038167935,14.614403797486306
8,0.3511450381679389,8.109601113281963
8,0.35877862595419846,11.069583975032792
8,0.366412213740458,12.793010286353475
8,0.37404580152671757,2.5180825281233776
8,0.38167938931297707,11.009011529274094
8,0.3893129770992366,6.757516100591801
8,0.3969465648854962,8.052213837173175
8,0.40458015267175573,4.291763644346699
8,0.41221374045801523,3.3434218888889617
8,0.4198473282442748,9.88106983161701
8,0.42748091603053434,6.063984412624192
8,0.4351145038167939,9.340762221139737
8,0.4427480916030534,5.750088295511921
8,0.45038167938931295,4.3535965701975945
8,0.4580152671755725,12.123458379932035
8,0.46564885496183206,4.722438176133442
8,0.47328244274809156,5.339314134311259
8,0.4809160305343511,5.758775744461722
8,0.48854961832061067,4.148255848513054
8,0.4961832061068702,8.630902884063426
9,0.0,6.772360450213455e-15
9,0.007633587786259542,16.683249917839117
9,0.015267175572519083,23.17350084904677
9,0.022900763358778626,18.998357187907526
9,0.030534351145038167,22.70957418532481
9,0.03816793893129771,6.432642187248679
9,0.04580152671755725,16.72995980583855
9,0.05343511450381679,14.022351038755085
9,0.061068702290076333,7.854217834634386
9,0.06870229007633588,5.270890533582263
9,0.07633587786259542,11.923063958324287
9,0.08396946564885496,17.25946077044438
9,0.0916030534351145,9.912161566659368
9,0.09923664122137404,6.837942011333642
9,0.10687022900763359,2.743743158003743
9,0.11450381679389313,6.117193914115808
9,0.12213740458015267,14.246961423525029
9,0.1297709923664122,10.295436688467248
9,0.13740458015267176,8.234250745554101
9,0.1450381679389313,18.912023807674064
9,0.15267175572519084,10.179565236512271
9,0.16030534351145037,6.991386752480055
9,0.16793893129770993,5.417792633782823
9,0.17557251908396945,25.47237623287804
9,0.183206106870229,8.240308672845444
9,0.19083969465648853,6.335972129611648
9,0.1984732824427481,7.234035607585804
9,0.20610687022900762,4.284332950564349
9,0.21374045801526717,4.003837996831856
9,0.2213740458015267,2.5654885548585873
9,0.22900763358778625,7.182742227746264
9,0.23664122137404578,5.843029619673911
9,0.24427480916030533,2.0404118410050276
9,0.25190839694656486,2.9370669056335656
9,0.2595419847328244,4.498629771379369
9,0.26717557251908397,20.330667889509378
9,0.2748091603053435,9.294941498732271
9,0.282442748091603,11.846189804546073
9,0.2900763358778626,15.239105880292591
9,0.29770992366412213,7.5892496873478485
9,0.3053435114503817,8.453214727416722
9,0.3129770992366412,8.107158045296364
9,0.32061068702290074,5.476768958943713
9,0.3282442748091603,10.68056447567835
9,0.33587786259541985,16.563242145574627
9,0.34351145038167935,10.775607574513872
9,0.3511450381679389,6.16821472225234
9,0.35877862595419846,10.714248059709766
9,0.366412213740458,15.212650621919542
9,0.37404580152671757,4.669750958345521
9,0.38167938931297707,23.755073599909824
9,0.3893129770992366,13.824915747928188
9,0.3969465648854962,9.158599456252697
9,0.40458015267175573,15.592198229445899
9,0.41221374045801523,5.087376390766141
9,0.4198473282442748,6.1054899367581195
9,0.42748091603053434,5.251145785813474
9,0.4351145038167939,2.0847496555626406
9,0.4427480916030534,5.6647418894074955
9,0.45038167938931295,6.7056623210202435
9,0.4580152671755725,8.640962871147167
9,0.46564885496183206,8.068257543959918
9,0.47328244274809156,9.983456660754744
9,0.4809160305343511,5.971801111355628
9,0.48854961832061067,8.568230062647695
9,0.4961832061068702,12.454969202871636
10,0.0,7.105427357601002e-15
10,0.006896551724137931,27.367255134720505
10,0.013793103448275862,27.79782379738311
10,0.020689655172413793,13.69606380254209
10,0.027586206896551724,23.689497040225927
10,0.034482758620689655,7.3815343325954075
10,0.041379310344827586,22.799184344544837
10,0.04827586206896552,6.64992888286035
10,0.05517241379310345,12.831041860895688
10,0.06206896551724138,13.590412439471109
10,0.06896551724137931,16.45583185344686
10,0.07586206896551724,9.48268225129968
10,0.08275862068965517,11.36025794457078
10,0.0896551724137931,10.233374065693909
10,0.09655172413793103,4.348727008379242
10,0.10344827586206896,17.71035710858515
10,0.1103448275862069,13.087870661704853
10,0.11724137931034483,6.003120127973183
10,0.12413793103448276,6.118399947723348
10,0.13103448275862067,9.734046855740917
10,0.13793103448275862,7.030796050684001
10,0.14482758620689656,14.533227481549659
10,0.15172413793103448,7.441951650785665
10,0.1586206896551724,7.412539135288085
10,0.16551724137931034,5.194737982379086
10,0.1724137931034483,7.781169365855059
10,0.1793103448275862,8.303082583276444
10,0.18620689655172412,9.131688373572155
10,0.19310344827586207,2.430442682416064
10,0.2,16.88114288699934
10,0.20689655172413793,3.280747519685684
10,0.21379310344827585,1.130978381610197
10,0.2206896551724138,12.800833999624277
10,0.22758620689655173,5.1115518092868255
10,0.23448275862068965,5.144018720938677
10,0.24137931034482757,6.465918027770036
10,0.2482758620689655,18.92549928058375
10,0.25517241379310346,4.731954313425419
10,0.26206896551724135,7.4782543017694545
10,0.2689655172413793,13.592965329171601
10,0.27586206896551724,8.044754040020596
10,0.2827586206896552,14.638340124822088
10,0.2896551724137931,4.221310030895912
10,0.296551724137931,6.882358648078084
10,0.30344827586206896,7.001057716243355
10,0.3103448275862069,7.070213095436425
10,0.3172413793103448,10.4701844570859
10,0.32413793103448274,8.859739232233604
10,0.3310344827586207,10.229832248064497
10,0.33793103448275863,3.2803973190211777
10,0.3448275862068966,13.480462234904214
10,0.35172413793103446,14.893649394718558
10,0.3586206896551724,27.107909370753102
10,0.36551724137931035,17.353884324291922
10,0.37241379310344824,17.416272995210466
10,0.3793103448275862,15.883456199705181
10,0.38620689655172413,7.958609369281846
10,0.3931034482758621,4.462928957706849
10,0.4,11.924158936021776
10,0.4068965517241379,3.7743355767633613
10,0.41379310344827586,6.8175993729154785
10,0.4206896551724138,15.88131544753577
10,0.4275862068965517,8.522871692767321
10,0.43448275862068964,9.171210687405665
10,0.4413793103448276,5.12652678549115
10,0.4482758620689655,14.248597138198706
10,0.45517241379310347,8.671936997218735
10,0.46206896551724136,6.631673324704452
10,0.4689655172413793,5.358667791409796
10,0.47586206896551725,9.50705173178159
10,0.48275862068965514,4.498580139968644
10,0.4896551724137931,12.927567058627089
10,0.496551724137931,11.062615249000332
11,0.0,1.509903313490213e-14
11,0.0072992700729927005,32.05255920470709
11,0.014598540145985401,22.76898208746355
11,0.021897810218978103,17.507163163696056
11,0.029197080291970802,16.911795610801967
11,0.0364963503649635,17.02263356915157
11,0.043795620437956206,11.633079617674928
11,0.051094890510948905,0.4879385988737577
11,0.058394160583941604,12.303563603774172
11,0.06569343065693431,14.24365012434631
11,0.072992700729927,11.655426463066
11,0.08029197080291971,15.902340570375952
11,0.08759124087591241,21.64062299924687
11,0.0948905109489051,18.549565767396334
11,0.10218978102189781,13.382458130092441
11,0.1094890510948905,17.231002398062692
11,0.11678832116788321,16.394627990760323
11,0.12408759124087591,6.273603432608251
11,0.13138686131386862,3.1024163832351395
11,0.1386861313868613,3.5744851397713644
11,0.145985401459854,11.925228760384407
11,0.15328467153284672,13.95152797025333
11,0.16058394160583941,4.671487519492966
11,0.1678832116788321,12.038657371276994
11,0.17518248175182483,13.113709800268298
11,0.18248175182481752,6.625263719190366
11,0.1897810218978102,6.543259874087866
11,0.1970802919708029,10.8644798416556
11,0.20437956204379562,9.008579707994286
11,0.2116788321167883,13.436857612022886
11,0.218978102189781,10.02850024236326
11,0.22627737226277372,8.692000373360528
11,0.23357664233576642,5.4914865691441355
11,0.2408759124087591,9.903235740552887
11,0.24817518248175183,4.82915800619384
11,0.2554744525547445,14.290156432066036
11,0.26277372262773724,10.788582864967198
11,0.27007299270072993,2.137958382774196
11,0.2773722627737226,4.153433770212353
11,0.2846715328467153,8.041327902857052
11,0.291970802919708,7.825524485546687
11,0.2992700729927007,9.190761640851681
11,0.30656934306569344,3.8922188975202476
11,0.31386861313868614,5.004001137076102
11,0.32116788321167883,18.2487226347606
11,0.3284671532846715,11.067429159903714
11,0.3357664233576642,14.994478338296647
11,0.3430656934306569,1.3832303290562757
11,0.35036496350364965,4.1723070861530065
11,0.35766423357664234,14.087459496618125
11,0.36496350364963503,12.567923306202614
11,0.3722627737226277,8.851816109707956
11,0.3795620437956204,7.307258510087253
11,0.3868613138686131,5.671057463141079
11,0.3941605839416058,9.50783445765617
11,0.40145985401459855,4.470278054656047
11,0.40875912408759124,6.120552217784801
11,0.41605839416058393,17.83732448868588
11,0.4233576642335766,12.692088876156628
11,0.4306569343065693,4.330401695481197
11,0.437956204379562,9.018649876430567
11,0.44525547445255476,3.074323669568836
11,0.45255474452554745,11.919735155864593
11,0.45985401459854014,7.084006058404871
11,0.46715328467153283,2.2637736979801186
11,0.4744525547445255,8.749086321485128
11,0.4817518248175182,3.8059608779599268
11,0.4890510948905109,1.6846846672797764
11,0.49635036496350365,12.17988045030693
12,0.0,4.440892098500626e-15
12,0.007518796992481203,23.29419825673269
12,0.015037593984962405,15.28295766165428
12,0.022556390977443608,13.991145398570822
12,0.03007518796992481,22.488261826536906
12,0.03759398496240601,21.453278293400654
12,0.045112781954887216,3.6651488084368857
12,0.05263157894736842,3.8825149150379064
12,0.06015037593984962,0.29786131333521443
12,0.06766917293233082,6.232617025061408
12,0.07518796992481203,6.4409143239271165
12,0.08270676691729323,3.9921270290477167
12,0.09022556390977443,9.214326267557954
12,0.09774436090225563,11.686891162353358
12,0.10526315789473684,4.834163895599289
12,0.11278195488721804,11.698824747388233
12,0.12030075187969924,5.48314482254791
12,0.12781954887218044,26.289691213808187
12,0.13533834586466165,15.022175928619093
12,0.14285714285714285,3.9407807772953243
12,0.15037593984962405,10.719871438078778
12,0.15789473684210525,4.7046297250751685
12,0.16541353383458646,7.97352927917489
12,0.17293233082706766,9.81215201522724
12,0.18045112781954886,10.330866483905211
12,0.18796992481203006,16.849209869750073
12,0.19548872180451127,4.58324762632022
12,0.20300751879699247,14.778370696831434
12,0.21052631578947367,7.141981923570334
12,0.21804511278195488,10.47422022933783
12,0.22556390977443608,16.459610311808564
12,0.23308270676691728,17.068218672563972
12,0.24060150375939848,10.10042146204503
12,0.24812030075187969,9.332666381430974
12,0.2556390977443609,15.437006795595664
12,0.2631578947368421,27.4328066044319
12,0.2706766917293233,10.774957602650462
12,0.2781954887218045,13.76617105167263
12,0.2857142857142857,6.420352714593615
12,0.2932330827067669,6.645226349219259
12,0.3007518796992481,8.659698347622662
12,0.3082706766917293,8.801862756997846
12,0.3157894736842105,8.013084907379737
12,0.3233082706766917,5.531733275755624
12,0.3308270676691729,12.030359315308708
12,0.3383458646616541,6.705180929949668
12,0.3458646616541353,11.931230893259766
12,0.3533834586466165,5.206111640023176
12,0.3609022556390977,8.978530226748907
12,0.3684210526315789,12.645309007722036
12,0.37593984962406013,14.092936021230106
12,0.38345864661654133,13.819779641570644
12,0.39097744360902253,3.3036675242674254
12,0.39849624060150374,11.65620714932133
12,0.40601503759398494,6.106131786361379
12,0.41353383458646614,14.288444302050426
12,0.42105263157894735,4.585047506930571
12,0.42857142857142855,10.202848921030347
12,0.43609022556390975,5.200236592707613
12,0.44360902255639095,6.391136320050681
12,0.45112781954887216,7.572835617517251
12,0.45864661654135336,11.985667860956083
12,0.46616541353383456,1.696911410060418
12,0.47368421052631576,10.572389460286036
12,0.48120300751879697,3.0687764014015544
12,0.48872180451127817,5.820217409136148
12,0.49624060150375937,6.325725028207418
13,0.0,4.440892098500626e-15
13,0.007575757575757576,27.607877658497944
13,0.015151515151515152,20.96127974879964
13,0.022727272727272728,20.412466893063538
13,0.030303030303030304,18.382767160402793
13,0.03787878787878788,18.948396541837813
13,0.045454545454545456,19.957658314232248
13,0.05303030303030303,18.995920147993413
13,0.06060606060606061,9.650665924275723
13,0.06818181818181818,3.512368280456903
13,0.07575757575757576,13.467157697912036
13,0.08333333333333334,11.394293375695781
13,0.09090909090909091,15.258901334053276
13,0.09848484848484848,9.080638178304689
13,0.10606060606060606,10.31241163042234
13,0.11363636363636365,4.515038040617874
13,0.12121212121212122,14.48183253495457
13,0.12878787878787878,10.007558558336488
13,0.13636363636363635,4.93519704123406
13,0.14393939393939395,1.1732433064766843
13,0.15151515151515152,7.848511845946635
13,0.1590909090909091,14.042721335019012
13,0.16666666666666669,3.0449005262625373
13,0.17424242424242425,1.9884550147590119
13,0.18181818181818182,10.14900258334933
13,0.1893939393939394,7.1306760650120635
13,0.19696969696969696,6.553827867991698
13,0.20454545454545456,3.051655750115918
13,0.21212121212121213,1.765095222285138
13,0.2196969696969697,8.776537462920647
13,0.2272727272727273,12.973767762092924
13,0.23484848484848486,2.994386406248261
13,0.24242424242424243,5.524238564078767
13,0.25,3.014398441676072
13,0.25757575757575757,8.314504246699466
13,0.26515151515151514,3.054485382226843
13,0.2727272727272727,8.377208022089901
13,0.28030303030303033,9.43591732226606
13,0.2878787878787879,15.577498909835766
13,0.29545454545454547,7.643282588578674
13,0.30303030303030304,9.860796460762494
13,0.3106060606060606,22.67994949546624
13,0.3181818181818182,5.457206170474673
13,0.32575757575757575,9.963029573021187
13,0.33333333333333337,6.346865501530689
13,0.34090909090909094,17.499334043758015
13,0.3484848484848485,9.921981335069782
13,0.3560606060606061,6.485215897714082
13,0.36363636363636365,17.586041816592942
13,0.3712121212121212,10.876892223563448
13,0.3787878787878788,12.483569416525917
13,0.38636363636363635,13.590602873665844
13,0.3939393939393939,2.613886580574333
13,0.40151515151515155,19.571724417129868
13,0.4090909090909091,4.181449482214335
13,0.4166666666666667,9.530521733865394
13,0.42424242424242425,7.334580382276264
13,0.4318181818181818,4.525327962269933
13,0.4393939393939394,1.1682598705309737
13,0.44696969696969696,12.954338060997602
13,0.4545454545454546,3.7201928362638563
13,0.46212121212121215,3.099065417416531
13,0.4696969696969697,11.596740497060605
13,0.4772727272727273,8.655403107565238
13,0.48484848484848486,8.737135850564082
13,0.49242424242424243,2.7471613175993967
14,0.0,2.6645352591003757e-14
14,0.007936507936507936,10.921403098432247
14,0.015873015873015872,20.835754217008624
14,0.023809523809523808,13.044772870320525
14,0.031746031746031744,13.564142068738484
14,0.03968253968253968,15.022234845534888
14,0.047619047619047616,15.576277503564961
14,0.05555555555555555,6.781927648755781
14,0.06349206349206349,16.67036786208583
14,0.07142857142857142,13.069267617994571
14,0.07936507936507936,15.292024251521346
14,0.0873015873015873,12.984770608392743
14,0.09523809523809523,4.856178954031706
14,0.10317460317460317,7.926970267200077
14,0.1111111111111111,9.512323732640894
14,0.11904761904761904,5.3252644368487365
14,0.12698412698412698,5.460175628714279
14,0.1349206349206349,8.26518085794135
14,0.14285714285714285,14.437465596968565
14,0.15079365079365079,6.706573769356054
14,0.15873015873015872,2.8516962531282317
14,0.16666666666666666,10.599312113903606
14,0.1746031746031746,1.9631273157853664
14,0.18253968253968253,15.682840729728195
14,0.19047619047619047,6.977207792313015
14,0.1984126984126984,6.787430955343498
14,0.20634920634920634,17.128684036602756
14,0.21428571428571427,8.491005128724705
14,0.2222222222222222,9.402300086858743
14,0.23015873015873015,4.825263202791539
14,0.23809523809523808,5.122750000145884
14,0.24603174603174602,14.582809928159527
14,0.25396825396825395,4.6713568076527965
14,0.26190476190476186,10.209284780603564
14,0.2698412698412698,7.670694328936854
14,0.2777777777777778,6.628657493128343
14,0.2857142857142857,13.611370468171861
14,0.2936507936507936,16.953930449236957
14,0.30158730158730157,14.802719899151974
14,0.30952380952380953,16.216491709973674
14,0.31746031746031744,6.311821695194851
14,0.32539682539682535,15.374651056164103
14,0.3333333333333333,14.390543138330328
14,0.3412698412698413,13.868271100654646
14,0.3492063492063492,5.569104600578739
14,0.3571428571428571,9.793382786360931
14,0.36507936507936506,13.998605257044703
14,0.373015873015873,10.96515645996139
14,0.38095238095238093,13.110607415545884
14,0.38888888888888884,0.8539069568839307
14,0.3968253968253968,15.79479323087527
14,0.40476190476190477,6.085261166877206
14,0.4126984126984127,14.519640539286259
14,0.4206349206349206,12.413112675460836
14,0.42857142857142855,8.764012874527321
14,0.4365079365079365,7.236397706848842
14,0.4444444444444444,7.396667099610204
14,0.45238095238095233,6.729610062212734
14,0.4603174603174603,7.619756946613101
14,0.46825396825396826,4.424886026078294
14,0.47619047619047616,7.727879489338601
14,0.4841269841269841,6.786700014143367
14,0.49206349206349204,16.480839688599968
15,0.0,7.327471962526033e-15
15,0.008620689655172414,21.346371818184085
15,0.017241379310344827,26.008645857560673
15,0.02586206896551724,23.088315223208642
15,0.034482758620689655,16.506403319662834
15,0.04310344827586207,16.143252184930475
15,0.05172413793103448,9.964182681437325
15,0.06034482758620689,9.260855100245706
15,0.06896551724137931,9.49760948513622
15,0.07758620689655173,9.601354163232742
15,0.08620689655172414,4.496443235053476
15,0.09482758620689655,10.88788538197474
15,0.10344827586206896,17.262565739005915
15,0.11206896551724138,6.719617014872465
15,0.12068965517241378,11.394756108090252
15,0.12931034482758622,4.750377784241919
15,0.13793103448275862,3.962285880179508
15,0.14655172413793102,2.836438887834851
15,0.15517241379310345,4.930154039394838
15,0.16379310344827586,1.467187966784063
15,0.1724137931034483,7.057491414467113
15,0.1810344827586207,3.5332364999995707
15,0.1896551724137931,6.563665321418188
15,0.19827586206896552,12.072838211730822
15,0.20689655172413793,6.378360743639543
15,0.21551724137931033,4.86853181715055
15,0.22413793103448276,11.796449379592095
15,0.23275862068965517,2.559245918407456
15,0.24137931034482757,3.787222208614446
15,0.25,2.527755691277741
15,0.25862068965517243,5.026679787213499
15,0.2672413793103448,4.766386930745916
15,0.27586206896551724,11.757144385322718
15,0.28448275862068967,9.360960222861724
15,0.29310344827586204,11.735343412532245
15,0.3017241379310345,7.34178126661378
15,0.3103448275862069,5.11302171004179
15,0.3189655172413793,6.924569482298824
15,0.3275862068965517,8.648256896185766
15,0.33620689655172414,6.974104719631403
15,0.3448275862068966,19.164125078244403
15,0.35344827586206895,7.485786054560079
15,0.3620689655172414,15.59962084503712
15,0.3706896551724138,10.241055327902428
15,0.3793103448275862,16.203744130129145
15,0.3879310344827586,12.211109103403029
15,0.39655172413793105,9.415659895451617
15,0.4051724137931034,6.92571046968399
15,0.41379310344827586,9.254492404511527
15,0.4224137931034483,11.58210414847653
15,0.43103448275862066,18.36390326000701
15,0.4396551724137931,8.970104583586213
15,0.4482758620689655,9.753459987537825
15,0.4568965517241379,11.534087556004918
15,0.46551724137931033,9.780762017031016
15,0.47413793103448276,4.979263761635358
15,0.48275862068965514,2.4844008467610914
15,0.49137931034482757,4.400736364738613
16,0.0,1.4210854715202004e-14
16,0.006802721088435374,36.21781579075104
16,0.013605442176870748,13.280449700857405
16,0.02040816326530612,12.014787390091485
16,0.027210884353741496,16.532586578657885
16,0.03401360544217687,3.6602671339940795
16,0.04081632653061224,19.777432404689087
16,0.047619047619047616,20.87743610178203
16,0.05442176870748299,7.538313350037549
16,0.061224489795918366,3.943959890503316
16,0.06802721088435373,8.778212972685012
16,0.07482993197278912,10.209458646379527
16,0.08163265306122448,10.582181139478173
16,0.08843537414965986,10.6610183945264
16,0.09523809523809523,12.98190230741797
16,0.10204081632653061,15.240432489085567
16,0.10884353741496598,19.618387852857477
16,0.11564625850340135,12.582600349179295
16,0.12244897959183673,10.450701169541208
16,0.1292517006802721,5.219499962720637
16,0.13605442176870747,3.7622824327934756
16,0.14285714285714285,12.488563304186684
16,0.14965986394557823,21.641605878255547
16,0.1564625850340136,15.672847703139427
16,0.16326530612244897,15.556343724175939
16,0.17006802721088435,6.052299523673982
16,0.17687074829931973,14.073397488745826
16,0.18367346938775508,7.917207973831779
16,0.19047619047619047,14.280695442330684
16,0.19727891156462585,11.163800438633736
16,0.20408163265306123,7.110581224698432
16,0.21088435374149658,3.255727690497299
16,0.21768707482993196,10.073032970594486
16,0.22448979591836735,5.183694985377345
16,0.2312925170068027,13.712545486125935
16,0.23809523809523808,3.218109147579665
16,0.24489795918367346,5.914884528012449
16,0.25170068027210885,5.574696626262433
16,0.2585034013605442,16.509279342814775
16,0.2653061224489796,11.951142839154938
16,0.27210884353741494,5.489939090262844
16,0.2789115646258503,6.702720358972976
16,0.2857142857142857,6.917636557558022
16,0.2925170068027211,6.094473475495607
16,0.29931972789115646,11.73453270233745
16,0.30612244897959184,16.077512113821317
16,0.3129251700680272,9.74178582169539
16,0.31972789115646255,8.314771536773014
16,0.32653061224489793,8.69389392993415
16,0.3333333333333333,10.90025858714206
16,0.3401360544217687,6.9685123617396965
16,0.3469387755102041,13.175547056609181
16,0.35374149659863946,2.4549663277667766
16,0.36054421768707484,12.167697878572742
16,0.36734693877551017,9.16361456797678
16,0.37414965986394555,7.506815896845862
16,0.38095238095238093,4.908496860802543
16,0.3877551020408163,4.550823005505016
16,0.3945578231292517,6.857529426288865
16,0.4013605442176871,13.591188595512461
16,0.40816326530612246,19.131334043975066
16,0.4149659863945578,13.086544959617937
16,0.42176870748299317,3.7442316258417234
16,0.42857142857142855,2.2636238921280816
16,0.43537414965986393,9.115977226688871
16,0.4421768707482993,11.452622838287722
16,0.4489795918367347,26.67549523371669
16,0.4557823129251701,16.63904329874196
16,0.4625850340136054,5.995883880450724
16,0.4693877551020408,12.062676368628754
16,0.47619047619047616,12.15555741503583
16,0.48299319727891155,8.130084499206072
16,0.4897959183673469,3.589483819941069
16,0.4965986394557823,1.422043257524709
17,0.0,1.454392162258955e-14
17,0.007874015748031496,20.151544150917648
17,0.015748031496062992,17.141894872401735
17,0.023622047244094488,17.82047793260421
17,0.031496062992125984,13.288121528778628
17,0.03937007874015748,22.442079522050665
17,0.047244094488188976,17.072881636398453
17,0.05511811023622047,2.715286490524747
17,0.06299212598425197,13.448845549529686
17,0.07086614173228346,16.11424650088296
17,0.07874015748031496,16.432507819865354
17,0.08661417322834646,5.913926437183831
17,0.09448818897637795,4.375959617833076
17,0.10236220472440945,1.9655337378887094
17,0.11023622047244094,16.41468822463357
17,0.11811023622047244,1.185228307731008
17,0.12598425196850394,5.524700025238641
17,0.13385826771653542,12.457343695681784
17,0.14173228346456693,9.164303147180926
17,0.14960629921259844,9.951522674848759
17,0.15748031496062992,8.824174603777324
17,0.1653543307086614,8.217166393307533
17,0.1732283464566929,1.3361072709357094
17,0.18110236220472442,3.352174724769879
17,0.1889763779527559,20.16564325734881
17,0.19685039370078738,11.317888603538531
17,0.2047244094488189,15.99727132865404
17,0.2125984251968504,12.459412098949405
17,0.2204724409448819,6.078583751481479
17,0.22834645669291337,9.807734303573753
17,0.23622047244094488,8.974083831212768
17,0.2440944881889764,4.5309697477938204
17,0.25196850393700787,9.722786926990182
17,0.25984251968503935,12.23044935972284
17,0.26771653543307083,14.612944848520245
17,0.2755905511811024,7.796047593660767
17,0.28346456692913385,11.710495463820127
17,0.29133858267716534,14.273270848500784
17,0.2992125984251969,7.994991276231736
17,0.30708661417322836,5.45435384133046
17,0.31496062992125984,14.718852358969494
17,0.3228346456692913,14.455836574397805
17,0.3307086614173228,1.6045176804004644
17,0.33858267716535434,6.368210889589419
17,0.3464566929133858,4.2640526720857395
17,0.3543307086614173,0.12482636094964476
17,0.36220472440944884,5.344525153914498
17,0.3700787401574803,5.875191725924513
17,0.3779527559055118,4.556207535133365
17,0.3858267716535433,10.04389351379358
17,0.39370078740157477,6.71548777961837
17,0.4015748031496063,4.719591025833341
17,0.4094488188976378,7.908937872250007
17,0.41732283464566927,10.679112864138638
17,0.4251968503937008,21.12108807004325
17,0.4330708661417323,2.8698252353696843
17,0.4409448818897638,13.677871513311077
17,0.44881889763779526,8.608989758121455
17,0.45669291338582674,6.083281420883761
17,0.4645669291338583,6.910331469203315
17,0.47244094488188976,13.685670305570268
17,0.48031496062992124,14.478581681674406
17,0.4881889763779528,15.85801833704487
17,0.49606299212598426,1.9961056114816875
18,0.0,8.881784197001252e-16
18,0.007751937984496124,22.306962211395764
18,0.015503875968992248,21.765984873797386
18,0.023255813953488372,19.203810237175084
18,0.031007751937984496,14.984833903725171
18,0.03875968992248062,6.17583857290945
18,0.046511627906976744,8.880916922353036
18,0.05426356589147287,18.96057234199901
18,0.06201550387596899,22.04268250577186
18,0.06976744186046512,3.444297854717494
18,0.07751937984496124,1.622583970329123
18,0.08527131782945736,3.497769519557513
18,0.09302325581395349,3.740695453528137
18,0.10077519379844961,5.93337552255661
18,0.10852713178294573,14.062931489851854
18,0.11627906976744186,6.483232225657809
18,0.12403100775193798,13.854948148606471
18,0.13178294573643412,11.383810350965424
18,0.13953488372093023,8.04643450928681
18,0.14728682170542634,5.6849496619266695
18,0.15503875968992248,2.7834329396300905
18,0.16279069767441862,3.7987838586390135
18,0.17054263565891473,3.540480892564072
18,0.17829457364341084,4.690102983472473
18,0.18604651162790697,1.5822169191246116
18,0.1937984496124031,7.4400209131115
18,0.20155038759689922,17.673177807435785
18,0.20930232558139533,8.815303142299516
18,0.21705426356589147,8.760055483739105
18,0.2248062015503876,14.954873420555039
18,0.23255813953488372,4.702943470292689
18,0.24031007751937983,19.121586660366884
18,0.24806201550387597,11.804852334140989
18,0.2558139534883721,13.775684106004793
18,0.26356589147286824,17.902658762420288
18,0.2713178294573643,6.68370879320906
18,0.27906976744186046,8.49478677916512
18,0.2868217054263566,1.1258926091239758
18,0.2945736434108527,8.037033603592617
18,0.3023255813953488,16.36069528494592
18,0.31007751937984496,5.114749356499347
18,0.3178294573643411,11.196223977501027
18,0.32558139534883723,9.80314545985971
18,0.3333333333333333,9.03643996803262
18,0.34108527131782945,23.354726838903193
18,0.3488372093023256,5.3579449188493555
18,0.3565891472868217,2.0752124184378715
18,0.3643410852713178,5.043691877304808
18,0.37209302325581395,10.303619227208078
18,0.3798449612403101,10.006342871664037
18,0.3875968992248062,12.581567666967146
18,0.3953488372093023,8.496776342080967
18,0.40310077519379844,8.474049820050121
18,0.4108527131782946,7.75177985770381
18,0.41860465116279066,4.321161189434586
18,0.4263565891472868,13.079617342538123
18,0.43410852713178294,19.290441628743125
18,0.4418604651162791,13.826952803113196
18,0.4496124031007752,6.061689567238106
18,0.4573643410852713,10.74327766603736
18,0.46511627906976744,9.007406206416352
18,0.4728682170542636,3.517061670340246
18,0.48062015503875966,10.168943200305193
18,0.4883720930232558,12.3450061276359
18,0.49612403100775193,3.151521919775529
19,0.0,1.199040866595169e-14
19,0.006756756756756757,27.07925803345538
19,0.013513513513513514,27.249558711170657
19,0.02027027027027027,30.42642586001105
19,0.02702702702702703,16.184746585425728
19,0.033783783783783786,17.195568154304574
19,0.04054054054054054,9.54828880464246
19,0.0472972972972973,11.773394326163759
19,0.05405405405405406,8.097136734622184
19,0.060810810810810814,2.407668245943041
19,0.06756756756756757,3.2767555800362977
19,0.07432432432432433,6.251770111685447
19,0.08108108108108109,5.581313110732709
19,0.08783783783783784,10.244136526865645
19,0.0945945945945946,13.06124625016431
19,0.10135135135135136,10.725458330999619
19,0.10810810810810811,14.54608948248872
19,0.11486486486486487,4.000181196000576
19,0.12162162162162163,2.0256199436091915
19,0.1283783783783784,4.623684179904344
19,0.13513513513513514,4.183090297788533
19,0.14189189189189189,8.013854546492585
19,0.14864864864864866,4.949672176551583
19,0.15540540540540543,6.039622156334049
19,0.16216216216216217,7.8371655619206555
19,0.16891891891891891,6.624778026741113
19,0.17567567567567569,10.223617452371233
19,0.18243243243243246,3.379438591518275
19,0.1891891891891892,4.91479939289401
19,0.19594594594594594,5.265964771154883
19,0.20270270270270271,12.392775530597868
19,0.20945945945945948,11.188347241553238
19,0.21621621621621623,15.070944018920061
19,0.22297297297297297,7.18194860703135
19,0.22972972972972974,19.47964077101019
19,0.2364864864864865,16.141600603830124
19,0.24324324324324326,17.488654285180974
19,0.25,10.779805712647555
19,0.2567567567567568,11.5847061999289
19,0.26351351351351354,10.783782319971438
19,0.2702702702702703,9.189724550940186
19,0.27702702702702703,6.042153609682163
19,0.28378378378378377,10.806830109469956
19,0.29054054054054057,4.4517917711235055
19,0.2972972972972973,3.608853327767067
19,0.30405405405405406,9.560509232931205
19,0.31081081081081086,10.554675724506614
19,0.3175675675675676,3.607388878274196
19,0.32432432432432434,2.8244236747232843
19,0.3310810810810811,11.885949384680867
19,0.33783783783783783,19.85086603686508
19,0.3445945945945946,23.40716097356963
19,0.35135135135135137,14.417197707999943
19,0.3581081081081081,14.832846120125428
19,0.3648648648648649,17.8883005904619
19,0.37162162162162166,15.658590520449337
19,0.3783783783783784,2.713200593489117
19,0.38513513513513514,16.54022421377552
19,0.3918918918918919,11.9578955172156
19,0.3986486486486487,10.421513251277581
19,0.40540540540540543,12.725734260667906
19,0.41216216216216217,8.295232385216966
19,0.41891891891891897,9.367728529488542
19,0.4256756756756757,10.054136950154673
19,0.43243243243243246,12.559136064517837
19,0.4391891891891892,14.80600687997485
19,0.44594594594594594,15.431000779132901
19,0.45270270270270274,4.769935700296949
19,0.4594594594594595,8.661300771858052
19,0.46621621621621623,11.0519576465277
19,0.472972972972973,6.458338443788555
19,0.47972972972972977,2.520971988157102
19,0.4864864864864865,11.547025144773169
19,0.49324324324324326,11.85924505747093
20,0.0,4.440892098500626e-16
20,0.007751937984496124,33.57855917203977
20,0.015503875968992248,23.70548031445211
20,0.023255813953488372,28.163450275381827
20,0.031007751937984496,22.058368761749335
20,0.03875968992248062,12.639031537224136
20,0.046511627906976744,14.016004614335383
20,0.05426356589147287,19.2629854839955
20,0.06201550387596899,11.025646299900872
20,0.06976744186046512,10.287032810167915
20,0.07751937984496124,4.479724824409623
20,0.08527131782945736,4.0968467466455065
20,0.09302325581395349,4.100569522867849
20,0.10077519379844961,5.767069038339257
20,0.10852713178294573,4.927570492481083
20,0.11627906976744186,6.93389252195468
20,0.12403100775193798,5.257031487790145
20,0.13178294573643412,6.485326850246123
20,0.13953488372093023,8.318303097556894
20,0.14728682170542634,8.917721128177606
20,0.15503875968992248,4.851192795381782
20,0.16279069767441862,7.693316546793789
20,0.17054263565891473,10.696877726034955
20,0.17829457364341084,15.669463686498187
20,0.18604651162790697,10.457045994987789
20,0.1937984496124031,5.3878249778157015
20,0.20155038759689922,11.637250136905797
20,0.20930232558139533,11.048860628486933
20,0.21705426356589147,4.744213423185559
20,0.2248062015503876,7.102879450463385
20,0.23255813953488372,6.983591754025552
20,0.24031007751937983,7.043148308330599
20,0.24806201550387597,10.011399476037914
20,0.2558139534883721,13.66476969147404
20,0.26356589147286824,12.240127476757747
20,0.2713178294573643,9.385049471803802
20,0.27906976744186046,8.40601642384186
20,0.2868217054263566,10.05528371247767
20,0.2945736434108527,7.499446687198119
20,0.3023255813953488,6.796451621275589
20,0.31007751937984496,3.856949811725192
20,0.3178294573643411,2.8190679520693798
20,0.32558139534883723,9.751763544912649
20,0.3333333333333333,2.5585677547324055
20,0.34108527131782945,8.145545341507207
20,0.3488372093023256,6.303527285769737
20,0.3565891472868217,3.761406310662859
20,0.3643410852713178,12.805433168360056
20,0.37209302325581395,3.4194524639618704
20,0.3798449612403101,6.389683693161522
20,0.3875968992248062,7.284139569670162
20,0.3953488372093023,10.870956871720692
20,0.40310077519379844,7.840971619537487
20,0.4108527131782946,11.313471900330297
20,0.41860465116279066,4.477681505044897
20,0.4263565891472868,6.297672289962218
20,0.43410852713178294,12.551356463984458
20,0.4418604651162791,6.88861861268343
20,0.4496124031007752,7.1650631779662035
20,0.4573643410852713,10.219517080682484
20,0.46511627906976744,11.630212823057018
20,0.4728682170542636,11.690427148229217
20,0.48062015503875966,16.85970735261132
20,0.4883720930232558,16.47451989376261
20,0.49612403100775193,11.832217606066871
21,0.0,8.881784197001252e-16
21,0.007407407407407408,25.71330963650081
21,0.014814814814814815,15.777900062819903
21,0.022222222222222223,15.18548836972522
21,0.02962962962962963,15.696178226085422
21,0.037037037037037035,14.209318574961936
21,0.044444444444444446,19.99128129626381
21,0.05185185185185186,23.88000146092181
21,0.05925925925925926,5.07652490065659
21,0.06666666666666667,16.437310691489348
21,0.07407407407407407,13.745666144354773
21,0.08148148148148149,6.316300043511039
21,0.08888888888888889,5.1520417996734595
21,0.0962962962962963,14.666944822821923
21,0.10370370370370371,13.5893919801432
21,0.11111111111111112,9.57414740420182
21,0.11851851851851852,8.088299279961388
21,0.12592592592592594,15.654562056984194
21,0.13333333333333333,2.73088014420427
21,0.14074074074074075,3.5169573607393247
21,0.14814814814814814,14.073098806070487
21,0.15555555555555556,11.507252137050692
21,0.16296296296296298,10.213108454035623
21,0.17037037037037037,7.023553667142997
21,0.17777777777777778,11.587025822991379
21,0.1851851851851852,5.937852175447177
21,0.1925925925925926,11.723171099448495
21,0.2,16.390418044617913
21,0.20740740740740743,20.888110856565792
21,0.21481481481481482,11.698969996845912
21,0.22222222222222224,16.531213150943245
21,0.22962962962962963,12.131571720497735
21,0.23703703703703705,5.469461035917786
21,0.24444444444444446,11.911527234512581
21,0.2518518518518519,6.746086610491311
21,0.25925925925925924,12.015121414343504
21,0.26666666666666666,6.203850637300694
21,0.2740740740740741,5.555654370627449
21,0.2814814814814815,4.854237288771295
21,0.2888888888888889,14.444400692308301
21,0.2962962962962963,9.41762751985706
21,0.3037037037037037,11.237996674486048
21,0.3111111111111111,8.364660360332255
21,0.31851851851851853,2.252562336342279
21,0.32592592592592595,14.501915541640589
21,0.33333333333333337,12.594904601222918
21,0.34074074074074073,10.316437767717535
21,0.34814814814814815,10.538678947881818
21,0.35555555555555557,9.055715020763554
21,0.362962962962963,8.761929024347866
21,0.3703703703703704,3.2221588783169466
21,0.37777777777777777,3.012895396503177
21,0.3851851851851852,4.380429160479461
21,0.3925925925925926,13.403497895003119
21,0.4,16.366309436636097
21,0.40740740740740744,9.748671373970666
21,0.41481481481481486,10.304105253549235
21,0.4222222222222222,6.817157828581358
21,0.42962962962962964,10.349241922633071
21,0.43703703703703706,5.219120569942183
21,0.4444444444444445,9.830401501939868
21,0.4518518518518519,9.019449910583134
21,0.45925925925925926,6.215915038628228
21,0.4666666666666667,11.592826390696072
21,0.4740740740740741,8.797019834098057
21,0.4814814814814815,1.113144736370318
21,0.48888888888888893,6.4384949343400955
21,0.4962962962962963,9.455226044006759
22,0.0,3.1086244689504383e-15
22,0.007352941176470588,24.3285724534571
22,0.014705882352941176,32.467160920170436
22,0.022058823529411763,13.650376033690781
22,0.029411764705882353,24.144819094545532
22,0.03676470588235294,17.921393821458267
22,0.044117647058823525,20.210684733308266
22,0.051470588235294115,8.47796289299748
22,0.058823529411764705,19.976673641999895
22,0.0661764705882353,6.816185774761816
22,0.07352941176470588,7.080259930046171
22,0.08088235294117647,4.578260293775471
22,0.08823529411764705,3.237054445204754
22,0.09558823529411764,8.886495042858188
22,0.10294117647058823,7.944093086526305
22,0.11029411764705882,5.891903364163276
22,0.11764705882352941,12.942989029337568
22,0.125,1.4722118941613667
22,0.1323529411764706,3.0239094271869535
22,0.13970588235294118,4.768273227978427
22,0.14705882352941177,4.400114570991985
22,0.15441176470588236,5.654546161922439
22,0.16176470588235295,5.390870591262373
22,0.16911764705882354,10.72226947574277
22,0.1764705882352941,3.6691464171996775
22,0.1838235294117647,2.9132859457012983
22,0.19117647058823528,18.076273478611938
22,0.19852941176470587,10.671245446079356
22,0.20588235294117646,9.99396627474183
22,0.21323529411764705,5.234956239440031
22,0.22058823529411764,20.93299386484172
22,0.22794117647058823,12.300962330230282
22,0.23529411764705882,14.966036441752507
22,0.2426470588235294,5.551862957997494
22,0.25,7.564075320431995
22,0.25735294117647056,9.556221644167088
22,0.2647058823529412,15.200186304874332
22,0.27205882352941174,13.826702594266193
22,0.27941176470588236,7.1146181753803095
22,0.2867647058823529,8.976262936970853
22,0.29411764705882354,4.5148639255206495
22,0.3014705882352941,12.748417045425185
22,0.3088235294117647,6.710774018229348
22,0.3161764705882353,17.17118992841629
22,0.3235294117647059,8.092717515226502
22,0.33088235294117646,12.071849815889706
22,0.3382352941176471,8.129098262410153
22,0.34558823529411764,10.046394281316289
22,0.3529411764705882,5.49439620775253
22,0.3602941176470588,13.029596348620899
22,0.3676470588235294,4.423451020562937
22,0.375,16.681089296957254
22,0.38235294117647056,7.5443903559576375
22,0.3897058823529412,11.63504890818602
22,0.39705882352941174,9.002656048932211
22,0.40441176470588236,9.912512239998755
22,0.4117647058823529,4.439247406983761
22,0.41911764705882354,11.416339673075282
22,0.4264705882352941,0.1522770508456698
22,0.4338235294117647,17.259606617430194
22,0.4411764705882353,8.356868873311479
22,0.4485294117647059,6.880460340578931
22,0.45588235294117646,8.139955210706736
22,0.4632352941176471,2.989103829322574
22,0.47058823529411764,5.9705316299203925
22,0.4779411764705882,11.881897711244955
22,0.4852941176470588,4.1552996708000665
22,0.4926470588235294,13.002622544073628
23,0.0,1.9539925233402755e-14
23,0.007518796992481203,17.96311361130173
23,0.015037593984962405,23.94934881205031
23,0.022556390977443608,15.29272212503244
23,0.03007518796992481,12.09170767761066
23,0.03759398496240601,12.161009461443383
23,0.045112781954887216,11.618326567015943
23,0.05263157894736842,10.919827906928969
23,0.06015037593984962,12.561448259991321
23,0.06766917293233082,17.39578192435571
23,0.07518796992481203,1.872116881589061
23,0.08270676691729323,15.468876008411458
23,0.09022556390977443,10.810375681996234
23,0.09774436090225563,6.651458786295945
23,0.10526315789473684,6.660738655494717
23,0.11278195488721804,6.812176709014185
23,0.12030075187969924,9.133722452855183
23,0.12781954887218044,4.522085752004198
23,0.13533834586466165,7.5890030080564514
23,0.14285714285714285,9.231924652799393
23,0.15037593984962405,12.072876101188612
23,0.15789473684210525,13.552199523001033
23,0.16541353383458646,13.249128494376116
23,0.17293233082706766,2.5312595025880174
23,0.18045112781954886,8.709106991333481
23,0.18796992481203006,4.5467910173043435
23,0.19548872180451127,11.53356326952956
23,0.20300751879699247,8.687213326877435
23,0.21052631578947367,8.275566651418261
23,0.21804511278195488,1.4009250263250452
23,0.22556390977443608,16.194795878439397
23,0.23308270676691728,13.641858273218503
23,0.24060150375939848,17.83857865245446
23,0.24812030075187969,7.185247665587348
23,0.2556390977443609,18.994537728646222
23,0.2631578947368421,10.831071093601192
23,0.2706766917293233,12.797898859291562
23,0.2781954887218045,7.326460161291123
23,0.2857142857142857,2.8454747593083343
23,0.2932330827067669,17.594571735152773
23,0.3007518796992481,8.139008949306714
23,0.3082706766917293,17.635633133369648
23,0.3157894736842105,13.18008828827212
23,0.3233082706766917,15.639431700373693
23,0.3308270676691729,9.330930875563649
23,0.3383458646616541,12.7301221176417
23,0.3458646616541353,6.472151912164158
23,0.3533834586466165,3.767362237322915
23,0.3609022556390977,2.619305033121389
23,0.3684210526315789,3.744286255369758
23,0.37593984962406013,14.366878223152089
23,0.38345864661654133,8.044980884539713
23,0.39097744360902253,4.526190853654668
23,0.39849624060150374,6.717404532826274
23,0.40601503759398494,14.625575517314484
23,0.41353383458646614,9.269504320632798
23,0.42105263157894735,7.429304967103639
23,0.42857142857142855,11.974279806781862
23,0.43609022556390975,17.708359477538917
23,0.44360902255639095,14.225456940306369
23,0.45112781954887216,5.050678729605556
23,0.45864661654135336,9.981702963797492
23,0.46616541353383456,13.154739939418167
23,0.47368421052631576,6.467451923130095
23,0.48120300751879697,11.960612515439474
23,0.48872180451127817,9.273499833655077
23,0.49624060150375937,14.289619523667918
24,0.0,6.8833827526759706e-15
24,0.007692307692307693,26.799449246519952
24,0.015384615384615385,27.271493760640087
24,0.023076923076923078,26.594053716394324
24,0.03076923076923077,11.55646133274162
24,0.038461538461538464,13.7184838119145
24,0.046153846153846156,5.898339193126608
24,0.05384615384615385,14.96386604583131
24,0.06153846153846154,9.441094384520653
24,0.06923076923076923,12.532389341820235
24,0.07692307692307693,9.856457910595049
24,0.08461538461538462,13.02507113126257
24,0.09230769230769231,8.459494044788153
24,0.1,3.5396848478257508
24,0.1076923076923077,3.276560490412977
24,0.11538461538461539,8.202626749740569
24,0.12307692307692308,8.88702112174861
24,0.13076923076923078,10.526921760037578
24,0.13846153846153847,9.432051093834831
24,0.14615384615384616,10.328126963123946
24,0.15384615384615385,14.68836316365912
24,0.16153846153846155,7.652916204274961
24,0.16923076923076924,15.652055916187154
24,0.17692307692307693,5.060462262321123
24,0.18461538461538463,9.945109086316037
24,0.19230769230769232,8.186391986631307
24,0.2,3.1948503660601935
24,0.2076923076923077,7.694877348258868
24,0.2153846153846154,12.930708478570766
24,0.2230769230769231,7.789851149600655
24,0.23076923076923078,13.132042639596229
24,0.23846153846153847,11.385441043796101
24,0.24615384615384617,11.399793222028894
24,0.25384615384615383,6.215012776014894
24,0.26153846153846155,2.7633720723968267
24,0.2692307692307693,14.836934887205702
24,0.27692307692307694,7.658944475955066
24,0.2846153846153846,6.600387364323738
24,0.2923076923076923,8.021673929773641
24,0.30000000000000004,8.310075502682853
24,0.3076923076923077,8.180734261906311
24,0.3153846153846154,1.4686768580675682
24,0.3230769230769231,8.677879573956371
24,0.3307692307692308,3.0153662156312633
24,0.3384615384615385,2.381124796855553
24,0.34615384615384615,5.900954858427157
24,0.35384615384615387,5.133625987820614
24,0.3615384615384616,11.50729710327635
24,0.36923076923076925,15.553905980799977
24,0.3769230769230769,12.408195366343376
24,0.38461538461538464,14.615553316157312
24,0.39230769230769236,7.8688165506904495
24,0.4,18.774015260222917
24,0.4076923076923077,15.945850707712312
24,0.4153846153846154,14.887412283171797
24,0.42307692307692313,4.59339880633715
24,0.4307692307692308,6.83308339777993
24,0.43846153846153846,7.338497006229684
24,0.4461538461538462,17.67582310432649
24,0.4538461538461539,6.427016475395974
24,0.46153846153846156,8.44451585088337
24,0.46923076923076923,3.686721837392609
24,0.47692307692307695,5.1645744846000134
24,0.48461538461538467,13.296740396457611
24,0.49230769230769234,8.992501864236436
25,0.0,1.9539925233402755e-14
25,0.007751937984496124,7.578601607321942
25,0.015503875968992248,13.85750668516129
25,0.023255813953488372,8.11974201520512
25,0.031007751937984496,11.441425251273367
25,0.03875968992248062,15.707009155141032
25,0.046511627906976744,13.604549937832791
25,0.05426356589147287,12.134205219894318
25,0.06201550387596899,4.047147526828417
25,0.06976744186046512,0.8945977668691556
25,0.07751937984496124,10.531467522770495
25,0.08527131782945736,8.016259789245803
25,0.09302325581395349,12.492426332117471
25,0.10077519379844961,6.319683958011779
25,0.10852713178294573,3.055396222847697
25,0.11627906976744186,4.853522214192779
25,0.12403100775193798,13.39286427825312
25,0.13178294573643412,8.812735474042096
25,0.13953488372093023,17.13456231023561
25,0.14728682170542634,11.328841191466909
25,0.15503875968992248,18.493138100525652
25,0.16279069767441862,6.556630501703078
25,0.17054263565891473,14.558463797646626
25,0.17829457364341084,8.77483070895098
25,0.18604651162790697,13.929609030405915
25,0.1937984496124031,20.741442558954578
25,0.20155038759689922,7.12319001648137
25,0.20930232558139533,10.656659439374302
25,0.21705426356589147,1.8406009581308644
25,0.2248062015503876,17.548135606209904
25,0.23255813953488372,13.363587321193467
25,0.24031007751937983,12.52680223442247
25,0.24806201550387597,9.11397538350485
25,0.2558139534883721,3.432261787738568
25,0.26356589147286824,8.043383665837435
25,0.2713178294573643,7.941241765667113
25,0.27906976744186046,6.108293433690543
25,0.2868217054263566,11.765836549521701
25,0.2945736434108527,5.398784633746508
25,0.3023255813953488,7.803609195491611
25,0.31007751937984496,9.546150467595666
25,0.3178294573643411,10.164066299616472
25,0.32558139534883723,16.705000403307505
25,0.3333333333333333,15.128003742801784
25,0.34108527131782945,4.321689858733568
25,0.3488372093023256,16.247575006504054
25,0.3565891472868217,9.609115469301408
25,0.3643410852713178,16.51871418539288
25,0.37209302325581395,16.5022333503754
25,0.3798449612403101,11.21024528892544
25,0.3875968992248062,6.258622620623866
25,0.3953488372093023,7.917887940925038
25,0.40310077519379844,15.525126364474524
25,0.4108527131782946,7.09509531804672
25,0.41860465116279066,8.582713206475868
25,0.4263565891472868,5.3575307591736605
25,0.43410852713178294,10.553435396473196
25,0.4418604651162791,12.381597429629082
25,0.4496124031007752,7.387774059241612
25,0.4573643410852713,3.6914216641349293
25,0.46511627906976744,20.55455379871999
25,0.4728682170542636,10.299080655564673
25,0.48062015503875966,9.631033322110904
25,0.4883720930232558,12.819397029664653
25,0.49612403100775193,15.326278956846336
26,0.0,0.0
26,0.007352941176470588,28.12221171013085
26,0.014705882352941176,17.417942002932882
26,0.022058823529411763,9.483746856035731
26,0.029411764705882353,10.251260877414019
26,0.03676470588235294,10.61158881696896
26,0.044117647058823525,17.408767112201307
26,0.051470588235294115,9.075839991342358
26,0.058823529411764705,8.057843752720306
26,0.0661764705882353,13.629613495256137
26,0.07352941176470588,2.4030109761237823
26,0.08088235294117647,10.589810025161382
26,0.08823529411764705,0.6046269348130267
26,0.09558823529411764,10.272990931936816
26,0.10294117647058823,6.858915697373964
26,0.11029411764705882,10.00567895107753
26,0.11764705882352941,11.409065917195232
26,0.125,17.049980956056586
26,0.1323529411764706,12.77627215914889
26,0.13970588235294118,17.401583557893876
26,0.14705882352941177,5.968203338564593
26,0.15441176470588236,14.65760141108789
26,0.16176470588235295,3.857523304168837
26,0.16911764705882354,13.029868239818702
26,0.1764705882352941,6.908830394916065
26,0.1838235294117647,17.21918774023285
26,0.19117647058823528,14.34462960539622
26,0.19852941176470587,10.944385815639176
26,0.20588235294117646,6.342824426835049
26,0.21323529411764705,5.624905445105271
26,0.22058823529411764,3.167454916375357
26,0.22794117647058823,15.996206491077784
26,0.23529411764705882,5.051451815387202
26,0.2426470588235294,12.380187631830513
26,0.25,6.445984080085395
26,0.25735294117647056,19.46373137532157
26,0.2647058823529412,16.08059648943316
26,0.27205882352941174,11.840879425496261
26,0.27941176470588236,1.962245464056667
26,0.2867647058823529,4.222668137181795
26,0.29411764705882354,6.475517451757125
26,0.3014705882352941,2.610176433458933
26,0.3088235294117647,7.490398954662078
26,0.3161764705882353,12.973403951888475
26,0.3235294117647059,14.686580735451823
26,0.33088235294117646,6.617164668656269
26,0.3382352941176471,7.860061848296054
26,0.34558823529411764,2.2022478520942186
26,0.3529411764705882,3.1038180230515833
26,0.3602941176470588,3.642069187654571
26,0.3676470588235294,9.215614463680174
26,0.375,1.7323607992568615
26,0.38235294117647056,8.098109855897551
26,0.3897058823529412,5.857122725608552
26,0.39705882352941174,4.249699734501983
26,0.40441176470588236,10.268261017787768
26,0.4117647058823529,7.1409396528239535
26,0.41911764705882354,8.362095010933151
26,0.4264705882352941,12.343600707632367
26,0.4338235294117647,19.253424302664886
26,0.4411764705882353,27.829805836696824
26,0.4485294117647059,19.120368372409878
26,0.45588235294117646,5.312103386838833
26,0.4632352941176471,5.209266786798544
26,0.47058823529411764,11.096928555881338
26,0.4779411764705882,4.211410185306501
26,0.4852941176470588,19.891082522233763
26,0.4926470588235294,12.849890265601735
27,0.0,1.2101430968414206e-14
27,0.006711409395973154,33.110792816570395
27,0.013422818791946308,16.59651149381135
27,0.020134228187919462,17.203120325999382
27,0.026845637583892617,6.69564874925256
27,0.03355704697986577,9.906216573082808
27,0.040268456375838924,17.464672757102015
27,0.04697986577181208,15.84405987955106
27,0.053691275167785234,18.56836424562452
27,0.060402684563758385,14.62005053953787
27,0.06711409395973154,17.257459236984808
27,0.0738255033557047,15.795110166789135
27,0.08053691275167785,14.578427958981193
27,0.087248322147651,2.441396326954193
27,0.09395973154362416,4.571496070530835
27,0.10067114093959731,2.238387148245363
27,0.10738255033557047,8.170878731716401
27,0.11409395973154363,12.11319192481796
27,0.12080536912751677,12.12025584973713
27,0.12751677852348994,5.908842713672904
27,0.1342281879194631,4.660818954642556
27,0.14093959731543623,11.130665647915333
27,0.1476510067114094,12.203779662309499
27,0.15436241610738255,1.1712933799816625
27,0.1610738255033557,5.09465475462791
27,0.16778523489932887,4.388107465402608
27,0.174496644295302,6.022372029093016
27,0.18120805369127516,7.337190279297138
27,0.18791946308724833,19.365337111107234
27,0.19463087248322147,4.744899501206704
27,0.20134228187919462,18.806953505304186
27,0.2080536912751678,19.74322756196496
27,0.21476510067114093,6.400707452847296
27,0.22147651006711408,3.653463399194183
27,0.22818791946308725,8.44292385446049
27,0.2348993288590604,2.3712737786415703
27,0.24161073825503354,9.527369530235296
27,0.2483221476510067,15.68066774122567
27,0.2550335570469799,18.865903930620707
27,0.26174496644295303,12.517667250234075
27,0.2684563758389262,11.02065395462836
27,0.2751677852348993,15.3500740241571
27,0.28187919463087246,15.023547606489565
27,0.2885906040268456,8.113259552620418
27,0.2953020134228188,11.498729989154361
27,0.30201342281879195,14.106125934487396
27,0.3087248322147651,8.4448307938931
27,0.31543624161073824,15.900821804633368
27,0.3221476510067114,9.243117337221394
27,0.32885906040268453,8.913144413432077
27,0.33557046979865773,3.489945500238102
27,0.3422818791946309,9.730332723876213
27,0.348993288590604,13.303961424842228
27,0.35570469798657717,9.487813614744002
27,0.3624161073825503,15.958815355959649
27,0.36912751677852346,9.587389832648046
27,0.37583892617449666,13.866775131114299
27,0.3825503355704698,4.830142643867852
27,0.38926174496644295,8.893961356143215
27,0.3959731543624161,10.914970904671865
27,0.40268456375838924,11.204494013511809
27,0.4093959731543624,18.32427430149311
27,0.4161073825503356,10.058960341307296
27,0.4228187919463087,8.980501720264595
27,0.42953020134228187,9.0516550659921
27,0.436241610738255,4.2304859138562065
27,0.44295302013422816,11.852341579837427
27,0.44966442953020136,16.93800477341145
27,0.4563758389261745,11.386256123268549
27,0.46308724832214765,4.4246681615130825
27,0.4697986577181208,5.318430051334156
27,0.47651006711409394,9.808460155353538
27,0.4832214765100671,5.814268838618133
27,0.4899328859060403,5.701246759864097
27,0.4966442953020134,17.94171746272424
28,0.0,9.103828801926284e-15
28,0.007633587786259542,19.527569663318904
28,0.015267175572519083,15.616056363960423
28,0.022900763358778626,13.856549170317043
28,0.030534351145038167,9.188931068715481
28,0.03816793893129771,14.552790229590112
28,0.04580152671755725,7.6541279900603865
28,0.05343511450381679,19.534163894124518
28,0.061068702290076333,30.179760735265873
28,0.06870229007633588,18.232414379122194
28,0.07633587786259542,20.471689315940463
28,0.08396946564885496,15.196154591578004
28,0.0916030534351145,12.693115337289806
28,0.09923664122137404,16.446201366003518
28,0.10687022900763359,3.8966466352202906
28,0.11450381679389313,6.008962929011726
28,0.12213740458015267,7.599690532323408
28,0.1297709923664122,12.484973560869356
28,0.13740458015267176,7.564196002406946
28,0.1450381679389313,7.045004351297869
28,0.15267175572519084,4.868521682466744
28,0.16030534351145037,8.436724767360516
28,0.16793893129770993,4.6695951008929475
28,0.17557251908396945,1.6022663378839375
28,0.183206106870229,8.937809172033946
28,0.19083969465648853,8.003378875064818
28,0.1984732824427481,12.363923610948444
28,0.20610687022900762,13.745096928857274
28,0.21374045801526717,15.878350588901895
28,0.2213740458015267,5.224389822190367
28,0.22900763358778625,7.349896455171677
28,0.23664122137404578,8.901116764458726
28,0.24427480916030533,12.725596931466882
28,0.25190839694656486,8.578604961931749
28,0.2595419847328244,12.556781839196713
28,0.26717557251908397,6.907406078070103
28,0.2748091603053435,9.4850427456722
28,0.282442748091603,7.707789070190712
28,0.2900763358778626,14.248997756681316
28,0.29770992366412213,10.75590465457897
28,0.3053435114503817,11.500139814181912
28,0.3129770992366412,4.051524546277285
28,0.32061068702290074,2.3848067281783716
28,0.3282442748091603,5.81616527584924
28,0.33587786259541985,16.699608446984875
28,0.34351145038167935,11.679377240176649
28,0.3511450381679389,4.946115520630457
28,0.35877862595419846,11.178301152280918
28,0.366412213740458,10.413634816560803
28,0.37404580152671757,5.484795903826137
28,0.38167938931297707,10.718725824731653
28,0.3893129770992366,8.221491366243427
28,0.3969465648854962,9.662756581809177
28,0.40458015267175573,11.700980015068728
28,0.41221374045801523,13.489920777572612
28,0.4198473282442748,6.114034034433003
28,0.42748091603053434,11.987477859191905
28,0.4351145038167939,2.315068534302984
28,0.4427480916030534,10.042351836967896
28,0.45038167938931295,8.344478547355646
28,0.4580152671755725,3.0080094393183514
28,0.46564885496183206,9.241076057905788
28,0.47328244274809156,9.618834601350644
28,0.4809160305343511,3.3740787121641045
28,0.48854961832061067,14.440742846871471
28,0.4961832061068702,12.396041510654458
29,0.0,4.440892098500626e-15
29,0.007462686567164179,26.395568171215388
29,0.014925373134328358,14.352827354878793
29,0.022388059701492536,15.396326315324638
29,0.029850746268656716,18.450750222666517
29,0.03731343283582089,16.354552489543796
29,0.04477611940298507,27.84258023871058
29,0.05223880597014925,10.052422023766326
29,0.05970149253731343,9.681058744555752
29,0.06716417910447761,12.20350042009538
29,0.07462686567164178,10.797575435440775
29,0.08208955223880597,4.292175789995695
29,0.08955223880597014,16.559592252573335
29,0.09701492537313433,7.46552453478267
29,0.1044776119402985,12.02352159676575
29,0.11194029850746269,7.916210956909575
29,0.11940298507462686,5.301111610559689
29,0.12686567164179105,9.756821105377734
29,0.13432835820895522,10.922107425395186
29,0.1417910447761194,13.15997535144764
29,0.14925373134328357,15.521375907288236
29,0.15671641791044777,14.178099041515908
29,0.16417910447761194,7.575381754879063
29,0.17164179104477612,5.476354348199967
29,0.1791044776119403,5.020298888918481
29,0.18656716417910446,16.248677509092612
29,0.19402985074626866,17.455762449593664
29,0.20149253731343283,9.917697363972131
29,0.208955223880597,10.50922016502938
29,0.21641791044776118,13.301249264887502
29,0.22388059701492538,14.604642862133275
29,0.23134328358208955,6.43321966696757
29,0.23880597014925373,8.948365520475374
29,0.2462686567164179,2.3143245098516587
29,0.2537313432835821,9.15742162700909
29,0.26119402985074625,16.856094026475127
29,0.26865671641791045,11.277286075025211
29,0.27611940298507465,8.172406596968143
29,0.2835820895522388,10.858173095401913
29,0.291044776119403,9.825900374425828
29,0.29850746268656714,6.7373245628739875
29,0.30597014925373134,5.278811261740321
29,0.31343283582089554,4.653484180579347
29,0.3208955223880597,3.3659442015520584
29,0.3283582089552239,7.753139887028377
29,0.33582089552238803,7.91157382754575
29,0.34328358208955223,16.76510967389024
29,0.35074626865671643,13.373072730169186
29,0.3582089552238806,8.373825541617165
29,0.3656716417910448,4.060896341987616
29,0.3731343283582089,7.281997563608643
29,0.3805970149253731,4.8704750491934865
29,0.3880597014925373,6.212076630664371
29,0.39552238805970147,4.811126446450627
29,0.40298507462686567,5.575794561430656
29,0.41044776119402987,10.710747156466851
29,0.417910447761194,12.66761195037687
29,0.4253731343283582,9.858157965963748
29,0.43283582089552236,9.034960194269406
29,0.44029850746268656,3.4474377922466966
29,0.44776119402985076,7.655513170545313
29,0.4552238805970149,1.710980035001915
29,0.4626865671641791,18.527821886429688
29,0.47014925373134325,4.104139475423173
29,0.47761194029850745,6.355447961066349
29,0.48507462686567165,14.6687561061598
29,0.4925373134328358,17.316250780970105
30,0.0,7.327471962526033e-15
30,0.007518796992481203,18.584135952504454
30,0.015037593984962405,17.684566254669047
30,0.022556390977443608,17.257029421320134
30,0.03007518796992481,5.828356069784229
30,0.03759398496240601,9.948067461122331
30,0.045112781954887216,8.477910081022987
30,0.05263157894736842,15.234458432514948
30,0.06015037593984962,8.9704080191207
30,0.06766917293233082,2.3424213529530467
30,0.07518796992481203,11.160695166928477
30,0.08270676691729323,22.71419921601298
30,0.09022556390977443,16.876691943153997
30,0.09774436090225563,15.461336094022732
30,0.10526315789473684,9.55315591780221
30,0.11278195488721804,12.052091761022632
30,0.12030075187969924,4.150516028136474
30,0.12781954887218044,6.956255504303943
30,0.13533834586466165,15.34566898226642
30,0.14285714285714285,4.0911797314652025
30,0.15037593984962405,2.8955629301628973
30,0.15789473684210525,11.282098792220802
30,0.16541353383458646,11.507669253080554
30,0.17293233082706766,22.479207795455437
30,0.18045112781954886,7.943280488671584
30,0.18796992481203006,22.45189421583134
30,0.19548872180451127,13.74067270123472
30,0.20300751879699247,7.875189664910995
30,0.21052631578947367,7.780974106908429
30,0.21804511278195488,5.295302016851557
30,0.22556390977443608,12.837406857308933
30,0.23308270676691728,13.408996847581177
30,0.24060150375939848,6.4314391531436454
30,0.24812030075187969,8.089768505176849
30,0.2556390977443609,3.1311091638415127
30,0.2631578947368421,9.230936641062533
30,0.2706766917293233,15.194812153103621
30,0.2781954887218045,2.227322369117277
30,0.2857142857142857,8.600728672082571
30,0.2932330827067669,13.28292527838342
30,0.3007518796992481,6.01294649400601
30,0.3082706766917293,14.612293805904875
30,0.3157894736842105,17.103083140924458
30,0.3233082706766917,19.008272857032008
30,0.3308270676691729,5.957116445617598
30,0.3383458646616541,8.666475365163947
30,0.3458646616541353,3.602466804070543
30,0.3533834586466165,7.072220799653582
30,0.3609022556390977,15.564044009576751
30,0.3684210526315789,13.811420732338014
30,0.37593984962406013,6.762391923300444
30,0.38345864661654133,12.332433479049486
30,0.39097744360902253,14.687110118942424
30,0.39849624060150374,9.069930910363766
30,0.40601503759398494,9.191964088590252
30,0.41353383458646614,5.365356061978816
30,0.42105263157894735,11.88873442857892
30,0.42857142857142855,5.330772090081514
30,0.43609022556390975,14.259572887234318
30,0.44360902255639095,4.696015750894469
30,0.45112781954887216,6.894267633349238
30,0.45864661654135336,3.9296355402606067
30,0.46616541353383456,5.4509045369306985
30,0.47368421052631576,15.217789422299555
30,0.48120300751879697,8.903041343347292
30,0.48872180451127817,3.895626688626051
30,0.49624060150375937,1.1385313394946406
31,0.0,7.549516567451064e-15
31,0.007407407407407408,33.23306730461051
31,0.014814814814814815,13.182127535057662
31,0.022222222222222223,8.647468130498577
31,0.02962962962962963,20.587241457721884
31,0.037037037037037035,26.213922067552186
31,0.044444444444444446,15.222433896090319
31,0.05185185185185186,7.831865351690724
31,0.05925925925925926,9.613427371203862
31,0.06666666666666667,13.453031439738453
31,0.07407407407407407,16.67803528994558
31,0.08148148148148149,9.923055338836175
31,0.08888888888888889,13.055017130741886
31,0.0962962962962963,7.5691035708995305
31,0.10370370370370371,10.208455361574927
31,0.11111111111111112,15.957087002460622
31,0.11851851851851852,19.015264335295495
31,0.12592592592592594,16.28583403241841
31,0.13333333333333333,14.447718162663422
31,0.14074074074074075,4.909563909818158
31,0.14814814814814814,7.706857478620548
31,0.15555555555555556,7.1022002490612675
31,0.16296296296296298,14.437390011251319
31,0.17037037037037037,11.726235920522697
31,0.17777777777777778,11.218273581147
31,0.1851851851851852,6.745590514055048
31,0.1925925925925926,3.5186617384956307
31,0.2,9.19653885940245
31,0.20740740740740743,14.073082031363045
31,0.21481481481481482,6.253950269237818
31,0.22222222222222224,12.95819936091086
31,0.22962962962962963,5.60927465606561
31,0.23703703703703705,7.042579358426321
31,0.24444444444444446,11.263276361948032
31,0.2518518518518519,11.811835133392997
31,0.25925925925925924,10.395058690418344
31,0.26666666666666666,5.940890900117875
31,0.2740740740740741,10.95795206362293
31,0.2814814814814815,18.12749985249001
31,0.2888888888888889,11.232501299073938
31,0.2962962962962963,14.907177037863315
31,0.3037037037037037,7.593856031982992
31,0.3111111111111111,6.077456850861497
31,0.31851851851851853,8.931498245702478
31,0.32592592592592595,2.5144211057883767
31,0.33333333333333337,5.113976794212316
31,0.34074074074074073,5.790996398727639
31,0.34814814814814815,3.4108406122185193
31,0.35555555555555557,11.275729781256643
31,0.362962962962963,7.395804433559459
31,0.3703703703703704,8.55830049921847
31,0.37777777777777777,6.206535732263671
31,0.3851851851851852,7.661947005820508
31,0.3925925925925926,12.811898529750428
31,0.4,20.879228473207803
31,0.40740740740740744,9.350997698482368
31,0.41481481481481486,3.1250872413455237
31,0.4222222222222222,11.330947081580762
31,0.42962962962962964,1.897920911192839
31,0.43703703703703706,4.863863139964842
31,0.4444444444444445,10.513907026729397
31,0.4518518518518519,8.583854162857897
31,0.45925925925925926,7.679342678097497
31,0.4666666666666667,4.714093116322208
31,0.4740740740740741,8.009362514060845
31,0.4814814814814815,4.379789348919537
31,0.48888888888888893,5.697748899885866
31,0.4962962962962963,1.9167623408161245
32,0.0,1.2434497875801753e-14
32,0.008064516129032258,21.206155768415123
32,0.016129032258064516,27.16522370365483
32,0.024193548387096774,21.7392194792551
32,0.03225806451612903,15.09758257694972
32,0.04032258064516129,10.428088702785827
32,0.04838709677419355,11.146808567589181
32,0.056451612903225805,11.538671345910652
32,0.06451612903225806,3.8764283793636447
32,0.07258064516129031,7.135866923631199
32,0.08064516129032258,21.87108241269057
32,0.08870967741935484,12.524993731792504
32,0.0967741935483871,8.560467336632536
32,0.10483870967741934,10.280679743569582
32,0.11290322580645161,10.818324411968517
32,0.12096774193548387,8.544268775527149
32,0.12903225806451613,11.949107738191914
32,0.13709677419354838,8.41351012062969
32,0.14516129032258063,19.09838925431539
32,0.1532258064516129,11.962426309435212
32,0.16129032258064516,10.524797222460528
32,0.1693548387096774,11.110379839383242
32,0.1774193548387097,12.225754341434046
32,0.18548387096774194,11.681653328933928
32,0.1935483870967742,4.335763424727728
32,0.20161290322580644,7.450915942269676
32,0.2096774193548387,3.550538414939268
32,0.21774193548387097,4.828504689542797
32,0.22580645161290322,10.472530553382972
32,0.23387096774193547,9.075129231345123
32,0.24193548387096775,3.1018062475219117
32,0.25,10.284358331587805
32,0.25806451612903225,18.923676947072998
32,0.2661290322580645,10.445699542672438
32,0.27419354838709675,11.113628869406757
32,0.282258064516129,9.045630491887223
32,0.29032258064516125,0.6115373228793296
32,0.29838709677419356,4.518995111850476
32,0.3064516129032258,3.8691662141439807
32,0.31451612903225806,11.939615909886426
32,0.3225806451612903,6.378330230763869
32,0.33064516129032256,0.5483800977040785
32,0.3387096774193548,10.020476534896307
32,0.34677419354838707,19.388503388883187
32,0.3548387096774194,8.972139079474173
32,0.3629032258064516,8.474133986284048
32,0.3709677419354839,6.376603934458607
32,0.3790322580645161,10.472515855046671
32,0.3870967741935484,7.734352486518467
32,0.3951612903225806,5.514188893839096
32,0.4032258064516129,2.826454992364849
32,0.41129032258064513,5.637800673928714
32,0.4193548387096774,13.65898662599892
32,0.4274193548387097,6.540654933667722
32,0.43548387096774194,4.073588631672663
32,0.4435483870967742,5.141664126667903
32,0.45161290322580644,4.154715112028135
32,0.4596774193548387,5.761249249543949
32,0.46774193548387094,16.933825582383378
32,0.4758064516129032,6.360993593162969
32,0.4838709677419355,4.6825456826204475
32,0.49193548387096775,14.263926224839572
33,0.0,1.7763568394002505e-15
33,0.007142857142857143,24.11465380913337
33,0.014285714285714285,26.606557963486452
33,0.02142857142857143,4.605368427836995
33,0.02857142857142857,6.115347031122869
33,0.03571428571428571,10.915416831873763
33,0.04285714285714286,4.361465462161661
33,0.049999999999999996,12.412393701123195
33,0.05714285714285714,6.570408965485443
33,0.06428571428571428,11.607778897490077
33,0.07142857142857142,9.775810300337564
33,0.07857142857142857,10.15306092255003
33,0.08571428571428572,15.243171933867428
33,0.09285714285714286,11.870913253912807
33,0.09999999999999999,4.11603487728892
33,0.10714285714285714,18.46888020087035
33,0.11428571428571428,4.6198730608456176
33,0.12142857142857143,20.822449025046527
33,0.12857142857142856,3.164690185631519
33,0.1357142857142857,9.455356967448335
33,0.14285714285714285,3.96050696023004
33,0.15,7.008325098698424
33,0.15714285714285714,4.355343217177762
33,0.16428571428571428,13.393934000695326
33,0.17142857142857143,2.389922265400318
33,0.17857142857142858,23.743930596317764
33,0.18571428571428572,7.50015056845364
33,0.19285714285714284,2.6563352397752507
33,0.19999999999999998,22.650510593311754
33,0.20714285714285713,10.770781453638868
33,0.21428571428571427,10.228576797945756
33,0.22142857142857142,6.207131700270601
33,0.22857142857142856,7.5757899129109205
33,0.2357142857142857,8.731890040569958
33,0.24285714285714285,8.144711599289767
33,0.25,6.318077491943819
33,0.2571428571428571,5.081541158428661
33,0.2642857142857143,8.408573154055832
33,0.2714285714285714,21.79887442526674
33,0.2785714285714286,11.23709292640745
33,0.2857142857142857,14.893711381628187
33,0.29285714285714287,6.438308517037188
33,0.3,9.067784343792571
33,0.3071428571428571,6.250330767388755
33,0.3142857142857143,4.661844177864336
33,0.3214285714285714,12.13482111649677
33,0.32857142857142857,13.870822365354035
33,0.3357142857142857,12.915287825937309
33,0.34285714285714286,3.164333296937855
33,0.35,2.39769204661137
33,0.35714285714285715,12.75908283820134
33,0.36428571428571427,7.146848565784823
33,0.37142857142857144,4.120164396665806
33,0.37857142857142856,21.4709773198893
33,0.3857142857142857,3.0418278686763633
33,0.39285714285714285,10.46343043999685
33,0.39999999999999997,7.7606953836908446
33,0.40714285714285714,11.976390792148438
33,0.41428571428571426,15.570987719624876
33,0.42142857142857143,8.229179478778601
33,0.42857142857142855,21.16842818140379
33,0.4357142857142857,12.948605436082222
33,0.44285714285714284,17.040139380794287
33,0.45,18.14225105412399
33,0.45714285714285713,8.845089522920631
33,0.46428571428571425,7.597243848782566
33,0.4714285714285714,4.496962198325584
33,0.47857142857142854,10.391077167211051
33,0.4857142857142857,8.918576607028552
33,0.4928571428571428,6.5447267940392155
34,0.0,1.4210854715202004e-14
34,0.006896551724137931,30.33617275775905
34,0.013793103448275862,22.292647301170703
34,0.020689655172413793,11.787065212717756
34,0.027586206896551724,6.754393329562726
34,0.034482758620689655,11.920394288922926
34,0.041379310344827586,10.912926530416716
34,0.04827586206896552,22.708942165246633
34,0.05517241379310345,23.970343875971807
34,0.06206896551724138,7.659263661455222
34,0.06896551724137931,21.46571838833553
34,0.07586206896551724,10.058701877505262
34,0.08275862068965517,4.377137353071339
34,0.0896551724137931,20.714589007292872
34,0.09655172413793103,11.556692509649803
34,0.10344827586206896,13.10080340551327
34,0.1103448275862069,15.015748237141961
34,0.11724137931034483,7.323402570228032
34,0.12413793103448276,5.710729690370797
34,0.13103448275862067,6.255065090798471
34,0.13793103448275862,16.296443036207112
34,0.14482758620689656,3.377206547794804
34,0.15172413793103448,13.433821453146683
34,0.1586206896551724,13.565258898425135
34,0.16551724137931034,17.81071063053572
34,0.1724137931034483,14.337054567204229
34,0.1793103448275862,8.756019659481957
34,0.18620689655172412,6.358456468245622
34,0.19310344827586207,9.91866184209867
34,0.2,19.769519967502397
34,0.20689655172413793,4.434971147488059
34,0.21379310344827585,6.513238875922822
34,0.2206896551724138,11.392885447959253
34,0.22758620689655173,11.315807246160949
34,0.23448275862068965,17.33596035496058
34,0.24137931034482757,11.1069267908209
34,0.2482758620689655,15.902216216405911
34,0.25517241379310346,8.26755972646335
34,0.26206896551724135,8.479976455136537
34,0.2689655172413793,11.653107573265643
34,0.27586206896551724,2.2533365357385775
34,0.2827586206896552,14.711033873802885
34,0.2896551724137931,10.5709233395102
34,0.296551724137931,9.738543039587476
34,0.30344827586206896,2.720004590722786
34,0.3103448275862069,4.11893324058055
34,0.3172413793103448,14.933712472835449
34,0.32413793103448274,3.2891537066353727
34,0.3310344827586207,3.749373704217711
34,0.33793103448275863,10.2835292110687
34,0.3448275862068966,10.195912016940392
34,0.35172413793103446,17.19651343560341
34,0.3586206896551724,10.777122929822431
34,0.36551724137931035,8.14774982292775
34,0.37241379310344824,4.277340545619809
34,0.3793103448275862,7.467226633071646
34,0.38620689655172413,7.688144114696468
34,0.3931034482758621,14.219667930812403
34,0.4,2.668466677452847
34,0.4068965517241379,11.851972054981813
34,0.41379310344827586,1.2889328439507581
34,0.4206896551724138,8.03959556116404
34,0.4275862068965517,5.048248132240442
34,0.43448275862068964,3.143347591017039
34,0.4413793103448276,9.79275486647687
34,0.4482758620689655,7.621152671899467
34,0.45517241379310347,10.81298269022788
34,0.46206896551724136,8.374095645392266
34,0.4689655172413793,7.531879595543874
34,0.47586206896551725,0.8808406019006818
34,0.48275862068965514,9.392218150186094
34,0.4896551724137931,13.637238307065873
34,0.496551724137931,12.057199071631562
35,0.0,4.440892098500626e-16
35,0.007633587786259542,15.22615499599339
35,0.015267175572519083,23.495750451025703
35,0.022900763358778626,21.314710031107545
35,0.030534351145038167,20.226419176276426
35,0.03816793893129771,18.999706062955916
35,0.04580152671755725,21.08677222644229
35,0.05343511450381679,5.846974728642582
35,0.061068702290076333,6.349499381883372
35,0.06870229007633588,6.214130972946075
35,0.07633587786259542,15.660684457005626
35,0.08396946564885496,13.744947266422237
35,0.0916030534351145,8.270150464732538
35,0.09923664122137404,4.281384060194535
35,0.10687022900763359,16.772188766903376
35,0.11450381679389313,7.271538570450219
35,0.12213740458015267,13.656297967279867
35,0.1297709923664122,8.793988387059274
35,0.13740458015267176,9.845468397016592
35,0.1450381679389313,12.209180384664235
35,0.15267175572519084,1.6127839595340991
35,0.16030534351145037,0.9383684878096916
35,0.16793893129770993,4.732016627846368
35,0.17557251908396945,3.5176269260896613
35,0.183206106870229,16.138525969331255
35,0.19083969465648853,11.971590861403469
35,0.1984732824427481,10.106051985402376
35,0.20610687022900762,8.366417543156704
35,0.21374045801526717,17.498678419386085
35,0.2213740458015267,2.6427152921742465
35,0.22900763358778625,11.199350003082923
35,0.23664122137404578,16.13721077493707
35,0.24427480916030533,4.685860163182614
35,0.25190839694656486,14.080288172350091
35,0.2595419847328244,9.079935990349496
35,0.26717557251908397,9.24204045546698
35,0.2748091603053435,5.9484080841752744
35,0.282442748091603,15.588632449498537
35,0.2900763358778626,0.6924756930686725
35,0.29770992366412213,4.609964854240332
35,0.3053435114503817,6.501000427388277
35,0.3129770992366412,8.69060452525188
35,0.32061068702290074,9.026477386719385
35,0.3282442748091603,3.1851375484626367
35,0.33587786259541985,20.277063152964004
35,0.34351145038167935,12.476180784255284
35,0.3511450381679389,9.421394804954572
35,0.35877862595419846,15.736854754877223
35,0.366412213740458,6.846784571134244
35,0.37404580152671757,5.345133895494945
35,0.38167938931297707,9.570892357285341
35,0.3893129770992366,17.656774318095643
35,0.3969465648854962,9.054082477632065
35,0.40458015267175573,8.634689165392386
35,0.41221374045801523,3.513088734858299
35,0.4198473282442748,6.735607036675265
35,0.42748091603053434,11.879452868440161
35,0.4351145038167939,11.605093540913153
35,0.4427480916030534,8.788545496766185
35,0.45038167938931295,3.4983473669202034
35,0.4580152671755725,13.46473980375087
35,0.46564885496183206,15.2992599644183
35,0.47328244274809156,1.8420251294381818
35,0.4809160305343511,4.645126083009516
35,0.48854961832061067,5.82785583223877
35,0.4961832061068702,1.695328555151771
36,0.0,2.6645352591003757e-14
36,0.007142857142857143,16.085620882708273
36,0.014285714285714285,17.07207853627598
36,0.02142857142857143,12.517401273320559
36,0.02857142857142857,6.3593743118053965
36,0.03571428571428571,11.888426949063993
36,0.04285714285714286,16.651066120391626
36,0.049999999999999996,8.445205432632333
36,0.05714285714285714,17.47905663001154
36,0.06428571428571428,7.1919265259427645
36,0.07142857142857142,8.176776292422225
36,0.07857142857142857,10.436862283645562
36,0.08571428571428572,11.507657095046078
36,0.09285714285714286,6.406325547706675
36,0.09999999999999999,11.10471459832211
36,0.10714285714285714,7.486685783297519
36,0.11428571428571428,5.342821308779172
36,0.12142857142857143,6.227069766225768
36,0.12857142857142856,7.997542097827168
36,0.1357142857142857,21.796598754976902
36,0.14285714285714285,6.518173548023909
36,0.15,8.695727388293323
36,0.15714285714285714,12.589797803513427
36,0.16428571428571428,10.168349519990468
36,0.17142857142857143,2.9847976489228008
36,0.17857142857142858,10.038630972257018
36,0.18571428571428572,6.4520167010383975
36,0.19285714285714284,11.40946673194007
36,0.19999999999999998,9.565487749134618
36,0.20714285714285713,9.9048050068808
36,0.21428571428571427,2.300939452621119
36,0.22142857142857142,22.85217364462373
36,0.22857142857142856,6.9107912814800425
36,0.2357142857142857,4.156777176756566
36,0.24285714285714285,4.74689771470384
36,0.25,8.82857033593436
36,0.2571428571428571,10.887744563087589
36,0.2642857142857143,5.8070988745557335
36,0.2714285714285714,14.623628486888158
36,0.2785714285714286,9.117955844216056
36,0.2857142857142857,11.493742902588385
36,0.29285714285714287,7.965748230498401
36,0.3,19.421779776215388
36,0.3071428571428571,15.901937550996191
36,0.3142857142857143,19.23648980039572
36,0.3214285714285714,10.441136995993222
36,0.32857142857142857,4.21301955866685
36,0.3357142857142857,6.478571639744745
36,0.34285714285714286,11.33989054031593
36,0.35,3.9463220992907684
36,0.35714285714285715,15.705836521494287
36,0.36428571428571427,9.781828786466624
36,0.37142857142857144,6.107644521799092
36,0.37857142857142856,10.505522992195536
36,0.3857142857142857,2.8832277196581964
36,0.39285714285714285,7.467677335669969
36,0.39999999999999997,20.84990350598549
36,0.40714285714285714,19.19856013424021
36,0.41428571428571426,15.976980180582917
36,0.42142857142857143,9.137755390571716
36,0.42857142857142855,10.751975226800196
36,0.4357142857142857,20.458162804301036
36,0.44285714285714284,21.69451972208837
36,0.45,6.785676385798505
36,0.45714285714285713,9.215804178904893
36,0.46428571428571425,6.805030622915559
36,0.4714285714285714,12.117485918167036
36,0.47857142857142854,9.7905154056465
36,0.4857142857142857,9.317112400073942
36,0.4928571428571428,17.66444878338183
37,0.0,7.327471962526033e-15
37,0.007246376811594203,33.46030529207589
37,0.014492753623188406,30.683765205572392
37,0.021739130434782608,19.73564898234155
37,0.028985507246376812,25.879733910740295
37,0.036231884057971016,7.576272777148802
37,0.043478260869565216,9.097966058787998
37,0.050724637681159424,15.881036429590234
37,0.057971014492753624,7.258658123748785
37,0.06521739130434782,8.459661879893659
37,0.07246376811594203,5.664072946443074
37,0.07971014492753624,3.129281431729677
37,0.08695652173913043,5.281879516241492
37,0.09420289855072464,2.526516163826647
37,0.10144927536231885,11.505748786149425
37,0.10869565217391304,13.322876335027747
37,0.11594202898550725,4.2463904016705145
37,0.12318840579710146,18.096078974907496
37,0.13043478260869565,9.528111745509811
37,0.13768115942028986,9.708031786237955
37,0.14492753623188406,12.298483882412782
37,0.15217391304347827,9.168080104110782
37,0.15942028985507248,15.71236805982224
37,0.16666666666666666,9.270818742366947
37,0.17391304347826086,2.4148771782981124
37,0.18115942028985507,7.271741056825108
37,0.18840579710144928,3.67068357760147
37,0.1956521739130435,2.447461924646602
37,0.2028985507246377,13.180173017821845
37,0.21014492753623187,2.091781389007515
37,0.21739130434782608,7.064117578449354
37,0.2246376811594203,6.326678592159302
37,0.2318840579710145,2.988514337314096
37,0.2391304347826087,2.711332091433022
37,0.2463768115942029,14.50243752953433
37,0.2536231884057971,19.634917205966726
37,0.2608695652173913,10.46683892754601
37,0.26811594202898553,21.69626335103231
37,0.2753623188405797,9.786612914278189
37,0.2826086956521739,11.079053772803285
37,0.2898550724637681,5.077746391988783
37,0.2971014492753623,17.49075452488994
37,0.30434782608695654,9.552034508516428
37,0.3115942028985507,7.266692648858894
37,0.31884057971014496,7.395684442315455
37,0.32608695652173914,6.551927842408076
37,0.3333333333333333,4.547419846457431
37,0.34057971014492755,1.550064267010756
37,0.34782608695652173,4.469332905998051
37,0.35507246376811596,10.842224061869299
37,0.36231884057971014,4.266160480528561
37,0.3695652173913044,18.873455169797108
37,0.37681159420289856,5.158448372149964
37,0.38405797101449274,11.17220034191585
37,0.391304347826087,9.371085297678514
37,0.39855072463768115,17.895395257942237
37,0.4057971014492754,11.321889697400328
37,0.41304347826086957,6.938870239013263
37,0.42028985507246375,14.820142221634908
37,0.427536231884058,4.7646400199186445
37,0.43478260869565216,3.6036795382882474
37,0.4420289855072464,7.604629293689855
37,0.4492753623188406,6.165528397416825
37,0.4565217391304348,7.873023638867698
37,0.463768115942029,5.226510894413581
37,0.47101449275362317,12.870764383194395
37,0.4782608695652174,10.265247434923266
37,0.4855072463768116,7.227271015708366
37,0.4927536231884058,5.869743688833556
38,0.0,3.552713678800501e-15
38,0.007936507936507936,35.8887891616612
38,0.015873015873015872,30.008023713356394
38,0.023809523809523808,24.49399237711345
38,0.031746031746031744,18.19826758356617
38,0.03968253968253968,13.322015578562931
38,0.047619047619047616,9.628009448589346
38,0.05555555555555555,16.586882477860172
38,0.06349206349206349,3.0810828435265725
38,0.07142857142857142,6.2889484117278736
38,0.07936507936507936,8.533437138417115
38,0.0873015873015873,5.590415693378316
38,0.09523809523809523,9.748662289402477
38,0.10317460317460317,6.211287179060058
38,0.1111111111111111,13.846795980703241
38,0.11904761904761904,3.614870903813258
38,0.12698412698412698,3.4791549367578947
38,0.1349206349206349,5.09065411127707
38,0.14285714285714285,7.991309978829831
38,0.15079365079365079,8.027511688421248
38,0.15873015873015872,6.187130883682009
38,0.16666666666666666,2.3871294279268898
38,0.1746031746031746,7.793252576964181
38,0.18253968253968253,7.985972267272744
38,0.19047619047619047,11.932126630029508
38,0.1984126984126984,10.972470710823194
38,0.20634920634920634,10.638605982594985
38,0.21428571428571427,6.172119129063013
38,0.2222222222222222,11.628335393088822
38,0.23015873015873015,6.521005836842175
38,0.23809523809523808,11.961348368301024
38,0.24603174603174602,6.910198921128482
38,0.25396825396825395,2.427846224709256
38,0.26190476190476186,8.77834398689089
38,0.2698412698412698,5.574519085106524
38,0.2777777777777778,7.1171385900156325
38,0.2857142857142857,13.971178391779212
38,0.2936507936507936,7.997883725872207
38,0.30158730158730157,5.807788379453436
38,0.30952380952380953,2.286201863129284
38,0.31746031746031744,4.706184051189339
38,0.32539682539682535,5.247619453163624
38,0.3333333333333333,10.630505020822616
38,0.3412698412698413,7.185029737377416
38,0.3492063492063492,2.4560507779934433
38,0.3571428571428571,2.3355342315409677
38,0.36507936507936506,12.052836088488645
38,0.373015873015873,6.744728176997468
38,0.38095238095238093,16.300955205935388
38,0.38888888888888884,10.24862819560133
38,0.3968253968253968,15.319300605702061
38,0.40476190476190477,12.004219184769388
38,0.4126984126984127,10.170531758036443
38,0.4206349206349206,8.8681808307944
38,0.42857142857142855,7.638976874508545
38,0.4365079365079365,8.134675264572179
38,0.4444444444444444,11.569141095202426
38,0.45238095238095233,11.758917679989768
38,0.4603174603174603,8.350044210824878
38,0.46825396825396826,16.372113300603843
38,0.47619047619047616,1.308370433626616
38,0.4841269841269841,8.304808772283934
38,0.49206349206349204,6.684060882719319
39,0.0,6.661338147750939e-16
39,0.007407407407407408,26.750191490016007
39,0.014814814814814815,19.836242481251173
39,0.022222222222222223,14.790662002812283
39,0.02962962962962963,11.445583625032997
39,0.037037037037037035,15.797142481973998
39,0.044444444444444446,11.21741390091653
39,0.05185185185185186,19.474184126006858
39,0.05925925925925926,8.185797140136648
39,0.06666666666666667,13.062174166346203
39,0.07407407407407407,15.011589790354282
39,0.08148148148148149,12.217971628332185
39,0.08888888888888889,13.549384600036422
39,0.0962962962962963,7.0032311564820375
39,0.10370370370370371,7.167369381447054
39,0.11111111111111112,6.566065825057855
39,0.11851851851851852,12.56362263034237
39,0.12592592592592594,11.82887609136492
39,0.13333333333333333,13.124170978802761
39,0.14074074074074075,11.698523303398037
39,0.14814814814814814,6.790571891880354
39,0.15555555555555556,9.442448192423837
39,0.16296296296296298,9.377668842372762
39,0.17037037037037037,13.062402108753915
39,0.17777777777777778,16.930574592367865
39,0.1851851851851852,16.952264561458975
39,0.1925925925925926,15.09917079211956
39,0.2,13.576302596967672
39,0.20740740740740743,18.82213346763737
39,0.21481481481481482,7.950867760735139
39,0.22222222222222224,12.386321225790647
39,0.22962962962962963,3.3519712775380106
39,0.23703703703703705,3.823345417105439
39,0.24444444444444446,5.936795402761299
39,0.2518518518518519,13.170055964751588
39,0.25925925925925924,8.145995721675991
39,0.26666666666666666,0.8799027160307448
39,0.2740740740740741,16.914680600081436
39,0.2814814814814815,6.053104595629808
39,0.2888888888888889,14.276469023342969
39,0.2962962962962963,3.1536777652365657
39,0.3037037037037037,15.417828217610671
39,0.3111111111111111,8.46271910214328
39,0.31851851851851853,8.019204378990846
39,0.32592592592592595,2.475458027326514
39,0.33333333333333337,6.200227066758288
39,0.34074074074074073,3.4467704053672352
39,0.34814814814814815,9.037053844777896
39,0.35555555555555557,3.5959747951812866
39,0.362962962962963,12.31775091181073
39,0.3703703703703704,1.944632366990364
39,0.37777777777777777,2.144753568653613
39,0.3851851851851852,17.677381961295808
39,0.3925925925925926,14.864862850902412
39,0.4,3.614254672566543
39,0.40740740740740744,3.4771653699888314
39,0.41481481481481486,7.682424649655767
39,0.4222222222222222,17.999755737726026
39,0.42962962962962964,15.296160217678313
39,0.43703703703703706,2.7677474841943814
39,0.4444444444444445,4.559615075953536
39,0.4518518518518519,8.087236841481124
39,0.45925925925925926,4.226987374889118
39,0.4666666666666667,1.6906860474435816
39,0.4740740740740741,8.671891150248827
39,0.4814814814814815,14.277243630807291
39,0.48888888888888893,9.852108601048485
39,0.4962962962962963,14.576732874043266
40,0.0,2.3092638912203256e-14
40,0.00819672131147541,21.76071194116258
40,0.01639344262295082,13.78058482209985
40,0.02459016393442623,26.002260853512524
40,0.03278688524590164,26.66654748793133
40,0.04098360655737705,3.620112834264508
40,0.04918032786885246,18.511784951839783
40,0.05737704918032787,15.75651276401182
40,0.06557377049180328,12.610907027503435
40,0.07377049180327869,16.124352721752427
40,0.0819672131147541,11.849353846465345
40,0.09016393442622951,2.0417140254639086
40,0.09836065573770492,3.302806284784742
40,0.10655737704918034,6.832459411723236
40,0.11475409836065574,11.137324880646952
40,0.12295081967213116,6.1893714056868445
40,0.13114754098360656,2.9974462371309
40,0.13934426229508198,15.888798544737053
40,0.14754098360655737,6.97080481579965
40,0.1557377049180328,3.4224927278561057
40,0.1639344262295082,6.0259227540101366
40,0.1721311475409836,10.120339874784678
40,0.18032786885245902,2.7747561777904464
40,0.18852459016393444,9.579953639529439
40,0.19672131147540983,2.9427601649713413
40,0.20491803278688525,5.021963129256027
40,0.21311475409836067,8.191976059707947
40,0.2213114754098361,4.34770293734836
40,0.22950819672131148,6.782033410856108
40,0.2377049180327869,5.312457458303113
40,0.24590163934426232,15.786794720662165
40,0.2540983606557377,4.023811270741465
40,0.26229508196721313,7.488945676558604
40,0.27049180327868855,4.303171490437404
40,0.27868852459016397,13.552070908673196
40,0.2868852459016394,6.401347562794467
40,0.29508196721311475,4.40457168394694
40,0.30327868852459017,7.546119459848765
40,0.3114754098360656,6.124407248280567
40,0.319672131147541,8.50022123484076
40,0.3278688524590164,6.434597962132128
40,0.33606557377049184,2.831905121415149
40,0.3442622950819672,11.38705208500689
40,0.3524590163934426,10.977331930207528
40,0.36065573770491804,7.796637794891415
40,0.36885245901639346,20.843706051375854
40,0.3770491803278689,14.078200006450466
40,0.3852459016393443,7.258492150072388
40,0.39344262295081966,18.653824245672457
40,0.4016393442622951,18.898505486354676
40,0.4098360655737705,8.312488382203398
40,0.4180327868852459,2.937132910581228
40,0.42622950819672134,3.649075699162181
40,0.43442622950819676,8.0080650810769
40,0.4426229508196722,7.342448208821121
40,0.45081967213114754,10.59308094994724
40,0.45901639344262296,1.4585320842615772
40,0.4672131147540984,9.574314375256238
40,0.4754098360655738,1.8377539485800287
40,0.4836065573770492,8.96665600976995
40,0.49180327868852464,15.665854707883097
41,0.0,2.6645352591003757e-15
41,0.007518796992481203,15.959272936810548
41,0.015037593984962405,12.126933788039183
41,0.022556390977443608,17.90225792264776
41,0.03007518796992481,10.560743485513058
41,0.03759398496240601,12.123608788850628
41,0.045112781954887216,9.603289774614746
41,0.05263157894736842,1.5523423029711474
41,0.06015037593984962,6.62992290935765
41,0.06766917293233082,3.2560813152482053
41,0.07518796992481203,16.720040476449228
41,0.08270676691729323,13.873392315439657
41,0.09022556390977443,9.507032496454196
41,0.09774436090225563,8.688894085687686
41,0.10526315789473684,5.460452072936053
41,0.11278195488721804,11.059765593397328
41,0.12030075187969924,5.164355255031271
41,0.12781954887218044,5.8811672014064635
41,0.13533834586466165,15.429985661553436
41,0.14285714285714285,9.411146965859519
41,0.15037593984962405,10.035967756824048
41,0.15789473684210525,31.592211076148583
41,0.16541353383458646,10.536517375803866
41,0.17293233082706766,20.370425461925286
41,0.18045112781954886,16.002565472106358
41,0.18796992481203006,7.96298097191392
41,0.19548872180451127,15.45819749823139
41,0.20300751879699247,5.7650127444180415
41,0.21052631578947367,4.645746164264007
41,0.21804511278195488,7.31561826716029
41,0.22556390977443608,11.81615606494696
41,0.23308270676691728,3.63282488421115
41,0.24060150375939848,7.647946489784483
41,0.24812030075187969,13.732723843167458
41,0.2556390977443609,14.876059631748241
41,0.2631578947368421,3.07003274427347
41,0.2706766917293233,12.407119517143855
41,0.2781954887218045,3.047838945971217
41,0.2857142857142857,8.613523836045733
41,0.2932330827067669,12.104863527843472
41,0.3007518796992481,2.4707062222646923
41,0.3082706766917293,3.7023519326864274
41,0.3157894736842105,15.417268205849362
41,0.3233082706766917,8.690728004062617
41,0.3308270676691729,20.335019484164608
41,0.3383458646616541,11.073537921206984
41,0.3458646616541353,7.139448154626996
41,0.3533834586466165,13.101196715610444
41,0.3609022556390977,11.040762151933972
41,0.3684210526315789,12.708364899516978
41,0.37593984962406013,4.167317665679648
41,0.38345864661654133,6.826492835190816
41,0.39097744360902253,7.059814187311773
41,0.39849624060150374,13.02751455687223
41,0.40601503759398494,8.391132853511202
41,0.41353383458646614,9.29564750727454
41,0.42105263157894735,8.651711956302709
41,0.42857142857142855,17.47356432698955
41,0.43609022556390975,7.221114480193464
41,0.44360902255639095,6.550520120973174
41,0.45112781954887216,13.06661246636167
41,0.45864661654135336,15.602716073231456
41,0.46616541353383456,7.5567453111267735
41,0.47368421052631576,2.061725985365765
41,0.48120300751879697,5.194359811762322
41,0.48872180451127817,20.147430148951088
41,0.49624060150375937,5.592246004631775
42,0.0,2.1316282072803006e-14
42,0.008,24.533814566793204
42,0.016,22.6635285687465
42,0.024,18.115679820178286
42,0.032,20.619512723600668
42,0.04,17.499320015997743
42,0.048,15.358747457595337
42,0.056,12.184576076254995
42,0.064,24.106519958652278
42,0.07200000000000001,14.12320817723391
42,0.08,10.317183176237604
42,0.088,6.805751352037103
42,0.096,13.470893652012297
42,0.10400000000000001,3.040149123738256
42,0.112,5.136965932945805
42,0.12,14.875081887467493
42,0.128,9.05543830382071
42,0.136,2.400478178006059
42,0.14400000000000002,0.25585230691631516
42,0.152,5.712645478851067
42,0.16,6.309680385563087
42,0.168,11.643198667277794
42,0.176,12.046361441578343
42,0.184,8.289810110941074
42,0.192,10.186135656331627
42,0.2,0.7611029983628186
42,0.20800000000000002,3.138908952882154
42,0.216,8.736123418809001
42,0.224,8.933908290021238
42,0.232,15.590296084433236
42,0.24,6.6961556455852245
42,0.248,5.946921343620852
42,0.256,5.617940599622632
42,0.264,3.5461502100117634
42,0.272,6.300454334908112
42,0.28,17.170545916557227
42,0.28800000000000003,12.29544820235471
42,0.296,15.635618311089386
42,0.304,4.675920175439126
42,0.312,5.419101535740565
42,0.32,7.311663673322075
42,0.328,3.291577837937636
42,0.336,6.7593173911350615
42,0.34400000000000003,10.53164699961898
42,0.352,5.655067656005663
42,0.36,1.506954529529488
42,0.368,5.193005997446017
42,0.376,16.245980063654606
42,0.384,9.899144074514199
42,0.392,9.020946097109402
42,0.4,4.23570521487415
42,0.40800000000000003,0.727971374293614
42,0.41600000000000004,18.986370078949346
42,0.424,8.914466072130832
42,0.432,6.5594214716123505
42,0.44,11.823788545408073
42,0.448,4.883529011430516
42,0.456,17.34491695667476
42,0.464,6.569681672039126
42,0.47200000000000003,11.346089981870795
42,0.48,7.070102573130505
42,0.488,5.048373343948481
42,0.496,3.711955714044252
43,0.0,1.2434497875801753e-14
43,0.007407407407407408,16.017596251869918
43,0.014814814814814815,22.99386476374215
43,0.022222222222222223,15.36625631150686
43,0.02962962962962963,17.729503504387246
43,0.037037037037037035,5.733994533215139
43,0.044444444444444446,4.951441607151629
43,0.05185185185185186,6.691484384799939
43,0.05925925925925926,13.002754675712698
43,0.06666666666666667,3.2694403755054604
43,0.07407407407407407,3.1186347754818122
43,0.08148148148148149,4.911842980749959
43,0.08888888888888889,7.312614284793613
43,0.0962962962962963,7.012433638415953
43,0.10370370370370371,10.861928001511194
43,0.11111111111111112,2.7307662473253056
43,0.11851851851851852,10.316606582957156
43,0.12592592592592594,2.430616390652053
43,0.13333333333333333,3.887682473643616
43,0.14074074074074075,14.849299713809154
43,0.14814814814814814,17.632668237777494
43,0.15555555555555556,19.631419808820596
43,0.16296296296296298,15.668445877264048
43,0.17037037037037037,13.184615488917318
43,0.17777777777777778,17.285337355046803
43,0.1851851851851852,26.184155037017003
43,0.1925925925925926,2.641864365621221
43,0.2,4.1529438544724
43,0.20740740740740743,10.69756995986483
43,0.21481481481481482,7.110268172789987
43,0.22222222222222224,5.838529090619997
43,0.22962962962962963,6.846991959663608
43,0.23703703703703705,3.3380346008679966
43,0.24444444444444446,2.232048151311282
43,0.2518518518518519,12.403860758813797
43,0.25925925925925924,9.241461388005614
43,0.26666666666666666,5.3334313706038285
43,0.2740740740740741,18.06343002540064
43,0.2814814814814815,3.599444378431273
43,0.2888888888888889,13.440275825251396
43,0.2962962962962963,8.742507859291399
43,0.3037037037037037,5.901365381674083
43,0.3111111111111111,3.0349916861703248
43,0.31851851851851853,8.49647516251608
43,0.32592592592592595,6.901980501937894
43,0.33333333333333337,18.072368324941213
43,0.34074074074074073,5.965086760683775
43,0.34814814814814815,19.684759018510494
43,0.35555555555555557,7.933769976783874
43,0.362962962962963,15.450909160598815
43,0.3703703703703704,4.065276174912882
43,0.37777777777777777,20.061780539645014
43,0.3851851851851852,9.455981802016087
43,0.3925925925925926,20.352411677366806
43,0.4,6.925130368403337
43,0.40740740740740744,19.01762175472847
43,0.41481481481481486,6.168139118231696
43,0.4222222222222222,6.865433192281111
43,0.42962962962962964,10.92941618288832
43,0.43703703703703706,14.0115205788356
43,0.4444444444444445,8.002240228510665
43,0.4518518518518519,14.974381164447973
43,0.45925925925925926,9.862778797524168
43,0.4666666666666667,8.161399043091537
43,0.4740740740740741,8.661079803601165
43,0.4814814814814815,6.519797625613082
43,0.48888888888888893,6.682940419811772
43,0.4962962962962963,8.472398576527407
44,0.0,6.217248937900877e-15
44,0.007633587786259542,25.47154371945978
44,0.015267175572519083,19.38401837091229
44,0.022900763358778626,17.353631916439507
44,0.030534351145038167,24.052106457567675
44,0.03816793893129771,22.11914191537912
44,0.04580152671755725,8.004833265699013
44,0.05343511450381679,13.814347178534629
44,0.061068702290076333,16.801154153469533
44,0.06870229007633588,8.221619941902606
44,0.07633587786259542,2.820719760604095
44,0.08396946564885496,17.70480577845173
44,0.0916030534351145,14.991492367835493
44,0.09923664122137404,9.417433662133181
44,0.10687022900763359,7.967165576915034
44,0.11450381679389313,11.911169084002136
44,0.12213740458015267,13.204601065614652
44,0.1297709923664122,4.829799956644857
44,0.13740458015267176,11.263965604876567
44,0.1450381679389313,8.584851045438532
44,0.15267175572519084,14.206811083076623
44,0.16030534351145037,13.656214791152657
44,0.16793893129770993,5.823877100295203
44,0.17557251908396945,13.792831671101263
44,0.183206106870229,5.936137376727947
44,0.19083969465648853,12.857936119546384
44,0.1984732824427481,12.404050585813286
44,0.20610687022900762,5.257670159658614
44,0.21374045801526717,4.200665350163727
44,0.2213740458015267,10.062947166607367
44,0.22900763358778625,5.830037647333645
44,0.23664122137404578,10.369085834148636
44,0.24427480916030533,7.40829396468443
44,0.25190839694656486,11.176710850605467
44,0.2595419847328244,4.444707944416818
44,0.26717557251908397,14.213950498679846
44,0.2748091603053435,10.857489493808023
44,0.282442748091603,6.385536101634437
44,0.2900763358778626,5.212607184789597
44,0.29770992366412213,2.404152461310628
44,0.3053435114503817,20.218330254570603
44,0.3129770992366412,9.722139947558588
44,0.32061068702290074,0.648822989252896
44,0.3282442748091603,4.468035369654389
44,0.33587786259541985,5.439114054072763
44,0.34351145038167935,11.095744171557596
44,0.3511450381679389,6.256697475560257
44,0.35877862595419846,12.098699607912554
44,0.366412213740458,12.446265418679465
44,0.37404580152671757,12.598602384614129
44,0.38167938931297707,13.412835625413807
44,0.3893129770992366,9.449720965648137
44,0.3969465648854962,3.1928891514166398
44,0.40458015267175573,9.778505334738261
44,0.41221374045801523,8.425718310143088
44,0.4198473282442748,13.439865645123588
44,0.42748091603053434,15.664601379122615
44,0.4351145038167939,5.06176445264125
44,0.4427480916030534,5.6692699981055155
44,0.45038167938931295,9.28954735828443
44,0.4580152671755725,7.070466132786079
44,0.46564885496183206,7.688076922019847
44,0.47328244274809156,3.642204112878008
44,0.4809160305343511,1.6238378669861255
44,0.48854961832061067,8.017970453115973
44,0.4961832061068702,10.710238142328123
45,0.0,7.105427357601002e-15
45,0.007194244604316547,18.62516691463741
45,0.014388489208633094,13.659952859818402
45,0.02158273381294964,21.8310999499184
45,0.02877697841726619,7.641894800369966
45,0.03597122302158273,14.557740311716607
45,0.04316546762589928,18.534383657527652
45,0.05035971223021583,22.130012416449453
45,0.05755395683453238,6.356195513331411
45,0.06474820143884892,18.952978906581293
45,0.07194244604316546,6.670005898652233
45,0.07913669064748202,7.948104040948372
45,0.08633093525179857,2.8104365552628807
45,0.09352517985611511,7.782145115725544
45,0.10071942446043167,18.345437423014104
45,0.10791366906474821,2.959791545467806
45,0.11510791366906475,6.318691155074838
45,0.1223021582733813,6.548301223277718
45,0.12949640287769784,7.699811214161446
45,0.1366906474820144,6.009590614365441
45,0.14388489208633093,12.766299813958035
45,0.1510791366906475,1.4719031071228934
45,0.15827338129496404,3.6952433241489313
45,0.16546762589928057,6.999141497699361
45,0.17266187050359713,6.647866992177574
45,0.1798561151079137,19.037288274523394
45,0.18705035971223022,9.693239661193976
45,0.19424460431654678,1.322572935115287
45,0.20143884892086333,11.08137787542109
45,0.20863309352517986,4.706041253711996
45,0.21582733812949642,14.751816666935177
45,0.22302158273381295,3.7702465188000276
45,0.2302158273381295,8.45346886106007
45,0.23741007194244607,3.2909145370963873
45,0.2446043165467626,14.477705703511589
45,0.2517985611510791,3.9191269535101343
45,0.2589928057553957,1.0046028275052228
45,0.26618705035971224,3.8073546113656445
45,0.2733812949640288,15.464106098843477
45,0.28057553956834536,15.073781308460413
45,0.28776978417266186,2.2192814668282974
45,0.2949640287769784,10.84946009749666
45,0.302158273381295,9.317019886038283
45,0.30935251798561153,5.264562955721284
45,0.3165467625899281,22.44422749096994
45,0.32374100719424465,12.843028782739234
45,0.33093525179856115,8.738310260811083
45,0.3381294964028777,16.04319606693254
45,0.34532374100719426,18.450890804960746
45,0.3525179856115108,12.206864723919285
45,0.3597122302158274,1.07472370452162
45,0.3669064748201439,8.566264885860482
45,0.37410071942446044,8.70002406527125
45,0.381294964028777,12.602273294674912
45,0.38848920863309355,19.16843532033727
45,0.3956834532374101,4.319363277053846
45,0.40287769784172667,9.080569846652898
45,0.41007194244604317,12.054198798658714
45,0.4172661870503597,11.008928101242859
45,0.4244604316546763,14.652990345911864
45,0.43165467625899284,9.596889514368485
45,0.4388489208633094,11.929420111752057
45,0.4460431654676259,7.773631246463599
45,0.45323741007194246,14.052728710646123
45,0.460431654676259,18.327049664897665
45,0.4676258992805756,8.710111880997111
45,0.47482014388489213,18.158151274213388
45,0.48201438848920863,13.86894608092121
45,0.4892086330935252,11.598411593284295
45,0.49640287769784175,1.7514506717032612
46,0.0,3.1086244689504383e-15
46,0.007246376811594203,21.241664794175414
46,0.014492753623188406,27.008661064328187
46,0.021739130434782608,12.965005553550613
46,0.028985507246376812,13.307273626888819
46,0.036231884057971016,3.9028674269851438
46,0.043478260869565216,6.35676994060042
46,0.050724637681159424,10.174552041412944
46,0.057971014492753624,10.832101029193364
46,0.06521739130434782,15.908870677715077
46,0.07246376811594203,12.78014121908266
46,0.07971014492753624,7.4723812265440355
46,0.08695652173913043,15.15129577160634
46,0.09420289855072464,6.602636484841802
46,0.10144927536231885,20.50900162398691
46,0.10869565217391304,18.527981024806593
46,0.11594202898550725,16.75786509745171
46,0.12318840579710146,11.278894551771574
46,0.13043478260869565,13.985807504116085
46,0.13768115942028986,8.239150401892697
46,0.14492753623188406,15.29956880749638
46,0.15217391304347827,5.354249693530004
46,0.15942028985507248,2.4179946388884583
46,0.16666666666666666,8.255106649175374
46,0.17391304347826086,8.734834411724808
46,0.18115942028985507,4.752316980001715
46,0.18840579710144928,3.1371943669565363
46,0.1956521739130435,11.909337975606675
46,0.2028985507246377,20.009487192438115
46,0.21014492753623187,9.948421661997534
46,0.21739130434782608,16.511514271301568
46,0.2246376811594203,3.8224385181218423
46,0.2318840579710145,11.638268739968218
46,0.2391304347826087,7.609812982023108
46,0.2463768115942029,9.15598888105873
46,0.2536231884057971,13.126062391005833
46,0.2608695652173913,4.527196582523509
46,0.26811594202898553,6.3094542094337625
46,0.2753623188405797,12.80933652343393
46,0.2826086956521739,10.250175007478973
46,0.2898550724637681,5.052603996398565
46,0.2971014492753623,17.736423794097934
46,0.30434782608695654,12.563768125675244
46,0.3115942028985507,8.268347518802589
46,0.31884057971014496,13.087002594761382
46,0.32608695652173914,3.7341493588511696
46,0.3333333333333333,8.485310676783866
46,0.34057971014492755,5.97634477033965
46,0.34782608695652173,21.12692754710782
46,0.35507246376811596,10.916217179580846
46,0.36231884057971014,18.887559782743406
46,0.3695652173913044,8.567749050451377
46,0.37681159420289856,10.545819994776858
46,0.38405797101449274,7.257155444573628
46,0.391304347826087,4.739964473561847
46,0.39855072463768115,14.548816773857336
46,0.4057971014492754,5.065226185723809
46,0.41304347826086957,14.300056191351572
46,0.42028985507246375,3.8395582159545043
46,0.427536231884058,10.097726143005428
46,0.43478260869565216,9.442162392364205
46,0.4420289855072464,8.264074606416964
46,0.4492753623188406,2.6166657879535635
46,0.4565217391304348,11.49836803684311
46,0.463768115942029,12.456597460526057
46,0.47101449275362317,4.88227375136379
46,0.4782608695652174,13.217283185197669
46,0.4855072463768116,5.618233871471485
46,0.4927536231884058,10.073238645688708
47,0.0,1.4876988529977098e-14
47,0.007874015748031496,26.931238773616407
47,0.015748031496062992,14.894594726933065
47,0.023622047244094488,13.740612829298621
47,0.031496062992125984,18.207622304635066
47,0.03937007874015748,13.409191259053179
47,0.047244094488188976,7.664648757240411
47,0.05511811023622047,17.931519516166176
47,0.06299212598425197,22.650999180133322
47,0.07086614173228346,16.120877398570695
47,0.07874015748031496,7.538493061915151
47,0.08661417322834646,19.108323337442176
47,0.09448818897637795,11.871010370568623
47,0.10236220472440945,6.761749303494701
47,0.11023622047244094,5.779724651379276
47,0.11811023622047244,3.491506916154478
47,0.12598425196850394,8.422518427934685
47,0.13385826771653542,9.976048755038455
47,0.14173228346456693,4.882391733963721
47,0.14960629921259844,2.9457447813529476
47,0.15748031496062992,6.188985059725916
47,0.1653543307086614,13.602546971378091
47,0.1732283464566929,4.283777953310176
47,0.18110236220472442,7.0711958677170825
47,0.1889763779527559,4.680892562174164
47,0.19685039370078738,8.724455122420443
47,0.2047244094488189,13.970530440343946
47,0.2125984251968504,7.677531385484406
47,0.2204724409448819,18.810110185185266
47,0.22834645669291337,9.516517200762637
47,0.23622047244094488,9.028538588650575
47,0.2440944881889764,8.631338680935107
47,0.25196850393700787,8.358260546916839
47,0.25984251968503935,3.9216498183290764
47,0.26771653543307083,9.25520311876893
47,0.2755905511811024,7.855355717905573
47,0.28346456692913385,4.401974648642064
47,0.29133858267716534,12.168353476270543
47,0.2992125984251969,5.528743787450732
47,0.30708661417322836,4.088798599060583
47,0.31496062992125984,9.945070438014316
47,0.3228346456692913,11.504051144373443
47,0.3307086614173228,13.021195952202069
47,0.33858267716535434,26.946476428626266
47,0.3464566929133858,10.091726770382385
47,0.3543307086614173,7.64268165552706
47,0.36220472440944884,5.494497698785382
47,0.3700787401574803,3.4737285059894734
47,0.3779527559055118,8.087341468476945
47,0.3858267716535433,10.948177368280483
47,0.39370078740157477,9.8296083501436
47,0.4015748031496063,12.345843736365389
47,0.4094488188976378,12.368635669937524
47,0.41732283464566927,0.17434913156536988
47,0.4251968503937008,9.65357668478987
47,0.4330708661417323,10.239084351293942
47,0.4409448818897638,12.21473082798513
47,0.44881889763779526,5.29879946136467
47,0.45669291338582674,9.934285789582022
47,0.4645669291338583,8.899114116180169
47,0.47244094488188976,11.854540850233702
47,0.48031496062992124,6.05330178453931
47,0.4881889763779528,5.4283930638175555
47,0.49606299212598426,6.218746331654701
48,0.0,1.6653345369377348e-14
48,0.007874015748031496,34.10604175892663
48,0.015748031496062992,21.71993298157652
48,0.023622047244094488,16.575182768137292
48,0.031496062992125984,15.60302807173642
48,0.03937007874015748,19.20935145028923
48,0.047244094488188976,11.8779943124116
48,0.05511811023622047,12.57814609122721
48,0.06299212598425197,12.929673924372205
48,0.07086614173228346,3.9788829595085464
48,0.07874015748031496,5.52466009131706
48,0.08661417322834646,7.100319297210688
48,0.09448818897637795,10.994387579296847
48,0.10236220472440945,19.772636609113185
48,0.11023622047244094,3.368386037889679
48,0.11811023622047244,2.4334051692734278
48,0.12598425196850394,7.51513617790793
48,0.13385826771653542,2.4241686323174974
48,0.14173228346456693,4.363743480575838
48,0.14960629921259844,7.286056152026256
48,0.15748031496062992,4.4164638269981245
48,0.1653543307086614,2.558240864967084
48,0.1732283464566929,14.432520705546219
48,0.18110236220472442,15.157678746156414
48,0.1889763779527559,11.969524008079313
48,0.19685039370078738,8.811004975819545
48,0.2047244094488189,8.183146442119567
48,0.2125984251968504,12.38231165819826
48,0.2204724409448819,16.31243805952944
48,0.22834645669291337,14.750721006847897
48,0.23622047244094488,5.500275223346552
48,0.2440944881889764,5.48450834178179
48,0.25196850393700787,2.5096073398665975
48,0.25984251968503935,5.486343987087606
48,0.26771653543307083,10.196537988956964
48,0.2755905511811024,13.023405086260649
48,0.28346456692913385,13.173911452137272
48,0.29133858267716534,16.29409132810112
48,0.2992125984251969,13.133636520253038
48,0.30708661417322836,2.2356444261886836
48,0.31496062992125984,4.330899576766904
48,0.3228346456692913,6.9942241971021994
48,0.3307086614173228,11.311766739632073
48,0.33858267716535434,14.073936447965837
48,0.3464566929133858,8.98500208599307
48,0.3543307086614173,17.727794313350504
48,0.36220472440944884,5.604091309781915
48,0.3700787401574803,5.4089285859042855
48,0.3779527559055118,4.9365626719496225
48,0.3858267716535433,6.497267804022567
48,0.39370078740157477,6.201283191526546
48,0.4015748031496063,8.628668796532944
48,0.4094488188976378,1.8314634892252
48,0.41732283464566927,11.927533198381088
48,0.4251968503937008,16.18452496773733
48,0.4330708661417323,3.06768427691519
48,0.4409448818897638,7.500208737590786
48,0.44881889763779526,4.4157903047983895
48,0.45669291338582674,8.172808228795692
48,0.4645669291338583,9.953873655756958
48,0.47244094488188976,4.0621497547495
48,0.48031496062992124,5.789934959974367
48,0.4881889763779528,12.451818658381775
48,0.49606299212598426,6.866051384750119
49,0.0,1.1546319456101628e-14
49,0.008064516129032258,30.150450404971444
49,0.016129032258064516,17.85199392794287
49,0.024193548387096774,16.34862332366072
49,0.03225806451612903,10.975034430432185
49,0.04032258064516129,12.5936788513401
49,0.04838709677419355,12.317449510147572
49,0.056451612903225805,11.912357535564636
49,0.06451612903225806,13.378576812415787
49,0.07258064516129031,14.068201120308084
49,0.08064516129032258,17.818010815427453
49,0.08870967741935484,19.11854745483597
49,0.0967741935483871,14.67680261424237
49,0.10483870967741934,16.810787105981902
49,0.11290322580645161,6.686059902083605
49,0.12096774193548387,5.1792513372257165
49,0.12903225806451613,13.215645957064863
49,0.13709677419354838,11.365478072263816
49,0.14516129032258063,3.6738564364920894
49,0.1532258064516129,3.3163721391481507
49,0.16129032258064516,6.684311141459793
49,0.1693548387096774,4.443382048094143
49,0.1774193548387097,3.190876993417627
49,0.18548387096774194,6.570999358727205
49,0.1935483870967742,5.095725515561397
49,0.20161290322580644,11.822448850080171
49,0.2096774193548387,9.024405751212129
49,0.21774193548387097,3.774857117878519
49,0.22580645161290322,6.320206886515208
49,0.23387096774193547,4.476995463250126
49,0.24193548387096775,9.446937046089166
49,0.25,7.426344633610669
49,0.25806451612903225,12.540334612532462
49,0.2661290322580645,10.323389139342167
49,0.27419354838709675,11.485963305461457
49,0.282258064516129,6.693297714737754
49,0.29032258064516125,3.728260094037073
49,0.29838709677419356,3.3454790664594305
49,0.3064516129032258,13.98903707480877
49,0.31451612903225806,8.08676370601708
49,0.3225806451612903,16.53147293157765
49,0.33064516129032256,7.4167578122419835
49,0.3387096774193548,3.5725353047013395
49,0.34677419354838707,8.476106803504447
49,0.3548387096774194,7.9863725731414705
49,0.3629032258064516,4.908049386334655
49,0.3709677419354839,10.262996474950747
49,0.3790322580645161,6.35812496152516
49,0.3870967741935484,6.410089415227951
49,0.3951612903225806,11.743232509871394
49,0.4032258064516129,17.237839043237123
49,0.41129032258064513,13.13389758100599
49,0.4193548387096774,3.0332609661797827
49,0.4274193548387097,11.417106460505169
49,0.43548387096774194,10.249233503881769
49,0.4435483870967742,6.064330960465444
49,0.45161290322580644,13.024612884731965
49,0.4596774193548387,11.613564889880937
49,0.46774193548387094,2.1264949165757825
49,0.4758064516129032,5.0163566592062
49,0.4838709677419355,15.44981954208904
49,0.49193548387096775,12.930779329038696
50,0.0,2.7533531010703882e-14
50,0.008403361344537815,19.177435621940347
50,0.01680672268907563,18.022064024357373
50,0.025210084033613446,11.733084015122376
50,0.03361344537815126,10.135758044245069
50,0.04201680672268907,9.080207821680634
50,0.05042016806722689,6.574550845563567
50,0.058823529411764705,13.404741331275504
50,0.06722689075630252,16.597675975482336
50,0.07563025210084033,11.825071905057381
50,0.08403361344537814,13.176434977502325
50,0.09243697478991596,14.179508676848702
50,0.10084033613445378,4.257507372408301
50,0.1092436974789916,10.825007489501782
50,0.11764705882352941,8.378536915386569
50,0.12605042016806722,4.052878104225504
50,0.13445378151260504,5.754500763612399
50,0.14285714285714285,3.6983748797215292
50,0.15126050420168066,5.464639960903177
50,0.15966386554621848,18.955580611875007
50,0.1680672268907563,9.446120221219251
50,0.1764705882352941,14.165335449765207
50,0.18487394957983191,5.188486899265686
50,0.19327731092436973,16.585549750182217
50,0.20168067226890757,1.7183955115340557
50,0.21008403361344538,11.65108711644753
50,0.2184873949579832,6.478529825942566
50,0.226890756302521,14.293753151988046
50,0.23529411764705882,11.660109726339417
50,0.24369747899159663,11.945715290080443
50,0.25210084033613445,13.197900963596366
50,0.26050420168067223,22.632391821269565
50,0.2689075630252101,1.0395398771492323
50,0.2773109243697479,14.27403604204501
50,0.2857142857142857,2.0633307922227533
50,0.29411764705882354,11.68230606986893
50,0.3025210084033613,4.485067331843685
50,0.31092436974789917,7.546216921442752
50,0.31932773109243695,7.555614862218646
50,0.3277310924369748,7.052065806952194
50,0.3361344537815126,8.447867465121648
50,0.3445378151260504,7.352373213019362
50,0.3529411764705882,9.16385056975357
50,0.36134453781512604,8.997812300403735
50,0.36974789915966383,4.5906299180645025
50,0.37815126050420167,7.94499606383314
50,0.38655462184873945,13.035977629456879
50,0.3949579831932773,8.994725973428022
50,0.40336134453781514,13.82376950845687
50,0.4117647058823529,5.123505637387353
50,0.42016806722689076,16.170380061235498
50,0.42857142857142855,8.753915432289544
50,0.4369747899159664,10.829621178255888
50,0.4453781512605042,2.6914972522216156
50,0.453781512605042,10.410924035516821
50,0.4621848739495798,11.133948474430378
50,0.47058823529411764,12.195615790458236
50,0.4789915966386554,6.797022254326873
50,0.48739495798319327,13.036777936091896
50,0.49579831932773105,4.501506813813956
51,0.0,1.1546319456101628e-14
51,0.007407407407407408,17.39975851522992
51,0.014814814814814815,16.52806563359731
51,0.022222222222222223,23.460066188647307
51,0.02962962962962963,24.344968268060573
51,0.037037037037037035,11.472033195418724
51,0.044444444444444446,12.900005201131988
51,0.05185185185185186,18.064657313324872
51,0.05925925925925926,19.9213521912271
51,0.06666666666666667,10.44357347544355
51,0.07407407407407407,11.546742508934296
51,0.08148148148148149,8.179031423229093
51,0.08888888888888889,2.5907651074910683
51,0.0962962962962963,9.977087642389815
51,0.10370370370370371,2.0392985783036734
51,0.11111111111111112,13.75208860963369
51,0.11851851851851852,8.844474509932985
51,0.12592592592592594,11.52442696424219
51,0.13333333333333333,11.972756516451884
51,0.14074074074074075,9.184602596091322
51,0.14814814814814814,8.084251435426081
51,0.15555555555555556,18.90102747718875
51,0.16296296296296298,14.695650786404208
51,0.17037037037037037,9.74074348753591
51,0.17777777777777778,12.607279075785073
51,0.1851851851851852,8.132474955625208
51,0.1925925925925926,4.471516547889876
51,0.2,7.11149681856984
51,0.20740740740740743,5.388498071613844
51,0.21481481481481482,12.761588476881606
51,0.22222222222222224,12.642514241820347
51,0.22962962962962963,14.059430531324558
51,0.23703703703703705,10.96223639727313
51,0.24444444444444446,12.503790465327555
51,0.2518518518518519,12.207985291779064
51,0.25925925925925924,9.339565806523092
51,0.26666666666666666,3.2675153830447496
51,0.2740740740740741,7.289299854682809
51,0.2814814814814815,4.870277456124853
51,0.2888888888888889,4.414458083711216
51,0.2962962962962963,16.20307445999315
51,0.3037037037037037,3.5196444472332487
51,0.3111111111111111,22.198112607492334
51,0.31851851851851853,9.000641450316198
51,0.32592592592592595,6.124655230123355
51,0.33333333333333337,8.905902760802327
51,0.34074074074074073,15.53505868207465
51,0.34814814814814815,7.204379885991439
51,0.35555555555555557,2.4706712954092347
51,0.362962962962963,8.176049586751027
51,0.3703703703703704,2.6066801581741994
51,0.37777777777777777,13.147105837220412
51,0.3851851851851852,4.198652109219724
51,0.3925925925925926,7.354832113209685
51,0.4,10.118262146144465
51,0.40740740740740744,11.42245100537503
51,0.41481481481481486,8.848960877137667
51,0.4222222222222222,19.767760529396504
51,0.42962962962962964,17.725991691348067
51,0.43703703703703706,8.374904854402672
51,0.4444444444444445,8.65423134790181
51,0.4518518518518519,5.27406010573472
51,0.45925925925925926,11.260606201593214
51,0.4666666666666667,9.505061297359735
51,0.4740740740740741,6.0240001997168005
51,0.4814814814814815,8.20989604660241
51,0.48888888888888893,4.916599381811146
51,0.4962962962962963,3.0618062281182676
52,0.0,1.1546319456101628e-14
52,0.007692307692307693,15.599487668944894
52,0.015384615384615385,14.156536685092792
52,0.023076923076923078,18.767393504497896
52,0.03076923076923077,24.764649080888145
52,0.038461538461538464,21.002784005033924
52,0.046153846153846156,8.80460507073926
52,0.05384615384615385,11.931208894003179
52,0.06153846153846154,20.882825255765926
52,0.06923076923076923,9.909532014971255
52,0.07692307692307693,19.842351536525793
52,0.08461538461538462,17.30851712361142
52,0.09230769230769231,15.061927519543953
52,0.1,10.763987984497131
52,0.1076923076923077,11.392270259629965
52,0.11538461538461539,12.823367590098849
52,0.12307692307692308,13.492792621806617
52,0.13076923076923078,11.799200880282871
52,0.13846153846153847,8.89039556048287
52,0.14615384615384616,2.7366223294639465
52,0.15384615384615385,11.522332438783314
52,0.16153846153846155,2.9763036954537236
52,0.16923076923076924,2.856013277607287
52,0.17692307692307693,4.147075282493382
52,0.18461538461538463,16.67204402564598
52,0.19230769230769232,9.812396632822667
52,0.2,7.598083281314978
52,0.2076923076923077,7.710134137823515
52,0.2153846153846154,7.974413319543223
52,0.2230769230769231,9.6089165052402
52,0.23076923076923078,5.259282930277671
52,0.23846153846153847,20.85149714118984
52,0.24615384615384617,14.588787662345327
52,0.25384615384615383,6.842286854933609
52,0.26153846153846155,12.178466624493517
52,0.2692307692307693,12.5886038752889
52,0.27692307692307694,6.86505926689335
52,0.2846153846153846,4.837546735817633
52,0.2923076923076923,5.818433862647569
52,0.30000000000000004,5.021445942955954
52,0.3076923076923077,12.042316821075257
52,0.3153846153846154,9.086052534552532
52,0.3230769230769231,7.998902037140639
52,0.3307692307692308,12.675330408172977
52,0.3384615384615385,6.049725505020161
52,0.34615384615384615,13.761743728598335
52,0.35384615384615387,5.6573219882189
52,0.3615384615384616,6.172418643099681
52,0.36923076923076925,6.935957580031563
52,0.3769230769230769,6.856090951425073
52,0.38461538461538464,8.602412059650614
52,0.39230769230769236,12.3164818873706
52,0.4,6.020563783010026
52,0.4076923076923077,4.2709892990310685
52,0.4153846153846154,11.24705287065428
52,0.42307692307692313,13.491468350880725
52,0.4307692307692308,11.345524996674447
52,0.43846153846153846,8.592711674988749
52,0.4461538461538462,6.746399014022446
52,0.4538461538461539,2.399879452246576
52,0.46153846153846156,4.131071692618703
52,0.46923076923076923,9.322315510467012
52,0.47692307692307695,4.920880918152202
52,0.48461538461538467,15.664460722285744
52,0.49230769230769234,4.2402489763138265
53,0.0,4.440892098500626e-15
53,0.006944444444444444,34.52321921438623
53,0.013888888888888888,24.97998091265862
53,0.020833333333333332,32.18795502155945
53,0.027777777777777776,18.01753155785136
53,0.034722222222222224,19.876025221233036
53,0.041666666666666664,23.108318562940863
53,0.048611111111111105,19.566961281867098
53,0.05555555555555555,14.59503615416476
53,0.0625,12.635479682983798
53,0.06944444444444445,11.422929040389548
53,0.07638888888888888,8.942320348554768
53,0.08333333333333333,9.783207602676596
53,0.09027777777777778,16.00290239680048
53,0.09722222222222221,10.805111841043093
53,0.10416666666666666,17.139802278646677
53,0.1111111111111111,12.157841573957096
53,0.11805555555555555,11.095040365670785
53,0.125,2.6546272163115527
53,0.13194444444444445,5.036450396275972
53,0.1388888888888889,3.1887971520350145
53,0.14583333333333331,7.3077528705547286
53,0.15277777777777776,7.0229670275241665
53,0.1597222222222222,9.686832503758929
53,0.16666666666666666,2.0301234683313396
53,0.1736111111111111,2.1543755483078524
53,0.18055555555555555,8.289713120905937
53,0.1875,4.861877962905538
53,0.19444444444444442,14.391864714306541
53,0.20138888888888887,8.786575847834502
53,0.20833333333333331,7.442838713795436
53,0.21527777777777776,3.791629490231614
53,0.2222222222222222,11.384073533043251
53,0.22916666666666666,7.084532976263693
53,0.2361111111111111,10.99710406832938
53,0.24305555555555555,14.155598625249027
53,0.25,6.634461312401391
53,0.2569444444444444,5.184036781557332
53,0.2638888888888889,1.0657689007718032
53,0.2708333333333333,1.0932957065945965
53,0.2777777777777778,9.915004348261062
53,0.2847222222222222,14.089920590946102
53,0.29166666666666663,10.57902975188952
53,0.2986111111111111,6.747274481225325
53,0.3055555555555555,2.7309507262865376
53,0.3125,2.02047084078342
53,0.3194444444444444,5.205815628020776
53,0.3263888888888889,11.331202024429258
53,0.3333333333333333,6.309482723523918
53,0.34027777777777773,14.169057554564668
53,0.3472222222222222,4.951297728150593
53,0.35416666666666663,10.517908676095884
53,0.3611111111111111,9.854152624009298
53,0.3680555555555555,2.997674082526016
53,0.375,4.199751656496758
53,0.3819444444444444,18.948683567163766
53,0.38888888888888884,12.811948376364969
53,0.3958333333333333,10.078268252303825
53,0.40277777777777773,7.690084133414229
53,0.4097222222222222,4.075143611055426
53,0.41666666666666663,12.940526909496533
53,0.4236111111111111,8.630356165598446
53,0.4305555555555555,13.078027804736047
53,0.4375,0.5843111129937382
53,0.4444444444444444,2.447020637548063
53,0.45138888888888884,5.62200071661068
53,0.4583333333333333,13.505643668671738
53,0.46527777777777773,7.89430352388291
53,0.4722222222222222,14.617882477435936
53,0.47916666666666663,12.40638901769537
53,0.4861111111111111,7.440330437906942
53,0.4930555555555555,7.355173211391594
54,0.0,6.217248937900877e-15
54,0.006993006993006993,19.11087774072433
54,0.013986013986013986,22.773755760719112
54,0.02097902097902098,15.688293143141232
54,0.027972027972027972,21.515394966494892
54,0.03496503496503497,8.584247216143357
54,0.04195804195804196,6.540779757511372
54,0.04895104895104895,15.329795223747961
54,0.055944055944055944,13.642993734585723
54,0.06293706293706294,15.930102841756675
54,0.06993006993006994,16.343598813356802
54,0.07692307692307693,8.071812374503557
54,0.08391608391608392,3.6455709123226114
54,0.09090909090909091,13.911855557027383
54,0.0979020979020979,5.0966165184404915
54,0.1048951048951049,6.441376969187517
54,0.11188811188811189,2.79584688054943
54,0.11888111888111888,12.485188106595855
54,0.1258741258741259,18.543724155715783
54,0.13286713286713286,4.930231175335145
54,0.13986013986013987,13.651916431686608
54,0.14685314685314685,15.302872335048264
54,0.15384615384615385,1.957960712382214
54,0.16083916083916083,11.957591502734857
54,0.16783216783216784,6.86960366682037
54,0.17482517482517482,6.41662120469689
54,0.18181818181818182,13.483724182302925
54,0.1888111888111888,13.807199544633828
54,0.1958041958041958,16.485643719904097
54,0.20279720279720279,4.53241122952552
54,0.2097902097902098,5.604645849959387
54,0.21678321678321677,7.193363644498259
54,0.22377622377622378,10.658393325728195
54,0.23076923076923078,12.670526906881953
54,0.23776223776223776,3.5544947500612905
54,0.24475524475524477,12.121867073970835
54,0.2517482517482518,9.331957998623581
54,0.25874125874125875,7.33757029573705
54,0.26573426573426573,12.75502119994937
54,0.2727272727272727,10.350937676730922
54,0.27972027972027974,15.761189895750885
54,0.2867132867132867,7.773383810682882
54,0.2937062937062937,9.584286246195056
54,0.3006993006993007,14.95161050050414
54,0.3076923076923077,11.977040362095073
54,0.3146853146853147,4.8834887543475105
54,0.32167832167832167,15.20788783016576
54,0.32867132867132864,3.864541164057725
54,0.3356643356643357,15.553907728020166
54,0.34265734265734266,4.254363917993395
54,0.34965034965034963,3.85796766513489
54,0.35664335664335667,8.802513778853832
54,0.36363636363636365,7.631784524048716
54,0.3706293706293706,3.509869261642461
54,0.3776223776223776,3.335051025633679
54,0.38461538461538464,13.925174377619882
54,0.3916083916083916,11.991483515649426
54,0.3986013986013986,19.853603276661353
54,0.40559440559440557,9.996548228271239
54,0.4125874125874126,7.041403297537954
54,0.4195804195804196,10.153166321051618
54,0.42657342657342656,5.522057558998043
54,0.43356643356643354,5.745020246761215
54,0.4405594405594406,15.319091941096799
54,0.44755244755244755,13.319059231669574
54,0.45454545454545453,19.951834709841652
54,0.46153846153846156,14.59469927017754
54,0.46853146853146854,7.528553427205509
54,0.4755244755244755,18.32101779982891
54,0.4825174825174825,15.962933701218146
54,0.48951048951048953,15.649081213698896
54,0.4965034965034965,4.315899825530631
55,0.0,1.687538997430238e-14
55,0.007194244604316547,23.90806611660011
55,0.014388489208633094,16.099499603794566
55,0.02158273381294964,16.710153919322252
55,0.02877697841726619,18.294972160254602
55,0.03597122302158273,11.113408771216962
55,0.04316546762589928,9.308341742995799
55,0.05035971223021583,8.05876786554278
55,0.05755395683453238,9.141602460525124
55,0.06474820143884892,3.214486183746829
55,0.07194244604316546,6.420575992539641
55,0.07913669064748202,13.585854537283812
55,0.08633093525179857,5.514466780319161
55,0.09352517985611511,16.442272261731752
55,0.10071942446043167,15.844592209448338
55,0.10791366906474821,18.762059571965942
55,0.11510791366906475,23.152767401798098
55,0.1223021582733813,16.523926792870803
55,0.12949640287769784,12.743920481141338
55,0.1366906474820144,1.8494056424315792
55,0.14388489208633093,5.036023133510635
55,0.1510791366906475,8.040815580617533
55,0.15827338129496404,10.741696037217322
55,0.16546762589928057,3.877605976496026
55,0.17266187050359713,10.18989503261752
55,0.1798561151079137,9.317270733158036
55,0.18705035971223022,7.557634839965191
55,0.19424460431654678,12.690736577719822
55,0.20143884892086333,6.625370655043182
55,0.20863309352517986,13.938930204483977
55,0.21582733812949642,28.849257675520644
55,0.22302158273381295,9.906124636188121
55,0.2302158273381295,6.8006371674632655
55,0.23741007194244607,10.338265532570968
55,0.2446043165467626,18.555835421061055
55,0.2517985611510791,1.6812760425427957
55,0.2589928057553957,10.523956321366859
55,0.26618705035971224,15.608701703900586
55,0.2733812949640288,12.134350675768712
55,0.28057553956834536,5.862351309638113
55,0.28776978417266186,5.379956683228201
55,0.2949640287769784,12.526089950859381
55,0.302158273381295,4.493567413320869
55,0.30935251798561153,8.102964036813262
55,0.3165467625899281,11.38806035205118
55,0.32374100719424465,14.22946724887189
55,0.33093525179856115,14.822372164837258
55,0.3381294964028777,13.721618211830743
55,0.34532374100719426,5.96553865039432
55,0.3525179856115108,7.87219902717535
55,0.3597122302158274,5.692848974952317
55,0.3669064748201439,13.456232396619649
55,0.37410071942446044,10.013639512890338
55,0.381294964028777,7.509157891919766
55,0.38848920863309355,8.433036120605605
55,0.3956834532374101,15.757189194104598
55,0.40287769784172667,9.180351388277606
55,0.41007194244604317,11.763166615139427
55,0.4172661870503597,8.673505848439731
55,0.4244604316546763,7.9537831283065135
55,0.43165467625899284,8.238162674248295
55,0.4388489208633094,5.71576404928924
55,0.4460431654676259,2.586938819016024
55,0.45323741007194246,5.523131343894885
55,0.460431654676259,10.629785944141508
55,0.4676258992805756,7.275195630663553
55,0.47482014388489213,13.444322311730335
55,0.48201438848920863,9.086829376470398
55,0.4892086330935252,12.125531031109782
55,0.49640287769784175,5.831317466762263
56,0.0,1.0658141036401503e-14
56,0.007633587786259542,16.479554699750715
56,0.015267175572519083,5.581712351114521
56,0.022900763358778626,14.18861195409292
56,0.030534351145038167,4.183725836172099
56,0.03816793893129771,4.069397052241811
56,0.04580152671755725,13.603071767100854
56,0.05343511450381679,19.312114112282615
56,0.061068702290076333,5.543920573064341
56,0.06870229007633588,12.51584863769331
56,0.07633587786259542,12.405247908834044
56,0.08396946564885496,6.362900144638289
56,0.0916030534351145,8.522913303318283
56,0.09923664122137404,22.325638287283113
56,0.10687022900763359,16.09318822810646
56,0.11450381679389313,7.988393550404318
56,0.12213740458015267,13.959188326865913
56,0.1297709923664122,13.672248170678403
56,0.13740458015267176,4.851806663619377
56,0.1450381679389313,13.280284945726232
56,0.15267175572519084,11.785543125166651
56,0.16030534351145037,14.624271356999936
56,0.16793893129770993,9.624770343188837
56,0.17557251908396945,14.00499251230826
56,0.183206106870229,4.005518772445911
56,0.19083969465648853,10.906477991492427
56,0.1984732824427481,24.57639874602881
56,0.20610687022900762,10.426946051573514
56,0.21374045801526717,4.832824716673075
56,0.2213740458015267,11.80223972937353
56,0.22900763358778625,10.086649839987272
56,0.23664122137404578,7.434813662759821
56,0.24427480916030533,5.478770765778652
56,0.25190839694656486,14.055929964571387
56,0.2595419847328244,13.608842936884674
56,0.26717557251908397,15.309801998513656
56,0.2748091603053435,20.88617832982827
56,0.282442748091603,1.860464178903645
56,0.2900763358778626,12.655517829706048
56,0.29770992366412213,17.194117497400836
56,0.3053435114503817,5.828041001552268
56,0.3129770992366412,3.7132724664078913
56,0.32061068702290074,7.455640895424774
56,0.3282442748091603,13.489214287651851
56,0.33587786259541985,3.629793701409325
56,0.34351145038167935,9.251524167733566
56,0.3511450381679389,5.970975264053283
56,0.35877862595419846,7.355205929870547
56,0.366412213740458,3.7008923192410292
56,0.37404580152671757,8.83339801776812
56,0.38167938931297707,17.759773700622752
56,0.3893129770992366,4.96910659566919
56,0.3969465648854962,4.2743349403140005
56,0.40458015267175573,7.099720042484735
56,0.41221374045801523,8.571004499819752
56,0.4198473282442748,20.970090820052413
56,0.42748091603053434,7.734501501859359
56,0.4351145038167939,6.924739926154381
56,0.4427480916030534,2.7905406349424022
56,0.45038167938931295,5.342758239458359
56,0.4580152671755725,5.589596584010472
56,0.46564885496183206,8.375936280401897
56,0.47328244274809156,16.94508516415642
56,0.4809160305343511,8.774088584005822
56,0.48854961832061067,11.535497064472631
56,0.4961832061068702,6.725152964486384
57,0.0,1.7763568394002505e-15
57,0.0078125,23.409797215376503
57,0.015625,23.84264608683484
57,0.0234375,15.64644593610754
57,0.03125,23.328200688224687
57,0.0390625,16.76410073761973
57,0.046875,6.408257442338049
57,0.0546875,10.059305801257329
57,0.0625,3.3188297436466656
57,0.0703125,11.151063273622597
57,0.078125,5.254855479119408
57,0.0859375,4.424252759982029
57,0.09375,8.480940651691396
57,0.1015625,9.12974690990491
57,0.109375,4.965960997699958
57,0.1171875,3.127613647521544
57,0.125,6.434898810711057
57,0.1328125,17.89170782685057
57,0.140625,4.09797339377317
57,0.1484375,3.6140835075638793
57,0.15625,4.239813351063257
57,0.1640625,6.545483210490294
57,0.171875,12.00679965820539
57,0.1796875,11.485480396491585
57,0.1875,3.6519920466237066
57,0.1953125,10.258147044437596
57,0.203125,6.857838612575789
57,0.2109375,8.492517030733108
57,0.21875,6.316796597000333
57,0.2265625,9.16487467494378
57,0.234375,13.025663931489138
57,0.2421875,4.081659371854487
57,0.25,14.573687875932837
57,0.2578125,9.140804880195503
57,0.265625,15.07396550897482
57,0.2734375,10.508572596659235
57,0.28125,10.984172125919553
57,0.2890625,12.798548705156128
57,0.296875,10.10299437987004
57,0.3046875,10.260338693185197
57,0.3125,12.72689501781839
57,0.3203125,17.633272988912186
57,0.328125,10.69052353070666
57,0.3359375,3.6094990364204094
57,0.34375,12.448296876259313
57,0.3515625,7.628293847212705
57,0.359375,14.972102776240016
57,0.3671875,10.515658720581545
57,0.375,10.260036241941275
57,0.3828125,6.830165277763119
57,0.390625,7.640250402464262
57,0.3984375,8.078836047894674
57,0.40625,3.0574077661579
57,0.4140625,11.332392922526653
57,0.421875,4.947796429875708
57,0.4296875,21.245662627086244
57,0.4375,13.028864735568188
57,0.4453125,16.11809727464771
57,0.453125,8.469010410517697
57,0.4609375,5.600068512905301
57,0.46875,12.83620806123347
57,0.4765625,10.296379757897286
57,0.484375,10.908101984551607
57,0.4921875,7.295642839413025
58,0.0,1.5987211554602254e-14
58,0.007751937984496124,30.975649055886926
58,0.015503875968992248,9.201037209891698
58,0.023255813953488372,15.395424366055563
58,0.031007751937984496,13.474771842480719
58,0.03875968992248062,6.906392718473629
58,0.046511627906976744,20.56244250632843
58,0.05426356589147287,18.44926222430002
58,0.06201550387596899,7.44351619863598
58,0.06976744186046512,7.8557404061517735
58,0.07751937984496124,7.609841002067913
58,0.08527131782945736,10.13834553957952
58,0.09302325581395349,13.176551486030558
58,0.10077519379844961,16.969722240540683
58,0.10852713178294573,9.704851776087656
58,0.11627906976744186,11.818744054923505
58,0.12403100775193798,13.126259078943564
58,0.13178294573643412,10.47069130508585
58,0.13953488372093023,14.967424917720129
58,0.14728682170542634,4.734018806606004
58,0.15503875968992248,7.011934888166151
58,0.16279069767441862,10.72793403279036
58,0.17054263565891473,11.105786510019378
58,0.17829457364341084,4.421908023965674
58,0.18604651162790697,8.470679930844645
58,0.1937984496124031,16.86792079294268
58,0.20155038759689922,8.698237066662482
58,0.20930232558139533,6.605130701283185
58,0.21705426356589147,10.426380490029526
58,0.2248062015503876,20.800532256945424
58,0.23255813953488372,6.832844213266139
58,0.24031007751937983,6.647309093778938
58,0.24806201550387597,11.644999680938176
58,0.2558139534883721,2.2894766178048975
58,0.26356589147286824,10.05296546152588
58,0.2713178294573643,10.500417535065598
58,0.27906976744186046,4.954233053435097
58,0.2868217054263566,9.600598940279752
58,0.2945736434108527,8.375215969143332
58,0.3023255813953488,10.414060245870514
58,0.31007751937984496,6.826185659490514
58,0.3178294573643411,7.555474997245712
58,0.32558139534883723,7.216241092814303
58,0.3333333333333333,18.146080377367895
58,0.34108527131782945,14.007107547169989
58,0.3488372093023256,7.370616851590555
58,0.3565891472868217,8.80965256315369
58,0.3643410852713178,11.224085077071631
58,0.37209302325581395,11.715066954933064
58,0.3798449612403101,3.0268143716598117
58,0.3875968992248062,3.460476616439475
58,0.3953488372093023,10.280734711851812
58,0.40310077519379844,15.260531784811743
58,0.4108527131782946,7.623071799429298
58,0.41860465116279066,9.161753685258503
58,0.4263565891472868,9.27905793272433
58,0.43410852713178294,3.319768929594315
58,0.4418604651162791,16.122672730282076
58,0.4496124031007752,10.755081466014332
58,0.4573643410852713,4.822801255445602
58,0.46511627906976744,8.546607012711817
58,0.4728682170542636,4.374357870370217
58,0.48062015503875966,10.49068176754711
58,0.4883720930232558,13.799563928027391
58,0.49612403100775193,3.9962074146300623
59,0.0,2.275957200481571e-15
59,0.007194244604316547,20.26838051015723
59,0.014388489208633094,28.190882978919102
59,0.02158273381294964,20.3190251561776
59,0.02877697841726619,16.373735076939525
59,0.03597122302158273,5.002237093515228
59,0.04316546762589928,19.363647497110154
59,0.05035971223021583,2.353049192096551
59,0.05755395683453238,13.967460317197043
59,0.06474820143884892,8.939717400762797
59,0.07194244604316546,9.663718536579118
59,0.07913669064748202,27.662842611111767
59,0.08633093525179857,8.558968935756184
59,0.09352517985611511,18.67917057028305
59,0.10071942446043167,15.629850541929757
59,0.10791366906474821,10.966633409850598
59,0.11510791366906475,9.916268703193065
59,0.1223021582733813,17.477866441092086
59,0.12949640287769784,9.281374296935015
59,0.1366906474820144,5.792341585663936
59,0.14388489208633093,4.984431625158864
59,0.1510791366906475,12.507909432027622
59,0.15827338129496404,9.069306907119906
59,0.16546762589928057,6.850772846164209
59,0.17266187050359713,5.297842534701349
59,0.1798561151079137,14.008875789657658
59,0.18705035971223022,5.784486608342072
59,0.19424460431654678,8.173482561441537
59,0.20143884892086333,8.72301902496514
59,0.20863309352517986,1.6305184278301295
59,0.21582733812949642,15.131375049688872
59,0.22302158273381295,2.810439041735907
59,0.2302158273381295,6.271418867129412
59,0.23741007194244607,7.297061059923468
59,0.2446043165467626,4.257009633099946
59,0.2517985611510791,5.077636751545544
59,0.2589928057553957,14.354796254267303
59,0.26618705035971224,8.875499069698487
59,0.2733812949640288,8.873405084129141
59,0.28057553956834536,1.8332964220971972
59,0.28776978417266186,8.888298464821103
59,0.2949640287769784,4.813599123739897
59,0.302158273381295,8.591211939473046
59,0.30935251798561153,6.10572965206591
59,0.3165467625899281,3.0553906022041057
59,0.32374100719424465,11.01959223783577
59,0.33093525179856115,6.745723325207785
59,0.3381294964028777,14.166653480733723
59,0.34532374100719426,7.015164732318333
59,0.3525179856115108,16.115712899846237
59,0.3597122302158274,3.433435916192025
59,0.3669064748201439,12.133243199770805
59,0.37410071942446044,14.325416998337637
59,0.381294964028777,9.776047083501279
59,0.38848920863309355,5.106837367789636
59,0.3956834532374101,10.034424855274565
59,0.40287769784172667,10.451194487092295
59,0.41007194244604317,4.789921970277214
59,0.4172661870503597,11.497949195978265
59,0.4244604316546763,6.094099726793462
59,0.43165467625899284,14.72125390477983
59,0.4388489208633094,19.586631467857863
59,0.4460431654676259,6.535822758418703
59,0.45323741007194246,13.897211042779269
59,0.460431654676259,4.157276828505124
59,0.4676258992805756,10.005335883781905
59,0.47482014388489213,7.422074530980633
59,0.48201438848920863,24.05990656041795
59,0.4892086330935252,6.4369658207142155
59,0.49640287769784175,7.370496479697084
60,0.0,9.547918011776346e-15
60,0.007874015748031496,18.55297786376269
60,0.015748031496062992,26.788334531616513
60,0.023622047244094488,14.591425164522882
60,0.031496062992125984,18.511933890250184
60,0.03937007874015748,6.4416400997651175
60,0.047244094488188976,12.867993072788577
60,0.05511811023622047,7.141958660490321
60,0.06299212598425197,9.119405563837928
60,0.07086614173228346,8.212869708126753
60,0.07874015748031496,9.647130225877733
60,0.08661417322834646,13.709678404838108
60,0.09448818897637795,5.92435929654875
60,0.10236220472440945,14.945921346720079
60,0.11023622047244094,8.225847609223777
60,0.11811023622047244,10.829971357506976
60,0.12598425196850394,5.056286947618437
60,0.13385826771653542,14.390020552949029
60,0.14173228346456693,13.360966546545281
60,0.14960629921259844,15.916242896864993
60,0.15748031496062992,9.394452836634406
60,0.1653543307086614,14.949257035101285
60,0.1732283464566929,21.17905127409189
60,0.18110236220472442,14.853704838672929
60,0.1889763779527559,4.238561068421622
60,0.19685039370078738,4.6470073615836345
60,0.2047244094488189,12.673827984877152
60,0.2125984251968504,11.535206578719764
60,0.2204724409448819,7.778026953476265
60,0.22834645669291337,11.570988581060984
60,0.23622047244094488,4.740334515785776
60,0.2440944881889764,8.440994665043814
60,0.25196850393700787,5.439877901429617
60,0.25984251968503935,3.3163115755681596
60,0.26771653543307083,9.132477385733916
60,0.2755905511811024,5.434449298536186
60,0.28346456692913385,12.029331538343532
60,0.29133858267716534,3.8253048002390395
60,0.2992125984251969,9.267681963238863
60,0.30708661417322836,14.447491624444961
60,0.31496062992125984,16.678409048633405
60,0.3228346456692913,5.252761412950592
60,0.3307086614173228,6.332660194736869
60,0.33858267716535434,5.447095618292401
60,0.3464566929133858,14.005784810382666
60,0.3543307086614173,15.659120455417241
60,0.36220472440944884,13.263436168268624
60,0.3700787401574803,8.487314774913418
60,0.3779527559055118,13.80018439521196
60,0.3858267716535433,13.439017969330958
60,0.39370078740157477,16.358423683982036
60,0.4015748031496063,8.313775001307596
60,0.4094488188976378,1.2960620785358565
60,0.41732283464566927,11.319125517265265
60,0.4251968503937008,6.359496393876325
60,0.4330708661417323,7.679149565576308
60,0.4409448818897638,1.460191433846633
60,0.44881889763779526,7.669686180798567
60,0.45669291338582674,8.532685243224158
60,0.4645669291338583,8.66507928420995
60,0.47244094488188976,3.642948924374951
60,0.48031496062992124,4.812797396502356
60,0.4881889763779528,7.564096927031986
60,0.49606299212598426,11.633104761804354
61,0.0,1.509903313490213e-14
61,0.007042253521126761,27.43218187176966
61,0.014084507042253521,25.589989596065855
61,0.02112676056338028,31.784614136747514
61,0.028169014084507043,20.89797231781061
61,0.035211267605633804,30.310722225021614
61,0.04225352112676056,14.065403822839606
61,0.04929577464788733,14.411489070096808
61,0.056338028169014086,22.609848767436393
61,0.06338028169014084,17.12349623303006
61,0.07042253521126761,9.73291962318271
61,0.07746478873239437,8.663419174942327
61,0.08450704225352113,9.477706723234402
61,0.09154929577464789,7.246305894167907
61,0.09859154929577466,3.2609208886533185
61,0.1056338028169014,3.244920088172755
61,0.11267605633802817,11.266119638273935
61,0.11971830985915494,17.099958869098657
61,0.1267605633802817,11.639601454694468
61,0.13380281690140847,8.231699729727177
61,0.14084507042253522,5.3772899407612345
61,0.14788732394366197,6.827751918197445
61,0.15492957746478875,3.724931125193305
61,0.1619718309859155,6.160819528694114
61,0.16901408450704225,17.500513971783707
61,0.17605633802816903,4.373970072020859
61,0.18309859154929578,4.623545375364128
61,0.19014084507042253,5.97320176023114
61,0.1971830985915493,4.801508353957944
61,0.20422535211267606,7.241520092085713
61,0.2112676056338028,5.158066938934991
61,0.2183098591549296,0.09366296398320481
61,0.22535211267605634,15.03074555525789
61,0.2323943661971831,12.81892195661524
61,0.23943661971830987,3.6447028281675102
61,0.24647887323943662,4.15575879095042
61,0.2535211267605634,6.452774361313595
61,0.2605633802816901,6.132661034527874
61,0.26760563380281693,12.589265138120133
61,0.2746478873239437,10.504401504782406
61,0.28169014084507044,8.620819870481462
61,0.2887323943661972,7.1433484881846185
61,0.29577464788732394,6.484680102151794
61,0.3028169014084507,14.465220203655429
61,0.3098591549295775,9.319759099062377
61,0.31690140845070425,10.270541718345367
61,0.323943661971831,2.871212689211393
61,0.33098591549295775,15.695699601182492
61,0.3380281690140845,5.766871586651072
61,0.34507042253521125,6.097267245248646
61,0.35211267605633806,8.60374003331368
61,0.3591549295774648,3.2549541717226487
61,0.36619718309859156,12.223184826826294
61,0.3732394366197183,6.434276772014109
61,0.38028169014084506,8.670956408975565
61,0.3873239436619718,14.131549064961268
61,0.3943661971830986,6.78982748256763
61,0.4014084507042254,8.457545984765373
61,0.4084507042253521,7.377615775619341
61,0.4154929577464789,5.772550239645284
61,0.4225352112676056,11.149578330026714
61,0.4295774647887324,8.215028035825641
61,0.4366197183098592,5.461730456764988
61,0.44366197183098594,10.15563217129226
61,0.4507042253521127,9.958085589268942
61,0.45774647887323944,10.472629767535464
61,0.4647887323943662,5.730187921028909
61,0.471830985915493,7.065377840154118
61,0.47887323943661975,14.689640163835248
61,0.4859154929577465,11.504804022916648
61,0.49295774647887325,9.505525185566771
62,0.0,1.199040866595169e-14
62,0.007575757575757576,23.499327675623245
62,0.015151515151515152,19.45113125500387
62,0.022727272727272728,19.552575013524727
62,0.030303030303030304,7.061802193792448
62,0.03787878787878788,13.22190470351194
62,0.045454545454545456,12.532435862550217
62,0.05303030303030303,18.113495269739357
62,0.06060606060606061,17.544374309733083
62,0.06818181818181818,17.51751219676211
62,0.07575757575757576,14.635021753113351
62,0.08333333333333334,21.59948730505731
62,0.09090909090909091,10.535228481503468
62,0.09848484848484848,5.136216614740119
62,0.10606060606060606,2.4249448576345363
62,0.11363636363636365,9.507169910910342
62,0.12121212121212122,8.563210595857328
62,0.12878787878787878,9.204484657775465
62,0.13636363636363635,6.696589177310995
62,0.14393939393939395,14.293906208526145
62,0.15151515151515152,21.04708276872105
62,0.1590909090909091,12.709013163987935
62,0.16666666666666669,12.09400405823647
62,0.17424242424242425,5.8333009244989364
62,0.18181818181818182,2.8834319631339302
62,0.1893939393939394,1.8045291971195934
62,0.19696969696969696,10.239131235561272
62,0.20454545454545456,4.250158945859362
62,0.21212121212121213,8.144018820091937
62,0.2196969696969697,5.459624685633341
62,0.2272727272727273,5.160788690922634
62,0.23484848484848486,8.750734342463161
62,0.24242424242424243,9.126341154890632
62,0.25,5.879312087908524
62,0.25757575757575757,10.552231685069989
62,0.26515151515151514,9.132328799945643
62,0.2727272727272727,7.050530861887529
62,0.28030303030303033,8.465029446563246
62,0.2878787878787879,14.5984884057096
62,0.29545454545454547,6.629074567662406
62,0.30303030303030304,3.1574741923203242
62,0.3106060606060606,15.433991624951464
62,0.3181818181818182,4.726839718290987
62,0.32575757575757575,3.2326632738704197
62,0.33333333333333337,13.97460419746996
62,0.34090909090909094,9.297925654961599
62,0.3484848484848485,13.298891559399346
62,0.3560606060606061,16.11363668404563
62,0.36363636363636365,7.635314090262249
62,0.3712121212121212,16.392641741682517
62,0.3787878787878788,10.10998365373663
62,0.38636363636363635,10.866707299925071
62,0.3939393939393939,10.67923081497299
62,0.40151515151515155,9.4179410440338
62,0.4090909090909091,7.851799423149434
62,0.4166666666666667,5.257759142367556
62,0.42424242424242425,8.918242912691905
62,0.4318181818181818,16.597088470760415
62,0.4393939393939394,12.329012564513
62,0.44696969696969696,8.241585120875412
62,0.4545454545454546,16.14940238329183
62,0.46212121212121215,4.68580524713129
62,0.4696969696969697,12.09052514566906
62,0.4772727272727273,0.8204317267921916
62,0.48484848484848486,0.7152367916135308
62,0.49242424242424243,9.568259926374571
63,0.0,3.552713678800501e-15
63,0.007751937984496124,30.744701712092873
63,0.015503875968992248,30.619060168260482
63,0.023255813953488372,21.328804766242328
63,0.031007751937984496,17.58574926537221
63,0.03875968992248062,14.177092581231744
63,0.046511627906976744,12.886869651411358
63,0.05426356589147287,17.15828516192867
63,0.06201550387596899,5.557652900253332
63,0.06976744186046512,7.227544536299849
63,0.07751937984496124,9.981094826361588
63,0.08527131782945736,7.871200045238245
63,0.09302325581395349,7.99557963233213
63,0.10077519379844961,7.053632550420351
63,0.10852713178294573,10.338724555846081
63,0.11627906976744186,7.597142647597585
63,0.12403100775193798,7.75560896279541
63,0.13178294573643412,4.003472844126354
63,0.13953488372093023,12.311709197637574
63,0.14728682170542634,13.507935169755585
63,0.15503875968992248,2.7140089092089132
63,0.16279069767441862,8.564928167459874
63,0.17054263565891473,8.44563586181626
63,0.17829457364341084,9.459925477166562
63,0.18604651162790697,5.327347716965312
63,0.1937984496124031,6.723803656197833
63,0.20155038759689922,5.235916120967731
63,0.20930232558139533,2.275587556932119
63,0.21705426356589147,3.3814894836273823
63,0.2248062015503876,5.787181028370933
63,0.23255813953488372,3.9979077252510273
63,0.24031007751937983,2.106299974638604
63,0.24806201550387597,4.832282388022628
63,0.2558139534883721,4.243652421403166
63,0.26356589147286824,2.2292913852166976
63,0.2713178294573643,4.019897799245127
63,0.27906976744186046,4.459497653537775
63,0.2868217054263566,4.311392221024671
63,0.2945736434108527,8.857363234473443
63,0.3023255813953488,11.189240024981022
63,0.31007751937984496,4.4637121199043035
63,0.3178294573643411,9.29027289229959
63,0.32558139534883723,4.226549960910744
63,0.3333333333333333,8.020912968419571
63,0.34108527131782945,4.181366072125963
63,0.3488372093023256,5.6665031866709015
63,0.3565891472868217,5.474950487195606
63,0.3643410852713178,2.162949351184502
63,0.37209302325581395,2.135174218888417
63,0.3798449612403101,11.300691358476321
63,0.3875968992248062,14.577877150569984
63,0.3953488372093023,13.82607632253289
63,0.40310077519379844,14.951033478521424
63,0.4108527131782946,7.684418550824051
63,0.41860465116279066,12.750998410027671
63,0.4263565891472868,12.520581082837673
63,0.43410852713178294,17.92847307037985
63,0.4418604651162791,17.02272990488664
63,0.4496124031007752,14.382257354031404
63,0.4573643410852713,22.808726644828077
63,0.46511627906976744,12.60713642040856
63,0.4728682170542636,9.444111953009433
63,0.48062015503875966,17.57713767349659
63,0.4883720930232558,4.53345845954258
63,0.49612403100775193,5.890737108881296
64,0.0,1.0658141036401503e-14
64,0.007692307692307693,18.685984045339016
64,0.015384615384615385,13.688588310675735
64,0.023076923076923078,13.232425122396785
64,0.03076923076923077,24.81637609950085
64,0.038461538461538464,10.293076234885127
64,0.046153846153846156,25.302912374240336
64,0.05384615384615385,21.648403067744436
64,0.06153846153846154,15.74361312417853
64,0.06923076923076923,8.145884790454032
64,0.07692307692307693,16.217227837246714
64,0.08461538461538462,12.744352368114493
64,0.09230769230769231,6.308146062798906
64,0.1,14.923691480344056
64,0.1076923076923077,17.00336541109222
64,0.11538461538461539,8.25350791599894
64,0.12307692307692308,14.454487896883283
64,0.13076923076923078,5.652350491970082
64,0.13846153846153847,10.68693293283428
64,0.14615384615384616,5.176355634751814
64,0.15384615384615385,6.7396363852118375
64,0.16153846153846155,8.918831970974276
64,0.16923076923076924,15.211709460320206
64,0.17692307692307693,7.665806300791691
64,0.18461538461538463,18.513178907579906
64,0.19230769230769232,6.217259927199592
64,0.2,14.133907855293868
64,0.2076923076923077,6.877523253934611
64,0.2153846153846154,11.562420200370823
64,0.2230769230769231,11.14909742175283
64,0.23076923076923078,14.601033271166301
64,0.23846153846153847,10.176787760391829
64,0.24615384615384617,9.284158770137301
64,0.25384615384615383,3.791675846641637
64,0.26153846153846155,4.358805182625652
64,0.2692307692307693,2.9611806131282044
64,0.27692307692307694,16.044322689031556
64,0.2846153846153846,3.686222851272219
64,0.2923076923076923,9.381210798096753
64,0.30000000000000004,1.3475256327118112
64,0.3076923076923077,8.542158532119645
64,0.3153846153846154,12.875015789082145
64,0.3230769230769231,5.67411966626665
64,0.3307692307692308,8.214619023551723
64,0.3384615384615385,7.249997267588619
64,0.34615384615384615,6.0710246749501176
64,0.35384615384615387,4.236481163015273
64,0.3615384615384616,3.9151238654470584
64,0.36923076923076925,2.2845361317847
64,0.3769230769230769,3.0165771903469647
64,0.38461538461538464,14.005089705287874
64,0.39230769230769236,7.819572388175549
64,0.4,16.67233747158934
64,0.4076923076923077,7.602224531939017
64,0.4153846153846154,7.444526382508645
64,0.42307692307692313,3.634225819191191
64,0.4307692307692308,16.85296934233665
64,0.43846153846153846,4.390911764835001
64,0.4461538461538462,4.626618527351832
64,0.4538461538461539,2.8648665385618464
64,0.46153846153846156,4.621672744586195
64,0.46923076923076923,11.849668350729472
64,0.47692307692307695,9.230941699740072
64,0.48461538461538467,15.889151043236284
64,0.49230769230769234,4.9717081092123125
65,0.0,1.021405182655144e-14
65,0.0078125,14.87369898920877
65,0.015625,11.98696150930163
65,0.0234375,27.936507810142334
65,0.03125,15.912545768074276
65,0.0390625,18.293587102063487
65,0.046875,18.376859647765073
65,0.0546875,15.50493564389531
65,0.0625,10.018378672723511
65,0.0703125,18.941960861727765
65,0.078125,13.90847752710527
65,0.0859375,6.685879315902207
65,0.09375,7.030613717940024
65,0.1015625,5.442398373549276
65,0.109375,5.101640314241719
65,0.1171875,4.028938998104823
65,0.125,11.794182172241696
65,0.1328125,7.622833460068264
65,0.140625,13.430466680562821
65,0.1484375,11.147673099766083
65,0.15625,6.485552447096369
65,0.1640625,7.519117374600286
65,0.171875,8.73488786382881
65,0.1796875,5.927095912476926
65,0.1875,10.431736479076065
65,0.1953125,8.119779156534296
65,0.203125,11.820800338490212
65,0.2109375,15.003322499805819
65,0.21875,4.96397229525433
65,0.2265625,1.6967682723601951
65,0.234375,9.457538173687212
65,0.2421875,13.770298065694861
65,0.25,4.690852454084802
65,0.2578125,3.985665494361031
65,0.265625,13.169418447853769
65,0.2734375,7.431149355778615
65,0.28125,6.871232480920976
65,0.2890625,11.4811333516979
65,0.296875,3.030257985608331
65,0.3046875,8.203526460626334
65,0.3125,14.522367845765775
65,0.3203125,17.112265432728925
65,0.328125,12.297855654249963
65,0.3359375,19.617953336352027
65,0.34375,6.175306135485652
65,0.3515625,7.402016425742151
65,0.359375,7.657526606313552
65,0.3671875,8.803190319029277
65,0.375,4.731779562172457
65,0.3828125,11.681398283454007
65,0.390625,16.752312379524117
65,0.3984375,1.8229732991233707
65,0.40625,7.7673955304518385
65,0.4140625,12.137575635152146
65,0.421875,9.544737555737528
65,0.4296875,10.528321725252606
65,0.4375,10.233240985746377
65,0.4453125,12.287139113889367
65,0.453125,10.527079770687152
65,0.4609375,12.938550748391394
65,0.46875,8.380876774858448
65,0.4765625,4.436683574019309
65,0.484375,8.003659476670228
65,0.4921875,12.556884183746392
66,0.0,7.549516567451064e-15
66,0.007874015748031496,22.652269785795095
66,0.015748031496062992,24.285846066211505
66,0.023622047244094488,16.530370133645526
66,0.031496062992125984,1.9142951899295648
66,0.03937007874015748,15.866474768133585
66,0.047244094488188976,12.751662358703543
66,0.05511811023622047,6.3366367109267525
66,0.06299212598425197,17.12794637196049
66,0.07086614173228346,6.792869155710564
66,0.07874015748031496,5.192061439673078
66,0.08661417322834646,15.03756522744601
66,0.09448818897637795,3.9806803256531125
66,0.10236220472440945,5.457315199457869
66,0.11023622047244094,5.360952077782837
66,0.11811023622047244,10.275447721967748
66,0.12598425196850394,14.187640569398042
66,0.13385826771653542,3.5924103040868247
66,0.14173228346456693,7.401727887082352
66,0.14960629921259844,11.364668845491089
66,0.15748031496062992,9.965751449466161
66,0.1653543307086614,1.7045661642217058
66,0.1732283464566929,8.707128532424083
66,0.18110236220472442,10.471398542792164
66,0.1889763779527559,1.0462258763395387
66,0.19685039370078738,13.431440973758257
66,0.2047244094488189,5.985960717925735
66,0.2125984251968504,10.035506458212543
66,0.2204724409448819,8.780952984346667
66,0.22834645669291337,7.357560839803418
66,0.23622047244094488,9.429708230644875
66,0.2440944881889764,20.014522449770645
66,0.25196850393700787,6.770653402629187
66,0.25984251968503935,11.834261814846844
66,0.26771653543307083,9.729935730479584
66,0.2755905511811024,7.655008618046918
66,0.28346456692913385,17.44961696439623
66,0.29133858267716534,14.43510499060809
66,0.2992125984251969,13.062281852034298
66,0.30708661417322836,14.304907295849198
66,0.31496062992125984,13.977529101351605
66,0.3228346456692913,18.114591299163028
66,0.3307086614173228,6.12153716669111
66,0.33858267716535434,6.734043780825763
66,0.3464566929133858,1.5572723413418472
66,0.3543307086614173,6.350256347621423
66,0.36220472440944884,10.423886382062287
66,0.3700787401574803,21.364307227749958
66,0.3779527559055118,12.878628842409734
66,0.3858267716535433,6.527989679938002
66,0.39370078740157477,9.783599164904475
66,0.4015748031496063,5.996950472706033
66,0.4094488188976378,8.064664714071272
66,0.41732283464566927,10.289634686084819
66,0.4251968503937008,6.988124263813641
66,0.4330708661417323,4.711257984109707
66,0.4409448818897638,8.361409193667853
66,0.44881889763779526,18.781215468156528
66,0.45669291338582674,11.073543507381011
66,0.4645669291338583,7.905296011437644
66,0.47244094488188976,5.146896069661467
66,0.48031496062992124,8.4395633780899
66,0.4881889763779528,5.398078873966444
66,0.49606299212598426,8.649965341066432
67,0.0,1.7763568394002505e-15
67,0.006802721088435374,17.856730064436107
67,0.013605442176870748,15.024951687270827
67,0.02040816326530612,14.767387314872726
67,0.027210884353741496,30.91273885419168
67,0.03401360544217687,14.551500944388271
67,0.04081632653061224,10.737993125214674
67,0.047619047619047616,29.343206901002972
67,0.05442176870748299,5.164076793771349
67,0.061224489795918366,4.643743823920932
67,0.06802721088435373,5.266555882527933
67,0.07482993197278912,16.26652959873662
67,0.08163265306122448,8.956737519960381
67,0.08843537414965986,6.101554537428593
67,0.09523809523809523,18.56807681379522
67,0.10204081632653061,8.671945071992692
67,0.10884353741496598,6.876833119784566
67,0.11564625850340135,7.103281001956608
67,0.12244897959183673,9.260711933935783
67,0.1292517006802721,7.465169600856492
67,0.13605442176870747,22.431981892507746
67,0.14285714285714285,18.97319522571766
67,0.14965986394557823,7.25106505984617
67,0.1564625850340136,12.889511876550976
67,0.16326530612244897,6.854266247564704
67,0.17006802721088435,18.38057501919701
67,0.17687074829931973,11.430524016596337
67,0.18367346938775508,12.86009660365294
67,0.19047619047619047,8.126645594852052
67,0.19727891156462585,15.453560054018043
67,0.20408163265306123,9.534601746105682
67,0.21088435374149658,7.747564043095407
67,0.21768707482993196,13.145900948085794
67,0.22448979591836735,4.850915197108945
67,0.2312925170068027,10.73012320385067
67,0.23809523809523808,14.112030647692617
67,0.24489795918367346,16.74665024874214
67,0.25170068027210885,7.018922877260342
67,0.2585034013605442,16.920901734910892
67,0.2653061224489796,8.277886915262465
67,0.27210884353741494,15.474262682298457
67,0.2789115646258503,7.144304610703317
67,0.2857142857142857,16.30821484801878
67,0.2925170068027211,9.226807954373392
67,0.29931972789115646,3.870124003796294
67,0.30612244897959184,7.856082349793433
67,0.3129251700680272,17.50323485554838
67,0.31972789115646255,3.4425561461818344
67,0.32653061224489793,4.9215005564462695
67,0.3333333333333333,5.086417702774919
67,0.3401360544217687,19.490604987109958
67,0.3469387755102041,5.1923542763230435
67,0.35374149659863946,8.505962194578027
67,0.36054421768707484,13.761244379034547
67,0.36734693877551017,7.126977305876078
67,0.37414965986394555,7.538554860213876
67,0.38095238095238093,16.224088888884147
67,0.3877551020408163,16.556004846687923
67,0.3945578231292517,10.946490664218722
67,0.4013605442176871,9.189387393838215
67,0.40816326530612246,9.77201314335327
67,0.4149659863945578,4.760816400865573
67,0.42176870748299317,5.897835285888307
67,0.42857142857142855,7.312676130107638
67,0.43537414965986393,12.66542731334395
67,0.4421768707482993,5.144243406268725
67,0.4489795918367347,3.4319318526485527
67,0.4557823129251701,11.134775572463667
67,0.4625850340136054,4.8408279590449785
67,0.4693877551020408,7.636488079466891
67,0.47619047619047616,4.5647406356452125
67,0.48299319727891155,5.423252619295256
67,0.4897959183673469,3.9729036061034217
67,0.4965986394557823,9.271062471276217
68,0.0,1.1324274851176597e-14
68,0.007575757575757576,15.546395862914961
68,0.015151515151515152,8.747493041969628
68,0.022727272727272728,17.52658872272618
68,0.030303030303030304,6.291698504586947
68,0.03787878787878788,13.587073826903081
68,0.045454545454545456,7.7269296775842555
68,0.05303030303030303,3.9585550365569073
68,0.06060606060606061,7.7138672660926195
68,0.06818181818181818,10.879486734471067
68,0.07575757575757576,7.255282325474527
68,0.08333333333333334,3.1923656023626794
68,0.09090909090909091,15.246206299921747
68,0.09848484848484848,22.71176130044838
68,0.10606060606060606,23.69658099565805
68,0.11363636363636365,6.185839172544964
68,0.12121212121212122,15.270642351065812
68,0.12878787878787878,1.6017817574202722
68,0.13636363636363635,7.270056120475737
68,0.14393939393939395,9.107788475196168
68,0.15151515151515152,12.819816950694115
68,0.1590909090909091,8.667320435251808
68,0.16666666666666669,10.407617500376903
68,0.17424242424242425,5.558368097673745
68,0.18181818181818182,5.019472540758646
68,0.1893939393939394,23.213332081716697
68,0.19696969696969696,5.659787817359824
68,0.20454545454545456,11.29991445975159
68,0.21212121212121213,15.04803876142066
68,0.2196969696969697,8.874074854514486
68,0.2272727272727273,17.20544443488576
68,0.23484848484848486,6.461741074553121
68,0.24242424242424243,7.187257181594092
68,0.25,9.416569081542487
68,0.25757575757575757,3.1029228826585458
68,0.26515151515151514,4.9672953472778625
68,0.2727272727272727,13.013675964140564
68,0.28030303030303033,4.423903078215235
68,0.2878787878787879,16.673114678238985
68,0.29545454545454547,3.767634737985934
68,0.30303030303030304,10.276099601100944
68,0.3106060606060606,2.570217030467953
68,0.3181818181818182,13.053258302970933
68,0.32575757575757575,4.035505398840925
68,0.33333333333333337,19.215936814337777
68,0.34090909090909094,13.159780307842267
68,0.3484848484848485,15.927651551767681
68,0.3560606060606061,8.352595904334482
68,0.36363636363636365,7.296803406394427
68,0.3712121212121212,8.600573302641553
68,0.3787878787878788,10.01817946529675
68,0.38636363636363635,9.437419237342436
68,0.3939393939393939,19.210041203711615
68,0.40151515151515155,8.449115866110507
68,0.4090909090909091,9.860991654882698
68,0.4166666666666667,14.011003664903615
68,0.42424242424242425,12.673548395266712
68,0.4318181818181818,13.580278791363101
68,0.4393939393939394,13.344256400973894
68,0.44696969696969696,10.924051915238275
68,0.4545454545454546,4.202554891254113
68,0.46212121212121215,9.956403593054777
68,0.4696969696969697,1.931990000938262
68,0.4772727272727273,6.626783553200483
68,0.48484848484848486,6.329122056682542
68,0.49242424242424243,18.951279027963707
69,0.0,3.1308289294429414e-14
69,0.007874015748031496,28.5619304406229
69,0.015748031496062992,18.661799754636387
69,0.023622047244094488,15.454015068674815
69,0.031496062992125984,14.303918436757712
69,0.03937007874015748,14.199832360332188
69,0.047244094488188976,14.655172181962987
69,0.05511811023622047,12.420163063061631
69,0.06299212598425197,5.523981519094932
69,0.07086614173228346,17.997481285539425
69,0.07874015748031496,4.100003698657199
69,0.08661417322834646,5.00623674852635
69,0.09448818897637795,11.8839160284314
69,0.10236220472440945,13.274581804776364
69,0.11023622047244094,14.881085688752504
69,0.11811023622047244,15.45080114703335
69,0.12598425196850394,8.246959888454894
69,0.13385826771653542,3.0520716864363084
69,0.14173228346456693,7.920088042316242
69,0.14960629921259844,5.720721483367999
69,0.15748031496062992,10.656473267546712
69,0.1653543307086614,6.872665289706799
69,0.1732283464566929,6.994976072910694
69,0.18110236220472442,12.446754855082743
69,0.1889763779527559,7.833537473903396
69,0.19685039370078738,7.0814284099034
69,0.2047244094488189,14.159683986655553
69,0.2125984251968504,1.9817135249994702
69,0.2204724409448819,3.0222618381103894
69,0.22834645669291337,19.14378123420147
69,0.23622047244094488,10.45314488216317
69,0.2440944881889764,8.840733760474794
69,0.25196850393700787,13.628932116923473
69,0.25984251968503935,5.491810937798988
69,0.26771653543307083,5.59129955729151
69,0.2755905511811024,12.593013414265567
69,0.28346456692913385,16.339549287281862
69,0.29133858267716534,14.134186945332686
69,0.2992125984251969,11.535744148658896
69,0.30708661417322836,14.401729197047267
69,0.31496062992125984,6.6192427470158215
69,0.3228346456692913,17.605296017116938
69,0.3307086614173228,5.074771593391956
69,0.33858267716535434,7.015804274180225
69,0.3464566929133858,12.764093034450411
69,0.3543307086614173,6.151901730078024
69,0.36220472440944884,3.5305994871742956
69,0.3700787401574803,12.724579238637814
69,0.3779527559055118,2.667387672695804
69,0.3858267716535433,5.199451578038982
69,0.39370078740157477,14.678458534119828
69,0.4015748031496063,4.310813154929711
69,0.4094488188976378,2.8164087293052744
69,0.41732283464566927,3.7151028481728483
69,0.4251968503937008,3.5722545647481705
69,0.4330708661417323,2.553603114015257
69,0.4409448818897638,19.16547461477748
69,0.44881889763779526,4.303954652737633
69,0.45669291338582674,3.1542368464406514
69,0.4645669291338583,11.23805425783298
69,0.47244094488188976,8.234157105255768
69,0.48031496062992124,0.9947134929208279
69,0.4881889763779528,15.846248941927385
69,0.49606299212598426,11.312283387107415
70,0.0,4.440892098500626e-15
70,0.007042253521126761,43.388090221819226
70,0.014084507042253521,18.530349586277914
70,0.02112676056338028,20.219809406948638
70,0.028169014084507043,5.983465063841924
70,0.035211267605633804,3.8805462201915377
70,0.04225352112676056,5.345681519727216
70,0.04929577464788733,9.710215244952622
70,0.056338028169014086,3.2022196968739647
70,0.06338028169014084,11.960359786976221
70,0.07042253521126761,15.869793960731124
70,0.07746478873239437,11.636041674829778
70,0.08450704225352113,7.587432037455115
70,0.09154929577464789,2.154719442197855
70,0.09859154929577466,10.504540194117144
70,0.1056338028169014,9.771879967443613
70,0.11267605633802817,17.534674891342913
70,0.11971830985915494,21.73750112647063
70,0.1267605633802817,16.234260764423407
70,0.13380281690140847,14.212760494613162
70,0.14084507042253522,15.847490841477223
70,0.14788732394366197,7.502498161851397
70,0.15492957746478875,6.1909668131813795
70,0.1619718309859155,6.632737740610136
70,0.16901408450704225,9.131542197721664
70,0.17605633802816903,3.8727320384099375
70,0.18309859154929578,6.640711564216707
70,0.19014084507042253,3.6179610798947324
70,0.1971830985915493,8.767002512653267
70,0.20422535211267606,7.364655507198352
70,0.2112676056338028,14.432598080087958
70,0.2183098591549296,10.34833566169001
70,0.22535211267605634,6.124607043035708
70,0.2323943661971831,1.8937713722787792
70,0.23943661971830987,7.429955761183091
70,0.24647887323943662,11.027878251960146
70,0.2535211267605634,2.9840162973714706
70,0.2605633802816901,13.580285361098872
70,0.26760563380281693,11.36296952306722
70,0.2746478873239437,6.775459671899505
70,0.28169014084507044,2.9626623653357917
70,0.2887323943661972,5.548609942331997
70,0.29577464788732394,1.2527676051939636
70,0.3028169014084507,2.6454470148945908
70,0.3098591549295775,3.6185832220644896
70,0.31690140845070425,6.0802124674291695
70,0.323943661971831,10.375799815782392
70,0.33098591549295775,4.853596792023935
70,0.3380281690140845,7.411511153844103
70,0.34507042253521125,3.9069468255197313
70,0.35211267605633806,10.009601202705866
70,0.3591549295774648,11.979246235188834
70,0.36619718309859156,4.728559638888414
70,0.3732394366197183,5.286399593833971
70,0.38028169014084506,6.434258753873166
70,0.3873239436619718,15.852280989767895
70,0.3943661971830986,14.233812388251016
70,0.4014084507042254,17.8555771907025
70,0.4084507042253521,19.89165822310594
70,0.4154929577464789,18.66090956835607
70,0.4225352112676056,20.01465117808191
70,0.4295774647887324,16.108407110126926
70,0.4366197183098592,9.006522023399326
70,0.44366197183098594,4.426562611783966
70,0.4507042253521127,11.33896945236442
70,0.45774647887323944,6.783064268293736
70,0.4647887323943662,10.467502150821797
70,0.471830985915493,9.63172104638558
70,0.47887323943661975,8.412326961222432
70,0.4859154929577465,13.478873098876612
70,0.49295774647887325,5.728432877483643
71,0.0,4.440892098500626e-15
71,0.008,25.77087155443977
71,0.016,16.754586389487294
71,0.024,15.302852476897412
71,0.032,11.918642019191312
71,0.04,17.101670618658645
71,0.048,12.701061763706647
71,0.056,10.099571886070487
71,0.064,17.176217261569235
71,0.07200000000000001,3.135015872052466
71,0.08,16.668997394437437
71,0.088,2.7706468640596444
71,0.096,5.614885039226081
71,0.10400000000000001,18.596686214069226
71,0.112,6.671633843620332
71,0.12,1.2012781210451078
71,0.128,8.02270880678388
71,0.136,1.2190555338041429
71,0.14400000000000002,8.427475622065407
71,0.152,6.719941351777444
71,0.16,15.413117549788684
71,0.168,5.116147266525417
71,0.176,4.88057396987276
71,0.184,12.795788975596299
71,0.192,8.555849257108116
71,0.2,9.42098142204264
71,0.20800000000000002,6.037290329372035
71,0.216,4.721388892329272
71,0.224,3.4470536867217394
71,0.232,11.097503936896086
71,0.24,4.575146343984509
71,0.248,21.63752253192627
71,0.256,14.702045998272586
71,0.264,13.31278661608902
71,0.272,12.242710549177529
71,0.28,15.591193512824512
71,0.28800000000000003,20.026435440259757
71,0.296,6.41667743653459
71,0.304,3.164189724469759
71,0.312,13.034130382118466
71,0.32,10.570622524133428
71,0.328,8.045985407668539
71,0.336,15.673516303670194
71,0.34400000000000003,7.618179177655582
71,0.352,5.1714995260106225
71,0.36,2.686009348032302
71,0.368,5.867953583512913
71,0.376,7.478293252815279
71,0.384,1.8046861679579411
71,0.392,12.618477226564698
71,0.4,10.825081941243544
71,0.40800000000000003,17.803579643781205
71,0.41600000000000004,11.266668117238517
71,0.424,8.53272187820084
71,0.432,11.4786995115368
71,0.44,4.753856844755022
71,0.448,8.835169291422222
71,0.456,4.305694978473848
71,0.464,10.609468033349884
71,0.47200000000000003,3.1236643557568495
71,0.48,6.216493832427213
71,0.488,2.36905239181334
71,0.496,14.726499067999416
72,0.0,0.0
72,0.007575757575757576,15.052178118087982
72,0.015151515151515152,9.950535178868027
72,0.022727272727272728,3.6474810362523336
72,0.030303030303030304,13.848546023624872
72,0.03787878787878788,17.913650127879844
72,0.045454545454545456,8.373974602564202
72,0.05303030303030303,15.530391831982275
72,0.06060606060606061,5.197292280529565
72,0.06818181818181818,17.714039946456978
72,0.07575757575757576,6.205069597533807
72,0.08333333333333334,9.800547297583469
72,0.09090909090909091,9.576734568381616
72,0.09848484848484848,11.848885354290323
72,0.10606060606060606,5.582750894831016
72,0.11363636363636365,15.48610274498247
72,0.12121212121212122,8.614436050862523
72,0.12878787878787878,8.740148586837378
72,0.13636363636363635,5.802717051180706
72,0.14393939393939395,3.3723161876789987
72,0.15151515151515152,4.621963405292948
72,0.1590909090909091,6.400391262961203
72,0.16666666666666669,10.115487344442277
72,0.17424242424242425,5.889263051521796
72,0.18181818181818182,14.094317125498169
72,0.1893939393939394,6.588636886670859
72,0.19696969696969696,8.368049454995617
72,0.20454545454545456,12.366417935873212
72,0.21212121212121213,4.224334588343996
72,0.2196969696969697,15.251111164533643
72,0.2272727272727273,5.581447508017237
72,0.23484848484848486,10.245571587031032
72,0.24242424242424243,17.28610307067129
72,0.25,7.039250809949482
72,0.25757575757575757,10.56890957854739
72,0.26515151515151514,13.672278472689348
72,0.2727272727272727,15.609800137781562
72,0.28030303030303033,7.60862357462593
72,0.2878787878787879,12.293808630581761
72,0.29545454545454547,8.929454018835633
72,0.30303030303030304,16.922935156879568
72,0.3106060606060606,8.622445609565675
72,0.3181818181818182,18.631723723487266
72,0.32575757575757575,12.182321862966834
72,0.33333333333333337,20.259404863492275
72,0.34090909090909094,18.50718240898474
72,0.3484848484848485,9.194876082832343
72,0.3560606060606061,4.380933613298784
72,0.36363636363636365,8.370791231670525
72,0.3712121212121212,20.112988658096388
72,0.3787878787878788,3.3072974208393537
72,0.38636363636363635,10.360017294801189
72,0.3939393939393939,7.59755662093075
72,0.40151515151515155,1.9695147845888956
72,0.4090909090909091,13.685854071563966
72,0.4166666666666667,4.04901831035128
72,0.42424242424242425,21.069987976355126
72,0.4318181818181818,13.880949663922086
72,0.4393939393939394,4.577669526074115
72,0.44696969696969696,11.02301246079903
72,0.4545454545454546,5.091021871210366
72,0.46212121212121215,11.948298453600492
72,0.4696969696969697,8.293247473971922
72,0.4772727272727273,10.20067649781385
72,0.48484848484848486,9.117897263803044
72,0.49242424242424243,15.34796063409276
73,0.0,2.6645352591003757e-15
73,0.007462686567164179,25.419855728222295
73,0.014925373134328358,28.188062954965723
73,0.022388059701492536,10.512163258887426
73,0.029850746268656716,24.971374104287
73,0.03731343283582089,10.414506902482268
73,0.04477611940298507,10.949049595326118
73,0.05223880597014925,16.865144407618626
73,0.05970149253731343,13.957980515340983
73,0.06716417910447761,13.999901557629158
73,0.07462686567164178,5.054792235254015
73,0.08208955223880597,4.8864701243059185
73,0.08955223880597014,18.243184130456235
73,0.09701492537313433,9.49119167411158
73,0.1044776119402985,6.778933334231703
73,0.11194029850746269,7.01998645476263
73,0.11940298507462686,8.16190557307201
73,0.12686567164179105,13.935610392172965
73,0.13432835820895522,8.668774565626403
73,0.1417910447761194,6.930416071217938
73,0.14925373134328357,6.951144143512658
73,0.15671641791044777,11.608514843332182
73,0.16417910447761194,8.981841821936356
73,0.17164179104477612,2.0246947541443263
73,0.1791044776119403,7.214895727720044
73,0.18656716417910446,7.711274014828788
73,0.19402985074626866,15.036002745754944
73,0.20149253731343283,6.416702980789681
73,0.208955223880597,4.272762293860686
73,0.21641791044776118,7.492081427345945
73,0.22388059701492538,9.289563869255856
73,0.23134328358208955,5.7779466731015585
73,0.23880597014925373,5.55303312920432
73,0.2462686567164179,6.823207812898846
73,0.2537313432835821,1.9869315377420864
73,0.26119402985074625,9.929005656591002
73,0.26865671641791045,11.430537443846987
73,0.27611940298507465,7.202329521142271
73,0.2835820895522388,9.656566277009393
73,0.291044776119403,15.058863923357192
73,0.29850746268656714,6.627147664431711
73,0.30597014925373134,10.360394173233535
73,0.31343283582089554,10.850951693422363
73,0.3208955223880597,3.496621715351507
73,0.3283582089552239,8.909283937269842
73,0.33582089552238803,12.346618861045643
73,0.34328358208955223,12.492037252521719
73,0.35074626865671643,12.2704946116877
73,0.3582089552238806,12.466372774396419
73,0.3656716417910448,11.559314778963632
73,0.3731343283582089,15.24800634285431
73,0.3805970149253731,13.030632904078857
73,0.3880597014925373,7.0967895444278835
73,0.39552238805970147,10.843031346799027
73,0.40298507462686567,16.20544787454496
73,0.41044776119402987,8.115415992887362
73,0.417910447761194,11.988644699845516
73,0.4253731343283582,9.176662557345937
73,0.43283582089552236,2.6961229664541944
73,0.44029850746268656,11.05529770754693
73,0.44776119402985076,5.837069579021287
73,0.4552238805970149,17.705463714362413
73,0.4626865671641791,8.506367229656053
73,0.47014925373134325,15.977518326380652
73,0.47761194029850745,14.907183822457714
73,0.48507462686567165,9.419109399226924
73,0.4925373134328358,8.174285446841205
74,0.0,1.509903313490213e-14
74,0.007751937984496124,23.776136342805316
74,0.015503875968992248,26.599490040684547
74,0.023255813953488372,25.382167133123218
74,0.031007751937984496,22.087861881836265
74,0.03875968992248062,3.5120659397691116
74,0.046511627906976744,9.169562473835212
74,0.05426356589147287,9.080439269127716
74,0.06201550387596899,4.891868598591491
74,0.06976744186046512,6.633683177338402
74,0.07751937984496124,14.49440714158659
74,0.08527131782945736,10.494534882477947
74,0.09302325581395349,2.306102322245289
74,0.10077519379844961,4.356819157622001
74,0.10852713178294573,5.797879266413462
74,0.11627906976744186,10.360888902294851
74,0.12403100775193798,11.559724321318114
74,0.13178294573643412,8.866597896866441
74,0.13953488372093023,12.885101200582607
74,0.14728682170542634,15.319046237780473
74,0.15503875968992248,9.812633414315584
74,0.16279069767441862,16.889917245366124
74,0.17054263565891473,9.551371970624036
74,0.17829457364341084,14.482954222526034
74,0.18604651162790697,22.617560165893178
74,0.1937984496124031,13.4113350890198
74,0.20155038759689922,8.817755597416783
74,0.20930232558139533,9.083157381705194
74,0.21705426356589147,3.0119197393800743
74,0.2248062015503876,15.052028649834455
74,0.23255813953488372,8.136930685727028
74,0.24031007751937983,7.252279141317832
74,0.24806201550387597,13.067506513877479
74,0.2558139534883721,3.878557588810359
74,0.26356589147286824,1.3379095373671936
74,0.2713178294573643,12.622669268372782
74,0.27906976744186046,4.2354182831827245
74,0.2868217054263566,9.603326229453797
74,0.2945736434108527,5.51864209688632
74,0.3023255813953488,18.661046774866872
74,0.31007751937984496,1.991470041492851
74,0.3178294573643411,5.930857549183774
74,0.32558139534883723,10.800540998463696
74,0.3333333333333333,12.13540547350558
74,0.34108527131782945,6.172601922160559
74,0.3488372093023256,3.6425525426975645
74,0.3565891472868217,8.79227797913006
74,0.3643410852713178,7.710606180401572
74,0.37209302325581395,2.8864901164741052
74,0.3798449612403101,10.564765214549151
74,0.3875968992248062,6.875709318708727
74,0.3953488372093023,10.82486277724618
74,0.40310077519379844,14.058311921025002
74,0.4108527131782946,5.994421376736736
74,0.41860465116279066,12.202253206119487
74,0.4263565891472868,6.70328538600349
74,0.43410852713178294,17.91221657019515
74,0.4418604651162791,3.6026134336956495
74,0.4496124031007752,4.334291194454209
74,0.4573643410852713,3.7840981692023723
74,0.46511627906976744,1.1111861468492876
74,0.4728682170542636,4.759852594260352
74,0.48062015503875966,14.117341501980713
74,0.4883720930232558,7.183336304745998
74,0.49612403100775193,1.072660849616886
75,0.0,4.9960036108132044e-15
75,0.007874015748031496,21.542370424285714
75,0.015748031496062992,12.684122767078808
75,0.023622047244094488,19.30142901502633
75,0.031496062992125984,19.87380324260162
75,0.03937007874015748,8.699634490215857
75,0.047244094488188976,8.089207514818824
75,0.05511811023622047,17.299492580953856
75,0.06299212598425197,15.309864621049522
75,0.07086614173228346,15.092010538418897
75,0.07874015748031496,14.501104940249478
75,0.08661417322834646,1.7075766691770464
75,0.09448818897637795,13.864812073170775
75,0.10236220472440945,4.640545940117592
75,0.11023622047244094,7.625131724138023
75,0.11811023622047244,17.775089202778446
75,0.12598425196850394,10.491622473534195
75,0.13385826771653542,13.902211899243488
75,0.14173228346456693,4.99812573278536
75,0.14960629921259844,3.809070500903276
75,0.15748031496062992,9.669337756553213
75,0.1653543307086614,6.355563211997184
75,0.1732283464566929,6.440290614295922
75,0.18110236220472442,2.4064860301141837
75,0.1889763779527559,4.933799172376576
75,0.19685039370078738,16.185357310324544
75,0.2047244094488189,13.360661221604355
75,0.2125984251968504,7.04818235148334
75,0.2204724409448819,10.103768232526269
75,0.22834645669291337,24.000852398562664
75,0.23622047244094488,2.5286885557618586
75,0.2440944881889764,2.841249830610903
75,0.25196850393700787,13.44169349728478
75,0.25984251968503935,3.6955912535190922
75,0.26771653543307083,12.329183559643841
75,0.2755905511811024,4.2940180337943366
75,0.28346456692913385,9.285543516643068
75,0.29133858267716534,11.151500685653314
75,0.2992125984251969,5.337661154070262
75,0.30708661417322836,4.615810354131587
75,0.31496062992125984,7.919821774098979
75,0.3228346456692913,8.292510861235899
75,0.3307086614173228,9.197433155099434
75,0.33858267716535434,2.6919081020154723
75,0.3464566929133858,7.3553790570935424
75,0.3543307086614173,18.068222334396566
75,0.36220472440944884,6.171402173919432
75,0.3700787401574803,1.6383403397077896
75,0.3779527559055118,9.071877452405902
75,0.3858267716535433,8.577868451459743
75,0.39370078740157477,11.71079827014154
75,0.4015748031496063,11.126609425697218
75,0.4094488188976378,5.511062794033296
75,0.41732283464566927,11.72226676177647
75,0.4251968503937008,23.119602524656802
75,0.4330708661417323,7.40019723257977
75,0.4409448818897638,13.074562526115526
75,0.44881889763779526,7.479767330186441
75,0.45669291338582674,3.9144906235645665
75,0.4645669291338583,11.61610373814535
75,0.47244094488188976,7.422765656109414
75,0.48031496062992124,8.084984727284203
75,0.4881889763779528,15.917439648806864
75,0.49606299212598426,6.530153544120734
76,0.0,1.4432899320127035e-14
76,0.007633587786259542,29.687600602559737
76,0.015267175572519083,20.502581193795876
76,0.022900763358778626,14.502340534193772
76,0.030534351145038167,25.00342522489697
76,0.03816793893129771,22.197907014689875
76,0.04580152671755725,17.8422304682712
76,0.05343511450381679,15.629583700748428
76,0.061068702290076333,17.18179623397716
76,0.06870229007633588,19.754598661315868
76,0.07633587786259542,10.051200276974972
76,0.08396946564885496,4.9848946613091805
76,0.0916030534351145,8.282889448457048
76,0.09923664122137404,11.478915105976037
76,0.10687022900763359,19.23307681643773
76,0.11450381679389313,6.518906093305259
76,0.12213740458015267,10.427684076403287
76,0.1297709923664122,10.330282088644301
76,0.13740458015267176,3.6059446818801355
76,0.1450381679389313,3.875488038011959
76,0.15267175572519084,3.1025664133859747
76,0.16030534351145037,13.322915710333062
76,0.16793893129770993,2.9875996884700524
76,0.17557251908396945,7.530058616956087
76,0.183206106870229,8.546738792881795
76,0.19083969465648853,13.851683204374794
76,0.1984732824427481,8.669831697639296
76,0.20610687022900762,11.824476737851125
76,0.21374045801526717,19.327239732792286
76,0.2213740458015267,6.949256583292067
76,0.22900763358778625,8.783201926292527
76,0.23664122137404578,8.98777918657048
76,0.24427480916030533,8.156983227482652
76,0.25190839694656486,7.689660940977092
76,0.2595419847328244,10.817109100489992
76,0.26717557251908397,13.894972096705436
76,0.2748091603053435,4.118916557458455
76,0.282442748091603,7.988208202817375
76,0.2900763358778626,7.1123806232012345
76,0.29770992366412213,3.43547253327377
76,0.3053435114503817,9.496274975026285
76,0.3129770992366412,8.817808601488606
76,0.32061068702290074,3.577363350400589
76,0.3282442748091603,4.339002505041221
76,0.33587786259541985,8.475156725314184
76,0.34351145038167935,8.214653950292151
76,0.3511450381679389,4.915151069821499
76,0.35877862595419846,8.188455706018052
76,0.366412213740458,7.792003825098674
76,0.37404580152671757,10.52331404130481
76,0.38167938931297707,1.9405414330805224
76,0.3893129770992366,12.64981896287924
76,0.3969465648854962,3.422532267665482
76,0.40458015267175573,15.659227513676116
76,0.41221374045801523,6.368671651269129
76,0.4198473282442748,1.1846319883189365
76,0.42748091603053434,12.035819733276792
76,0.4351145038167939,3.2005138195817446
76,0.4427480916030534,9.133446499153443
76,0.45038167938931295,9.816151346866747
76,0.4580152671755725,11.514943301776764
76,0.46564885496183206,9.413092162820584
76,0.47328244274809156,9.054705538180539
76,0.4809160305343511,4.800992453060401
76,0.48854961832061067,8.075238233854245
76,0.4961832061068702,6.202821837160218
77,0.0,1.1546319456101628e-14
77,0.007936507936507936,23.18109610455256
77,0.015873015873015872,25.242120892303717
77,0.023809523809523808,15.728065187164555
77,0.031746031746031744,11.672818583103764
77,0.03968253968253968,11.373091467134754
77,0.047619047619047616,12.159607691062352
77,0.05555555555555555,16.229655015025735
77,0.06349206349206349,15.13335115238833
77,0.07142857142857142,3.1365154493122502
77,0.07936507936507936,2.6806345903050297
77,0.0873015873015873,3.9669138213014894
77,0.09523809523809523,6.047937820193886
77,0.10317460317460317,9.627039347030529
77,0.1111111111111111,6.972576295540087
77,0.11904761904761904,6.243924812303427
77,0.12698412698412698,8.125248213047394
77,0.1349206349206349,4.839010628503583
77,0.14285714285714285,3.8066420081623127
77,0.15079365079365079,6.386398725372691
77,0.15873015873015872,1.82548448653085
77,0.16666666666666666,11.708582909499688
77,0.1746031746031746,13.060683760469148
77,0.18253968253968253,2.5117501640899027
77,0.19047619047619047,8.355422799028792
77,0.1984126984126984,7.274609061724406
77,0.20634920634920634,7.736802967414179
77,0.21428571428571427,13.060372215755713
77,0.2222222222222222,18.460681359349422
77,0.23015873015873015,8.213350159627193
77,0.23809523809523808,7.162063652043501
77,0.24603174603174602,4.42776999297816
77,0.25396825396825395,10.639648196999156
77,0.26190476190476186,3.5190980311754245
77,0.2698412698412698,4.222538894355835
77,0.2777777777777778,16.97234237711229
77,0.2857142857142857,10.317460231230804
77,0.2936507936507936,6.872294264544923
77,0.30158730158730157,6.9363448472767555
77,0.30952380952380953,7.059069244958762
77,0.31746031746031744,6.522250534656534
77,0.32539682539682535,6.113792424027681
77,0.3333333333333333,13.589199455488272
77,0.3412698412698413,19.046766573025923
77,0.3492063492063492,11.82834926747206
77,0.3571428571428571,14.760898346833388
77,0.36507936507936506,7.6579691057874895
77,0.373015873015873,7.2969703118346665
77,0.38095238095238093,10.620523136289398
77,0.38888888888888884,16.156658386937973
77,0.3968253968253968,10.47191636784558
77,0.40476190476190477,16.356830801261992
77,0.4126984126984127,9.08834489507547
77,0.4206349206349206,21.23900645894862
77,0.42857142857142855,13.268580172514604
77,0.4365079365079365,12.216605910015836
77,0.4444444444444444,11.035194983076316
77,0.45238095238095233,4.825742013039631
77,0.4603174603174603,6.012147977311357
77,0.46825396825396826,9.378321879291146
77,0.47619047619047616,10.445883747215898
77,0.4841269841269841,11.615598422599037
77,0.49206349206349204,11.345379647947386
78,0.0,2.220446049250313e-15
78,0.008064516129032258,23.829730009616316
78,0.016129032258064516,19.341079420611212
78,0.024193548387096774,18.999638840750553
78,0.03225806451612903,12.746107496531463
78,0.04032258064516129,12.809945509331286
78,0.04838709677419355,13.091720678022872
78,0.056451612903225805,20.387032533607897
78,0.06451612903225806,9.389206633516087
78,0.07258064516129031,7.401107844945198
78,0.08064516129032258,14.339660661069162
78,0.08870967741935484,8.927121031374462
78,0.0967741935483871,9.378880063338908
78,0.10483870967741934,23.622083939569883
78,0.11290322580645161,16.45638213489377
78,0.12096774193548387,16.240520873273738
78,0.12903225806451613,8.662381163670037
78,0.13709677419354838,13.446631205483527
78,0.14516129032258063,7.530760270450353
78,0.1532258064516129,10.725629277977466
78,0.16129032258064516,14.18340496296067
78,0.1693548387096774,3.5598128016731776
78,0.1774193548387097,8.91454989530643
78,0.18548387096774194,12.741769751223174
78,0.1935483870967742,6.03728142252353
78,0.20161290322580644,7.160621458662353
78,0.2096774193548387,18.229553534787666
78,0.21774193548387097,7.433161036659899
78,0.22580645161290322,11.323349176883612
78,0.23387096774193547,4.909362538848138
78,0.24193548387096775,7.930069642069726
78,0.25,5.044095382468216
78,0.25806451612903225,3.9652339916360444
78,0.2661290322580645,3.8213688790432596
78,0.27419354838709675,3.14294582716394
78,0.282258064516129,10.160603737648238
78,0.29032258064516125,12.421962150426962
78,0.29838709677419356,7.359273038252119
78,0.3064516129032258,8.494917796110995
78,0.31451612903225806,8.05933710237694
78,0.3225806451612903,9.848942904710308
78,0.33064516129032256,5.811718763371812
78,0.3387096774193548,7.586960218541866
78,0.34677419354838707,3.220473235575306
78,0.3548387096774194,3.7987167119776712
78,0.3629032258064516,3.09524061314595
78,0.3709677419354839,6.419381154292285
78,0.3790322580645161,9.449929061805996
78,0.3870967741935484,13.591699945569573
78,0.3951612903225806,12.97515146399209
78,0.4032258064516129,12.935394006874958
78,0.41129032258064513,11.583559605106235
78,0.4193548387096774,13.31952703512732
78,0.4274193548387097,17.4760657075009
78,0.43548387096774194,2.6557081052331206
78,0.4435483870967742,9.038583676457446
78,0.45161290322580644,5.771217231015431
78,0.4596774193548387,1.801168139388761
78,0.46774193548387094,4.035877881044779
78,0.4758064516129032,3.904058366718502
78,0.4838709677419355,3.9856288075847557
78,0.49193548387096775,10.509985837474868
79,0.0,9.769962616701378e-15
79,0.007751937984496124,31.786427646514536
79,0.015503875968992248,3.3269380965203417
79,0.023255813953488372,5.184439525758916
79,0.031007751937984496,12.942901766553994
79,0.03875968992248062,16.89244934613383
79,0.046511627906976744,22.111649371641118
79,0.05426356589147287,17.831542192282036
79,0.06201550387596899,2.469971736700256
79,0.06976744186046512,11.240893652428289
79,0.07751937984496124,1.8017960575662029
79,0.08527131782945736,11.121839589281315
79,0.09302325581395349,14.397203563312743
79,0.10077519379844961,5.380477162589299
79,0.10852713178294573,8.955282026097915
79,0.11627906976744186,9.118635403505133
79,0.12403100775193798,7.597295042124232
79,0.13178294573643412,11.416407862961888
79,0.13953488372093023,14.124798423477143
79,0.14728682170542634,3.9137568490471977
79,0.15503875968992248,3.274141350632523
79,0.16279069767441862,7.569865372844365
79,0.17054263565891473,10.749291015828705
79,0.17829457364341084,8.73447583032363
79,0.18604651162790697,4.15348166540865
79,0.1937984496124031,1.0904530161280115
79,0.20155038759689922,11.121330682250123
79,0.20930232558139533,10.977913512396299
79,0.21705426356589147,13.863271227627122
79,0.2248062015503876,16.27275887443657
79,0.23255813953488372,5.73518371964804
79,0.24031007751937983,4.761436788057546
79,0.24806201550387597,2.5102593005663643
79,0.2558139534883721,9.760553067032353
79,0.26356589147286824,14.240980103192655
79,0.2713178294573643,13.831140950396694
79,0.27906976744186046,11.941465277986346
79,0.2868217054263566,4.015355192775473
79,0.2945736434108527,7.3393164888318525
79,0.3023255813953488,13.115470881700137
79,0.31007751937984496,9.818546182411717
79,0.3178294573643411,10.419929830230604
79,0.32558139534883723,2.9208509204947255
79,0.3333333333333333,8.432920779841728
79,0.34108527131782945,3.1984022531279597
79,0.3488372093023256,14.245403450855408
79,0.3565891472868217,16.978027351222167
79,0.3643410852713178,3.7961296919656795
79,0.37209302325581395,13.27896906272423
79,0.3798449612403101,12.070732557068814
79,0.3875968992248062,11.961901205975112
79,0.3953488372093023,9.571469437865968
79,0.40310077519379844,18.29913325880636
79,0.4108527131782946,10.629525736205911
79,0.41860465116279066,7.181181298485388
79,0.4263565891472868,17.259818169885854
79,0.43410852713178294,10.949322582561757
79,0.4418604651162791,15.737595049985423
79,0.4496124031007752,3.515272980828783
79,0.4573643410852713,9.99817470811564
79,0.46511627906976744,3.2567957490151747
79,0.4728682170542636,13.573982436577642
79,0.48062015503875966,6.599994062025265
79,0.4883720930232558,12.216424849691425
79,0.49612403100775193,3.6295126507644255
80,0.0,1.7763568394002505e-14
80,0.006896551724137931,20.524660340000338
80,0.013793103448275862,4.579771500583662
80,0.020689655172413793,5.9699671694976155
80,0.027586206896551724,7.705980511808283
80,0.034482758620689655,16.422266735756136
80,0.041379310344827586,17.28054044849916
80,0.04827586206896552,15.485459028574756
80,0.05517241379310345,11.98217219443126
80,0.06206896551724138,5.943011204984481
80,0.06896551724137931,7.323607245305236
80,0.07586206896551724,15.339222237056845
80,0.08275862068965517,16.442952946420217
80,0.0896551724137931,4.444272927505027
80,0.09655172413793103,8.325278363268609
80,0.10344827586206896,1.6614093001091332
80,0.1103448275862069,12.061561757611772
80,0.11724137931034483,6.112297962626465
80,0.12413793103448276,4.572193000415191
80,0.13103448275862067,12.12073481611718
80,0.13793103448275862,17.09789873527941
80,0.14482758620689656,8.001356558114148
80,0.15172413793103448,5.33954707161834
80,0.1586206896551724,17.792479951540273
80,0.16551724137931034,22.316000998354586
80,0.1724137931034483,7.4583759020192
80,0.1793103448275862,7.997901709623902
80,0.18620689655172412,5.03584354631641
80,0.19310344827586207,3.219340771122303
80,0.2,5.809598121066071
80,0.20689655172413793,8.974850607302027
80,0.21379310344827585,9.209938162117142
80,0.2206896551724138,3.487677968382491
80,0.22758620689655173,9.455240914515286
80,0.23448275862068965,11.880955201740102
80,0.24137931034482757,7.828071037302485
80,0.2482758620689655,8.360495739853194
80,0.25517241379310346,7.058162914838379
80,0.26206896551724135,5.380774915978813
80,0.2689655172413793,8.568397931066455
80,0.27586206896551724,4.62463228517397
80,0.2827586206896552,8.4723324609411
80,0.2896551724137931,22.049144266532743
80,0.296551724137931,2.4436720985168146
80,0.30344827586206896,12.581174809894137
80,0.3103448275862069,15.195055348535217
80,0.3172413793103448,0.7732015668809864
80,0.32413793103448274,14.330605813977696
80,0.3310344827586207,14.757683635126728
80,0.33793103448275863,8.983499053476239
80,0.3448275862068966,7.841193735364956
80,0.35172413793103446,13.61805229436294
80,0.3586206896551724,15.235318475927649
80,0.36551724137931035,14.616529564163779
80,0.37241379310344824,8.052985025759815
80,0.3793103448275862,9.326188469198177
80,0.38620689655172413,12.050921198836134
80,0.3931034482758621,11.02210368552716
80,0.4,16.85710926043223
80,0.4068965517241379,8.238867441551175
80,0.41379310344827586,5.872486415267329
80,0.4206896551724138,6.553049026418141
80,0.4275862068965517,8.757502146746898
80,0.43448275862068964,13.542453937027165
80,0.4413793103448276,11.507493787733107
80,0.4482758620689655,21.921808338807516
80,0.45517241379310347,15.528631211717538
80,0.46206896551724136,18.554133666696877
80,0.4689655172413793,13.370869396674667
80,0.47586206896551725,18.37446530932262
80,0.48275862068965514,4.827625300668737
80,0.4896551724137931,23.042929236260033
80,0.496551724137931,18.912511487774694
81,0.0,2.6645352591003757e-15
81,0.0078125,0.7822125037840995
81,0.015625,2.2029538687355257
81,0.0234375,13.347406964649497
81,0.03125,17.400849967004632
81,0.0390625,14.940040264000386
81,0.046875,21.76955577293742
81,0.0546875,5.822725783910225
81,0.0625,0.07254490922348314
81,0.0703125,15.046644018163118
81,0.078125,21.59980801490426
81,0.0859375,6.01504008747504
81,0.09375,5.579466974911964
81,0.1015625,6.802572935118898
81,0.109375,2.8593753015249943
81,0.1171875,4.936889791533005
81,0.125,8.548799003783769
81,0.1328125,5.954633989384188
81,0.140625,3.9057366296945033
81,0.1484375,14.60017857646656
81,0.15625,0.2830279359914702
81,0.1640625,8.008381700731528
81,0.171875,3.1522371318678446
81,0.1796875,8.617732555541453
81,0.1875,12.146764721106495
81,0.1953125,10.289461905701232
81,0.203125,4.634521938421929
81,0.2109375,8.989726324874828
81,0.21875,9.720205166423991
81,0.2265625,10.251768323536242
81,0.234375,9.492184598375504
81,0.2421875,11.91709712770636
81,0.25,12.3753332826823
81,0.2578125,2.226008159889015
81,0.265625,11.136598892004383
81,0.2734375,6.12343512695845
81,0.28125,6.490520998422072
81,0.2890625,15.842483631120627
81,0.296875,15.498959894620826
81,0.3046875,4.147210438221375
81,0.3125,6.047104611347097
81,0.3203125,17.417757440898214
81,0.328125,20.982788734360202
81,0.3359375,10.924715876660938
81,0.34375,8.756112860941798
81,0.3515625,11.163786850303026
81,0.359375,15.744945978751591
81,0.3671875,12.161412376293546
81,0.375,8.55393719559108
81,0.3828125,21.985149424381436
81,0.390625,7.139977237354194
81,0.3984375,4.171196483141991
81,0.40625,16.760740760571483
81,0.4140625,12.652869210251906
81,0.421875,11.706974639230344
81,0.4296875,14.988840905901364
81,0.4375,11.1049156516803
81,0.4453125,9.001577679828703
81,0.453125,15.207330161469367
81,0.4609375,12.598733918734716
81,0.46875,10.207823058077826
81,0.4765625,13.790798240876475
81,0.484375,9.721799041829332
81,0.4921875,5.998851059008314
82,0.0,1.8707257964933888e-14
82,0.007874015748031496,38.647128785783984
82,0.015748031496062992,18.45236305698381
82,0.023622047244094488,11.437767528996119
82,0.031496062992125984,17.958734352031264
82,0.03937007874015748,11.540028295504147
82,0.047244094488188976,12.660759089414954
82,0.05511811023622047,3.6833155975194347
82,0.06299212598425197,7.583128965050784
82,0.07086614173228346,17.77937605428664
82,0.07874015748031496,3.443380031891964
82,0.08661417322834646,1.0038047807577797
82,0.09448818897637795,7.475123698664559
82,0.10236220472440945,3.0611276980327977
82,0.11023622047244094,11.868549928250355
82,0.11811023622047244,13.337625495203874
82,0.12598425196850394,6.445076509874532
82,0.13385826771653542,4.040763361930375
82,0.14173228346456693,5.874760469011734
82,0.14960629921259844,10.583648004293378
82,0.15748031496062992,6.461630828737345
82,0.1653543307086614,3.6461864912348023
82,0.1732283464566929,4.399785658358573
82,0.18110236220472442,9.9963235587284
82,0.1889763779527559,8.018115940164178
82,0.19685039370078738,3.863128532941911
82,0.2047244094488189,7.255549502800711
82,0.2125984251968504,9.315016799254982
82,0.2204724409448819,11.086898610149884
82,0.22834645669291337,7.892214693183982
82,0.23622047244094488,10.303854117228704
82,0.2440944881889764,9.708545157998064
82,0.25196850393700787,5.597305737527301
82,0.25984251968503935,1.7538612649872594
82,0.26771653543307083,10.904012518334904
82,0.2755905511811024,9.360763002296764
82,0.28346456692913385,10.75660062850448
82,0.29133858267716534,12.02832293142816
82,0.2992125984251969,8.642225553540868
82,0.30708661417322836,13.531518049883937
82,0.31496062992125984,10.589438688545648
82,0.3228346456692913,8.541360940788186
82,0.3307086614173228,11.692479721093484
82,0.33858267716535434,3.2374319068109187
82,0.3464566929133858,11.211257417169666
82,0.3543307086614173,0.282482692953176
82,0.36220472440944884,9.707584811037616
82,0.3700787401574803,3.87941774120717
82,0.3779527559055118,5.390384385541698
82,0.3858267716535433,9.303669472321852
82,0.39370078740157477,10.610288623673824
82,0.4015748031496063,9.852369288155423
82,0.4094488188976378,23.221920692887164
82,0.41732283464566927,2.8756703640688417
82,0.4251968503937008,5.858756693627886
82,0.4330708661417323,16.012716959214224
82,0.4409448818897638,6.218660878003188
82,0.44881889763779526,5.617970481135205
82,0.45669291338582674,4.809728093041798
82,0.4645669291338583,19.28363610288823
82,0.47244094488188976,17.27674554014182
82,0.48031496062992124,14.627186117417128
82,0.4881889763779528,14.213860938407691
82,0.49606299212598426,6.848426230142638
83,0.0,3.9968028886505635e-15
83,0.007751937984496124,20.81496736876738
83,0.015503875968992248,10.570556120458507
83,0.023255813953488372,12.060187964013005
83,0.031007751937984496,6.087756511367576
83,0.03875968992248062,20.25164989666775
83,0.046511627906976744,9.366673485919126
83,0.05426356589147287,19.022658237183034
83,0.06201550387596899,16.010601250182273
83,0.06976744186046512,24.64706230024205
83,0.07751937984496124,18.717687426265453
83,0.08527131782945736,16.80936271523207
83,0.09302325581395349,14.635688933665406
83,0.10077519379844961,7.522432782890347
83,0.10852713178294573,16.76372606139269
83,0.11627906976744186,11.30302916170869
83,0.12403100775193798,7.882445913598848
83,0.13178294573643412,5.647888186064522
83,0.13953488372093023,9.795160026668425
83,0.14728682170542634,13.130025799411303
83,0.15503875968992248,15.737781862595323
83,0.16279069767441862,6.63855064761182
83,0.17054263565891473,9.00836756574291
83,0.17829457364341084,2.958332484232742
83,0.18604651162790697,7.527593494807776
83,0.1937984496124031,9.064626925630787
83,0.20155038759689922,12.301906549245336
83,0.20930232558139533,5.694938862333978
83,0.21705426356589147,13.87447621177351
83,0.2248062015503876,7.683994621257456
83,0.23255813953488372,9.28342735541902
83,0.24031007751937983,4.417432225083085
83,0.24806201550387597,7.66571687689656
83,0.2558139534883721,17.78809452654661
83,0.26356589147286824,14.315586262963784
83,0.2713178294573643,11.354318209051417
83,0.27906976744186046,6.3113048491164925
83,0.2868217054263566,6.172562728974265
83,0.2945736434108527,8.423641853664734
83,0.3023255813953488,11.195591215347541
83,0.31007751937984496,5.564623762714457
83,0.3178294573643411,10.16265733521125
83,0.32558139534883723,11.495960927448808
83,0.3333333333333333,1.813960289120706
83,0.34108527131782945,6.518003582577894
83,0.3488372093023256,5.069529696872507
83,0.3565891472868217,10.850577413820412
83,0.3643410852713178,4.454918465288878
83,0.37209302325581395,11.874508524497712
83,0.3798449612403101,5.845780542109888
83,0.3875968992248062,7.055626792249376
83,0.3953488372093023,10.156834740383252
83,0.40310077519379844,5.601187309091132
83,0.4108527131782946,17.946652782391478
83,0.41860465116279066,17.04394821137155
83,0.4263565891472868,2.25556376148128
83,0.43410852713178294,8.855301420570898
83,0.4418604651162791,7.231598412165678
83,0.4496124031007752,6.443589285084146
83,0.4573643410852713,8.059375132731677
83,0.46511627906976744,9.528854985591286
83,0.4728682170542636,11.473977903483329
83,0.48062015503875966,8.085501990297102
83,0.4883720930232558,12.278329180939764
83,0.49612403100775193,4.630503786107952
84,0.0,1.1102230246251565e-14
84,0.007692307692307693,28.70841639251051
84,0.015384615384615385,23.583354685172996
84,0.023076923076923078,18.379328228538593
84,0.03076923076923077,8.250218579707532
84,0.038461538461538464,7.125426770908419
84,0.046153846153846156,11.40611062286068
84,0.05384615384615385,12.936238280554967
84,0.06153846153846154,6.348471678940963
84,0.06923076923076923,8.152181746937178
84,0.07692307692307693,7.7342744437279825
84,0.08461538461538462,8.266406995406951
84,0.09230769230769231,12.826104634402588
84,0.1,13.221831742771156
84,0.1076923076923077,8.756387906255547
84,0.11538461538461539,7.336332610959983
84,0.12307692307692308,5.186154521418854
84,0.13076923076923078,6.470199330103928
84,0.13846153846153847,10.088511787072122
84,0.14615384615384616,13.094209090486682
84,0.15384615384615385,9.233130190033542
84,0.16153846153846155,10.194649032858747
84,0.16923076923076924,9.311157095569111
84,0.17692307692307693,6.7781936423629805
84,0.18461538461538463,8.593031751668965
84,0.19230769230769232,10.581229619084777
84,0.2,9.35984904962359
84,0.2076923076923077,13.569779162542511
84,0.2153846153846154,12.798548115686316
84,0.2230769230769231,9.917087883464838
84,0.23076923076923078,12.178233799542394
84,0.23846153846153847,21.596730146676702
84,0.24615384615384617,15.463333606377354
84,0.25384615384615383,13.128088911051764
84,0.26153846153846155,7.159759875882292
84,0.2692307692307693,15.562837516096065
84,0.27692307692307694,17.563312223534393
84,0.2846153846153846,3.9013326085497395
84,0.2923076923076923,14.0184231812164
84,0.30000000000000004,5.792982407375596
84,0.3076923076923077,4.13596150548957
84,0.3153846153846154,7.191529553667748
84,0.3230769230769231,17.1821909747299
84,0.3307692307692308,14.794883095119262
84,0.3384615384615385,8.469023326933971
84,0.34615384615384615,10.020032176070362
84,0.35384615384615387,10.606465172461494
84,0.3615384615384616,5.029623698817017
84,0.36923076923076925,10.179569195672263
84,0.3769230769230769,15.908499275974094
84,0.38461538461538464,9.238345896944681
84,0.39230769230769236,4.276832108202349
84,0.4,2.854728149936352
84,0.4076923076923077,4.742484720808762
84,0.4153846153846154,12.61533245047932
84,0.42307692307692313,6.2939833139236585
84,0.4307692307692308,12.306326948862315
84,0.43846153846153846,9.29385830791054
84,0.4461538461538462,13.31273544702497
84,0.4538461538461539,4.030485796740893
84,0.46153846153846156,3.2356119214021333
84,0.46923076923076923,6.226427934255209
84,0.47692307692307695,10.202267576521525
84,0.48461538461538467,5.263086362109452
84,0.49230769230769234,12.122181365728196
85,0.0,9.992007221626409e-16
85,0.007633587786259542,28.069399363379823
85,0.015267175572519083,26.454714566779018
85,0.022900763358778626,13.62053508914579
85,0.030534351145038167,15.652316762359767
85,0.03816793893129771,14.811078296050352
85,0.04580152671755725,9.984976237259152
85,0.05343511450381679,17.299189828910585
85,0.061068702290076333,20.51327539376181
85,0.06870229007633588,4.6520509544083115
85,0.07633587786259542,8.984103847188608
85,0.08396946564885496,5.00141238558806
85,0.0916030534351145,7.822619715331871
85,0.09923664122137404,12.503356149484077
85,0.10687022900763359,11.849141455051862
85,0.11450381679389313,4.538875179001546
85,0.12213740458015267,7.641882022220429
85,0.1297709923664122,6.371751705183175
85,0.13740458015267176,18.338532316038066
85,0.1450381679389313,1.749736573968516
85,0.15267175572519084,7.048577328208931
85,0.16030534351145037,5.6415927204240806
85,0.16793893129770993,13.342249993777674
85,0.17557251908396945,13.619673110300774
85,0.183206106870229,8.379440851743496
85,0.19083969465648853,19.28415983893763
85,0.1984732824427481,7.059524912116
85,0.20610687022900762,10.564423684530096
85,0.21374045801526717,14.702165021076658
85,0.2213740458015267,9.76542853829747
85,0.22900763358778625,15.23477939537509
85,0.23664122137404578,5.238703517428893
85,0.24427480916030533,11.522779560840124
85,0.25190839694656486,14.08721776611082
85,0.2595419847328244,8.141830901630573
85,0.26717557251908397,1.988951714778414
85,0.2748091603053435,5.280442307273299
85,0.282442748091603,7.144948498786821
85,0.2900763358778626,10.93983406543695
85,0.29770992366412213,8.960164431156354
85,0.3053435114503817,8.2120539277103
85,0.3129770992366412,18.939409553564236
85,0.32061068702290074,8.150591469156941
85,0.3282442748091603,4.79788229464499
85,0.33587786259541985,5.9753264558955195
85,0.34351145038167935,5.712172839401515
85,0.3511450381679389,18.609697957946313
85,0.35877862595419846,5.996604826900446
85,0.366412213740458,3.0857392682544362
85,0.37404580152671757,15.718426422741098
85,0.38167938931297707,5.948670458487095
85,0.3893129770992366,3.9147752582042887
85,0.3969465648854962,8.973245712246207
85,0.40458015267175573,5.444087019440429
85,0.41221374045801523,4.995063107103191
85,0.4198473282442748,7.091395240561527
85,0.42748091603053434,8.480205766141587
85,0.4351145038167939,8.536490725037897
85,0.4427480916030534,8.374758952853954
85,0.45038167938931295,13.9535465086614
85,0.4580152671755725,8.288489910008241
85,0.46564885496183206,2.1389065400847
85,0.47328244274809156,12.444912053601788
85,0.4809160305343511,2.976267797582738
85,0.48854961832061067,10.719708201897081
85,0.4961832061068702,12.586373785992826
86,0.0,5.329070518200751e-15
86,0.008333333333333333,22.010383850049113
86,0.016666666666666666,20.37072093412905
86,0.025,11.899322352019142
86,0.03333333333333333,8.008326656750073
86,0.041666666666666664,17.597875175504175
86,0.05,20.798604956955348
86,0.058333333333333334,17.15138400706035
86,0.06666666666666667,8.379503446030139
86,0.075,10.23621903988333
86,0.08333333333333333,7.593247254067409
86,0.09166666666666666,4.700767011826943
86,0.1,4.850982640070214
86,0.10833333333333334,13.71955124128757
86,0.11666666666666667,8.963189047499403
86,0.125,8.676302358628034
86,0.13333333333333333,6.001446418783607
86,0.14166666666666666,3.7759546682137204
86,0.15,4.969313731280763
86,0.15833333333333333,4.75825093595478
86,0.16666666666666666,5.921924694937037
86,0.175,8.011694707239702
86,0.18333333333333332,2.4456191852063816
86,0.19166666666666665,13.482518253763866
86,0.2,5.309994338530328
86,0.20833333333333334,2.7378948832741115
86,0.21666666666666667,18.757239642674506
86,0.225,11.317327139191052
86,0.23333333333333334,6.566365767691974
86,0.24166666666666667,8.163850876955864
86,0.25,8.923072890272127
86,0.2583333333333333,2.9674131330329803
86,0.26666666666666666,1.8510729850787524
86,0.275,4.198127057979914
86,0.2833333333333333,10.583848923231447
86,0.2916666666666667,10.024459485321616
86,0.3,4.724299032782275
86,0.30833333333333335,8.574509942455181
86,0.31666666666666665,10.913747730087579
86,0.325,11.676516782606736
86,0.3333333333333333,10.082189029284164
86,0.3416666666666667,12.576698365258276
86,0.35,7.703474286070228
86,0.35833333333333334,13.371150759655563
86,0.36666666666666664,20.290572541990105
86,0.375,9.125775761036405
86,0.3833333333333333,21.669667013968546
86,0.39166666666666666,15.513452485527987
86,0.4,4.763676502667022
86,0.4083333333333333,14.005216422203603
86,0.4166666666666667,7.992560960929549
86,0.425,15.076355670715646
86,0.43333333333333335,4.438217079867868
86,0.44166666666666665,6.427154420100314
86,0.45,9.86811542039256
86,0.4583333333333333,7.166497825998921
86,0.4666666666666667,11.442143962431063
86,0.475,10.520116074377656
86,0.48333333333333334,4.870183057047798
86,0.49166666666666664,7.956078566102867
87,0.0,7.105427357601002e-15
87,0.007575757575757576,28.880006013040415
87,0.015151515151515152,11.527744328010492
87,0.022727272727272728,16.31799054763572
87,0.030303030303030304,26.709135769895152
87,0.03787878787878788,16.640662722818984
87,0.045454545454545456,17.54712313421001
87,0.05303030303030303,11.087277843634922
87,0.06060606060606061,8.228373406942778
87,0.06818181818181818,23.319979240390648
87,0.07575757575757576,17.744460741865538
87,0.08333333333333334,5.78991824214711
87,0.09090909090909091,7.730894361799556
87,0.09848484848484848,13.786762501496668
87,0.10606060606060606,6.776933698493798
87,0.11363636363636365,15.13850795978279
87,0.12121212121212122,11.742004682889828
87,0.12878787878787878,4.3568892600963265
87,0.13636363636363635,12.855066915346756
87,0.14393939393939395,21.970546787614197
87,0.15151515151515152,19.9451682548346
87,0.1590909090909091,9.045609085650336
87,0.16666666666666669,12.66012051030644
87,0.17424242424242425,1.375048674279458
87,0.18181818181818182,7.251284352018164
87,0.1893939393939394,6.206256661739223
87,0.19696969696969696,4.140355576728677
87,0.20454545454545456,2.8971584284762573
87,0.21212121212121213,13.29582503073476
87,0.2196969696969697,5.326307879179088
87,0.2272727272727273,12.092136633162484
87,0.23484848484848486,1.0686795166077399
87,0.24242424242424243,3.555546913366431
87,0.25,9.786351632599473
87,0.25757575757575757,13.544628371550154
87,0.26515151515151514,8.5979402390143
87,0.2727272727272727,5.735117624323239
87,0.28030303030303033,14.76950049767591
87,0.2878787878787879,13.12561933569392
87,0.29545454545454547,9.217519705789817
87,0.30303030303030304,7.4617809065146155
87,0.3106060606060606,16.871511607190506
87,0.3181818181818182,14.596108001590741
87,0.32575757575757575,10.705337941160314
87,0.33333333333333337,3.693280801177639
87,0.34090909090909094,7.2245491381254405
87,0.3484848484848485,8.889767313913426
87,0.3560606060606061,0.5160330481562485
87,0.36363636363636365,2.3643379606479367
87,0.3712121212121212,6.969491888320124
87,0.3787878787878788,5.710482353590973
87,0.38636363636363635,10.974461433749541
87,0.3939393939393939,5.610007642999902
87,0.40151515151515155,5.145994090056153
87,0.4090909090909091,10.669754910289202
87,0.4166666666666667,5.980856054335744
87,0.42424242424242425,10.209095783024642
87,0.4318181818181818,5.195660476887115
87,0.4393939393939394,10.115672326672408
87,0.44696969696969696,9.391349049572288
87,0.4545454545454546,1.1758497816201385
87,0.46212121212121215,4.933498864404006
87,0.4696969696969697,8.421863820367438
87,0.4772727272727273,7.8960862132615
87,0.48484848484848486,3.4866529265831
87,0.49242424242424243,6.776484965176821
88,0.0,8.659739592076221e-15
88,0.0072992700729927005,23.146443425480005
88,0.014598540145985401,15.771366280694922
88,0.021897810218978103,17.806348243567587
88,0.029197080291970802,13.968313716363324
88,0.0364963503649635,10.19085614206495
88,0.043795620437956206,3.2857722959500855
88,0.051094890510948905,4.941002942739324
88,0.058394160583941604,12.588183855682816
88,0.06569343065693431,9.264282275118774
88,0.072992700729927,7.423160837865458
88,0.08029197080291971,22.557047718461437
88,0.08759124087591241,19.11336606764948
88,0.0948905109489051,20.07645328267382
88,0.10218978102189781,12.540826972159962
88,0.1094890510948905,14.361384180172713
88,0.11678832116788321,3.8703603544517047
88,0.12408759124087591,9.876693488938484
88,0.13138686131386862,10.178858191021474
88,0.1386861313868613,8.763570265118451
88,0.145985401459854,13.526858549675572
88,0.15328467153284672,7.532194112765262
88,0.16058394160583941,15.931049303142046
88,0.1678832116788321,10.311878064511525
88,0.17518248175182483,7.414119536394932
88,0.18248175182481752,1.8756272119776827
88,0.1897810218978102,4.5332611075948455
88,0.1970802919708029,6.032682843146059
88,0.20437956204379562,3.958631454944262
88,0.2116788321167883,8.807958703275663
88,0.218978102189781,16.916637100189387
88,0.22627737226277372,19.965334356695774
88,0.23357664233576642,6.920531758836336
88,0.2408759124087591,3.4808037744325517
88,0.24817518248175183,9.584976437212005
88,0.2554744525547445,9.838670694265252
88,0.26277372262773724,17.05273702718215
88,0.27007299270072993,4.7930866827842395
88,0.2773722627737226,9.512943032338496
88,0.2846715328467153,10.737700046289314
88,0.291970802919708,7.406628621244513
88,0.2992700729927007,7.546167907805921
88,0.30656934306569344,9.540439302915448
88,0.31386861313868614,16.91314376238378
88,0.32116788321167883,12.326679933091421
88,0.3284671532846715,10.87010308915365
88,0.3357664233576642,11.44956806897921
88,0.3430656934306569,0.5987130933736532
88,0.35036496350364965,12.623620461555197
88,0.35766423357664234,12.746492531451675
88,0.36496350364963503,7.496170865307072
88,0.3722627737226277,9.28231986648864
88,0.3795620437956204,5.142634363990299
88,0.3868613138686131,10.10792317812933
88,0.3941605839416058,4.5532358995669995
88,0.40145985401459855,14.736746865675947
88,0.40875912408759124,4.570758576635808
88,0.41605839416058393,10.569179293966881
88,0.4233576642335766,15.86850487277325
88,0.4306569343065693,5.326098464293055
88,0.437956204379562,7.049762494516536
88,0.44525547445255476,10.955374381817919
88,0.45255474452554745,6.700881952914326
88,0.45985401459854014,7.928057879101944
88,0.46715328467153283,13.14597232891855
88,0.4744525547445255,18.46577211196029
88,0.4817518248175182,8.131206974105504
88,0.4890510948905109,15.729533845934021
88,0.49635036496350365,14.676962778701586
89,0.0,2.6645352591003757e-15
89,0.008264462809917356,17.66265804322654
89,0.01652892561983471,26.693145229204074
89,0.024793388429752067,13.852647242295703
89,0.03305785123966942,16.996711105145724
89,0.04132231404958678,17.3043503063595
89,0.049586776859504134,9.019178814704215
89,0.05785123966942149,13.088886764284425
89,0.06611570247933884,4.4064581659441115
89,0.0743801652892562,11.722623806540623
89,0.08264462809917356,4.625629619233422
89,0.09090909090909091,8.645279194119707
89,0.09917355371900827,9.756629659593084
89,0.10743801652892562,11.67271618550402
89,0.11570247933884298,17.664090367080117
89,0.12396694214876033,2.732084025278139
89,0.1322314049586777,18.580281733692487
89,0.14049586776859505,5.729211342159122
89,0.1487603305785124,14.79211895820385
89,0.15702479338842976,14.857922502203971
89,0.1652892561983471,8.33109844974115
89,0.17355371900826447,7.563414369157597
89,0.18181818181818182,8.045021504122394
89,0.19008264462809918,11.065934799552268
89,0.19834710743801653,0.7143557815013748
89,0.2066115702479339,17.141660978126513
89,0.21487603305785125,11.542509258570178
89,0.2231404958677686,9.784262856457916
89,0.23140495867768596,10.997461231165998
89,0.2396694214876033,4.381016647653997
89,0.24793388429752067,7.50911265591278
89,0.25619834710743805,13.452787178102282
89,0.2644628099173554,3.553961353952653
89,0.2727272727272727,7.5789532456123245
89,0.2809917355371901,6.461265758404612
89,0.2892561983471075,12.811696330169251
89,0.2975206611570248,8.6243530352539
89,0.30578512396694213,12.13971666955708
89,0.3140495867768595,6.72902109553999
89,0.3223140495867769,3.039350184311213
89,0.3305785123966942,7.826818600840559
89,0.33884297520661155,12.036189075815638
89,0.34710743801652894,10.550036513337977
89,0.3553719008264463,7.337239452480906
89,0.36363636363636365,9.491858619799896
89,0.371900826446281,13.590454590135396
89,0.38016528925619836,2.7934435744364694
89,0.38842975206611574,4.736541712698205
89,0.39669421487603307,12.731215764716836
89,0.4049586776859504,8.191405594183136
89,0.4132231404958678,2.164539907696377
89,0.42148760330578516,13.512544304254419
89,0.4297520661157025,3.3276379750113705
89,0.4380165289256198,3.3932997962749214
89,0.4462809917355372,4.947873914150325
89,0.4545454545454546,8.72049859519635
89,0.4628099173553719,9.914049799510712
89,0.47107438016528924,13.584727149445682
89,0.4793388429752066,6.378353758665475
89,0.487603305785124,12.959279922623681
89,0.49586776859504134,12.939469579146042
90,0.0,1.1102230246251565e-15
90,0.006993006993006993,32.53110573231091
90,0.013986013986013986,13.896472189234292
90,0.02097902097902098,25.667799629252986
90,0.027972027972027972,18.19777870117392
90,0.03496503496503497,17.19194353677158
90,0.04195804195804196,24.117085975580736
90,0.04895104895104895,16.555050226520933
90,0.055944055944055944,8.763788017993361
90,0.06293706293706294,18.73700944989384
90,0.06993006993006994,14.041238416931595
90,0.07692307692307693,18.074429126676428
90,0.08391608391608392,16.74159207074675
90,0.09090909090909091,6.341273972279016
90,0.0979020979020979,11.44689705572635
90,0.1048951048951049,6.450662438947878
90,0.11188811188811189,15.409589824068767
90,0.11888111888111888,18.46737060871836
90,0.1258741258741259,13.279746539002122
90,0.13286713286713286,11.592023532451128
90,0.13986013986013987,5.240177778186573
90,0.14685314685314685,4.787990379367188
90,0.15384615384615385,10.021240519003008
90,0.16083916083916083,13.007195809656134
90,0.16783216783216784,7.498275871153569
90,0.17482517482517482,4.3321575462175845
90,0.18181818181818182,6.782015189756201
90,0.1888111888111888,3.342517878150779
90,0.1958041958041958,11.802713400475868
90,0.20279720279720279,15.542040545619445
90,0.2097902097902098,3.231371481204044
90,0.21678321678321677,5.444884168950882
90,0.22377622377622378,6.634685180737291
90,0.23076923076923078,10.54667742417928
90,0.23776223776223776,4.719161641429741
90,0.24475524475524477,8.321099382204139
90,0.2517482517482518,10.275380769561046
90,0.25874125874125875,23.46704824697541
90,0.26573426573426573,5.764410386583868
90,0.2727272727272727,4.190441342753384
90,0.27972027972027974,17.533390476070984
90,0.2867132867132867,6.7752113480828395
90,0.2937062937062937,2.2667409621467454
90,0.3006993006993007,10.205411098822058
90,0.3076923076923077,2.581313261714864
90,0.3146853146853147,6.048151559228318
90,0.32167832167832167,15.972728046725818
90,0.32867132867132864,6.157209470054279
90,0.3356643356643357,8.743535192594667
90,0.34265734265734266,14.486306384021171
90,0.34965034965034963,4.002111026713576
90,0.35664335664335667,13.445350503910214
90,0.36363636363636365,6.116916273511986
90,0.3706293706293706,1.82366068151119
90,0.3776223776223776,6.990119196440605
90,0.38461538461538464,10.798177053977254
90,0.3916083916083916,9.775671206385274
90,0.3986013986013986,8.52504501415418
90,0.40559440559440557,11.33096026436224
90,0.4125874125874126,6.626107822691595
90,0.4195804195804196,6.645406098281858
90,0.42657342657342656,3.620477665515481
90,0.43356643356643354,6.709049620657075
90,0.4405594405594406,2.5090379859816694
90,0.44755244755244755,7.3142606735949585
90,0.45454545454545453,13.113577511520608
90,0.46153846153846156,12.037055177163682
90,0.46853146853146854,7.0284335630568835
90,0.4755244755244755,11.308033780884918
90,0.4825174825174825,5.723382073851827
90,0.48951048951048953,10.735158844912881
90,0.4965034965034965,6.155232117672796
91,0.0,1.326716514427062e-14
91,0.007874015748031496,18.26849145420733
91,0.015748031496062992,19.45983060680552
91,0.023622047244094488,6.92516898298509
91,0.031496062992125984,1.2651148453338046
91,0.03937007874015748,12.564865125393721
91,0.047244094488188976,7.206351202340057
91,0.05511811023622047,18.983428675511398
91,0.06299212598425197,2.8342466278470937
91,0.07086614173228346,12.000355894843825
91,0.07874015748031496,8.0734415515772
91,0.08661417322834646,17.625942553833926
91,0.09448818897637795,28.348850101840604
91,0.10236220472440945,7.495266277741083
91,0.11023622047244094,17.949691627903267
91,0.11811023622047244,3.158515664783069
91,0.12598425196850394,1.8566564884630745
91,0.13385826771653542,8.777460438936512
91,0.14173228346456693,9.66249506528114
91,0.14960629921259844,16.26997225842658
91,0.15748031496062992,3.407633319357076
91,0.1653543307086614,11.733625143236255
91,0.1732283464566929,8.787453182018005
91,0.18110236220472442,27.865919724452844
91,0.1889763779527559,10.205704725014677
91,0.19685039370078738,9.358418549423535
91,0.2047244094488189,12.274381416140992
91,0.2125984251968504,12.933813028467547
91,0.2204724409448819,21.31631126738863
91,0.22834645669291337,1.8828986870539717
91,0.23622047244094488,1.0399316332359045
91,0.2440944881889764,8.087653154829706
91,0.25196850393700787,1.482157269350743
91,0.25984251968503935,7.846823224970309
91,0.26771653543307083,8.049925191346217
91,0.2755905511811024,10.658564929242557
91,0.28346456692913385,1.0976088992270066
91,0.29133858267716534,8.778673442306003
91,0.2992125984251969,11.672190290622096
91,0.30708661417322836,5.087530868239402
91,0.31496062992125984,7.091138002601332
91,0.3228346456692913,3.3079341982085655
91,0.3307086614173228,6.043415259245013
91,0.33858267716535434,11.581995667894269
91,0.3464566929133858,1.4284150189120932
91,0.3543307086614173,18.693185541571783
91,0.36220472440944884,12.002519748784312
91,0.3700787401574803,5.174936620014492
91,0.3779527559055118,13.054226028948614
91,0.3858267716535433,3.7504127888283896
91,0.39370078740157477,4.788543217545398
91,0.4015748031496063,7.539264029141119
91,0.4094488188976378,10.79997071313551
91,0.41732283464566927,4.01430682017207
91,0.4251968503937008,8.979146902069452
91,0.4330708661417323,12.896929511522558
91,0.4409448818897638,6.900959606442936
91,0.44881889763779526,5.934991538893266
91,0.45669291338582674,7.853866085260759
91,0.4645669291338583,2.1997804836679316
91,0.47244094488188976,16.910800950673313
91,0.48031496062992124,5.733770296028247
91,0.4881889763779528,7.032777398163368
91,0.49606299212598426,11.761340906192189
92,0.0,1.687538997430238e-14
92,0.007936507936507936,17.2035630299455
92,0.015873015873015872,14.83637606303049
92,0.023809523809523808,16.439135897148475
92,0.031746031746031744,15.919294867113521
92,0.03968253968253968,14.79681422758068
92,0.047619047619047616,10.743042476187625
92,0.05555555555555555,10.126859913769279
92,0.06349206349206349,12.380120047193902
92,0.07142857142857142,4.87972733838732
92,0.07936507936507936,15.354260759594187
92,0.0873015873015873,7.350747364188374
92,0.09523809523809523,9.892136270461668
92,0.10317460317460317,4.169553836274714
92,0.1111111111111111,10.898020008710523
92,0.11904761904761904,5.273500041904882
92,0.12698412698412698,4.493879008521118
92,0.1349206349206349,6.045375581183454
92,0.14285714285714285,21.017130438302498
92,0.15079365079365079,9.21037896942922
92,0.15873015873015872,16.31658298936922
92,0.16666666666666666,20.056128688943314
92,0.1746031746031746,9.820140439592285
92,0.18253968253968253,10.712069194567738
92,0.19047619047619047,19.672988935870393
92,0.1984126984126984,12.844720662735837
92,0.20634920634920634,20.043181003127106
92,0.21428571428571427,6.18358219761775
92,0.2222222222222222,8.388588384198979
92,0.23015873015873015,11.906657177133168
92,0.23809523809523808,15.269166161581452
92,0.24603174603174602,11.009592405719486
92,0.25396825396825395,13.144095800567696
92,0.26190476190476186,11.713091601210424
92,0.2698412698412698,13.795529868101926
92,0.2777777777777778,6.267714290556296
92,0.2857142857142857,18.745520237144497
92,0.2936507936507936,3.4508412969489743
92,0.30158730158730157,9.683561814030558
92,0.30952380952380953,0.8475509418763334
92,0.31746031746031744,4.063912458052878
92,0.32539682539682535,9.280978045180737
92,0.3333333333333333,9.404304503538578
92,0.3412698412698413,6.706370830477933
92,0.3492063492063492,1.896300218870422
92,0.3571428571428571,12.63071313021444
92,0.36507936507936506,8.497918324945491
92,0.373015873015873,3.573321594536562
92,0.38095238095238093,5.663712696491141
92,0.38888888888888884,4.7687966641044515
92,0.3968253968253968,18.052389316387377
92,0.40476190476190477,1.900428089731785
92,0.4126984126984127,5.195828269280243
92,0.4206349206349206,11.724045557210838
92,0.42857142857142855,15.596299613155287
92,0.4365079365079365,3.669786419158077
92,0.4444444444444444,12.544558653682559
92,0.45238095238095233,8.180579031369886
92,0.4603174603174603,3.8333814881763377
92,0.46825396825396826,3.693730192129692
92,0.47619047619047616,9.440297005758197
92,0.4841269841269841,4.14793536913935
92,0.49206349206349204,8.063855297080929
93,0.0,7.105427357601002e-15
93,0.007518796992481203,27.924881141378624
93,0.015037593984962405,36.389669299457516
93,0.022556390977443608,26.740145952559498
93,0.03007518796992481,25.367545009330566
93,0.03759398496240601,18.056682995259838
93,0.045112781954887216,15.27335691071057
93,0.05263157894736842,18.984927866869405
93,0.06015037593984962,3.2924076494581596
93,0.06766917293233082,10.905840173227428
93,0.07518796992481203,7.343080098040343
93,0.08270676691729323,1.6257211660465514
93,0.09022556390977443,16.820201183651644
93,0.09774436090225563,7.2247418537006975
93,0.10526315789473684,6.715065791626534
93,0.11278195488721804,9.855457200261855
93,0.12030075187969924,6.7925125320071205
93,0.12781954887218044,5.085513405208161
93,0.13533834586466165,6.629899251209259
93,0.14285714285714285,11.42953413532057
93,0.15037593984962405,1.948944218551609
93,0.15789473684210525,5.07114700602148
93,0.16541353383458646,5.993450639950476
93,0.17293233082706766,7.598941714519738
93,0.18045112781954886,3.6561003001419854
93,0.18796992481203006,3.5397020949196842
93,0.19548872180451127,2.902249538819348
93,0.20300751879699247,7.25017939028156
93,0.21052631578947367,5.384467194128132
93,0.21804511278195488,10.786794599762462
93,0.22556390977443608,7.613055243450708
93,0.23308270676691728,3.8873968720179777
93,0.24060150375939848,5.142022018560785
93,0.24812030075187969,11.417002879003782
93,0.2556390977443609,6.788516028455966
93,0.2631578947368421,1.196690088892015
93,0.2706766917293233,12.174976630373488
93,0.2781954887218045,3.1587084510929984
93,0.2857142857142857,5.825939563832565
93,0.2932330827067669,8.518386628476781
93,0.3007518796992481,6.986041808549532
93,0.3082706766917293,7.800340034680092
93,0.3157894736842105,7.496969605401669
93,0.3233082706766917,8.997627500956714
93,0.3308270676691729,7.260828071959863
93,0.3383458646616541,12.667073021715975
93,0.3458646616541353,9.546014641849272
93,0.3533834586466165,4.684076564907401
93,0.3609022556390977,5.683209803163393
93,0.3684210526315789,13.178248839032955
93,0.37593984962406013,6.876943675001073
93,0.38345864661654133,8.785353796001816
93,0.39097744360902253,6.125687978019274
93,0.39849624060150374,13.257712185088684
93,0.40601503759398494,4.14817740735052
93,0.41353383458646614,4.692880069876068
93,0.42105263157894735,7.512763426865222
93,0.42857142857142855,4.454509627445784
93,0.43609022556390975,6.973933055133483
93,0.44360902255639095,5.6939148905117385
93,0.45112781954887216,9.851903405994285
93,0.45864661654135336,18.139198603914487
93,0.46616541353383456,9.081144548829808
93,0.47368421052631576,12.763992661608544
93,0.48120300751879697,7.473125087005805
93,0.48872180451127817,21.377921363816313
93,0.49624060150375937,12.519018243266748
94,0.0,7.105427357601002e-15
94,0.00819672131147541,32.67440756994099
94,0.01639344262295082,24.387592219063162
94,0.02459016393442623,8.810651507632105
94,0.03278688524590164,15.68481779224717
94,0.04098360655737705,17.72269150900825
94,0.04918032786885246,14.117478823648698
94,0.05737704918032787,6.30673128912682
94,0.06557377049180328,5.730955844927435
94,0.07377049180327869,18.264861197268633
94,0.0819672131147541,14.906827176185994
94,0.09016393442622951,8.07520904114491
94,0.09836065573770492,3.6164491558382297
94,0.10655737704918034,10.660236856714533
94,0.11475409836065574,11.506212047712095
94,0.12295081967213116,15.205533319275501
94,0.13114754098360656,0.7206207359909741
94,0.13934426229508198,7.055128059465744
94,0.14754098360655737,9.13164231307441
94,0.1557377049180328,12.725313055586215
94,0.1639344262295082,6.010000030098968
94,0.1721311475409836,11.140295983005432
94,0.18032786885245902,22.185346956924047
94,0.18852459016393444,5.429123792762287
94,0.19672131147540983,7.828902053213593
94,0.20491803278688525,6.702596969152515
94,0.21311475409836067,6.140833765467847
94,0.2213114754098361,6.448879721366764
94,0.22950819672131148,7.123504187364918
94,0.2377049180327869,9.327177950616173
94,0.24590163934426232,4.444717461860601
94,0.2540983606557377,12.026533816024953
94,0.26229508196721313,7.821048308130466
94,0.27049180327868855,3.7364195339144004
94,0.27868852459016397,15.671044733493856
94,0.2868852459016394,2.797709592203028
94,0.29508196721311475,0.8460617148743234
94,0.30327868852459017,7.654465373684088
94,0.3114754098360656,4.076443799633633
94,0.319672131147541,9.990918537788477
94,0.3278688524590164,11.538515046618851
94,0.33606557377049184,3.103490848535063
94,0.3442622950819672,6.708863501142504
94,0.3524590163934426,6.4978392198997845
94,0.36065573770491804,8.134915888249369
94,0.36885245901639346,9.106665997326813
94,0.3770491803278689,9.018134024339183
94,0.3852459016393443,7.0783173769634
94,0.39344262295081966,11.010173780413629
94,0.4016393442622951,10.525562409217462
94,0.4098360655737705,12.52699807171945
94,0.4180327868852459,10.751646696130342
94,0.42622950819672134,9.973086139019998
94,0.43442622950819676,4.445214100718397
94,0.4426229508196722,16.40800804543218
94,0.45081967213114754,5.545356877802431
94,0.45901639344262296,11.596239022281727
94,0.4672131147540984,4.486546147453712
94,0.4754098360655738,3.780985177320025
94,0.4836065573770492,5.27645669957518
94,0.49180327868852464,8.668578456159954
95,0.0,5.329070518200751e-15
95,0.007142857142857143,35.524378984819734
95,0.014285714285714285,20.37996362820494
95,0.02142857142857143,17.71586603145191
95,0.02857142857142857,15.516513282973879
95,0.03571428571428571,15.654536627989
95,0.04285714285714286,10.326785601876862
95,0.049999999999999996,4.177109059131014
95,0.05714285714285714,7.499153909034459
95,0.06428571428571428,6.453551657341312
95,0.07142857142857142,3.5677587206693624
95,0.07857142857142857,4.041138210106485
95,0.08571428571428572,4.752391034167478
95,0.09285714285714286,7.422413282990238
95,0.09999999999999999,14.728770691999998
95,0.10714285714285714,1.529254018558314
95,0.11428571428571428,11.400518864265035
95,0.12142857142857143,11.172018150962288
95,0.12857142857142856,11.107571360250029
95,0.1357142857142857,11.34308383463625
95,0.14285714285714285,10.194570459019786
95,0.15,9.339199870767589
95,0.15714285714285714,7.3395311070668665
95,0.16428571428571428,3.8931047901459195
95,0.17142857142857143,12.653867457844441
95,0.17857142857142858,9.250107237581366
95,0.18571428571428572,4.937478142401942
95,0.19285714285714284,4.843306568151942
95,0.19999999999999998,7.7826757863022475
95,0.20714285714285713,7.053892427084847
95,0.21428571428571427,3.1048633550803126
95,0.22142857142857142,4.505281563361867
95,0.22857142857142856,17.019022280201966
95,0.2357142857142857,15.303751865259956
95,0.24285714285714285,15.210782939852546
95,0.25,14.998518033702407
95,0.2571428571428571,5.933277545010297
95,0.2642857142857143,13.509666429221971
95,0.2714285714285714,17.493772336204813
95,0.2785714285714286,21.070284510595503
95,0.2857142857142857,7.92344521931206
95,0.29285714285714287,12.455165937711813
95,0.3,11.69946717705127
95,0.3071428571428571,18.07240045195014
95,0.3142857142857143,10.135294238272353
95,0.3214285714285714,4.602333753477669
95,0.32857142857142857,22.47570359980885
95,0.3357142857142857,8.677698899475248
95,0.34285714285714286,7.130770154297229
95,0.35,14.650276000800787
95,0.35714285714285715,8.22634091889019
95,0.36428571428571427,5.14129289359955
95,0.37142857142857144,8.372400885740484
95,0.37857142857142856,11.161113603672195
95,0.3857142857142857,8.433824948441416
95,0.39285714285714285,17.57243142540574
95,0.39999999999999997,8.919620675447252
95,0.40714285714285714,5.976669277531992
95,0.41428571428571426,10.810069460467403
95,0.42142857142857143,2.0900791884075085
95,0.42857142857142855,6.591090247652643
95,0.4357142857142857,11.941022195645466
95,0.44285714285714284,9.669061302795647
95,0.45,12.835682141463867
95,0.45714285714285713,8.468219189513922
95,0.46428571428571425,7.113197368100585
95,0.4714285714285714,6.371543115501022
95,0.47857142857142854,6.651156090076891
95,0.4857142857142857,9.32861489894694
95,0.4928571428571428,12.794112380817502
96,0.0,9.769962616701378e-15
96,0.007518796992481203,18.712053336213526
96,0.015037593984962405,13.381183480100004
96,0.022556390977443608,13.697809908806732
96,0.03007518796992481,22.78812841854232
96,0.03759398496240601,20.691246477073083
96,0.045112781954887216,15.714158287079819
96,0.05263157894736842,12.048491285871389
96,0.06015037593984962,12.182747533327383
96,0.06766917293233082,9.918963114289584
96,0.07518796992481203,10.708048424671217
96,0.08270676691729323,11.165753743929553
96,0.09022556390977443,6.479184019890013
96,0.09774436090225563,7.114948915999366
96,0.10526315789473684,8.782821409052715
96,0.11278195488721804,3.9557645924888796
96,0.12030075187969924,0.8212291582680361
96,0.12781954887218044,12.500893302559652
96,0.13533834586466165,17.43683082611389
96,0.14285714285714285,9.228918908189915
96,0.15037593984962405,10.516142646221414
96,0.15789473684210525,2.173247764145945
96,0.16541353383458646,9.586951320907149
96,0.17293233082706766,0.5794357728473357
96,0.18045112781954886,8.524395632783003
96,0.18796992481203006,7.644704821776257
96,0.19548872180451127,15.351929217209031
96,0.20300751879699247,4.734270732571103
96,0.21052631578947367,11.871678740109825
96,0.21804511278195488,11.256621249113625
96,0.22556390977443608,2.6976459754202677
96,0.23308270676691728,6.0538700265699426
96,0.24060150375939848,11.080865730306666
96,0.24812030075187969,7.456424767415392
96,0.2556390977443609,20.45763785633106
96,0.2631578947368421,19.351814068076287
96,0.2706766917293233,19.150855702904774
96,0.2781954887218045,5.452324193319285
96,0.2857142857142857,8.669536131126653
96,0.2932330827067669,6.0465402929636385
96,0.3007518796992481,10.326304423350914
96,0.3082706766917293,7.1019275153327825
96,0.3157894736842105,9.791300761717215
96,0.3233082706766917,6.403893440847364
96,0.3308270676691729,3.6434308286861343
96,0.3383458646616541,6.4355500379359185
96,0.3458646616541353,6.1615392393008825
96,0.3533834586466165,16.976450557528434
96,0.3609022556390977,1.5595721362410095
96,0.3684210526315789,19.362743561968376
96,0.37593984962406013,3.128177157573862
96,0.38345864661654133,12.661313443901948
96,0.39097744360902253,18.32511031750456
96,0.39849624060150374,3.6289023772268187
96,0.40601503759398494,15.255590164188995
96,0.41353383458646614,10.49302832657909
96,0.42105263157894735,8.194218871789438
96,0.42857142857142855,3.162893948201603
96,0.43609022556390975,16.615411516173364
96,0.44360902255639095,6.080873249587658
96,0.45112781954887216,14.331082333242794
96,0.45864661654135336,9.672828564574498
96,0.46616541353383456,3.1064445083772645
96,0.47368421052631576,10.019425559628218
96,0.48120300751879697,4.001865813783737
96,0.48872180451127817,19.183237151794035
96,0.49624060150375937,9.23354453452458
97,0.0,2.6645352591003757e-15
97,0.0078125,26.425591962733
97,0.015625,19.330799700324416
97,0.0234375,25.954975062753157
97,0.03125,20.24387484735901
97,0.0390625,14.094750345954473
97,0.046875,26.595001725131766
97,0.0546875,15.015056304620051
97,0.0625,17.071054677633118
97,0.0703125,16.603087526398156
97,0.078125,12.076916740384142
97,0.0859375,14.12891631490903
97,0.09375,16.49884289323401
97,0.1015625,6.668201800002576
97,0.109375,10.881320577625267
97,0.1171875,14.560908678280551
97,0.125,5.4028066288276335
97,0.1328125,4.682549565883744
97,0.140625,8.117344608569386
97,0.1484375,1.140919701738569
97,0.15625,1.960678187244915
97,0.1640625,3.791780656089302
97,0.171875,2.743284374966055
97,0.1796875,8.615681682546933
97,0.1875,9.074258382959325
97,0.1953125,11.959711437601973
97,0.203125,10.146611127289827
97,0.2109375,8.668993970748438
97,0.21875,6.037682928567766
97,0.2265625,7.356978656392535
97,0.234375,14.450724462739721
97,0.2421875,15.3267205411927
97,0.25,2.152360884204147
97,0.2578125,8.776307282581682
97,0.265625,8.620604232391024
97,0.2734375,5.114528293680052
97,0.28125,4.18422952609783
97,0.2890625,6.279685192186337
97,0.296875,11.840671754853215
97,0.3046875,12.353381339308672
97,0.3125,7.119143197505583
97,0.3203125,2.6426254767533153
97,0.328125,3.977858727326341
97,0.3359375,11.084631620702108
97,0.34375,8.302549396161215
97,0.3515625,11.337396199260239
97,0.359375,9.79646664546493
97,0.3671875,2.7266131012415613
97,0.375,7.609616481929323
97,0.3828125,10.619831255600577
97,0.390625,4.812035470959968
97,0.3984375,12.816718182381386
97,0.40625,5.696820433995099
97,0.4140625,5.04257868592061
97,0.421875,13.322307644671266
97,0.4296875,2.7426135780382292
97,0.4375,10.810765310229067
97,0.4453125,6.736556428657279
97,0.453125,6.094395854768726
97,0.4609375,8.543643281948562
97,0.46875,6.490254878246526
97,0.4765625,6.0344494765057055
97,0.484375,13.315026381042996
97,0.4921875,3.8727358474336566
98,0.0,1.2212453270876722e-14
98,0.007633587786259542,24.47006355010752
98,0.015267175572519083,14.469493795280181
98,0.022900763358778626,5.482881441467875
98,0.030534351145038167,3.4090430763579387
98,0.03816793893129771,7.119613775346279
98,0.04580152671755725,15.686785877392362
98,0.05343511450381679,9.292883458541779
98,0.061068702290076333,10.75762784269264
98,0.06870229007633588,11.326300374813593
98,0.07633587786259542,10.62523796686403
98,0.08396946564885496,18.610958818217615
98,0.0916030534351145,16.669124668059062
98,0.09923664122137404,5.066977940281023
98,0.10687022900763359,8.577714990408309
98,0.11450381679389313,10.164672050074236
98,0.12213740458015267,14.853421252222537
98,0.1297709923664122,10.16906079619347
98,0.13740458015267176,6.745026819817594
98,0.1450381679389313,6.3999226330295125
98,0.15267175572519084,11.615547404342623
98,0.16030534351145037,11.172086711234694
98,0.16793893129770993,15.171955637960481
98,0.17557251908396945,9.688510539498644
98,0.183206106870229,12.451866864109205
98,0.19083969465648853,5.222000612162993
98,0.1984732824427481,11.690326980830047
98,0.20610687022900762,20.17398562478163
98,0.21374045801526717,11.421196430746491
98,0.2213740458015267,6.707970003812953
98,0.22900763358778625,2.5904491269168752
98,0.23664122137404578,10.70473495183837
98,0.24427480916030533,5.811190050875391
98,0.25190839694656486,5.308330882420662
98,0.2595419847328244,2.9209394592047144
98,0.26717557251908397,3.1954241899931892
98,0.2748091603053435,9.702186285878854
98,0.282442748091603,7.108330965764819
98,0.2900763358778626,2.587490276407705
98,0.29770992366412213,8.207980508799652
98,0.3053435114503817,16.45513458033695
98,0.3129770992366412,11.14164983439868
98,0.32061068702290074,19.989486992861654
98,0.3282442748091603,10.638303791314517
98,0.33587786259541985,14.271051714159126
98,0.34351145038167935,5.66880128136331
98,0.3511450381679389,2.725003157337019
98,0.35877862595419846,16.536406586313603
98,0.366412213740458,18.162270644651276
98,0.37404580152671757,20.605544665904155
98,0.38167938931297707,8.517076096896549
98,0.3893129770992366,9.183570578462735
98,0.3969465648854962,11.565902071293184
98,0.40458015267175573,13.09996458824547
98,0.41221374045801523,14.43015198912149
98,0.4198473282442748,7.7859565842001315
98,0.42748091603053434,4.197299947066488
98,0.4351145038167939,12.95423010839472
98,0.4427480916030534,1.416566413696243
98,0.45038167938931295,13.859337827475587
98,0.4580152671755725,12.676993662036875
98,0.46564885496183206,6.201164642004691
98,0.47328244274809156,9.708795952732189
98,0.4809160305343511,11.264235624843051
98,0.48854961832061067,11.563555787242255
98,0.4961832061068702,1.9945828529870564
99,0.0,1.7763568394002505e-15
99,0.008064516129032258,14.522970283448556
99,0.016129032258064516,17.888837984531758
99,0.024193548387096774,12.990615421825721
99,0.03225806451612903,16.025488860648707
99,0.04032258064516129,17.884137485670532
99,0.04838709677419355,14.579319952486758
99,0.056451612903225805,6.581490795971259
99,0.06451612903225806,23.996076952484685
99,0.07258064516129031,9.68131723232761
99,0.08064516129032258,11.276600215304567
99,0.08870967741935484,11.197042608282274
99,0.0967741935483871,3.2957955144324345
99,0.10483870967741934,7.332664351209092
99,0.11290322580645161,18.918734821135672
99,0.12096774193548387,7.720614812579849
99,0.12903225806451613,20.11416607821856
99,0.13709677419354838,9.81302137648636
99,0.14516129032258063,10.522090371924639
99,0.1532258064516129,2.137792434230708
99,0.16129032258064516,7.5126263622642755
99,0.1693548387096774,6.728622868231624
99,0.1774193548387097,14.831924039006909
99,0.18548387096774194,6.33416610627086
99,0.1935483870967742,4.6178454134783635
99,0.20161290322580644,10.351948801964102
99,0.2096774193548387,9.074370580908885
99,0.21774193548387097,9.754406634230298
99,0.22580645161290322,8.954732692348315
99,0.23387096774193547,6.167970362614515
99,0.24193548387096775,4.653048172990379
99,0.25,4.184084564100498
99,0.25806451612903225,12.946009967591742
99,0.2661290322580645,3.2229622739187898
99,0.27419354838709675,3.8485819866076745
99,0.282258064516129,7.0791303046731775
99,0.29032258064516125,8.96617513943905
99,0.29838709677419356,8.270343339107134
99,0.3064516129032258,13.706822024281841
99,0.31451612903225806,12.889957147584669
99,0.3225806451612903,13.583845850875665
99,0.33064516129032256,3.6779954419261793
99,0.3387096774193548,8.605880919664811
99,0.34677419354838707,4.099115460101623
99,0.3548387096774194,8.884625347626843
99,0.3629032258064516,9.827884112222966
99,0.3709677419354839,8.526640485092482
99,0.3790322580645161,11.67885148758488
99,0.3870967741935484,8.208238226712199
99,0.3951612903225806,6.0347968262562555
99,0.4032258064516129,6.578272407492543
99,0.41129032258064513,11.91516836246653
99,0.4193548387096774,12.630913921504725
99,0.4274193548387097,9.25922481520847
99,0.43548387096774194,8.834500514802333
99,0.4435483870967742,8.183168894474392
99,0.45161290322580644,12.07306617988076
99,0.4596774193548387,8.554624122732527
99,0.46774193548387094,11.333123573598318
99,0.4758064516129032,4.295001966418657
99,0.4838709677419355,16.439267828926518
99,0.49193548387096775,23.18470886552444
100,0.0,1.4210854715202004e-14
100,0.0078125,21.306384400260978
100,0.015625,18.955966341524448
100,0.0234375,12.7457351861492
100,0.03125,18.790962810092402
100,0.0390625,10.684386363818051
100,0.046875,20.101202247769354
100,0.0546875,4.109072871525039
100,0.0625,15.997276937321125
100,0.0703125,9.113836152907947
100,0.078125,14.18292428649467
100,0.0859375,15.640783971158388
100,0.09375,4.514272395741801
100,0.1015625,4.7828127136418175
100,0.109375,17.413230707694392
100,0.1171875,16.20332430488624
100,0.125,6.113476763245698
100,0.1328125,13.805137233407336
100,0.140625,4.903815973826803
100,0.1484375,5.772832693985166
100,0.15625,3.369475664026648
100,0.1640625,11.60205495402367
100,0.171875,10.167077146050035
100,0.1796875,8.340128931307905
100,0.1875,13.619886174341746
100,0.1953125,9.52813537033037
100,0.203125,9.866786064339053
100,0.2109375,15.68081274692551
100,0.21875,9.170350093676278
100,0.2265625,11.494201888467702
100,0.234375,6.59281160572319
100,0.2421875,6.083496380594025
100,0.25,12.15738988720464
100,0.2578125,10.751593469567108
100,0.265625,8.015117341405832
100,0.2734375,17.01903191090447
100,0.28125,7.103371554758605
100,0.2890625,10.104243489025265
100,0.296875,10.76869958643424
100,0.3046875,2.940795901063496
100,0.3125,2.5641900584842294
100,0.3203125,3.553066801349407
100,0.328125,4.248114864059748
100,0.3359375,5.996134143225688
100,0.34375,12.755456309369908
100,0.3515625,4.330687818466103
100,0.359375,5.7157279866934205
100,0.3671875,21.238922687594375
100,0.375,11.783296056469572
100,0.3828125,9.454176821752426
100,0.390625,10.669029074118134
100,0.3984375,14.818155457177262
100,0.40625,7.7663543670501705
100,0.4140625,10.629983713035518
100,0.421875,3.439799228910132
100,0.4296875,7.57115122519979
100,0.4375,4.135047601647526
100,0.4453125,9.369059112627447
100,0.453125,12.469164156728242
100,0.4609375,5.064477540918265
100,0.46875,14.644214516737081
100,0.4765625,9.02819411222524
100,0.484375,5.767059931748397
100,0.4921875,14.193448249933859
101,0.0,8.881784197001252e-16
101,0.00819672131147541,25.00929970027864
101,0.01639344262295082,15.903151241136145
101,0.02459016393442623,16.992060754675737
101,0.03278688524590164,10.055694990253267
101,0.04098360655737705,21.022729015237555
101,0.04918032786885246,19.861090587069775
101,0.05737704918032787,10.200553256074024
101,0.06557377049180328,11.910883292044954
101,0.07377049180327869,4.698004080098979
101,0.0819672131147541,7.440802788968616
101,0.09016393442622951,16.62131769531947
101,0.09836065573770492,4.207395644190421
101,0.10655737704918034,1.951636720334036
101,0.11475409836065574,8.24574900018827
101,0.12295081967213116,4.523920683108055
101,0.13114754098360656,13.868406935722962
101,0.13934426229508198,7.5164129645454345
101,0.14754098360655737,6.5497137138090205
101,0.1557377049180328,3.4916741405719427
101,0.1639344262295082,5.411757263283769
101,0.1721311475409836,9.49693124757509
101,0.18032786885245902,4.4796827178117615
101,0.18852459016393444,5.019155276025388
101,0.19672131147540983,5.648798761730206
101,0.20491803278688525,13.83179172210883
101,0.21311475409836067,14.357749136227536
101,0.2213114754098361,10.406411675447071
101,0.22950819672131148,3.9602669093526552
101,0.2377049180327869,11.27530745613933
101,0.24590163934426232,5.328981491669321
101,0.2540983606557377,10.842070374625505
101,0.26229508196721313,1.7940151391232728
101,0.27049180327868855,13.768892010146457
101,0.27868852459016397,4.0090137648404855
101,0.2868852459016394,7.002310689484236
101,0.29508196721311475,22.696440333041846
101,0.30327868852459017,7.902260700940114
101,0.3114754098360656,8.035663633827943
101,0.319672131147541,8.87296084634007
101,0.3278688524590164,10.298647747549202
101,0.33606557377049184,6.4439067285091856
101,0.3442622950819672,4.708399629140153
101,0.3524590163934426,20.066852033877275
101,0.36065573770491804,18.634219265626246
101,0.36885245901639346,10.144872659394567
101,0.3770491803278689,11.912554968332874
101,0.3852459016393443,4.926945702830616
101,0.39344262295081966,6.093662236840183
101,0.4016393442622951,10.53834703982607
101,0.4098360655737705,10.301082255737972
101,0.4180327868852459,8.802555378158077
101,0.42622950819672134,7.967971819948794
101,0.43442622950819676,14.706935097239082
101,0.4426229508196722,11.131928452151506
101,0.45081967213114754,7.015710757731365
101,0.45901639344262296,4.271265165296045
101,0.4672131147540984,15.991477498128539
101,0.4754098360655738,5.2468830500599495
101,0.4836065573770492,7.168293704797225
101,0.49180327868852464,4.231622963710478
102,0.0,3.1086244689504383e-15
102,0.007352941176470588,30.231998472181644
102,0.014705882352941176,27.470154038949318
102,0.022058823529411763,25.55107835318007
102,0.029411764705882353,27.346455346422704
102,0.03676470588235294,14.749978581496006
102,0.044117647058823525,11.944564365880902
102,0.051470588235294115,23.15911663363496
102,0.058823529411764705,12.27584330010953
102,0.0661764705882353,16.140019475606564
102,0.07352941176470588,8.168862372703554
102,0.08088235294117647,9.972893962735036
102,0.08823529411764705,7.176672366139322
102,0.09558823529411764,8.75683909025901
102,0.10294117647058823,8.611092894871474
102,0.11029411764705882,9.598444176026838
102,0.11764705882352941,20.25953145807205
102,0.125,12.94287444910806
102,0.1323529411764706,3.232755188716708
102,0.13970588235294118,8.588922572902113
102,0.14705882352941177,18.567667717782367
102,0.15441176470588236,2.5907631275473
102,0.16176470588235295,11.870767063989373
102,0.16911764705882354,14.856027312695126
102,0.1764705882352941,4.3286962764937025
102,0.1838235294117647,9.506692074202926
102,0.19117647058823528,9.124291264887892
102,0.19852941176470587,14.326934593338263
102,0.20588235294117646,3.812654684643477
102,0.21323529411764705,4.134477096312373
102,0.22058823529411764,1.850511546551331
102,0.22794117647058823,9.022553167804382
102,0.23529411764705882,1.1915564019534526
102,0.2426470588235294,3.2715136204071023
102,0.25,7.899021458690362
102,0.25735294117647056,6.595794669447555
102,0.2647058823529412,3.44419051948626
102,0.27205882352941174,3.4686634765490796
102,0.27941176470588236,10.015866073153981
102,0.2867647058823529,4.598301437538797
102,0.29411764705882354,4.206726013256033
102,0.3014705882352941,9.741603344482368
102,0.3088235294117647,1.5775800102112505
102,0.3161764705882353,11.51952183136211
102,0.3235294117647059,8.448413000321773
102,0.33088235294117646,9.723795996618202
102,0.3382352941176471,15.767388886727666
102,0.34558823529411764,4.957952509950112
102,0.3529411764705882,17.0747969736726
102,0.3602941176470588,9.779433928801042
102,0.3676470588235294,4.012320756103472
102,0.375,3.430248309311787
102,0.38235294117647056,4.145855229068836
102,0.3897058823529412,11.33767920443976
102,0.39705882352941174,3.6130663728020926
102,0.40441176470588236,4.4311400224814355
102,0.4117647058823529,4.143191999448038
102,0.41911764705882354,6.819563447778942
102,0.4264705882352941,9.155939252332491
102,0.4338235294117647,13.56535261787549
102,0.4411764705882353,7.220114634218797
102,0.4485294117647059,6.488057817725634
102,0.45588235294117646,9.22147635040684
102,0.4632352941176471,7.255780223551569
102,0.47058823529411764,13.027308661889775
102,0.4779411764705882,8.648596749542978
102,0.4852941176470588,9.820778482132132
102,0.4926470588235294,6.866500224482142
103,0.0,1.199040866595169e-14
103,0.007462686567164179,28.205820228760558
103,0.014925373134328358,29.23623590726618
103,0.022388059701492536,14.995123030533478
103,0.029850746268656716,28.229928075308127
103,0.03731343283582089,20.211377857831646
103,0.04477611940298507,4.7529536400949715
103,0.05223880597014925,1.9038807021766277
103,0.05970149253731343,6.192719982923275
103,0.06716417910447761,13.722295472911986
103,0.07462686567164178,18.04557352586463
103,0.08208955223880597,9.49015472626307
103,0.08955223880597014,12.154250449853564
103,0.09701492537313433,15.661065297340677
103,0.1044776119402985,17.597379519842683
103,0.11194029850746269,4.558973268965168
103,0.11940298507462686,19.56986333925004
103,0.12686567164179105,10.277610647728384
103,0.13432835820895522,10.725251223323221
103,0.1417910447761194,16.3351679407737
103,0.14925373134328357,4.668790725359067
103,0.15671641791044777,8.360710617413751
103,0.16417910447761194,6.538883802068747
103,0.17164179104477612,4.625992975519428
103,0.1791044776119403,5.938760441288898
103,0.18656716417910446,18.825573751922132
103,0.19402985074626866,12.006050749752138
103,0.20149253731343283,3.8811831143608857
103,0.208955223880597,5.3372921429505755
103,0.21641791044776118,10.320119634804115
103,0.22388059701492538,12.016309620977777
103,0.23134328358208955,6.379753085219023
103,0.23880597014925373,9.55874807237951
103,0.2462686567164179,10.761127958684241
103,0.2537313432835821,4.304499989327113
103,0.26119402985074625,21.39466970423995
103,0.26865671641791045,6.6539455434369055
103,0.27611940298507465,14.861160670965386
103,0.2835820895522388,14.129599819990638
103,0.291044776119403,12.271178250608456
103,0.29850746268656714,6.576464741726026
103,0.30597014925373134,5.6765933947517855
103,0.31343283582089554,2.9822805215335704
103,0.3208955223880597,2.1577897885515727
103,0.3283582089552239,9.846488417016854
103,0.33582089552238803,3.71452985967247
103,0.34328358208955223,7.700641403054302
103,0.35074626865671643,4.76423472230292
103,0.3582089552238806,3.358528310881038
103,0.3656716417910448,5.431316411614765
103,0.3731343283582089,6.018655479812185
103,0.3805970149253731,12.839944520612244
103,0.3880597014925373,9.43509086948828
103,0.39552238805970147,1.6050174686047578
103,0.40298507462686567,2.651680822998337
103,0.41044776119402987,7.988852076994333
103,0.417910447761194,9.419492208609034
103,0.4253731343283582,6.590602365580664
103,0.43283582089552236,5.630439496733079
103,0.44029850746268656,3.6340915951288943
103,0.44776119402985076,11.47220568426615
103,0.4552238805970149,5.605614718963143
103,0.4626865671641791,5.592632947948277
103,0.47014925373134325,4.58555978300035
103,0.47761194029850745,11.233590234509657
103,0.48507462686567165,6.674437085375342
103,0.4925373134328358,7.235991282303113
104,0.0,1.1546319456101628e-14
104,0.007194244604316547,29.938400043141886
104,0.014388489208633094,17.026567164232997
104,0.02158273381294964,22.711394665327052
104,0.02877697841726619,12.22893508841514
104,0.03597122302158273,9.031287252490493
104,0.04316546762589928,12.913651964205219
104,0.05035971223021583,3.729197262085043
104,0.05755395683453238,12.948579851348926
104,0.06474820143884892,13.55992606482343
104,0.07194244604316546,13.093280939892644
104,0.07913669064748202,5.399981922566781
104,0.08633093525179857,9.024623894052002
104,0.09352517985611511,2.752486931080876
104,0.10071942446043167,10.787855444291779
104,0.10791366906474821,15.299010743076426
104,0.11510791366906475,3.7773034201998787
104,0.1223021582733813,6.4088436566919045
104,0.12949640287769784,18.243241170365476
104,0.1366906474820144,11.61939106229271
104,0.14388489208633093,8.79817359438763
104,0.1510791366906475,11.412046224235263
104,0.15827338129496404,7.4353592984014
104,0.16546762589928057,17.177525692891805
104,0.17266187050359713,13.249044884831576
104,0.1798561151079137,9.66665008959636
104,0.18705035971223022,12.726343676510677
104,0.19424460431654678,4.767697242505101
104,0.20143884892086333,4.3968674323052275
104,0.20863309352517986,4.4952555905833
104,0.21582733812949642,8.29575240390485
104,0.22302158273381295,1.7845028575871495
104,0.2302158273381295,4.388274884445553
104,0.23741007194244607,6.120888620747747
104,0.2446043165467626,14.44990090685997
104,0.2517985611510791,8.128750021175819
104,0.2589928057553957,11.554619952948794
104,0.26618705035971224,6.106377700023975
104,0.2733812949640288,7.39168687807935
104,0.28057553956834536,6.265106818149144
104,0.28776978417266186,14.363789027621369
104,0.2949640287769784,12.781901281040279
104,0.302158273381295,14.617420986488078
104,0.30935251798561153,18.605172144097555
104,0.3165467625899281,12.43268981508577
104,0.32374100719424465,3.7829169843810053
104,0.33093525179856115,6.353298059659745
104,0.3381294964028777,9.77671664011864
104,0.34532374100719426,11.834953287450508
104,0.3525179856115108,12.958440468112016
104,0.3597122302158274,8.92146552182368
104,0.3669064748201439,6.247230169313685
104,0.37410071942446044,2.058491327893315
104,0.381294964028777,23.13981059530222
104,0.38848920863309355,10.279610485392729
104,0.3956834532374101,15.582773649573856
104,0.40287769784172667,12.303591684169099
104,0.41007194244604317,13.212716209872893
104,0.4172661870503597,10.35038676564839
104,0.4244604316546763,7.721133064306893
104,0.43165467625899284,12.430956090862452
104,0.4388489208633094,5.268732669276313
104,0.4460431654676259,11.642534689255925
104,0.45323741007194246,13.496660857298691
104,0.460431654676259,14.228414051580605
104,0.4676258992805756,17.349131878272967
104,0.47482014388489213,9.139751795506706
104,0.48201438848920863,6.915102912680794
104,0.4892086330935252,11.214553250030107
104,0.49640287769784175,3.169688836361355
105,0.0,5.329070518200751e-15
105,0.006993006993006993,25.73759706663463
105,0.013986013986013986,29.41390786761634
105,0.02097902097902098,9.490447416370044
105,0.027972027972027972,14.416393801963128
105,0.03496503496503497,22.903022028362333
105,0.04195804195804196,8.99883867743759
105,0.04895104895104895,20.35560592719689
105,0.055944055944055944,19.427977569747995
105,0.06293706293706294,19.702083642259332
105,0.06993006993006994,18.75854813305473
105,0.07692307692307693,15.619346305122395
105,0.08391608391608392,14.81096899391052
105,0.09090909090909091,7.985359973570698
105,0.0979020979020979,11.392770293106166
105,0.1048951048951049,1.121582319832381
105,0.11188811188811189,18.839447969253662
105,0.11888111888111888,14.008620415675642
105,0.1258741258741259,11.583596042604064
105,0.13286713286713286,10.265573749880598
105,0.13986013986013987,5.247861761350087
105,0.14685314685314685,5.268571015569992
105,0.15384615384615385,7.609913257611256
105,0.16083916083916083,4.339348761601134
105,0.16783216783216784,4.818604845396705
105,0.17482517482517482,10.519757010574299
105,0.18181818181818182,7.716670636060928
105,0.1888111888111888,6.4043607697979885
105,0.1958041958041958,5.049150655132437
105,0.20279720279720279,5.013798522159974
105,0.2097902097902098,8.6530940877513
105,0.21678321678321677,10.831614944107448
105,0.22377622377622378,6.9623846420990985
105,0.23076923076923078,11.922038784686002
105,0.23776223776223776,12.824867331526944
105,0.24475524475524477,6.785532813021253
105,0.2517482517482518,8.507062318779008
105,0.25874125874125875,8.358491324910231
105,0.26573426573426573,10.3807651372321
105,0.2727272727272727,7.946183872995729
105,0.27972027972027974,17.23511954337739
105,0.2867132867132867,11.397953740202924
105,0.2937062937062937,20.012013307340702
105,0.3006993006993007,13.290016485074966
105,0.3076923076923077,13.01293576129847
105,0.3146853146853147,9.28846324779866
105,0.32167832167832167,7.943902750523505
105,0.32867132867132864,15.801834320161133
105,0.3356643356643357,6.74514735025488
105,0.34265734265734266,3.5913836288684116
105,0.34965034965034963,6.994319357599975
105,0.35664335664335667,6.002595720621861
105,0.36363636363636365,12.305115672094622
105,0.3706293706293706,9.93881589879233
105,0.3776223776223776,7.633087790210094
105,0.38461538461538464,6.198748453356747
105,0.3916083916083916,12.18969363718405
105,0.3986013986013986,5.527609800400172
105,0.40559440559440557,12.082115975189069
105,0.4125874125874126,13.354276567253496
105,0.4195804195804196,1.2847288888895285
105,0.42657342657342656,10.397961865519928
105,0.43356643356643354,11.767383926735397
105,0.4405594405594406,10.579438609155279
105,0.44755244755244755,9.669945397214367
105,0.45454545454545453,7.957403890737826
105,0.46153846153846156,11.338784357923513
105,0.46853146853146854,8.184896934300172
105,0.4755244755244755,7.131387532361861
105,0.4825174825174825,10.296413148437383
105,0.48951048951048953,6.713512450308961
105,0.4965034965034965,2.9115775522391254
106,0.0,4.440892098500626e-15
106,0.008130081300813009,27.097103261136475
106,0.016260162601626018,29.87447395248052
106,0.024390243902439025,22.44471589170001
106,0.032520325203252036,18.656507006309788
106,0.04065040650406505,19.33724283320392
106,0.04878048780487805,23.226846503685575
106,0.05691056910569106,4.935291057739728
106,0.06504065040650407,11.382195256986389
106,0.07317073170731708,8.38601430961009
106,0.0813008130081301,7.349802057589414
106,0.0894308943089431,10.859219263824839
106,0.0975609756097561,4.057134364258893
106,0.10569105691056911,12.530298117370627
106,0.11382113821138212,3.4618532246195977
106,0.12195121951219513,9.402559952123921
106,0.13008130081300814,6.951605448257556
106,0.13821138211382114,10.365480648147589
106,0.14634146341463417,9.048775586636207
106,0.15447154471544716,7.6389882633760156
106,0.1626016260162602,10.33584858976337
106,0.17073170731707318,1.5724456529780741
106,0.1788617886178862,13.223977631496247
106,0.1869918699186992,5.116576350031284
106,0.1951219512195122,6.137338453387439
106,0.20325203252032523,14.324051962987316
106,0.21138211382113822,8.004779080967534
106,0.21951219512195125,7.491226808147554
106,0.22764227642276424,12.735827656065336
106,0.23577235772357727,5.901773232578414
106,0.24390243902439027,3.829715588104974
106,0.2520325203252033,5.2917429428277
106,0.2601626016260163,3.7441382813665673
106,0.2682926829268293,3.932242685237522
106,0.2764227642276423,8.911486052901997
106,0.28455284552845533,10.665523175693526
106,0.29268292682926833,4.611166874275334
106,0.3008130081300813,5.067960801392149
106,0.3089430894308943,5.367511291648787
106,0.3170731707317074,8.159788936355628
106,0.3252032520325204,4.257547254961407
106,0.33333333333333337,15.922509661576164
106,0.34146341463414637,5.391607555003276
106,0.34959349593495936,11.24898959391776
106,0.3577235772357724,9.13865158909857
106,0.3658536585365854,7.854435587559345
106,0.3739837398373984,9.066353620814409
106,0.3821138211382114,12.16384812698566
106,0.3902439024390244,9.572353269189593
106,0.39837398373983746,16.800684021892767
106,0.40650406504065045,5.028044170751904
106,0.41463414634146345,8.950414893182353
106,0.42276422764227645,5.397770655149761
106,0.4308943089430895,9.887560897591138
106,0.4390243902439025,6.042330772075199
106,0.4471544715447155,10.358926468447347
106,0.4552845528455285,11.607633002632708
106,0.4634146341463415,7.687643075366511
106,0.47154471544715454,1.7791893051200722
106,0.47967479674796754,6.854911214337512
106,0.48780487804878053,5.676265100152693
106,0.49593495934959353,9.977059760571759
107,0.0,1.5987211554602254e-14
107,0.007936507936507936,16.673687902318882
107,0.015873015873015872,22.213702664981465
107,0.023809523809523808,23.231359038322182
107,0.031746031746031744,12.033560819387434
107,0.03968253968253968,19.553216316441404
107,0.047619047619047616,9.987959685599735
107,0.05555555555555555,19.356420573410016
107,0.06349206349206349,13.576248237456834
107,0.07142857142857142,10.343149234842647
107,0.07936507936507936,1.8973960794114626
107,0.0873015873015873,6.212263873844553
107,0.09523809523809523,6.890515702625582
107,0.10317460317460317,7.625494491090059
107,0.1111111111111111,6.823382437660479
107,0.11904761904761904,8.739029238832785
107,0.12698412698412698,10.481826734264194
107,0.1349206349206349,18.918385295082327
107,0.14285714285714285,5.915953065959959
107,0.15079365079365079,9.831750412769358
107,0.15873015873015872,11.443399232645111
107,0.16666666666666666,6.406636539198591
107,0.1746031746031746,5.6742961744786395
107,0.18253968253968253,8.81016873809343
107,0.19047619047619047,4.759290047535075
107,0.1984126984126984,12.946517423504943
107,0.20634920634920634,20.97004868817903
107,0.21428571428571427,6.371883254427131
107,0.2222222222222222,5.905827174094792
107,0.23015873015873015,13.411615233836343
107,0.23809523809523808,0.6108905884184017
107,0.24603174603174602,13.105796717629518
107,0.25396825396825395,6.918577824057518
107,0.26190476190476186,6.244684755983794
107,0.2698412698412698,16.378726475707712
107,0.2777777777777778,5.04041473104862
107,0.2857142857142857,14.508959711317821
107,0.2936507936507936,18.414427608669985
107,0.30158730158730157,13.5075650361175
107,0.30952380952380953,8.648669205870354
107,0.31746031746031744,3.097261922760488
107,0.32539682539682535,5.258879052563212
107,0.3333333333333333,12.797943931353078
107,0.3412698412698413,6.753656445843694
107,0.3492063492063492,8.151207786885214
107,0.3571428571428571,2.8207460495137693
107,0.36507936507936506,13.08976547202842
107,0.373015873015873,2.3723914168297284
107,0.38095238095238093,16.450084935333
107,0.38888888888888884,6.068322608295725
107,0.3968253968253968,4.3930814417758395
107,0.40476190476190477,6.439981131509017
107,0.4126984126984127,11.2385849994843
107,0.4206349206349206,4.305479589585601
107,0.42857142857142855,15.259764169508186
107,0.4365079365079365,7.060755174002408
107,0.4444444444444444,15.57587582556637
107,0.45238095238095233,6.961807148704447
107,0.4603174603174603,9.311085552825652
107,0.46825396825396826,4.754347631193041
107,0.47619047619047616,7.95909783579384
107,0.4841269841269841,5.581153439562765
107,0.49206349206349204,10.231345530109076
108,0.0,1.5543122344752192e-15
108,0.00819672131147541,38.74244135006021
108,0.01639344262295082,30.524953898638234
108,0.02459016393442623,20.4175043495811
108,0.03278688524590164,13.84254831946945
108,0.04098360655737705,11.349415713368142
108,0.04918032786885246,14.581637186082036
108,0.05737704918032787,15.101706723760921
108,0.06557377049180328,10.155025726672095
108,0.07377049180327869,1.7595863490827324
108,0.0819672131147541,6.9823640771949815
108,0.09016393442622951,2.3632919086387507
108,0.09836065573770492,13.829648853534632
108,0.10655737704918034,10.879453612820162
108,0.11475409836065574,5.759555003609602
108,0.12295081967213116,5.636762818820622
108,0.13114754098360656,6.806497337706606
108,0.13934426229508198,18.456528967019068
108,0.14754098360655737,10.20744346269553
108,0.1557377049180328,8.615869133446802
108,0.1639344262295082,9.934168103761971
108,0.1721311475409836,6.2703552758781465
108,0.18032786885245902,3.2762866964794766
108,0.18852459016393444,6.0927216681073535
108,0.19672131147540983,5.424921202845776
108,0.20491803278688525,9.592559316352915
108,0.21311475409836067,3.409118551215875
108,0.2213114754098361,0.8781689428341367
108,0.22950819672131148,1.7487632661300645
108,0.2377049180327869,7.994339944109491
108,0.24590163934426232,9.105404279687281
108,0.2540983606557377,11.80504303225313
108,0.26229508196721313,11.460499664441928
108,0.27049180327868855,12.144385862102949
108,0.27868852459016397,16.376669745734812
108,0.2868852459016394,4.155386691978858
108,0.29508196721311475,1.7889252534211808
108,0.30327868852459017,1.316055996349197
108,0.3114754098360656,6.913019609443294
108,0.319672131147541,3.2631815813733596
108,0.3278688524590164,8.351021220057584
108,0.33606557377049184,1.6225301659359703
108,0.3442622950819672,7.573395066522724
108,0.3524590163934426,11.750812017811858
108,0.36065573770491804,11.348967555191182
108,0.36885245901639346,8.967542191470619
108,0.3770491803278689,1.4485998612579778
108,0.3852459016393443,2.876145997316988
108,0.39344262295081966,10.10787715015271
108,0.4016393442622951,10.038464829246893
108,0.4098360655737705,1.50690090705169
108,0.4180327868852459,7.293265182255537
108,0.42622950819672134,6.359310707094595
108,0.43442622950819676,7.164420404543381
108,0.4426229508196722,3.951564081289595
108,0.45081967213114754,10.76491438900623
108,0.45901639344262296,11.259129082848826
108,0.4672131147540984,15.319133352204085
108,0.4754098360655738,5.8542251768989155
108,0.4836065573770492,8.900485378643863
108,0.49180327868852464,7.0313313671985105
109,0.0,6.411537967210279e-15
109,0.007874015748031496,25.593413630626213
109,0.015748031496062992,19.956039899798036
109,0.023622047244094488,14.567993661676192
109,0.031496062992125984,17.87752433933221
109,0.03937007874015748,6.720546519299819
109,0.047244094488188976,17.235943203637376
109,0.05511811023622047,11.439850951607555
109,0.06299212598425197,16.542315572440213
109,0.07086614173228346,11.038594071769412
109,0.07874015748031496,19.605101928375596
109,0.08661417322834646,4.8605692377564464
109,0.09448818897637795,15.277747670035243
109,0.10236220472440945,11.475815886991008
109,0.11023622047244094,6.333091933782022
109,0.11811023622047244,7.547851122513516
109,0.12598425196850394,5.413913816559365
109,0.13385826771653542,14.895087673616137
109,0.14173228346456693,8.301915988176988
109,0.14960629921259844,6.703005169869012
109,0.15748031496062992,9.760080039198344
109,0.1653543307086614,7.283320934790195
109,0.1732283464566929,14.386405833498433
109,0.18110236220472442,7.461740011741513
109,0.1889763779527559,3.0928374849333062
109,0.19685039370078738,0.9492516215404436
109,0.2047244094488189,7.935323344502474
109,0.2125984251968504,8.083748041116497
109,0.2204724409448819,5.355534443819507
109,0.22834645669291337,4.021739422325256
109,0.23622047244094488,8.601709302680822
109,0.2440944881889764,9.905631319788217
109,0.25196850393700787,4.594114872306912
109,0.25984251968503935,11.06967320882007
109,0.26771653543307083,1.3773445632983383
109,0.2755905511811024,8.712284233498208
109,0.28346456692913385,13.59725219334759
109,0.29133858267716534,12.854334887286267
109,0.2992125984251969,8.898350653295795
109,0.30708661417322836,12.671174920456105
109,0.31496062992125984,7.15678070373192
109,0.3228346456692913,5.0045557898850195
109,0.3307086614173228,15.963745937560793
109,0.33858267716535434,11.962934715770505
109,0.3464566929133858,8.1167447507472
109,0.3543307086614173,12.533366835377462
109,0.36220472440944884,16.810868630804507
109,0.3700787401574803,13.118324936381393
109,0.3779527559055118,13.946718159330898
109,0.3858267716535433,14.436118629672757
109,0.39370078740157477,10.040982905578284
109,0.4015748031496063,4.331596810683853
109,0.4094488188976378,8.206802095392813
109,0.41732283464566927,8.36488070201711
109,0.4251968503937008,9.336334408212275
109,0.4330708661417323,4.094092601198473
109,0.4409448818897638,6.6907585896605255
109,0.44881889763779526,7.761552701810623
109,0.45669291338582674,6.1946270374810535
109,0.4645669291338583,12.4565169351145
109,0.47244094488188976,14.81698230602467
109,0.48031496062992124,7.368232694271425
109,0.4881889763779528,8.93308906050587
109,0.49606299212598426,15.158320708173726
110,0.0,9.769962616701378e-15
110,0.007462686567164179,21.13212421968587
110,0.014925373134328358,23.527749460881033
110,0.022388059701492536,7.254898707744719
110,0.029850746268656716,8.817249061100124
110,0.03731343283582089,13.01785143530051
110,0.04477611940298507,11.706773771546224
110,0.05223880597014925,11.894548292649281
110,0.05970149253731343,11.9263628205859
110,0.06716417910447761,3.4378018227327853
110,0.07462686567164178,17.88638532803285
110,0.08208955223880597,7.410150342915947
110,0.08955223880597014,2.0842520733718364
110,0.09701492537313433,16.62319064441811
110,0.1044776119402985,11.148539821026047
110,0.11194029850746269,3.994495852704095
110,0.11940298507462686,5.9642771898663245
110,0.12686567164179105,17.13016287205732
110,0.13432835820895522,15.56750302065134
110,0.1417910447761194,8.910315665259011
110,0.14925373134328357,10.504043429643392
110,0.15671641791044777,5.086841504291636
110,0.16417910447761194,5.772136379752017
110,0.17164179104477612,5.462081495128701
110,0.1791044776119403,7.65629644742144
110,0.18656716417910446,9.719236470786182
110,0.19402985074626866,15.270360822617835
110,0.20149253731343283,12.090342277306386
110,0.208955223880597,9.434526936198578
110,0.21641791044776118,16.128093256177664
110,0.22388059701492538,15.542824900806805
110,0.23134328358208955,15.130498549092136
110,0.23880597014925373,5.872371910873111
110,0.2462686567164179,2.8629760863888882
110,0.2537313432835821,13.311723053341472
110,0.26119402985074625,2.304223390759916
110,0.26865671641791045,4.901688671832469
110,0.27611940298507465,4.248344259512754
110,0.2835820895522388,10.700880463233883
110,0.291044776119403,10.918448238277461
110,0.29850746268656714,10.068900088814024
110,0.30597014925373134,5.853976104764915
110,0.31343283582089554,12.951295943279069
110,0.3208955223880597,9.634967661018255
110,0.3283582089552239,1.157557143678247
110,0.33582089552238803,3.4196684529884998
110,0.34328358208955223,14.848081365643761
110,0.35074626865671643,3.6251732149275027
110,0.3582089552238806,16.776404585915543
110,0.3656716417910448,16.81699611231903
110,0.3731343283582089,4.398656570537795
110,0.3805970149253731,9.301010220459963
110,0.3880597014925373,20.633193496220784
110,0.39552238805970147,8.464267306865406
110,0.40298507462686567,9.093730334782737
110,0.41044776119402987,15.154064805712066
110,0.417910447761194,4.930620249896799
110,0.4253731343283582,10.568132945686427
110,0.43283582089552236,11.148423094275898
110,0.44029850746268656,8.797232697490667
110,0.44776119402985076,11.89386493512257
110,0.4552238805970149,15.442790263339045
110,0.4626865671641791,15.548963371183268
110,0.47014925373134325,18.30889433176623
110,0.47761194029850745,13.876847854455194
110,0.48507462686567165,7.532568403987414
110,0.4925373134328358,8.00722591128346
111,0.0,7.993605777301127e-15
111,0.007633587786259542,28.173465759846803
111,0.015267175572519083,24.09959757121667
111,0.022900763358778626,16.78797564220782
111,0.030534351145038167,21.182042026489647
111,0.03816793893129771,18.778986639573912
111,0.04580152671755725,13.912515748045555
111,0.05343511450381679,24.547974171220886
111,0.061068702290076333,9.023685047877185
111,0.06870229007633588,4.0913177718384475
111,0.07633587786259542,3.4972554853172304
111,0.08396946564885496,3.8606970714789686
111,0.0916030534351145,8.079380160639264
111,0.09923664122137404,6.12308415282692
111,0.10687022900763359,11.394324551419897
111,0.11450381679389313,8.59303147117009
111,0.12213740458015267,7.078323335750521
111,0.1297709923664122,4.3299065265843115
111,0.13740458015267176,8.280089121394617
111,0.1450381679389313,4.2075693532725955
111,0.15267175572519084,10.843341859155167
111,0.16030534351145037,11.20578317146736
111,0.16793893129770993,4.374402130644778
111,0.17557251908396945,6.420384014925816
111,0.183206106870229,12.724529316170035
111,0.19083969465648853,14.343976969021409
111,0.1984732824427481,14.752076683238268
111,0.20610687022900762,15.846527640725762
111,0.21374045801526717,18.0131307714515
111,0.2213740458015267,10.590185809825158
111,0.22900763358778625,13.751136640570808
111,0.23664122137404578,17.08017572287108
111,0.24427480916030533,11.505411440201314
111,0.25190839694656486,7.313623773644174
111,0.2595419847328244,13.117212418139484
111,0.26717557251908397,7.874710008903615
111,0.2748091603053435,7.980537987841311
111,0.282442748091603,8.306769671572745
111,0.2900763358778626,13.551912650181754
111,0.29770992366412213,10.566736792715373
111,0.3053435114503817,4.768066278191047
111,0.3129770992366412,12.105705682548956
111,0.32061068702290074,6.245132665350225
111,0.3282442748091603,5.2786967051857205
111,0.33587786259541985,4.697592551332672
111,0.34351145038167935,19.220818281841748
111,0.3511450381679389,10.102335306930856
111,0.35877862595419846,12.273626212599988
111,0.366412213740458,13.996991415954442
111,0.37404580152671757,3.962372540536694
111,0.38167938931297707,4.77654159433287
111,0.3893129770992366,1.5529324144669745
111,0.3969465648854962,4.651132962799237
111,0.40458015267175573,7.054419471469213
111,0.41221374045801523,5.028751264101691
111,0.4198473282442748,1.6061356964031335
111,0.42748091603053434,4.652707091758884
111,0.4351145038167939,3.8400288655095958
111,0.4427480916030534,3.820777252736215
111,0.45038167938931295,4.98409815383531
111,0.4580152671755725,1.9680948208502012
111,0.46564885496183206,9.473754294798722
111,0.47328244274809156,1.7858732521545804
111,0.4809160305343511,4.1945741581321565
111,0.48854961832061067,19.740231960215855
111,0.4961832061068702,6.172393583934134
112,0.0,2.275957200481571e-15
112,0.0072992700729927005,31.77144636173358
112,0.014598540145985401,12.301040946782946
112,0.021897810218978103,22.902242760855064
112,0.029197080291970802,23.521824614649848
112,0.0364963503649635,18.74142359438325
112,0.043795620437956206,19.747682336125198
112,0.051094890510948905,12.758930734656694
112,0.058394160583941604,14.129470210801198
112,0.06569343065693431,12.973117706468178
112,0.072992700729927,20.787478922555923
112,0.08029197080291971,15.556538669257
112,0.08759124087591241,7.099305337619119
112,0.0948905109489051,7.409972237234935
112,0.10218978102189781,7.763493097025378
112,0.1094890510948905,11.251377017614185
112,0.11678832116788321,6.658439793243535
112,0.12408759124087591,8.573649239863096
112,0.13138686131386862,6.487937667437252
112,0.1386861313868613,0.9152752718282595
112,0.145985401459854,5.2911022205491935
112,0.15328467153284672,3.7189716355019846
112,0.16058394160583941,5.087117269916535
112,0.1678832116788321,5.467570678113389
112,0.17518248175182483,9.970925659222983
112,0.18248175182481752,14.207746399491466
112,0.1897810218978102,2.8677512331332884
112,0.1970802919708029,10.479413182191879
112,0.20437956204379562,8.395944558544652
112,0.2116788321167883,6.978098153156733
112,0.218978102189781,6.088974854474749
112,0.22627737226277372,3.687848884653456
112,0.23357664233576642,4.873184809384666
112,0.2408759124087591,8.606898799943508
112,0.24817518248175183,8.922559727043666
112,0.2554744525547445,3.606205498750165
112,0.26277372262773724,3.1358460480557926
112,0.27007299270072993,7.177573676681944
112,0.2773722627737226,4.7139180431646075
112,0.2846715328467153,4.292582933301248
112,0.291970802919708,16.517062821321154
112,0.2992700729927007,14.728989215091916
112,0.30656934306569344,3.1212233502824733
112,0.31386861313868614,5.591795772709834
112,0.32116788321167883,14.325716559879067
112,0.3284671532846715,5.8391129547128315
112,0.3357664233576642,15.6250411120332
112,0.3430656934306569,10.34619777606571
112,0.35036496350364965,4.158859614139195
112,0.35766423357664234,10.855600559318113
112,0.36496350364963503,21.977029434517657
112,0.3722627737226277,16.961467121143883
112,0.3795620437956204,13.50442439381242
112,0.3868613138686131,18.02174799636457
112,0.3941605839416058,10.112128246968208
112,0.40145985401459855,8.799943033716222
112,0.40875912408759124,6.007030417228119
112,0.41605839416058393,12.337220182635262
112,0.4233576642335766,10.144768908332464
112,0.4306569343065693,12.786585559911638
112,0.437956204379562,11.198702171971282
112,0.44525547445255476,9.576425666384077
112,0.45255474452554745,5.473479099253756
112,0.45985401459854014,8.00579755883535
112,0.46715328467153283,6.0607886579248795
112,0.4744525547445255,1.699936106983701
112,0.4817518248175182,11.469231382080919
112,0.4890510948905109,3.352999437893697
112,0.49635036496350365,10.270931609169997
113,0.0,9.769962616701378e-15
113,0.007518796992481203,15.965809833727418
113,0.015037593984962405,14.011114865378818
113,0.022556390977443608,13.975772130031133
113,0.03007518796992481,11.644016337463022
113,0.03759398496240601,20.575981178226094
113,0.045112781954887216,24.640669232167287
113,0.05263157894736842,5.0194152061738855
113,0.06015037593984962,8.682680230538113
113,0.06766917293233082,5.108483420307815
113,0.07518796992481203,14.16288046927467
113,0.08270676691729323,12.734004227353598
113,0.09022556390977443,21.615705115213906
113,0.09774436090225563,4.1407852184005955
113,0.10526315789473684,8.5578982323309
113,0.11278195488721804,20.991265843131327
113,0.12030075187969924,10.836641991300588
113,0.12781954887218044,7.8234501915625785
113,0.13533834586466165,14.919603189419293
113,0.14285714285714285,3.954230642296155
113,0.15037593984962405,12.701911676037492
113,0.15789473684210525,3.247785378953016
113,0.16541353383458646,13.50154213504022
113,0.17293233082706766,14.00760301189167
113,0.18045112781954886,24.080596574303424
113,0.18796992481203006,13.206498086304306
113,0.19548872180451127,5.340636803648676
113,0.20300751879699247,7.692224320444074
113,0.21052631578947367,15.61569620266593
113,0.21804511278195488,1.9904251197824794
113,0.22556390977443608,7.992303270699427
113,0.23308270676691728,10.75280197601976
113,0.24060150375939848,13.962781361339662
113,0.24812030075187969,9.534532810737662
113,0.2556390977443609,5.477766361306496
113,0.2631578947368421,10.041093229347961
113,0.2706766917293233,6.398102701655983
113,0.2781954887218045,4.056573657355879
113,0.2857142857142857,2.604671192987443
113,0.2932330827067669,7.676287330599493
113,0.3007518796992481,1.5623307946397833
113,0.3082706766917293,7.8813990932210585
113,0.3157894736842105,16.615525875067654
113,0.3233082706766917,11.768420254722654
113,0.3308270676691729,4.91439876634442
113,0.3383458646616541,6.135308254249194
113,0.3458646616541353,3.006896858399583
113,0.3533834586466165,5.971524462087207
113,0.3609022556390977,22.555026782973318
113,0.3684210526315789,2.36356196499017
113,0.37593984962406013,15.031033903236509
113,0.38345864661654133,12.408733058514136
113,0.39097744360902253,3.969812275205562
113,0.39849624060150374,4.293698665022556
113,0.40601503759398494,3.477574788848699
113,0.41353383458646614,13.513180873301907
113,0.42105263157894735,14.229547666109822
113,0.42857142857142855,6.24748408741091
113,0.43609022556390975,13.939041570618471
113,0.44360902255639095,11.219558717109642
113,0.45112781954887216,10.691875568463217
113,0.45864661654135336,1.1518304218930737
113,0.46616541353383456,15.245473679785265
113,0.47368421052631576,8.170512926465047
113,0.48120300751879697,6.693130232868202
113,0.48872180451127817,3.8790054296372123
113,0.49624060150375937,4.765390679080842
114,0.0,6.217248937900877e-15
114,0.007751937984496124,14.645256352357613
114,0.015503875968992248,12.465582853660012
114,0.023255813953488372,12.992797765923083
114,0.031007751937984496,8.732509665225285
114,0.03875968992248062,6.976095061454814
114,0.046511627906976744,9.240427311040694
114,0.05426356589147287,2.264904797217744
114,0.06201550387596899,14.386739734128989
114,0.06976744186046512,9.18249066349176
114,0.07751937984496124,7.342192195715829
114,0.08527131782945736,14.833267731155251
114,0.09302325581395349,9.646261176798722
114,0.10077519379844961,4.084519041833941
114,0.10852713178294573,7.337164185561356
114,0.11627906976744186,4.4792343653482405
114,0.12403100775193798,7.423546254998741
114,0.13178294573643412,15.84285622986166
114,0.13953488372093023,4.441318425350834
114,0.14728682170542634,9.886968631284219
114,0.15503875968992248,14.582605644371574
114,0.16279069767441862,7.968789298552326
114,0.17054263565891473,11.896783177382819
114,0.17829457364341084,10.060567701342883
114,0.18604651162790697,7.305435006854433
114,0.1937984496124031,6.497545817520812
114,0.20155038759689922,8.234413126136287
114,0.20930232558139533,3.5370292975061943
114,0.21705426356589147,16.158434975657403
114,0.2248062015503876,10.765543079506061
114,0.23255813953488372,10.001450269922682
114,0.24031007751937983,5.2513733997020005
114,0.24806201550387597,5.7392439582885695
114,0.2558139534883721,4.992130583112679
114,0.26356589147286824,16.82235206550493
114,0.2713178294573643,18.317416861671486
114,0.27906976744186046,9.155983856445728
114,0.2868217054263566,7.537741071910617
114,0.2945736434108527,21.540229163027572
114,0.3023255813953488,14.282188378189137
114,0.31007751937984496,1.154554506042923
114,0.3178294573643411,3.0354020086481586
114,0.32558139534883723,17.256643626219663
114,0.3333333333333333,10.05019381403363
114,0.34108527131782945,3.659166152926135
114,0.3488372093023256,9.793715634485544
114,0.3565891472868217,13.274846968313925
114,0.3643410852713178,13.582102880991087
114,0.37209302325581395,14.917291913382673
114,0.3798449612403101,24.296917044554732
114,0.3875968992248062,10.196449359475283
114,0.3953488372093023,15.199820959248509
114,0.40310077519379844,9.368694965936497
114,0.4108527131782946,13.712411726067344
114,0.41860465116279066,8.900554771981538
114,0.4263565891472868,15.835018772537527
114,0.43410852713178294,14.214584497638652
114,0.4418604651162791,5.345444108032646
114,0.4496124031007752,11.54008003776795
114,0.4573643410852713,15.858274872063769
114,0.46511627906976744,5.501093097350243
114,0.4728682170542636,5.350511921173817
114,0.48062015503875966,2.4702504029649996
114,0.4883720930232558,15.4171905299722
114,0.49612403100775193,12.592567604530451
115,0.0,3.552713678800501e-15
115,0.007518796992481203,21.576964877396897
115,0.015037593984962405,16.00251751312449
115,0.022556390977443608,19.01582102195622
115,0.03007518796992481,9.278390069385289
115,0.03759398496240601,13.227213389655608
115,0.045112781954887216,10.049280691278698
115,0.05263157894736842,15.504083605123386
115,0.06015037593984962,13.408064934411653
115,0.06766917293233082,9.850086860810995
115,0.07518796992481203,12.871055344627756
115,0.08270676691729323,15.410253564315793
115,0.09022556390977443,13.256269680485001
115,0.09774436090225563,23.519545132929693
115,0.10526315789473684,11.951276808439715
115,0.11278195488721804,11.945584624880263
115,0.12030075187969924,11.512281560179426
115,0.12781954887218044,7.3319899807788325
115,0.13533834586466165,17.926597113045297
115,0.14285714285714285,10.09537158581045
115,0.15037593984962405,4.743739108600471
115,0.15789473684210525,15.786950046838532
115,0.16541353383458646,9.906312882403515
115,0.17293233082706766,8.101418516556937
115,0.18045112781954886,7.991903550878089
115,0.18796992481203006,6.7513437123964275
115,0.19548872180451127,22.82993658372317
115,0.20300751879699247,11.652668303540038
115,0.21052631578947367,8.432112719332983
115,0.21804511278195488,14.565177367725676
115,0.22556390977443608,3.762929781895759
115,0.23308270676691728,6.239361114941583
115,0.24060150375939848,4.436841071104733
115,0.24812030075187969,12.056397612233285
115,0.2556390977443609,6.5562523578225615
115,0.2631578947368421,4.001367895763132
115,0.2706766917293233,4.450082008759611
115,0.2781954887218045,8.393438140802665
115,0.2857142857142857,11.08940102368654
115,0.2932330827067669,6.492409433995083
115,0.3007518796992481,16.85697819706323
115,0.3082706766917293,10.463598767675325
115,0.3157894736842105,8.154146716130713
115,0.3233082706766917,2.7336941888886788
115,0.3308270676691729,14.080030861291082
115,0.3383458646616541,14.523673470161908
115,0.3458646616541353,10.780502830542085
115,0.3533834586466165,14.310347283746683
115,0.3609022556390977,13.415219133224337
115,0.3684210526315789,12.527813979727325
115,0.37593984962406013,2.276121986887177
115,0.38345864661654133,10.105649782900542
115,0.39097744360902253,16.000585955321938
115,0.39849624060150374,6.5051046714797485
115,0.40601503759398494,9.736651921046892
115,0.41353383458646614,2.285926570305254
115,0.42105263157894735,5.513499823703258
115,0.42857142857142855,3.5015641332182104
115,0.43609022556390975,4.4026000078186
115,0.44360902255639095,6.811085678011675
115,0.45112781954887216,11.590012446229299
115,0.45864661654135336,7.641845638367385
115,0.46616541353383456,2.7961996420857718
115,0.47368421052631576,13.827734836286039
115,0.48120300751879697,10.739604436207854
115,0.48872180451127817,2.522757461310114
115,0.49624060150375937,13.226275931971378
116,0.0,5.329070518200751e-15
116,0.007936507936507936,32.117640216624785
116,0.015873015873015872,16.87951235452515
116,0.023809523809523808,6.415128341876552
116,0.031746031746031744,13.37477612789767
116,0.03968253968253968,7.139296361350373
116,0.047619047619047616,10.294766926850617
116,0.05555555555555555,11.348063607750868
116,0.06349206349206349,17.014634479893385
116,0.07142857142857142,15.281215068949377
116,0.07936507936507936,14.79649248575265
116,0.0873015873015873,19.16613352060926
116,0.09523809523809523,14.989686755957496
116,0.10317460317460317,10.212229202908475
116,0.1111111111111111,3.8722341525853627
116,0.11904761904761904,7.864672185613035
116,0.12698412698412698,6.737307849429855
116,0.1349206349206349,13.215691279230048
116,0.14285714285714285,8.192211907301438
116,0.15079365079365079,12.477526991649462
116,0.15873015873015872,10.789165052635504
116,0.16666666666666666,11.072993033700198
116,0.1746031746031746,10.1868063077329
116,0.18253968253968253,9.811791562342503
116,0.19047619047619047,17.65440377948881
116,0.1984126984126984,11.043504272585842
116,0.20634920634920634,3.0564476285956843
116,0.21428571428571427,8.617632564251409
116,0.2222222222222222,4.413268402385835
116,0.23015873015873015,2.93153407783052
116,0.23809523809523808,9.816243875700197
116,0.24603174603174602,9.955006030164423
116,0.25396825396825395,15.686633128258231
116,0.26190476190476186,2.3040339805435703
116,0.2698412698412698,6.7581924164803455
116,0.2777777777777778,5.399640879909399
116,0.2857142857142857,14.248423791857803
116,0.2936507936507936,9.73856630689513
116,0.30158730158730157,7.154447015744858
116,0.30952380952380953,11.549325260820126
116,0.31746031746031744,7.723546512547706
116,0.32539682539682535,5.564734340715368
116,0.3333333333333333,2.5260243894357544
116,0.3412698412698413,5.02940282805345
116,0.3492063492063492,7.96837525809727
116,0.3571428571428571,14.609030165059384
116,0.36507936507936506,16.672140752545165
116,0.373015873015873,7.65333367001726
116,0.38095238095238093,9.12131699224358
116,0.38888888888888884,6.611654338865831
116,0.3968253968253968,7.829240525146479
116,0.40476190476190477,9.02790113934733
116,0.4126984126984127,3.057950363082994
116,0.4206349206349206,7.916703792056109
116,0.42857142857142855,3.318178503638236
116,0.4365079365079365,8.43854604078852
116,0.4444444444444444,19.288148071917973
116,0.45238095238095233,9.552103789457872
116,0.4603174603174603,12.54015756421208
116,0.46825396825396826,6.143518741405869
116,0.47619047619047616,1.9895757565774388
116,0.4841269841269841,10.484003875769453
116,0.49206349206349204,14.26595523581387
117,0.0,2.6645352591003757e-15
117,0.007874015748031496,20.522264218939267
117,0.015748031496062992,18.60794239494696
117,0.023622047244094488,14.461445682565659
117,0.031496062992125984,20.24437396118668
117,0.03937007874015748,8.175718509319308
117,0.047244094488188976,10.50725336175661
117,0.05511811023622047,13.52109919913616
117,0.06299212598425197,24.537572492567644
117,0.07086614173228346,9.638007156551526
117,0.07874015748031496,3.312893104825203
117,0.08661417322834646,11.722672071003661
117,0.09448818897637795,3.7368317207734916
117,0.10236220472440945,3.3870325577887583
117,0.11023622047244094,3.0838480310929794
117,0.11811023622047244,14.06070191797373
117,0.12598425196850394,3.511260406352188
117,0.13385826771653542,6.247946930996365
117,0.14173228346456693,6.349674796911356
117,0.14960629921259844,11.89505704027986
117,0.15748031496062992,7.889656231744463
117,0.1653543307086614,12.332562633012927
117,0.1732283464566929,8.729309705112994
117,0.18110236220472442,26.13788334150828
117,0.1889763779527559,3.020737766118426
117,0.19685039370078738,12.214495078620033
117,0.2047244094488189,12.657560143572365
117,0.2125984251968504,7.4608351562579225
117,0.2204724409448819,2.9723744724549443
117,0.22834645669291337,11.048726314855207
117,0.23622047244094488,2.384994382818804
117,0.2440944881889764,11.232380532682992
117,0.25196850393700787,6.646282952656451
117,0.25984251968503935,7.264418574861612
117,0.26771653543307083,16.041614806509205
117,0.2755905511811024,10.758540647085683
117,0.28346456692913385,1.8711992281409562
117,0.29133858267716534,10.515274867148044
117,0.2992125984251969,6.528341151629764
117,0.30708661417322836,6.35752238470265
117,0.31496062992125984,6.188455858103385
117,0.3228346456692913,10.36120261340775
117,0.3307086614173228,13.95321968890218
117,0.33858267716535434,10.993937130270218
117,0.3464566929133858,12.964624396294255
117,0.3543307086614173,10.612421308160775
117,0.36220472440944884,9.5934395404081
117,0.3700787401574803,15.159963255248996
117,0.3779527559055118,12.720265091487427
117,0.3858267716535433,10.312917497362104
117,0.39370078740157477,12.320055037816859
117,0.4015748031496063,5.592960517204594
117,0.4094488188976378,5.246478156650721
117,0.41732283464566927,6.430943615337337
117,0.4251968503937008,10.977281812528547
117,0.4330708661417323,3.4063363120681727
117,0.4409448818897638,5.146248603421569
117,0.44881889763779526,15.174551124479121
117,0.45669291338582674,9.217323836698885
117,0.4645669291338583,13.692378984376521
117,0.47244094488188976,6.365944686708632
117,0.48031496062992124,16.936518672177794
117,0.4881889763779528,7.022398028085464
117,0.49606299212598426,10.447431040280199
118,0.0,7.993605777301127e-15
118,0.0078125,15.126063890728936
118,0.015625,26.06666389138012
118,0.0234375,6.372680580491107
118,0.03125,26.135306662611505
118,0.0390625,14.19265524581124
118,0.046875,17.90185833815146
118,0.0546875,9.06865566102197
118,0.0625,11.138671262380898
118,0.0703125,10.75735269980816
118,0.078125,12.860581371716062
118,0.0859375,4.0416347269899395
118,0.09375,8.689172119750564
118,0.1015625,11.948544979030729
118,0.109375,6.383897562746827
118,0.1171875,12.95779379113124
118,0.125,14.920632868105537
118,0.1328125,13.578312045563099
118,0.140625,4.905273384325225
118,0.1484375,13.822170345828704
118,0.15625,8.120666670362095
118,0.1640625,11.168970597288498
118,0.171875,11.64255442515375
118,0.1796875,9.83897057374516
118,0.1875,5.5711355131697635
118,0.1953125,19.401650801557548
118,0.203125,6.249964834386155
118,0.2109375,8.253605302815298
118,0.21875,3.9505863201499367
118,0.2265625,7.286615968271401
118,0.234375,10.146938438257672
118,0.2421875,17.912073162338952
118,0.25,12.640899477441923
118,0.2578125,7.639719772402771
118,0.265625,10.414800956764706
118,0.2734375,13.426135260347266
118,0.28125,15.961857891334061
118,0.2890625,7.909247110064732
118,0.296875,16.08760194694311
118,0.3046875,5.014948782271807
118,0.3125,21.27293010347073
118,0.3203125,8.642275894405637
118,0.328125,13.878507438462862
118,0.3359375,3.3319218080556303
118,0.34375,13.520948442192141
118,0.3515625,6.391242020620193
118,0.359375,8.35652899355
118,0.3671875,10.516588974295635
118,0.375,2.3623758270629214
118,0.3828125,7.143145513858089
118,0.390625,2.7357918094938434
118,0.3984375,1.2657656717853918
118,0.40625,6.086721622170938
118,0.4140625,6.844626266768251
118,0.421875,3.788302579590783
118,0.4296875,7.453459909256717
118,0.4375,11.565709884298599
118,0.4453125,11.937692086406344
118,0.453125,8.294588972633775
118,0.4609375,7.174899885406432
118,0.46875,5.558406523342303
118,0.4765625,7.565482654581205
118,0.484375,8.927283482506496
118,0.4921875,2.294076376568582
119,0.0,1.7763568394002505e-15
119,0.006756756756756757,10.836293259570523
119,0.013513513513513514,10.25429341157412
119,0.02027027027027027,12.023358430564498
119,0.02702702702702703,14.340588787782037
119,0.033783783783783786,11.702606866967729
119,0.04054054054054054,7.550715881682885
119,0.0472972972972973,14.794069852512369
119,0.05405405405405406,16.346473002843272
119,0.060810810810810814,10.121095753084363
119,0.06756756756756757,0.7651464357673432
119,0.07432432432432433,9.440577886255372
119,0.08108108108108109,5.9171068477932645
119,0.08783783783783784,6.757983773689156
119,0.0945945945945946,15.75355113545915
119,0.10135135135135136,12.268781232765768
119,0.10810810810810811,14.325662617519928
119,0.11486486486486487,13.83035606057078
119,0.12162162162162163,10.517354138456263
119,0.1283783783783784,5.108966013355959
119,0.13513513513513514,12.739945105135202
119,0.14189189189189189,3.0514305852737675
119,0.14864864864864866,1.328668022001319
119,0.15540540540540543,21.699609370460855
119,0.16216216216216217,10.361562413506583
119,0.16891891891891891,20.045444116249023
119,0.17567567567567569,13.325149384007068
119,0.18243243243243246,23.236288031810965
119,0.1891891891891892,9.908183547650665
119,0.19594594594594594,16.99687352272791
119,0.20270270270270271,13.766845121866526
119,0.20945945945945948,3.007097681177597
119,0.21621621621621623,8.443191649422838
119,0.22297297297297297,11.149266538559894
119,0.22972972972972974,10.222944772836483
119,0.2364864864864865,3.0793623612343284
119,0.24324324324324326,10.918901792047714
119,0.25,8.47026442688337
119,0.2567567567567568,6.460903144117889
119,0.26351351351351354,17.283424943957446
119,0.2702702702702703,11.291412544109573
119,0.27702702702702703,16.905472574651508
119,0.28378378378378377,4.013659734927355
119,0.29054054054054057,14.552410911473695
119,0.2972972972972973,16.365298566494875
119,0.30405405405405406,9.421900578006944
119,0.31081081081081086,10.348648880297638
119,0.3175675675675676,7.815346581846859
119,0.32432432432432434,1.7834754376197746
119,0.3310810810810811,17.999099265724443
119,0.33783783783783783,10.123257717576791
119,0.3445945945945946,16.83247850908334
119,0.35135135135135137,17.374253159113543
119,0.3581081081081081,12.270843515762516
119,0.3648648648648649,8.214574113357633
119,0.37162162162162166,15.111547071185962
119,0.3783783783783784,8.935638958805889
119,0.38513513513513514,18.277719936381608
119,0.3918918918918919,12.571760328719103
119,0.3986486486486487,1.0942065427208434
119,0.40540540540540543,5.092287127149947
119,0.41216216216216217,13.223646779181566
119,0.41891891891891897,6.999222837918413
119,0.4256756756756757,11.038568215766398
119,0.43243243243243246,8.054756380546154
119,0.4391891891891892,9.259278306613599
119,0.44594594594594594,17.58781353951479
119,0.45270270270270274,8.916140228668814
119,0.4594594594594595,6.03137464688944
119,0.46621621621621623,11.243526862423
119,0.472972972972973,21.84071484816063
119,0.47972972972972977,14.635850429290537
119,0.4864864864864865,8.081922182991427
119,0.49324324324324326,11.920390897017738
120,0.0,9.325873406851315e-15
120,0.007936507936507936,31.79719297639645
120,0.015873015873015872,20.329998252248696
120,0.023809523809523808,18.478901161104048
120,0.031746031746031744,17.073400905395292
120,0.03968253968253968,8.49927270340047
120,0.047619047619047616,15.027046787622302
120,0.05555555555555555,13.233826019469268
120,0.06349206349206349,16.886292753141653
120,0.07142857142857142,13.369455273274925
120,0.07936507936507936,21.524894086595697
120,0.0873015873015873,8.050430955956086
120,0.09523809523809523,11.477623636075736
120,0.10317460317460317,9.831006901073325
120,0.1111111111111111,13.281102978460206
120,0.11904761904761904,5.542514892336592
120,0.12698412698412698,6.98477580394237
120,0.1349206349206349,6.195217544587532
120,0.14285714285714285,8.351019139183915
120,0.15079365079365079,13.554024902127868
120,0.15873015873015872,13.398429880256012
120,0.16666666666666666,5.026437006541538
120,0.1746031746031746,9.113559275198515
120,0.18253968253968253,7.514258477195328
120,0.19047619047619047,7.5248462192742185
120,0.1984126984126984,4.729937730588735
120,0.20634920634920634,11.551375770518444
120,0.21428571428571427,14.434094062649402
120,0.2222222222222222,7.817170989710868
120,0.23015873015873015,2.1795899174348077
120,0.23809523809523808,7.245624447420189
120,0.24603174603174602,3.0733084033284808
120,0.25396825396825395,4.9965164398612165
120,0.26190476190476186,13.40971420658592
120,0.2698412698412698,5.865181373827087
120,0.2777777777777778,8.283758455742184
120,0.2857142857142857,3.625673747572184
120,0.2936507936507936,5.585250913744045
120,0.30158730158730157,1.6544502144438338
120,0.30952380952380953,16.813387119032306
120,0.31746031746031744,6.341099209334502
120,0.32539682539682535,5.621475326280121
120,0.3333333333333333,11.735592651788627
120,0.3412698412698413,12.295427477195807
120,0.3492063492063492,10.020631127102293
120,0.3571428571428571,2.351211228336529
120,0.36507936507936506,3.0842476355057493
120,0.373015873015873,4.290141042535438
120,0.38095238095238093,1.6661600074823297
120,0.38888888888888884,4.1174255928251045
120,0.3968253968253968,15.37928836591341
120,0.40476190476190477,7.946895587103246
120,0.4126984126984127,7.984114320675641
120,0.4206349206349206,17.532509992090958
120,0.42857142857142855,12.467267511393556
120,0.4365079365079365,3.744504370733172
120,0.4444444444444444,9.811572686481522
120,0.45238095238095233,14.502431253695676
120,0.4603174603174603,8.52793599460198
120,0.46825396825396826,10.7877169645592
120,0.47619047619047616,12.168020848848355
120,0.4841269841269841,7.3111425240745005
120,0.49206349206349204,6.254780307780753
121,0.0,6.217248937900877e-15
121,0.007751937984496124,29.631725635816387
121,0.015503875968992248,19.81831032965131
121,0.023255813953488372,17.811025920401416
121,0.031007751937984496,17.254288479510638
121,0.03875968992248062,19.90553997559653
121,0.046511627906976744,5.483072372888616
121,0.05426356589147287,11.493839272682699
121,0.06201550387596899,20.46218379937971
121,0.06976744186046512,11.564835923116833
121,0.07751937984496124,13.832611523348652
121,0.08527131782945736,5.515223024438574
121,0.09302325581395349,13.184504248311962
121,0.10077519379844961,16.519091162852266
121,0.10852713178294573,10.964786226567393
121,0.11627906976744186,1.235694607570742
121,0.12403100775193798,17.153755006247724
121,0.13178294573643412,21.183135018407633
121,0.13953488372093023,17.1124223767492
121,0.14728682170542634,9.034262131309134
121,0.15503875968992248,13.316262323073069
121,0.16279069767441862,5.632677861074532
121,0.17054263565891473,7.445605595709629
121,0.17829457364341084,3.2651008348784494
121,0.18604651162790697,11.738751479539209
121,0.1937984496124031,11.201688783791994
121,0.20155038759689922,11.519567017578932
121,0.20930232558139533,2.7341949476522136
121,0.21705426356589147,19.40056871305165
121,0.2248062015503876,12.618518347668736
121,0.23255813953488372,8.892892772105782
121,0.24031007751937983,11.306237526679535
121,0.24806201550387597,11.536472841264557
121,0.2558139534883721,16.113292152897014
121,0.26356589147286824,4.285511714084912
121,0.2713178294573643,4.1308185025826765
121,0.27906976744186046,8.612168393358413
121,0.2868217054263566,2.7594853490892506
121,0.2945736434108527,7.228919278657016
121,0.3023255813953488,10.223229945911992
121,0.31007751937984496,1.5795762327269587
121,0.3178294573643411,2.733215614218887
121,0.32558139534883723,2.570910056079498
121,0.3333333333333333,7.462860908721779
121,0.34108527131782945,9.56998694924797
121,0.3488372093023256,11.001278180447462
121,0.3565891472868217,7.801823949852426
121,0.3643410852713178,6.4320642784824695
121,0.37209302325581395,4.222193525678476
121,0.3798449612403101,4.9683170419805105
121,0.3875968992248062,1.7126298417968706
121,0.3953488372093023,0.8260751429057869
121,0.40310077519379844,5.427255276423773
121,0.4108527131782946,8.193617919462598
121,0.41860465116279066,15.881892783767587
121,0.4263565891472868,8.176956665805097
121,0.43410852713178294,4.254202085540829
121,0.4418604651162791,10.335455138144555
121,0.4496124031007752,10.41233711658231
121,0.4573643410852713,3.3042799676573833
121,0.46511627906976744,3.1269024158380043
121,0.4728682170542636,7.260321257898825
121,0.48062015503875966,9.964335177725864
121,0.4883720930232558,6.895093460048126
121,0.49612403100775193,5.0884977464388195
122,0.0,1.2434497875801753e-14
122,0.007518796992481203,31.677121614572098
122,0.015037593984962405,15.341819033850106
122,0.022556390977443608,22.77196561685878
122,0.03007518796992481,13.220335252415627
122,0.03759398496240601,2.744469680055671
122,0.045112781954887216,2.6518915169706414
122,0.05263157894736842,1.4721054656975017
122,0.06015037593984962,11.54055487883096
122,0.06766917293233082,4.783737746966833
122,0.07518796992481203,7.881704105070054
122,0.08270676691729323,5.76750566635026
122,0.09022556390977443,0.8711718854001901
122,0.09774436090225563,25.200032996843735
122,0.10526315789473684,6.531088281434803
122,0.11278195488721804,12.235057238689516
122,0.12030075187969924,14.972908316450539
122,0.12781954887218044,26.74734733390067
122,0.13533834586466165,16.48389995640316
122,0.14285714285714285,7.796946037114057
122,0.15037593984962405,17.300450842681432
122,0.15789473684210525,16.763581751739277
122,0.16541353383458646,3.211485655220313
122,0.17293233082706766,2.3843063426695745
122,0.18045112781954886,7.93150679860157
122,0.18796992481203006,6.102198359542505
122,0.19548872180451127,0.9634096338425302
122,0.20300751879699247,4.246634137613675
122,0.21052631578947367,8.043890920130892
122,0.21804511278195488,3.1311482124143333
122,0.22556390977443608,3.7316358597441277
122,0.23308270676691728,3.207749219105895
122,0.24060150375939848,6.475495825081772
122,0.24812030075187969,16.03917622430156
122,0.2556390977443609,11.025991442220425
122,0.2631578947368421,5.396569948411659
122,0.2706766917293233,1.3578455584533184
122,0.2781954887218045,1.147066741333576
122,0.2857142857142857,10.046190544520796
122,0.2932330827067669,1.2753446103224557
122,0.3007518796992481,10.093067117579269
122,0.3082706766917293,12.54936362165922
122,0.3157894736842105,18.650671156205828
122,0.3233082706766917,10.778426375265823
122,0.3308270676691729,12.173980128667298
122,0.3383458646616541,9.349897000139405
122,0.3458646616541353,7.388993846835533
122,0.3533834586466165,9.75643590756955
122,0.3609022556390977,11.30962773459678
122,0.3684210526315789,11.605457363335088
122,0.37593984962406013,12.292871393808419
122,0.38345864661654133,17.66639974745499
122,0.39097744360902253,3.050150099062888
122,0.39849624060150374,9.583186323943057
122,0.40601503759398494,9.984668831410602
122,0.41353383458646614,4.3725423543618165
122,0.42105263157894735,3.844989965982223
122,0.42857142857142855,7.551424234922262
122,0.43609022556390975,5.720518346848632
122,0.44360902255639095,11.342652567135435
122,0.45112781954887216,14.13474200895023
122,0.45864661654135336,16.26396852518363
122,0.46616541353383456,13.37002356525482
122,0.47368421052631576,9.075603118798664
122,0.48120300751879697,3.1332346568302034
122,0.48872180451127817,7.666321836446854
122,0.49624060150375937,9.610980280644956
123,0.0,3.552713678800501e-15
123,0.008403361344537815,11.575692870721731
123,0.01680672268907563,13.864609718775467
123,0.025210084033613446,22.728316988333706
123,0.03361344537815126,18.52677653422012
123,0.04201680672268907,5.735717248320408
123,0.05042016806722689,16.0814063181488
123,0.058823529411764705,18.02710331329963
123,0.06722689075630252,14.529551819855273
123,0.07563025210084033,12.498011974181537
123,0.08403361344537814,19.090273304118778
123,0.09243697478991596,8.07836060912313
123,0.10084033613445378,7.141380787112027
123,0.1092436974789916,8.929817874905924
123,0.11764705882352941,15.318684763378053
123,0.12605042016806722,3.246785727337288
123,0.13445378151260504,17.381011277083104
123,0.14285714285714285,10.86607504491736
123,0.15126050420168066,8.56065518138532
123,0.15966386554621848,4.136106093386966
123,0.1680672268907563,12.463252277506545
123,0.1764705882352941,8.340437636994222
123,0.18487394957983191,6.818986871886335
123,0.19327731092436973,16.11561105129866
123,0.20168067226890757,6.419771618235757
123,0.21008403361344538,19.758757484613096
123,0.2184873949579832,15.361303285857344
123,0.226890756302521,10.023095090529974
123,0.23529411764705882,9.102412016957027
123,0.24369747899159663,4.982579273407668
123,0.25210084033613445,12.486438260376776
123,0.26050420168067223,2.222902748422864
123,0.2689075630252101,14.699991133943561
123,0.2773109243697479,7.013682048871583
123,0.2857142857142857,1.9993513248905268
123,0.29411764705882354,9.565535018076922
123,0.3025210084033613,0.9823517946062131
123,0.31092436974789917,4.322142841194265
123,0.31932773109243695,4.144284727762219
123,0.3277310924369748,15.946497401138506
123,0.3361344537815126,2.975344585291533
123,0.3445378151260504,9.926179133557277
123,0.3529411764705882,4.740612351354348
123,0.36134453781512604,7.503681148418923
123,0.36974789915966383,3.1624617176429384
123,0.37815126050420167,12.339383766384133
123,0.38655462184873945,13.078308098899189
123,0.3949579831932773,6.705909161543747
123,0.40336134453781514,9.499002986970108
123,0.4117647058823529,11.678243830437337
123,0.42016806722689076,6.229137143690564
123,0.42857142857142855,9.238742437741463
123,0.4369747899159664,7.7866798217461355
123,0.4453781512605042,5.848515717715078
123,0.453781512605042,1.7148695600276667
123,0.4621848739495798,12.77288261604067
123,0.47058823529411764,5.781720530263887
123,0.4789915966386554,5.750689452991014
123,0.48739495798319327,6.127348795750461
123,0.49579831932773105,9.731248121226649
124,0.0,4.440892098500626e-15
124,0.007692307692307693,25.678117349252638
124,0.015384615384615385,12.828426564603749
124,0.023076923076923078,26.363121315042484
124,0.03076923076923077,16.1063058721332
124,0.038461538461538464,12.037830909317016
124,0.046153846153846156,9.201048533487795
124,0.05384615384615385,21.709103371422522
124,0.06153846153846154,18.249260750698106
124,0.06923076923076923,2.630490477958296
124,0.07692307692307693,4.73148379712836
124,0.08461538461538462,13.485971088574644
124,0.09230769230769231,9.938141857148844
124,0.1,10.370181778759246
124,0.1076923076923077,20.736996194811
124,0.11538461538461539,15.138829337881402
124,0.12307692307692308,3.456753047802338
124,0.13076923076923078,8.801528649242758
124,0.13846153846153847,10.178178742735444
124,0.14615384615384616,10.485263500444221
124,0.15384615384615385,3.7590283871159507
124,0.16153846153846155,13.270408113132039
124,0.16923076923076924,15.738836575994778
124,0.17692307692307693,3.967908463348745
124,0.18461538461538463,11.817749609420844
124,0.19230769230769232,7.9639543627352705
124,0.2,13.894021109122257
124,0.2076923076923077,8.326343128704178
124,0.2153846153846154,9.436327573632427
124,0.2230769230769231,12.04578763028048
124,0.23076923076923078,9.147108749810748
124,0.23846153846153847,8.800358923672304
124,0.24615384615384617,2.8214236671906185
124,0.25384615384615383,7.135830725671338
124,0.26153846153846155,4.620185866248603
124,0.2692307692307693,6.205697829117143
124,0.27692307692307694,12.598685308360187
124,0.2846153846153846,13.721628840479728
124,0.2923076923076923,15.925293973266715
124,0.30000000000000004,8.694902576434258
124,0.3076923076923077,12.170845277740527
124,0.3153846153846154,7.7718189900062855
124,0.3230769230769231,8.74177101295429
124,0.3307692307692308,11.616181625443515
124,0.3384615384615385,11.080733536664892
124,0.34615384615384615,10.151189123853912
124,0.35384615384615387,7.322965165328256
124,0.3615384615384616,9.26092476745019
124,0.36923076923076925,1.9508343853414876
124,0.3769230769230769,11.96076591117601
124,0.38461538461538464,4.8321257080336135
124,0.39230769230769236,14.81646428467005
124,0.4,11.434965497043498
124,0.4076923076923077,1.4555609039922384
124,0.4153846153846154,5.587045389161246
124,0.42307692307692313,13.473275468971995
124,0.4307692307692308,8.474797029250448
124,0.43846153846153846,5.790790166812866
124,0.4461538461538462,8.747040508563066
124,0.4538461538461539,2.1234537519850183
124,0.46153846153846156,7.591526791482111
124,0.46923076923076923,9.15720141565016
124,0.47692307692307695,7.173976756544224
124,0.48461538461538467,8.794555237812682
124,0.49230769230769234,8.104138680929761
125,0.0,4.440892098500626e-15
125,0.007751937984496124,13.70385315279931
125,0.015503875968992248,18.408741476627686
125,0.023255813953488372,2.4836351465213697
125,0.031007751937984496,14.266493631859394
125,0.03875968992248062,19.61389883517685
125,0.046511627906976744,21.3693366579205
125,0.05426356589147287,10.754002946186562
125,0.06201550387596899,13.266634095500939
125,0.06976744186046512,9.29506209024193
125,0.07751937984496124,12.9040626442228
125,0.08527131782945736,7.52617934470668
125,0.09302325581395349,6.442973682583515
125,0.10077519379844961,9.316487894490228
125,0.10852713178294573,20.589057660182732
125,0.11627906976744186,2.8572748363396996
125,0.12403100775193798,3.6920087004468636
125,0.13178294573643412,3.4673658310487605
125,0.13953488372093023,15.317241906411951
125,0.14728682170542634,16.68448846571243
125,0.15503875968992248,4.646394244166494
125,0.16279069767441862,8.4051135712206
125,0.17054263565891473,11.4226924131583
125,0.17829457364341084,4.633272394876429
125,0.18604651162790697,3.8647764702690557
125,0.1937984496124031,12.389341374525126
125,0.20155038759689922,8.434240280340697
125,0.20930232558139533,7.164734580651006
125,0.21705426356589147,16.879962029656873
125,0.2248062015503876,9.321257010133456
125,0.23255813953488372,3.113831865949212
125,0.24031007751937983,7.654559850522337
125,0.24806201550387597,3.66093504826412
125,0.2558139534883721,14.76401691420343
125,0.26356589147286824,3.6436883281347936
125,0.2713178294573643,8.193073338912047
125,0.27906976744186046,24.887007482134354
125,0.2868217054263566,10.003964393853387
125,0.2945736434108527,11.782417516089327
125,0.3023255813953488,5.609758625127134
125,0.31007751937984496,13.386480063884235
125,0.3178294573643411,8.938672374592642
125,0.32558139534883723,12.086470038915628
125,0.3333333333333333,4.3791282973994905
125,0.34108527131782945,12.128171714512701
125,0.3488372093023256,2.5094708484528048
125,0.3565891472868217,20.075126658351564
125,0.3643410852713178,14.934718733714204
125,0.37209302325581395,8.709323644475086
125,0.3798449612403101,11.511525836602468
125,0.3875968992248062,10.47493902474987
125,0.3953488372093023,8.576679621816293
125,0.40310077519379844,8.843013732564673
125,0.4108527131782946,4.367422081630994
125,0.41860465116279066,15.978098210515487
125,0.4263565891472868,12.592990916587564
125,0.43410852713178294,9.4188936592775
125,0.4418604651162791,8.299077050999184
125,0.4496124031007752,12.446302708781062
125,0.4573643410852713,8.13863970196286
125,0.46511627906976744,3.1008785695603827
125,0.4728682170542636,12.608022052002344
125,0.48062015503875966,8.331064828898016
125,0.4883720930232558,5.643019641557243
125,0.49612403100775193,10.518472204532285
126,0.0,4.08006961549745e-15
126,0.007633587786259542,23.27831405715159
126,0.015267175572519083,12.13137688085634
126,0.022900763358778626,20.239792433739556
126,0.030534351145038167,5.471447691460241
126,0.03816793893129771,2.3577128062989905
126,0.04580152671755725,2.804044842501073
126,0.05343511450381679,9.176939944842916
126,0.061068702290076333,13.096618999506147
126,0.06870229007633588,1.6412719716802435
126,0.07633587786259542,9.207708934733096
126,0.08396946564885496,12.6643035355431
126,0.0916030534351145,8.220792005966812
126,0.09923664122137404,2.879071633566264
126,0.10687022900763359,16.621576954394012
126,0.11450381679389313,10.019852745563798
126,0.12213740458015267,6.524646126066322
126,0.1297709923664122,11.523625143795083
126,0.13740458015267176,8.116981579549005
126,0.1450381679389313,7.94176057462049
126,0.15267175572519084,16.413108245851472
126,0.16030534351145037,6.067896534303925
126,0.16793893129770993,12.311427552940106
126,0.17557251908396945,6.319086573796471
126,0.183206106870229,9.106709547160321
126,0.19083969465648853,4.607038503659099
126,0.1984732824427481,18.999827318952693
126,0.20610687022900762,7.8691566237844635
126,0.21374045801526717,7.816766334956334
126,0.2213740458015267,3.0755045308088946
126,0.22900763358778625,11.991435712406545
126,0.23664122137404578,11.957005390971563
126,0.24427480916030533,7.001424477528343
126,0.25190839694656486,10.089145083133491
126,0.2595419847328244,13.341900274382041
126,0.26717557251908397,11.360471565173045
126,0.2748091603053435,13.208188453427075
126,0.282442748091603,15.996623829294174
126,0.2900763358778626,7.810638180269396
126,0.29770992366412213,7.714950422612211
126,0.3053435114503817,9.907627760490216
126,0.3129770992366412,20.97319183851275
126,0.32061068702290074,11.795325746101943
126,0.3282442748091603,3.6245298608579324
126,0.33587786259541985,19.220424065774864
126,0.34351145038167935,7.939725281167324
126,0.3511450381679389,6.426765345916975
126,0.35877862595419846,9.188807022514688
126,0.366412213740458,18.83400864691633
126,0.37404580152671757,10.96910143853391
126,0.38167938931297707,12.207001293636507
126,0.3893129770992366,2.113538666123253
126,0.3969465648854962,12.496008605184294
126,0.40458015267175573,9.285476315000913
126,0.41221374045801523,0.49015469044498666
126,0.4198473282442748,18.5806299424703
126,0.42748091603053434,4.831481244237976
126,0.4351145038167939,9.08029003192089
126,0.4427480916030534,13.100914979566666
126,0.45038167938931295,8.952445097407924
126,0.4580152671755725,6.3383811655743925
126,0.46564885496183206,8.813771681707053
126,0.47328244274809156,11.546508782315046
126,0.4809160305343511,17.72762167666782
126,0.48854961832061067,18.483935738226354
126,0.4961832061068702,7.586375893904219
127,0.0,3.9968028886505635e-15
127,0.007633587786259542,29.441368692411263
127,0.015267175572519083,25.705790753272506
127,0.022900763358778626,16.155459188910722
127,0.030534351145038167,10.15564009256775
127,0.03816793893129771,12.26025879038952
127,0.04580152671755725,4.366978976208092
127,0.05343511450381679,4.919963517831307
127,0.061068702290076333,12.759833820343768
127,0.06870229007633588,3.941244661793103
127,0.07633587786259542,14.135413915783436
127,0.08396946564885496,14.462776090158538
127,0.0916030534351145,4.901797843617971
127,0.09923664122137404,13.769839852455025
127,0.10687022900763359,8.306267483067758
127,0.11450381679389313,2.7775802313428617
127,0.12213740458015267,5.5545317494876905
127,0.1297709923664122,12.605423364548924
127,0.13740458015267176,7.90843854711985
127,0.1450381679389313,17.382839949425044
127,0.15267175572519084,2.4938126254787565
127,0.16030534351145037,6.067808541554025
127,0.16793893129770993,12.334996973702822
127,0.17557251908396945,0.4424977649684042
127,0.183206106870229,13.027232342405005
127,0.19083969465648853,6.744310592547616
127,0.1984732824427481,5.82087868891569
127,0.20610687022900762,12.823658515792397
127,0.21374045801526717,8.813502677665449
127,0.2213740458015267,9.356066230235195
127,0.22900763358778625,2.954348828297906
127,0.23664122137404578,5.290268292643634
127,0.24427480916030533,2.352808043435225
127,0.25190839694656486,3.354327055047198
127,0.2595419847328244,13.691588409358811
127,0.26717557251908397,7.706839541105713
127,0.2748091603053435,4.823739633877431
127,0.282442748091603,6.68750065096081
127,0.2900763358778626,19.42139135350276
127,0.29770992366412213,12.539234414315771
127,0.3053435114503817,3.1832341560482
127,0.3129770992366412,5.3493377819253425
127,0.32061068702290074,3.5017324244961885
127,0.3282442748091603,10.599836911234815
127,0.33587786259541985,7.962040732589966
127,0.34351145038167935,2.611263569955926
127,0.3511450381679389,17.57043087080844
127,0.35877862595419846,11.134486978475362
127,0.366412213740458,8.903612694381263
127,0.37404580152671757,15.328044065610689
127,0.38167938931297707,11.527936991305445
127,0.3893129770992366,4.536749470368698
127,0.3969465648854962,14.902672059053454
127,0.40458015267175573,17.649885444883303
127,0.41221374045801523,15.956071478932857
127,0.4198473282442748,5.285241087268603
127,0.42748091603053434,22.22413637532003
127,0.4351145038167939,11.99041393022486
127,0.4427480916030534,9.517381136723506
127,0.45038167938931295,8.331081675272497
127,0.4580152671755725,12.214289989057423
127,0.46564885496183206,5.6843158038679436
127,0.47328244274809156,14.02775464443581
127,0.4809160305343511,11.399289583622851
127,0.48854961832061067,9.991203804163181
127,0.4961832061068702,5.507499109018942
128,0.0,2.220446049250313e-15
128,0.007874015748031496,29.430450929188318
128,0.015748031496062992,17.476204439082846
128,0.023622047244094488,20.82385957155625
128,0.031496062992125984,15.280383335494298
128,0.03937007874015748,17.043410093330124
128,0.047244094488188976,8.5933271748386
128,0.05511811023622047,16.388364940955427
128,0.06299212598425197,3.483486950807469
128,0.07086614173228346,5.053943322135289
128,0.07874015748031496,19.357617718675314
128,0.08661417322834646,1.5922466095000332
128,0.09448818897637795,3.3408816418071883
128,0.10236220472440945,1.8671481276328388
128,0.11023622047244094,3.068348778540521
128,0.11811023622047244,5.709601324395469
128,0.12598425196850394,7.307184480158236
128,0.13385826771653542,6.874384739402032
128,0.14173228346456693,8.3864583725188
128,0.14960629921259844,5.4586318461119
128,0.15748031496062992,4.769004128459369
128,0.1653543307086614,10.932032215149825
128,0.1732283464566929,5.829981981165592
128,0.18110236220472442,16.402556382332648
128,0.1889763779527559,2.93408014823866
128,0.19685039370078738,1.7879647626776807
128,0.2047244094488189,7.188148261833624
128,0.2125984251968504,15.28079214151978
128,0.2204724409448819,17.114763788947414
128,0.22834645669291337,3.5165329366353055
128,0.23622047244094488,10.721258362965841
128,0.2440944881889764,2.0574001569549036
128,0.25196850393700787,4.811054026771468
128,0.25984251968503935,9.131067370615463
128,0.26771653543307083,7.949113837721267
128,0.2755905511811024,5.580463782268417
128,0.28346456692913385,9.475133661035482
128,0.29133858267716534,12.51096268000853
128,0.2992125984251969,10.700019645038905
128,0.30708661417322836,21.71587265623926
128,0.31496062992125984,11.876482008661803
128,0.3228346456692913,5.759875898927063
128,0.3307086614173228,14.978102365987583
128,0.33858267716535434,14.681990533034044
128,0.3464566929133858,20.41542522436154
128,0.3543307086614173,14.165702243753634
128,0.36220472440944884,9.391031040704087
128,0.3700787401574803,6.792206543205662
128,0.3779527559055118,6.3396823230676835
128,0.3858267716535433,15.026340537222262
128,0.39370078740157477,10.410317310175595
128,0.4015748031496063,11.287049063410864
128,0.4094488188976378,5.666737605291492
128,0.41732283464566927,0.26392889949323095
128,0.4251968503937008,3.5310421614645615
128,0.4330708661417323,14.056863494295289
128,0.4409448818897638,2.1874572508052843
128,0.44881889763779526,10.87017804816156
128,0.45669291338582674,6.078828890833269
128,0.4645669291338583,6.784925330199454
128,0.47244094488188976,17.921145523056612
128,0.48031496062992124,8.110146473260343
128,0.4881889763779528,0.7533411482163295
128,0.49606299212598426,4.149891025460379
129,0.0,8.881784197001252e-16
129,0.006993006993006993,18.39575151056328
129,0.013986013986013986,13.955572216461913
129,0.02097902097902098,17.003157140570273
129,0.027972027972027972,17.247296128443164
129,0.03496503496503497,18.051961313459902
129,0.04195804195804196,12.39064171686758
129,0.04895104895104895,4.578799387588825
129,0.055944055944055944,15.80669810248947
129,0.06293706293706294,4.197347521535859
129,0.06993006993006994,7.376433136766759
129,0.07692307692307693,7.674328653044058
129,0.08391608391608392,1.8335334474428329
129,0.09090909090909091,18.651051472152226
129,0.0979020979020979,25.99622817463114
129,0.1048951048951049,12.430414563172768
129,0.11188811188811189,7.017828402665506
129,0.11888111888111888,12.268683421055062
129,0.1258741258741259,18.568730271666894
129,0.13286713286713286,15.305451220993955
129,0.13986013986013987,3.7317998278520252
129,0.14685314685314685,20.399125532840703
129,0.15384615384615385,12.38674391337787
129,0.16083916083916083,11.66324739931181
129,0.16783216783216784,6.3068585552466665
129,0.17482517482517482,6.724612722857606
129,0.18181818181818182,10.748862801826172
129,0.1888111888111888,14.578707493131704
129,0.1958041958041958,4.490939633365695
129,0.20279720279720279,16.73523748806984
129,0.2097902097902098,14.336601181937255
129,0.21678321678321677,16.31739663068419
129,0.22377622377622378,12.111108065264458
129,0.23076923076923078,13.840390814490576
129,0.23776223776223776,8.187336408597274
129,0.24475524475524477,12.37844483479649
129,0.2517482517482518,16.152494363265163
129,0.25874125874125875,18.350974612222252
129,0.26573426573426573,8.58880835589607
129,0.2727272727272727,3.174260166931851
129,0.27972027972027974,9.500399201134398
129,0.2867132867132867,3.506259515686789
129,0.2937062937062937,2.8195250731603165
129,0.3006993006993007,10.78179316207073
129,0.3076923076923077,8.537502589843676
129,0.3146853146853147,9.496240950761479
129,0.32167832167832167,12.97410898930464
129,0.32867132867132864,10.173627830051766
129,0.3356643356643357,3.5053586061379822
129,0.34265734265734266,0.5710310064061158
129,0.34965034965034963,17.67489099781174
129,0.35664335664335667,9.12056801857896
129,0.36363636363636365,7.918678961400238
129,0.3706293706293706,8.427413024545796
129,0.3776223776223776,12.926900884034588
129,0.38461538461538464,4.092986148943793
129,0.3916083916083916,6.6073339845146135
129,0.3986013986013986,3.3451645582831224
129,0.40559440559440557,6.026786017608392
129,0.4125874125874126,2.5137462747168353
129,0.4195804195804196,18.138613195460945
129,0.42657342657342656,2.5929082476061205
129,0.43356643356643354,21.175281242691746
129,0.4405594405594406,3.0780628846932183
129,0.44755244755244755,13.608157629845621
129,0.45454545454545453,5.911267000793941
129,0.46153846153846156,12.511013136774835
129,0.46853146853146854,10.955187718998381
129,0.4755244755244755,13.148319203713926
129,0.4825174825174825,6.1894099989978235
129,0.48951048951048953,10.468390649220096
129,0.4965034965034965,4.760710565800599
130,0.0,1.3322676295501878e-15
130,0.0072992700729927005,20.11313152922718
130,0.014598540145985401,19.249156270091625
130,0.021897810218978103,33.347925608464095
130,0.029197080291970802,13.189921547881996
130,0.0364963503649635,13.318799389174407
130,0.043795620437956206,19.83096880801259
130,0.051094890510948905,6.020263057567154
130,0.058394160583941604,5.383411988758885
130,0.06569343065693431,16.14281515328338
130,0.072992700729927,3.6028685564915888
130,0.08029197080291971,6.94228459147907
130,0.08759124087591241,6.09398352105791
130,0.0948905109489051,5.728454289783219
130,0.10218978102189781,2.947426380864047
130,0.1094890510948905,5.420911323625533
130,0.11678832116788321,18.028138194026813
130,0.12408759124087591,3.499095014300072
130,0.13138686131386862,9.453998689239022
130,0.1386861313868613,12.807752983806434
130,0.145985401459854,2.7443752146000198
130,0.15328467153284672,16.99259201079995
130,0.16058394160583941,17.33372655515216
130,0.1678832116788321,1.1051075567559638
130,0.17518248175182483,8.536191029240236
130,0.18248175182481752,14.367810878544304
130,0.1897810218978102,7.006776725539918
130,0.1970802919708029,1.7148393121568575
130,0.20437956204379562,8.650557254455308
130,0.2116788321167883,3.1928998656093417
130,0.218978102189781,5.315565820124729
130,0.22627737226277372,4.021531678434442
130,0.23357664233576642,5.428220598668393
130,0.2408759124087591,9.68784851167731
130,0.24817518248175183,5.7148096866404305
130,0.2554744525547445,3.2649159083573487
130,0.26277372262773724,2.6450910977753903
130,0.27007299270072993,16.076559937731663
130,0.2773722627737226,14.170538997053262
130,0.2846715328467153,4.47449063272273
130,0.291970802919708,13.255930925003929
130,0.2992700729927007,12.333090372646485
130,0.30656934306569344,11.439092581393304
130,0.31386861313868614,10.784049538760126
130,0.32116788321167883,10.283436075913086
130,0.3284671532846715,4.255281950238826
130,0.3357664233576642,13.08475943581902
130,0.3430656934306569,18.36501722765036
130,0.35036496350364965,9.853053058963908
130,0.35766423357664234,14.967241448517097
130,0.36496350364963503,19.526558020612317
130,0.3722627737226277,11.509837082521349
130,0.3795620437956204,11.896310904323423
130,0.3868613138686131,12.07473545678131
130,0.3941605839416058,2.269045251001959
130,0.40145985401459855,14.192274454315864
130,0.40875912408759124,9.17698463711658
130,0.41605839416058393,10.762307047735776
130,0.4233576642335766,6.373667228888331
130,0.4306569343065693,7.938990525953409
130,0.437956204379562,13.262180030814488
130,0.44525547445255476,14.894042998956218
130,0.45255474452554745,6.594045035090437
130,0.45985401459854014,9.114219066570177
130,0.46715328467153283,9.500065146801708
130,0.4744525547445255,10.239469239554397
130,0.4817518248175182,12.18813810710451
130,0.4890510948905109,5.412171907407305
130,0.49635036496350365,14.777534280507144
131,0.0,4.9960036108132044e-15
131,0.007874015748031496,21.551791006894803
131,0.015748031496062992,21.213486129516475
131,0.023622047244094488,15.142257529571127
131,0.031496062992125984,22.453627870068406
131,0.03937007874015748,26.773855159986873
131,0.047244094488188976,8.992703568424242
131,0.05511811023622047,6.449992518871489
131,0.06299212598425197,5.976030473254944
131,0.07086614173228346,7.66056580437542
131,0.07874015748031496,2.428271555226855
131,0.08661417322834646,23.078710843855582
131,0.09448818897637795,4.616810109362015
131,0.10236220472440945,5.416029442259707
131,0.11023622047244094,13.41235594514592
131,0.11811023622047244,13.021902144718874
131,0.12598425196850394,8.969205332532061
131,0.13385826771653542,8.866421329640017
131,0.14173228346456693,7.837528004291732
131,0.14960629921259844,8.004370915076885
131,0.15748031496062992,4.637584032370724
131,0.1653543307086614,11.135250986675272
131,0.1732283464566929,11.611985904352224
131,0.18110236220472442,6.240026184787135
131,0.1889763779527559,6.256718140497806
131,0.19685039370078738,4.765015242621103
131,0.2047244094488189,4.845406150540107
131,0.2125984251968504,13.708213853948564
131,0.2204724409448819,7.182555034017422
131,0.22834645669291337,11.853501793090775
131,0.23622047244094488,7.6144032963625605
131,0.2440944881889764,8.94168216110793
131,0.25196850393700787,5.967311323046272
131,0.25984251968503935,8.50876575196542
131,0.26771653543307083,6.607578092637823
131,0.2755905511811024,1.6019766004174987
131,0.28346456692913385,8.114335298295341
131,0.29133858267716534,8.631871239519638
131,0.2992125984251969,22.736735332021503
131,0.30708661417322836,6.537102631959229
131,0.31496062992125984,12.033050477756065
131,0.3228346456692913,7.948064017073841
131,0.3307086614173228,13.934399160315976
131,0.33858267716535434,14.154798285532289
131,0.3464566929133858,8.549009093906081
131,0.3543307086614173,11.88845888201444
131,0.36220472440944884,4.35298641312338
131,0.3700787401574803,8.90113064886488
131,0.3779527559055118,6.9675024799374325
131,0.3858267716535433,14.395490161550057
131,0.39370078740157477,8.682674993291053
131,0.4015748031496063,7.187477593112872
131,0.4094488188976378,17.075855568183897
131,0.41732283464566927,12.995194151329251
131,0.4251968503937008,2.033085460530727
131,0.4330708661417323,2.9097267267811016
131,0.4409448818897638,4.537002273297893
131,0.44881889763779526,15.725350354689597
131,0.45669291338582674,9.88033065368491
131,0.4645669291338583,13.743892059426646
131,0.47244094488188976,7.413068770263231
131,0.48031496062992124,3.82146285793147
131,0.4881889763779528,3.2571572877758412
131,0.49606299212598426,8.79168792162156
132,0.0,1.4210854715202004e-14
132,0.007246376811594203,32.725102766758454
132,0.014492753623188406,11.888704251015154
132,0.021739130434782608,9.139755742619625
132,0.028985507246376812,13.318019698405012
132,0.036231884057971016,11.916376757810925
132,0.043478260869565216,9.416197717744643
132,0.050724637681159424,8.441646639935907
132,0.057971014492753624,16.268815149879348
132,0.06521739130434782,15.837580324178711
132,0.07246376811594203,15.604818157089918
132,0.07971014492753624,18.19959114532129
132,0.08695652173913043,14.162922703368485
132,0.09420289855072464,13.462992817617996
132,0.10144927536231885,13.680733331357182
132,0.10869565217391304,4.62505613210744
132,0.11594202898550725,2.1439257714394624
132,0.12318840579710146,11.482344198402501
132,0.13043478260869565,10.064478940440349
132,0.13768115942028986,16.661352339388717
132,0.14492753623188406,14.576284363294848
132,0.15217391304347827,4.240120613821011
132,0.15942028985507248,9.250136566659984
132,0.16666666666666666,4.409858582615316
132,0.17391304347826086,7.855365430869042
132,0.18115942028985507,5.271475617658072
132,0.18840579710144928,15.617827794330376
132,0.1956521739130435,4.514626614244373
132,0.2028985507246377,9.051521904243325
132,0.21014492753623187,6.484475001891082
132,0.21739130434782608,6.074489559921466
132,0.2246376811594203,6.770379211512593
132,0.2318840579710145,10.032983512446288
132,0.2391304347826087,4.959676886773297
132,0.2463768115942029,10.16121582509295
132,0.2536231884057971,10.899018904723926
132,0.2608695652173913,7.759170684111156
132,0.26811594202898553,8.039267066539768
132,0.2753623188405797,14.952884352902887
132,0.2826086956521739,16.75479180892285
132,0.2898550724637681,5.413560895361936
132,0.2971014492753623,12.661492658960404
132,0.30434782608695654,11.320908622916274
132,0.3115942028985507,17.834929389121733
132,0.31884057971014496,10.587450501357948
132,0.32608695652173914,12.857465519503227
132,0.3333333333333333,11.88344926168328
132,0.34057971014492755,8.855584113284333
132,0.34782608695652173,12.170598269578505
132,0.35507246376811596,13.125484593344638
132,0.36231884057971014,12.17447049576375
132,0.3695652173913044,10.129329750769164
132,0.37681159420289856,4.922288423438944
132,0.38405797101449274,3.636501412534012
132,0.391304347826087,7.3960004560995545
132,0.39855072463768115,8.149071104464968
132,0.4057971014492754,3.0201801107160575
132,0.41304347826086957,14.897070142530536
132,0.42028985507246375,20.209124909989775
132,0.427536231884058,8.500768021825237
132,0.43478260869565216,13.459974486119659
132,0.4420289855072464,1.1420583865768301
132,0.4492753623188406,12.591591408755445
132,0.4565217391304348,9.044480690852156
132,0.463768115942029,8.008220114332168
132,0.47101449275362317,13.049303884517526
132,0.4782608695652174,9.45064082625364
132,0.4855072463768116,11.401548374486595
132,0.4927536231884058,8.407660357096486
133,0.0,7.993605777301127e-15
133,0.0078125,25.223617075980624
133,0.015625,22.524119259120425
133,0.0234375,1.9904789751476686
133,0.03125,5.143066668178806
133,0.0390625,16.332520621676473
133,0.046875,17.05986588223466
133,0.0546875,15.322471218047298
133,0.0625,21.76487966684243
133,0.0703125,11.960217327412284
133,0.078125,21.098631740473824
133,0.0859375,5.8168982544095735
133,0.09375,11.86895830874365
133,0.1015625,12.096094472446927
133,0.109375,7.005513175666348
133,0.1171875,9.391665960381141
133,0.125,11.755113322574426
133,0.1328125,13.761719422813282
133,0.140625,2.9393317647216777
133,0.1484375,2.650725748836357
133,0.15625,10.910739111302796
133,0.1640625,14.92150496584101
133,0.171875,23.18459144236422
133,0.1796875,7.8843086807040965
133,0.1875,13.135397856108293
133,0.1953125,11.865147270596449
133,0.203125,8.053389143836952
133,0.2109375,12.663842878020986
133,0.21875,5.022880591408509
133,0.2265625,6.229168632008529
133,0.234375,11.148375116029134
133,0.2421875,7.216852555807951
133,0.25,6.588476833571468
133,0.2578125,7.6856470195303555
133,0.265625,3.433170445630007
133,0.2734375,2.9388310127404806
133,0.28125,7.580298386781597
133,0.2890625,0.7601367135552918
133,0.296875,1.3315766380816951
133,0.3046875,1.8246169292744872
133,0.3125,3.176290787256767
133,0.3203125,10.95619203661216
133,0.328125,5.198395559434162
133,0.3359375,15.27424060229815
133,0.34375,2.8958686339731594
133,0.3515625,8.945288640997516
133,0.359375,3.6782248422169794
133,0.3671875,5.738809162524582
133,0.375,5.308887940744655
133,0.3828125,11.112626818585802
133,0.390625,3.481329001602636
133,0.3984375,14.253518217373772
133,0.40625,7.349389760498061
133,0.4140625,5.748007019671477
133,0.421875,0.6492064452680116
133,0.4296875,17.212049149064573
133,0.4375,7.924662044990709
133,0.4453125,13.813409820938842
133,0.453125,7.607422303580264
133,0.4609375,6.394234691134264
133,0.46875,11.34448664407658
133,0.4765625,15.358012888411057
133,0.484375,14.369925529117916
133,0.4921875,15.973194389781401
134,0.0,1.4210854715202004e-14
134,0.007518796992481203,11.253402325283993
134,0.015037593984962405,12.190492809656197
134,0.022556390977443608,10.069186336995049
134,0.03007518796992481,10.890144737700483
134,0.03759398496240601,10.105001655417453
134,0.045112781954887216,3.7619879172326165
134,0.05263157894736842,20.638301612744794
134,0.06015037593984962,13.96529638092765
134,0.06766917293233082,9.006028476009725
134,0.07518796992481203,6.874454902076216
134,0.08270676691729323,12.61079314969109
134,0.09022556390977443,11.335784757762314
134,0.09774436090225563,12.492277275284934
134,0.10526315789473684,7.3943599833278455
134,0.11278195488721804,11.557987739532777
134,0.12030075187969924,22.448923578362475
134,0.12781954887218044,15.85073041230479
134,0.13533834586466165,11.027670259573844
134,0.14285714285714285,7.773937323712327
134,0.15037593984962405,8.36944889828066
134,0.15789473684210525,9.080446610282262
134,0.16541353383458646,6.816766758472802
134,0.17293233082706766,25.316890492219564
134,0.18045112781954886,5.601477689710148
134,0.18796992481203006,11.58978781059026
134,0.19548872180451127,11.201066552914277
134,0.20300751879699247,14.801148352527951
134,0.21052631578947367,5.337031067454584
134,0.21804511278195488,13.500290614427414
134,0.22556390977443608,5.201860687176251
134,0.23308270676691728,10.835612648103895
134,0.24060150375939848,7.7594676822077915
134,0.24812030075187969,6.722048031238515
134,0.2556390977443609,4.90387642102085
134,0.2631578947368421,9.427382001556177
134,0.2706766917293233,3.828692338044855
134,0.2781954887218045,6.248522715459365
134,0.2857142857142857,10.182943010172055
134,0.2932330827067669,13.759721843559523
134,0.3007518796992481,7.689084327338257
134,0.3082706766917293,4.0270059761591215
134,0.3157894736842105,5.149310657727265
134,0.3233082706766917,7.9869234103611415
134,0.3308270676691729,7.543850555933575
134,0.3383458646616541,9.724279603435585
134,0.3458646616541353,6.617614835604399
134,0.3533834586466165,9.85438240616063
134,0.3609022556390977,7.4631310321400575
134,0.3684210526315789,0.36824711700633816
134,0.37593984962406013,29.50565821112473
134,0.38345864661654133,13.518877641598642
134,0.39097744360902253,22.857789586157228
134,0.39849624060150374,11.201254424386072
134,0.40601503759398494,7.760397015291999
134,0.41353383458646614,6.209098064738462
134,0.42105263157894735,9.666303812534915
134,0.42857142857142855,6.344231008123005
134,0.43609022556390975,5.743768884649438
134,0.44360902255639095,10.066638612950525
134,0.45112781954887216,17.70630410756145
134,0.45864661654135336,9.682053455188528
134,0.46616541353383456,12.041717437973823
134,0.47368421052631576,3.6849066627890723
134,0.48120300751879697,7.609455996537822
134,0.48872180451127817,19.2675999656465
134,0.49624060150375937,8.19990074467332
135,0.0,1.4210854715202004e-14
135,0.007575757575757576,20.412180155424206
135,0.015151515151515152,15.463852786127381
135,0.022727272727272728,22.463653537567062
135,0.030303030303030304,12.628861772473172
135,0.03787878787878788,2.6818648324534244
135,0.045454545454545456,4.943721239695908
135,0.05303030303030303,22.12277630432294
135,0.06060606060606061,8.236273780507377
135,0.06818181818181818,19.070892640009596
135,0.07575757575757576,17.241635951455088
135,0.08333333333333334,4.574182602803526
135,0.09090909090909091,10.348922596158227
135,0.09848484848484848,10.126233828004695
135,0.10606060606060606,9.567878769489685
135,0.11363636363636365,10.898624904987212
135,0.12121212121212122,7.2334053262518365
135,0.12878787878787878,3.349122019653579
135,0.13636363636363635,15.24291277890441
135,0.14393939393939395,11.284827616619394
135,0.15151515151515152,11.789246222320484
135,0.1590909090909091,10.001590717878214
135,0.16666666666666669,2.2836809469737287
135,0.17424242424242425,10.609709013174157
135,0.18181818181818182,10.03341991749769
135,0.1893939393939394,0.7563017398952401
135,0.19696969696969696,10.969287990417287
135,0.20454545454545456,4.9405385311481025
135,0.21212121212121213,6.79242567022705
135,0.2196969696969697,2.321672447724139
135,0.2272727272727273,11.083473620165908
135,0.23484848484848486,5.54130128404826
135,0.24242424242424243,11.555760147341598
135,0.25,9.46151333193663
135,0.25757575757575757,7.999956228663739
135,0.26515151515151514,4.206715641836166
135,0.2727272727272727,4.807054654213605
135,0.28030303030303033,15.857363308529544
135,0.2878787878787879,4.9730947681734685
135,0.29545454545454547,9.815062589956016
135,0.30303030303030304,11.914588637874214
135,0.3106060606060606,4.641907909521367
135,0.3181818181818182,8.894062790747386
135,0.32575757575757575,5.957086074980656
135,0.33333333333333337,11.275904637225764
135,0.34090909090909094,11.880501597481993
135,0.3484848484848485,0.15912431957826154
135,0.3560606060606061,10.535476477536202
135,0.36363636363636365,12.958622061316218
135,0.3712121212121212,7.902196084998098
135,0.3787878787878788,3.039144282869448
135,0.38636363636363635,8.826448831027392
135,0.3939393939393939,8.854939878922428
135,0.40151515151515155,8.82175499671085
135,0.4090909090909091,17.07544486219793
135,0.4166666666666667,10.879739336876263
135,0.42424242424242425,15.55537133475143
135,0.4318181818181818,16.09658555071183
135,0.4393939393939394,14.64780048643055
135,0.44696969696969696,8.005309894451317
135,0.4545454545454546,22.548274698364388
135,0.46212121212121215,9.861284882739358
135,0.4696969696969697,6.494002947356463
135,0.4772727272727273,17.50170248559429
135,0.48484848484848486,16.512674310756246
135,0.49242424242424243,7.945558148125097
136,0.0,1.7763568394002505e-14
136,0.007751937984496124,32.72842564566759
136,0.015503875968992248,20.079761940152885
136,0.023255813953488372,17.396406146230408
136,0.031007751937984496,20.97752515587481
136,0.03875968992248062,6.805791848024633
136,0.046511627906976744,12.653342222879894
136,0.05426356589147287,7.7982409883420925
136,0.06201550387596899,14.722264325481518
136,0.06976744186046512,6.137927130922099
136,0.07751937984496124,6.675155346897644
136,0.08527131782945736,14.052496118797949
136,0.09302325581395349,11.250048166248678
136,0.10077519379844961,17.550250022309662
136,0.10852713178294573,5.560441357768942
136,0.11627906976744186,13.658553147726732
136,0.12403100775193798,5.595283290731059
136,0.13178294573643412,9.16125011846452
136,0.13953488372093023,5.965706089930865
136,0.14728682170542634,9.568544393180929
136,0.15503875968992248,4.4624959242034645
136,0.16279069767441862,12.875348171349824
136,0.17054263565891473,13.222359085509543
136,0.17829457364341084,13.618836969321174
136,0.18604651162790697,13.841635579447004
136,0.1937984496124031,2.7694978767287246
136,0.20155038759689922,15.144935319730562
136,0.20930232558139533,5.572903746975267
136,0.21705426356589147,3.8124027323026692
136,0.2248062015503876,6.541491732149862
136,0.23255813953488372,8.338257646262651
136,0.24031007751937983,6.819832594815422
136,0.24806201550387597,5.762623233912636
136,0.2558139534883721,1.7105056745644074
136,0.26356589147286824,7.009470258888166
136,0.2713178294573643,7.205985992973395
136,0.27906976744186046,12.166716770478875
136,0.2868217054263566,12.173184973027947
136,0.2945736434108527,4.598835873787877
136,0.3023255813953488,1.8214550298378058
136,0.31007751937984496,5.18844928212458
136,0.3178294573643411,14.6972265391952
136,0.32558139534883723,23.724337922683983
136,0.3333333333333333,13.28929419609001
136,0.34108527131782945,5.276185689244135
136,0.3488372093023256,11.153972668277751
136,0.3565891472868217,2.5012430515213624
136,0.3643410852713178,7.881061902652712
136,0.37209302325581395,8.588037943113525
136,0.3798449612403101,8.036605863749195
136,0.3875968992248062,13.145370395231982
136,0.3953488372093023,10.135099065354261
136,0.40310077519379844,7.490706797361243
136,0.4108527131782946,7.997198874409993
136,0.41860465116279066,7.188222547911926
136,0.4263565891472868,14.96532989829633
136,0.43410852713178294,9.349916855723375
136,0.4418604651162791,11.931120315835377
136,0.4496124031007752,9.316538137816401
136,0.4573643410852713,7.116954302312842
136,0.46511627906976744,4.251121606641439
136,0.4728682170542636,12.388036317898067
136,0.48062015503875966,12.9456770977295
136,0.4883720930232558,7.425302008691906
136,0.49612403100775193,5.86360060016296
137,0.0,4.440892098500626e-15
137,0.0078125,14.96354324033426
137,0.015625,16.317865715047937
137,0.0234375,14.287147626337662
137,0.03125,12.209760965481474
137,0.0390625,8.37038447088088
137,0.046875,6.785050839571063
137,0.0546875,11.604784530459256
137,0.0625,4.919097824268491
137,0.0703125,10.616322854261826
137,0.078125,5.667701189808225
137,0.0859375,17.840796544517666
137,0.09375,3.7449315193964976
137,0.1015625,6.009606437038447
137,0.109375,12.745792999832615
137,0.1171875,8.972605490058118
137,0.125,14.729200780306373
137,0.1328125,19.201065496637018
137,0.140625,14.846650982641437
137,0.1484375,11.742554417435226
137,0.15625,21.566069346013762
137,0.1640625,7.729092241394203
137,0.171875,11.747969789386856
137,0.1796875,3.7643119565800767
137,0.1875,4.371567205067593
137,0.1953125,9.194787646938039
137,0.203125,3.7630724755225224
137,0.2109375,11.91873394246878
137,0.21875,14.447239643510011
137,0.2265625,5.5492795147986
137,0.234375,10.704229348261828
137,0.2421875,7.640232549717612
137,0.25,14.926215342244895
137,0.2578125,12.16087143674399
137,0.265625,13.468184434745902
137,0.2734375,11.587802128524379
137,0.28125,6.0232488635434365
137,0.2890625,11.466121043311086
137,0.296875,4.410778135339931
137,0.3046875,14.390948450677291
137,0.3125,8.006637559041454
137,0.3203125,5.874231813924138
137,0.328125,7.6280197747992435
137,0.3359375,12.471113795717296
137,0.34375,14.609750647143104
137,0.3515625,13.641192379687629
137,0.359375,3.407168101702555
137,0.3671875,2.3094599550377755
137,0.375,19.901123555141137
137,0.3828125,14.908656309862751
137,0.390625,7.77282716377906
137,0.3984375,2.9056767108830726
137,0.40625,15.180095458033398
137,0.4140625,8.054913195413304
137,0.421875,3.4945448724337367
137,0.4296875,2.4877858768021053
137,0.4375,6.6306078564040325
137,0.4453125,8.095141582873739
137,0.453125,14.594519327292916
137,0.4609375,15.42633868220231
137,0.46875,13.399895118369129
137,0.4765625,17.122239427868404
137,0.484375,5.8354159423781
137,0.4921875,11.692153027530685
138,0.0,1.865174681370263e-14
138,0.007874015748031496,23.74953271388051
138,0.015748031496062992,15.211630250435958
138,0.023622047244094488,17.613839674401152
138,0.031496062992125984,13.703725442571516
138,0.03937007874015748,15.78243591804809
138,0.047244094488188976,10.336327757878843
138,0.05511811023622047,9.649456093276841
138,0.06299212598425197,6.693458198317142
138,0.07086614173228346,20.24012089587997
138,0.07874015748031496,5.402188009548525
138,0.08661417322834646,15.060829311767433
138,0.09448818897637795,14.84160199977885
138,0.10236220472440945,9.618309552178061
138,0.11023622047244094,11.143731862519765
138,0.11811023622047244,6.731772963544466
138,0.12598425196850394,13.583099579685012
138,0.13385826771653542,7.692953687902832
138,0.14173228346456693,9.013143191838349
138,0.14960629921259844,14.306435417709073
138,0.15748031496062992,5.467245477715458
138,0.1653543307086614,11.264414739477738
138,0.1732283464566929,16.869533964992993
138,0.18110236220472442,4.456340326888765
138,0.1889763779527559,3.061394445379146
138,0.19685039370078738,5.5914080782517015
138,0.2047244094488189,10.771922873992356
138,0.2125984251968504,7.609611273362505
138,0.2204724409448819,7.0180012064493935
138,0.22834645669291337,8.650079510885709
138,0.23622047244094488,8.35596112671373
138,0.2440944881889764,3.737813577443979
138,0.25196850393700787,10.100282471366821
138,0.25984251968503935,5.02171872675102
138,0.26771653543307083,2.85504331235019
138,0.2755905511811024,14.913806518372274
138,0.28346456692913385,11.057985936010102
138,0.29133858267716534,13.52826794237016
138,0.2992125984251969,21.9024743418632
138,0.30708661417322836,5.383615305775453
138,0.31496062992125984,5.678608977754241
138,0.3228346456692913,13.044450392788226
138,0.3307086614173228,14.355996197935868
138,0.33858267716535434,8.96519235774696
138,0.3464566929133858,13.942438411794178
138,0.3543307086614173,9.130597429389802
138,0.36220472440944884,11.225444225579398
138,0.3700787401574803,4.576471800284855
138,0.3779527559055118,7.177552379996799
138,0.3858267716535433,10.541404736647069
138,0.39370078740157477,8.313585448585652
138,0.4015748031496063,15.356730364391092
138,0.4094488188976378,10.965800140234645
138,0.41732283464566927,4.507706401523164
138,0.4251968503937008,16.058307884665535
138,0.4330708661417323,7.729518871226349
138,0.4409448818897638,8.664183807091693
138,0.44881889763779526,11.026234957615308
138,0.45669291338582674,10.6438405701673
138,0.4645669291338583,6.842217551942425
138,0.47244094488188976,5.386976619241454
138,0.48031496062992124,6.126861309118749
138,0.4881889763779528,15.912725985004606
138,0.49606299212598426,5.318078756039963
139,0.0,4.440892098500626e-16
139,0.007692307692307693,11.042193213507352
139,0.015384615384615385,25.61065203327878
139,0.023076923076923078,14.278461971963342
139,0.03076923076923077,10.716933959408935
139,0.038461538461538464,15.102986223559375
139,0.046153846153846156,9.4168664904876
139,0.05384615384615385,15.361380931359239
139,0.06153846153846154,10.851374278898039
139,0.06923076923076923,6.65521986711406
139,0.07692307692307693,6.05372375165475
139,0.08461538461538462,19.11772373246489
139,0.09230769230769231,2.2185582103712145
139,0.1,10.57494567089905
139,0.1076923076923077,5.60019443380773
139,0.11538461538461539,15.79881008884431
139,0.12307692307692308,3.2849591993527825
139,0.13076923076923078,11.803390591886963
139,0.13846153846153847,10.559002938252588
139,0.14615384615384616,13.893359359084805
139,0.15384615384615385,14.743399009916624
139,0.16153846153846155,17.90623429893355
139,0.16923076923076924,6.998844678890241
139,0.17692307692307693,1.6155430151502612
139,0.18461538461538463,10.753606444783927
139,0.19230769230769232,9.182611750563154
139,0.2,5.623973639669218
139,0.2076923076923077,18.068677569558034
139,0.2153846153846154,10.989001826030819
139,0.2230769230769231,12.991671261035988
139,0.23076923076923078,10.485209126662378
139,0.23846153846153847,14.388043336307017
139,0.24615384615384617,14.307702399734126
139,0.25384615384615383,16.0653653913191
139,0.26153846153846155,5.990692169360157
139,0.2692307692307693,6.486303238767495
139,0.27692307692307694,17.483971559878228
139,0.2846153846153846,11.852003277133367
139,0.2923076923076923,14.807315701244542
139,0.30000000000000004,2.439360686861374
139,0.3076923076923077,5.588966663574059
139,0.3153846153846154,7.643725129165468
139,0.3230769230769231,3.4994323780380427
139,0.3307692307692308,6.8053337232811835
139,0.3384615384615385,14.531081489953701
139,0.34615384615384615,5.683106343665181
139,0.35384615384615387,14.053877325011738
139,0.3615384615384616,5.56452560690186
139,0.36923076923076925,2.6664760124936593
139,0.3769230769230769,11.407951725445555
139,0.38461538461538464,10.148886809309824
139,0.39230769230769236,8.81428179715948
139,0.4,13.109209335944591
139,0.4076923076923077,4.369444191365519
139,0.4153846153846154,9.83458095573865
139,0.42307692307692313,11.852839512826831
139,0.4307692307692308,5.267096670482853
139,0.43846153846153846,15.06897472214293
139,0.4461538461538462,1.4152791134980316
139,0.4538461538461539,6.189474885895535
139,0.46153846153846156,16.096435755637767
139,0.46923076923076923,3.334396789648506
139,0.47692307692307695,12.035018394603721
139,0.48461538461538467,13.997600657252788
139,0.49230769230769234,11.099833350787604
140,0.0,1.0658141036401503e-14
140,0.007692307692307693,24.983334072557533
140,0.015384615384615385,15.549353701014011
140,0.023076923076923078,15.118558652243566
140,0.03076923076923077,14.838790087251406
140,0.038461538461538464,22.455675960125912
140,0.046153846153846156,15.198824488498893
140,0.05384615384615385,10.208475149674793
140,0.06153846153846154,9.896976615308418
140,0.06923076923076923,4.56663947362461
140,0.07692307692307693,9.981822993142243
140,0.08461538461538462,7.4718448678863885
140,0.09230769230769231,13.505259100460405
140,0.1,3.0985034575400214
140,0.1076923076923077,6.899493616660475
140,0.11538461538461539,7.613331015439771
140,0.12307692307692308,15.150618191248004
140,0.13076923076923078,4.504990190878472
140,0.13846153846153847,8.973370878997281
140,0.14615384615384616,4.787272013571345
140,0.15384615384615385,6.149670250679439
140,0.16153846153846155,13.472743269902173
140,0.16923076923076924,8.252507192560671
140,0.17692307692307693,4.48346341761645
140,0.18461538461538463,8.778031180832397
140,0.19230769230769232,7.414977317068378
140,0.2,3.423869918430724
140,0.2076923076923077,3.665287073519321
140,0.2153846153846154,3.326257039377056
140,0.2230769230769231,15.03020153017311
140,0.23076923076923078,13.65208176062323
140,0.23846153846153847,8.201801007285363
140,0.24615384615384617,13.479164476148929
140,0.25384615384615383,19.398385723186937
140,0.26153846153846155,10.551952333486017
140,0.2692307692307693,11.00774331334887
140,0.27692307692307694,11.464038605048462
140,0.2846153846153846,14.173100472344448
140,0.2923076923076923,13.592996053668937
140,0.30000000000000004,13.234307605966658
140,0.3076923076923077,5.990946475154183
140,0.3153846153846154,4.42831771752852
140,0.3230769230769231,9.740028586849844
140,0.3307692307692308,7.256332278536578
140,0.3384615384615385,1.2006215748967735
140,0.34615384615384615,8.709194055296628
140,0.35384615384615387,19.93135343702306
140,0.3615384615384616,7.4750128017485
140,0.36923076923076925,11.749051520362858
140,0.3769230769230769,4.737610344405185
140,0.38461538461538464,4.432619115139997
140,0.39230769230769236,14.97985590201808
140,0.4,6.555633652248204
140,0.4076923076923077,8.456235772298864
140,0.4153846153846154,12.870328810357545
140,0.42307692307692313,2.6240415201215073
140,0.4307692307692308,6.581486941904908
140,0.43846153846153846,13.941392494823141
140,0.4461538461538462,7.544850885556795
140,0.4538461538461539,18.060875552027827
140,0.46153846153846156,6.900395969708492
140,0.46923076923076923,5.640325811526948
140,0.47692307692307695,22.91300404411952
140,0.48461538461538467,10.799718189078053
140,0.49230769230769234,9.257557684644462
141,0.0,6.217248937900877e-15
141,0.007352941176470588,18.03982501103339
141,0.014705882352941176,16.50240460593333
141,0.022058823529411763,16.609498733342917
141,0.029411764705882353,13.67711986789951
141,0.03676470588235294,17.11340496148341
141,0.044117647058823525,4.355473914660136
141,0.051470588235294115,16.944578240829042
141,0.058823529411764705,9.203020017498224
141,0.0661764705882353,11.663310360929584
141,0.07352941176470588,12.147333530855008
141,0.08088235294117647,10.056527701186672
141,0.08823529411764705,11.875065446120594
141,0.09558823529411764,9.850892288606913
141,0.10294117647058823,15.715291601894991
141,0.11029411764705882,10.565601388894112
141,0.11764705882352941,6.170825133130305
141,0.125,9.600957386867384
141,0.1323529411764706,5.461390507488371
141,0.13970588235294118,21.069334874028446
141,0.14705882352941177,13.034223496635953
141,0.15441176470588236,5.5497577414163946
141,0.16176470588235295,3.8964199518275473
141,0.16911764705882354,4.202027484889416
141,0.1764705882352941,4.345615947384795
141,0.1838235294117647,8.269433412802863
141,0.19117647058823528,7.577586732502866
141,0.19852941176470587,14.32947658132165
141,0.20588235294117646,1.0214834384208822
141,0.21323529411764705,13.662017612750535
141,0.22058823529411764,7.748254561910094
141,0.22794117647058823,15.454317467735565
141,0.23529411764705882,5.496118030072572
141,0.2426470588235294,6.610293219949686
141,0.25,7.893769011677383
141,0.25735294117647056,11.30117909156574
141,0.2647058823529412,10.116204532992336
141,0.27205882352941174,9.716938604944527
141,0.27941176470588236,7.58143036529952
141,0.2867647058823529,8.5614551958368
141,0.29411764705882354,20.131585455499117
141,0.3014705882352941,8.163529856714877
141,0.3088235294117647,15.77225367127824
141,0.3161764705882353,16.178636321089897
141,0.3235294117647059,13.267256615223157
141,0.33088235294117646,17.20466182394017
141,0.3382352941176471,6.18466205126192
141,0.34558823529411764,8.325800926899294
141,0.3529411764705882,1.7453967481559178
141,0.3602941176470588,11.508941241076835
141,0.3676470588235294,15.22278091774276
141,0.375,7.938540869779574
141,0.38235294117647056,12.098829174797242
141,0.3897058823529412,18.905020024477917
141,0.39705882352941174,7.70705915066979
141,0.40441176470588236,9.298118893463558
141,0.4117647058823529,4.656894561183732
141,0.41911764705882354,13.337887499015446
141,0.4264705882352941,15.884310651699353
141,0.4338235294117647,15.596514108155048
141,0.4411764705882353,14.008825286657189
141,0.4485294117647059,18.398286922124218
141,0.45588235294117646,3.477405454890946
141,0.4632352941176471,11.440584970432324
141,0.47058823529411764,11.871642148633432
141,0.4779411764705882,4.025870618997099
141,0.4852941176470588,2.5384095061185366
141,0.4926470588235294,6.141662955900577
142,0.0,1.0880185641326534e-14
142,0.006802721088435374,28.160801668748764
142,0.013605442176870748,16.868048363704204
142,0.02040816326530612,14.869602464447807
142,0.027210884353741496,12.148758193563177
142,0.03401360544217687,1.579930719673649
142,0.04081632653061224,30.088574502937956
142,0.047619047619047616,11.302537053288814
142,0.05442176870748299,3.835260116308205
142,0.061224489795918366,5.3360358395085985
142,0.06802721088435373,13.34478746851659
142,0.07482993197278912,9.860311538001152
142,0.08163265306122448,17.369111317529565
142,0.08843537414965986,14.481506930904313
142,0.09523809523809523,5.769911877551674
142,0.10204081632653061,13.375569247538555
142,0.10884353741496598,5.84168142887448
142,0.11564625850340135,9.374634651757505
142,0.12244897959183673,13.024270063283565
142,0.1292517006802721,5.400163819519532
142,0.13605442176870747,4.791489375698382
142,0.14285714285714285,3.4747350513676225
142,0.14965986394557823,3.875540744041507
142,0.1564625850340136,7.428866015067658
142,0.16326530612244897,8.266897786872127
142,0.17006802721088435,15.044191851943582
142,0.17687074829931973,11.871864101157708
142,0.18367346938775508,10.783794302347026
142,0.19047619047619047,14.31071555011804
142,0.19727891156462585,7.038701796344089
142,0.20408163265306123,6.876996069057249
142,0.21088435374149658,13.385558984210755
142,0.21768707482993196,9.250347283945182
142,0.22448979591836735,2.8138222458244395
142,0.2312925170068027,15.822854835897205
142,0.23809523809523808,1.742634877141934
142,0.24489795918367346,4.834506980204889
142,0.25170068027210885,2.1670873919186344
142,0.2585034013605442,17.36136312472216
142,0.2653061224489796,12.427891214770261
142,0.27210884353741494,11.655628079455159
142,0.2789115646258503,13.389703566295259
142,0.2857142857142857,11.22897087675571
142,0.2925170068027211,3.892152173685141
142,0.29931972789115646,12.67173660171499
142,0.30612244897959184,17.730985884743117
142,0.3129251700680272,15.071975759128536
142,0.31972789115646255,9.544190357362378
142,0.32653061224489793,12.568233168447964
142,0.3333333333333333,5.0175287036666685
142,0.3401360544217687,1.9858010720644572
142,0.3469387755102041,16.723819908690277
142,0.35374149659863946,12.616864913717302
142,0.36054421768707484,17.26963120554626
142,0.36734693877551017,7.849588803097963
142,0.37414965986394555,3.0362926155583163
142,0.38095238095238093,22.95273813170388
142,0.3877551020408163,16.854567808294522
142,0.3945578231292517,6.922033683914079
142,0.4013605442176871,18.259868429927206
142,0.40816326530612246,12.77451251912766
142,0.4149659863945578,7.166120437209971
142,0.42176870748299317,10.109815598156887
142,0.42857142857142855,12.09737722145569
142,0.43537414965986393,4.6633528413362555
142,0.4421768707482993,8.11576393548632
142,0.4489795918367347,17.40121357136117
142,0.4557823129251701,15.810556543270375
142,0.4625850340136054,12.40478704381531
142,0.4693877551020408,4.991111681802913
142,0.47619047619047616,12.16607531772835
142,0.48299319727891155,10.496371310633856
142,0.4897959183673469,3.514707171817729
142,0.4965986394557823,1.1500719011969225
143,0.0,3.552713678800501e-15
143,0.007575757575757576,17.90471335533416
143,0.015151515151515152,21.406470628719436
143,0.022727272727272728,13.341628366234806
143,0.030303030303030304,13.02678613037632
143,0.03787878787878788,18.237713311995563
143,0.045454545454545456,21.559160174964433
143,0.05303030303030303,13.425391592241025
143,0.06060606060606061,12.492376836645008
143,0.06818181818181818,15.753491872244393
143,0.07575757575757576,11.60252802775197
143,0.08333333333333334,16.11675468473741
143,0.09090909090909091,0.6546043783412921
143,0.09848484848484848,15.184457239330783
143,0.10606060606060606,6.543312954156986
143,0.11363636363636365,7.233361492509453
143,0.12121212121212122,4.917245222466728
143,0.12878787878787878,5.9660047506193985
143,0.13636363636363635,10.950653315812824
143,0.14393939393939395,16.392612260233047
143,0.15151515151515152,10.015877037082177
143,0.1590909090909091,8.897943882371685
143,0.16666666666666669,3.363411107499641
143,0.17424242424242425,12.949133869073883
143,0.18181818181818182,9.563297202001769
143,0.1893939393939394,8.939230153817164
143,0.19696969696969696,5.757977464283888
143,0.20454545454545456,24.167885566702495
143,0.21212121212121213,9.767772826938193
143,0.2196969696969697,3.466531985309843
143,0.2272727272727273,21.15510497087467
143,0.23484848484848486,7.772549351291446
143,0.24242424242424243,13.455533674159875
143,0.25,11.822648669929302
143,0.25757575757575757,10.391741025377272
143,0.26515151515151514,7.708649794234593
143,0.2727272727272727,12.444768977010797
143,0.28030303030303033,8.95231717742546
143,0.2878787878787879,11.177191892526043
143,0.29545454545454547,14.030490245806664
143,0.30303030303030304,1.1803402812493402
143,0.3106060606060606,3.729863270048555
143,0.3181818181818182,2.1950855440628825
143,0.32575757575757575,11.121005449820386
143,0.33333333333333337,9.576158806644289
143,0.34090909090909094,8.953133645575198
143,0.3484848484848485,11.82032592732331
143,0.3560606060606061,7.166872309891966
143,0.36363636363636365,7.467220794335555
143,0.3712121212121212,11.927873701928098
143,0.3787878787878788,4.913457912859584
143,0.38636363636363635,15.73492395954954
143,0.3939393939393939,1.576971206459281
143,0.40151515151515155,8.935573809489444
143,0.4090909090909091,6.2964740594970054
143,0.4166666666666667,5.214428795974488
143,0.42424242424242425,11.977574101802848
143,0.4318181818181818,16.713613959566413
143,0.4393939393939394,4.928367635533019
143,0.44696969696969696,6.055114094580318
143,0.4545454545454546,6.657044895095369
143,0.46212121212121215,4.560249977327937
143,0.4696969696969697,9.415627650616527
143,0.4772727272727273,14.248037931485875
143,0.48484848484848486,12.792329470489003
143,0.49242424242424243,9.668990055338417
144,0.0,8.881784197001252e-15
144,0.00819672131147541,7.039657668102414
144,0.01639344262295082,16.274582330354335
144,0.02459016393442623,13.536545915006043
144,0.03278688524590164,10.717330893195886
144,0.04098360655737705,7.745639506312279
144,0.04918032786885246,7.418028650722525
144,0.05737704918032787,17.346390255550975
144,0.06557377049180328,9.904406163016736
144,0.07377049180327869,9.228545344885555
144,0.0819672131147541,16.237049288094312
144,0.09016393442622951,11.672435815502107
144,0.09836065573770492,7.572685729450516
144,0.10655737704918034,4.353993755072265
144,0.11475409836065574,5.743373569402439
144,0.12295081967213116,10.396843633716792
144,0.13114754098360656,1.5699275032010496
144,0.13934426229508198,10.918070493554652
144,0.14754098360655737,12.32169897551306
144,0.1557377049180328,16.045011093704368
144,0.1639344262295082,8.569134547342934
144,0.1721311475409836,9.595755103114932
144,0.18032786885245902,6.884951675971825
144,0.18852459016393444,11.59689582537847
144,0.19672131147540983,4.552130545465498
144,0.20491803278688525,16.572144114346997
144,0.21311475409836067,10.539705282579435
144,0.2213114754098361,6.479530990417769
144,0.22950819672131148,3.397738796126063
144,0.2377049180327869,5.112819133530943
144,0.24590163934426232,17.561214968140785
144,0.2540983606557377,17.245803672648318
144,0.26229508196721313,9.552180166844984
144,0.27049180327868855,3.404498405614796
144,0.27868852459016397,6.562132220922432
144,0.2868852459016394,6.885044784848461
144,0.29508196721311475,4.690545038512307
144,0.30327868852459017,11.151627243896533
144,0.3114754098360656,12.440454511527014
144,0.319672131147541,7.928149137637515
144,0.3278688524590164,12.172998865909257
144,0.33606557377049184,4.178636672951013
144,0.3442622950819672,10.648688616321797
144,0.3524590163934426,2.8018589405440815
144,0.36065573770491804,10.359260999660572
144,0.36885245901639346,16.050272359662507
144,0.3770491803278689,11.243960298838914
144,0.3852459016393443,5.252427235407884
144,0.39344262295081966,9.603600468014163
144,0.4016393442622951,9.815719974943553
144,0.4098360655737705,4.566385132818227
144,0.4180327868852459,8.434670323252499
144,0.42622950819672134,4.475567121500495
144,0.43442622950819676,10.431350502819775
144,0.4426229508196722,9.366067852316469
144,0.45081967213114754,20.743123625011552
144,0.45901639344262296,18.087113016186
144,0.4672131147540984,5.05008351327754
144,0.4754098360655738,17.579135694243238
144,0.4836065573770492,16.61337107394595
144,0.49180327868852464,19.471065077248607
145,0.0,1.4210854715202004e-14
145,0.007874015748031496,20.62854278586141
145,0.015748031496062992,12.678041169526912
145,0.023622047244094488,20.12335874722284
145,0.031496062992125984,7.854591783969673
145,0.03937007874015748,7.43991811985136
145,0.047244094488188976,11.101448329287384
145,0.05511811023622047,8.808742925679416
145,0.06299212598425197,6.172020892025861
145,0.07086614173228346,7.050046696238168
145,0.07874015748031496,9.12817534356919
145,0.08661417322834646,5.205584385125176
145,0.09448818897637795,7.708544038484713
145,0.10236220472440945,25.057838796321253
145,0.11023622047244094,18.224656607600437
145,0.11811023622047244,11.741809710665493
145,0.12598425196850394,3.1889588984341337
145,0.13385826771653542,3.4425613181692944
145,0.14173228346456693,12.940326833970612
145,0.14960629921259844,7.3315114640432215
145,0.15748031496062992,10.891938742819367
145,0.1653543307086614,17.246243975521402
145,0.1732283464566929,7.194395301218953
145,0.18110236220472442,9.686610232858719
145,0.1889763779527559,3.713314042476461
145,0.19685039370078738,11.890653985902928
145,0.2047244094488189,6.309063375903006
145,0.2125984251968504,5.794067417509232
145,0.2204724409448819,3.7677793434157048
145,0.22834645669291337,13.70677981308909
145,0.23622047244094488,4.667464631496854
145,0.2440944881889764,15.394618148346035
145,0.25196850393700787,11.511057879082918
145,0.25984251968503935,4.304123959519429
145,0.26771653543307083,5.677903928883382
145,0.2755905511811024,8.517037520565706
145,0.28346456692913385,9.860512369340581
145,0.29133858267716534,5.3410165649427155
145,0.2992125984251969,3.9184203394562194
145,0.30708661417322836,17.752211790295966
145,0.31496062992125984,9.43510808866207
145,0.3228346456692913,4.07767315339958
145,0.3307086614173228,7.078350651897088
145,0.33858267716535434,6.019273700128958
145,0.3464566929133858,12.4390315541014
145,0.3543307086614173,22.638547633012262
145,0.36220472440944884,4.748040556777401
145,0.3700787401574803,11.933736708017085
145,0.3779527559055118,1.6055917873171646
145,0.3858267716535433,11.464294783556566
145,0.39370078740157477,6.130670329106706
145,0.4015748031496063,11.080609368408817
145,0.4094488188976378,10.993244858518059
145,0.41732283464566927,17.566441472719394
145,0.4251968503937008,8.80375880938326
145,0.4330708661417323,10.087281502514445
145,0.4409448818897638,8.241957766920397
145,0.44881889763779526,10.529135550909205
145,0.45669291338582674,13.438421497508402
145,0.4645669291338583,11.12218955654115
145,0.47244094488188976,14.263689584734013
145,0.48031496062992124,13.990765897225304
145,0.4881889763779528,6.573229507161486
145,0.49606299212598426,18.460080179228036
146,0.0,8.881784197001252e-15
146,0.007575757575757576,34.35402815031111
146,0.015151515151515152,21.29092488922613
146,0.022727272727272728,16.422338716080056
146,0.030303030303030304,13.72875305837722
146,0.03787878787878788,17.905613294914794
146,0.045454545454545456,15.04226379295832
146,0.05303030303030303,8.371411531182428
146,0.06060606060606061,5.950638735464742
146,0.06818181818181818,5.862825036158288
146,0.07575757575757576,5.537626540007693
146,0.08333333333333334,13.673497467013432
146,0.09090909090909091,14.153203368739543
146,0.09848484848484848,20.16446519883648
146,0.10606060606060606,14.18203049474722
146,0.11363636363636365,8.729388540041988
146,0.12121212121212122,7.618372458280835
146,0.12878787878787878,7.263436137989726
146,0.13636363636363635,7.145555892689687
146,0.14393939393939395,9.551503709062326
146,0.15151515151515152,9.463323822922002
146,0.1590909090909091,7.739779570003324
146,0.16666666666666669,9.117870403939003
146,0.17424242424242425,6.092130319630825
146,0.18181818181818182,12.24735296726334
146,0.1893939393939394,9.907302579574933
146,0.19696969696969696,2.8381432929597388
146,0.20454545454545456,6.706691635059022
146,0.21212121212121213,6.958681536918364
146,0.2196969696969697,2.624884879548216
146,0.2272727272727273,7.6005543008745855
146,0.23484848484848486,9.705498058293816
146,0.24242424242424243,2.2376920991905256
146,0.25,0.40267374637014375
146,0.25757575757575757,8.376574609666124
146,0.26515151515151514,5.6277522831780065
146,0.2727272727272727,8.264122678358579
146,0.28030303030303033,5.816966254057923
146,0.2878787878787879,4.636751802854412
146,0.29545454545454547,2.2396409284919265
146,0.30303030303030304,4.309548570177155
146,0.3106060606060606,14.57838001319336
146,0.3181818181818182,9.28667671664955
146,0.32575757575757575,4.991804244332975
146,0.33333333333333337,7.781179965937097
146,0.34090909090909094,4.153765741111925
146,0.3484848484848485,4.478482298364177
146,0.3560606060606061,5.07830770758971
146,0.36363636363636365,15.018502530293768
146,0.3712121212121212,8.508314584210751
146,0.3787878787878788,2.6935157972383537
146,0.38636363636363635,2.0118506851967246
146,0.3939393939393939,8.378629411207216
146,0.40151515151515155,8.692650965371035
146,0.4090909090909091,10.748625959891209
146,0.4166666666666667,6.04609867702677
146,0.42424242424242425,8.819718770858554
146,0.4318181818181818,18.664633680833514
146,0.4393939393939394,9.395923133779492
146,0.44696969696969696,3.7710530963116216
146,0.4545454545454546,7.908876375215842
146,0.46212121212121215,20.077661258520084
146,0.4696969696969697,23.152490727819192
146,0.4772727272727273,17.97716519045193
146,0.48484848484848486,15.986162282148161
146,0.49242424242424243,17.217262464827545
147,0.0,1.4210854715202004e-14
147,0.007462686567164179,26.666515724606548
147,0.014925373134328358,28.91705505758138
147,0.022388059701492536,11.040997247585592
147,0.029850746268656716,15.048541031755756
147,0.03731343283582089,21.78688620282454
147,0.04477611940298507,12.09367393940778
147,0.05223880597014925,17.259317705792114
147,0.05970149253731343,11.084181310209361
147,0.06716417910447761,18.177675565637063
147,0.07462686567164178,6.453141889814894
147,0.08208955223880597,14.034647615182386
147,0.08955223880597014,4.074332833770244
147,0.09701492537313433,2.427115716631791
147,0.1044776119402985,4.734289000715089
147,0.11194029850746269,13.840722040781225
147,0.11940298507462686,10.255904245686159
147,0.12686567164179105,12.227617354484275
147,0.13432835820895522,14.062582390078656
147,0.1417910447761194,18.35937521793416
147,0.14925373134328357,8.405073326068008
147,0.15671641791044777,12.447567795008213
147,0.16417910447761194,12.591419305780905
147,0.17164179104477612,12.518796233158943
147,0.1791044776119403,14.096697635757646
147,0.18656716417910446,2.2082804678430414
147,0.19402985074626866,8.909348492627306
147,0.20149253731343283,9.658851892959595
147,0.208955223880597,4.736780457458723
147,0.21641791044776118,3.804197379473896
147,0.22388059701492538,3.00470680404053
147,0.23134328358208955,9.291393391936776
147,0.23880597014925373,9.809617118546193
147,0.2462686567164179,7.77249838527935
147,0.2537313432835821,11.881236558009677
147,0.26119402985074625,7.157341873803323
147,0.26865671641791045,17.10456062700881
147,0.27611940298507465,14.86295471149982
147,0.2835820895522388,7.194643105811279
147,0.291044776119403,6.4896042714978766
147,0.29850746268656714,1.2137360756728524
147,0.30597014925373134,14.336529680656673
147,0.31343283582089554,10.567550719062359
147,0.3208955223880597,15.58451842912099
147,0.3283582089552239,14.850404263869123
147,0.33582089552238803,9.498438550986108
147,0.34328358208955223,7.247898689035066
147,0.35074626865671643,7.682298431195297
147,0.3582089552238806,7.071945786158083
147,0.3656716417910448,4.544889597844738
147,0.3731343283582089,3.300264752114932
147,0.3805970149253731,10.965034968231867
147,0.3880597014925373,5.271403998732398
147,0.39552238805970147,7.976689607616993
147,0.40298507462686567,12.94099570268173
147,0.41044776119402987,5.999190038434476
147,0.417910447761194,14.475937642821366
147,0.4253731343283582,6.812972976850281
147,0.43283582089552236,4.830498759818482
147,0.44029850746268656,6.299759195276664
147,0.44776119402985076,13.064026986965061
147,0.4552238805970149,12.924038460410367
147,0.4626865671641791,5.343532196609723
147,0.47014925373134325,9.721445927725739
147,0.47761194029850745,6.188364495266749
147,0.48507462686567165,6.804238446487882
147,0.4925373134328358,3.2886934664416447
148,0.0,1.2434497875801753e-14
148,0.006993006993006993,21.76966722214665
148,0.013986013986013986,18.784340659017325
148,0.02097902097902098,29.9558924187477
148,0.027972027972027972,16.30180166496544
148,0.03496503496503497,20.51260901870152
148,0.04195804195804196,15.965030589897742
148,0.04895104895104895,16.763602942501198
148,0.055944055944055944,6.910295638685798
148,0.06293706293706294,6.319569328856514
148,0.06993006993006994,7.193788089750879
148,0.07692307692307693,5.283046500287787
148,0.08391608391608392,9.497041015978565
148,0.09090909090909091,8.992081819012624
148,0.0979020979020979,15.847254815696425
148,0.1048951048951049,20.753836260643755
148,0.11188811188811189,12.345990818324571
148,0.11888111888111888,17.78214615953164
148,0.1258741258741259,4.305345680952568
148,0.13286713286713286,14.677045451745105
148,0.13986013986013987,10.728956879235207
148,0.14685314685314685,15.698995596443089
148,0.15384615384615385,12.212913079284164
148,0.16083916083916083,5.106538460113081
148,0.16783216783216784,3.7864984125809156
148,0.17482517482517482,4.294863645353237
148,0.18181818181818182,11.567201568965823
148,0.1888111888111888,5.0263693269828025
148,0.1958041958041958,16.52118805523551
148,0.20279720279720279,2.144824449622971
148,0.2097902097902098,9.900143343236424
148,0.21678321678321677,8.578549689607293
148,0.22377622377622378,6.395183747119418
148,0.23076923076923078,5.365666022524412
148,0.23776223776223776,13.372648396003326
148,0.24475524475524477,7.922221150974162
148,0.2517482517482518,6.770088244997099
148,0.25874125874125875,7.3977640510717855
148,0.26573426573426573,14.192091689433322
148,0.2727272727272727,8.73212841694442
148,0.27972027972027974,4.950597382560996
148,0.2867132867132867,25.211281607028596
148,0.2937062937062937,9.158641400294243
148,0.3006993006993007,12.26227726740317
148,0.3076923076923077,12.441359580662025
148,0.3146853146853147,8.968560530787377
148,0.32167832167832167,14.474619355480879
148,0.32867132867132864,5.776647482582773
148,0.3356643356643357,8.813374288928376
148,0.34265734265734266,8.184867631940934
148,0.34965034965034963,11.564559266193687
148,0.35664335664335667,13.493607428506364
148,0.36363636363636365,11.372050267703779
148,0.3706293706293706,10.856267308806512
148,0.3776223776223776,6.267719752651124
148,0.38461538461538464,11.22508981438204
148,0.3916083916083916,7.962870634751816
148,0.3986013986013986,10.868392388892012
148,0.40559440559440557,5.9566626446070545
148,0.4125874125874126,16.744549809569733
148,0.4195804195804196,3.991092629113839
148,0.42657342657342656,6.815091758167698
148,0.43356643356643354,12.71264400290618
148,0.4405594405594406,1.1785306300102756
148,0.44755244755244755,9.45236147649652
148,0.45454545454545453,17.655036510581468
148,0.46153846153846156,6.436076995970529
148,0.46853146853146854,3.0227148178314964
148,0.4755244755244755,3.213070466228882
148,0.4825174825174825,10.60941990558311
148,0.48951048951048953,9.574086947743137
148,0.4965034965034965,7.3118326762890185
149,0.0,0.0
149,0.0072992700729927005,25.309604812257177
149,0.014598540145985401,20.888011911334818
149,0.021897810218978103,8.656764592624503
149,0.029197080291970802,10.693262044143838
149,0.0364963503649635,2.2801861615011556
149,0.043795620437956206,9.1980229823228
149,0.051094890510948905,9.088533511185888
149,0.058394160583941604,13.57330639163257
149,0.06569343065693431,12.465805619752997
149,0.072992700729927,8.242089992132014
149,0.08029197080291971,10.6481910243735
149,0.08759124087591241,10.10022247018389
149,0.0948905109489051,18.433117574093124
149,0.10218978102189781,4.333352204450904
149,0.1094890510948905,8.987155811162678
149,0.11678832116788321,11.185793899948656
149,0.12408759124087591,6.188222743154847
149,0.13138686131386862,9.097006612177625
149,0.1386861313868613,10.593736597095099
149,0.145985401459854,4.715463663955255
149,0.15328467153284672,6.138480933471316
149,0.16058394160583941,10.500972963554476
149,0.1678832116788321,3.760815007523497
149,0.17518248175182483,18.051091809416477
149,0.18248175182481752,11.304448742796662
149,0.1897810218978102,11.819382554758418
149,0.1970802919708029,21.310631723634472
149,0.20437956204379562,7.013452692731425
149,0.2116788321167883,14.535033358406938
149,0.218978102189781,1.3182237671002217
149,0.22627737226277372,4.403476462647362
149,0.23357664233576642,7.735693159832165
149,0.2408759124087591,14.201055095669828
149,0.24817518248175183,3.245953272143937
149,0.2554744525547445,3.835302929465652
149,0.26277372262773724,5.509243139062081
149,0.27007299270072993,18.81652034690812
149,0.2773722627737226,17.381083985591548
149,0.2846715328467153,5.100486938945046
149,0.291970802919708,4.356066629741384
149,0.2992700729927007,11.192785367265786
149,0.30656934306569344,19.51573703526522
149,0.31386861313868614,14.744160234618523
149,0.32116788321167883,17.972138110860136
149,0.3284671532846715,1.2147170490407486
149,0.3357664233576642,15.220185447849802
149,0.3430656934306569,7.053924578050032
149,0.35036496350364965,2.6517175994194897
149,0.35766423357664234,14.797172810037303
149,0.36496350364963503,11.469701523627643
149,0.3722627737226277,7.139752333578775
149,0.3795620437956204,2.887764070210732
149,0.3868613138686131,19.39351888709439
149,0.3941605839416058,13.010595418992692
149,0.40145985401459855,5.846442926881198
149,0.40875912408759124,10.170788841304294
149,0.41605839416058393,9.418937406653399
149,0.4233576642335766,21.50456945135467
149,0.4306569343065693,13.440523553326027
149,0.437956204379562,12.525349100512642
149,0.44525547445255476,9.2285785247991
149,0.45255474452554745,7.21766805922378
149,0.45985401459854014,10.600368489420644
149,0.46715328467153283,14.519897648120363
149,0.4744525547445255,8.877051180371478
149,0.4817518248175182,10.965294717908463
149,0.4890510948905109,3.448343308867844
149,0.49635036496350365,2.0518638981335253
150,0.0,1.9984014443252818e-15
150,0.007633587786259542,14.047749687769334
150,0.015267175572519083,34.04954063932259
150,0.022900763358778626,14.011265135092522
150,0.030534351145038167,21.069407930019
150,0.03816793893129771,11.721340003882633
150,0.04580152671755725,2.7862465769213176
150,0.05343511450381679,24.059228697586722
150,0.061068702290076333,7.4245231220609575
150,0.06870229007633588,17.794917986520566
150,0.07633587786259542,15.80598158820404
150,0.08396946564885496,13.426635620912894
150,0.0916030534351145,12.715897803337636
150,0.09923664122137404,6.156465586895553
150,0.10687022900763359,2.8697939902245055
150,0.11450381679389313,13.666846571544083
150,0.12213740458015267,6.23307449575313
150,0.1297709923664122,10.255927841062697
150,0.13740458015267176,4.400249612743868
150,0.1450381679389313,8.655951200812614
150,0.15267175572519084,8.318242552301651
150,0.16030534351145037,15.489360078126113
150,0.16793893129770993,11.048576076666276
150,0.17557251908396945,7.273855010636525
150,0.183206106870229,10.793156635917729
150,0.19083969465648853,8.328256351549209
150,0.1984732824427481,11.623835924168686
150,0.20610687022900762,8.754043281680744
150,0.21374045801526717,27.693835015465897
150,0.2213740458015267,7.927942260016842
150,0.22900763358778625,12.357894512163032
150,0.23664122137404578,7.563200671652887
150,0.24427480916030533,13.984772131521554
150,0.25190839694656486,12.984854214680471
150,0.2595419847328244,3.789568868106503
150,0.26717557251908397,11.579330173324893
150,0.2748091603053435,10.25658867487157
150,0.282442748091603,19.02391590817117
150,0.2900763358778626,7.950545891244932
150,0.29770992366412213,11.964345023273943
150,0.3053435114503817,4.430031632054983
150,0.3129770992366412,14.393572663729008
150,0.32061068702290074,4.325136193075813
150,0.3282442748091603,11.431306250199478
150,0.33587786259541985,4.938936781774694
150,0.34351145038167935,4.176766124852692
150,0.3511450381679389,6.1018173281220065
150,0.35877862595419846,6.513440345149118
150,0.366412213740458,6.416823816361505
150,0.37404580152671757,10.406275609806938
150,0.38167938931297707,6.063237323523024
150,0.3893129770992366,10.769404101803653
150,0.3969465648854962,8.918162310990272
150,0.40458015267175573,5.95854710868882
150,0.41221374045801523,4.937906743983794
150,0.4198473282442748,1.5527002653539657
150,0.42748091603053434,2.6824451069813997
150,0.4351145038167939,9.216155229295012
150,0.4427480916030534,2.956659025274475
150,0.45038167938931295,11.898635427435327
150,0.4580152671755725,2.9274398596559976
150,0.46564885496183206,4.233463590416201
150,0.47328244274809156,3.4836676076968063
150,0.4809160305343511,3.8546841593629355
150,0.48854961832061067,7.807204863151219
150,0.4961832061068702,4.314503847292372
151,0.0,5.10702591327572e-15
151,0.0078125,28.14929602420872
151,0.015625,25.052180585526305
151,0.0234375,20.021377872479075
151,0.03125,16.28438747626146
151,0.0390625,18.242887657624816
151,0.046875,12.261257117837323
151,0.0546875,17.212350145691914
151,0.0625,13.318645471891347
151,0.0703125,14.501239296353596
151,0.078125,19.43623376850415
151,0.0859375,10.723961868752138
151,0.09375,11.864991433637114
151,0.1015625,6.879329719207671
151,0.109375,10.74422000691769
151,0.1171875,11.559746894450132
151,0.125,5.804384014755885
151,0.1328125,7.433977831768701
151,0.140625,4.327126989810001
151,0.1484375,12.23755098859962
151,0.15625,5.860755213529451
151,0.1640625,12.407559594920944
151,0.171875,3.609371164013722
151,0.1796875,4.965235283658211
151,0.1875,4.620374685197042
151,0.1953125,11.882576222519011
151,0.203125,5.027182796951656
151,0.2109375,2.4185055123117025
151,0.21875,14.239990131645186
151,0.2265625,15.100250745856071
151,0.234375,3.5504036951294475
151,0.2421875,11.652811072442109
151,0.25,16.24564940125578
151,0.2578125,0.8120560754363549
151,0.265625,6.8683440775449975
151,0.2734375,2.843371944535778
151,0.28125,11.583494966955271
151,0.2890625,14.604068347954085
151,0.296875,6.284081272415525
151,0.3046875,8.162970839808885
151,0.3125,4.775228115164451
151,0.3203125,2.2429813618835377
151,0.328125,10.98540669352436
151,0.3359375,4.629911037820668
151,0.34375,4.837908733513354
151,0.3515625,9.789376802417875
151,0.359375,6.146306616191751
151,0.3671875,11.68584377038957
151,0.375,9.364179017527853
151,0.3828125,12.192675045565046
151,0.390625,7.008727256764935
151,0.3984375,12.025515443935337
151,0.40625,10.015194844189905
151,0.4140625,10.691216156206522
151,0.421875,8.879643348379503
151,0.4296875,4.276678956394014
151,0.4375,4.345156231319066
151,0.4453125,1.9341187135624471
151,0.453125,17.90318722839569
151,0.4609375,12.613742759185353
151,0.46875,5.715330588789922
151,0.4765625,10.209664636749919
151,0.484375,9.670899107497387
151,0.4921875,6.011903117391692
152,0.0,6.217248937900877e-15
152,0.007352941176470588,20.061926318824252
152,0.014705882352941176,19.62795004484915
152,0.022058823529411763,22.008310139862374
152,0.029411764705882353,7.06823592218649
152,0.03676470588235294,9.956933716844446
152,0.044117647058823525,14.777806752256833
152,0.051470588235294115,14.169439748244407
152,0.058823529411764705,8.186068425171094
152,0.0661764705882353,4.272519041762958
152,0.07352941176470588,9.044959550075772
152,0.08088235294117647,15.826525408830815
152,0.08823529411764705,11.61247538559805
152,0.09558823529411764,7.165842424355949
152,0.10294117647058823,8.262210778382089
152,0.11029411764705882,5.881309802724808
152,0.11764705882352941,19.826963749100205
152,0.125,5.471561177984019
152,0.1323529411764706,2.7144732893039167
152,0.13970588235294118,9.600279762305885
152,0.14705882352941177,5.185569455009578
152,0.15441176470588236,8.180323201086024
152,0.16176470588235295,10.027825521908607
152,0.16911764705882354,12.05299837134799
152,0.1764705882352941,2.0201911505261876
152,0.1838235294117647,15.460324111909468
152,0.19117647058823528,7.182335662257746
152,0.19852941176470587,13.697016352459185
152,0.20588235294117646,8.822373810840078
152,0.21323529411764705,9.15227379205161
152,0.22058823529411764,3.246090893391645
152,0.22794117647058823,13.660119510359454
152,0.23529411764705882,13.20068955054562
152,0.2426470588235294,9.729052976384454
152,0.25,7.309793908477001
152,0.25735294117647056,8.952431533610476
152,0.2647058823529412,22.985355854097833
152,0.27205882352941174,15.468806440638723
152,0.27941176470588236,5.817135232942318
152,0.2867647058823529,18.595708124036744
152,0.29411764705882354,10.483478947864292
152,0.3014705882352941,15.706740689217755
152,0.3088235294117647,19.31957103869596
152,0.3161764705882353,17.80260025393408
152,0.3235294117647059,4.765600098255153
152,0.33088235294117646,0.3005912066262137
152,0.3382352941176471,3.9862325846820292
152,0.34558823529411764,16.18528624873055
152,0.3529411764705882,5.86356005267523
152,0.3602941176470588,13.373510188030602
152,0.3676470588235294,4.924078496255207
152,0.375,6.4043896674262735
152,0.38235294117647056,2.7508117670855454
152,0.3897058823529412,13.142302360253742
152,0.39705882352941174,2.170604493813334
152,0.40441176470588236,15.047993793164334
152,0.4117647058823529,10.326706697071064
152,0.41911764705882354,13.376950224915298
152,0.4264705882352941,19.138064429092005
152,0.4338235294117647,0.7118991179042883
152,0.4411764705882353,8.868741592488112
152,0.4485294117647059,7.472615255160901
152,0.45588235294117646,13.983951311770289
152,0.4632352941176471,6.526194564324677
152,0.47058823529411764,10.83452197986761
152,0.4779411764705882,6.064007675852886
152,0.4852941176470588,13.338290270038396
152,0.4926470588235294,5.700871834292513
153,0.0,8.881784197001252e-16
153,0.007462686567164179,20.10010236010877
153,0.014925373134328358,18.74977128235357
153,0.022388059701492536,19.28125390466343
153,0.029850746268656716,23.662401906831157
153,0.03731343283582089,19.97347917534412
153,0.04477611940298507,9.397062662021524
153,0.05223880597014925,16.5382451351503
153,0.05970149253731343,8.957546485062547
153,0.06716417910447761,19.32636322895769
153,0.07462686567164178,7.973261364375542
153,0.08208955223880597,5.659716300632461
153,0.08955223880597014,7.914410384777466
153,0.09701492537313433,5.042503053562592
153,0.1044776119402985,15.781250898749919
153,0.11194029850746269,2.329935421256355
153,0.11940298507462686,15.280714870510657
153,0.12686567164179105,7.069051820664069
153,0.13432835820895522,13.067300148029327
153,0.1417910447761194,4.65463694036959
153,0.14925373134328357,1.7403037136714228
153,0.15671641791044777,16.948500238278225
153,0.16417910447761194,10.554328132500066
153,0.17164179104477612,13.541155199764209
153,0.1791044776119403,5.857981659749425
153,0.18656716417910446,4.777759516051512
153,0.19402985074626866,4.316223087814024
153,0.20149253731343283,13.904293943684571
153,0.208955223880597,2.916566773793332
153,0.21641791044776118,9.873513841898806
153,0.22388059701492538,13.015627621461302
153,0.23134328358208955,11.035501916424714
153,0.23880597014925373,8.376034095324687
153,0.2462686567164179,9.389497080582776
153,0.2537313432835821,5.264599323687176
153,0.26119402985074625,12.302254615836727
153,0.26865671641791045,17.392525735879172
153,0.27611940298507465,4.92088882598278
153,0.2835820895522388,7.378325217874848
153,0.291044776119403,8.03489426908311
153,0.29850746268656714,3.6640559608274637
153,0.30597014925373134,7.616754409209041
153,0.31343283582089554,8.315602282486578
153,0.3208955223880597,8.664303775721262
153,0.3283582089552239,8.068762994076836
153,0.33582089552238803,8.401451187193226
153,0.34328358208955223,24.178280033876373
153,0.35074626865671643,14.222391856461298
153,0.3582089552238806,9.0929576938301
153,0.3656716417910448,3.1292616139507206
153,0.3731343283582089,4.246226153420565
153,0.3805970149253731,12.466528556131102
153,0.3880597014925373,18.961096989834417
153,0.39552238805970147,8.623086274842791
153,0.40298507462686567,4.465654304695538
153,0.41044776119402987,3.344776535433868
153,0.417910447761194,13.756024256034284
153,0.4253731343283582,11.425988177226508
153,0.43283582089552236,11.078463670780827
153,0.44029850746268656,10.556524792596347
153,0.44776119402985076,7.723038224555014
153,0.4552238805970149,20.58779111693908
153,0.4626865671641791,3.836863921401172
153,0.47014925373134325,9.606803138191458
153,0.47761194029850745,6.3328952194626575
153,0.48507462686567165,6.94015681280995
153,0.4925373134328358,4.7713209280840685
154,0.0,8.881784197001252e-16
154,0.007407407407407408,37.01986694323071
154,0.014814814814814815,21.00290336816651
154,0.022222222222222223,26.817451289546494
154,0.02962962962962963,7.391624946072328
154,0.037037037037037035,19.078377919871947
154,0.044444444444444446,11.388484997067367
154,0.05185185185185186,1.734686382962235
154,0.05925925925925926,10.386164604939761
154,0.06666666666666667,5.434291788903435
154,0.07407407407407407,18.271470980224468
154,0.08148148148148149,8.010839159463764
154,0.08888888888888889,6.8534585695154435
154,0.0962962962962963,4.27463121633616
154,0.10370370370370371,5.992775714747875
154,0.11111111111111112,6.983657171484177
154,0.11851851851851852,3.4411710585300193
154,0.12592592592592594,0.5540878725582898
154,0.13333333333333333,11.397006067758753
154,0.14074074074074075,7.737662612113757
154,0.14814814814814814,10.649638648562107
154,0.15555555555555556,4.536299760116805
154,0.16296296296296298,10.062453015236041
154,0.17037037037037037,15.29257699680559
154,0.17777777777777778,7.226976999964821
154,0.1851851851851852,12.128509354777703
154,0.1925925925925926,7.466162559344902
154,0.2,6.655058646807372
154,0.20740740740740743,7.774485323864537
154,0.21481481481481482,9.08459603573904
154,0.22222222222222224,9.549056620117646
154,0.22962962962962963,6.023587854284902
154,0.23703703703703705,4.3125517514925935
154,0.24444444444444446,8.828235478967253
154,0.2518518518518519,10.435725765659333
154,0.25925925925925924,2.7994089944008445
154,0.26666666666666666,4.3506338987729585
154,0.2740740740740741,10.18532412188504
154,0.2814814814814815,12.991585852848907
154,0.2888888888888889,13.761484505110994
154,0.2962962962962963,3.1219307316871325
154,0.3037037037037037,9.583820367224536
154,0.3111111111111111,8.92600955552798
154,0.31851851851851853,7.691852489591691
154,0.32592592592592595,18.70214680002666
154,0.33333333333333337,7.550948527907687
154,0.34074074074074073,8.361720413472895
154,0.34814814814814815,5.629143234180552
154,0.35555555555555557,12.693633211533136
154,0.362962962962963,6.0582229633656475
154,0.3703703703703704,8.358421542997133
154,0.37777777777777777,19.303734214661073
154,0.3851851851851852,13.272873960598215
154,0.3925925925925926,14.432849564457785
154,0.4,6.699957092671549
154,0.40740740740740744,14.15254780253233
154,0.41481481481481486,12.95815847819095
154,0.4222222222222222,11.488792994075544
154,0.42962962962962964,2.5457588413610646
154,0.43703703703703706,8.351114096773065
154,0.4444444444444445,7.819903392343351
154,0.4518518518518519,18.70415255924863
154,0.45925925925925926,14.95770894024684
154,0.4666666666666667,1.0275912530167362
154,0.4740740740740741,7.905851200120712
154,0.4814814814814815,11.04532139003497
154,0.48888888888888893,6.168940677598098
154,0.4962962962962963,12.523150259027116
155,0.0,1.7763568394002505e-15
155,0.007352941176470588,16.127450270449838
155,0.014705882352941176,18.291915614999752
155,0.022058823529411763,19.407173141443934
155,0.029411764705882353,15.631409450164679
155,0.03676470588235294,7.727853130471533
155,0.044117647058823525,9.876578809662139
155,0.051470588235294115,21.938368980686054
155,0.058823529411764705,6.132954574253236
155,0.0661764705882353,6.171829681934219
155,0.07352941176470588,12.517120568884918
155,0.08088235294117647,18.845560956290846
155,0.08823529411764705,11.13899676176167
155,0.09558823529411764,3.5901153961189545
155,0.10294117647058823,5.735923160511283
155,0.11029411764705882,3.5875851059345476
155,0.11764705882352941,5.19511953280979
155,0.125,10.787226252657737
155,0.1323529411764706,11.24987139317046
155,0.13970588235294118,4.458864957674066
155,0.14705882352941177,8.260470681074988
155,0.15441176470588236,15.732147973375328
155,0.16176470588235295,17.340625169410536
155,0.16911764705882354,21.058051034311788
155,0.1764705882352941,13.422227336473199
155,0.1838235294117647,2.700956669421731
155,0.19117647058823528,8.445423159371051
155,0.19852941176470587,16.04353131959528
155,0.20588235294117646,6.045132783411891
155,0.21323529411764705,6.006868002970292
155,0.22058823529411764,18.681232787452075
155,0.22794117647058823,18.964672213585533
155,0.23529411764705882,3.6288108094905955
155,0.2426470588235294,25.59764079282609
155,0.25,17.843185510391383
155,0.25735294117647056,8.226377094350237
155,0.2647058823529412,3.7630331585520023
155,0.27205882352941174,10.295528085277425
155,0.27941176470588236,16.515886208519298
155,0.2867647058823529,9.212702263359313
155,0.29411764705882354,10.297232267635842
155,0.3014705882352941,3.4469315935399916
155,0.3088235294117647,9.134603629833594
155,0.3161764705882353,10.519453215359496
155,0.3235294117647059,7.775838028986811
155,0.33088235294117646,5.278121529196494
155,0.3382352941176471,10.671473858080104
155,0.34558823529411764,5.3426150910085735
155,0.3529411764705882,16.33068959963935
155,0.3602941176470588,8.084355017465198
155,0.3676470588235294,9.136069752851169
155,0.375,14.38205699942741
155,0.38235294117647056,6.478168983416787
155,0.3897058823529412,2.0899439732949365
155,0.39705882352941174,6.854503484154981
155,0.40441176470588236,15.917784731673091
155,0.4117647058823529,10.256043512488741
155,0.41911764705882354,8.093603366028816
155,0.4264705882352941,13.706776403639909
155,0.4338235294117647,4.556042851269876
155,0.4411764705882353,6.94224229700362
155,0.4485294117647059,3.001001760485294
155,0.45588235294117646,8.39668020167992
155,0.4632352941176471,9.635082839202044
155,0.47058823529411764,5.159635118706353
155,0.4779411764705882,13.870067060669042
155,0.4852941176470588,7.287060508399081
155,0.4926470588235294,4.270410259823789
156,0.0,9.880984919163893e-15
156,0.008130081300813009,9.229526550074516
156,0.016260162601626018,21.80865361238889
156,0.024390243902439025,23.42945178363645
156,0.032520325203252036,9.470073996629917
156,0.04065040650406505,17.344201239554483
156,0.04878048780487805,18.365744677589063
156,0.05691056910569106,13.422108817164915
156,0.06504065040650407,16.635565683137443
156,0.07317073170731708,9.936981906345324
156,0.0813008130081301,13.33346166566034
156,0.0894308943089431,15.452608914868055
156,0.0975609756097561,18.32132075197746
156,0.10569105691056911,11.641696410454069
156,0.11382113821138212,23.94908974651503
156,0.12195121951219513,10.024721053350143
156,0.13008130081300814,2.8971937867207735
156,0.13821138211382114,15.686926569991535
156,0.14634146341463417,8.327197683792793
156,0.15447154471544716,8.537266924798558
156,0.1626016260162602,7.221521053056165
156,0.17073170731707318,7.246193720118733
156,0.1788617886178862,3.1145717223590847
156,0.1869918699186992,5.046973213738668
156,0.1951219512195122,18.373627726311863
156,0.20325203252032523,8.750165616833861
156,0.21138211382113822,3.915802745571599
156,0.21951219512195125,4.531732757937759
156,0.22764227642276424,4.548478028978104
156,0.23577235772357727,5.614002290346145
156,0.24390243902439027,9.360680092404241
156,0.2520325203252033,10.695808310517846
156,0.2601626016260163,7.716701580999163
156,0.2682926829268293,4.742271343635711
156,0.2764227642276423,2.901067492861536
156,0.28455284552845533,3.936047618452003
156,0.29268292682926833,2.2239329280645586
156,0.3008130081300813,13.710273159875802
156,0.3089430894308943,2.8391083413556486
156,0.3170731707317074,10.96640892699778
156,0.3252032520325204,3.658285394176569
156,0.33333333333333337,2.4842401764581945
156,0.34146341463414637,3.4322853275738097
156,0.34959349593495936,11.955723820680157
156,0.3577235772357724,3.9977824976243133
156,0.3658536585365854,10.086012834642267
156,0.3739837398373984,2.8372376793703182
156,0.3821138211382114,10.168854296718827
156,0.3902439024390244,9.205178411065239
156,0.39837398373983746,3.9974906674788206
156,0.40650406504065045,4.161067828423936
156,0.41463414634146345,15.720130787104733
156,0.42276422764227645,7.4719918079648995
156,0.4308943089430895,12.703107128202573
156,0.4390243902439025,14.54366366651112
156,0.4471544715447155,13.67807956167202
156,0.4552845528455285,13.546363053235838
156,0.4634146341463415,1.7490326331797401
156,0.47154471544715454,10.807403692737775
156,0.47967479674796754,3.8486810424826707
156,0.48780487804878053,8.691767747231037
156,0.49593495934959353,12.782768245448809
157,0.0,7.105427357601002e-15
157,0.007751937984496124,15.87136261336681
157,0.015503875968992248,13.326388216404457
157,0.023255813953488372,5.580420425043397
157,0.031007751937984496,4.043367585578957
157,0.03875968992248062,13.428828891917595
157,0.046511627906976744,19.655069585446274
157,0.05426356589147287,11.329383841690634
157,0.06201550387596899,13.93205537270848
157,0.06976744186046512,8.354618635226085
157,0.07751937984496124,7.925740352817309
157,0.08527131782945736,16.965035761531787
157,0.09302325581395349,7.617990281353662
157,0.10077519379844961,9.693364385773888
157,0.10852713178294573,4.0786464411290755
157,0.11627906976744186,16.549744277793888
157,0.12403100775193798,16.53424988508683
157,0.13178294573643412,22.863555710750028
157,0.13953488372093023,11.350446095508126
157,0.14728682170542634,4.782787286375328
157,0.15503875968992248,7.420609617476238
157,0.16279069767441862,12.303686315032378
157,0.17054263565891473,3.922077615534266
157,0.17829457364341084,11.818843948417591
157,0.18604651162790697,3.974704542694124
157,0.1937984496124031,6.69142347130025
157,0.20155038759689922,19.974621341438972
157,0.20930232558139533,11.737183496807134
157,0.21705426356589147,6.338059463486224
157,0.2248062015503876,13.18484012674347
157,0.23255813953488372,1.9220104106402722
157,0.24031007751937983,0.6211659841255347
157,0.24806201550387597,12.56496091369049
157,0.2558139534883721,5.98956347533165
157,0.26356589147286824,22.92578266101428
157,0.2713178294573643,12.107715931787624
157,0.27906976744186046,3.2585953725356624
157,0.2868217054263566,7.996246789296918
157,0.2945736434108527,3.506116828774817
157,0.3023255813953488,4.0585419437321235
157,0.31007751937984496,19.68910307587892
157,0.3178294573643411,3.801623731591203
157,0.32558139534883723,3.7389258343527136
157,0.3333333333333333,16.029394851599665
157,0.34108527131782945,9.788292226125504
157,0.3488372093023256,8.403173138112528
157,0.3565891472868217,10.55501040186716
157,0.3643410852713178,15.694542390793552
157,0.37209302325581395,14.623162738030294
157,0.3798449612403101,13.724892255673874
157,0.3875968992248062,4.683427576845634
157,0.3953488372093023,18.00900357818268
157,0.40310077519379844,11.822433051755777
157,0.4108527131782946,3.3674155737252036
157,0.41860465116279066,6.19508081714487
157,0.4263565891472868,15.443425461537466
157,0.43410852713178294,9.479960637179431
157,0.4418604651162791,3.083998701279046
157,0.4496124031007752,7.4495607928503675
157,0.4573643410852713,4.7501995197344
157,0.46511627906976744,9.423770952022384
157,0.4728682170542636,9.383544582745724
157,0.48062015503875966,7.216580587366565
157,0.4883720930232558,13.29963644874656
157,0.49612403100775193,6.365639640213305
158,0.0,1.554312234475219e-14
158,0.007936507936507936,34.555289750123684
158,0.015873015873015872,27.844680942486942
158,0.023809523809523808,24.49617674751484
158,0.031746031746031744,23.30125024192861
158,0.03968253968253968,23.357939514861577
158,0.047619047619047616,9.865115040247446
158,0.05555555555555555,6.970718062928865
158,0.06349206349206349,2.644252924997874
158,0.07142857142857142,5.752033916572726
158,0.07936507936507936,2.5790429948015934
158,0.0873015873015873,4.223958992165927
158,0.09523809523809523,4.255058112448655
158,0.10317460317460317,4.4792234531434385
158,0.1111111111111111,7.116225996366015
158,0.11904761904761904,4.477053617843339
158,0.12698412698412698,15.960847770713992
158,0.1349206349206349,14.300420097490909
158,0.14285714285714285,7.017967494118614
158,0.15079365079365079,6.16690817156521
158,0.15873015873015872,4.875588906734448
158,0.16666666666666666,7.4932906883581705
158,0.1746031746031746,8.863292400265074
158,0.18253968253968253,4.869916096802218
158,0.19047619047619047,3.810761492945341
158,0.1984126984126984,4.54497092192703
158,0.20634920634920634,1.7888923317806729
158,0.21428571428571427,1.7326830944523226
158,0.2222222222222222,15.818434604981054
158,0.23015873015873015,6.915266853624002
158,0.23809523809523808,2.626747194302511
158,0.24603174603174602,3.291189960704293
158,0.25396825396825395,10.203540932494569
158,0.26190476190476186,9.511352308278884
158,0.2698412698412698,7.243462945153557
158,0.2777777777777778,3.358768231347622
158,0.2857142857142857,1.673855601653847
158,0.2936507936507936,3.5293075007554964
158,0.30158730158730157,11.994768301953334
158,0.30952380952380953,10.844264937963766
158,0.31746031746031744,14.614514369399544
158,0.32539682539682535,15.444969568807318
158,0.3333333333333333,14.961851218137115
158,0.3412698412698413,21.039153562753636
158,0.3492063492063492,4.088850951534147
158,0.3571428571428571,2.9955145207180256
158,0.36507936507936506,11.461233379709698
158,0.373015873015873,4.257896262026517
158,0.38095238095238093,10.807737029443548
158,0.38888888888888884,12.268728707873787
158,0.3968253968253968,4.922572213018615
158,0.40476190476190477,5.363785612017424
158,0.4126984126984127,7.923714937748989
158,0.4206349206349206,4.323307685442815
158,0.42857142857142855,2.2084620303627465
158,0.4365079365079365,9.264284091640175
158,0.4444444444444444,5.618278977468101
158,0.45238095238095233,8.93631589630438
158,0.4603174603174603,7.204631463745094
158,0.46825396825396826,12.259079263485962
158,0.47619047619047616,12.813119529715589
158,0.4841269841269841,7.592486205838728
158,0.49206349206349204,4.1560871509761865
159,0.0,3.3306690738754696e-15
159,0.008,36.35007667965422
159,0.016,12.963796995364932
159,0.024,24.06973990248049
159,0.032,21.260781451375532
159,0.04,15.78762254026341
159,0.048,12.231682503708667
159,0.056,11.703139221245678
159,0.064,20.338879554830488
159,0.07200000000000001,7.857885656444813
159,0.08,1.8203962840903989
159,0.088,9.483973837814593
159,0.096,7.549807944765584
159,0.10400000000000001,4.4055617386587445
159,0.112,3.800152702669315
159,0.12,7.683037358964473
159,0.128,9.08871404139852
159,0.136,8.558393546492177
159,0.14400000000000002,11.199897697227806
159,0.152,2.7653971688176773
159,0.16,10.948659640205344
159,0.168,5.197974721781574
159,0.176,3.4283277834249235
159,0.184,15.853971845621343
159,0.192,5.168289653830367
159,0.2,6.366712460924467
159,0.20800000000000002,15.123486872560717
159,0.216,4.286872832508095
159,0.224,6.32797692478354
159,0.232,14.371209515105862
159,0.24,8.147270994012242
159,0.248,8.554752419963265
159,0.256,8.55335337460629
159,0.264,4.913267046783329
159,0.272,9.969204647992292
159,0.28,8.091099927618028
159,0.28800000000000003,2.4717678740388553
159,0.296,4.851604848870674
159,0.304,2.196188521552195
159,0.312,6.621383202856192
159,0.32,6.220062772239332
159,0.328,5.5578793465203375
159,0.336,14.056570644509058
159,0.34400000000000003,10.74265252228947
159,0.352,15.453745419675007
159,0.36,5.546416604479758
159,0.368,13.540276416620738
159,0.376,13.089500454757495
159,0.384,1.6558522156531355
159,0.392,4.22854637287155
159,0.4,1.245569194536187
159,0.40800000000000003,3.2050130704567406
159,0.41600000000000004,7.960887094238645
159,0.424,5.82871808612689
159,0.432,9.462675862328242
159,0.44,9.042499323936452
159,0.448,2.2306255202016487
159,0.456,12.512076394783401
159,0.464,10.335485388288248
159,0.47200000000000003,8.802377494967729
159,0.48,10.604841837926928
159,0.488,15.046988146196604
159,0.496,17.45956503459747
160,0.0,6.217248937900877e-15
160,0.0072992700729927005,13.94328765808598
160,0.014598540145985401,3.068223869319098
160,0.021897810218978103,23.1817702489938
160,0.029197080291970802,19.547144988611446
160,0.0364963503649635,23.00341656300355
160,0.043795620437956206,7.592798259405634
160,0.051094890510948905,10.238385086156825
160,0.058394160583941604,17.86404460252563
160,0.06569343065693431,6.751207639599197
160,0.072992700729927,15.052627199972289
160,0.08029197080291971,4.174783101684968
160,0.08759124087591241,7.145600961012815
160,0.0948905109489051,19.991861699524023
160,0.10218978102189781,10.233111148142548
160,0.1094890510948905,6.881946167472839
160,0.11678832116788321,13.449401249837837
160,0.12408759124087591,21.045154030364994
160,0.13138686131386862,14.857493464535485
160,0.1386861313868613,6.804106281030488
160,0.145985401459854,12.773638813710019
160,0.15328467153284672,21.99865808007662
160,0.16058394160583941,7.0670980443358875
160,0.1678832116788321,9.877884292580635
160,0.17518248175182483,10.459549457993747
160,0.18248175182481752,5.523354897975559
160,0.1897810218978102,7.630247720637258
160,0.1970802919708029,2.8798837984327976
160,0.20437956204379562,7.329116684775096
160,0.2116788321167883,7.101454158654262
160,0.218978102189781,17.808130138173208
160,0.22627737226277372,5.504531071062918
160,0.23357664233576642,8.205247956866659
160,0.2408759124087591,5.757117989335008
160,0.24817518248175183,10.705453197532753
160,0.2554744525547445,6.284253201575121
160,0.26277372262773724,1.9393923627854206
160,0.27007299270072993,10.948334947212128
160,0.2773722627737226,9.686504348849162
160,0.2846715328467153,11.564776195703946
160,0.291970802919708,7.867369564170788
160,0.2992700729927007,6.674018178740528
160,0.30656934306569344,16.203890063390332
160,0.31386861313868614,10.780749296115856
160,0.32116788321167883,1.655947173147986
160,0.3284671532846715,11.76588637434147
160,0.3357664233576642,18.155287509261257
160,0.3430656934306569,4.588537231979298
160,0.35036496350364965,9.748675945560002
160,0.35766423357664234,12.557723855495697
160,0.36496350364963503,9.282903738484476
160,0.3722627737226277,4.911230389103575
160,0.3795620437956204,9.52674899206411
160,0.3868613138686131,4.844728025642969
160,0.3941605839416058,6.695419733149032
160,0.40145985401459855,2.7870080096812715
160,0.40875912408759124,10.694991309097867
160,0.41605839416058393,16.354233861196708
160,0.4233576642335766,14.851955362761494
160,0.4306569343065693,5.077613522213469
160,0.437956204379562,13.406708151216938
160,0.44525547445255476,3.217288147806758
160,0.45255474452554745,5.710016679634823
160,0.45985401459854014,11.238688601764348
160,0.46715328467153283,6.75099889119166
160,0.4744525547445255,15.213636815824165
160,0.4817518248175182,16.679473944210713
160,0.4890510948905109,9.477167441366918
160,0.49635036496350365,16.72150199097056
161,0.0,1.7763568394002505e-15
161,0.007407407407407408,18.68265045745023
161,0.014814814814814815,17.179330118281552
161,0.022222222222222223,21.953899631930433
161,0.02962962962962963,11.7054033222315
161,0.037037037037037035,7.057045782224461
161,0.044444444444444446,20.191219365778878
161,0.05185185185185186,19.126769515014566
161,0.05925925925925926,14.386947803335207
161,0.06666666666666667,18.62607105967289
161,0.07407407407407407,15.401051012747088
161,0.08148148148148149,9.986024633141465
161,0.08888888888888889,5.024231325332068
161,0.0962962962962963,12.347334376471052
161,0.10370370370370371,7.67479972100054
161,0.11111111111111112,10.903502906538357
161,0.11851851851851852,6.486772987107562
161,0.12592592592592594,10.895328767986674
161,0.13333333333333333,12.300172751689027
161,0.14074074074074075,11.093767387743343
161,0.14814814814814814,16.290131408836093
161,0.15555555555555556,6.073501186187032
161,0.16296296296296298,4.206488515828121
161,0.17037037037037037,7.019954172615407
161,0.17777777777777778,4.755703531566915
161,0.1851851851851852,11.552731265582239
161,0.1925925925925926,10.544074976702257
161,0.2,13.041397948693174
161,0.20740740740740743,8.23301700086859
161,0.21481481481481482,12.284328739624094
161,0.22222222222222224,1.9597052015286345
161,0.22962962962962963,6.93229596817116
161,0.23703703703703705,8.037700647730203
161,0.24444444444444446,10.45313391370059
161,0.2518518518518519,8.011151228630142
161,0.25925925925925924,19.556578586499008
161,0.26666666666666666,3.4775914585803553
161,0.2740740740740741,3.970408697657625
161,0.2814814814814815,10.871878820140772
161,0.2888888888888889,7.199417620936301
161,0.2962962962962963,12.67180738313297
161,0.3037037037037037,2.617234794177215
161,0.3111111111111111,7.339959601967928
161,0.31851851851851853,12.015670333172757
161,0.32592592592592595,12.482446137037412
161,0.33333333333333337,18.80966577099218
161,0.34074074074074073,4.6853334393547295
161,0.34814814814814815,15.5671412811371
161,0.35555555555555557,18.72625843640999
161,0.362962962962963,11.496905596058408
161,0.3703703703703704,7.127921000919392
161,0.37777777777777777,6.650313749730744
161,0.3851851851851852,13.593781000272276
161,0.3925925925925926,16.601872751473227
161,0.4,10.655764012725959
161,0.40740740740740744,13.60022484523683
161,0.41481481481481486,3.2357441723284266
161,0.4222222222222222,10.375722833978095
161,0.42962962962962964,10.019437988019948
161,0.43703703703703706,2.545900490409401
161,0.4444444444444445,9.69072387740613
161,0.4518518518518519,7.585855538580027
161,0.45925925925925926,14.098973049409723
161,0.4666666666666667,13.102438767448158
161,0.4740740740740741,3.649727635438277
161,0.4814814814814815,7.84414061657135
161,0.48888888888888893,7.980709202070627
161,0.4962962962962963,9.335488881185578
162,0.0,8.881784197001252e-15
162,0.008064516129032258,25.687954725047266
162,0.016129032258064516,13.219642232188184
162,0.024193548387096774,18.857808811335772
162,0.03225806451612903,15.163537336773226
162,0.04032258064516129,10.863797342893081
162,0.04838709677419355,16.07106190780809
162,0.056451612903225805,17.101807766959247
162,0.06451612903225806,14.083933129574698
162,0.07258064516129031,13.81082302061295
162,0.08064516129032258,5.350250094764163
162,0.08870967741935484,4.8644818592184516
162,0.0967741935483871,3.072807850983099
162,0.10483870967741934,13.450062750671028
162,0.11290322580645161,12.119269747870531
162,0.12096774193548387,4.015508524949023
162,0.12903225806451613,16.046611678236438
162,0.13709677419354838,14.324349587039574
162,0.14516129032258063,9.86730380032887
162,0.1532258064516129,13.345832322126874
162,0.16129032258064516,4.109361793692352
162,0.1693548387096774,12.121184892432277
162,0.1774193548387097,12.176875016470625
162,0.18548387096774194,13.887401902310819
162,0.1935483870967742,6.976344990025313
162,0.20161290322580644,3.1682028970855276
162,0.2096774193548387,8.28625998150892
162,0.21774193548387097,5.967481811929375
162,0.22580645161290322,13.456327629598455
162,0.23387096774193547,6.261904996914539
162,0.24193548387096775,1.6435989990207098
162,0.25,2.7972085121481705
162,0.25806451612903225,10.39745236302106
162,0.2661290322580645,5.619508865670323
162,0.27419354838709675,6.611358126623262
162,0.282258064516129,12.279502455294018
162,0.29032258064516125,14.322151633074316
162,0.29838709677419356,10.423717166026227
162,0.3064516129032258,12.618843289187517
162,0.31451612903225806,8.389021008417533
162,0.3225806451612903,12.012615949565356
162,0.33064516129032256,13.663682151972987
162,0.3387096774193548,10.809012756335441
162,0.34677419354838707,18.55446541383131
162,0.3548387096774194,7.183906683593219
162,0.3629032258064516,9.334304283005757
162,0.3709677419354839,4.722142544213802
162,0.3790322580645161,3.745066010559479
162,0.3870967741935484,7.801219606187321
162,0.3951612903225806,8.358510388488746
162,0.4032258064516129,9.933804598039858
162,0.41129032258064513,5.14616254645617
162,0.4193548387096774,10.844268272901717
162,0.4274193548387097,10.110829673265043
162,0.43548387096774194,11.64938079644541
162,0.4435483870967742,10.460571738005822
162,0.45161290322580644,13.664762219210976
162,0.4596774193548387,7.721513694046138
162,0.46774193548387094,11.295307803161599
162,0.4758064516129032,4.937719110650988
162,0.4838709677419355,4.343794244768145
162,0.49193548387096775,8.15765700569058
163,0.0,5.773159728050814e-15
163,0.008130081300813009,17.934322124398612
163,0.016260162601626018,14.433559119223236
163,0.024390243902439025,20.955488943615766
163,0.032520325203252036,15.560323550452766
163,0.04065040650406505,15.563379007347965
163,0.04878048780487805,14.421835680504596
163,0.05691056910569106,12.638126091451621
163,0.06504065040650407,8.287437381296868
163,0.07317073170731708,19.163298960117302
163,0.0813008130081301,9.85168289559711
163,0.0894308943089431,3.3923236553109963
163,0.0975609756097561,8.339946133172711
163,0.10569105691056911,12.4592976658878
163,0.11382113821138212,3.0354534426653124
163,0.12195121951219513,14.502390208285961
163,0.13008130081300814,13.126897909728626
163,0.13821138211382114,7.74200248495363
163,0.14634146341463417,11.89378633155878
163,0.15447154471544716,9.611047856202884
163,0.1626016260162602,8.955830247182357
163,0.17073170731707318,2.20240729582496
163,0.1788617886178862,1.6992281849058632
163,0.1869918699186992,14.780081729647016
163,0.1951219512195122,8.829883308381369
163,0.20325203252032523,16.991133864117863
163,0.21138211382113822,11.563365795962108
163,0.21951219512195125,4.358491858408901
163,0.22764227642276424,11.757867986897518
163,0.23577235772357727,5.546624402943587
163,0.24390243902439027,6.037691502632157
163,0.2520325203252033,9.308182044419516
163,0.2601626016260163,7.048363275613652
163,0.2682926829268293,11.047113269891408
163,0.2764227642276423,8.05724849816401
163,0.28455284552845533,0.5661665327007146
163,0.29268292682926833,12.546371784867913
163,0.3008130081300813,15.256207484577338
163,0.3089430894308943,11.457690833114397
163,0.3170731707317074,4.256159275786486
163,0.3252032520325204,13.637835007087489
163,0.33333333333333337,6.994928884775357
163,0.34146341463414637,10.583731080049892
163,0.34959349593495936,14.921480264738182
163,0.3577235772357724,4.688842873682902
163,0.3658536585365854,9.481146170754423
163,0.3739837398373984,14.58688726897534
163,0.3821138211382114,5.264772141369694
163,0.3902439024390244,8.033799486944302
163,0.39837398373983746,7.722373913966141
163,0.40650406504065045,14.334879972657342
163,0.41463414634146345,8.624320257144513
163,0.42276422764227645,10.234701269315224
163,0.4308943089430895,7.014717003978587
163,0.4390243902439025,12.271607743331451
163,0.4471544715447155,1.686414434325336
163,0.4552845528455285,14.132252341061463
163,0.4634146341463415,9.241862665511118
163,0.47154471544715454,8.703195764980016
163,0.47967479674796754,6.806543906288743
163,0.48780487804878053,14.751293118668007
163,0.49593495934959353,11.655776891383212
164,0.0,7.993605777301127e-15
164,0.006896551724137931,28.709891357101238
164,0.013793103448275862,18.028124880312205
164,0.020689655172413793,11.594048114207393
164,0.027586206896551724,14.642262619779853
164,0.034482758620689655,12.379628101759545
164,0.041379310344827586,18.706836541777996
164,0.04827586206896552,15.326329679595275
164,0.05517241379310345,12.0640243041907
164,0.06206896551724138,16.460086060566674
164,0.06896551724137931,4.973353369569445
164,0.07586206896551724,2.5194833300948365
164,0.08275862068965517,5.293774291713434
164,0.0896551724137931,14.149636893267731
164,0.09655172413793103,9.945623683136942
164,0.10344827586206896,7.2871667270638785
164,0.1103448275862069,4.889832952109985
164,0.11724137931034483,1.7324472894084728
164,0.12413793103448276,9.951444829605592
164,0.13103448275862067,6.985541464640142
164,0.13793103448275862,12.175580443121435
164,0.14482758620689656,10.384591375755962
164,0.15172413793103448,17.070184765570914
164,0.1586206896551724,7.025992174522145
164,0.16551724137931034,12.216490113308462
164,0.1724137931034483,9.128995473692866
164,0.1793103448275862,4.747235936117839
164,0.18620689655172412,14.034339087699076
164,0.19310344827586207,20.609771221416242
164,0.2,4.925303350447836
164,0.20689655172413793,7.091938280443139
164,0.21379310344827585,16.150728086047497
164,0.2206896551724138,9.558216953630069
164,0.22758620689655173,9.007145694800387
164,0.23448275862068965,15.391165189648575
164,0.24137931034482757,7.7139513194576255
164,0.2482758620689655,2.1307772471876345
164,0.25517241379310346,15.61379532144608
164,0.26206896551724135,16.01296955639192
164,0.2689655172413793,16.000236777681682
164,0.27586206896551724,11.631639378998944
164,0.2827586206896552,9.190567236817287
164,0.2896551724137931,9.391047875583714
164,0.296551724137931,10.454114461090729
164,0.30344827586206896,7.664845425429575
164,0.3103448275862069,11.126175076313434
164,0.3172413793103448,19.85638171554207
164,0.32413793103448274,19.477116582392714
164,0.3310344827586207,5.956843505340522
164,0.33793103448275863,20.0558524092122
164,0.3448275862068966,5.18308772258945
164,0.35172413793103446,11.222261133991164
164,0.3586206896551724,16.869173434558867
164,0.36551724137931035,3.956852691279869
164,0.37241379310344824,9.10896094242506
164,0.3793103448275862,15.30218278891756
164,0.38620689655172413,7.728342802677062
164,0.3931034482758621,20.68690641174897
164,0.4,7.70014566651678
164,0.4068965517241379,7.166171128971759
164,0.41379310344827586,8.196374401080725
164,0.4206896551724138,8.044973625212522
164,0.4275862068965517,2.5972468476652506
164,0.43448275862068964,10.257380204444395
164,0.4413793103448276,5.323142240176529
164,0.4482758620689655,9.164470913800848
164,0.45517241379310347,8.477165527379762
164,0.46206896551724136,6.429880785709076
164,0.4689655172413793,10.506357892965072
164,0.47586206896551725,15.249161003436903
164,0.48275862068965514,6.722773787839769
164,0.4896551724137931,11.793783626193575
164,0.496551724137931,7.668931375958721
165,0.0,1.0658141036401503e-14
165,0.0078125,34.753586752388955
165,0.015625,16.304945755611534
165,0.0234375,23.30329561452846
165,0.03125,20.5302104621514
165,0.0390625,18.713924326412545
165,0.046875,12.595604301065793
165,0.0546875,22.309181934871358
165,0.0625,20.65696333921381
165,0.0703125,12.629827032333251
165,0.078125,10.049919171893718
165,0.0859375,6.823537230735405
165,0.09375,11.259233696615373
165,0.1015625,16.657957067794264
165,0.109375,4.982650817735881
165,0.1171875,13.677684513087545
165,0.125,5.744994369170588
165,0.1328125,11.11647405524372
165,0.140625,7.559634917539614
165,0.1484375,2.804835101631845
165,0.15625,16.134248654805376
165,0.1640625,10.152792725858458
165,0.171875,7.761807991101885
165,0.1796875,7.957215790500608
165,0.1875,15.898898426405749
165,0.1953125,2.927593137304744
165,0.203125,3.2965850774757004
165,0.2109375,7.258064640872266
165,0.21875,1.9250885305782448
165,0.2265625,11.506879820237062
165,0.234375,2.494767431291047
165,0.2421875,12.799882746396674
165,0.25,10.186930923541063
165,0.2578125,6.957306885199147
165,0.265625,11.07468327859905
165,0.2734375,4.040788861395446
165,0.28125,6.468605575459723
165,0.2890625,1.2650944716386947
165,0.296875,4.164535121105669
165,0.3046875,6.078848044418494
165,0.3125,3.823047721611836
165,0.3203125,5.395240514244189
165,0.328125,11.427980217597863
165,0.3359375,3.9694725542574485
165,0.34375,0.2551393777203095
165,0.3515625,4.419069238107212
165,0.359375,8.3810277664934
165,0.3671875,11.50882421646964
165,0.375,2.0816971834041738
165,0.3828125,7.093991213620462
165,0.390625,5.840680900978474
165,0.3984375,13.965912283599396
165,0.40625,7.122175874589438
165,0.4140625,4.026208438407058
165,0.421875,9.951938780867934
165,0.4296875,2.961676938571604
165,0.4375,8.61393083004012
165,0.4453125,3.384715187432924
165,0.453125,3.448840761825538
165,0.4609375,9.76710572601323
165,0.46875,16.244484036289762
165,0.4765625,15.724164067042702
165,0.484375,6.762912563212103
165,0.4921875,5.618836785844591
166,0.0,8.881784197001252e-16
166,0.007352941176470588,20.913321602904986
166,0.014705882352941176,23.246096559197202
166,0.022058823529411763,15.156030309010344
166,0.029411764705882353,12.686144027076958
166,0.03676470588235294,22.392132908500827
166,0.044117647058823525,1.7835372733292933
166,0.051470588235294115,1.1831004205396933
166,0.058823529411764705,16.119711677936976
166,0.0661764705882353,18.25832056003887
166,0.07352941176470588,16.870277826250486
166,0.08088235294117647,10.897329797541957
166,0.08823529411764705,15.324568825204258
166,0.09558823529411764,15.88997721721209
166,0.10294117647058823,16.645759703006608
166,0.11029411764705882,14.354678619266087
166,0.11764705882352941,2.953036513699536
166,0.125,15.78982775642908
166,0.1323529411764706,14.634350304814378
166,0.13970588235294118,7.242172737530147
166,0.14705882352941177,4.552773511852569
166,0.15441176470588236,10.702545471163745
166,0.16176470588235295,11.627112905173401
166,0.16911764705882354,6.492275763822997
166,0.1764705882352941,2.8094063326424967
166,0.1838235294117647,9.025388034357862
166,0.19117647058823528,10.300681680466177
166,0.19852941176470587,7.411583619603227
166,0.20588235294117646,7.454857925232592
166,0.21323529411764705,10.012894869907646
166,0.22058823529411764,9.951556788393368
166,0.22794117647058823,13.058628375915722
166,0.23529411764705882,9.04160161014197
166,0.2426470588235294,6.168358727734474
166,0.25,5.91470297865552
166,0.25735294117647056,20.667309344286913
166,0.2647058823529412,13.122248667451775
166,0.27205882352941174,10.620502121733319
166,0.27941176470588236,10.729706650553867
166,0.2867647058823529,13.265383301856607
166,0.29411764705882354,6.768416391850708
166,0.3014705882352941,18.464766543402533
166,0.3088235294117647,7.444804968321661
166,0.3161764705882353,16.539117633945295
166,0.3235294117647059,4.221821199360574
166,0.33088235294117646,5.108468954120477
166,0.3382352941176471,15.630522949773189
166,0.34558823529411764,11.993751420282145
166,0.3529411764705882,7.042671026252409
166,0.3602941176470588,7.2461010350732655
166,0.3676470588235294,8.180888424301314
166,0.375,6.27397868498446
166,0.38235294117647056,9.050018185644076
166,0.3897058823529412,5.042419509275865
166,0.39705882352941174,8.890863974542972
166,0.40441176470588236,11.858835771795075
166,0.4117647058823529,7.758163308299628
166,0.41911764705882354,6.6741087707990285
166,0.4264705882352941,18.955106034059142
166,0.4338235294117647,6.494750516640233
166,0.4411764705882353,11.492381208939188
166,0.4485294117647059,12.867540080857896
166,0.45588235294117646,4.8933830597520025
166,0.4632352941176471,8.577283407125417
166,0.47058823529411764,7.33476740405839
166,0.4779411764705882,4.7266838348244375
166,0.4852941176470588,7.555992404034659
166,0.4926470588235294,3.6387313747889833
167,0.0,7.993605777301127e-15
167,0.006944444444444444,30.27590647863493
167,0.013888888888888888,15.850798524083942
167,0.020833333333333332,20.39322136066847
167,0.027777777777777776,15.771912709785516
167,0.034722222222222224,11.810779871861882
167,0.041666666666666664,6.10527803909511
167,0.048611111111111105,11.626247240173786
167,0.05555555555555555,14.414613540117944
167,0.0625,9.676799661403297
167,0.06944444444444445,7.166183238503528
167,0.07638888888888888,4.9976641149648335
167,0.08333333333333333,19.86094405447465
167,0.09027777777777778,9.075721902124748
167,0.09722222222222221,15.163808540940622
167,0.10416666666666666,12.063614904147249
167,0.1111111111111111,21.69432093152751
167,0.11805555555555555,6.85906949793647
167,0.125,1.6318134448958752
167,0.13194444444444445,11.444059692193854
167,0.1388888888888889,3.1637866428716817
167,0.14583333333333331,12.047291337697132
167,0.15277777777777776,5.062303884904546
167,0.1597222222222222,10.693032920883711
167,0.16666666666666666,13.640886515989676
167,0.1736111111111111,5.866315634250021
167,0.18055555555555555,9.197457295315285
167,0.1875,12.732995904731302
167,0.19444444444444442,2.4933297019190945
167,0.20138888888888887,6.223897079063211
167,0.20833333333333331,11.579437460231986
167,0.21527777777777776,20.92024726009546
167,0.2222222222222222,17.820893241524786
167,0.22916666666666666,3.2215553709209614
167,0.2361111111111111,7.859064105261304
167,0.24305555555555555,9.442845896149848
167,0.25,8.148328655957318
167,0.2569444444444444,2.997066935624098
167,0.2638888888888889,14.082355163834182
167,0.2708333333333333,3.7290995049562956
167,0.2777777777777778,11.898716823082484
167,0.2847222222222222,12.023691802249614
167,0.29166666666666663,13.835572126419315
167,0.2986111111111111,10.114332381876254
167,0.3055555555555555,14.730354525535496
167,0.3125,1.1352229037580737
167,0.3194444444444444,16.15808500595361
167,0.3263888888888889,10.75122291374458
167,0.3333333333333333,13.81507206848787
167,0.34027777777777773,15.971025936215277
167,0.3472222222222222,7.66252953151214
167,0.35416666666666663,5.743740949684458
167,0.3611111111111111,16.213414501111174
167,0.3680555555555555,7.235705460636357
167,0.375,16.70081068529858
167,0.3819444444444444,13.832734331170265
167,0.38888888888888884,11.728602358469878
167,0.3958333333333333,14.361602780575232
167,0.40277777777777773,11.17168287368612
167,0.4097222222222222,18.595304983906658
167,0.41666666666666663,4.959920718510643
167,0.4236111111111111,9.02301484871972
167,0.4305555555555555,9.62104561707154
167,0.4375,5.180143840339839
167,0.4444444444444444,4.403303377991326
167,0.45138888888888884,6.851092004310373
167,0.4583333333333333,10.724077192345709
167,0.46527777777777773,7.352574405196719
167,0.4722222222222222,3.4981591806296564
167,0.47916666666666663,7.8552302630652475
167,0.4861111111111111,8.131381844782599
167,0.4930555555555555,16.804638944747502
168,0.0,1.5987211554602254e-14
168,0.008130081300813009,21.089608644589166
168,0.016260162601626018,19.988008920712748
168,0.024390243902439025,24.714605732138793
168,0.032520325203252036,19.61483879394887
168,0.04065040650406505,23.55052327474324
168,0.04878048780487805,3.860706879870731
168,0.05691056910569106,10.862202510754237
168,0.06504065040650407,13.802667834658067
168,0.07317073170731708,16.98513435216888
168,0.0813008130081301,7.9155941072676
168,0.0894308943089431,5.904498584011343
168,0.0975609756097561,14.784292852088461
168,0.10569105691056911,1.1503827069034864
168,0.11382113821138212,7.979495806423404
168,0.12195121951219513,7.855351639794927
168,0.13008130081300814,6.57868161845269
168,0.13821138211382114,8.043095029289008
168,0.14634146341463417,4.142952950122388
168,0.15447154471544716,7.009595054900264
168,0.1626016260162602,3.22670410432602
168,0.17073170731707318,2.197043309116872
168,0.1788617886178862,8.808443355576626
168,0.1869918699186992,5.799266833943868
168,0.1951219512195122,5.799337367270053
168,0.20325203252032523,6.509954270379997
168,0.21138211382113822,4.117895011521388
168,0.21951219512195125,9.647145412590117
168,0.22764227642276424,12.659785334741283
168,0.23577235772357727,11.383219946178734
168,0.24390243902439027,3.02762784857539
168,0.2520325203252033,12.293006524207764
168,0.2601626016260163,6.806831802504616
168,0.2682926829268293,12.572449520903172
168,0.2764227642276423,7.202781835500743
168,0.28455284552845533,12.197363919857086
168,0.29268292682926833,5.167171211828493
168,0.3008130081300813,5.082147365968758
168,0.3089430894308943,14.425939334817963
168,0.3170731707317074,5.315415475927656
168,0.3252032520325204,22.168119174101502
168,0.33333333333333337,16.000326907955056
168,0.34146341463414637,16.56339697837567
168,0.34959349593495936,15.624157816815446
168,0.3577235772357724,2.4228168794074945
168,0.3658536585365854,15.449023218792842
168,0.3739837398373984,6.139304389067452
168,0.3821138211382114,7.068959568802754
168,0.3902439024390244,6.960109686365972
168,0.39837398373983746,10.86346394819002
168,0.40650406504065045,1.9419507625588495
168,0.41463414634146345,10.29807431270827
168,0.42276422764227645,12.999137047685945
168,0.4308943089430895,6.446738432052018
168,0.4390243902439025,2.628308553543904
168,0.4471544715447155,4.571662487501075
168,0.4552845528455285,11.918546485232484
168,0.4634146341463415,6.269809027318837
168,0.47154471544715454,8.753112658783111
168,0.47967479674796754,6.94806619639174
168,0.48780487804878053,5.462080131167839
168,0.49593495934959353,5.972055577047137
169,0.0,1.0658141036401503e-14
169,0.007246376811594203,21.891263346649485
169,0.014492753623188406,23.155650231610846
169,0.021739130434782608,17.55454583153611
169,0.028985507246376812,20.93639117352061
169,0.036231884057971016,20.992856866086736
169,0.043478260869565216,11.31059042288513
169,0.050724637681159424,15.783032238744452
169,0.057971014492753624,19.42136765722827
169,0.06521739130434782,0.7793409206189075
169,0.07246376811594203,18.3293006002323
169,0.07971014492753624,12.730725932233502
169,0.08695652173913043,9.60517556775155
169,0.09420289855072464,12.75477437747066
169,0.10144927536231885,7.60660974835807
169,0.10869565217391304,22.658858793257288
169,0.11594202898550725,2.545785184749405
169,0.12318840579710146,3.853064870883705
169,0.13043478260869565,6.853165414392343
169,0.13768115942028986,7.6202441098851885
169,0.14492753623188406,0.48667206165437676
169,0.15217391304347827,8.829425568561899
169,0.15942028985507248,10.867320194998147
169,0.16666666666666666,6.933427413260266
169,0.17391304347826086,14.756716523652786
169,0.18115942028985507,7.658316086596895
169,0.18840579710144928,8.902186116892228
169,0.1956521739130435,7.940033459644903
169,0.2028985507246377,8.326426287587928
169,0.21014492753623187,5.493800635568998
169,0.21739130434782608,16.165331746696094
169,0.2246376811594203,7.688853459005402
169,0.2318840579710145,15.877098359434598
169,0.2391304347826087,1.6213403350163291
169,0.2463768115942029,9.465049288936342
169,0.2536231884057971,6.800996636986276
169,0.2608695652173913,4.348304405500277
169,0.26811594202898553,20.349489560485782
169,0.2753623188405797,3.538491628843231
169,0.2826086956521739,7.540782981234343
169,0.2898550724637681,14.063578487602765
169,0.2971014492753623,10.649354088305293
169,0.30434782608695654,12.395682725822768
169,0.3115942028985507,9.070018634014518
169,0.31884057971014496,7.602763237016034
169,0.32608695652173914,25.764506367805154
169,0.3333333333333333,4.379266803863992
169,0.34057971014492755,13.555871275794852
169,0.34782608695652173,3.4551899507874873
169,0.35507246376811596,6.550511620675694
169,0.36231884057971014,2.017604086793596
169,0.3695652173913044,4.0220248846364495
169,0.37681159420289856,11.78625430005927
169,0.38405797101449274,8.423417329738646
169,0.391304347826087,10.69595845304629
169,0.39855072463768115,14.342602354164203
169,0.4057971014492754,8.812414681332086
169,0.41304347826086957,12.397614987883951
169,0.42028985507246375,7.113923730245805
169,0.427536231884058,13.46976202198629
169,0.43478260869565216,7.680935485241718
169,0.4420289855072464,5.563673018368742
169,0.4492753623188406,13.085082779900205
169,0.4565217391304348,4.543940563715377
169,0.463768115942029,4.330390521235824
169,0.47101449275362317,2.5611319387170552
169,0.4782608695652174,12.426230108328621
169,0.4855072463768116,2.687507107582942
169,0.4927536231884058,8.910981862140451
170,0.0,1.199040866595169e-14
170,0.007246376811594203,25.867545062977975
170,0.014492753623188406,17.711629550403295
170,0.021739130434782608,20.020774274027854
170,0.028985507246376812,22.3326737778585
170,0.036231884057971016,19.02983190907802
170,0.043478260869565216,11.241656060335805
170,0.050724637681159424,4.535359172562471
170,0.057971014492753624,6.995052847506492
170,0.06521739130434782,9.11166123270479
170,0.07246376811594203,8.43832093411299
170,0.07971014492753624,3.1490040515837925
170,0.08695652173913043,5.049653604025192
170,0.09420289855072464,2.912228999751807
170,0.10144927536231885,2.78669285914503
170,0.10869565217391304,11.639255935025636
170,0.11594202898550725,7.55089569207226
170,0.12318840579710146,4.8473714895294595
170,0.13043478260869565,9.29740325449844
170,0.13768115942028986,12.955976086724489
170,0.14492753623188406,18.407465504145335
170,0.15217391304347827,11.104642952004625
170,0.15942028985507248,12.32953439784647
170,0.16666666666666666,12.25952736542927
170,0.17391304347826086,14.909392972675349
170,0.18115942028985507,1.4081835637298967
170,0.18840579710144928,6.154822972264516
170,0.1956521739130435,10.422823242393383
170,0.2028985507246377,10.508681920763513
170,0.21014492753623187,7.6603178894105035
170,0.21739130434782608,2.6868041277846184
170,0.2246376811594203,2.7697678095730427
170,0.2318840579710145,2.918825399089383
170,0.2391304347826087,2.311446579845108
170,0.2463768115942029,5.925507691356473
170,0.2536231884057971,15.026443152697052
170,0.2608695652173913,7.275776316634604
170,0.26811594202898553,6.623641455650774
170,0.2753623188405797,5.754117761513106
170,0.2826086956521739,5.934981875961371
170,0.2898550724637681,4.5511177303326935
170,0.2971014492753623,13.587174304627336
170,0.30434782608695654,10.131863976974202
170,0.3115942028985507,19.068466182483526
170,0.31884057971014496,10.09717042695226
170,0.32608695652173914,3.9980772420478337
170,0.3333333333333333,8.346295693157915
170,0.34057971014492755,13.597615353155186
170,0.34782608695652173,22.110124210525264
170,0.35507246376811596,15.286115325281763
170,0.36231884057971014,7.351896721305949
170,0.3695652173913044,6.5455586563749835
170,0.37681159420289856,24.981433695829658
170,0.38405797101449274,15.036796634485324
170,0.391304347826087,14.884163119238293
170,0.39855072463768115,6.724065640202185
170,0.4057971014492754,10.999578651676739
170,0.41304347826086957,1.444119753506066
170,0.42028985507246375,10.141435007425434
170,0.427536231884058,7.183106250368595
170,0.43478260869565216,8.022400391517584
170,0.4420289855072464,10.508101746048132
170,0.4492753623188406,14.43685660174404
170,0.4565217391304348,15.189123340580988
170,0.463768115942029,4.46135313492883
170,0.47101449275362317,15.605337272809493
170,0.4782608695652174,16.257954301443547
170,0.4855072463768116,3.8080706078342867
170,0.4927536231884058,14.456164860354813
171,0.0,3.552713678800501e-15
171,0.007751937984496124,25.63783301485457
171,0.015503875968992248,17.570915187931206
171,0.023255813953488372,23.58687427975136
171,0.031007751937984496,24.39008617439074
171,0.03875968992248062,23.642718513189404
171,0.046511627906976744,10.978628380835113
171,0.05426356589147287,1.995929293470099
171,0.06201550387596899,9.157805275218891
171,0.06976744186046512,7.734864156351831
171,0.07751937984496124,10.928865225580271
171,0.08527131782945736,0.4036526847069409
171,0.09302325581395349,9.696437079254256
171,0.10077519379844961,5.966517241849892
171,0.10852713178294573,1.6590193443713064
171,0.11627906976744186,16.901625776958056
171,0.12403100775193798,1.1233345560899104
171,0.13178294573643412,6.737378792954461
171,0.13953488372093023,10.767138383488245
171,0.14728682170542634,15.598854977452959
171,0.15503875968992248,5.503203703001416
171,0.16279069767441862,6.79867328663047
171,0.17054263565891473,1.2635454100380574
171,0.17829457364341084,3.8525114307809094
171,0.18604651162790697,7.31373207405026
171,0.1937984496124031,12.93070283720648
171,0.20155038759689922,6.4890557596252085
171,0.20930232558139533,7.714660914219408
171,0.21705426356589147,3.81676071587303
171,0.2248062015503876,15.794752495575194
171,0.23255813953488372,6.99295967772438
171,0.24031007751937983,7.817175095443487
171,0.24806201550387597,4.617568081335796
171,0.2558139534883721,3.2551838073105652
171,0.26356589147286824,0.6054828641032559
171,0.2713178294573643,8.741578040785647
171,0.27906976744186046,4.227373988168162
171,0.2868217054263566,7.491413409469915
171,0.2945736434108527,3.515253019790458
171,0.3023255813953488,15.768368494656709
171,0.31007751937984496,21.507858302248433
171,0.3178294573643411,11.591598565795408
171,0.32558139534883723,17.160884072911646
171,0.3333333333333333,16.26914356527353
171,0.34108527131782945,8.91713453251062
171,0.3488372093023256,14.006853493597092
171,0.3565891472868217,7.390925821526263
171,0.3643410852713178,6.147438756699403
171,0.37209302325581395,12.39867866382953
171,0.3798449612403101,16.44492295951382
171,0.3875968992248062,11.68962476492512
171,0.3953488372093023,6.4954295885617155
171,0.40310077519379844,12.489001843671403
171,0.4108527131782946,11.731155554970362
171,0.41860465116279066,5.543314993805186
171,0.4263565891472868,4.192493958132827
171,0.43410852713178294,9.75578404791916
171,0.4418604651162791,6.4723594818939
171,0.4496124031007752,9.286324462371331
171,0.4573643410852713,11.775979319229627
171,0.46511627906976744,10.943842828234777
171,0.4728682170542636,8.581192755991056
171,0.48062015503875966,10.330679769377538
171,0.4883720930232558,6.504953979929276
171,0.49612403100775193,5.091347637356102
172,0.0,7.494005416219807e-15
172,0.0072992700729927005,15.99627319347657
172,0.014598540145985401,24.59804893137992
172,0.021897810218978103,15.408537949690455
172,0.029197080291970802,11.241962293824399
172,0.0364963503649635,19.139440109208962
172,0.043795620437956206,11.342072570119461
172,0.051094890510948905,7.041416791226431
172,0.058394160583941604,22.43155606994539
172,0.06569343065693431,12.70834047215669
172,0.072992700729927,9.606256675298438
172,0.08029197080291971,7.411105653100221
172,0.08759124087591241,11.013982005158972
172,0.0948905109489051,24.687785420527426
172,0.10218978102189781,10.574635499234544
172,0.1094890510948905,16.21019467151262
172,0.11678832116788321,12.625047608893908
172,0.12408759124087591,5.439661660081449
172,0.13138686131386862,13.63499996827342
172,0.1386861313868613,2.5708489626740003
172,0.145985401459854,6.305645956986896
172,0.15328467153284672,14.580825742641863
172,0.16058394160583941,12.013486225313851
172,0.1678832116788321,6.34596103514158
172,0.17518248175182483,3.146419030730108
172,0.18248175182481752,8.046864279909217
172,0.1897810218978102,10.40812423592101
172,0.1970802919708029,16.13185003782032
172,0.20437956204379562,3.1348638222008063
172,0.2116788321167883,9.782956013993
172,0.218978102189781,1.5349605863297473
172,0.22627737226277372,16.935692665442765
172,0.23357664233576642,2.36339321361516
172,0.2408759124087591,11.816327851678947
172,0.24817518248175183,8.818685575674706
172,0.2554744525547445,6.592755367624408
172,0.26277372262773724,14.152964072473406
172,0.27007299270072993,7.309311320089931
172,0.2773722627737226,1.1244961940443134
172,0.2846715328467153,6.8485038334171655
172,0.291970802919708,17.262727416764022
172,0.2992700729927007,8.404234030862893
172,0.30656934306569344,12.872529438896091
172,0.31386861313868614,10.612387933625431
172,0.32116788321167883,19.982904807003525
172,0.3284671532846715,11.042868301315
172,0.3357664233576642,0.7166340456604264
172,0.3430656934306569,10.915341628703207
172,0.35036496350364965,15.1153782328447
172,0.35766423357664234,15.212374259583235
172,0.36496350364963503,7.012356566168805
172,0.3722627737226277,12.736349484648679
172,0.3795620437956204,12.974841772511402
172,0.3868613138686131,10.385598796331898
172,0.3941605839416058,2.697062862125345
172,0.40145985401459855,8.882353932350407
172,0.40875912408759124,13.755801967954687
172,0.41605839416058393,8.496318683110042
172,0.4233576642335766,5.855172930779787
172,0.4306569343065693,9.501293612435104
172,0.437956204379562,16.11718736813693
172,0.44525547445255476,2.5907257301274558
172,0.45255474452554745,11.33254870184873
172,0.45985401459854014,7.277737337532023
172,0.46715328467153283,4.174270120237243
172,0.4744525547445255,7.944797373171999
172,0.4817518248175182,8.036676519242683
172,0.4890510948905109,8.82906715011412
172,0.49635036496350365,9.733791494789038
173,0.0,3.552713678800501e-15
173,0.007462686567164179,26.826415138573875
173,0.014925373134328358,18.568716461801365
173,0.022388059701492536,23.872475548950575
173,0.029850746268656716,11.585326032244836
173,0.03731343283582089,15.27069702230676
173,0.04477611940298507,8.602006179305898
173,0.05223880597014925,6.471453366971086
173,0.05970149253731343,12.295700788188961
173,0.06716417910447761,11.71143192776403
173,0.07462686567164178,16.967656166935523
173,0.08208955223880597,15.471085042529511
173,0.08955223880597014,8.794109251559485
173,0.09701492537313433,15.8128350565188
173,0.1044776119402985,12.631698120550164
173,0.11194029850746269,8.275126884618231
173,0.11940298507462686,17.91487457851554
173,0.12686567164179105,2.955487383646041
173,0.13432835820895522,11.640461923189585
173,0.1417910447761194,19.02057642641782
173,0.14925373134328357,5.977058390928714
173,0.15671641791044777,5.1107364366349755
173,0.16417910447761194,6.502313052906978
173,0.17164179104477612,11.273454169339255
173,0.1791044776119403,3.8613377241112454
173,0.18656716417910446,8.99006444789435
173,0.19402985074626866,9.995244522126374
173,0.20149253731343283,4.170300602060911
173,0.208955223880597,5.813783524890352
173,0.21641791044776118,12.772487792219843
173,0.22388059701492538,11.330413924122535
173,0.23134328358208955,2.978183392249401
173,0.23880597014925373,14.780768394911883
173,0.2462686567164179,9.207998386232457
173,0.2537313432835821,11.314759610630135
173,0.26119402985074625,16.383836414703886
173,0.26865671641791045,10.53670788433224
173,0.27611940298507465,8.571303072730863
173,0.2835820895522388,8.684234293460557
173,0.291044776119403,8.59562527958056
173,0.29850746268656714,8.113104781430426
173,0.30597014925373134,6.932138258076754
173,0.31343283582089554,3.704231491599476
173,0.3208955223880597,2.5421296556739543
173,0.3283582089552239,5.394241767770052
173,0.33582089552238803,12.006701242578059
173,0.34328358208955223,19.99977494443673
173,0.35074626865671643,17.093386577193527
173,0.3582089552238806,13.878591370402429
173,0.3656716417910448,17.495268868506837
173,0.3731343283582089,11.579781070979248
173,0.3805970149253731,9.661044133311053
173,0.3880597014925373,2.6755891597674717
173,0.39552238805970147,4.504459029160504
173,0.40298507462686567,10.607180736895344
173,0.41044776119402987,3.311783632297249
173,0.417910447761194,7.806388638963313
173,0.4253731343283582,6.962930650625678
173,0.43283582089552236,14.534697147754258
173,0.44029850746268656,8.75670667538517
173,0.44776119402985076,9.779003113494664
173,0.4552238805970149,5.5865832742684445
173,0.4626865671641791,8.994016402342131
173,0.47014925373134325,9.125166535259787
173,0.47761194029850745,3.4546163920157884
173,0.48507462686567165,6.577065207189573
173,0.4925373134328358,10.789887250086442
174,0.0,7.993605777301127e-15
174,0.007407407407407408,31.174207748248694
174,0.014814814814814815,25.839878778876383
174,0.022222222222222223,16.972894545086866
174,0.02962962962962963,14.295951973661609
174,0.037037037037037035,11.480917248362651
174,0.044444444444444446,22.58822000187679
174,0.05185185185185186,26.628779948780316
174,0.05925925925925926,13.757927744802416
174,0.06666666666666667,3.563830101290012
174,0.07407407407407407,11.662240737136548
174,0.08148148148148149,3.512940526585744
174,0.08888888888888889,8.633833234736793
174,0.0962962962962963,4.4792545704958195
174,0.10370370370370371,9.901769302655453
174,0.11111111111111112,7.065787547109539
174,0.11851851851851852,6.607183630281963
174,0.12592592592592594,10.929238619917141
174,0.13333333333333333,7.2259889367695855
174,0.14074074074074075,10.087455595224858
174,0.14814814814814814,5.566648623707698
174,0.15555555555555556,3.494444781921204
174,0.16296296296296298,8.015434165652323
174,0.17037037037037037,11.773568007185338
174,0.17777777777777778,5.978518024370829
174,0.1851851851851852,6.165506918566871
174,0.1925925925925926,9.242535769786352
174,0.2,12.202159206095992
174,0.20740740740740743,6.586385806984513
174,0.21481481481481482,11.96246128026994
174,0.22222222222222224,19.46628217496423
174,0.22962962962962963,5.606504022928834
174,0.23703703703703705,3.8898658722965647
174,0.24444444444444446,2.99175831971902
174,0.2518518518518519,7.34313812238349
174,0.25925925925925924,10.963306719396709
174,0.26666666666666666,8.911335586306523
174,0.2740740740740741,18.964087384163243
174,0.2814814814814815,12.599530143649972
174,0.2888888888888889,8.023796291479977
174,0.2962962962962963,12.03958558994518
174,0.3037037037037037,8.704892991135827
174,0.3111111111111111,6.885805972023583
174,0.31851851851851853,9.277839423374356
174,0.32592592592592595,8.00547122376523
174,0.33333333333333337,2.6770839606237895
174,0.34074074074074073,5.215919753712385
174,0.34814814814814815,6.675410392150091
174,0.35555555555555557,13.181649271330915
174,0.362962962962963,9.739604125245807
174,0.3703703703703704,9.778637397236281
174,0.37777777777777777,9.563145713249618
174,0.3851851851851852,9.273127767599107
174,0.3925925925925926,9.10769827435155
174,0.4,11.350273132285002
174,0.40740740740740744,9.542093672071756
174,0.41481481481481486,20.34362992801495
174,0.4222222222222222,13.159707012096295
174,0.42962962962962964,4.403946875329906
174,0.43703703703703706,6.322576394262441
174,0.4444444444444445,4.074008893427923
174,0.4518518518518519,15.327123697013626
174,0.45925925925925926,15.348855175831472
174,0.4666666666666667,9.185434432886735
174,0.4740740740740741,5.472854482763502
174,0.4814814814814815,7.199312346229452
174,0.48888888888888893,3.0166287951312363
174,0.4962962962962963,7.583375533387646
175,0.0,8.493206138382448e-15
175,0.007633587786259542,20.835155019461762
175,0.015267175572519083,13.350206451368765
175,0.022900763358778626,24.481812066021494
175,0.030534351145038167,13.381527696177784
175,0.03816793893129771,11.939082833818816
175,0.04580152671755725,11.74357909114542
175,0.05343511450381679,12.320139339693023
175,0.061068702290076333,15.332855104069491
175,0.06870229007633588,17.804933055100058
175,0.07633587786259542,15.267944776355012
175,0.08396946564885496,10.345653948249652
175,0.0916030534351145,3.7689404923480474
175,0.09923664122137404,24.62901183125741
175,0.10687022900763359,23.10835279917023
175,0.11450381679389313,7.712478209371773
175,0.12213740458015267,6.628313835968863
175,0.1297709923664122,9.00933332834862
175,0.13740458015267176,14.091632952729803
175,0.1450381679389313,6.383843719546668
175,0.15267175572519084,6.216660172023865
175,0.16030534351145037,6.944857659400466
175,0.16793893129770993,1.3001694120310456
175,0.17557251908396945,3.1570953261124246
175,0.183206106870229,3.7158879260709714
175,0.19083969465648853,11.620397164761847
175,0.1984732824427481,5.0613110045438985
175,0.20610687022900762,8.043800979719327
175,0.21374045801526717,15.662695503569251
175,0.2213740458015267,5.80820617551136
175,0.22900763358778625,5.140076544458272
175,0.23664122137404578,11.191192509616895
175,0.24427480916030533,7.611709601163266
175,0.25190839694656486,10.485382701395606
175,0.2595419847328244,9.236171780906737
175,0.26717557251908397,9.936047829670466
175,0.2748091603053435,7.826812332035256
175,0.282442748091603,14.346548154805728
175,0.2900763358778626,12.86954884675172
175,0.29770992366412213,15.531291084317804
175,0.3053435114503817,9.622375316477731
175,0.3129770992366412,6.913290627275284
175,0.32061068702290074,9.13769918063185
175,0.3282442748091603,7.893244265560206
175,0.33587786259541985,8.943351380709624
175,0.34351145038167935,4.98270531490073
175,0.3511450381679389,16.876712760393023
175,0.35877862595419846,8.004316320191856
175,0.366412213740458,12.289986302293542
175,0.37404580152671757,15.47868005951621
175,0.38167938931297707,5.934187105226086
175,0.3893129770992366,5.904622326287385
175,0.3969465648854962,9.90798776376942
175,0.40458015267175573,7.753809856195408
175,0.41221374045801523,1.9805263457615436
175,0.4198473282442748,12.279409917733219
175,0.42748091603053434,13.758766360988949
175,0.4351145038167939,11.977574634442037
175,0.4427480916030534,2.119449527148952
175,0.45038167938931295,9.247742320839704
175,0.4580152671755725,9.245283123433081
175,0.46564885496183206,9.496180716002
175,0.47328244274809156,11.317600390208538
175,0.4809160305343511,6.282908033042227
175,0.48854961832061067,9.383712886713168
175,0.4961832061068702,11.164088317747884
176,0.0,8.881784197001252e-16
176,0.006993006993006993,14.733937604401694
176,0.013986013986013986,22.70636348323694
176,0.02097902097902098,20.359890237371435
176,0.027972027972027972,19.31706218692245
176,0.03496503496503497,8.416868014380857
176,0.04195804195804196,13.645476680648228
176,0.04895104895104895,14.06325377766096
176,0.055944055944055944,28.00947614696067
176,0.06293706293706294,13.034633910272348
176,0.06993006993006994,15.285170833779542
176,0.07692307692307693,12.139047161535544
176,0.08391608391608392,23.922612715853674
176,0.09090909090909091,1.9731825678164547
176,0.0979020979020979,15.067524472037016
176,0.1048951048951049,7.280745037917087
176,0.11188811188811189,14.135791658056892
176,0.11888111888111888,17.264252313322828
176,0.1258741258741259,11.858906236799957
176,0.13286713286713286,7.791412703239759
176,0.13986013986013987,12.532078884925257
176,0.14685314685314685,7.8374963241531495
176,0.15384615384615385,4.52868723984186
176,0.16083916083916083,11.367368466799881
176,0.16783216783216784,1.7422817505825627
176,0.17482517482517482,11.06938089611873
176,0.18181818181818182,11.13458042506748
176,0.1888111888111888,9.978534380644595
176,0.1958041958041958,6.179814564839018
176,0.20279720279720279,15.139261059365632
176,0.2097902097902098,11.097246730396154
176,0.21678321678321677,11.821805465370195
176,0.22377622377622378,6.195238720152055
176,0.23076923076923078,5.082742964173054
176,0.23776223776223776,11.570939244986167
176,0.24475524475524477,5.283360700420071
176,0.2517482517482518,13.84732255035936
176,0.25874125874125875,10.276926086352924
176,0.26573426573426573,7.440660391988567
176,0.2727272727272727,16.165536361315187
176,0.27972027972027974,5.502301096913346
176,0.2867132867132867,18.3351468602033
176,0.2937062937062937,9.41158160098904
176,0.3006993006993007,7.370502345427326
176,0.3076923076923077,4.316226359966971
176,0.3146853146853147,11.570414330159274
176,0.32167832167832167,10.26762968987228
176,0.32867132867132864,10.990396679077563
176,0.3356643356643357,10.918980203785967
176,0.34265734265734266,14.26277909840964
176,0.34965034965034963,4.074586647210913
176,0.35664335664335667,10.343994378491052
176,0.36363636363636365,1.8963114539799706
176,0.3706293706293706,20.52456831074579
176,0.3776223776223776,13.225793498299252
176,0.38461538461538464,8.679612837336592
176,0.3916083916083916,4.779607431154681
176,0.3986013986013986,10.048292677204808
176,0.40559440559440557,11.602524666632808
176,0.4125874125874126,6.249447879561515
176,0.4195804195804196,7.037211817186545
176,0.42657342657342656,19.795538209497806
176,0.43356643356643354,2.94601059310421
176,0.4405594405594406,1.4562053676903965
176,0.44755244755244755,13.096289775309518
176,0.45454545454545453,9.268259538434316
176,0.46153846153846156,9.700307399770622
176,0.46853146853146854,4.82035665253548
176,0.4755244755244755,9.506650326374624
176,0.4825174825174825,4.043416214238431
176,0.48951048951048953,3.668589046396438
176,0.4965034965034965,4.092234372601861
177,0.0,1.2434497875801753e-14
177,0.00819672131147541,27.760720980028037
177,0.01639344262295082,23.088627678447548
177,0.02459016393442623,15.74271004316605
177,0.03278688524590164,10.417779067868652
177,0.04098360655737705,10.112441065028413
177,0.04918032786885246,14.051000342454005
177,0.05737704918032787,15.044936341571226
177,0.06557377049180328,10.987460821214894
177,0.07377049180327869,7.936900926015217
177,0.0819672131147541,21.019056188591506
177,0.09016393442622951,8.004981667467032
177,0.09836065573770492,8.306490509196747
177,0.10655737704918034,9.916699933273655
177,0.11475409836065574,14.865952016975662
177,0.12295081967213116,8.786271243649763
177,0.13114754098360656,7.08003541739908
177,0.13934426229508198,17.1427989415476
177,0.14754098360655737,5.652942343758183
177,0.1557377049180328,8.75082705135659
177,0.1639344262295082,4.2731158286365
177,0.1721311475409836,10.336404044835728
177,0.18032786885245902,8.501675665162761
177,0.18852459016393444,1.8962490622842383
177,0.19672131147540983,7.71662057919727
177,0.20491803278688525,4.991272857668905
177,0.21311475409836067,1.1372830481787666
177,0.2213114754098361,6.982904006557849
177,0.22950819672131148,10.433845123480914
177,0.2377049180327869,5.079505304019933
177,0.24590163934426232,8.309029217534224
177,0.2540983606557377,16.82389887055189
177,0.26229508196721313,11.484593882390051
177,0.27049180327868855,7.049897774415954
177,0.27868852459016397,6.2366975911439075
177,0.2868852459016394,4.121388308446305
177,0.29508196721311475,7.439841228906032
177,0.30327868852459017,11.17125021659621
177,0.3114754098360656,6.698508974246419
177,0.319672131147541,6.491550009003781
177,0.3278688524590164,3.847537397870484
177,0.33606557377049184,6.529946477187022
177,0.3442622950819672,11.707704102263744
177,0.3524590163934426,10.233206002414008
177,0.36065573770491804,9.278858273901573
177,0.36885245901639346,8.779326930446675
177,0.3770491803278689,2.8848743042765475
177,0.3852459016393443,2.7977414076474982
177,0.39344262295081966,5.14225056432839
177,0.4016393442622951,9.764736840977275
177,0.4098360655737705,12.99201545947618
177,0.4180327868852459,14.023493198847166
177,0.42622950819672134,14.111371722030137
177,0.43442622950819676,17.813962661912214
177,0.4426229508196722,11.912247310190908
177,0.45081967213114754,14.83278940329635
177,0.45901639344262296,7.910372482956238
177,0.4672131147540984,11.53044878682559
177,0.4754098360655738,4.760284130933008
177,0.4836065573770492,6.615344689033951
177,0.49180327868852464,7.9262287978901025
178,0.0,0.0
178,0.007751937984496124,20.697994621097834
178,0.015503875968992248,8.196005094730971
178,0.023255813953488372,12.810774893815712
178,0.031007751937984496,13.623809019542952
178,0.03875968992248062,4.167332800488019
178,0.046511627906976744,8.516837431172211
178,0.05426356589147287,7.529282643496674
178,0.06201550387596899,9.254458152148453
178,0.06976744186046512,4.31583280666058
178,0.07751937984496124,16.24696366614727
178,0.08527131782945736,22.02934059641376
178,0.09302325581395349,7.600313222447773
178,0.10077519379844961,4.58986717662356
178,0.10852713178294573,3.257084156081715
178,0.11627906976744186,12.762630379478578
178,0.12403100775193798,3.809675118238845
178,0.13178294573643412,6.0998415560461385
178,0.13953488372093023,7.111056375510037
178,0.14728682170542634,13.052016704071537
178,0.15503875968992248,3.923129705529789
178,0.16279069767441862,13.109498652552336
178,0.17054263565891473,2.3327758972364654
178,0.17829457364341084,5.2755677932461
178,0.18604651162790697,13.245060212089772
178,0.1937984496124031,11.523008537356347
178,0.20155038759689922,6.800914369430828
178,0.20930232558139533,8.469145032176238
178,0.21705426356589147,16.694305204322347
178,0.2248062015503876,17.60131846359912
178,0.23255813953488372,12.311975636033882
178,0.24031007751937983,16.226708783313693
178,0.24806201550387597,8.372206674448952
178,0.2558139534883721,12.405380526190562
178,0.26356589147286824,13.16822115093
178,0.2713178294573643,18.941819112586966
178,0.27906976744186046,5.602181758477285
178,0.2868217054263566,8.25535891622307
178,0.2945736434108527,12.001040455394913
178,0.3023255813953488,13.088259051989171
178,0.31007751937984496,11.024785797557307
178,0.3178294573643411,2.9330661376052256
178,0.32558139534883723,7.737498294827749
178,0.3333333333333333,13.180645042063794
178,0.34108527131782945,9.795699410390311
178,0.3488372093023256,12.580288152708325
178,0.3565891472868217,7.80640333227852
178,0.3643410852713178,19.16248732739499
178,0.37209302325581395,1.976127052175237
178,0.3798449612403101,10.51504889720083
178,0.3875968992248062,18.93919748733265
178,0.3953488372093023,4.850174527433977
178,0.40310077519379844,5.482781476007536
178,0.4108527131782946,11.628561533253253
178,0.41860465116279066,12.650221478078299
178,0.4263565891472868,17.114264304220825
178,0.43410852713178294,10.004652874411054
178,0.4418604651162791,8.188818163925747
178,0.4496124031007752,4.189509891478878
178,0.4573643410852713,6.924173263846766
178,0.46511627906976744,18.581415296779547
178,0.4728682170542636,5.4120920056056665
178,0.48062015503875966,6.214821950677491
178,0.4883720930232558,15.463941007260418
178,0.49612403100775193,9.108807703226104
179,0.0,1.2878587085651816e-14
179,0.007407407407407408,15.804215202470212
179,0.014814814814814815,25.52907164245519
179,0.022222222222222223,22.74946286860554
179,0.02962962962962963,17.97626528961209
179,0.037037037037037035,13.230176855925233
179,0.044444444444444446,6.110216604273737
179,0.05185185185185186,2.910249994763845
179,0.05925925925925926,2.6356082116568365
179,0.06666666666666667,7.4621913290860284
179,0.07407407407407407,3.559604903336445
179,0.08148148148148149,7.20615396516173
179,0.08888888888888889,7.471745370844785
179,0.0962962962962963,16.652966208457936
179,0.10370370370370371,7.922410726120009
179,0.11111111111111112,1.9290812118713336
179,0.11851851851851852,5.3680441262336895
179,0.12592592592592594,5.3637482218908525
179,0.13333333333333333,7.815062840176372
179,0.14074074074074075,10.658577815089139
179,0.14814814814814814,15.689949629973434
179,0.15555555555555556,15.89711839776571
179,0.16296296296296298,3.8590507109413066
179,0.17037037037037037,7.400362319998076
179,0.17777777777777778,16.46152006985926
179,0.1851851851851852,7.873841387564301
179,0.1925925925925926,16.675273430859576
179,0.2,7.607009466279302
179,0.20740740740740743,7.316260187519868
179,0.21481481481481482,13.818277345796233
179,0.22222222222222224,1.402611140122787
179,0.22962962962962963,13.508841931160948
179,0.23703703703703705,14.841758963549532
179,0.24444444444444446,4.279768761240177
179,0.2518518518518519,11.53590122841426
179,0.25925925925925924,10.972521374309276
179,0.26666666666666666,8.64149167392342
179,0.2740740740740741,11.434905727703104
179,0.2814814814814815,5.715749373823475
179,0.2888888888888889,5.0997696469553
179,0.2962962962962963,5.757596509941843
179,0.3037037037037037,6.9946789815995745
179,0.3111111111111111,10.696614901764516
179,0.31851851851851853,3.4769059734188965
179,0.32592592592592595,13.029324668232592
179,0.33333333333333337,5.348499214774572
179,0.34074074074074073,10.399786957143972
179,0.34814814814814815,6.854135534991992
179,0.35555555555555557,19.77938339517126
179,0.362962962962963,7.910471531944145
179,0.3703703703703704,13.820694422052407
179,0.37777777777777777,11.949477711102006
179,0.3851851851851852,9.668428767140133
179,0.3925925925925926,7.951491921844135
179,0.4,4.379240425137364
179,0.40740740740740744,13.147206521508206
179,0.41481481481481486,3.6569177706431364
179,0.4222222222222222,15.671169878441901
179,0.42962962962962964,16.10659101458731
179,0.43703703703703706,1.5943782692597626
179,0.4444444444444445,12.551138515973411
179,0.4518518518518519,12.21185451233961
179,0.45925925925925926,14.952658142654105
179,0.4666666666666667,12.676595892465661
179,0.4740740740740741,16.253557001977544
179,0.4814814814814815,8.373131207777487
179,0.48888888888888893,12.844882145177348
179,0.4962962962962963,23.62629908092625
180,0.0,1.3766765505351941e-14
180,0.007692307692307693,18.156415567135085
180,0.015384615384615385,20.514438415660884
180,0.023076923076923078,18.778213245165922
180,0.03076923076923077,4.368182049236584
180,0.038461538461538464,18.22555770995645
180,0.046153846153846156,10.54393057700166
180,0.05384615384615385,7.400528642144509
180,0.06153846153846154,15.33250919777924
180,0.06923076923076923,15.6111055316193
180,0.07692307692307693,19.700306034841635
180,0.08461538461538462,14.601801766762092
180,0.09230769230769231,5.087667134635568
180,0.1,13.262182177938964
180,0.1076923076923077,6.781553833139418
180,0.11538461538461539,11.93485697092796
180,0.12307692307692308,9.366207122365592
180,0.13076923076923078,9.106124990030226
180,0.13846153846153847,6.514819208533426
180,0.14615384615384616,6.1479425148868465
180,0.15384615384615385,12.721414273790051
180,0.16153846153846155,9.55972775789508
180,0.16923076923076924,6.716516093418649
180,0.17692307692307693,13.549738242387786
180,0.18461538461538463,10.555249183404165
180,0.19230769230769232,13.927586702258917
180,0.2,14.858403630372067
180,0.2076923076923077,13.706331524293287
180,0.2153846153846154,13.943283743005564
180,0.2230769230769231,3.0766806093266688
180,0.23076923076923078,14.380029408757292
180,0.23846153846153847,11.53821570305541
180,0.24615384615384617,7.384650162700042
180,0.25384615384615383,7.758601869631024
180,0.26153846153846155,6.891220111467729
180,0.2692307692307693,4.4615733752093645
180,0.27692307692307694,12.96236820320592
180,0.2846153846153846,10.651514425636686
180,0.2923076923076923,10.853905808089959
180,0.30000000000000004,9.201118166758334
180,0.3076923076923077,5.473451208301094
180,0.3153846153846154,6.623615433172249
180,0.3230769230769231,14.036294892054999
180,0.3307692307692308,4.9132585785563405
180,0.3384615384615385,4.084873381073926
180,0.34615384615384615,5.380253255166668
180,0.35384615384615387,7.28024324663904
180,0.3615384615384616,15.338811311305314
180,0.36923076923076925,9.916298937393147
180,0.3769230769230769,12.862067317526286
180,0.38461538461538464,8.050560986842372
180,0.39230769230769236,17.24324267087762
180,0.4,5.374561109947399
180,0.4076923076923077,9.441515773244705
180,0.4153846153846154,11.384475828143984
180,0.42307692307692313,2.7980710419361503
180,0.4307692307692308,7.8431941376502845
180,0.43846153846153846,20.36563599448425
180,0.4461538461538462,6.267292404631319
180,0.4538461538461539,7.166589941622997
180,0.46153846153846156,4.026528814580059
180,0.46923076923076923,3.152412881454967
180,0.47692307692307695,12.580963033808267
180,0.48461538461538467,16.74141758499648
180,0.49230769230769234,12.229802994224421
181,0.0,5.440092820663267e-15
181,0.007462686567164179,35.78426383378367
181,0.014925373134328358,20.45325629194343
181,0.022388059701492536,30.158451347082067
181,0.029850746268656716,13.295731537796993
181,0.03731343283582089,21.03489070823867
181,0.04477611940298507,21.306120236861926
181,0.05223880597014925,12.481603420142203
181,0.05970149253731343,11.42511025033236
181,0.06716417910447761,10.302567589565669
181,0.07462686567164178,14.923240051102125
181,0.08208955223880597,2.4082899355105787
181,0.08955223880597014,15.122778967677556
181,0.09701492537313433,12.889704401739055
181,0.1044776119402985,5.776168304213745
181,0.11194029850746269,6.015471497127245
181,0.11940298507462686,6.37349605964253
181,0.12686567164179105,7.5865112344313435
181,0.13432835820895522,6.665112762731706
181,0.1417910447761194,2.878727803987325
181,0.14925373134328357,6.652081236008965
181,0.15671641791044777,7.661092246259884
181,0.16417910447761194,5.283401473549332
181,0.17164179104477612,9.394314949206338
181,0.1791044776119403,6.55442147706307
181,0.18656716417910446,11.003469015400723
181,0.19402985074626866,9.959855402387495
181,0.20149253731343283,7.933618423185816
181,0.208955223880597,5.029542541285303
181,0.21641791044776118,6.946640241358676
181,0.22388059701492538,5.461315759855689
181,0.23134328358208955,6.26753684528872
181,0.23880597014925373,13.987967533204099
181,0.2462686567164179,7.494718618234246
181,0.2537313432835821,12.882771078501616
181,0.26119402985074625,13.795084161161903
181,0.26865671641791045,11.41264134729655
181,0.27611940298507465,8.998539743863631
181,0.2835820895522388,10.948058785867438
181,0.291044776119403,6.646665943820496
181,0.29850746268656714,3.9366320012616978
181,0.30597014925373134,2.0143601555267496
181,0.31343283582089554,7.582525344573348
181,0.3208955223880597,10.023450742615854
181,0.3283582089552239,6.16367640749038
181,0.33582089552238803,8.54471104249527
181,0.34328358208955223,7.853246186929836
181,0.35074626865671643,13.498365231462998
181,0.3582089552238806,12.368636357201625
181,0.3656716417910448,4.975170467007277
181,0.3731343283582089,13.287601220902504
181,0.3805970149253731,11.314788101465679
181,0.3880597014925373,2.8063013832335644
181,0.39552238805970147,10.494886781140288
181,0.40298507462686567,2.49088632348031
181,0.41044776119402987,6.185169052734017
181,0.417910447761194,7.8274285217336645
181,0.4253731343283582,12.368118637019219
181,0.43283582089552236,9.529053704953304
181,0.44029850746268656,10.451623188892826
181,0.44776119402985076,12.588033516120314
181,0.4552238805970149,16.153981446896164
181,0.4626865671641791,13.329833170813115
181,0.47014925373134325,4.722277054453369
181,0.47761194029850745,4.2517847738420596
181,0.48507462686567165,12.193999659912492
181,0.4925373134328358,3.1460733225527204
182,0.0,1.4654943925052066e-14
182,0.007142857142857143,15.776823775401088
182,0.014285714285714285,28.723135987906428
182,0.02142857142857143,24.685732038498895
182,0.02857142857142857,14.79235230516457
182,0.03571428571428571,11.058044071515353
182,0.04285714285714286,19.88362564614538
182,0.049999999999999996,9.175230546111175
182,0.05714285714285714,7.2799335742289335
182,0.06428571428571428,4.649499044167397
182,0.07142857142857142,0.4550575938956478
182,0.07857142857142857,10.451310358328625
182,0.08571428571428572,7.335924827977237
182,0.09285714285714286,8.62069757670667
182,0.09999999999999999,7.081130426512336
182,0.10714285714285714,12.071036406695262
182,0.11428571428571428,2.6562943218807886
182,0.12142857142857143,12.958374195066106
182,0.12857142857142856,14.663970902994981
182,0.1357142857142857,5.462582329573261
182,0.14285714285714285,17.536854569924714
182,0.15,21.084400214781155
182,0.15714285714285714,9.112486680899679
182,0.16428571428571428,9.90958820272902
182,0.17142857142857143,12.66088058304966
182,0.17857142857142858,7.755014286514405
182,0.18571428571428572,10.847473311500092
182,0.19285714285714284,2.28427175053548
182,0.19999999999999998,8.616036555280003
182,0.20714285714285713,5.1660161218610785
182,0.21428571428571427,7.497076395888613
182,0.22142857142857142,11.394177876387642
182,0.22857142857142856,14.989250503814906
182,0.2357142857142857,4.310579622052675
182,0.24285714285714285,3.9148301437895547
182,0.25,7.7939156860104974
182,0.2571428571428571,10.516420633017164
182,0.2642857142857143,13.219046260632208
182,0.2714285714285714,7.359707065537685
182,0.2785714285714286,19.07374982200521
182,0.2857142857142857,9.776531359703254
182,0.29285714285714287,9.406231984627313
182,0.3,6.124564815583852
182,0.3071428571428571,17.22030825922274
182,0.3142857142857143,7.448725285859358
182,0.3214285714285714,21.155840818757298
182,0.32857142857142857,14.626218877858868
182,0.3357142857142857,13.067700454703596
182,0.34285714285714286,6.491617135861566
182,0.35,7.228375254105063
182,0.35714285714285715,11.898905268785764
182,0.36428571428571427,12.179309168731967
182,0.37142857142857144,14.925410990612717
182,0.37857142857142856,14.004394596392704
182,0.3857142857142857,5.038161554935244
182,0.39285714285714285,9.094517483185415
182,0.39999999999999997,18.786347892001498
182,0.40714285714285714,9.912521499778842
182,0.41428571428571426,13.383462839163759
182,0.42142857142857143,8.656878573481826
182,0.42857142857142855,9.567331115882704
182,0.4357142857142857,5.1929390217486935
182,0.44285714285714284,11.64340488631524
182,0.45,8.7114458340718
182,0.45714285714285713,8.833533646951071
182,0.46428571428571425,5.823544743154092
182,0.4714285714285714,14.996718127313581
182,0.47857142857142854,2.016348700016382
182,0.4857142857142857,7.815041704631259
182,0.4928571428571428,2.927027172069438
183,0.0,7.216449660063518e-15
183,0.00819672131147541,9.935035017551186
183,0.01639344262295082,17.98981101064596
183,0.02459016393442623,25.25631265293701
183,0.03278688524590164,13.46462358673613
183,0.04098360655737705,7.515417853971127
183,0.04918032786885246,13.898553280611605
183,0.05737704918032787,15.054062035414331
183,0.06557377049180328,9.160080682536577
183,0.07377049180327869,10.963361144604352
183,0.0819672131147541,14.578805735879753
183,0.09016393442622951,1.4112714376481283
183,0.09836065573770492,4.802447821836202
183,0.10655737704918034,15.2498976434086
183,0.11475409836065574,14.191853702254601
183,0.12295081967213116,7.883529034226824
183,0.13114754098360656,8.619880157007794
183,0.13934426229508198,15.557737203077945
183,0.14754098360655737,7.598213885659553
183,0.1557377049180328,8.11010301935323
183,0.1639344262295082,11.7732205410484
183,0.1721311475409836,7.405454420538569
183,0.18032786885245902,10.400856438792445
183,0.18852459016393444,2.1014474315
183,0.19672131147540983,7.5573584650806245
183,0.20491803278688525,19.343830729754714
183,0.21311475409836067,10.259967073697693
183,0.2213114754098361,2.7569091972001423
183,0.22950819672131148,6.710609654900929
183,0.2377049180327869,6.014767454364234
183,0.24590163934426232,3.844239171190198
183,0.2540983606557377,10.556947384248016
183,0.26229508196721313,8.105983631321966
183,0.27049180327868855,10.294007043788703
183,0.27868852459016397,5.067189831266338
183,0.2868852459016394,13.917146593096074
183,0.29508196721311475,1.5682426065363682
183,0.30327868852459017,8.989510562714822
183,0.3114754098360656,8.775581752204056
183,0.319672131147541,5.5506687184597
183,0.3278688524590164,11.382026136505528
183,0.33606557377049184,3.461072309129363
183,0.3442622950819672,20.225983148960456
183,0.3524590163934426,12.393067905669781
183,0.36065573770491804,6.499840298744411
183,0.36885245901639346,20.965762241991595
183,0.3770491803278689,13.1396131322296
183,0.3852459016393443,10.328252598009364
183,0.39344262295081966,9.248563373529457
183,0.4016393442622951,17.135941065776084
183,0.4098360655737705,3.739941412511476
183,0.4180327868852459,10.887604418100514
183,0.42622950819672134,14.205003614802893
183,0.43442622950819676,1.8283209670618004
183,0.4426229508196722,4.00145256501698
183,0.45081967213114754,13.374392308135128
183,0.45901639344262296,8.730777517397271
183,0.4672131147540984,6.895882959669523
183,0.4754098360655738,8.42712417519119
183,0.4836065573770492,7.276711181179529
183,0.49180327868852464,8.958851650675093
184,0.0,1.7763568394002505e-15
184,0.008,23.01897606448828
184,0.016,23.77428935274473
184,0.024,25.29501613814626
184,0.032,16.761734981036962
184,0.04,20.897227513365383
184,0.048,13.03032832759624
184,0.056,16.532509867313564
184,0.064,8.549499092789324
184,0.07200000000000001,8.48504327376381
184,0.08,6.70632400010389
184,0.088,5.103914997433877
184,0.096,14.466797332540482
184,0.10400000000000001,10.667630099510507
184,0.112,12.26008877464352
184,0.12,8.454932533285836
184,0.128,17.447408875897843
184,0.136,18.734263766064025
184,0.14400000000000002,12.018025523317087
184,0.152,14.59166067626557
184,0.16,13.01942854780722
184,0.168,6.508950597233951
184,0.176,8.741020757076189
184,0.184,5.77175660348335
184,0.192,7.272488337287586
184,0.2,8.880693698304022
184,0.20800000000000002,5.69177568696034
184,0.216,6.745395557159953
184,0.224,2.164892104046501
184,0.232,10.666509050985066
184,0.24,0.9971333066346687
184,0.248,5.093343567592205
184,0.256,1.5067786409964392
184,0.264,2.2930341280823234
184,0.272,11.324248017695746
184,0.28,2.836987002583293
184,0.28800000000000003,7.194838647793976
184,0.296,4.830303834755499
184,0.304,7.768678748743002
184,0.312,6.584033296247918
184,0.32,6.968570609295711
184,0.328,10.527538739008424
184,0.336,5.774730856985093
184,0.34400000000000003,11.37425402305408
184,0.352,4.956525345907264
184,0.36,8.229727987138638
184,0.368,19.064271524510552
184,0.376,10.64545210763115
184,0.384,11.807390454900206
184,0.392,11.88811379999374
184,0.4,11.062595164254994
184,0.40800000000000003,12.200302204067583
184,0.41600000000000004,4.7061036711714
184,0.424,6.987829718367342
184,0.432,7.4185044027990745
184,0.44,9.017192769768451
184,0.448,4.881034354596628
184,0.456,11.671127083367843
184,0.464,2.109300566493806
184,0.47200000000000003,2.202207344673377
184,0.48,16.249487237700944
184,0.488,6.650997416901159
184,0.496,3.9656647201658246
185,0.0,6.661338147750939e-15
185,0.007407407407407408,19.43887934193696
185,0.014814814814814815,19.64414530123918
185,0.022222222222222223,21.67800445788099
185,0.02962962962962963,13.526114424683742
185,0.037037037037037035,15.751820324408383
185,0.044444444444444446,9.400410587352416
185,0.05185185185185186,10.429601283029209
185,0.05925925925925926,6.7865132367516665
185,0.06666666666666667,16.786146971569043
185,0.07407407407407407,8.588498468442523
185,0.08148148148148149,12.801203218371167
185,0.08888888888888889,13.585566857069214
185,0.0962962962962963,10.011405283285074
185,0.10370370370370371,12.361492637374983
185,0.11111111111111112,7.512779755549523
185,0.11851851851851852,17.113130963751395
185,0.12592592592592594,9.183460648752906
185,0.13333333333333333,19.615223548085467
185,0.14074074074074075,4.75306298598867
185,0.14814814814814814,13.416688581975096
185,0.15555555555555556,16.624194806832257
185,0.16296296296296298,5.161566918543556
185,0.17037037037037037,17.12579685551599
185,0.17777777777777778,16.918645096184694
185,0.1851851851851852,15.54568233633004
185,0.1925925925925926,12.84331429387287
185,0.2,20.101221296428523
185,0.20740740740740743,6.324444918133231
185,0.21481481481481482,6.0110112738712305
185,0.22222222222222224,4.371923306806363
185,0.22962962962962963,6.810902600326004
185,0.23703703703703705,8.501360122372718
185,0.24444444444444446,5.332660220942245
185,0.2518518518518519,5.015775414483622
185,0.25925925925925924,3.248874952817226
185,0.26666666666666666,14.30921438993826
185,0.2740740740740741,7.755029692633469
185,0.2814814814814815,19.364331200874403
185,0.2888888888888889,14.187527742612769
185,0.2962962962962963,13.495355040719673
185,0.3037037037037037,11.21114893704325
185,0.3111111111111111,4.421537608222028
185,0.31851851851851853,8.412251572010344
185,0.32592592592592595,14.769553226853963
185,0.33333333333333337,3.8175587886935114
185,0.34074074074074073,9.58627605307316
185,0.34814814814814815,12.551115370931583
185,0.35555555555555557,7.319676646816233
185,0.362962962962963,5.5091476272560875
185,0.3703703703703704,6.071129525493487
185,0.37777777777777777,9.398373755368196
185,0.3851851851851852,11.417151609406472
185,0.3925925925925926,2.8432453379879736
185,0.4,12.01468830272605
185,0.40740740740740744,3.471530958340563
185,0.41481481481481486,11.705840562635313
185,0.4222222222222222,2.218650752444664
185,0.42962962962962964,5.375047450685096
185,0.43703703703703706,5.053246660355238
185,0.4444444444444445,8.967815285328507
185,0.4518518518518519,9.106614236779164
185,0.45925925925925926,4.287354136857223
185,0.4666666666666667,12.356382324813719
185,0.4740740740740741,3.8491067400846153
185,0.4814814814814815,10.281621491954846
185,0.48888888888888893,12.128061683526875
185,0.4962962962962963,15.21343597601903
186,0.0,5.551115123125783e-15
186,0.0070921985815602835,21.619962191804337
186,0.014184397163120567,21.357548039951567
186,0.02127659574468085,24.028684809279238
186,0.028368794326241134,3.555036883102067
186,0.035460992907801414,16.61790880961685
186,0.0425531914893617,11.412097671244585
186,0.04964539007092199,8.142577566063771
186,0.05673758865248227,6.777540806961276
186,0.06382978723404255,5.015726567404495
186,0.07092198581560283,3.918136579896375
186,0.07801418439716312,10.864149885724299
186,0.0851063829787234,23.152629043800623
186,0.09219858156028368,18.107629716830903
186,0.09929078014184398,16.82371110829972
186,0.10638297872340426,20.63162467643718
186,0.11347517730496454,11.54252209228632
186,0.12056737588652482,1.571336516415893
186,0.1276595744680851,8.55574682166549
186,0.1347517730496454,8.107078999438867
186,0.14184397163120566,11.295452338411177
186,0.14893617021276595,3.0707274347944007
186,0.15602836879432624,17.378257381916818
186,0.1631205673758865,6.03902732017172
186,0.1702127659574468,8.939087810761439
186,0.1773049645390071,13.674512551008572
186,0.18439716312056736,1.2282620337846235
186,0.19148936170212766,12.877322303389688
186,0.19858156028368795,22.99988360959467
186,0.20567375886524822,5.1447893751591645
186,0.2127659574468085,11.598169764463318
186,0.21985815602836878,12.332058711559288
186,0.22695035460992907,13.493119818665033
186,0.23404255319148937,16.293070782681976
186,0.24113475177304963,11.901775879083942
186,0.24822695035460993,7.109990645607255
186,0.2553191489361702,7.849489619722955
186,0.2624113475177305,1.591211758633572
186,0.2695035460992908,10.730866997792612
186,0.2765957446808511,7.773445968344798
186,0.2836879432624113,6.01587931668758
186,0.2907801418439716,4.519287174670441
186,0.2978723404255319,11.849447641254544
186,0.3049645390070922,3.954583215905645
186,0.3120567375886525,3.364854846348519
186,0.3191489361702128,11.987154245904923
186,0.326241134751773,11.332636240167806
186,0.3333333333333333,11.998138590517184
186,0.3404255319148936,9.196788998204163
186,0.3475177304964539,7.004137328060824
186,0.3546099290780142,15.721567902641459
186,0.36170212765957444,5.131299483054547
186,0.36879432624113473,12.465175306992704
186,0.375886524822695,21.566724013162965
186,0.3829787234042553,5.466890892642305
186,0.3900709219858156,8.753547780262302
186,0.3971631205673759,7.232041575954783
186,0.40425531914893614,9.457792578265671
186,0.41134751773049644,12.741789333534577
186,0.41843971631205673,10.34709575771371
186,0.425531914893617,12.019869903266525
186,0.4326241134751773,2.4797348011207596
186,0.43971631205673756,10.979174985812104
186,0.44680851063829785,4.302195231547051
186,0.45390070921985815,7.67701896198305
186,0.46099290780141844,8.99434130244563
186,0.46808510638297873,11.952225987020674
186,0.47517730496453897,5.062743392942812
186,0.48226950354609927,11.58250496163923
186,0.48936170212765956,10.363434622475909
186,0.49645390070921985,15.694180274426401
187,0.0,1.6431300764452317e-14
187,0.008403361344537815,34.6861203261042
187,0.01680672268907563,28.70683914722771
187,0.025210084033613446,24.788508329414398
187,0.03361344537815126,18.87918939062941
187,0.04201680672268907,15.783678256738494
187,0.05042016806722689,20.395778435015696
187,0.058823529411764705,8.087304383637582
187,0.06722689075630252,5.649774206393443
187,0.07563025210084033,13.011135882532578
187,0.08403361344537814,5.179759454756602
187,0.09243697478991596,3.5054614090576752
187,0.10084033613445378,7.064453727114876
187,0.1092436974789916,2.533750874497102
187,0.11764705882352941,4.879692845000292
187,0.12605042016806722,2.0256134288046868
187,0.13445378151260504,7.286219737104025
187,0.14285714285714285,5.869628799165609
187,0.15126050420168066,4.261073830089903
187,0.15966386554621848,6.0596788471306935
187,0.1680672268907563,14.91739967799769
187,0.1764705882352941,8.157967284210974
187,0.18487394957983191,10.207592757690557
187,0.19327731092436973,10.984649784138993
187,0.20168067226890757,8.233169990454277
187,0.21008403361344538,11.423655120168348
187,0.2184873949579832,5.446246549975764
187,0.226890756302521,7.695339564231889
187,0.23529411764705882,6.558020115135035
187,0.24369747899159663,4.656386938520129
187,0.25210084033613445,1.1932851668997912
187,0.26050420168067223,10.92503719014632
187,0.2689075630252101,1.4027018658455719
187,0.2773109243697479,1.5508039822527389
187,0.2857142857142857,3.9685061088226807
187,0.29411764705882354,10.59688181566289
187,0.3025210084033613,8.733554761231021
187,0.31092436974789917,9.33074701604247
187,0.31932773109243695,3.7863590642952776
187,0.3277310924369748,6.811698868349494
187,0.3361344537815126,6.061852099232189
187,0.3445378151260504,6.855131622259381
187,0.3529411764705882,8.594412558785756
187,0.36134453781512604,3.4150304501009967
187,0.36974789915966383,7.311840575891299
187,0.37815126050420167,5.437419678592337
187,0.38655462184873945,11.761481595280335
187,0.3949579831932773,9.933397442980995
187,0.40336134453781514,12.87007085283241
187,0.4117647058823529,8.477131459181892
187,0.42016806722689076,8.214330784286428
187,0.42857142857142855,6.341093063267794
187,0.4369747899159664,7.182714683710137
187,0.4453781512605042,4.53101561479084
187,0.453781512605042,4.132697576200575
187,0.4621848739495798,7.637171880752723
187,0.47058823529411764,9.717626720345532
187,0.4789915966386554,11.910884813410757
187,0.48739495798319327,11.77015432613388
187,0.49579831932773105,13.600560780915858
188,0.0,2.353672812205332e-14
188,0.007874015748031496,16.954809322192947
188,0.015748031496062992,12.771888948060335
188,0.023622047244094488,31.21287582689984
188,0.031496062992125984,12.160337687328065
188,0.03937007874015748,11.549042850645195
188,0.047244094488188976,12.22527207095871
188,0.05511811023622047,17.29314315021897
188,0.06299212598425197,16.687121197438568
188,0.07086614173228346,17.325011850320376
188,0.07874015748031496,6.966775512549021
188,0.08661417322834646,6.19572031472769
188,0.09448818897637795,7.5805164591179315
188,0.10236220472440945,3.120179733175478
188,0.11023622047244094,10.447656461657461
188,0.11811023622047244,10.851156049371907
188,0.12598425196850394,15.759373214884421
188,0.13385826771653542,18.04754142810249
188,0.14173228346456693,15.566076176424255
188,0.14960629921259844,5.260672871042104
188,0.15748031496062992,10.825776566093028
188,0.1653543307086614,11.781452707460897
188,0.1732283464566929,1.5183542231231644
188,0.18110236220472442,10.500735345659807
188,0.1889763779527559,13.775600890786693
188,0.19685039370078738,1.2394433319756042
188,0.2047244094488189,9.682928977455912
188,0.2125984251968504,10.671482612948633
188,0.2204724409448819,4.498470712148285
188,0.22834645669291337,10.055540095369881
188,0.23622047244094488,10.50603417474554
188,0.2440944881889764,4.492772059336406
188,0.25196850393700787,11.36524720641662
188,0.25984251968503935,12.806501236164502
188,0.26771653543307083,6.465033865539668
188,0.2755905511811024,11.565665592741214
188,0.28346456692913385,5.650718408646443
188,0.29133858267716534,11.549791355416906
188,0.2992125984251969,5.1755132780413
188,0.30708661417322836,7.692705159275711
188,0.31496062992125984,10.440407760933331
188,0.3228346456692913,13.27974098812123
188,0.3307086614173228,8.192033340345132
188,0.33858267716535434,5.449090081276572
188,0.3464566929133858,16.27148052785885
188,0.3543307086614173,13.12652205582302
188,0.36220472440944884,1.9655434040615287
188,0.3700787401574803,10.014557650863395
188,0.3779527559055118,11.324907428985396
188,0.3858267716535433,5.426709046217495
188,0.39370078740157477,15.075892847657919
188,0.4015748031496063,1.9907649076812457
188,0.4094488188976378,5.080924585191794
188,0.41732283464566927,6.91502998978208
188,0.4251968503937008,3.515931918994206
188,0.4330708661417323,17.416074473307923
188,0.4409448818897638,8.967727846124577
188,0.44881889763779526,5.974018690901024
188,0.45669291338582674,13.450667644526643
188,0.4645669291338583,5.032432157206991
188,0.47244094488188976,8.671910294619384
188,0.48031496062992124,11.799486694426658
188,0.4881889763779528,9.497793124444323
188,0.49606299212598426,6.1742442134307325
189,0.0,1.7763568394002505e-15
189,0.007633587786259542,29.753195864394538
189,0.015267175572519083,11.335624757315083
189,0.022900763358778626,13.411393480384877
189,0.030534351145038167,16.263542310337357
189,0.03816793893129771,17.93324020675964
189,0.04580152671755725,18.692050591314988
189,0.05343511450381679,6.191641637353455
189,0.061068702290076333,14.412937472589988
189,0.06870229007633588,12.430745353402576
189,0.07633587786259542,10.440513064232626
189,0.08396946564885496,6.9997814795963755
189,0.0916030534351145,13.124234181159718
189,0.09923664122137404,12.998584806824978
189,0.10687022900763359,15.288224312626188
189,0.11450381679389313,8.307289476822316
189,0.12213740458015267,3.2440849685017255
189,0.1297709923664122,7.423311106847035
189,0.13740458015267176,8.35656214954149
189,0.1450381679389313,8.840498549903124
189,0.15267175572519084,18.584675800685456
189,0.16030534351145037,8.017332876023845
189,0.16793893129770993,13.01757738517165
189,0.17557251908396945,13.395372477124063
189,0.183206106870229,13.694617226954223
189,0.19083969465648853,9.391391701189962
189,0.1984732824427481,4.687429229921281
189,0.20610687022900762,14.794470656116715
189,0.21374045801526717,10.143727934258784
189,0.2213740458015267,7.194030483150897
189,0.22900763358778625,4.710659104417309
189,0.23664122137404578,9.107884038081849
189,0.24427480916030533,10.867368367886547
189,0.25190839694656486,11.259579548987377
189,0.2595419847328244,2.6317682493121897
189,0.26717557251908397,7.933597787578608
189,0.2748091603053435,3.2501106532488655
189,0.282442748091603,2.7453314034741063
189,0.2900763358778626,5.581217260032057
189,0.29770992366412213,4.683764304052848
189,0.3053435114503817,6.727252340143828
189,0.3129770992366412,16.723958328329267
189,0.32061068702290074,11.191664190547565
189,0.3282442748091603,4.816778591765241
189,0.33587786259541985,4.587042993539843
189,0.34351145038167935,12.718070157229706
189,0.3511450381679389,10.646874749309026
189,0.35877862595419846,6.429315725069706
189,0.366412213740458,11.299722563163114
189,0.37404580152671757,2.5223355191344172
189,0.38167938931297707,6.788809943983895
189,0.3893129770992366,9.265441039122198
189,0.3969465648854962,18.803058968375055
189,0.40458015267175573,3.465491926519029
189,0.41221374045801523,4.454346024646909
189,0.4198473282442748,21.369461762288726
189,0.42748091603053434,4.969599894188675
189,0.4351145038167939,14.692383627636733
189,0.4427480916030534,15.09891930459077
189,0.45038167938931295,3.790874391725484
189,0.4580152671755725,11.255992964652554
189,0.46564885496183206,10.472560330447077
189,0.47328244274809156,9.210098797127813
189,0.4809160305343511,10.598374544920048
189,0.48854961832061067,13.41349445693234
189,0.4961832061068702,9.95294715213521
190,0.0,1.9984014443252818e-15
190,0.007751937984496124,25.609871639119458
190,0.015503875968992248,18.29624143273879
190,0.023255813953488372,16.706696389354025
190,0.031007751937984496,19.688030788343408
190,0.03875968992248062,11.276995531692673
190,0.046511627906976744,18.094750704474503
190,0.05426356589147287,20.583929718175987
190,0.06201550387596899,12.847375130997325
190,0.06976744186046512,12.36416110000072
190,0.07751937984496124,15.27370216525886
190,0.08527131782945736,12.871572543683241
190,0.09302325581395349,10.083633136583082
190,0.10077519379844961,2.8132701949203303
190,0.10852713178294573,7.642019287429596
190,0.11627906976744186,4.833464123970121
190,0.12403100775193798,1.7302627664447987
190,0.13178294573643412,16.078123011255524
190,0.13953488372093023,11.139288147896547
190,0.14728682170542634,7.860609869928269
190,0.15503875968992248,6.729920703803353
190,0.16279069767441862,14.861262684482886
190,0.17054263565891473,12.538885518961699
190,0.17829457364341084,19.40574699635238
190,0.18604651162790697,6.705062507515289
190,0.1937984496124031,9.291157260186006
190,0.20155038759689922,8.207750143179663
190,0.20930232558139533,5.6964722963966095
190,0.21705426356589147,2.91499041758991
190,0.2248062015503876,9.911297289166454
190,0.23255813953488372,4.544950077366883
190,0.24031007751937983,9.032216292211253
190,0.24806201550387597,2.694473443373714
190,0.2558139534883721,5.918290696384038
190,0.26356589147286824,8.682832722517484
190,0.2713178294573643,3.1373145430467133
190,0.27906976744186046,12.834044817417274
190,0.2868217054263566,13.251146748452882
190,0.2945736434108527,6.164213030782744
190,0.3023255813953488,5.74365312154056
190,0.31007751937984496,18.35400638880163
190,0.3178294573643411,18.121109443671937
190,0.32558139534883723,11.362565234258351
190,0.3333333333333333,8.636481822633904
190,0.34108527131782945,4.883255258111018
190,0.3488372093023256,7.591568131831496
190,0.3565891472868217,1.9191058991976475
190,0.3643410852713178,4.049511548013129
190,0.37209302325581395,16.299211672441505
190,0.3798449612403101,7.752820070294022
190,0.3875968992248062,7.455764617976808
190,0.3953488372093023,13.053128761592736
190,0.40310077519379844,12.294667818083424
190,0.4108527131782946,1.8941784892263835
190,0.41860465116279066,6.579650372388883
190,0.4263565891472868,6.215072240692737
190,0.43410852713178294,8.878729392160446
190,0.4418604651162791,3.07506252644486
190,0.4496124031007752,6.660013340849529
190,0.4573643410852713,19.101463561444323
190,0.46511627906976744,0.73841040053612
190,0.4728682170542636,8.052324160549992
190,0.48062015503875966,6.513139167593629
190,0.4883720930232558,5.971883333550313
190,0.49612403100775193,15.82738005101019
191,0.0,8.881784197001252e-15
191,0.007692307692307693,24.979741323129073
191,0.015384615384615385,15.32547956356698
191,0.023076923076923078,8.742050815036004
191,0.03076923076923077,16.686005753155293
191,0.038461538461538464,12.531713282743086
191,0.046153846153846156,10.323017048473382
191,0.05384615384615385,13.064087567155301
191,0.06153846153846154,4.831507398231483
191,0.06923076923076923,9.138169460274074
191,0.07692307692307693,2.358172418817959
191,0.08461538461538462,6.4524925346532145
191,0.09230769230769231,19.608688089288982
191,0.1,11.479871542146437
191,0.1076923076923077,10.966736291926718
191,0.11538461538461539,13.250844479116301
191,0.12307692307692308,14.643583041613322
191,0.13076923076923078,15.312029637111648
191,0.13846153846153847,16.110891803097882
191,0.14615384615384616,4.514382275898186
191,0.15384615384615385,6.121544559705525
191,0.16153846153846155,8.320558688269342
191,0.16923076923076924,9.715024771041112
191,0.17692307692307693,8.74934681001859
191,0.18461538461538463,9.098437835804809
191,0.19230769230769232,10.372709402104665
191,0.2,11.25493943187184
191,0.2076923076923077,3.9578705409262724
191,0.2153846153846154,4.765260742468938
191,0.2230769230769231,4.691625474470016
191,0.23076923076923078,7.328990677696275
191,0.23846153846153847,2.953744345324822
191,0.24615384615384617,9.49989675037164
191,0.25384615384615383,13.542951544637798
191,0.26153846153846155,4.97973837998711
191,0.2692307692307693,7.949354571382408
191,0.27692307692307694,10.588387291483103
191,0.2846153846153846,4.566723822520563
191,0.2923076923076923,12.170198568922508
191,0.30000000000000004,6.196345244757636
191,0.3076923076923077,9.226302422681641
191,0.3153846153846154,14.31648860351841
191,0.3230769230769231,4.744913625292456
191,0.3307692307692308,5.092622154410108
191,0.3384615384615385,3.1719077614634785
191,0.34615384615384615,19.21286291367554
191,0.35384615384615387,18.138398036439185
191,0.3615384615384616,7.359736948698681
191,0.36923076923076925,6.914028600234865
191,0.3769230769230769,9.649670396182298
191,0.38461538461538464,4.564873049041958
191,0.39230769230769236,18.906742074196828
191,0.4,12.11915533715511
191,0.4076923076923077,3.8884826840272018
191,0.4153846153846154,12.578561491694078
191,0.42307692307692313,16.070288848264585
191,0.4307692307692308,17.443578321304965
191,0.43846153846153846,4.958879676545368
191,0.4461538461538462,14.540313295995118
191,0.4538461538461539,17.42582043387753
191,0.46153846153846156,10.182305784609696
191,0.46923076923076923,7.1578667873577135
191,0.47692307692307695,8.928799523263555
191,0.48461538461538467,18.82393189714626
191,0.49230769230769234,4.610426333164861
192,0.0,3.552713678800501e-15
192,0.008130081300813009,12.33037221737964
192,0.016260162601626018,15.964434424207825
192,0.024390243902439025,18.089570062449074
192,0.032520325203252036,25.323687574643543
192,0.04065040650406505,13.677895703639372
192,0.04878048780487805,16.785030600464903
192,0.05691056910569106,13.350564307252565
192,0.06504065040650407,14.918449493754126
192,0.07317073170731708,9.493686783219824
192,0.0813008130081301,5.114346221422966
192,0.0894308943089431,8.803873583305284
192,0.0975609756097561,7.856766406573172
192,0.10569105691056911,7.37577367584572
192,0.11382113821138212,5.55418206290629
192,0.12195121951219513,8.62770021688615
192,0.13008130081300814,14.994456573695405
192,0.13821138211382114,3.2332706935327744
192,0.14634146341463417,10.955112210416862
192,0.15447154471544716,13.654824252565176
192,0.1626016260162602,12.656648687502859
192,0.17073170731707318,4.496342901111326
192,0.1788617886178862,6.806061994237891
192,0.1869918699186992,8.947041089791732
192,0.1951219512195122,5.683376990168941
192,0.20325203252032523,6.655083542759767
192,0.21138211382113822,10.631919735733169
192,0.21951219512195125,9.630809798441888
192,0.22764227642276424,4.774131408590832
192,0.23577235772357727,13.336240293314123
192,0.24390243902439027,13.930111919547812
192,0.2520325203252033,9.36264887320465
192,0.2601626016260163,7.277693344366269
192,0.2682926829268293,4.857533159968726
192,0.2764227642276423,9.219023153686496
192,0.28455284552845533,6.833332956741667
192,0.29268292682926833,1.6361081488019082
192,0.3008130081300813,17.388402573823544
192,0.3089430894308943,8.746406960118476
192,0.3170731707317074,5.338101315537534
192,0.3252032520325204,11.220041440292906
192,0.33333333333333337,18.502366288230963
192,0.34146341463414637,3.6903793562405767
192,0.34959349593495936,8.242886479858319
192,0.3577235772357724,8.924796872586088
192,0.3658536585365854,7.227234462632986
192,0.3739837398373984,12.027511136448725
192,0.3821138211382114,3.27809603999461
192,0.3902439024390244,11.686794193719372
192,0.39837398373983746,6.255599945498347
192,0.40650406504065045,11.062926416048791
192,0.41463414634146345,11.048321488633963
192,0.42276422764227645,17.352036966597446
192,0.4308943089430895,7.208973374862445
192,0.4390243902439025,13.060315940081649
192,0.4471544715447155,14.549534636182022
192,0.4552845528455285,9.383706755336343
192,0.4634146341463415,1.4194207218160277
192,0.47154471544715454,9.201282787150788
192,0.47967479674796754,12.559660350036953
192,0.48780487804878053,18.047621515808217
192,0.49593495934959353,4.6825724159585596
193,0.0,1.7763568394002505e-15
193,0.0078125,24.43786507499889
193,0.015625,12.214764940047084
193,0.0234375,8.719273932592229
193,0.03125,13.910354345179286
193,0.0390625,3.8537038977980353
193,0.046875,6.3153602215020275
193,0.0546875,5.9096750670933975
193,0.0625,14.135391050055311
193,0.0703125,19.105686209401288
193,0.078125,13.263271524679725
193,0.0859375,15.45436017883604
193,0.09375,23.436659985245743
193,0.1015625,19.9659751732968
193,0.109375,11.803007674934952
193,0.1171875,12.482895914627798
193,0.125,5.076180736480024
193,0.1328125,5.590033628677381
193,0.140625,5.7242962374197415
193,0.1484375,10.723798750704407
193,0.15625,8.901104587573357
193,0.1640625,12.300302900872868
193,0.171875,14.359804869644368
193,0.1796875,16.16490074860361
193,0.1875,10.038932679934058
193,0.1953125,10.790224600687798
193,0.203125,17.13589572605144
193,0.2109375,5.3678596377218994
193,0.21875,2.16919570682231
193,0.2265625,6.684523265945652
193,0.234375,5.46196065467766
193,0.2421875,12.212248156016098
193,0.25,6.83680501463079
193,0.2578125,10.705174424123573
193,0.265625,6.2018937299485914
193,0.2734375,7.131560607586429
193,0.28125,14.978849323024543
193,0.2890625,14.097199673475641
193,0.296875,7.4339756508610035
193,0.3046875,14.893366822391014
193,0.3125,6.63255556685767
193,0.3203125,1.2148153872397853
193,0.328125,9.421423349718449
193,0.3359375,3.1851388787666752
193,0.34375,7.967703529222753
193,0.3515625,7.49784432866173
193,0.359375,10.398918955339209
193,0.3671875,17.896201052774863
193,0.375,3.605913665225881
193,0.3828125,12.59926132454144
193,0.390625,14.342874106683823
193,0.3984375,9.173286662205216
193,0.40625,11.522364934439826
193,0.4140625,6.636073750914541
193,0.421875,11.582712895268003
193,0.4296875,6.042371847534957
193,0.4375,13.388888938401545
193,0.4453125,10.587469825648718
193,0.453125,6.077779104081248
193,0.4609375,11.073009537396814
193,0.46875,9.689436006190295
193,0.4765625,3.491368096651363
193,0.484375,10.32567333748933
193,0.4921875,2.2814015990509486
194,0.0,9.769962616701378e-15
194,0.007246376811594203,28.188127788563076
194,0.014492753623188406,30.65156269568954
194,0.021739130434782608,13.848885253446898
194,0.028985507246376812,11.09264082356292
194,0.036231884057971016,8.026015070083243
194,0.043478260869565216,12.775717297730326
194,0.050724637681159424,10.916093809517793
194,0.057971014492753624,15.440986837740912
194,0.06521739130434782,14.784931145966622
194,0.07246376811594203,12.370023861445066
194,0.07971014492753624,17.121720123984176
194,0.08695652173913043,5.534639455374003
194,0.09420289855072464,18.18056343917681
194,0.10144927536231885,10.169100518293249
194,0.10869565217391304,18.850794793386463
194,0.11594202898550725,11.559455083339675
194,0.12318840579710146,13.470086681963073
194,0.13043478260869565,11.510853544056843
194,0.13768115942028986,9.902998006952702
194,0.14492753623188406,9.615419468344864
194,0.15217391304347827,19.152648846260853
194,0.15942028985507248,7.746117567394904
194,0.16666666666666666,13.382869059426056
194,0.17391304347826086,10.016859847871933
194,0.18115942028985507,12.90135271830137
194,0.18840579710144928,1.3458279420954418
194,0.1956521739130435,12.229123380638075
194,0.2028985507246377,14.015122756214078
194,0.21014492753623187,3.5110309925757415
194,0.21739130434782608,10.057505915039945
194,0.2246376811594203,7.594457367277124
194,0.2318840579710145,11.690456133756017
194,0.2391304347826087,15.144443474973526
194,0.2463768115942029,11.956259180832953
194,0.2536231884057971,15.451063389429303
194,0.2608695652173913,11.226243696796542
194,0.26811594202898553,12.271014479808983
194,0.2753623188405797,11.960762760976662
194,0.2826086956521739,14.068839853599584
194,0.2898550724637681,2.1143776039945963
194,0.2971014492753623,4.656084102755703
194,0.30434782608695654,10.862933711950705
194,0.3115942028985507,2.5062856224427623
194,0.31884057971014496,8.996388953590815
194,0.32608695652173914,10.01987958078045
194,0.3333333333333333,11.27462510005468
194,0.34057971014492755,12.913778336118362
194,0.34782608695652173,12.771590752988299
194,0.35507246376811596,8.490744670041863
194,0.36231884057971014,3.278887776163397
194,0.3695652173913044,7.486619455747941
194,0.37681159420289856,4.025688344161725
194,0.38405797101449274,6.2377426350009815
194,0.391304347826087,10.520057023371644
194,0.39855072463768115,12.335271312588
194,0.4057971014492754,2.669556780192218
194,0.41304347826086957,5.369801722370152
194,0.42028985507246375,0.407742514957625
194,0.427536231884058,7.222536256217309
194,0.43478260869565216,10.748602611695212
194,0.4420289855072464,10.060025122048229
194,0.4492753623188406,9.854926138738278
194,0.4565217391304348,7.855592413164457
194,0.463768115942029,8.328102221226255
194,0.47101449275362317,10.920350783395218
194,0.4782608695652174,3.7902353288182984
194,0.4855072463768116,9.630403252681576
194,0.4927536231884058,0.5639188605019645
195,0.0,2.4202861936828413e-14
195,0.007633587786259542,24.97142924344411
195,0.015267175572519083,33.38264004604265
195,0.022900763358778626,18.351449819103003
195,0.030534351145038167,21.221179146762932
195,0.03816793893129771,19.557620988431257
195,0.04580152671755725,17.206747854136466
195,0.05343511450381679,7.06067473769049
195,0.061068702290076333,6.23014796571202
195,0.06870229007633588,5.261700270301042
195,0.07633587786259542,3.3330728073934948
195,0.08396946564885496,9.280874617759666
195,0.0916030534351145,10.078102890018572
195,0.09923664122137404,4.281638334305878
195,0.10687022900763359,11.818229795555757
195,0.11450381679389313,11.299105173520173
195,0.12213740458015267,3.029504010484335
195,0.1297709923664122,3.4751526924642513
195,0.13740458015267176,14.506071671406945
195,0.1450381679389313,5.405157283674925
195,0.15267175572519084,15.434543810555933
195,0.16030534351145037,4.919777189536144
195,0.16793893129770993,8.306554075263804
195,0.17557251908396945,11.133139469137788
195,0.183206106870229,4.659243955026974
195,0.19083969465648853,20.371462818628007
195,0.1984732824427481,8.607989271410434
195,0.20610687022900762,5.284207088043698
195,0.21374045801526717,5.005321527797439
195,0.2213740458015267,3.9364259784123425
195,0.22900763358778625,7.373462272547655
195,0.23664122137404578,5.538520991177039
195,0.24427480916030533,9.518894897846183
195,0.25190839694656486,6.273228041308757
195,0.2595419847328244,13.626658691066071
195,0.26717557251908397,10.598191934823692
195,0.2748091603053435,9.864834583751135
195,0.282442748091603,3.62218970040739
195,0.2900763358778626,8.586995127240614
195,0.29770992366412213,10.90794819614558
195,0.3053435114503817,8.284216407204886
195,0.3129770992366412,4.427984828436608
195,0.32061068702290074,8.935710839645537
195,0.3282442748091603,9.599788344160743
195,0.33587786259541985,9.400074505933526
195,0.34351145038167935,5.816248379014521
195,0.3511450381679389,10.393350321620593
195,0.35877862595419846,2.6297001107200852
195,0.366412213740458,7.911677701261748
195,0.37404580152671757,6.534239634120689
195,0.38167938931297707,8.334151789654308
195,0.3893129770992366,9.043330247702128
195,0.3969465648854962,9.402561755963443
195,0.40458015267175573,10.77321012522207
195,0.41221374045801523,17.71399749677338
195,0.4198473282442748,12.959035437670096
195,0.42748091603053434,16.18943430933213
195,0.4351145038167939,12.210302253812907
195,0.4427480916030534,5.1876106466377
195,0.45038167938931295,2.756891358015972
195,0.4580152671755725,11.55335637526819
195,0.46564885496183206,2.4581161868747787
195,0.47328244274809156,10.61816588267728
195,0.4809160305343511,15.742093911930949
195,0.48854961832061067,7.686384638997273
195,0.4961832061068702,14.809718520675998
196,0.0,8.881784197001252e-16
196,0.0078125,19.014862222222995
196,0.015625,23.39469011966356
196,0.0234375,15.793829331472582
196,0.03125,19.807608583969763
196,0.0390625,12.374426801672401
196,0.046875,7.473577088182742
196,0.0546875,9.85985430397508
196,0.0625,11.184160452719803
196,0.0703125,14.194869248445237
196,0.078125,5.425757810745133
196,0.0859375,6.325768462872075
196,0.09375,16.24813981648935
196,0.1015625,7.207215656799096
196,0.109375,4.835828640979861
196,0.1171875,14.627885131182184
196,0.125,3.7343061472888928
196,0.1328125,4.5942624468842075
196,0.140625,9.23934506753127
196,0.1484375,10.172699042157449
196,0.15625,14.204250767198165
196,0.1640625,8.980298512203488
196,0.171875,8.16546669289719
196,0.1796875,14.52600310820563
196,0.1875,10.783185165919969
196,0.1953125,13.258522231206074
196,0.203125,13.280501899777423
196,0.2109375,24.544060302685782
196,0.21875,0.2745639258771983
196,0.2265625,6.852940148955311
196,0.234375,11.413118529512381
196,0.2421875,5.103637087891756
196,0.25,12.077746297582959
196,0.2578125,6.397336257083898
196,0.265625,8.431947522717683
196,0.2734375,4.607220416179455
196,0.28125,5.3086735320808724
196,0.2890625,10.737763708689299
196,0.296875,6.31158160276887
196,0.3046875,9.00550485613701
196,0.3125,9.396976259255293
196,0.3203125,14.161641203461517
196,0.328125,3.5098428444046905
196,0.3359375,4.561133071960843
196,0.34375,18.28234546456026
196,0.3515625,6.151944418192954
196,0.359375,7.1138595803173725
196,0.3671875,4.978974068530764
196,0.375,15.960041878170484
196,0.3828125,12.009038311061117
196,0.390625,13.38276242578827
196,0.3984375,7.612491312061763
196,0.40625,11.19057817440414
196,0.4140625,15.41905956447672
196,0.421875,11.313848695663204
196,0.4296875,7.243126177646446
196,0.4375,2.8533385509446996
196,0.4453125,15.333714625469401
196,0.453125,0.44212906979404565
196,0.4609375,3.715558553252747
196,0.46875,14.871988443818601
196,0.4765625,12.278827362797816
196,0.484375,6.772480018447814
196,0.4921875,9.592437770663594
197,0.0,4.440892098500626e-15
197,0.0078125,21.05688464376495
197,0.015625,9.685983424172765
197,0.0234375,5.659474687995743
197,0.03125,21.936733380198987
197,0.0390625,9.724341252791621
197,0.046875,7.7952804428675995
197,0.0546875,15.92916667788602
197,0.0625,12.410113344679207
197,0.0703125,7.4814985152448354
197,0.078125,2.772072853077238
197,0.0859375,6.251181820082891
197,0.09375,4.130283449025409
197,0.1015625,18.52985119022569
197,0.109375,12.419852582478505
197,0.1171875,16.993263929088727
197,0.125,3.3276503147681575
197,0.1328125,15.18897916315672
197,0.140625,2.7657813139908716
197,0.1484375,16.209499406565303
197,0.15625,14.95507160442631
197,0.1640625,14.328961496758994
197,0.171875,12.008198979772635
197,0.1796875,10.59884247955158
197,0.1875,15.892688975810255
197,0.1953125,15.531047136798046
197,0.203125,13.013280527055526
197,0.2109375,18.39860258172597
197,0.21875,9.123205200839553
197,0.2265625,8.807234491745962
197,0.234375,2.91375154897459
197,0.2421875,13.977189214155189
197,0.25,9.846017985363037
197,0.2578125,11.583309622971646
197,0.265625,3.7712470057228367
197,0.2734375,5.145052032944442
197,0.28125,8.54767701699614
197,0.2890625,10.621334014390989
197,0.296875,4.672533220981502
197,0.3046875,8.627376202241365
197,0.3125,16.520255469572877
197,0.3203125,3.872934586657281
197,0.328125,6.701088032349033
197,0.3359375,16.399910885423285
197,0.34375,0.6640519916803557
197,0.3515625,12.11166768073898
197,0.359375,3.9850592195144916
197,0.3671875,18.88444681801679
197,0.375,8.95101842327487
197,0.3828125,7.297557109279266
197,0.390625,7.789964296717418
197,0.3984375,2.7822249701389885
197,0.40625,11.423794991975065
197,0.4140625,9.964424220256198
197,0.421875,2.6786016515206614
197,0.4296875,2.3914315975083245
197,0.4375,13.417241359321174
197,0.4453125,12.028652215628014
197,0.453125,6.306430690136374
197,0.4609375,4.442187966181196
197,0.46875,15.609583111754603
197,0.4765625,12.230761122371746
197,0.484375,13.528728594213918
197,0.4921875,4.779144399352441
198,0.0,1.7763568394002505e-15
198,0.007352941176470588,22.18608802153061
198,0.014705882352941176,15.74358506251253
198,0.022058823529411763,19.6176839333312
198,0.029411764705882353,5.301854365336698
198,0.03676470588235294,18.386707917627835
198,0.044117647058823525,10.738264308970122
198,0.051470588235294115,12.52692880288991
198,0.058823529411764705,11.956860665774688
198,0.0661764705882353,11.022224599504966
198,0.07352941176470588,14.936078870034711
198,0.08088235294117647,9.315000908296794
198,0.08823529411764705,5.368571484364548
198,0.09558823529411764,7.445270386396041
198,0.10294117647058823,9.715089919141258
198,0.11029411764705882,7.700161951555643
198,0.11764705882352941,5.620536933616279
198,0.125,7.378625553468147
198,0.1323529411764706,4.664646505705099
198,0.13970588235294118,6.09215018044451
198,0.14705882352941177,15.842811962193979
198,0.15441176470588236,10.398473457440177
198,0.16176470588235295,13.109282275514154
198,0.16911764705882354,9.989614083243989
198,0.1764705882352941,17.38684743779343
198,0.1838235294117647,16.96105090866376
198,0.19117647058823528,12.353907976535497
198,0.19852941176470587,3.159463925315956
198,0.20588235294117646,2.3049832837410995
198,0.21323529411764705,11.762518028016535
198,0.22058823529411764,10.189081760528136
198,0.22794117647058823,8.191572862961362
198,0.23529411764705882,4.093968696658329
198,0.2426470588235294,5.052363127430122
198,0.25,5.140759584977258
198,0.25735294117647056,11.451391087414159
198,0.2647058823529412,6.117987552660624
198,0.27205882352941174,0.5022742293089292
198,0.27941176470588236,6.223716228512054
198,0.2867647058823529,10.636162059816085
198,0.29411764705882354,15.54572814132989
198,0.3014705882352941,7.523490110886395
198,0.3088235294117647,3.6724866578803668
198,0.3161764705882353,17.71462834526538
198,0.3235294117647059,10.096535131148567
198,0.33088235294117646,9.590306334482374
198,0.3382352941176471,6.428832118499603
198,0.34558823529411764,17.588642595895955
198,0.3529411764705882,23.248899380685852
198,0.3602941176470588,12.072970715320922
198,0.3676470588235294,12.201288404550343
198,0.375,3.1831757348210097
198,0.38235294117647056,12.231537758227422
198,0.3897058823529412,20.482614899075926
198,0.39705882352941174,16.899049227424733
198,0.40441176470588236,15.772565342329903
198,0.4117647058823529,3.6697878061650915
198,0.41911764705882354,14.779145501242127
198,0.4264705882352941,5.749234858815427
198,0.4338235294117647,10.387154387687
198,0.4411764705882353,11.484206627186046
198,0.4485294117647059,12.67428342416874
198,0.45588235294117646,8.388545077788091
198,0.4632352941176471,4.471209776658055
198,0.47058823529411764,16.061618824974
198,0.4779411764705882,13.050183776315619
198,0.4852941176470588,1.94110974686679
198,0.4926470588235294,2.962424817639491
199,0.0,1.4210854715202004e-14
199,0.00684931506849315,14.280414838214448
199,0.0136986301369863,25.954785189074336
199,0.02054794520547945,22.638581982324023
199,0.0273972602739726,13.591210143466052
199,0.03424657534246575,21.569579935616296
199,0.0410958904109589,13.701467221684181
199,0.04794520547945205,14.351762453298313
199,0.0547945205479452,22.533656767094406
199,0.06164383561643835,16.79591329994561
199,0.0684931506849315,17.89572946105146
199,0.07534246575342465,2.4185304208173934
199,0.0821917808219178,8.736539986070886
199,0.08904109589041095,14.296051091306076
199,0.0958904109589041,6.118585699136537
199,0.10273972602739725,7.355815957774637
199,0.1095890410958904,6.0844873190883435
199,0.11643835616438356,8.268794964440223
199,0.1232876712328767,4.066586108259848
199,0.13013698630136986,11.451137157566698
199,0.136986301369863,10.413266528184053
199,0.14383561643835616,6.7682553358814825
199,0.1506849315068493,9.122785890807098
199,0.15753424657534246,7.168370098043646
199,0.1643835616438356,3.7789454964717817
199,0.17123287671232876,10.865389934696735
199,0.1780821917808219,7.092147887195977
199,0.18493150684931506,10.022291909502073
199,0.1917808219178082,16.410814731548136
199,0.19863013698630136,7.209864287909691
199,0.2054794520547945,11.392625120073982
199,0.21232876712328766,18.693096610359703
199,0.2191780821917808,5.679772529893262
199,0.22602739726027396,19.437433167770504
199,0.2328767123287671,15.352034354209184
199,0.23972602739726026,4.980742752298884
199,0.2465753424657534,18.35478362739951
199,0.2534246575342466,9.751915176730986
199,0.2602739726027397,9.187713562331082
199,0.26712328767123283,3.2634634255240496
199,0.273972602739726,15.195957995664656
199,0.2808219178082192,11.695154017581578
199,0.2876712328767123,13.611909423764798
199,0.29452054794520544,12.914413501202429
199,0.3013698630136986,9.6867376541773
199,0.3082191780821918,5.971963569618372
199,0.3150684931506849,12.71672742875339
199,0.32191780821917804,18.751631507388232
199,0.3287671232876712,2.6950280166254736
199,0.3356164383561644,4.580765485261942
199,0.3424657534246575,8.44699769646655
199,0.34931506849315064,13.377445298656149
199,0.3561643835616438,16.84987487926248
199,0.363013698630137,12.936848953729534
199,0.3698630136986301,10.7446469885587
199,0.37671232876712324,3.9309131497069467
199,0.3835616438356164,9.850143412080758
199,0.3904109589041096,6.409772696665245
199,0.3972602739726027,22.62282359108836
199,0.40410958904109584,16.916870220895333
199,0.410958904109589,8.65177440274314
199,0.4178082191780822,12.095699588763493
199,0.4246575342465753,6.291985838100201
199,0.43150684931506844,5.63010619623838
199,0.4383561643835616,7.597646063175283
199,0.4452054794520548,10.237320822416203
199,0.4520547945205479,6.952194947861132
199,0.45890410958904104,3.774066233581534
199,0.4657534246575342,4.140482093205322
199,0.4726027397260274,12.23161316677336
199,0.4794520547945205,2.7481296279157195
199,0.48630136986301364,4.026657485018102
199,0.4931506849315068,6.7115775219738705
200,0.0,1.3322676295501878e-14
200,0.007407407407407408,26.968010499625986
200,0.014814814814814815,16.7019013381359
200,0.022222222222222223,24.44504985672159
200,0.02962962962962963,21.41808379250994
200,0.037037037037037035,19.225605337561323
200,0.044444444444444446,11.709842981037877
200,0.05185185185185186,9.15808124246818
200,0.05925925925925926,4.629150428800976
200,0.06666666666666667,4.023821638327994
200,0.07407407407407407,4.464805803945374
200,0.08148148148148149,10.706151399958165
200,0.08888888888888889,9.199327464975346
200,0.0962962962962963,11.086265198235067
200,0.10370370370370371,12.641023666835066
200,0.11111111111111112,7.137358803378597
200,0.11851851851851852,8.125240280890889
200,0.12592592592592594,10.137030535796859
200,0.13333333333333333,11.816060226414708
200,0.14074074074074075,10.907469263017108
200,0.14814814814814814,7.90787807533725
200,0.15555555555555556,10.125747831815831
200,0.16296296296296298,15.993244624494496
200,0.17037037037037037,14.900135859778988
200,0.17777777777777778,9.145705900173814
200,0.1851851851851852,11.309553557217106
200,0.1925925925925926,17.765159414975265
200,0.2,15.968151454275425
200,0.20740740740740743,7.449396172749993
200,0.21481481481481482,18.11777208250199
200,0.22222222222222224,12.696925209360794
200,0.22962962962962963,5.84610155030196
200,0.23703703703703705,12.217837848431852
200,0.24444444444444446,6.340739826525796
200,0.2518518518518519,28.111286589601814
200,0.25925925925925924,6.030261779908384
200,0.26666666666666666,10.91204798295385
200,0.2740740740740741,23.445467755153416
200,0.2814814814814815,3.9239327622217486
200,0.2888888888888889,7.403090327600452
200,0.2962962962962963,10.225504732857148
200,0.3037037037037037,6.88966716013818
200,0.3111111111111111,11.180500306290437
200,0.31851851851851853,4.383036036286193
200,0.32592592592592595,8.245169091811702
200,0.33333333333333337,8.0601364670593
200,0.34074074074074073,9.590110325302112
200,0.34814814814814815,7.843238694604417
200,0.35555555555555557,2.178584289164049
200,0.362962962962963,7.86905092444057
200,0.3703703703703704,6.567142301693887
200,0.37777777777777777,7.776770463630273
200,0.3851851851851852,1.0787276372467227
200,0.3925925925925926,7.5222799935438225
200,0.4,1.9526453647100437
200,0.40740740740740744,2.5343210586034606
200,0.41481481481481486,8.524741364023873
200,0.4222222222222222,6.325964357848277
200,0.42962962962962964,2.4345960471646464
200,0.43703703703703706,8.243059863866556
200,0.4444444444444445,10.114532762303323
200,0.4518518518518519,6.494316711915184
200,0.45925925925925926,3.060586551277457
200,0.4666666666666667,13.807954364990847
200,0.4740740740740741,10.221574781069231
200,0.4814814814814815,4.92590336020791
200,0.48888888888888893,5.428209827020658
200,0.4962962962962963,13.11997438015963
201,0.0,7.549516567451064e-15
201,0.007407407407407408,28.80773734969518
201,0.014814814814814815,19.160118902503694
201,0.022222222222222223,16.252834046843923
201,0.02962962962962963,9.566089103257305
201,0.037037037037037035,9.89091489216731
201,0.044444444444444446,9.389324933635848
201,0.05185185185185186,8.356144035070868
201,0.05925925925925926,24.285818859301575
201,0.06666666666666667,18.61530190050101
201,0.07407407407407407,7.847925916886349
201,0.08148148148148149,12.08102548706381
201,0.08888888888888889,20.62329089818157
201,0.0962962962962963,19.697532656968704
201,0.10370370370370371,18.273590784303597
201,0.11111111111111112,15.742931997074415
201,0.11851851851851852,7.5582761431870145
201,0.12592592592592594,19.3244171937958
201,0.13333333333333333,11.959486804246094
201,0.14074074074074075,5.7729933050262225
201,0.14814814814814814,20.537871794451025
201,0.15555555555555556,14.154079440039263
201,0.16296296296296298,2.9909153103573254
201,0.17037037037037037,6.302848512168117
201,0.17777777777777778,10.774853860147202
201,0.1851851851851852,5.659849644153601
201,0.1925925925925926,6.482632026156164
201,0.2,6.763169657937395
201,0.20740740740740743,3.2758056419723296
201,0.21481481481481482,15.992187325004814
201,0.22222222222222224,11.67858747092497
201,0.22962962962962963,10.416727713281976
201,0.23703703703703705,20.364086492580245
201,0.24444444444444446,6.082479632460936
201,0.2518518518518519,8.396582870460502
201,0.25925925925925924,12.350713082000093
201,0.26666666666666666,14.900958202874257
201,0.2740740740740741,11.611967537931045
201,0.2814814814814815,7.916003838958824
201,0.2888888888888889,1.788399597554667
201,0.2962962962962963,5.872913738924084
201,0.3037037037037037,5.947173176300629
201,0.3111111111111111,8.54008377907242
201,0.31851851851851853,3.530727150158206
201,0.32592592592592595,4.358076569066812
201,0.33333333333333337,5.786554321019213
201,0.34074074074074073,14.153297577767685
201,0.34814814814814815,6.691491825314905
201,0.35555555555555557,4.085224195049514
201,0.362962962962963,4.485649708069167
201,0.3703703703703704,11.079763672286147
201,0.37777777777777777,7.785562090945706
201,0.3851851851851852,3.8728493979242105
201,0.3925925925925926,11.232506493764445
201,0.4,9.23107701333874
201,0.40740740740740744,2.920643982274915
201,0.41481481481481486,3.318613353680522
201,0.4222222222222222,10.640676777688109
201,0.42962962962962964,9.817597402526745
201,0.43703703703703706,11.580649609792735
201,0.4444444444444445,13.148353212594165
201,0.4518518518518519,6.30933345573245
201,0.45925925925925926,6.436944238758961
201,0.4666666666666667,5.505908088186626
201,0.4740740740740741,2.4167928926139495
201,0.4814814814814815,4.607724646500832
201,0.48888888888888893,4.427887808930252
201,0.4962962962962963,6.9867762947032945
202,0.0,1.509903313490213e-14
202,0.008695652173913044,16.727578905609587
202,0.017391304347826087,20.94428586193089
202,0.026086956521739132,18.054348539288647
202,0.034782608695652174,11.141054938582748
202,0.043478260869565216,19.799641676152696
202,0.052173913043478265,4.008307857872885
202,0.06086956521739131,10.522049802525103
202,0.06956521739130435,11.598571764033471
202,0.0782608695652174,12.1188496594462
202,0.08695652173913043,16.602943409220167
202,0.09565217391304348,11.636312879420604
202,0.10434782608695653,10.718935451099131
202,0.11304347826086956,7.473284415863229
202,0.12173913043478261,9.551819245688566
202,0.13043478260869565,13.149652049721071
202,0.1391304347826087,8.874426146018706
202,0.14782608695652175,6.027139014966143
202,0.1565217391304348,9.984453776443713
202,0.16521739130434782,8.688598030825592
202,0.17391304347826086,8.249006863195289
202,0.1826086956521739,7.723551049146552
202,0.19130434782608696,1.6448514839642212
202,0.2,9.852187153327417
202,0.20869565217391306,4.101207213172164
202,0.21739130434782608,12.58153092200796
202,0.22608695652173913,3.18705248553143
202,0.23478260869565218,7.896019974436115
202,0.24347826086956523,2.286862743374319
202,0.25217391304347825,9.692488791449108
202,0.2608695652173913,6.699124225333794
202,0.26956521739130435,6.422755741443986
202,0.2782608695652174,14.95828996509439
202,0.28695652173913044,5.085978319588447
202,0.2956521739130435,12.145204955774894
202,0.30434782608695654,18.755802681264104
202,0.3130434782608696,11.630617348012896
202,0.32173913043478264,4.710164885405813
202,0.33043478260869563,6.126580000098351
202,0.3391304347826087,13.196552583903191
202,0.34782608695652173,7.177004068204757
202,0.3565217391304348,1.7683118726276459
202,0.3652173913043478,8.408644607824936
202,0.3739130434782609,4.704379112403984
202,0.3826086956521739,14.147475297114717
202,0.391304347826087,5.516299492715006
202,0.4,4.275167805210632
202,0.40869565217391307,13.98975336957671
202,0.4173913043478261,6.9986941888092495
202,0.4260869565217391,6.8690963794651925
202,0.43478260869565216,11.581205638783144
202,0.4434782608695652,17.81479174715832
202,0.45217391304347826,9.599322974517555
202,0.4608695652173913,11.363710898260523
202,0.46956521739130436,3.8313585512430666
202,0.4782608695652174,17.24743704064714
202,0.48695652173913045,2.166151925436242
202,0.4956521739130435,7.158885072619543
203,0.0,4.440892098500626e-15
203,0.007407407407407408,33.7532457914431
203,0.014814814814814815,22.43952831100507
203,0.022222222222222223,15.439287471278178
203,0.02962962962962963,14.0471788987908
203,0.037037037037037035,13.178154689676052
203,0.044444444444444446,13.389070113575883
203,0.05185185185185186,3.149526509614709
203,0.05925925925925926,6.077430840556979
203,0.06666666666666667,7.914303787576242
203,0.07407407407407407,1.6453917968247866
203,0.08148148148148149,7.251907938465231
203,0.08888888888888889,7.677109192954313
203,0.0962962962962963,4.190058221046049
203,0.10370370370370371,19.195898790922445
203,0.11111111111111112,9.43608305239242
203,0.11851851851851852,4.180264822789706
203,0.12592592592592594,8.321025056309697
203,0.13333333333333333,12.004306947866217
203,0.14074074074074075,7.149735762340073
203,0.14814814814814814,4.53822902520087
203,0.15555555555555556,12.813943912598926
203,0.16296296296296298,8.526014056772974
203,0.17037037037037037,7.794655233982417
203,0.17777777777777778,10.005613488528043
203,0.1851851851851852,16.76491843706101
203,0.1925925925925926,3.654958103230277
203,0.2,4.698099404856726
203,0.20740740740740743,2.5232024840904024
203,0.21481481481481482,6.51777983878912
203,0.22222222222222224,13.557253530430101
203,0.22962962962962963,8.502642406394763
203,0.23703703703703705,4.726638360996628
203,0.24444444444444446,12.470268550720636
203,0.2518518518518519,10.458461589783635
203,0.25925925925925924,14.720858315058805
203,0.26666666666666666,10.504436737693707
203,0.2740740740740741,19.6974615124657
203,0.2814814814814815,14.781340991207966
203,0.2888888888888889,12.661711790481302
203,0.2962962962962963,10.718181191673281
203,0.3037037037037037,10.668030065767459
203,0.3111111111111111,9.328258694640974
203,0.31851851851851853,7.473050643451009
203,0.32592592592592595,10.32019797666009
203,0.33333333333333337,12.096648289676144
203,0.34074074074074073,15.455692857645372
203,0.34814814814814815,2.5909754514831604
203,0.35555555555555557,9.077421227114785
203,0.362962962962963,12.600571420356346
203,0.3703703703703704,11.155960812979913
203,0.37777777777777777,11.112143166283522
203,0.3851851851851852,4.730817474988696
203,0.3925925925925926,19.199317195950805
203,0.4,9.488422718725356
203,0.40740740740740744,12.194065368138054
203,0.41481481481481486,14.279378707678857
203,0.4222222222222222,4.111259877454456
203,0.42962962962962964,9.814846662635825
203,0.43703703703703706,8.012283281503864
203,0.4444444444444445,16.662346268828692
203,0.4518518518518519,14.341714576205769
203,0.45925925925925926,7.177447001786991
203,0.4666666666666667,10.16476731454061
203,0.4740740740740741,3.092236152331204
203,0.4814814814814815,3.8282385991455534
203,0.48888888888888893,15.222483073355033
203,0.4962962962962963,3.9005328943533626
204,0.0,7.105427357601002e-15
204,0.007407407407407408,17.614038589508702
204,0.014814814814814815,30.108495155802476
204,0.022222222222222223,16.40180028204326
204,0.02962962962962963,18.31538187046582
204,0.037037037037037035,16.38575494276894
204,0.044444444444444446,13.525829030274275
204,0.05185185185185186,5.557301112519878
204,0.05925925925925926,12.340386651226503
204,0.06666666666666667,8.05308959226
204,0.07407407407407407,7.011864590072927
204,0.08148148148148149,7.580427302584105
204,0.08888888888888889,7.052908623230303
204,0.0962962962962963,11.295265511851122
204,0.10370370370370371,3.9248425620598697
204,0.11111111111111112,9.717033216314183
204,0.11851851851851852,9.963502075754205
204,0.12592592592592594,5.620034305974698
204,0.13333333333333333,6.086999469333153
204,0.14074074074074075,15.316951926251251
204,0.14814814814814814,22.16821918808913
204,0.15555555555555556,19.13805298329848
204,0.16296296296296298,9.16933461960312
204,0.17037037037037037,12.044830033289045
204,0.17777777777777778,9.969628146641083
204,0.1851851851851852,16.52438474501436
204,0.1925925925925926,8.124594741904364
204,0.2,16.086538682180606
204,0.20740740740740743,15.130887486536976
204,0.21481481481481482,10.549957471928616
204,0.22222222222222224,14.618969781210641
204,0.22962962962962963,18.409588847169722
204,0.23703703703703705,6.5266695481149775
204,0.24444444444444446,25.54032026943472
204,0.2518518518518519,7.340488598865684
204,0.25925925925925924,9.220349568147354
204,0.26666666666666666,6.438511840259941
204,0.2740740740740741,6.856499176949961
204,0.2814814814814815,9.480110343425476
204,0.2888888888888889,8.97304765045462
204,0.2962962962962963,3.7161323998887306
204,0.3037037037037037,8.900913392968327
204,0.3111111111111111,3.3352242214270973
204,0.31851851851851853,2.395597689303427
204,0.32592592592592595,19.25627814117032
204,0.33333333333333337,1.2526728633266815
204,0.34074074074074073,2.6259949340395523
204,0.34814814814814815,2.427534820887334
204,0.35555555555555557,8.013923040172985
204,0.362962962962963,3.6599444204647167
204,0.3703703703703704,10.97596492477302
204,0.37777777777777777,11.243121082079037
204,0.3851851851851852,6.84786107270304
204,0.3925925925925926,5.279601450447337
204,0.4,8.819575691027412
204,0.40740740740740744,3.6304551992039134
204,0.41481481481481486,7.252484953143164
204,0.4222222222222222,8.468771040881903
204,0.42962962962962964,8.476795962268016
204,0.43703703703703706,10.156742185043965
204,0.4444444444444445,10.632322321429326
204,0.4518518518518519,14.867227955616253
204,0.45925925925925926,8.20297484981876
204,0.4666666666666667,5.0503558981429135
204,0.4740740740740741,7.811798527352771
204,0.4814814814814815,6.031076711309453
204,0.48888888888888893,13.338247226857737
204,0.4962962962962963,6.249959207558489
205,0.0,1.176836406102666e-14
205,0.007246376811594203,25.045628948024
205,0.014492753623188406,15.430045054182834
205,0.021739130434782608,9.351784805529975
205,0.028985507246376812,26.52034237451822
205,0.036231884057971016,8.572783564805478
205,0.043478260869565216,5.436806471165087
205,0.050724637681159424,4.466839192935862
205,0.057971014492753624,8.665208941872784
205,0.06521739130434782,10.161926191253997
205,0.07246376811594203,13.136811508993476
205,0.07971014492753624,13.120646392854058
205,0.08695652173913043,5.323765780702683
205,0.09420289855072464,12.635997388960927
205,0.10144927536231885,3.498553522239881
205,0.10869565217391304,15.791240607466248
205,0.11594202898550725,19.136506654845434
205,0.12318840579710146,10.943689980230006
205,0.13043478260869565,12.035114428929063
205,0.13768115942028986,9.766155661300106
205,0.14492753623188406,17.33678870984102
205,0.15217391304347827,6.652564075954001
205,0.15942028985507248,17.444438741906957
205,0.16666666666666666,8.173243118473183
205,0.17391304347826086,20.546961837888855
205,0.18115942028985507,8.664184975329324
205,0.18840579710144928,20.31126579445356
205,0.1956521739130435,11.788990787412615
205,0.2028985507246377,13.367884122621241
205,0.21014492753623187,14.410284862782222
205,0.21739130434782608,6.022425962420554
205,0.2246376811594203,9.648079004567549
205,0.2318840579710145,3.6627545510048827
205,0.2391304347826087,10.64540958446146
205,0.2463768115942029,10.1389726981058
205,0.2536231884057971,7.195086544208796
205,0.2608695652173913,5.034175984631946
205,0.26811594202898553,4.944522014555445
205,0.2753623188405797,3.190713610397924
205,0.2826086956521739,13.310118303730269
205,0.2898550724637681,8.485673570401964
205,0.2971014492753623,2.9958907344121783
205,0.30434782608695654,1.1490727488383443
205,0.3115942028985507,18.36011165678229
205,0.31884057971014496,11.59572491224327
205,0.32608695652173914,5.981473949138188
205,0.3333333333333333,11.67063896664427
205,0.34057971014492755,7.980528973383398
205,0.34782608695652173,6.846140027943005
205,0.35507246376811596,4.3514008568956
205,0.36231884057971014,16.430988661234686
205,0.3695652173913044,15.039699886150393
205,0.37681159420289856,7.485648782820711
205,0.38405797101449274,8.591174584859981
205,0.391304347826087,4.743844652591601
205,0.39855072463768115,11.55246214316789
205,0.4057971014492754,8.086904659086589
205,0.41304347826086957,13.203059299252832
205,0.42028985507246375,17.26425253073224
205,0.427536231884058,21.90796015002476
205,0.43478260869565216,1.1680231042112001
205,0.4420289855072464,5.421528866732474
205,0.4492753623188406,11.296240810451602
205,0.4565217391304348,8.967521226359798
205,0.463768115942029,1.6956775191919973
205,0.47101449275362317,2.6024572451809314
205,0.4782608695652174,15.91931686432917
205,0.4855072463768116,6.756604425214117
205,0.4927536231884058,6.521391136969957
206,0.0,4.884981308350689e-15
206,0.0072992700729927005,23.125695160816267
206,0.014598540145985401,19.128149477418468
206,0.021897810218978103,15.033815072533931
206,0.029197080291970802,12.292172778507664
206,0.0364963503649635,19.445900783170085
206,0.043795620437956206,15.881982563706304
206,0.051094890510948905,13.976373521936614
206,0.058394160583941604,9.106340136145736
206,0.06569343065693431,18.156229142738304
206,0.072992700729927,7.129724196267193
206,0.08029197080291971,8.633544870240467
206,0.08759124087591241,10.760390486383908
206,0.0948905109489051,8.82657241584711
206,0.10218978102189781,10.53454025867963
206,0.1094890510948905,11.851504865209094
206,0.11678832116788321,3.4248441438723973
206,0.12408759124087591,10.086180081004674
206,0.13138686131386862,5.715743082188079
206,0.1386861313868613,6.036920243675937
206,0.145985401459854,12.76284573355006
206,0.15328467153284672,10.172388529702653
206,0.16058394160583941,7.47997213749907
206,0.1678832116788321,10.62162503913686
206,0.17518248175182483,11.667670835197825
206,0.18248175182481752,5.875573447550981
206,0.1897810218978102,8.045808945953702
206,0.1970802919708029,18.556124012942867
206,0.20437956204379562,8.370578877734422
206,0.2116788321167883,7.342938656903797
206,0.218978102189781,7.9437561401194845
206,0.22627737226277372,19.8275307483661
206,0.23357664233576642,6.459098152230321
206,0.2408759124087591,2.8555376048169236
206,0.24817518248175183,9.601133256646795
206,0.2554744525547445,11.541189785298297
206,0.26277372262773724,19.302801757662916
206,0.27007299270072993,2.744419317778133
206,0.2773722627737226,5.092143551536312
206,0.2846715328467153,0.6966972097412927
206,0.291970802919708,10.85924920212664
206,0.2992700729927007,14.666084398416729
206,0.30656934306569344,6.41312139970321
206,0.31386861313868614,7.29933024740767
206,0.32116788321167883,13.812096739218688
206,0.3284671532846715,11.169831073780978
206,0.3357664233576642,13.63246580491452
206,0.3430656934306569,3.3458677898244695
206,0.35036496350364965,15.801911404762157
206,0.35766423357664234,9.930579861847383
206,0.36496350364963503,18.635517251432994
206,0.3722627737226277,11.08454269159806
206,0.3795620437956204,9.815284984356902
206,0.3868613138686131,8.100008303108265
206,0.3941605839416058,16.620432198872624
206,0.40145985401459855,17.772363746865093
206,0.40875912408759124,9.14347012648684
206,0.41605839416058393,5.203035352207933
206,0.4233576642335766,10.933825956150086
206,0.4306569343065693,9.507637558054359
206,0.437956204379562,10.069455124402173
206,0.44525547445255476,7.2916122015538125
206,0.45255474452554745,1.0693560001795548
206,0.45985401459854014,8.25608731360597
206,0.46715328467153283,9.119848321445195
206,0.4744525547445255,18.189862771403906
206,0.4817518248175182,7.554863754646071
206,0.4890510948905109,16.56274306951889
206,0.49635036496350365,6.000216715858911
207,0.0,1.509903313490213e-14
207,0.006802721088435374,21.605236014234265
207,0.013605442176870748,21.91194689768071
207,0.02040816326530612,15.697614693089388
207,0.027210884353741496,8.924963821679427
207,0.03401360544217687,6.708147104849061
207,0.04081632653061224,17.622640096091818
207,0.047619047619047616,5.849690759548352
207,0.05442176870748299,5.692877264923345
207,0.061224489795918366,13.460571088860334
207,0.06802721088435373,7.46544413110202
207,0.07482993197278912,13.356066380062067
207,0.08163265306122448,16.074027189960045
207,0.08843537414965986,15.170347299891334
207,0.09523809523809523,4.047976790060333
207,0.10204081632653061,7.281361269129611
207,0.10884353741496598,10.625774969182347
207,0.11564625850340135,6.7559489773919745
207,0.12244897959183673,13.407893428029762
207,0.1292517006802721,7.2162575645212
207,0.13605442176870747,3.848021516817251
207,0.14285714285714285,4.7449250960141685
207,0.14965986394557823,14.016396999695473
207,0.1564625850340136,15.761234216214575
207,0.16326530612244897,12.731489990529376
207,0.17006802721088435,18.451881752300956
207,0.17687074829931973,16.13036837696558
207,0.18367346938775508,20.65166296567078
207,0.19047619047619047,18.339416526144024
207,0.19727891156462585,7.7858564555554794
207,0.20408163265306123,13.169551240925395
207,0.21088435374149658,12.37449518127612
207,0.21768707482993196,11.480269244447506
207,0.22448979591836735,9.36823810405769
207,0.2312925170068027,9.739362832275027
207,0.23809523809523808,4.863243707658556
207,0.24489795918367346,12.152623206639845
207,0.25170068027210885,6.932041027865288
207,0.2585034013605442,10.913456614564003
207,0.2653061224489796,6.1535818673606295
207,0.27210884353741494,9.361095014614618
207,0.2789115646258503,12.630122429855355
207,0.2857142857142857,20.179386975690793
207,0.2925170068027211,14.30274815551073
207,0.29931972789115646,14.233863244197108
207,0.30612244897959184,4.298084506476352
207,0.3129251700680272,7.262162463615817
207,0.31972789115646255,11.780463429729176
207,0.32653061224489793,13.384402391645896
207,0.3333333333333333,5.260135485014054
207,0.3401360544217687,17.941894046577783
207,0.3469387755102041,11.115265663041633
207,0.35374149659863946,14.41762553134576
207,0.36054421768707484,9.000030727004741
207,0.36734693877551017,3.470773819744865
207,0.37414965986394555,8.081504361907864
207,0.38095238095238093,10.124676589710397
207,0.3877551020408163,13.840764995396011
207,0.3945578231292517,3.98703462010428
207,0.4013605442176871,7.254626501862359
207,0.40816326530612246,8.789196712201779
207,0.4149659863945578,6.979205578372816
207,0.42176870748299317,15.779975825200307
207,0.42857142857142855,11.858235523617154
207,0.43537414965986393,11.498388729036636
207,0.4421768707482993,1.6326908203684736
207,0.4489795918367347,15.285911617378915
207,0.4557823129251701,14.863088818414653
207,0.4625850340136054,13.174562249749561
207,0.4693877551020408,15.134058981243221
207,0.47619047619047616,16.363604536166765
207,0.48299319727891155,11.8963841865895
207,0.4897959183673469,1.8998581906007814
207,0.4965986394557823,9.31643554020938
208,0.0,3.9968028886505635e-15
208,0.007751937984496124,18.980830094334898
208,0.015503875968992248,19.412111665001007
208,0.023255813953488372,28.089676207671385
208,0.031007751937984496,30.909757305011233
208,0.03875968992248062,19.534715047780438
208,0.046511627906976744,8.42794769632353
208,0.05426356589147287,20.64971226135646
208,0.06201550387596899,19.665146324219304
208,0.06976744186046512,7.532073194179497
208,0.07751937984496124,13.634753986888505
208,0.08527131782945736,5.943462601290716
208,0.09302325581395349,9.54376323948669
208,0.10077519379844961,6.590983761411304
208,0.10852713178294573,4.279702144363887
208,0.11627906976744186,6.2410384113826485
208,0.12403100775193798,5.259466588140435
208,0.13178294573643412,3.3649464445405255
208,0.13953488372093023,11.289285950831054
208,0.14728682170542634,7.494837770251845
208,0.15503875968992248,4.6537970857527
208,0.16279069767441862,9.384871452758162
208,0.17054263565891473,3.744507991497583
208,0.17829457364341084,6.656281032946861
208,0.18604651162790697,6.454623624096787
208,0.1937984496124031,8.673254526396432
208,0.20155038759689922,10.373205242556368
208,0.20930232558139533,1.184503661493049
208,0.21705426356589147,6.306732731321716
208,0.2248062015503876,13.849081056813088
208,0.23255813953488372,7.592384185100723
208,0.24031007751937983,9.654444714901711
208,0.24806201550387597,13.624258610719671
208,0.2558139534883721,8.493620423788727
208,0.26356589147286824,12.965414621402141
208,0.2713178294573643,11.18213577625964
208,0.27906976744186046,8.242072645717817
208,0.2868217054263566,12.917481284224321
208,0.2945736434108527,11.907461320555132
208,0.3023255813953488,12.982104496440485
208,0.31007751937984496,8.581078520883086
208,0.3178294573643411,10.62617612832372
208,0.32558139534883723,3.8960114871953095
208,0.3333333333333333,16.251665530275794
208,0.34108527131782945,14.133461703050545
208,0.3488372093023256,8.531250333735425
208,0.3565891472868217,6.279779619209823
208,0.3643410852713178,11.488888138728223
208,0.37209302325581395,4.690697552647971
208,0.3798449612403101,5.6421280900585185
208,0.3875968992248062,12.039333660336354
208,0.3953488372093023,4.782955490895085
208,0.40310077519379844,5.7958312450094205
208,0.4108527131782946,5.904058853534708
208,0.41860465116279066,0.23065574210852133
208,0.4263565891472868,2.8276539040866213
208,0.43410852713178294,20.312421165754866
208,0.4418604651162791,3.4200676178130056
208,0.4496124031007752,12.929241618138706
208,0.4573643410852713,2.077194596522759
208,0.46511627906976744,7.008859637680987
208,0.4728682170542636,6.187835812518472
208,0.48062015503875966,1.5930766130899396
208,0.4883720930232558,7.918044726105456
208,0.49612403100775193,7.2136954529586905
209,0.0,8.215650382226158e-15
209,0.007462686567164179,24.14225523031501
209,0.014925373134328358,19.070054478108773
209,0.022388059701492536,28.4815915727744
209,0.029850746268656716,17.10334212124918
209,0.03731343283582089,16.55445520164632
209,0.04477611940298507,18.59681456817027
209,0.05223880597014925,13.90345235784067
209,0.05970149253731343,6.462263521851816
209,0.06716417910447761,19.55789884759504
209,0.07462686567164178,16.7563911998371
209,0.08208955223880597,5.397710553265668
209,0.08955223880597014,17.04500962585965
209,0.09701492537313433,16.389738506011035
209,0.1044776119402985,8.244901410153217
209,0.11194029850746269,14.649596026191045
209,0.11940298507462686,9.11560154433667
209,0.12686567164179105,14.326014298234867
209,0.13432835820895522,16.497238925472292
209,0.1417910447761194,18.445809828930212
209,0.14925373134328357,6.7955173575786585
209,0.15671641791044777,12.24537917354012
209,0.16417910447761194,17.545610171374655
209,0.17164179104477612,11.964020533878069
209,0.1791044776119403,6.551516136636947
209,0.18656716417910446,7.687318373309802
209,0.19402985074626866,11.213784102500052
209,0.20149253731343283,7.06324978805242
209,0.208955223880597,5.4393761025618375
209,0.21641791044776118,7.209854774961166
209,0.22388059701492538,12.019421132580169
209,0.23134328358208955,3.6527207481423103
209,0.23880597014925373,11.797868561127748
209,0.2462686567164179,6.048214761680406
209,0.2537313432835821,6.553878688977288
209,0.26119402985074625,6.16523606362893
209,0.26865671641791045,6.2390706528114475
209,0.27611940298507465,3.237891249937137
209,0.2835820895522388,3.457831698889277
209,0.291044776119403,7.091535395890545
209,0.29850746268656714,13.421739131467673
209,0.30597014925373134,4.33868122310824
209,0.31343283582089554,12.050061192877024
209,0.3208955223880597,10.209302279146486
209,0.3283582089552239,4.912211311590645
209,0.33582089552238803,12.573168149344308
209,0.34328358208955223,3.7146443822680073
209,0.35074626865671643,2.850610541810983
209,0.3582089552238806,5.871609647038224
209,0.3656716417910448,8.364770865287987
209,0.3731343283582089,7.0426525286205015
209,0.3805970149253731,5.342415148273663
209,0.3880597014925373,7.82815264824516
209,0.39552238805970147,5.437040423551165
209,0.40298507462686567,5.491447180447592
209,0.41044776119402987,2.801184582749302
209,0.417910447761194,13.90125777421994
209,0.4253731343283582,10.910687233418116
209,0.43283582089552236,7.887904362570905
209,0.44029850746268656,9.312390872668786
209,0.44776119402985076,3.759471431549043
209,0.4552238805970149,7.235034827480402
209,0.4626865671641791,9.86109479344306
209,0.47014925373134325,9.73336844998458
209,0.47761194029850745,3.0076123827318137
209,0.48507462686567165,17.387022194909324
209,0.4925373134328358,10.289557228844012
210,0.0,3.552713678800501e-15
210,0.008130081300813009,3.5499608258941415
210,0.016260162601626018,11.987344889428833
210,0.024390243902439025,11.028342793325702
210,0.032520325203252036,17.34436615961217
210,0.04065040650406505,20.120799941665567
210,0.04878048780487805,6.870217988004602
210,0.05691056910569106,13.108968841018118
210,0.06504065040650407,14.092454771929823
210,0.07317073170731708,11.23980899034287
210,0.0813008130081301,13.088483330761694
210,0.0894308943089431,13.979187159822951
210,0.0975609756097561,14.879171393613705
210,0.10569105691056911,2.8862464126311083
210,0.11382113821138212,5.415734503968183
210,0.12195121951219513,17.61627204926774
210,0.13008130081300814,11.108733369802895
210,0.13821138211382114,9.135314188283164
210,0.14634146341463417,7.4879976663411005
210,0.15447154471544716,16.39473960252232
210,0.1626016260162602,10.554196057598073
210,0.17073170731707318,6.216593852663686
210,0.1788617886178862,5.940114719004379
210,0.1869918699186992,10.435699521030948
210,0.1951219512195122,16.46048039528591
210,0.20325203252032523,5.5291424923159145
210,0.21138211382113822,12.722940779480597
210,0.21951219512195125,2.637795057764841
210,0.22764227642276424,12.27242125844981
210,0.23577235772357727,17.07547753707863
210,0.24390243902439027,9.695157174786447
210,0.2520325203252033,11.970403207763432
210,0.2601626016260163,2.901030876300702
210,0.2682926829268293,9.14581151590229
210,0.2764227642276423,12.90310288861196
210,0.28455284552845533,9.507439041444288
210,0.29268292682926833,8.159155806581076
210,0.3008130081300813,8.155229157583218
210,0.3089430894308943,3.867437439019635
210,0.3170731707317074,12.207272292276496
210,0.3252032520325204,2.1594019212608755
210,0.33333333333333337,9.46676458099919
210,0.34146341463414637,9.706938092296326
210,0.34959349593495936,15.55035272383121
210,0.3577235772357724,8.841476394444376
210,0.3658536585365854,4.947167327531659
210,0.3739837398373984,9.453444346354509
210,0.3821138211382114,8.899562397898903
210,0.3902439024390244,4.65204287234102
210,0.39837398373983746,11.359850503270678
210,0.40650406504065045,11.874160663815292
210,0.41463414634146345,4.536637877613848
210,0.42276422764227645,12.418716116509591
210,0.4308943089430895,10.18650815450818
210,0.4390243902439025,5.046534492516561
210,0.4471544715447155,21.675623078485614
210,0.4552845528455285,7.566815591492977
210,0.4634146341463415,7.42512131135374
210,0.47154471544715454,13.276749542611046
210,0.47967479674796754,8.056181568672898
210,0.48780487804878053,7.251773978937591
210,0.49593495934959353,17.48736546224354
211,0.0,3.1086244689504383e-15
211,0.007751937984496124,12.176757911488805
211,0.015503875968992248,25.191641623345166
211,0.023255813953488372,4.6113182973545035
211,0.031007751937984496,13.102884639653277
211,0.03875968992248062,13.948157121746737
211,0.046511627906976744,21.15746135874328
211,0.05426356589147287,8.810078854004912
211,0.06201550387596899,16.356840633200303
211,0.06976744186046512,6.328807241747625
211,0.07751937984496124,2.689676583052539
211,0.08527131782945736,1.7453629712337249
211,0.09302325581395349,19.828340726341075
211,0.10077519379844961,8.031196181973714
211,0.10852713178294573,11.374318746052591
211,0.11627906976744186,4.682724780785794
211,0.12403100775193798,6.061756789517078
211,0.13178294573643412,3.844088856313988
211,0.13953488372093023,16.983490059733004
211,0.14728682170542634,8.892364616783322
211,0.15503875968992248,19.95570167331935
211,0.16279069767441862,6.554029932708144
211,0.17054263565891473,14.880814098832035
211,0.17829457364341084,10.25177466977965
211,0.18604651162790697,14.828985259362147
211,0.1937984496124031,7.321932295986035
211,0.20155038759689922,15.163566681339365
211,0.20930232558139533,9.581965677543296
211,0.21705426356589147,7.683195589152124
211,0.2248062015503876,10.187624062741302
211,0.23255813953488372,5.251556457362589
211,0.24031007751937983,6.9164250612277565
211,0.24806201550387597,7.806833475216822
211,0.2558139534883721,17.310590164412964
211,0.26356589147286824,5.33841886015781
211,0.2713178294573643,24.228126684782016
211,0.27906976744186046,9.498089276940116
211,0.2868217054263566,9.327028931188075
211,0.2945736434108527,13.703652114875142
211,0.3023255813953488,8.504364281271585
211,0.31007751937984496,15.004062233349604
211,0.3178294573643411,9.258317987884643
211,0.32558139534883723,8.027010846776008
211,0.3333333333333333,10.025757601655055
211,0.34108527131782945,8.853330330225608
211,0.3488372093023256,7.54367178938254
211,0.3565891472868217,7.115937853465903
211,0.3643410852713178,6.036700100900486
211,0.37209302325581395,8.45273906784774
211,0.3798449612403101,12.990805547362784
211,0.3875968992248062,13.337297719616235
211,0.3953488372093023,11.48443454615399
211,0.40310077519379844,1.3556187991952844
211,0.4108527131782946,7.320024668019939
211,0.41860465116279066,4.30981575887215
211,0.4263565891472868,14.815788580108297
211,0.43410852713178294,12.865635222790171
211,0.4418604651162791,11.666237604658988
211,0.4496124031007752,6.859710181551322
211,0.4573643410852713,7.546188557264917
211,0.46511627906976744,6.2458416115020325
211,0.4728682170542636,11.814001529601954
211,0.48062015503875966,3.2341066250777217
211,0.4883720930232558,9.92995264745505
211,0.49612403100775193,5.422803817845725
212,0.0,7.105427357601002e-15
212,0.007575757575757576,42.25223294077846
212,0.015151515151515152,20.95829366135411
212,0.022727272727272728,18.22511106323144
212,0.030303030303030304,14.379902729705332
212,0.03787878787878788,22.435939575992933
212,0.045454545454545456,12.530545428239034
212,0.05303030303030303,10.26458018046178
212,0.06060606060606061,11.143812400934126
212,0.06818181818181818,5.3496993020545744
212,0.07575757575757576,4.19073764394098
212,0.08333333333333334,10.68820032054324
212,0.09090909090909091,4.160350899675021
212,0.09848484848484848,13.354373253362997
212,0.10606060606060606,10.890295473181865
212,0.11363636363636365,8.101672989608163
212,0.12121212121212122,12.013598077045186
212,0.12878787878787878,10.050078184066637
212,0.13636363636363635,15.678311039942454
212,0.14393939393939395,10.186864818990607
212,0.15151515151515152,2.385963661475088
212,0.1590909090909091,7.507302713858725
212,0.16666666666666669,8.729755471106852
212,0.17424242424242425,16.8052903074985
212,0.18181818181818182,12.30056292739481
212,0.1893939393939394,6.947861649823503
212,0.19696969696969696,4.81880733378976
212,0.20454545454545456,8.148041978741407
212,0.21212121212121213,8.380123932168367
212,0.2196969696969697,5.0218279367179655
212,0.2272727272727273,6.916757910968292
212,0.23484848484848486,14.078376335087121
212,0.24242424242424243,6.556087250933618
212,0.25,9.072638716680299
212,0.25757575757575757,2.9632783916893994
212,0.26515151515151514,5.486448929683272
212,0.2727272727272727,9.632989391414148
212,0.28030303030303033,14.355400380629252
212,0.2878787878787879,10.276498373117356
212,0.29545454545454547,8.126683583440174
212,0.30303030303030304,11.181069195767977
212,0.3106060606060606,12.742737429502847
212,0.3181818181818182,6.29057080910379
212,0.32575757575757575,5.531591576625919
212,0.33333333333333337,14.317040631507462
212,0.34090909090909094,11.210387404266527
212,0.3484848484848485,9.382062312873181
212,0.3560606060606061,9.717559794295562
212,0.36363636363636365,4.598616929644263
212,0.3712121212121212,6.996684931381015
212,0.3787878787878788,7.042208938552675
212,0.38636363636363635,14.218066627556995
212,0.3939393939393939,12.287479534312308
212,0.40151515151515155,7.109387771356729
212,0.4090909090909091,10.541915201116606
212,0.4166666666666667,7.485608944713818
212,0.42424242424242425,7.472463929671177
212,0.4318181818181818,9.311048350703183
212,0.4393939393939394,6.891022502640983
212,0.44696969696969696,5.5531869411695345
212,0.4545454545454546,5.529445210901567
212,0.46212121212121215,8.17418526566898
212,0.4696969696969697,3.9271418452464486
212,0.4772727272727273,9.518067797989467
212,0.48484848484848486,11.888776994061185
212,0.49242424242424243,10.511549636583952
213,0.0,1.5987211554602254e-14
213,0.007575757575757576,28.466059294196683
213,0.015151515151515152,18.19017274300888
213,0.022727272727272728,15.557280111287255
213,0.030303030303030304,7.626336553276021
213,0.03787878787878788,8.61955579487468
213,0.045454545454545456,4.022135321807085
213,0.05303030303030303,13.039390964235722
213,0.06060606060606061,6.057693263923351
213,0.06818181818181818,12.276547031322773
213,0.07575757575757576,6.953817654826318
213,0.08333333333333334,11.009161711875166
213,0.09090909090909091,10.592226290749544
213,0.09848484848484848,10.532193229849177
213,0.10606060606060606,18.524676271930943
213,0.11363636363636365,13.523430214556846
213,0.12121212121212122,8.617953375519313
213,0.12878787878787878,8.575096158530789
213,0.13636363636363635,15.450226922009458
213,0.14393939393939395,16.605881525546604
213,0.15151515151515152,18.589957811380508
213,0.1590909090909091,21.70630159895539
213,0.16666666666666669,9.585811086844075
213,0.17424242424242425,6.471781247280203
213,0.18181818181818182,7.172825945536701
213,0.1893939393939394,6.65594313712971
213,0.19696969696969696,12.34426467175763
213,0.20454545454545456,8.625723841119834
213,0.21212121212121213,10.300487526030345
213,0.2196969696969697,9.860728188551493
213,0.2272727272727273,11.731764028175121
213,0.23484848484848486,8.823353483850514
213,0.24242424242424243,6.0891907264553256
213,0.25,13.477764299837787
213,0.25757575757575757,12.67992332065281
213,0.26515151515151514,8.80498295932901
213,0.2727272727272727,6.581580919068495
213,0.28030303030303033,20.341138779165696
213,0.2878787878787879,11.16433241907164
213,0.29545454545454547,1.7031117130215407
213,0.30303030303030304,10.26260769864807
213,0.3106060606060606,2.158353011179226
213,0.3181818181818182,12.991567852860365
213,0.32575757575757575,7.0993405980877915
213,0.33333333333333337,13.220813473064958
213,0.34090909090909094,11.950703018077371
213,0.3484848484848485,13.111922360085885
213,0.3560606060606061,9.996558042049823
213,0.36363636363636365,7.497347377121777
213,0.3712121212121212,12.356619576158435
213,0.3787878787878788,7.513129088712906
213,0.38636363636363635,4.889157724068728
213,0.3939393939393939,19.763057734920356
213,0.40151515151515155,4.993319666945948
213,0.4090909090909091,7.746297227008555
213,0.4166666666666667,7.526520843576792
213,0.42424242424242425,6.730383037009924
213,0.4318181818181818,4.92267879151942
213,0.4393939393939394,10.694512000419813
213,0.44696969696969696,14.563264254920968
213,0.4545454545454546,5.327219834645999
213,0.46212121212121215,3.5916227613746843
213,0.4696969696969697,8.42218029076405
213,0.4772727272727273,8.34948643804105
213,0.48484848484848486,6.645816510273791
213,0.49242424242424243,10.392344796243387
214,0.0,6.217248937900877e-15
214,0.007751937984496124,28.570683358765343
214,0.015503875968992248,9.58261361503013
214,0.023255813953488372,1.0844234731727305
214,0.031007751937984496,16.42444628455829
214,0.03875968992248062,12.549340468513405
214,0.046511627906976744,10.541911490138913
214,0.05426356589147287,7.612257369218714
214,0.06201550387596899,7.867333428513253
214,0.06976744186046512,23.137778248653966
214,0.07751937984496124,18.29985297225041
214,0.08527131782945736,23.842094478769045
214,0.09302325581395349,14.955484169745231
214,0.10077519379844961,5.108475071394865
214,0.10852713178294573,4.279289300077166
214,0.11627906976744186,13.585113652497888
214,0.12403100775193798,9.503475668034241
214,0.13178294573643412,7.851634188104308
214,0.13953488372093023,8.342263486358842
214,0.14728682170542634,10.13330094250128
214,0.15503875968992248,12.870137002344874
214,0.16279069767441862,19.25071157743834
214,0.17054263565891473,12.093306070642472
214,0.17829457364341084,9.785181484937587
214,0.18604651162790697,8.174458475538648
214,0.1937984496124031,7.43658853386811
214,0.20155038759689922,9.978887941266201
214,0.20930232558139533,1.7590325388381178
214,0.21705426356589147,9.013441901290381
214,0.2248062015503876,1.2275062402530819
214,0.23255813953488372,13.456991814224311
214,0.24031007751937983,9.06040322526092
214,0.24806201550387597,6.227887287106905
214,0.2558139534883721,4.568124112807934
214,0.26356589147286824,6.4296914398803064
214,0.2713178294573643,12.465986658760459
214,0.27906976744186046,5.121936527157752
214,0.2868217054263566,4.715970023729073
214,0.2945736434108527,2.680622890509617
214,0.3023255813953488,7.130026812937959
214,0.31007751937984496,13.147473782075487
214,0.3178294573643411,12.447839445237872
214,0.32558139534883723,5.852557553722762
214,0.3333333333333333,7.263803450262513
214,0.34108527131782945,9.400953419970929
214,0.3488372093023256,10.80220369581937
214,0.3565891472868217,14.994452750041521
214,0.3643410852713178,3.8790262649500677
214,0.37209302325581395,10.069740504729047
214,0.3798449612403101,14.412248078897864
214,0.3875968992248062,10.713795147702378
214,0.3953488372093023,4.071202158505604
214,0.40310077519379844,7.199295954111935
214,0.4108527131782946,13.49175564873471
214,0.41860465116279066,8.763364137844917
214,0.4263565891472868,7.176478589920462
214,0.43410852713178294,15.132739153623929
214,0.4418604651162791,7.103642112720592
214,0.4496124031007752,6.983952035385625
214,0.4573643410852713,6.281498666176527
214,0.46511627906976744,11.535123332945004
214,0.4728682170542636,3.80816822046907
214,0.48062015503875966,6.464095978108933
214,0.4883720930232558,13.638412781087563
214,0.49612403100775193,20.497223735515515
215,0.0,1.0658141036401503e-14
215,0.007246376811594203,29.267149374600308
215,0.014492753623188406,8.408029346171762
215,0.021739130434782608,18.115392874834818
215,0.028985507246376812,9.829673030795213
215,0.036231884057971016,4.161002066231043
215,0.043478260869565216,10.164689915954071
215,0.050724637681159424,10.950618227817134
215,0.057971014492753624,13.658242307449838
215,0.06521739130434782,6.9625134660583
215,0.07246376811594203,15.574506521753728
215,0.07971014492753624,4.210515867876833
215,0.08695652173913043,11.609912174905867
215,0.09420289855072464,18.068160884182454
215,0.10144927536231885,9.687390779413514
215,0.10869565217391304,7.258549082017452
215,0.11594202898550725,8.587032786379156
215,0.12318840579710146,3.2850782191059786
215,0.13043478260869565,4.221043422525231
215,0.13768115942028986,5.06791763325434
215,0.14492753623188406,14.205813663632284
215,0.15217391304347827,12.520035396251536
215,0.15942028985507248,8.444461201536026
215,0.16666666666666666,23.99560845982185
215,0.17391304347826086,15.499489446561574
215,0.18115942028985507,20.364440575746496
215,0.18840579710144928,14.646451480517348
215,0.1956521739130435,12.226912089041717
215,0.2028985507246377,17.63630351827625
215,0.21014492753623187,13.107522755994387
215,0.21739130434782608,13.562340737141902
215,0.2246376811594203,14.721233250480925
215,0.2318840579710145,13.97026073412829
215,0.2391304347826087,14.210760980988239
215,0.2463768115942029,8.194475067244975
215,0.2536231884057971,6.707783369178119
215,0.2608695652173913,6.777628500674904
215,0.26811594202898553,10.501246245496425
215,0.2753623188405797,7.493114565819565
215,0.2826086956521739,8.39453085018981
215,0.2898550724637681,13.694340756734572
215,0.2971014492753623,11.83009521170094
215,0.30434782608695654,7.405296788727946
215,0.3115942028985507,7.324315646951607
215,0.31884057971014496,8.487873605259274
215,0.32608695652173914,9.398487273619107
215,0.3333333333333333,3.4634603142217624
215,0.34057971014492755,12.451071293374694
215,0.34782608695652173,13.172378066686495
215,0.35507246376811596,23.532316889808186
215,0.36231884057971014,2.5313384333793936
215,0.3695652173913044,6.617873588148478
215,0.37681159420289856,7.148169999676729
215,0.38405797101449274,9.718888705865597
215,0.391304347826087,10.491955659134948
215,0.39855072463768115,6.142212323988659
215,0.4057971014492754,9.2282802827922
215,0.41304347826086957,3.8919892104067655
215,0.42028985507246375,11.86421690108005
215,0.427536231884058,5.618704758211596
215,0.43478260869565216,10.876583642582201
215,0.4420289855072464,19.06427430462834
215,0.4492753623188406,6.615472853064182
215,0.4565217391304348,4.587361334292376
215,0.463768115942029,8.620852766661324
215,0.47101449275362317,9.715908358254604
215,0.4782608695652174,8.933544737520553
215,0.4855072463768116,4.368578202370315
215,0.4927536231884058,1.2346511405158844
216,0.0,2.1316282072803006e-14
216,0.007936507936507936,13.186439091315375
216,0.015873015873015872,16.158307705263972
216,0.023809523809523808,20.027782280733952
216,0.031746031746031744,7.362595773493574
216,0.03968253968253968,16.76921303916441
216,0.047619047619047616,18.672326540368363
216,0.05555555555555555,11.763447635804367
216,0.06349206349206349,11.24481559198794
216,0.07142857142857142,24.82318630427381
216,0.07936507936507936,9.128084915295988
216,0.0873015873015873,14.75163517319206
216,0.09523809523809523,11.79646296388764
216,0.10317460317460317,2.5958962666345693
216,0.1111111111111111,10.683878213172152
216,0.11904761904761904,14.58608546019952
216,0.12698412698412698,7.448574393865195
216,0.1349206349206349,5.2869308568576345
216,0.14285714285714285,16.572065498580574
216,0.15079365079365079,3.127564404741418
216,0.15873015873015872,18.637493293734604
216,0.16666666666666666,13.266814891881754
216,0.1746031746031746,3.353095710028654
216,0.18253968253968253,9.070740148908545
216,0.19047619047619047,8.241974875754911
216,0.1984126984126984,9.888937764702622
216,0.20634920634920634,10.598515992244986
216,0.21428571428571427,5.415535245409226
216,0.2222222222222222,15.241158653023156
216,0.23015873015873015,3.8580509703352805
216,0.23809523809523808,8.95845613733692
216,0.24603174603174602,7.485521139609373
216,0.25396825396825395,2.521644097955251
216,0.26190476190476186,2.4216089958154514
216,0.2698412698412698,9.354686344024172
216,0.2777777777777778,11.633896380506213
216,0.2857142857142857,8.919666497168157
216,0.2936507936507936,7.61138092304863
216,0.30158730158730157,5.8557993172542595
216,0.30952380952380953,14.260745709071882
216,0.31746031746031744,3.170182264698488
216,0.32539682539682535,8.197970716448229
216,0.3333333333333333,2.193508591528664
216,0.3412698412698413,7.482522529768401
216,0.3492063492063492,7.671292917009747
216,0.3571428571428571,12.917629250496523
216,0.36507936507936506,5.442930459913519
216,0.373015873015873,8.801210666979431
216,0.38095238095238093,14.684559754157924
216,0.38888888888888884,8.601195409234943
216,0.3968253968253968,5.660453888106388
216,0.40476190476190477,7.273509406205515
216,0.4126984126984127,11.441882105397879
216,0.4206349206349206,7.702666856339437
216,0.42857142857142855,13.637840951852407
216,0.4365079365079365,7.894873459591418
216,0.4444444444444444,13.534542190048551
216,0.45238095238095233,6.884142137483529
216,0.4603174603174603,10.527418825523881
216,0.46825396825396826,12.928699597832928
216,0.47619047619047616,12.713350288463026
216,0.4841269841269841,17.90843352285312
216,0.49206349206349204,10.50041401845823
217,0.0,1.7763568394002505e-15
217,0.006896551724137931,27.004513681900043
217,0.013793103448275862,24.04949394967022
217,0.020689655172413793,24.862826030621303
217,0.027586206896551724,13.519474842763934
217,0.034482758620689655,11.101484828770687
217,0.041379310344827586,12.505697182143033
217,0.04827586206896552,20.001286848837424
217,0.05517241379310345,13.648596458445661
217,0.06206896551724138,8.080256856846253
217,0.06896551724137931,12.358719518622996
217,0.07586206896551724,11.718691972419098
217,0.08275862068965517,9.344109773359094
217,0.0896551724137931,6.090062024472836
217,0.09655172413793103,11.942950437047381
217,0.10344827586206896,7.813957779782448
217,0.1103448275862069,16.115983338832507
217,0.11724137931034483,2.0093942690748663
217,0.12413793103448276,6.33894589062738
217,0.13103448275862067,7.310336705040531
217,0.13793103448275862,16.871104140878842
217,0.14482758620689656,5.100922877544752
217,0.15172413793103448,8.194989827518755
217,0.1586206896551724,18.155242207407305
217,0.16551724137931034,10.103157346109965
217,0.1724137931034483,13.877677937030231
217,0.1793103448275862,8.333032552753636
217,0.18620689655172412,8.447873563667414
217,0.19310344827586207,17.481834724055226
217,0.2,7.943594581226613
217,0.20689655172413793,6.780088497675298
217,0.21379310344827585,13.652058190421105
217,0.2206896551724138,6.16201489235212
217,0.22758620689655173,11.477960272025483
217,0.23448275862068965,9.849626694202387
217,0.24137931034482757,18.013294021243173
217,0.2482758620689655,6.091092265431552
217,0.25517241379310346,3.889912118426246
217,0.26206896551724135,3.358415039948728
217,0.2689655172413793,11.547450065511725
217,0.27586206896551724,8.567962971562439
217,0.2827586206896552,5.311903991662895
217,0.2896551724137931,6.106741876868999
217,0.296551724137931,12.940343692182786
217,0.30344827586206896,8.37380415302371
217,0.3103448275862069,14.946473925844561
217,0.3172413793103448,7.288747897993077
217,0.32413793103448274,4.478437896000546
217,0.3310344827586207,5.631791522791329
217,0.33793103448275863,3.7521664383589957
217,0.3448275862068966,10.144583905543389
217,0.35172413793103446,18.076253075093245
217,0.3586206896551724,2.3165791803091658
217,0.36551724137931035,18.455005105478588
217,0.37241379310344824,3.8971900731290137
217,0.3793103448275862,13.29880979592991
217,0.38620689655172413,8.774105566242845
217,0.3931034482758621,9.756003914539901
217,0.4,11.17493230719381
217,0.4068965517241379,13.146662031552912
217,0.41379310344827586,7.341547789436474
217,0.4206896551724138,3.998170288599006
217,0.4275862068965517,9.142579069621702
217,0.43448275862068964,12.162516264386827
217,0.4413793103448276,5.787921359748899
217,0.4482758620689655,13.229719984981639
217,0.45517241379310347,6.957151008328322
217,0.46206896551724136,29.428719278915338
217,0.4689655172413793,8.235139496436751
217,0.47586206896551725,1.6277460125800904
217,0.48275862068965514,5.937907704341092
217,0.4896551724137931,11.407146885202184
217,0.496551724137931,12.18476228537187
218,0.0,3.1086244689504383e-15
218,0.007874015748031496,26.66978360841771
218,0.015748031496062992,14.212173872708142
218,0.023622047244094488,28.905381168677188
218,0.031496062992125984,16.163506367154618
218,0.03937007874015748,21.358001260661183
218,0.047244094488188976,14.752455634184248
218,0.05511811023622047,5.2751917378949065
218,0.06299212598425197,15.193625903275137
218,0.07086614173228346,17.683025250710138
218,0.07874015748031496,1.0687593713672616
218,0.08661417322834646,4.745287741239071
218,0.09448818897637795,15.499242392389027
218,0.10236220472440945,8.786345257456583
218,0.11023622047244094,5.00024786981973
218,0.11811023622047244,11.894703414012662
218,0.12598425196850394,8.929276526092252
218,0.13385826771653542,10.229933612858705
218,0.14173228346456693,4.7454200228703955
218,0.14960629921259844,1.0507032736971136
218,0.15748031496062992,12.325933748957107
218,0.1653543307086614,4.076502507046254
218,0.1732283464566929,10.972987394002597
218,0.18110236220472442,1.9160244880098896
218,0.1889763779527559,15.421551232250795
218,0.19685039370078738,11.041513304074705
218,0.2047244094488189,10.751045751633484
218,0.2125984251968504,16.85839970112713
218,0.2204724409448819,8.79603676982269
218,0.22834645669291337,19.789395680968664
218,0.23622047244094488,7.792325093837302
218,0.2440944881889764,5.441001717245131
218,0.25196850393700787,5.294617153110624
218,0.25984251968503935,2.2018090794730165
218,0.26771653543307083,11.414485349977763
218,0.2755905511811024,5.363984118823483
218,0.28346456692913385,5.054448238744255
218,0.29133858267716534,4.905300046123166
218,0.2992125984251969,6.8134647034182105
218,0.30708661417322836,5.314017956357298
218,0.31496062992125984,1.1081699023307812
218,0.3228346456692913,3.576875144158826
218,0.3307086614173228,10.861281766976687
218,0.33858267716535434,9.889504667150744
218,0.3464566929133858,4.34875494021552
218,0.3543307086614173,7.888412613533809
218,0.36220472440944884,18.913344223641673
218,0.3700787401574803,3.1733260064549786
218,0.3779527559055118,2.493770236520367
218,0.3858267716535433,4.026242022747438
218,0.39370078740157477,5.4805852177755225
218,0.4015748031496063,11.915519550774627
218,0.4094488188976378,14.566231114708062
218,0.41732283464566927,12.030254277096
218,0.4251968503937008,11.604557741124584
218,0.4330708661417323,11.381532797807491
218,0.4409448818897638,4.752813269608882
218,0.44881889763779526,7.282452214912866
218,0.45669291338582674,13.595793828933791
218,0.4645669291338583,9.893829742284765
218,0.47244094488188976,9.87679740158301
218,0.48031496062992124,6.706343564802413
218,0.4881889763779528,5.471659855042199
218,0.49606299212598426,11.871485276530485
219,0.0,5.329070518200751e-15
219,0.00847457627118644,27.990074843247804
219,0.01694915254237288,13.423055223423992
219,0.025423728813559324,21.836920418631305
219,0.03389830508474576,12.939096575424335
219,0.0423728813559322,11.873443383719314
219,0.05084745762711865,15.79686754483877
219,0.059322033898305086,13.050280873001885
219,0.06779661016949153,6.5573006921148504
219,0.07627118644067797,6.119414673198653
219,0.0847457627118644,6.4833380800578215
219,0.09322033898305085,0.6067379777516395
219,0.1016949152542373,5.265612687248514
219,0.11016949152542373,15.347526581316757
219,0.11864406779661017,2.214612923151927
219,0.1271186440677966,4.471196630016022
219,0.13559322033898305,4.822780269200519
219,0.1440677966101695,7.840453976272956
219,0.15254237288135594,8.180584847169602
219,0.16101694915254236,9.393886260912314
219,0.1694915254237288,6.395289023417542
219,0.17796610169491525,6.9159420009590375
219,0.1864406779661017,8.338017563922234
219,0.19491525423728814,1.341470876353339
219,0.2033898305084746,13.451529535984852
219,0.211864406779661,4.58663939857001
219,0.22033898305084745,6.459185615214037
219,0.2288135593220339,16.872876408431473
219,0.23728813559322035,8.67371174961519
219,0.2457627118644068,14.986764552840253
219,0.2542372881355932,20.219397117177817
219,0.2627118644067797,14.124684312693976
219,0.2711864406779661,6.281566849473499
219,0.2796610169491525,10.111634169194677
219,0.288135593220339,5.038796798041991
219,0.2966101694915254,11.348073298771958
219,0.3050847457627119,7.056833903029654
219,0.3135593220338983,7.751242610741058
219,0.3220338983050847,0.8765955092832661
219,0.3305084745762712,2.16559726128659
219,0.3389830508474576,10.640297482189663
219,0.3474576271186441,8.63465388735589
219,0.3559322033898305,14.194925789032267
219,0.3644067796610169,5.616272709804644
219,0.3728813559322034,9.518507252690934
219,0.3813559322033898,11.064630299180381
219,0.3898305084745763,7.622059046116309
219,0.3983050847457627,9.225673356040456
219,0.4067796610169492,12.621607889772338
219,0.4152542372881356,13.592345580152392
219,0.423728813559322,9.26642402408803
219,0.4322033898305085,15.995235259551903
219,0.4406779661016949,4.404153246105135
219,0.4491525423728814,9.488589071925885
219,0.4576271186440678,3.206760172388172
219,0.4661016949152542,11.794483188986131
219,0.4745762711864407,5.590117296226409
219,0.4830508474576271,4.400068874710042
219,0.4915254237288136,10.376467378935997
220,0.0,3.9968028886505635e-15
220,0.0072992700729927005,28.533494522467368
220,0.014598540145985401,18.81514104376927
220,0.021897810218978103,25.050230307641385
220,0.029197080291970802,15.379049850998364
220,0.0364963503649635,14.370305916664854
220,0.043795620437956206,16.538728771505063
220,0.051094890510948905,6.833219955772902
220,0.058394160583941604,17.30325482525488
220,0.06569343065693431,11.529758439607084
220,0.072992700729927,11.553892069914188
220,0.08029197080291971,11.713367682137468
220,0.08759124087591241,15.105390020338563
220,0.0948905109489051,10.167329279542727
220,0.10218978102189781,11.987612879322404
220,0.1094890510948905,10.062421857982825
220,0.11678832116788321,13.399809402302264
220,0.12408759124087591,11.471991490287113
220,0.13138686131386862,9.107608069320925
220,0.1386861313868613,1.1691673533860538
220,0.145985401459854,3.927485705243478
220,0.15328467153284672,13.91188808956183
220,0.16058394160583941,3.0715534186089637
220,0.1678832116788321,12.357161548146813
220,0.17518248175182483,12.30104152938266
220,0.18248175182481752,3.4529111580201732
220,0.1897810218978102,7.348955374885881
220,0.1970802919708029,7.120069087501484
220,0.20437956204379562,2.8266822706617316
220,0.2116788321167883,11.8643847760476
220,0.218978102189781,11.364449568659802
220,0.22627737226277372,13.49060135495038
220,0.23357664233576642,14.103383343493103
220,0.2408759124087591,6.387542142563451
220,0.24817518248175183,7.445920206891808
220,0.2554744525547445,16.336792092493937
220,0.26277372262773724,15.749143697892162
220,0.27007299270072993,7.698838451828062
220,0.2773722627737226,20.126861474181553
220,0.2846715328467153,12.540415721874574
220,0.291970802919708,5.792075053283335
220,0.2992700729927007,7.732574933006842
220,0.30656934306569344,8.89481322829835
220,0.31386861313868614,10.69849505475409
220,0.32116788321167883,8.166984346651395
220,0.3284671532846715,14.41867572600218
220,0.3357664233576642,6.821309778089632
220,0.3430656934306569,16.86136691564206
220,0.35036496350364965,10.68330314827057
220,0.35766423357664234,6.4355804177083735
220,0.36496350364963503,15.855359717695132
220,0.3722627737226277,10.459431105054811
220,0.3795620437956204,15.177546253943834
220,0.3868613138686131,5.119077800684071
220,0.3941605839416058,4.776618614761758
220,0.40145985401459855,7.916759328060466
220,0.40875912408759124,7.588616307595627
220,0.41605839416058393,5.6636542234245875
220,0.4233576642335766,9.161979199395947
220,0.4306569343065693,12.734088885404637
220,0.437956204379562,7.82996333198267
220,0.44525547445255476,13.343611150735724
220,0.45255474452554745,4.442380568381388
220,0.45985401459854014,8.3077592112016
220,0.46715328467153283,4.8025116069322635
220,0.4744525547445255,6.722345192268053
220,0.4817518248175182,7.258434832504632
220,0.4890510948905109,6.018110707054899
220,0.49635036496350365,6.9376623625913805
221,0.0,2.042810365310288e-14
221,0.007575757575757576,28.155393780727277
221,0.015151515151515152,25.282403455230945
221,0.022727272727272728,22.614578497411923
221,0.030303030303030304,20.27208860221859
221,0.03787878787878788,10.71145978939801
221,0.045454545454545456,14.725642344781418
221,0.05303030303030303,9.403662702445274
221,0.06060606060606061,12.438586332120506
221,0.06818181818181818,12.603335985015947
221,0.07575757575757576,10.869606711120083
221,0.08333333333333334,8.140453052914653
221,0.09090909090909091,7.457234191253782
221,0.09848484848484848,16.813161634497106
221,0.10606060606060606,14.660482864561903
221,0.11363636363636365,10.163685072635536
221,0.12121212121212122,17.06372152134075
221,0.12878787878787878,6.329872835431117
221,0.13636363636363635,3.885634197529849
221,0.14393939393939395,12.427646408020925
221,0.15151515151515152,7.6353060822359815
221,0.1590909090909091,10.61336296601654
221,0.16666666666666669,2.3809125832725133
221,0.17424242424242425,8.786539676598384
221,0.18181818181818182,12.788048270120628
221,0.1893939393939394,18.37800473226946
221,0.19696969696969696,15.15553891065383
221,0.20454545454545456,9.838892733447446
221,0.21212121212121213,12.66815190496295
221,0.2196969696969697,6.094998222750083
221,0.2272727272727273,1.803582501619046
221,0.23484848484848486,5.009994567933416
221,0.24242424242424243,13.624055874321588
221,0.25,5.491291691379413
221,0.25757575757575757,8.869102840434676
221,0.26515151515151514,10.078002532259898
221,0.2727272727272727,2.7647239329797952
221,0.28030303030303033,4.032949020731072
221,0.2878787878787879,13.90927316253417
221,0.29545454545454547,10.938626979750827
221,0.30303030303030304,1.4740560125251407
221,0.3106060606060606,8.057016320196018
221,0.3181818181818182,11.002369730852234
221,0.32575757575757575,11.50706281885596
221,0.33333333333333337,12.981650341083911
221,0.34090909090909094,4.780951372869216
221,0.3484848484848485,11.70290677713572
221,0.3560606060606061,14.033334151891394
221,0.36363636363636365,5.4505958755195545
221,0.3712121212121212,3.2465067163447157
221,0.3787878787878788,19.400023118145075
221,0.38636363636363635,5.917962439740982
221,0.3939393939393939,4.184090467521123
221,0.40151515151515155,5.249898108878848
221,0.4090909090909091,7.934083424542795
221,0.4166666666666667,4.472849361952941
221,0.42424242424242425,6.818556829547634
221,0.4318181818181818,8.737731338634848
221,0.4393939393939394,3.1558054694273916
221,0.44696969696969696,12.979642604050907
221,0.4545454545454546,11.279748219310486
221,0.46212121212121215,5.508276096253132
221,0.4696969696969697,10.305217577892757
221,0.4772727272727273,11.11955304312961
221,0.48484848484848486,7.991879908799753
221,0.49242424242424243,6.062297058162815
222,0.0,6.661338147750939e-15
222,0.007518796992481203,14.76428381256026
222,0.015037593984962405,24.44523087120024
222,0.022556390977443608,21.292594158544926
222,0.03007518796992481,8.596421113847446
222,0.03759398496240601,19.727352987969446
222,0.045112781954887216,8.423888561172998
222,0.05263157894736842,16.406636016050705
222,0.06015037593984962,14.141800347069333
222,0.06766917293233082,9.331204200818053
222,0.07518796992481203,22.20600587658778
222,0.08270676691729323,14.778383825394892
222,0.09022556390977443,18.647753464838704
222,0.09774436090225563,9.01200590753866
222,0.10526315789473684,9.436974013204471
222,0.11278195488721804,11.511649210689674
222,0.12030075187969924,11.380670614500946
222,0.12781954887218044,6.250067133409316
222,0.13533834586466165,5.898623821468304
222,0.14285714285714285,15.11019609944797
222,0.15037593984962405,5.7205861156294775
222,0.15789473684210525,16.19702663120542
222,0.16541353383458646,9.02466095325209
222,0.17293233082706766,6.7729336988557165
222,0.18045112781954886,12.806853723549972
222,0.18796992481203006,5.938326907559158
222,0.19548872180451127,15.125629712667067
222,0.20300751879699247,5.582679165687219
222,0.21052631578947367,3.8311507365300415
222,0.21804511278195488,4.374800432805076
222,0.22556390977443608,5.742145908265155
222,0.23308270676691728,12.960179556134937
222,0.24060150375939848,7.74671529338807
222,0.24812030075187969,8.64912539382065
222,0.2556390977443609,20.632579692338997
222,0.2631578947368421,8.700498758848179
222,0.2706766917293233,7.574393212870336
222,0.2781954887218045,10.73597681204218
222,0.2857142857142857,4.186537214771708
222,0.2932330827067669,0.6455909049230337
222,0.3007518796992481,4.916256816261799
222,0.3082706766917293,13.99653511073078
222,0.3157894736842105,4.388057400193309
222,0.3233082706766917,14.015007910913774
222,0.3308270676691729,5.783971148863807
222,0.3383458646616541,17.031527920210458
222,0.3458646616541353,4.332801224107016
222,0.3533834586466165,12.83001878156694
222,0.3609022556390977,13.45883889654717
222,0.3684210526315789,12.131120442457512
222,0.37593984962406013,9.67846010707682
222,0.38345864661654133,3.344259148419091
222,0.39097744360902253,5.848939416851262
222,0.39849624060150374,11.518528050700846
222,0.40601503759398494,6.524661734538397
222,0.41353383458646614,12.816808630859233
222,0.42105263157894735,6.2409734071768925
222,0.42857142857142855,5.726185628386663
222,0.43609022556390975,7.178972838416929
222,0.44360902255639095,7.344957999176271
222,0.45112781954887216,13.559427121534211
222,0.45864661654135336,9.706881031582316
222,0.46616541353383456,7.192189320086404
222,0.47368421052631576,10.099447755873086
222,0.48120300751879697,9.526876671474604
222,0.48872180451127817,17.289310223836527
222,0.49624060150375937,0.3662036126868205
223,0.0,3.552713678800501e-14
223,0.008,29.65079584623324
223,0.016,14.600479756030937
223,0.024,12.448127788240996
223,0.032,17.67577598182275
223,0.04,4.0286536503759915
223,0.048,6.994641851105798
223,0.056,13.33354891670073
223,0.064,12.294933326287598
223,0.07200000000000001,2.2008925508554253
223,0.08,11.182873166735613
223,0.088,23.250110557039154
223,0.096,13.572297329666464
223,0.10400000000000001,10.578836833667967
223,0.112,8.335651528229468
223,0.12,13.996783100631431
223,0.128,7.464199744892453
223,0.136,8.240864148964475
223,0.14400000000000002,11.516605111648609
223,0.152,5.255530380308085
223,0.16,6.1446786572016805
223,0.168,8.572003214373051
223,0.176,13.604035026520995
223,0.184,8.007884407283312
223,0.192,4.583008473530172
223,0.2,15.34090791542709
223,0.20800000000000002,7.58405836028891
223,0.216,14.721072209467872
223,0.224,9.404309046485128
223,0.232,1.4085048906241522
223,0.24,6.6523491711069305
223,0.248,8.444830948198733
223,0.256,2.899772634910212
223,0.264,10.821706681833254
223,0.272,5.417693658201995
223,0.28,2.20098775167064
223,0.28800000000000003,6.725248838146446
223,0.296,18.44556678342978
223,0.304,17.756127858187163
223,0.312,8.480168340375283
223,0.32,4.636122205713945
223,0.328,10.643717985059233
223,0.336,7.159227932347026
223,0.34400000000000003,9.18735914275797
223,0.352,11.719269840728543
223,0.36,1.542629680187729
223,0.368,12.514562674833769
223,0.376,14.853536104490873
223,0.384,13.70592480564812
223,0.392,11.798391370265234
223,0.4,9.336267890411815
223,0.40800000000000003,1.4923098473756513
223,0.41600000000000004,8.136313041713963
223,0.424,9.328647773216924
223,0.432,10.405700295136368
223,0.44,4.416911819255366
223,0.448,14.193785333807373
223,0.456,11.66450661697962
223,0.464,6.228121420243191
223,0.47200000000000003,6.625773898931265
223,0.48,16.696696097756117
223,0.488,8.722153669165774
223,0.496,7.3132139738379855
224,0.0,1.7763568394002505e-15
224,0.007246376811594203,24.712894265609187
224,0.014492753623188406,21.35308239362297
224,0.021739130434782608,23.453914672793214
224,0.028985507246376812,17.315609094019376
224,0.036231884057971016,14.334359975705993
224,0.043478260869565216,9.5425106458629
224,0.050724637681159424,14.141808075134099
224,0.057971014492753624,15.5039210651778
224,0.06521739130434782,10.231163155203298
224,0.07246376811594203,3.213017651167325
224,0.07971014492753624,12.525919100841845
224,0.08695652173913043,2.1510268389078
224,0.09420289855072464,9.338505655711684
224,0.10144927536231885,2.3369271443808066
224,0.10869565217391304,9.840657614395253
224,0.11594202898550725,3.8122733994076365
224,0.12318840579710146,6.942831476202467
224,0.13043478260869565,12.195091915159797
224,0.13768115942028986,11.479762269285303
224,0.14492753623188406,5.885548343842367
224,0.15217391304347827,15.756225114044048
224,0.15942028985507248,12.714211479281195
224,0.16666666666666666,8.43552635771109
224,0.17391304347826086,6.818936500952284
224,0.18115942028985507,7.756144127471292
224,0.18840579710144928,9.692952947408976
224,0.1956521739130435,15.815014753083133
224,0.2028985507246377,16.755908078200395
224,0.21014492753623187,19.036592022157375
224,0.21739130434782608,18.94367480597903
224,0.2246376811594203,12.763100037702612
224,0.2318840579710145,13.409079692015148
224,0.2391304347826087,10.215592047859312
224,0.2463768115942029,4.764283296462541
224,0.2536231884057971,11.279939886229629
224,0.2608695652173913,8.657332687390822
224,0.26811594202898553,9.883861161411563
224,0.2753623188405797,7.887987170640938
224,0.2826086956521739,5.008269927153369
224,0.2898550724637681,2.8732831667844705
224,0.2971014492753623,8.261841785977733
224,0.30434782608695654,15.705533724593218
224,0.3115942028985507,3.8222754803175336
224,0.31884057971014496,8.515049618534446
224,0.32608695652173914,5.543149738880493
224,0.3333333333333333,6.2059016843872
224,0.34057971014492755,10.496432167342629
224,0.34782608695652173,13.105274442043429
224,0.35507246376811596,8.347875135447346
224,0.36231884057971014,15.2737664473476
224,0.3695652173913044,12.142213783885044
224,0.37681159420289856,15.519110245159697
224,0.38405797101449274,19.147293007272477
224,0.391304347826087,14.604492517707564
224,0.39855072463768115,7.5009157178321635
224,0.4057971014492754,4.8189632136475
224,0.41304347826086957,5.836890432756075
224,0.42028985507246375,4.43160670969437
224,0.427536231884058,1.4029858423423842
224,0.43478260869565216,5.626675752828159
224,0.4420289855072464,9.356782393903979
224,0.4492753623188406,7.793263100267135
224,0.4565217391304348,12.111264459459738
224,0.463768115942029,13.550193243331407
224,0.47101449275362317,8.875811786293555
224,0.4782608695652174,11.580790864711073
224,0.4855072463768116,10.52079582831514
224,0.4927536231884058,10.424551549045757
225,0.0,1.2434497875801753e-14
225,0.007936507936507936,13.045123951620118
225,0.015873015873015872,18.5890194300659
225,0.023809523809523808,11.65284093442614
225,0.031746031746031744,15.715153664809844
225,0.03968253968253968,13.655967855803652
225,0.047619047619047616,12.52031471568423
225,0.05555555555555555,6.727393180754687
225,0.06349206349206349,5.703508159163559
225,0.07142857142857142,17.78085535939613
225,0.07936507936507936,14.782908923972235
225,0.0873015873015873,7.7420408835841705
225,0.09523809523809523,13.465063576033991
225,0.10317460317460317,12.20042940585001
225,0.1111111111111111,4.495383425095347
225,0.11904761904761904,15.907366180906267
225,0.12698412698412698,6.489434482275214
225,0.1349206349206349,5.122475679778344
225,0.14285714285714285,8.103895274225591
225,0.15079365079365079,2.3105556964370044
225,0.15873015873015872,11.63881396857915
225,0.16666666666666666,9.50066642964153
225,0.1746031746031746,4.683021726254915
225,0.18253968253968253,3.0893447487418455
225,0.19047619047619047,3.9828251486528488
225,0.1984126984126984,4.557669732751139
225,0.20634920634920634,10.105482322569067
225,0.21428571428571427,10.006681218197324
225,0.2222222222222222,6.645402476975069
225,0.23015873015873015,5.778421938937704
225,0.23809523809523808,12.296076943128398
225,0.24603174603174602,11.916538859223033
225,0.25396825396825395,3.754657788722267
225,0.26190476190476186,11.78266670007528
225,0.2698412698412698,5.276448101755323
225,0.2777777777777778,6.257599952690895
225,0.2857142857142857,16.007989378549603
225,0.2936507936507936,13.319004299673994
225,0.30158730158730157,2.4373783609294675
225,0.30952380952380953,11.67957773525541
225,0.31746031746031744,11.760939425952241
225,0.32539682539682535,8.515272813846492
225,0.3333333333333333,5.67761340019859
225,0.3412698412698413,10.27106826770133
225,0.3492063492063492,14.120797349051708
225,0.3571428571428571,20.078174488699926
225,0.36507936507936506,14.472891428132915
225,0.373015873015873,5.151489422844234
225,0.38095238095238093,9.987493017187148
225,0.38888888888888884,8.103787721063597
225,0.3968253968253968,7.303728564515602
225,0.40476190476190477,16.361004605050905
225,0.4126984126984127,17.299563486255597
225,0.4206349206349206,10.451070782589634
225,0.42857142857142855,13.847909591715716
225,0.4365079365079365,18.931532056175076
225,0.4444444444444444,7.269956202508391
225,0.45238095238095233,3.8250940887330436
225,0.4603174603174603,11.803740496090994
225,0.46825396825396826,23.899190140303602
225,0.47619047619047616,9.588583954564205
225,0.4841269841269841,7.202518321772065
225,0.49206349206349204,4.181830737396785
226,0.0,7.993605777301127e-15
226,0.007352941176470588,31.582488952721437
226,0.014705882352941176,5.116474649891491
226,0.022058823529411763,9.955668317721084
226,0.029411764705882353,11.555552004748572
226,0.03676470588235294,4.341169025191332
226,0.044117647058823525,4.271531208184272
226,0.051470588235294115,6.569745074372599
226,0.058823529411764705,4.538084085407539
226,0.0661764705882353,7.1757794288413255
226,0.07352941176470588,0.9068835873662308
226,0.08088235294117647,18.328211386953562
226,0.08823529411764705,4.372764994658776
226,0.09558823529411764,7.047529912470155
226,0.10294117647058823,7.396648273249127
226,0.11029411764705882,9.982913134727228
226,0.11764705882352941,13.092564055276704
226,0.125,18.01865079955327
226,0.1323529411764706,10.467226920765146
226,0.13970588235294118,6.112320430486456
226,0.14705882352941177,21.139604756325355
226,0.15441176470588236,20.953167486239877
226,0.16176470588235295,7.281399768969722
226,0.16911764705882354,13.886977613850968
226,0.1764705882352941,14.122277825461046
226,0.1838235294117647,4.032557782917387
226,0.19117647058823528,9.120379847594887
226,0.19852941176470587,4.525678620235246
226,0.20588235294117646,13.243393379468671
226,0.21323529411764705,10.76535280192795
226,0.22058823529411764,7.699364474811846
226,0.22794117647058823,3.2892151454593157
226,0.23529411764705882,11.06454749044634
226,0.2426470588235294,2.9103823978092516
226,0.25,10.774391405067927
226,0.25735294117647056,10.012549114836874
226,0.2647058823529412,10.407850491563655
226,0.27205882352941174,8.171802338147833
226,0.27941176470588236,8.136651817265927
226,0.2867647058823529,14.612987941798828
226,0.29411764705882354,15.04555592573709
226,0.3014705882352941,10.11743793133241
226,0.3088235294117647,6.489696372572251
226,0.3161764705882353,11.937401266891623
226,0.3235294117647059,8.799601698559986
226,0.33088235294117646,9.523678961599959
226,0.3382352941176471,12.089073553580109
226,0.34558823529411764,9.712556556047282
226,0.3529411764705882,13.42106961544497
226,0.3602941176470588,11.321959005585146
226,0.3676470588235294,10.764773905762745
226,0.375,16.97633448046431
226,0.38235294117647056,14.921310224505385
226,0.3897058823529412,14.609249668254042
226,0.39705882352941174,16.75208969737997
226,0.40441176470588236,6.196939847562849
226,0.4117647058823529,6.578918145541097
226,0.41911764705882354,4.137609042448838
226,0.4264705882352941,14.887629169766575
226,0.4338235294117647,15.13174942882367
226,0.4411764705882353,10.289251681532582
226,0.4485294117647059,10.264105829761206
226,0.45588235294117646,9.429130943433552
226,0.4632352941176471,12.92880039381231
226,0.47058823529411764,7.969442752135296
226,0.4779411764705882,20.472168485798438
226,0.4852941176470588,8.107862911812157
226,0.4926470588235294,5.525862886858283
227,0.0,1.1546319456101628e-14
227,0.0070921985815602835,32.306189818607514
227,0.014184397163120567,30.020149348001144
227,0.02127659574468085,16.854702959061044
227,0.028368794326241134,13.411550415921292
227,0.035460992907801414,9.615270490048198
227,0.0425531914893617,8.5110918891184
227,0.04964539007092199,4.359201974280815
227,0.05673758865248227,4.840907923644108
227,0.06382978723404255,11.886702721633071
227,0.07092198581560283,17.9400600312324
227,0.07801418439716312,15.315181286024329
227,0.0851063829787234,4.612505583617071
227,0.09219858156028368,16.167969460630328
227,0.09929078014184398,11.066585698889735
227,0.10638297872340426,19.07376980842795
227,0.11347517730496454,5.302595406339699
227,0.12056737588652482,2.055222245562277
227,0.1276595744680851,10.66340570923795
227,0.1347517730496454,11.614177545363207
227,0.14184397163120566,7.256776054125579
227,0.14893617021276595,11.100589970314262
227,0.15602836879432624,4.584927031391077
227,0.1631205673758865,11.188283235482938
227,0.1702127659574468,3.937355273736535
227,0.1773049645390071,0.27724619067203604
227,0.18439716312056736,12.624022516944127
227,0.19148936170212766,10.877844252509844
227,0.19858156028368795,1.5360941103365486
227,0.20567375886524822,13.616849461932421
227,0.2127659574468085,8.504316382555329
227,0.21985815602836878,11.740363084718028
227,0.22695035460992907,9.411201375110933
227,0.23404255319148937,3.8846267960626313
227,0.24113475177304963,6.259348307052719
227,0.24822695035460993,10.714258657782587
227,0.2553191489361702,8.982945439202135
227,0.2624113475177305,2.5110246906852156
227,0.2695035460992908,8.059010154146872
227,0.2765957446808511,4.65917309708739
227,0.2836879432624113,12.531666085129068
227,0.2907801418439716,7.979862750755018
227,0.2978723404255319,15.432672568793224
227,0.3049645390070922,15.733092323591594
227,0.3120567375886525,9.281909317979078
227,0.3191489361702128,8.68838767639016
227,0.326241134751773,8.21923376099516
227,0.3333333333333333,14.701428227490407
227,0.3404255319148936,10.894093379374135
227,0.3475177304964539,12.079123346388355
227,0.3546099290780142,14.667408266442266
227,0.36170212765957444,11.051011272778908
227,0.36879432624113473,0.8881807677095277
227,0.375886524822695,0.8269122596158371
227,0.3829787234042553,10.63228158215126
227,0.3900709219858156,8.472966809550316
227,0.3971631205673759,10.408865493763095
227,0.40425531914893614,6.462223699181219
227,0.41134751773049644,6.701230767558081
227,0.41843971631205673,15.226584370457841
227,0.425531914893617,5.5101501474932615
227,0.4326241134751773,12.759275861211336
227,0.43971631205673756,10.347477861383359
227,0.44680851063829785,16.558003100499302
227,0.45390070921985815,8.801720931724264
227,0.46099290780141844,16.0218737261244
227,0.46808510638297873,18.070504736028223
227,0.47517730496453897,13.021459209203861
227,0.48226950354609927,10.765590781174305
227,0.48936170212765956,12.91639248593406
227,0.49645390070921985,8.830305993151491
228,0.0,1.7763568394002505e-15
228,0.007575757575757576,25.091396166130473
228,0.015151515151515152,18.690411892459796
228,0.022727272727272728,19.5471231429484
228,0.030303030303030304,12.431299190233394
228,0.03787878787878788,18.214040348247526
228,0.045454545454545456,12.03751316868836
228,0.05303030303030303,18.526485327747817
228,0.06060606060606061,11.783432181432424
228,0.06818181818181818,15.409700673911773
228,0.07575757575757576,13.279974807178721
228,0.08333333333333334,15.277013491138074
228,0.09090909090909091,14.680518043016393
228,0.09848484848484848,8.637578297066119
228,0.10606060606060606,10.60833115889477
228,0.11363636363636365,8.265488527456556
228,0.12121212121212122,12.572249215192688
228,0.12878787878787878,18.37185357772716
228,0.13636363636363635,20.18468985897609
228,0.14393939393939395,10.955048998303278
228,0.15151515151515152,9.861286287298576
228,0.1590909090909091,5.490582316744916
228,0.16666666666666669,9.901065292512751
228,0.17424242424242425,10.333529618276488
228,0.18181818181818182,4.155794757102287
228,0.1893939393939394,6.874204700638137
228,0.19696969696969696,3.1942549049560762
228,0.20454545454545456,5.7841063904109795
228,0.21212121212121213,6.320880602648752
228,0.2196969696969697,9.973730658577821
228,0.2272727272727273,1.048576822937466
228,0.23484848484848486,4.917562347922449
228,0.24242424242424243,7.663641348900175
228,0.25,1.5891135040197668
228,0.25757575757575757,0.9292339817942876
228,0.26515151515151514,19.488011480346128
228,0.2727272727272727,7.52700677972139
228,0.28030303030303033,11.149542118675186
228,0.2878787878787879,11.647294757626115
228,0.29545454545454547,7.810712654096302
228,0.30303030303030304,8.290863879715886
228,0.3106060606060606,5.246434911854734
228,0.3181818181818182,1.9003572507070974
228,0.32575757575757575,7.112469271192064
228,0.33333333333333337,8.670621848518232
228,0.34090909090909094,13.172480867957743
228,0.3484848484848485,6.961815280856338
228,0.3560606060606061,1.077343123370677
228,0.36363636363636365,7.096121904112057
228,0.3712121212121212,12.901423585155605
228,0.3787878787878788,10.972047911264303
228,0.38636363636363635,20.614611450828036
228,0.3939393939393939,6.874215730526508
228,0.40151515151515155,15.535716868326842
228,0.4090909090909091,3.818098416500275
228,0.4166666666666667,11.717148636249243
228,0.42424242424242425,15.66519971844595
228,0.4318181818181818,5.178758271478775
228,0.4393939393939394,3.473064364581025
228,0.44696969696969696,7.6063719150789115
228,0.4545454545454546,9.147280458743392
228,0.46212121212121215,4.56185992752707
228,0.4696969696969697,7.473930056410775
228,0.4772727272727273,5.860323526504131
228,0.48484848484848486,4.1928461909584165
228,0.49242424242424243,19.219029599942573
229,0.0,4.773959005888173e-15
229,0.0072992700729927005,21.67888443893343
229,0.014598540145985401,21.948091013241832
229,0.021897810218978103,12.468878172905226
229,0.029197080291970802,25.062285202077522
229,0.0364963503649635,10.101373902701813
229,0.043795620437956206,9.252571224549516
229,0.051094890510948905,11.075011950278634
229,0.058394160583941604,13.03287958352624
229,0.06569343065693431,9.724866356088054
229,0.072992700729927,7.655378869361018
229,0.08029197080291971,7.127436829609479
229,0.08759124087591241,2.4918376827576965
229,0.0948905109489051,14.098726763244033
229,0.10218978102189781,4.530625972760214
229,0.1094890510948905,1.572513218195816
229,0.11678832116788321,8.400869999413647
229,0.12408759124087591,21.97570797597598
229,0.13138686131386862,14.060512564917751
229,0.1386861313868613,10.666180000667124
229,0.145985401459854,4.367395518301677
229,0.15328467153284672,11.903211944447724
229,0.16058394160583941,6.977330896989716
229,0.1678832116788321,6.692252236138627
229,0.17518248175182483,6.747989321887261
229,0.18248175182481752,2.0169692108722717
229,0.1897810218978102,10.007830910293949
229,0.1970802919708029,11.048819489591432
229,0.20437956204379562,8.31892571959835
229,0.2116788321167883,15.867035628633403
229,0.218978102189781,6.442958188829564
229,0.22627737226277372,13.43606397813861
229,0.23357664233576642,0.6944945451786728
229,0.2408759124087591,8.283850807681626
229,0.24817518248175183,18.16908377485925
229,0.2554744525547445,8.994922390823128
229,0.26277372262773724,13.875531926131513
229,0.27007299270072993,6.242267867463816
229,0.2773722627737226,8.950403316003463
229,0.2846715328467153,15.644531011470473
229,0.291970802919708,9.036811286137102
229,0.2992700729927007,5.712869997819885
229,0.30656934306569344,4.340741348138845
229,0.31386861313868614,5.268482281140751
229,0.32116788321167883,6.237687591627927
229,0.3284671532846715,11.320113466027829
229,0.3357664233576642,10.747785388352714
229,0.3430656934306569,8.941807936631664
229,0.35036496350364965,3.0925202018528912
229,0.35766423357664234,17.13678515576959
229,0.36496350364963503,16.120451809925754
229,0.3722627737226277,11.478787230110907
229,0.3795620437956204,4.7249962113243775
229,0.3868613138686131,3.670771114721515
229,0.3941605839416058,11.441713794110619
229,0.40145985401459855,9.804448657267452
229,0.40875912408759124,10.934316772977304
229,0.41605839416058393,8.670502143439771
229,0.4233576642335766,9.18856255456183
229,0.4306569343065693,4.755761028422031
229,0.437956204379562,25.517271889894044
229,0.44525547445255476,11.549090410558996
229,0.45255474452554745,2.538744950437691
229,0.45985401459854014,10.570181907993454
229,0.46715328467153283,26.901124539577683
229,0.4744525547445255,15.14417292410135
229,0.4817518248175182,6.809610690114585
229,0.4890510948905109,4.0142313206952105
229,0.49635036496350365,8.090288066047684
230,0.0,8.881784197001252e-16
230,0.007751937984496124,17.642874565396475
230,0.015503875968992248,11.051260342724467
230,0.023255813953488372,16.181154228794092
230,0.031007751937984496,19.96645978517899
230,0.03875968992248062,6.704062697465833
230,0.046511627906976744,8.843269532354295
230,0.05426356589147287,13.188423388899082
230,0.06201550387596899,5.819561891094642
230,0.06976744186046512,5.811872388937323
230,0.07751937984496124,16.15704998574363
230,0.08527131782945736,15.806631123536521
230,0.09302325581395349,9.336282496690226
230,0.10077519379844961,10.497157753363389
230,0.10852713178294573,14.707853652270053
230,0.11627906976744186,2.9101367170883274
230,0.12403100775193798,8.000784482776199
230,0.13178294573643412,16.52069975622542
230,0.13953488372093023,9.29006586824342
230,0.14728682170542634,9.47263637104143
230,0.15503875968992248,6.591689734607887
230,0.16279069767441862,13.043192898277223
230,0.17054263565891473,8.371434316544885
230,0.17829457364341084,10.813354551181181
230,0.18604651162790697,5.446447911608102
230,0.1937984496124031,13.035000751438911
230,0.20155038759689922,20.77968553024751
230,0.20930232558139533,14.784176745259533
230,0.21705426356589147,9.885279937739845
230,0.2248062015503876,8.195291037332412
230,0.23255813953488372,2.918926990328594
230,0.24031007751937983,17.357033553959237
230,0.24806201550387597,9.98148425000152
230,0.2558139534883721,11.454162499386227
230,0.26356589147286824,9.658321636607468
230,0.2713178294573643,1.89511314011526
230,0.27906976744186046,8.117944122633494
230,0.2868217054263566,15.414043844522267
230,0.2945736434108527,6.342436247975685
230,0.3023255813953488,7.794127901277344
230,0.31007751937984496,2.7672604834697885
230,0.3178294573643411,3.8983871489247828
230,0.32558139534883723,13.160899240296366
230,0.3333333333333333,7.024492088251571
230,0.34108527131782945,7.799219188306713
230,0.3488372093023256,20.91783665451109
230,0.3565891472868217,12.204096387094589
230,0.3643410852713178,9.090543344438107
230,0.37209302325581395,8.373830672337702
230,0.3798449612403101,9.468439180912554
230,0.3875968992248062,2.01175201189486
230,0.3953488372093023,2.204206027708876
230,0.40310077519379844,4.750640660190401
230,0.4108527131782946,9.524500074073025
230,0.41860465116279066,7.314390867827712
230,0.4263565891472868,1.5625021340171155
230,0.43410852713178294,17.808967356141892
230,0.4418604651162791,20.242120860273175
230,0.4496124031007752,14.238241582904905
230,0.4573643410852713,16.121172904350832
230,0.46511627906976744,12.317607490700716
230,0.4728682170542636,11.931052642374441
230,0.48062015503875966,4.568521363019125
230,0.4883720930232558,9.26401214496419
230,0.49612403100775193,7.410573139977038
231,0.0,1.0880185641326534e-14
231,0.007692307692307693,22.286004880962697
231,0.015384615384615385,14.351166658374714
231,0.023076923076923078,14.911204864269997
231,0.03076923076923077,10.130762675354232
231,0.038461538461538464,15.56703126449075
231,0.046153846153846156,9.103598964272651
231,0.05384615384615385,16.423335736669397
231,0.06153846153846154,18.098077030681715
231,0.06923076923076923,9.924927682417335
231,0.07692307692307693,15.376708761823833
231,0.08461538461538462,10.32194897354699
231,0.09230769230769231,9.175119873562792
231,0.1,8.286435621924788
231,0.1076923076923077,10.994088215519845
231,0.11538461538461539,2.2748735136561624
231,0.12307692307692308,6.139180921665088
231,0.13076923076923078,0.7137114384625227
231,0.13846153846153847,3.859231504778194
231,0.14615384615384616,3.8423194277240906
231,0.15384615384615385,2.789914676940517
231,0.16153846153846155,1.4670511450584443
231,0.16923076923076924,3.3997542025012084
231,0.17692307692307693,8.920792192500034
231,0.18461538461538463,2.2668447783650443
231,0.19230769230769232,4.653348915467282
231,0.2,6.821552321268386
231,0.2076923076923077,5.847779473232634
231,0.2153846153846154,2.4704461320277824
231,0.2230769230769231,16.10353352648374
231,0.23076923076923078,12.11709297545171
231,0.23846153846153847,15.028837373268912
231,0.24615384615384617,11.249482225306398
231,0.25384615384615383,14.058715078102505
231,0.26153846153846155,7.525736866044281
231,0.2692307692307693,14.851409909740648
231,0.27692307692307694,10.046015933906451
231,0.2846153846153846,6.997199453720241
231,0.2923076923076923,19.310399902146102
231,0.30000000000000004,7.692556435014549
231,0.3076923076923077,6.9185103228511755
231,0.3153846153846154,6.544777786309648
231,0.3230769230769231,6.203910367054141
231,0.3307692307692308,19.299320768194786
231,0.3384615384615385,6.524116866697223
231,0.34615384615384615,8.496803078093995
231,0.35384615384615387,9.8978323994084
231,0.3615384615384616,27.76913522810866
231,0.36923076923076925,13.806988841985532
231,0.3769230769230769,8.63090129460142
231,0.38461538461538464,9.379911330272392
231,0.39230769230769236,2.2800086200730645
231,0.4,8.539052871293366
231,0.4076923076923077,8.91716766651323
231,0.4153846153846154,14.640760456774784
231,0.42307692307692313,12.897432089482434
231,0.4307692307692308,12.688722781354997
231,0.43846153846153846,21.701147850617513
231,0.4461538461538462,3.108564850378532
231,0.4538461538461539,0.9036186251822642
231,0.46153846153846156,5.34099228625922
231,0.46923076923076923,12.88299018830873
231,0.47692307692307695,15.580351265594969
231,0.48461538461538467,11.634941037347316
231,0.49230769230769234,9.091648899215071
232,0.0,6.661338147750939e-15
232,0.006993006993006993,10.325456200806494
232,0.013986013986013986,25.095221311348368
232,0.02097902097902098,15.37297923611491
232,0.027972027972027972,6.622371055778307
232,0.03496503496503497,10.292663546011303
232,0.04195804195804196,6.639611861856102
232,0.04895104895104895,20.066095838993117
232,0.055944055944055944,2.543110778866641
232,0.06293706293706294,6.203206736798682
232,0.06993006993006994,13.71353447014072
232,0.07692307692307693,7.787169247439724
232,0.08391608391608392,11.550332217941868
232,0.09090909090909091,3.36623669819443
232,0.0979020979020979,11.769498789508365
232,0.1048951048951049,3.9802879306427816
232,0.11188811188811189,5.981380044986312
232,0.11888111888111888,9.276552087480491
232,0.1258741258741259,7.77963748312013
232,0.13286713286713286,13.808886498269452
232,0.13986013986013987,12.191613865556029
232,0.14685314685314685,19.93258146693579
232,0.15384615384615385,12.723389103429817
232,0.16083916083916083,9.36852170578046
232,0.16783216783216784,14.59279437105489
232,0.17482517482517482,8.789012574895791
232,0.18181818181818182,5.766544459987227
232,0.1888111888111888,10.692702998490471
232,0.1958041958041958,6.44455684763789
232,0.20279720279720279,4.070801069098262
232,0.2097902097902098,18.546320246309755
232,0.21678321678321677,6.492853704206724
232,0.22377622377622378,13.865882486289959
232,0.23076923076923078,18.368510565471528
232,0.23776223776223776,8.7479824944298
232,0.24475524475524477,7.68624248966019
232,0.2517482517482518,6.909766194620681
232,0.25874125874125875,5.678603869715799
232,0.26573426573426573,20.638992057488835
232,0.2727272727272727,11.243599157292461
232,0.27972027972027974,15.297951398118796
232,0.2867132867132867,14.603249684390358
232,0.2937062937062937,6.914826910261887
232,0.3006993006993007,13.288737331516396
232,0.3076923076923077,8.34374581124784
232,0.3146853146853147,13.023623538351075
232,0.32167832167832167,15.981491553737888
232,0.32867132867132864,3.881921987362349
232,0.3356643356643357,8.78776985041337
232,0.34265734265734266,8.793863266426682
232,0.34965034965034963,17.48461845586636
232,0.35664335664335667,11.017051698901179
232,0.36363636363636365,8.592181172685684
232,0.3706293706293706,12.090536375643039
232,0.3776223776223776,7.331604861530532
232,0.38461538461538464,10.7577186073381
232,0.3916083916083916,11.12503295282715
232,0.3986013986013986,8.710083538820323
232,0.40559440559440557,9.459794235113721
232,0.4125874125874126,18.464470378148377
232,0.4195804195804196,16.227738477175567
232,0.42657342657342656,9.006041038569519
232,0.43356643356643354,20.679301956994014
232,0.4405594405594406,14.590339657065075
232,0.44755244755244755,6.705120027428529
232,0.45454545454545453,12.742337330618106
232,0.46153846153846156,8.878138648557076
232,0.46853146853146854,9.788712188684226
232,0.4755244755244755,2.0584462930281107
232,0.4825174825174825,2.7224146740585353
232,0.48951048951048953,18.884421450477316
232,0.4965034965034965,14.014883791855542
233,0.0,1.7763568394002505e-15
233,0.008928571428571428,22.34848011523551
233,0.017857142857142856,18.259055801683317
233,0.026785714285714284,14.202333075899075
233,0.03571428571428571,9.807519040893084
233,0.04464285714285714,15.667755412792356
233,0.05357142857142857,18.25668969704417
233,0.0625,13.393103969701839
233,0.07142857142857142,11.754194657687506
233,0.08035714285714285,9.784155223321424
233,0.08928571428571427,6.671558778583984
233,0.09821428571428571,7.876068586481281
233,0.10714285714285714,6.497569841855787
233,0.11607142857142856,5.803103218360599
233,0.125,9.154842405764311
233,0.13392857142857142,6.711794071668812
233,0.14285714285714285,4.9820946614161175
233,0.15178571428571427,8.400844224715522
233,0.1607142857142857,12.125407584985922
233,0.16964285714285712,6.581900381165611
233,0.17857142857142855,12.415737683845759
233,0.1875,4.490244549315777
233,0.19642857142857142,4.56636383160858
233,0.20535714285714285,10.376850118899544
233,0.21428571428571427,5.433758762638599
233,0.2232142857142857,3.575095520463531
233,0.23214285714285712,2.217897159585024
233,0.24107142857142855,8.729234237581394
233,0.25,5.083168406308506
233,0.2589285714285714,4.653374746478527
233,0.26785714285714285,13.116349985109093
233,0.27678571428571425,2.3751702320801655
233,0.2857142857142857,5.372534031244019
233,0.29464285714285715,6.181966488623091
233,0.30357142857142855,6.949716828737892
233,0.3125,7.027906552325376
233,0.3214285714285714,6.248244205614727
233,0.33035714285714285,10.59914042012869
233,0.33928571428571425,7.061242057425542
233,0.3482142857142857,5.8979642966032735
233,0.3571428571428571,7.782112997883821
233,0.36607142857142855,11.432231772438032
233,0.375,13.040581412062528
233,0.3839285714285714,19.010834301108282
233,0.39285714285714285,5.688680593953759
233,0.40178571428571425,13.048963524542232
233,0.4107142857142857,5.830684186276925
233,0.4196428571428571,12.467160178095645
233,0.42857142857142855,7.884961292982983
233,0.4375,21.7279471438457
233,0.4464285714285714,7.785701470951076
233,0.45535714285714285,17.462362419824697
233,0.46428571428571425,16.323607734314365
233,0.4732142857142857,2.550137637697198
233,0.4821428571428571,8.041887659945159
233,0.49107142857142855,10.448266193409381
234,0.0,1.9984014443252818e-15
234,0.009174311926605505,23.021037284605285
234,0.01834862385321101,8.907235863278403
234,0.027522935779816515,5.840236705891151
234,0.03669724770642202,21.02338771492925
234,0.045871559633027525,17.26282191691669
234,0.05504587155963303,3.3000604503261526
234,0.06422018348623854,3.9094980407129136
234,0.07339449541284404,6.9637789971199755
234,0.08256880733944955,20.98537322012675
234,0.09174311926605505,4.460127598132622
234,0.10091743119266056,7.382653761439542
234,0.11009174311926606,3.5533896180229565
234,0.11926605504587157,8.857348808908911
234,0.12844036697247707,11.321718707517851
234,0.13761467889908258,8.141916373150753
234,0.14678899082568808,6.753459244385915
234,0.1559633027522936,9.41101492161611
234,0.1651376146788991,6.2962687028049045
234,0.1743119266055046,2.8799265568024777
234,0.1834862385321101,5.370232022256788
234,0.1926605504587156,7.1653383370264985
234,0.2018348623853211,5.738876323798762
234,0.21100917431192662,5.400071437847679
234,0.22018348623853212,9.090145860568008
234,0.22935779816513763,2.770276570172476
234,0.23853211009174313,6.654144557779348
234,0.24770642201834864,16.12591904624961
234,0.25688073394495414,5.869398539907658
234,0.26605504587155965,5.552292634853393
234,0.27522935779816515,5.722244070698283
234,0.28440366972477066,2.4104838284937222
234,0.29357798165137616,6.871181629673121
234,0.30275229357798167,5.918945625543906
234,0.3119266055045872,10.816117763056633
234,0.3211009174311927,3.063566642258168
234,0.3302752293577982,11.214042075096497
234,0.3394495412844037,18.6277575776803
234,0.3486238532110092,9.2682069489717
234,0.3577981651376147,17.40654187899583
234,0.3669724770642202,6.425784102268256
234,0.3761467889908257,7.118726489476488
234,0.3853211009174312,1.9226701199986285
234,0.3944954128440367,12.487424017040683
234,0.4036697247706422,7.971231915601513
234,0.41284403669724773,6.157439439565542
234,0.42201834862385323,5.233940667143215
234,0.43119266055045874,10.684275398831279
234,0.44036697247706424,24.027194070682835
234,0.44954128440366975,11.575217117896347
234,0.45871559633027525,6.861414345480767
234,0.46788990825688076,13.98479280936546
234,0.47706422018348627,11.269666451418255
234,0.48623853211009177,8.566708373885596
234,0.4954128440366973,11.833855673679583
235,0.0,1.7763568394002505e-15
235,0.007407407407407408,15.819595038246078
235,0.014814814814814815,17.422489608544062
235,0.022222222222222223,16.017330312718773
235,0.02962962962962963,14.429429191147452
235,0.037037037037037035,6.818471166184742
235,0.044444444444444446,10.35263425037235
235,0.05185185185185186,12.973420408100607
235,0.05925925925925926,19.395263595354148
235,0.06666666666666667,17.58902556897902
235,0.07407407407407407,7.1492450103598815
235,0.08148148148148149,5.989297204789261
235,0.08888888888888889,1.9075371824321103
235,0.0962962962962963,7.579902854731342
235,0.10370370370370371,5.418514975024031
235,0.11111111111111112,7.543137763247156
235,0.11851851851851852,12.497734609770482
235,0.12592592592592594,4.067031227021326
235,0.13333333333333333,12.13055535097425
235,0.14074074074074075,9.721565063482197
235,0.14814814814814814,12.94610757078111
235,0.15555555555555556,10.563615164029471
235,0.16296296296296298,7.14183111436041
235,0.17037037037037037,9.732793039370495
235,0.17777777777777778,9.484335736433247
235,0.1851851851851852,5.652311562141845
235,0.1925925925925926,9.71408203447007
235,0.2,12.963982949994652
235,0.20740740740740743,22.11101111507351
235,0.21481481481481482,1.782276598770441
235,0.22222222222222224,7.649405874754138
235,0.22962962962962963,15.675566872769194
235,0.23703703703703705,3.7147659682846115
235,0.24444444444444446,2.675989906848685
235,0.2518518518518519,7.9791451713472
235,0.25925925925925924,15.603420870335196
235,0.26666666666666666,4.106071860060927
235,0.2740740740740741,20.120129019455955
235,0.2814814814814815,13.647999555805384
235,0.2888888888888889,18.19776243843468
235,0.2962962962962963,9.701511079037395
235,0.3037037037037037,13.664427805181043
235,0.3111111111111111,0.7661327706530248
235,0.31851851851851853,10.352498685057512
235,0.32592592592592595,4.159713530579745
235,0.33333333333333337,14.77846984529267
235,0.34074074074074073,19.86549932128755
235,0.34814814814814815,19.43818093096637
235,0.35555555555555557,15.626833822333918
235,0.362962962962963,3.652408919820353
235,0.3703703703703704,15.316007923198287
235,0.37777777777777777,5.156240747769243
235,0.3851851851851852,4.175214567945122
235,0.3925925925925926,8.752302159319704
235,0.4,12.110715121278245
235,0.40740740740740744,6.616090073627629
235,0.41481481481481486,6.050868916444369
235,0.4222222222222222,11.298658824383988
235,0.42962962962962964,13.149534939891412
235,0.43703703703703706,6.494082706605031
235,0.4444444444444445,2.8564347892988957
235,0.4518518518518519,9.176176369615689
235,0.45925925925925926,17.13875664500633
235,0.4666666666666667,7.720992902030184
235,0.4740740740740741,13.624999163643528
235,0.4814814814814815,13.31815178594546
235,0.48888888888888893,12.961287135380628
235,0.4962962962962963,2.9763800362460233
236,0.0,1.4210854715202004e-14
236,0.007575757575757576,21.393193951822646
236,0.015151515151515152,16.37916354145648
236,0.022727272727272728,22.9396441544014
236,0.030303030303030304,12.143411851638662
236,0.03787878787878788,17.731659203238845
236,0.045454545454545456,16.39598821645411
236,0.05303030303030303,10.124158870266703
236,0.06060606060606061,1.3250955604894208
236,0.06818181818181818,4.554342800312188
236,0.07575757575757576,12.785451479040088
236,0.08333333333333334,7.193927376656778
236,0.09090909090909091,10.424298811385901
236,0.09848484848484848,7.682569909990014
236,0.10606060606060606,9.36250574509876
236,0.11363636363636365,22.013338223916975
236,0.12121212121212122,10.675480959575582
236,0.12878787878787878,8.11997341135616
236,0.13636363636363635,8.13416339951614
236,0.14393939393939395,8.010139168418421
236,0.15151515151515152,13.027039350127398
236,0.1590909090909091,11.75172281875628
236,0.16666666666666669,8.27058956678495
236,0.17424242424242425,4.782629839422666
236,0.18181818181818182,2.858382131892786
236,0.1893939393939394,10.873717856392156
236,0.19696969696969696,17.172827607200613
236,0.20454545454545456,17.04318127253665
236,0.21212121212121213,7.848153313184901
236,0.2196969696969697,2.6652667010178392
236,0.2272727272727273,9.910191753318195
236,0.23484848484848486,6.279021489363414
236,0.24242424242424243,9.633370571792742
236,0.25,6.310406716430031
236,0.25757575757575757,4.7070243556095175
236,0.26515151515151514,10.293734160552717
236,0.2727272727272727,7.47713210090745
236,0.28030303030303033,1.303207655763436
236,0.2878787878787879,6.00961761327454
236,0.29545454545454547,8.978918204849933
236,0.30303030303030304,1.3176464573107922
236,0.3106060606060606,8.84701096197383
236,0.3181818181818182,5.778408412254211
236,0.32575757575757575,11.353356371966566
236,0.33333333333333337,11.076669137578735
236,0.34090909090909094,5.567790775116635
236,0.3484848484848485,10.231442736238163
236,0.3560606060606061,9.73032636391752
236,0.36363636363636365,11.818879021950558
236,0.3712121212121212,5.078774202841249
236,0.3787878787878788,12.373164325854178
236,0.38636363636363635,5.452877774213119
236,0.3939393939393939,4.835399606908819
236,0.40151515151515155,2.9043000459756447
236,0.4090909090909091,13.009194602002443
236,0.4166666666666667,6.261251690434843
236,0.42424242424242425,13.54021073077246
236,0.4318181818181818,11.16485581783919
236,0.4393939393939394,22.106520179845006
236,0.44696969696969696,27.62476458372576
236,0.4545454545454546,13.069766733977485
236,0.46212121212121215,11.699456670529583
236,0.4696969696969697,11.1590247302614
236,0.4772727272727273,15.0648810111228
236,0.48484848484848486,11.261521125656989
236,0.49242424242424243,2.4993436251597334
237,0.0,2.353672812205332e-14
237,0.007874015748031496,22.193183067043083
237,0.015748031496062992,15.862574390895496
237,0.023622047244094488,8.248084146831076
237,0.031496062992125984,17.49240521429459
237,0.03937007874015748,9.136381667589859
237,0.047244094488188976,0.754444774480517
237,0.05511811023622047,13.363858957389182
237,0.06299212598425197,12.363386627829511
237,0.07086614173228346,11.429926136007388
237,0.07874015748031496,17.9844361885279
237,0.08661417322834646,6.3676284152311196
237,0.09448818897637795,4.908963108847469
237,0.10236220472440945,10.67471790616808
237,0.11023622047244094,5.214701581695636
237,0.11811023622047244,12.526909665407121
237,0.12598425196850394,13.771426089158634
237,0.13385826771653542,18.833043488213466
237,0.14173228346456693,12.050292977020277
237,0.14960629921259844,14.80927984951642
237,0.15748031496062992,13.956462979840637
237,0.1653543307086614,6.24611963083361
237,0.1732283464566929,0.995171213247046
237,0.18110236220472442,5.245283484824978
237,0.1889763779527559,10.330090719307977
237,0.19685039370078738,14.564645829439515
237,0.2047244094488189,4.632777923317555
237,0.2125984251968504,15.331693810632983
237,0.2204724409448819,4.0099185518481075
237,0.22834645669291337,4.798465199695322
237,0.23622047244094488,4.071115192700861
237,0.2440944881889764,16.34903580669107
237,0.25196850393700787,9.722613072461188
237,0.25984251968503935,10.950916054414929
237,0.26771653543307083,8.25261006811729
237,0.2755905511811024,0.8580977591331729
237,0.28346456692913385,9.094480839668332
237,0.29133858267716534,16.12591583447534
237,0.2992125984251969,5.687812757436636
237,0.30708661417322836,3.626178554853962
237,0.31496062992125984,4.953973715256309
237,0.3228346456692913,8.066826826361227
237,0.3307086614173228,8.781357333624616
237,0.33858267716535434,10.180120626789439
237,0.3464566929133858,13.39551384765845
237,0.3543307086614173,4.592476115202298
237,0.36220472440944884,5.333987762846109
237,0.3700787401574803,18.827248257420585
237,0.3779527559055118,6.235822716334839
237,0.3858267716535433,8.27153464606593
237,0.39370078740157477,14.706235396449271
237,0.4015748031496063,12.526712043964887
237,0.4094488188976378,7.427151672301833
237,0.41732283464566927,7.134017079364392
237,0.4251968503937008,8.57601081618436
237,0.4330708661417323,12.733862266481136
237,0.4409448818897638,8.111628342445805
237,0.44881889763779526,11.059142119830112
237,0.45669291338582674,5.761328493608069
237,0.4645669291338583,3.7774136691824802
237,0.47244094488188976,12.90879335118816
237,0.48031496062992124,2.660569844800452
237,0.4881889763779528,9.293291299790011
237,0.49606299212598426,28.307004913306525
238,0.0,1.7763568394002505e-15
238,0.007518796992481203,20.166725551454867
238,0.015037593984962405,16.198116505480954
238,0.022556390977443608,24.60947719156344
238,0.03007518796992481,9.592177796826308
238,0.03759398496240601,8.044487514129663
238,0.045112781954887216,14.961991091258302
238,0.05263157894736842,13.404915453594162
238,0.06015037593984962,3.873675582363186
238,0.06766917293233082,3.914662677683089
238,0.07518796992481203,7.573300773087028
238,0.08270676691729323,5.341979057350648
238,0.09022556390977443,15.467274602195648
238,0.09774436090225563,17.48066683335186
238,0.10526315789473684,9.565915645728102
238,0.11278195488721804,16.97039235487753
238,0.12030075187969924,10.747182261838214
238,0.12781954887218044,12.667792209409315
238,0.13533834586466165,15.497356009927053
238,0.14285714285714285,19.005067103360055
238,0.15037593984962405,8.575017582314247
238,0.15789473684210525,7.857060940652263
238,0.16541353383458646,22.414972861753764
238,0.17293233082706766,7.265088061572814
238,0.18045112781954886,16.510798699103738
238,0.18796992481203006,24.001240047261202
238,0.19548872180451127,11.859530876296288
238,0.20300751879699247,11.279643503286724
238,0.21052631578947367,14.132898325787233
238,0.21804511278195488,8.899984964215955
238,0.22556390977443608,8.373674813552865
238,0.23308270676691728,11.918126638400999
238,0.24060150375939848,1.0965816046460244
238,0.24812030075187969,7.69201044097617
238,0.2556390977443609,5.108102090985541
238,0.2631578947368421,10.27191745350433
238,0.2706766917293233,13.171976553629362
238,0.2781954887218045,15.543326886962296
238,0.2857142857142857,9.936095195192838
238,0.2932330827067669,8.614399762231452
238,0.3007518796992481,8.375752140160419
238,0.3082706766917293,12.611052534840017
238,0.3157894736842105,13.158444335407001
238,0.3233082706766917,7.061156223934402
238,0.3308270676691729,8.165503571916657
238,0.3383458646616541,1.9347778595523997
238,0.3458646616541353,8.848013508094553
238,0.3533834586466165,7.72570681458609
238,0.3609022556390977,5.634679370878864
238,0.3684210526315789,7.466443788807212
238,0.37593984962406013,4.129766098585664
238,0.38345864661654133,10.05137371696621
238,0.39097744360902253,9.012103902896401
238,0.39849624060150374,4.414759702504827
238,0.40601503759398494,8.672926027220216
238,0.41353383458646614,9.537187280391237
238,0.42105263157894735,7.04690826412547
238,0.42857142857142855,14.650254306153847
238,0.43609022556390975,9.103295237575502
238,0.44360902255639095,4.970809639609223
238,0.45112781954887216,7.862743601292217
238,0.45864661654135336,12.392701871979485
238,0.46616541353383456,10.645401910135242
238,0.47368421052631576,4.315475184109892
238,0.48120300751879697,9.8340711027592
238,0.48872180451127817,7.951168968602121
238,0.49624060150375937,1.1419670449739592
239,0.0,6.8833827526759706e-15
239,0.007042253521126761,24.480086387033943
239,0.014084507042253521,10.378530881673681
239,0.02112676056338028,11.135941307867872
239,0.028169014084507043,4.278430767816174
239,0.035211267605633804,13.801311550469075
239,0.04225352112676056,15.114094421214784
239,0.04929577464788733,8.70339309062118
239,0.056338028169014086,5.285492541188605
239,0.06338028169014084,7.428755100053771
239,0.07042253521126761,16.707839429977525
239,0.07746478873239437,9.689162260855674
239,0.08450704225352113,3.407658997989603
239,0.09154929577464789,15.514743064544957
239,0.09859154929577466,2.709921745184219
239,0.1056338028169014,2.882929488005203
239,0.11267605633802817,7.920821043075732
239,0.11971830985915494,2.143568124326027
239,0.1267605633802817,8.520340527210806
239,0.13380281690140847,10.666176575423862
239,0.14084507042253522,11.165800038448792
239,0.14788732394366197,8.720409291694128
239,0.15492957746478875,12.319491230548223
239,0.1619718309859155,17.18598997425941
239,0.16901408450704225,20.095481337757718
239,0.17605633802816903,4.5661673699682
239,0.18309859154929578,10.190764060535418
239,0.19014084507042253,16.318146784733393
239,0.1971830985915493,15.257205329974163
239,0.20422535211267606,3.289924403180136
239,0.2112676056338028,6.835386559474265
239,0.2183098591549296,7.567821790602115
239,0.22535211267605634,3.392904079751216
239,0.2323943661971831,1.847437246520315
239,0.23943661971830987,10.392132942578469
239,0.24647887323943662,9.824801642179576
239,0.2535211267605634,21.847513565216275
239,0.2605633802816901,20.15681344843071
239,0.26760563380281693,13.434822150939944
239,0.2746478873239437,7.601321044488708
239,0.28169014084507044,7.6417839794367275
239,0.2887323943661972,6.409152885822695
239,0.29577464788732394,3.7937290961522714
239,0.3028169014084507,12.016062274131851
239,0.3098591549295775,3.43366814229715
239,0.31690140845070425,1.4243694547977477
239,0.323943661971831,12.35422479378671
239,0.33098591549295775,10.326523447447096
239,0.3380281690140845,17.617742835056365
239,0.34507042253521125,21.45413647574112
239,0.35211267605633806,5.587695161179845
239,0.3591549295774648,8.284596012460538
239,0.36619718309859156,14.649090466416322
239,0.3732394366197183,10.694074477616011
239,0.38028169014084506,15.375397217188722
239,0.3873239436619718,9.775694729898289
239,0.3943661971830986,19.761863387280712
239,0.4014084507042254,14.974507434076973
239,0.4084507042253521,14.752843809202489
239,0.4154929577464789,10.771647378590293
239,0.4225352112676056,6.368214883524576
239,0.4295774647887324,10.743899321110774
239,0.4366197183098592,8.639979997656596
239,0.44366197183098594,1.0681085248877273
239,0.4507042253521127,19.518048696915596
239,0.45774647887323944,17.60721643211026
239,0.4647887323943662,11.679574620400755
239,0.471830985915493,13.871783195904662
239,0.47887323943661975,6.77872032391114
239,0.4859154929577465,13.880667251103786
239,0.49295774647887325,10.992157835914895
240,0.0,3.1086244689504383e-15
240,0.007518796992481203,24.870901990452147
240,0.015037593984962405,21.116486050179702
240,0.022556390977443608,17.574527826348778
240,0.03007518796992481,21.17354306899306
240,0.03759398496240601,22.9218302435078
240,0.045112781954887216,22.33975513879399
240,0.05263157894736842,7.538033308088474
240,0.06015037593984962,8.708657006695947
240,0.06766917293233082,14.870137486802482
240,0.07518796992481203,12.539124889820473
240,0.08270676691729323,9.430603343971883
240,0.09022556390977443,8.992113513033642
240,0.09774436090225563,16.34527459841579
240,0.10526315789473684,16.321959166461834
240,0.11278195488721804,10.313097508458
240,0.12030075187969924,11.526066225917853
240,0.12781954887218044,8.979488284790841
240,0.13533834586466165,9.851311053287326
240,0.14285714285714285,14.351492576162626
240,0.15037593984962405,10.006867492538177
240,0.15789473684210525,16.778890336835453
240,0.16541353383458646,16.564074854200477
240,0.17293233082706766,4.418607569104561
240,0.18045112781954886,11.735991997989158
240,0.18796992481203006,7.293779762172537
240,0.19548872180451127,16.390670514433353
240,0.20300751879699247,5.697636312058306
240,0.21052631578947367,7.118938433335139
240,0.21804511278195488,14.279562702649674
240,0.22556390977443608,11.456890190256324
240,0.23308270676691728,13.39387990513673
240,0.24060150375939848,9.863064313393462
240,0.24812030075187969,10.106659012735507
240,0.2556390977443609,12.234120765089347
240,0.2631578947368421,4.358082232963962
240,0.2706766917293233,7.176131134471402
240,0.2781954887218045,9.777059452809217
240,0.2857142857142857,1.5811342775050417
240,0.2932330827067669,15.381034048249814
240,0.3007518796992481,4.722284962314622
240,0.3082706766917293,7.029279389725694
240,0.3157894736842105,2.3800755797457698
240,0.3233082706766917,11.592354224478669
240,0.3308270676691729,12.796676905194898
240,0.3383458646616541,7.931033180031854
240,0.3458646616541353,4.5020244651350065
240,0.3533834586466165,6.5297250063229475
240,0.3609022556390977,12.60157157892365
240,0.3684210526315789,4.318442327839843
240,0.37593984962406013,4.623130070935301
240,0.38345864661654133,3.0055736515065576
240,0.39097744360902253,6.650289767365922
240,0.39849624060150374,4.530992690381604
240,0.40601503759398494,14.46130371523306
240,0.41353383458646614,2.1721734153718923
240,0.42105263157894735,6.951970729960164
240,0.42857142857142855,13.438103727900643
240,0.43609022556390975,7.052504626930188
240,0.44360902255639095,7.277631820688067
240,0.45112781954887216,6.7721870033549605
240,0.45864661654135336,3.4980153890335646
240,0.46616541353383456,6.423510066569922
240,0.47368421052631576,8.852222959267657
240,0.48120300751879697,8.602343249433266
240,0.48872180451127817,0.6053308136170655
240,0.49624060150375937,10.12612908852571
241,0.0,4.884981308350689e-15
241,0.007407407407407408,37.44497903056401
241,0.014814814814814815,31.665531946500582
241,0.022222222222222223,23.322916486205383
241,0.02962962962962963,19.66519208857404
241,0.037037037037037035,13.574583224899506
241,0.044444444444444446,12.140895745075586
241,0.05185185185185186,13.595936859273234
241,0.05925925925925926,9.844572984569346
241,0.06666666666666667,12.976461352148586
241,0.07407407407407407,12.269301657884741
241,0.08148148148148149,13.6012018609072
241,0.08888888888888889,7.337384906370255
241,0.0962962962962963,2.070772143096827
241,0.10370370370370371,7.430404189410219
241,0.11111111111111112,8.987125131086284
241,0.11851851851851852,16.666435524230486
241,0.12592592592592594,14.491851085280397
241,0.13333333333333333,8.79210724006962
241,0.14074074074074075,4.295900973966604
241,0.14814814814814814,12.221396795491541
241,0.15555555555555556,11.723920493944915
241,0.16296296296296298,6.942546406210657
241,0.17037037037037037,16.4268025904616
241,0.17777777777777778,12.354776041165463
241,0.1851851851851852,15.633439546094147
241,0.1925925925925926,14.434904727632762
241,0.2,18.9027303220056
241,0.20740740740740743,4.365784660320356
241,0.21481481481481482,3.8421708153795553
241,0.22222222222222224,5.81902532186181
241,0.22962962962962963,6.209202542983595
241,0.23703703703703705,15.444535755941581
241,0.24444444444444446,10.433311366205325
241,0.2518518518518519,5.847840422221217
241,0.25925925925925924,8.039986902229769
241,0.26666666666666666,11.467452465613825
241,0.2740740740740741,2.774363625122076
241,0.2814814814814815,6.0261660676633495
241,0.2888888888888889,5.68918472905739
241,0.2962962962962963,8.62022918125632
241,0.3037037037037037,10.238819926421856
241,0.3111111111111111,8.690012528704578
241,0.31851851851851853,8.749846395202237
241,0.32592592592592595,8.729409647674894
241,0.33333333333333337,1.7331547163731018
241,0.34074074074074073,0.6656878393244586
241,0.34814814814814815,4.800200393689591
241,0.35555555555555557,6.204507719773863
241,0.362962962962963,6.189848900128566
241,0.3703703703703704,7.861237563325373
241,0.37777777777777777,10.393303496422067
241,0.3851851851851852,7.520055790934581
241,0.3925925925925926,4.112992235360455
241,0.4,3.7040575196048975
241,0.40740740740740744,9.82621157948172
241,0.41481481481481486,8.118637416925338
241,0.4222222222222222,1.4244786164854293
241,0.42962962962962964,7.160440538460741
241,0.43703703703703706,6.855067305111842
241,0.4444444444444445,17.060928157580825
241,0.4518518518518519,7.860719829487054
241,0.45925925925925926,3.63862592716588
241,0.4666666666666667,6.686667955869644
241,0.4740740740740741,7.9994079774147435
241,0.4814814814814815,2.6041936701240993
241,0.48888888888888893,4.118804973533345
241,0.4962962962962963,5.001826321705291
242,0.0,7.549516567451064e-15
242,0.007633587786259542,29.66201535257303
242,0.015267175572519083,24.618990925750346
242,0.022900763358778626,24.72345518699341
242,0.030534351145038167,10.036032695405591
242,0.03816793893129771,8.756770227123582
242,0.04580152671755725,12.858292811605416
242,0.05343511450381679,6.206889660887967
242,0.061068702290076333,16.104523877874858
242,0.06870229007633588,0.4160420314823179
242,0.07633587786259542,8.467773268797762
242,0.08396946564885496,7.055531004372692
242,0.0916030534351145,8.310404601437329
242,0.09923664122137404,10.173434185460728
242,0.10687022900763359,12.35176285476638
242,0.11450381679389313,12.610819986743179
242,0.12213740458015267,13.252814057234154
242,0.1297709923664122,9.710134775007681
242,0.13740458015267176,6.18858193283166
242,0.1450381679389313,12.497308717984591
242,0.15267175572519084,7.454645184288492
242,0.16030534351145037,11.801097018928953
242,0.16793893129770993,14.19961516678763
242,0.17557251908396945,6.907731634043892
242,0.183206106870229,11.349386350749425
242,0.19083969465648853,8.479028273220317
242,0.1984732824427481,8.11469757164023
242,0.20610687022900762,8.122640592445949
242,0.21374045801526717,7.049085329659577
242,0.2213740458015267,8.240056498075763
242,0.22900763358778625,9.031893171631852
242,0.23664122137404578,9.615276076299653
242,0.24427480916030533,6.328499899724431
242,0.25190839694656486,16.949236670038307
242,0.2595419847328244,9.685185815607667
242,0.26717557251908397,21.08070125553967
242,0.2748091603053435,8.431785836893152
242,0.282442748091603,4.390251419972489
242,0.2900763358778626,11.17945629316646
242,0.29770992366412213,6.047819582287433
242,0.3053435114503817,7.207246674586374
242,0.3129770992366412,12.030084669509353
242,0.32061068702290074,14.942629918386316
242,0.3282442748091603,13.42575175970456
242,0.33587786259541985,3.5989506690121686
242,0.34351145038167935,3.808958238109609
242,0.3511450381679389,4.322966994943476
242,0.35877862595419846,6.631218983254688
242,0.366412213740458,5.158423356494494
242,0.37404580152671757,7.259360768124867
242,0.38167938931297707,12.953291336095056
242,0.3893129770992366,3.150530113572566
242,0.3969465648854962,8.07072355964567
242,0.40458015267175573,8.787238729715959
242,0.41221374045801523,15.187875056461213
242,0.4198473282442748,13.31946194495001
242,0.42748091603053434,13.457122611425916
242,0.4351145038167939,4.322004606682343
242,0.4427480916030534,7.116946078018987
242,0.45038167938931295,6.190517225814973
242,0.4580152671755725,8.71004953863638
242,0.46564885496183206,11.568117109493373
242,0.47328244274809156,10.247109703886183
242,0.4809160305343511,15.896712193650371
242,0.48854961832061067,6.30963926362959
242,0.4961832061068702,13.891083875251638
243,0.0,8.881784197001252e-16
243,0.00819672131147541,6.482606493551657
243,0.01639344262295082,11.269831522836906
243,0.02459016393442623,0.33045852346127813
243,0.03278688524590164,12.132368254495661
243,0.04098360655737705,9.677916607089303
243,0.04918032786885246,11.694210219986005
243,0.05737704918032787,9.646115778261585
243,0.06557377049180328,22.849428983899195
243,0.07377049180327869,0.9465804716127103
243,0.0819672131147541,10.180234141119358
243,0.09016393442622951,4.954315722312344
243,0.09836065573770492,8.76965509266831
243,0.10655737704918034,10.377683691904757
243,0.11475409836065574,5.706313019976291
243,0.12295081967213116,13.454140801097086
243,0.13114754098360656,9.139548830097132
243,0.13934426229508198,3.5375574631976416
243,0.14754098360655737,3.1119689937460135
243,0.1557377049180328,16.278933307850398
243,0.1639344262295082,8.234673065417693
243,0.1721311475409836,14.958257125315122
243,0.18032786885245902,2.8599673835154147
243,0.18852459016393444,17.679635725335185
243,0.19672131147540983,8.445144224346727
243,0.20491803278688525,7.714657754128137
243,0.21311475409836067,7.359982473762867
243,0.2213114754098361,21.330104391441257
243,0.22950819672131148,7.962193929056711
243,0.2377049180327869,14.106055328976257
243,0.24590163934426232,11.407460069549256
243,0.2540983606557377,19.86020939921256
243,0.26229508196721313,7.651792864770006
243,0.27049180327868855,6.265930507842599
243,0.27868852459016397,12.889141246817756
243,0.2868852459016394,10.187737538755613
243,0.29508196721311475,3.7793390951982064
243,0.30327868852459017,9.737523063192116
243,0.3114754098360656,10.104699037203094
243,0.319672131147541,7.502987468988137
243,0.3278688524590164,6.768254141035756
243,0.33606557377049184,11.66508239373954
243,0.3442622950819672,11.377025258321915
243,0.3524590163934426,11.291899850610779
243,0.36065573770491804,15.30357955028813
243,0.36885245901639346,4.582654005060892
243,0.3770491803278689,12.564019795090484
243,0.3852459016393443,4.430722527958242
243,0.39344262295081966,3.288344844490677
243,0.4016393442622951,7.122477771395759
243,0.4098360655737705,26.938642775393216
243,0.4180327868852459,4.604652765041367
243,0.42622950819672134,9.789676339392603
243,0.43442622950819676,4.706906874012561
243,0.4426229508196722,8.24397471771887
243,0.45081967213114754,6.553722570064362
243,0.45901639344262296,9.715566797708492
243,0.4672131147540984,8.326362140033773
243,0.4754098360655738,19.72371646392993
243,0.4836065573770492,8.050106080957574
243,0.49180327868852464,11.745738701563289
244,0.0,1.7763568394002505e-14
244,0.007936507936507936,10.786322255268812
244,0.015873015873015872,21.99489956374697
244,0.023809523809523808,12.336118727928353
244,0.031746031746031744,7.949256601160609
244,0.03968253968253968,14.508416870932276
244,0.047619047619047616,7.000602956610565
244,0.05555555555555555,11.907020612849315
244,0.06349206349206349,7.932973162551146
244,0.07142857142857142,19.585257101382116
244,0.07936507936507936,5.4913933009833045
244,0.0873015873015873,12.835987230156006
244,0.09523809523809523,5.6582275191681
244,0.10317460317460317,9.642123127310976
244,0.1111111111111111,7.139317046361783
244,0.11904761904761904,9.115612789782945
244,0.12698412698412698,15.573091759732653
244,0.1349206349206349,8.537941530173454
244,0.14285714285714285,9.319377327418408
244,0.15079365079365079,7.05066423729244
244,0.15873015873015872,7.455543319804988
244,0.16666666666666666,5.511827105846392
244,0.1746031746031746,11.344718201806025
244,0.18253968253968253,5.048568942957923
244,0.19047619047619047,8.975620969945155
244,0.1984126984126984,27.237276409286512
244,0.20634920634920634,14.44060353612866
244,0.21428571428571427,19.55452052483696
244,0.2222222222222222,13.796768825184675
244,0.23015873015873015,15.0621037028825
244,0.23809523809523808,13.086485569611593
244,0.24603174603174602,19.663764788769498
244,0.25396825396825395,15.046842331362265
244,0.26190476190476186,7.113112756557535
244,0.2698412698412698,9.419143484059887
244,0.2777777777777778,2.6763629967098117
244,0.2857142857142857,0.8262452104522401
244,0.2936507936507936,8.751712595947605
244,0.30158730158730157,7.970616086633297
244,0.30952380952380953,5.5811510250369
244,0.31746031746031744,8.21359395594856
244,0.32539682539682535,5.06030085348202
244,0.3333333333333333,8.37139462422731
244,0.3412698412698413,4.562504863265322
244,0.3492063492063492,3.279104474615308
244,0.3571428571428571,7.6999514349830385
244,0.36507936507936506,19.175864976619483
244,0.373015873015873,1.1218784898883478
244,0.38095238095238093,3.7831640627569136
244,0.38888888888888884,5.974794876142609
244,0.3968253968253968,7.0561462396574095
244,0.40476190476190477,7.7605815397125655
244,0.4126984126984127,7.225920901194603
244,0.4206349206349206,7.048230081562194
244,0.42857142857142855,17.34283110910163
244,0.4365079365079365,13.642923281881751
244,0.4444444444444444,11.586027902556646
244,0.45238095238095233,12.141898264792035
244,0.4603174603174603,6.6033008874889925
244,0.46825396825396826,14.590222967267941
244,0.47619047619047616,5.410523374442213
244,0.4841269841269841,8.286130467380234
244,0.49206349206349204,4.073453238893944
245,0.0,8.881784197001252e-16
245,0.007518796992481203,39.500852206564744
245,0.015037593984962405,26.639654740115795
245,0.022556390977443608,29.1717611611181
245,0.03007518796992481,18.53195081172094
245,0.03759398496240601,14.550076703497316
245,0.045112781954887216,14.701514233712334
245,0.05263157894736842,13.50539987473691
245,0.06015037593984962,20.815665635889328
245,0.06766917293233082,12.817898314268987
245,0.07518796992481203,8.679499788924202
245,0.08270676691729323,19.039255696174568
245,0.09022556390977443,11.01973571945028
245,0.09774436090225563,7.117649838643006
245,0.10526315789473684,8.913006112165078
245,0.11278195488721804,9.564302342765913
245,0.12030075187969924,1.1890162997102731
245,0.12781954887218044,4.118494208486796
245,0.13533834586466165,2.245401108627657
245,0.14285714285714285,13.668103930394395
245,0.15037593984962405,1.6450972308264913
245,0.15789473684210525,11.523450156366847
245,0.16541353383458646,12.295612810464775
245,0.17293233082706766,9.779700604413994
245,0.18045112781954886,12.460505721628689
245,0.18796992481203006,10.726261276014325
245,0.19548872180451127,5.9255061360823085
245,0.20300751879699247,15.453078686218515
245,0.21052631578947367,4.561444052425885
245,0.21804511278195488,2.321427386176361
245,0.22556390977443608,10.744158415877337
245,0.23308270676691728,4.478857989422301
245,0.24060150375939848,3.8277701797613717
245,0.24812030075187969,8.830901570045231
245,0.2556390977443609,4.821799435802097
245,0.2631578947368421,5.481719466127643
245,0.2706766917293233,5.640533067563229
245,0.2781954887218045,4.203163406269195
245,0.2857142857142857,8.90046025780109
245,0.2932330827067669,3.2281958974259206
245,0.3007518796992481,8.486223768340096
245,0.3082706766917293,4.591278023856828
245,0.3157894736842105,6.372460992057618
245,0.3233082706766917,12.348314584541818
245,0.3308270676691729,6.905948650309927
245,0.3383458646616541,9.065764729555857
245,0.3458646616541353,18.787166213979393
245,0.3533834586466165,5.366273974404207
245,0.3609022556390977,9.520270190462648
245,0.3684210526315789,10.171481706215129
245,0.37593984962406013,5.477853850742155
245,0.38345864661654133,9.083160188426167
245,0.39097744360902253,5.561747573755519
245,0.39849624060150374,4.315827340710315
245,0.40601503759398494,12.689175326323344
245,0.41353383458646614,3.558302886452533
245,0.42105263157894735,0.17160475742597747
245,0.42857142857142855,8.963449236427623
245,0.43609022556390975,3.818857182719809
245,0.44360902255639095,7.265484807417378
245,0.45112781954887216,10.397888847520825
245,0.45864661654135336,4.6197893227693845
245,0.46616541353383456,6.913814077530707
245,0.47368421052631576,7.115854348186599
245,0.48120300751879697,2.731373853298177
245,0.48872180451127817,9.013194595444048
245,0.49624060150375937,3.9854890550719566
