sid,freq,power
0,0.0,9.769962616701378e-15
0,0.006097560975609756,16.48098870979932
0,0.012195121951219513,10.685513143539842
0,0.01829268292682927,9.407295013078594
0,0.024390243902439025,25.14481602183237
0,0.03048780487804878,7.494373553957668
0,0.03658536585365854,6.299022488171391
0,0.042682926829268296,3.8512122756804166
0,0.04878048780487805,8.66050193441366
0,0.054878048780487805,8.595039299936662
0,0.06097560975609756,13.222946470983157
0,0.06707317073170732,20.043089000755096
0,0.07317073170731708,11.085298913294936
0,0.07926829268292683,13.343193098256842
0,0.08536585365853659,8.782832053886253
0,0.09146341463414634,9.388164294482731
0,0.0975609756097561,10.977230903614453
0,0.10365853658536586,2.1197223383092574
0,0.10975609756097561,10.62535915746693
0,0.11585365853658537,8.735341811881627
0,0.12195121951219512,7.5584246644448765
0,0.12804878048780488,16.118347621719042
0,0.13414634146341464,12.549731249013337
0,0.1402439024390244,18.6009416811918
0,0.14634146341463417,20.850732234107745
0,0.1524390243902439,10.894525595574478
0,0.15853658536585366,18.456006977555415
0,0.16463414634146342,7.948608587613788
0,0.17073170731707318,19.19634870562435
0,0.17682926829268295,8.593150124895569
0,0.18292682926829268,14.56801343062008
0,0.18902439024390244,6.849642582850285
0,0.1951219512195122,4.132149655701558
0,0.20121951219512196,25.20642027165206
0,0.20731707317073172,11.234245348788999
0,0.21341463414634146,9.667590672482959
0,0.21951219512195122,7.199642933903234
0,0.22560975609756098,13.578053549118401
0,0.23170731707317074,20.334671075516862
0,0.2378048780487805,9.566012216770357
0,0.24390243902439024,13.85519459792249
0,0.25,12.628457002093016
0,0.25609756097560976,10.696890414631769
0,0.2621951219512195,15.15458072442529
0,0.2682926829268293,6.742534135176331
0,0.27439024390243905,3.319537845041721
0,0.2804878048780488,4.59565584537219
0,0.28658536585365857,6.09507966938189
0,0.29268292682926833,8.696882509287216
0,0.29878048780487804,6.547038122860021
0,0.3048780487804878,16.88925606455501
0,0.31097560975609756,19.395820702438535
0,0.3170731707317073,10.018333428963814
0,0.3231707317073171,8.315741728871982
0,0.32926829268292684,15.643442556824668
0,0.3353658536585366,10.158097378931238
0,0.34146341463414637,2.6002391895885864
0,0.34756097560975613,20.72782519991063
0,0.3536585365853659,2.613898265457106
0,0.3597560975609756,9.142828502501771
0,0.36585365853658536,9.180523659181713
0,0.3719512195121951,13.743537004770445
0,0.3780487804878049,16.216566830420117
0,0.38414634146341464,16.2942198766084
0,0.3902439024390244,6.8113529436204
0,0.39634146341463417,10.002077019549983
0,0.4024390243902439,7.896748800450612
0,0.4085365853658537,1.9102469858845001
0,0.41463414634146345,7.711980984613528
0,0.4207317073170732,19.8182714014842
0,0.4268292682926829,17.576832659771362
0,0.4329268292682927,7.599932077405584
0,0.43902439024390244,7.817398856035215
0,0.4451219512195122,6.076047122613184
0,0.45121951219512196,12.80132789053227
0,0.4573170731707317,6.7374871122426025
0,0.4634146341463415,5.2089824727250855
0,0.46951219512195125,13.586420113286318
0,0.475609756097561,10.735380769470634
0,0.48170731707317077,18.130810233223333
0,0.4878048780487805,10.116847614107582
0,0.49390243902439024,32.64108865344425
1,0.0,5.329070518200751e-15
1,0.006097560975609756,9.209264848554776
1,0.012195121951219513,13.599555873294081
1,0.01829268292682927,10.44278039947543
1,0.024390243902439025,9.7258982696837
1,0.03048780487804878,20.256212374472813
1,0.03658536585365854,22.169217944990834
1,0.042682926829268296,4.046290194209871
1,0.04878048780487805,14.046435040093366
1,0.054878048780487805,4.58578847049379
1,0.06097560975609756,9.977413258083143
1,0.06707317073170732,17.865210582398976
1,0.07317073170731708,12.48623227305851
1,0.07926829268292683,6.686779779810675
1,0.08536585365853659,8.136446795430508
1,0.09146341463414634,15.482020119579927
1,0.0975609756097561,6.90272183690355
1,0.10365853658536586,19.125424582309826
1,0.10975609756097561,11.750545053426448
1,0.11585365853658537,18.776489981105165
1,0.12195121951219512,4.447744947126429
1,0.12804878048780488,18.452928513342073
1,0.13414634146341464,21.70457000080861
1,0.1402439024390244,17.968844819767387
1,0.14634146341463417,16.424464439474136
1,0.1524390243902439,22.354376799911048
1,0.15853658536585366,3.2372893042096584
1,0.16463414634146342,16.34392986143458
1,0.17073170731707318,13.259886629240308
1,0.17682926829268295,5.666014019686736
1,0.18292682926829268,6.8959710599693995
1,0.18902439024390244,12.168848825686819
1,0.1951219512195122,3.1021526836920343
1,0.20121951219512196,17.66030507987992
1,0.20731707317073172,12.324405125814609
1,0.21341463414634146,14.214014837272819
1,0.21951219512195122,11.254564782630673
1,0.22560975609756098,14.145671654613258
1,0.23170731707317074,17.809918651242537
1,0.2378048780487805,19.4477210179128
1,0.24390243902439024,13.453162226091115
1,0.25,11.166794585146866
1,0.25609756097560976,12.036791603852905
1,0.2621951219512195,2.3032389960795334
1,0.2682926829268293,6.831655607404903
1,0.27439024390243905,11.429118828556923
1,0.2804878048780488,6.709594587574821
1,0.28658536585365857,11.28856669732016
1,0.29268292682926833,12.140832326945976
1,0.29878048780487804,6.9727916347616965
1,0.3048780487804878,14.922168757618131
1,0.31097560975609756,7.690713651626892
1,0.3170731707317073,18.41705038416817
1,0.3231707317073171,12.048867605456
1,0.32926829268292684,6.103983017717602
1,0.3353658536585366,9.927892905363324
1,0.34146341463414637,6.831893085329763
1,0.34756097560975613,1.0329463619128938
1,0.3536585365853659,16.02416819254942
1,0.3597560975609756,9.589294524392006
1,0.36585365853658536,9.497429155244832
1,0.3719512195121951,6.430333931307575
1,0.3780487804878049,11.23308507915939
1,0.38414634146341464,4.343597188919111
1,0.3902439024390244,15.927810156239076
1,0.39634146341463417,5.830974802180024
1,0.4024390243902439,12.206527420727015
1,0.4085365853658537,3.1315704249628684
1,0.41463414634146345,16.13061060778296
1,0.4207317073170732,16.180179847508604
1,0.4268292682926829,19.97113018118649
1,0.4329268292682927,10.956366944236844
1,0.43902439024390244,27.83077897354559
1,0.4451219512195122,9.59936140502694
1,0.45121951219512196,12.54306207576503
1,0.4573170731707317,5.874132996257316
1,0.4634146341463415,10.051797834231161
1,0.46951219512195125,9.172046739549494
1,0.475609756097561,13.666357934919935
1,0.48170731707317077,4.463979799100142
1,0.4878048780487805,1.408857826876089
1,0.49390243902439024,13.411021580905278
2,0.0,1.9539925233402755e-14
2,0.006097560975609756,22.361255483885742
2,0.012195121951219513,5.812442172929438
2,0.01829268292682927,9.644851616935597
2,0.024390243902439025,19.30492497665087
2,0.03048780487804878,13.666855766334349
2,0.03658536585365854,17.369677813405925
2,0.042682926829268296,13.976941728551752
2,0.04878048780487805,9.4688539696284
2,0.054878048780487805,2.9302979213713454
2,0.06097560975609756,16.89653764941589
2,0.06707317073170732,10.349329805499787
2,0.07317073170731708,9.769948022236118
2,0.07926829268292683,18.365938087420854
2,0.08536585365853659,11.356742273792195
2,0.09146341463414634,18.867189031135045
2,0.0975609756097561,12.562520008551484
2,0.10365853658536586,11.58351510010721
2,0.10975609756097561,9.626541067209292
2,0.11585365853658537,13.422695606913274
2,0.12195121951219512,6.856727384578053
2,0.12804878048780488,27.95204138720775
2,0.13414634146341464,7.382622050448626
2,0.1402439024390244,4.075844026877139
2,0.14634146341463417,9.955599755353061
2,0.1524390243902439,12.614469922259664
2,0.15853658536585366,12.47808145543001
2,0.16463414634146342,13.094421938569615
2,0.17073170731707318,8.120113404076921
2,0.17682926829268295,11.68565066001511
2,0.18292682926829268,17.409585048472387
2,0.18902439024390244,7.902640696252603
2,0.1951219512195122,14.293124387367167
2,0.20121951219512196,15.677825235364466
2,0.20731707317073172,12.540116152584698
2,0.21341463414634146,13.701879648408926
2,0.21951219512195122,5.8052604928289835
2,0.22560975609756098,17.143964690393965
2,0.23170731707317074,13.123028409952985
2,0.2378048780487805,8.97589095910114
2,0.24390243902439024,13.56888436861193
2,0.25,4.1893441749408105
2,0.25609756097560976,9.949749243282248
2,0.2621951219512195,12.042916921331933
2,0.2682926829268293,12.615077327926203
2,0.27439024390243905,10.759009348625558
2,0.2804878048780488,8.547356378707791
2,0.28658536585365857,8.811650006578727
2,0.29268292682926833,3.541043490586623
2,0.29878048780487804,6.401050404826635
2,0.3048780487804878,11.977977076614696
2,0.31097560975609756,3.110547735579319
2,0.3170731707317073,1.6458956185519387
2,0.3231707317073171,12.994831808532783
2,0.32926829268292684,13.281442727201899
2,0.3353658536585366,13.706154148990947
2,0.34146341463414637,9.77424943650569
2,0.34756097560975613,5.809376940016183
2,0.3536585365853659,4.214057879273137
2,0.3597560975609756,1.243404624198218
2,0.36585365853658536,9.516447517560756
2,0.3719512195121951,19.01301587403158
2,0.3780487804878049,12.401247222505177
2,0.38414634146341464,11.167698767881381
2,0.3902439024390244,12.894518714430303
2,0.39634146341463417,17.589409128725624
2,0.4024390243902439,19.390195198726015
2,0.4085365853658537,24.402860715272887
2,0.41463414634146345,9.377250818872364
2,0.4207317073170732,16.867289042446284
2,0.4268292682926829,17.70336407727164
2,0.4329268292682927,7.672642534702988
2,0.43902439024390244,8.435519889502814
2,0.4451219512195122,21.707327156402194
2,0.45121951219512196,9.152783777442169
2,0.4573170731707317,12.002648375797857
2,0.4634146341463415,7.168968099025777
2,0.46951219512195125,14.667314799629278
2,0.475609756097561,12.77659212464318
2,0.48170731707317077,5.562867810533867
2,0.4878048780487805,13.469155952790834
2,0.49390243902439024,4.101115076054265
3,0.0,3.552713678800501e-15
3,0.006097560975609756,8.100705987675386
3,0.012195121951219513,14.44846796448371
3,0.01829268292682927,18.828608737465004
3,0.024390243902439025,21.380401998938822
3,0.03048780487804878,27.00603532688226
3,0.03658536585365854,8.030686730211155
3,0.042682926829268296,16.11263662380703
3,0.04878048780487805,19.10264651116114
3,0.054878048780487805,10.456880926955439
3,0.06097560975609756,16.289891645270224
3,0.06707317073170732,14.013448919092186
3,0.07317073170731708,22.234477188575745
3,0.07926829268292683,17.40725877675955
3,0.08536585365853659,26.48799019799121
3,0.09146341463414634,15.449419742838744
3,0.0975609756097561,12.089697885756841
3,0.10365853658536586,7.140391793498097
3,0.10975609756097561,8.037080637835842
3,0.11585365853658537,7.067219841450144
3,0.12195121951219512,8.270852555538179
3,0.12804878048780488,5.374039801420094
3,0.13414634146341464,10.65391611163425
3,0.1402439024390244,6.59219765461501
3,0.14634146341463417,10.493240113009119
3,0.1524390243902439,13.636736310834152
3,0.15853658536585366,16.35071759751395
3,0.16463414634146342,5.974365066605895
3,0.17073170731707318,18.55806278111672
3,0.17682926829268295,12.370211572587676
3,0.18292682926829268,4.670992586790735
3,0.18902439024390244,13.593023380393035
3,0.1951219512195122,10.22516569004997
3,0.20121951219512196,14.971234434572732
3,0.20731707317073172,14.533166897903174
3,0.21341463414634146,8.203434007294716
3,0.21951219512195122,10.01132559043267
3,0.22560975609756098,7.4465536954343
3,0.23170731707317074,7.093631213922706
3,0.2378048780487805,5.220779155905352
3,0.24390243902439024,17.231902725020145
3,0.25,7.120140609665535
3,0.25609756097560976,14.825601662608664
3,0.2621951219512195,7.300784380518694
3,0.2682926829268293,14.128001051855279
3,0.27439024390243905,9.793127917693585
3,0.2804878048780488,7.814326548557746
3,0.28658536585365857,17.302621872404615
3,0.29268292682926833,5.325638930274819
3,0.29878048780487804,20.82209225940929
3,0.3048780487804878,10.816701919032342
3,0.31097560975609756,9.585610149716967
3,0.3170731707317073,9.061218623219023
3,0.3231707317073171,9.132110701955048
3,0.32926829268292684,10.78777323907987
3,0.3353658536585366,16.15084613107677
3,0.34146341463414637,2.6531654853112023
3,0.34756097560975613,7.551813174026907
3,0.3536585365853659,8.289240359670243
3,0.3597560975609756,14.113893223773635
3,0.36585365853658536,15.360132584899592
3,0.3719512195121951,11.090385058150105
3,0.3780487804878049,3.7473579450603918
3,0.38414634146341464,10.680862566116557
3,0.3902439024390244,11.0103654969066
3,0.39634146341463417,24.15283965600823
3,0.4024390243902439,16.39099383733063
3,0.4085365853658537,13.937101483969512
3,0.41463414634146345,5.463094515732712
3,0.4207317073170732,11.002615039929138
3,0.4268292682926829,8.303238171010168
3,0.4329268292682927,11.39306948773644
3,0.43902439024390244,12.566119838766674
3,0.4451219512195122,12.725489712460949
3,0.45121951219512196,14.149202940189932
3,0.4573170731707317,5.873381804329364
3,0.4634146341463415,10.645811609569696
3,0.46951219512195125,2.7717576866847646
3,0.475609756097561,10.537537103201984
3,0.48170731707317077,0.6653626068421871
3,0.4878048780487805,3.729231886138528
3,0.49390243902439024,14.940590749269248
4,0.0,9.325873406851315e-15
4,0.006097560975609756,23.195177093862796
4,0.012195121951219513,30.23346165185996
4,0.01829268292682927,25.78422926188811
4,0.024390243902439025,15.471696357377732
4,0.03048780487804878,16.563684688305074
4,0.03658536585365854,9.663191737149381
4,0.042682926829268296,17.123363131818277
4,0.04878048780487805,14.559343870752826
4,0.054878048780487805,12.704445648801517
4,0.06097560975609756,23.113824115646594
4,0.06707317073170732,12.936069461542214
4,0.07317073170731708,17.097184917768626
4,0.07926829268292683,15.432363194050488
4,0.08536585365853659,3.6450095287895894
4,0.09146341463414634,3.424828233335123
4,0.0975609756097561,10.70291376244584
4,0.10365853658536586,12.325103608413643
4,0.10975609756097561,8.6264916374118
4,0.11585365853658537,7.420192722008923
4,0.12195121951219512,8.513563929757364
4,0.12804878048780488,11.209703920754308
4,0.13414634146341464,5.168754142461331
4,0.1402439024390244,9.905675862934622
4,0.14634146341463417,20.466113986984514
4,0.1524390243902439,5.609921357185893
4,0.15853658536585366,10.04899345572334
4,0.16463414634146342,8.564307750925192
4,0.17073170731707318,4.875082769459422
4,0.17682926829268295,7.875309941315702
4,0.18292682926829268,9.076008884011966
4,0.18902439024390244,7.087869581551559
4,0.1951219512195122,6.852359890005927
4,0.20121951219512196,4.359484154086457
4,0.20731707317073172,5.674114683939655
4,0.21341463414634146,12.401032092500063
4,0.21951219512195122,7.176013609254448
4,0.22560975609756098,14.93706704310826
4,0.23170731707317074,5.479828793812992
4,0.2378048780487805,8.327682010080371
4,0.24390243902439024,7.504298802053713
4,0.25,12.83578389017913
4,0.25609756097560976,8.691358948205016
4,0.2621951219512195,3.2825767444627334
4,0.2682926829268293,16.139570088925815
4,0.27439024390243905,8.209638040726729
4,0.2804878048780488,2.096888277326256
4,0.28658536585365857,10.504578399885052
4,0.29268292682926833,9.419048413028628
4,0.29878048780487804,6.570570747415465
4,0.3048780487804878,3.8029802047018566
4,0.31097560975609756,10.064002789852585
4,0.3170731707317073,17.932346893857662
4,0.3231707317073171,4.572523785606518
4,0.32926829268292684,6.905965953630319
4,0.3353658536585366,7.125314279432193
4,0.34146341463414637,3.4192839825930235
4,0.34756097560975613,6.463720673486674
4,0.3536585365853659,12.632762543410095
4,0.3597560975609756,7.8917508594599015
4,0.36585365853658536,17.29937903509339
4,0.3719512195121951,3.5319949269613597
4,0.3780487804878049,19.91301216485368
4,0.38414634146341464,14.559070358615418
4,0.3902439024390244,14.120505786448001
4,0.39634146341463417,21.59260887081034
4,0.4024390243902439,15.393123645795738
4,0.4085365853658537,6.27646547921123
4,0.41463414634146345,20.788851880879108
4,0.4207317073170732,9.464076137910208
4,0.4268292682926829,23.059348576199746
4,0.4329268292682927,7.180544156882418
4,0.43902439024390244,16.00918075985298
4,0.4451219512195122,13.349568554016843
4,0.45121951219512196,4.629015523711486
4,0.4573170731707317,14.13284354567979
4,0.4634146341463415,17.618223124422897
4,0.46951219512195125,10.146621262376527
4,0.475609756097561,18.223225240787652
4,0.48170731707317077,17.732659106795904
4,0.4878048780487805,10.882373848747495
4,0.49390243902439024,8.797259273106356
5,0.0,1.4210854715202004e-14
5,0.006097560975609756,25.560458750641022
5,0.012195121951219513,18.878482877360728
5,0.01829268292682927,8.99416005245871
5,0.024390243902439025,11.170460334117088
5,0.03048780487804878,5.3131721857555245
5,0.03658536585365854,12.452500768984946
5,0.042682926829268296,23.28398664125553
5,0.04878048780487805,28.427277803029767
5,0.054878048780487805,8.93260761696899
5,0.06097560975609756,8.907827304867162
5,0.06707317073170732,5.125668645117961
5,0.07317073170731708,8.110723650451076
5,0.07926829268292683,20.204932525371177
5,0.08536585365853659,8.896095562534569
5,0.09146341463414634,12.332945215209204
5,0.0975609756097561,16.3340484520505
5,0.10365853658536586,11.018593295183477
5,0.10975609756097561,18.07571805706715
5,0.11585365853658537,7.081279519496797
5,0.12195121951219512,9.33685250940318
5,0.12804878048780488,23.500909974783987
5,0.13414634146341464,23.804879455069866
5,0.1402439024390244,13.900457333235217
5,0.14634146341463417,9.22186298911826
5,0.1524390243902439,7.2591810101924805
5,0.15853658536585366,2.3586414918922407
5,0.16463414634146342,11.634285206998387
5,0.17073170731707318,5.320879112777574
5,0.17682926829268295,12.734387718840953
5,0.18292682926829268,9.89717941756218
5,0.18902439024390244,8.917666951021436
5,0.1951219512195122,7.32493243945187
5,0.20121951219512196,8.537642425810832
5,0.20731707317073172,19.572521067994053
5,0.21341463414634146,4.677347495616432
5,0.21951219512195122,3.126548001922832
5,0.22560975609756098,14.13700034502125
5,0.23170731707317074,19.067864172339394
5,0.2378048780487805,2.2254683233551105
5,0.24390243902439024,8.022611544994694
5,0.25,11.469144626765313
5,0.25609756097560976,22.509570378200358
5,0.2621951219512195,1.9215246241627437
5,0.2682926829268293,8.18109077066246
5,0.27439024390243905,14.597994388932008
5,0.2804878048780488,5.858034672796735
5,0.28658536585365857,15.25263229275594
5,0.29268292682926833,5.694361148255334
5,0.29878048780487804,9.235372375705479
5,0.3048780487804878,14.047643777193798
5,0.31097560975609756,17.604482372475633
5,0.3170731707317073,23.135146940159068
5,0.3231707317073171,10.593431240806575
5,0.32926829268292684,4.298233137593547
5,0.3353658536585366,27.016097881765205
5,0.34146341463414637,2.7723677240618776
5,0.34756097560975613,7.205029789759904
5,0.3536585365853659,13.111196366871207
5,0.3597560975609756,10.13170578174676
5,0.36585365853658536,3.133522222585138
5,0.3719512195121951,0.8242335350703317
5,0.3780487804878049,4.189862214789941
5,0.38414634146341464,8.178762317404436
5,0.3902439024390244,7.621428545759786
5,0.39634146341463417,10.440974055472129
5,0.4024390243902439,12.599726988990117
5,0.4085365853658537,8.22280577758832
5,0.41463414634146345,6.403665081804727
5,0.4207317073170732,4.22766313262683
5,0.4268292682926829,7.026016206758251
5,0.4329268292682927,22.301455932239506
5,0.43902439024390244,10.182171391697292
5,0.4451219512195122,7.1159351341407024
5,0.45121951219512196,7.219255385714495
5,0.4573170731707317,13.264205694623417
5,0.4634146341463415,9.880245117161921
5,0.46951219512195125,17.577369776231205
5,0.475609756097561,5.439005911040018
5,0.48170731707317077,11.170285823280365
5,0.4878048780487805,12.227726935709224
5,0.49390243902439024,6.139574875601968
6,0.0,1.3322676295501878e-14
6,0.006097560975609756,23.743933664756472
6,0.012195121951219513,20.876272153462107
6,0.01829268292682927,6.1826797997496135
6,0.024390243902439025,12.359410165033445
6,0.03048780487804878,4.454053876034051
6,0.03658536585365854,16.108359707580174
6,0.042682926829268296,25.268367565501965
6,0.04878048780487805,20.832073819230757
6,0.054878048780487805,6.230393846385228
6,0.06097560975609756,18.414125793074476
6,0.06707317073170732,13.613691891320883
6,0.07317073170731708,2.2733579365179564
6,0.07926829268292683,13.385665480693536
6,0.08536585365853659,22.55920999694859
6,0.09146341463414634,7.199666535017248
6,0.0975609756097561,6.445343427604276
6,0.10365853658536586,13.492755351644933
6,0.10975609756097561,8.556923882089295
6,0.11585365853658537,16.651133414599258
6,0.12195121951219512,9.710736281262117
6,0.12804878048780488,17.731383499499298
6,0.13414634146341464,10.618054650446938
6,0.1402439024390244,21.870520006794585
6,0.14634146341463417,16.560507188220743
6,0.1524390243902439,19.63322140657873
6,0.15853658536585366,8.13581976196606
6,0.16463414634146342,4.061738668495818
6,0.17073170731707318,10.506231362841296
6,0.17682926829268295,18.66223939254636
6,0.18292682926829268,9.900808527661365
6,0.18902439024390244,20.49399367031282
6,0.1951219512195122,8.897459717867344
6,0.20121951219512196,15.162220745195379
6,0.20731707317073172,4.820706186498159
6,0.21341463414634146,2.351296572563296
6,0.21951219512195122,0.975687143456643
6,0.22560975609756098,7.459741799732282
6,0.23170731707317074,3.2174707636610873
6,0.2378048780487805,11.62100280497152
6,0.24390243902439024,9.389358575362989
6,0.25,7.750632053676117
6,0.25609756097560976,14.30025813829889
6,0.2621951219512195,11.431246479170746
6,0.2682926829268293,13.288784062091482
6,0.27439024390243905,2.0644072508967817
6,0.2804878048780488,9.116062573957109
6,0.28658536585365857,15.190103468283112
6,0.29268292682926833,4.2898369368489115
6,0.29878048780487804,12.13322067961641
6,0.3048780487804878,13.03433687208544
6,0.31097560975609756,4.060599899398353
6,0.3170731707317073,14.150861027956303
6,0.3231707317073171,8.032633333163817
6,0.32926829268292684,12.083170974934898
6,0.3353658536585366,16.340354347547095
6,0.34146341463414637,8.434946213152237
6,0.34756097560975613,8.671572554011505
6,0.3536585365853659,2.1213897474007477
6,0.3597560975609756,12.016460331054715
6,0.36585365853658536,14.215577387298788
6,0.3719512195121951,6.9927586006534534
6,0.3780487804878049,17.01111753287247
6,0.38414634146341464,20.821102160254522
6,0.3902439024390244,10.000746560282039
6,0.39634146341463417,11.456967554727493
6,0.4024390243902439,10.678330892384329
6,0.4085365853658537,18.78802011513414
6,0.41463414634146345,8.252551527142378
6,0.4207317073170732,5.235954576961177
6,0.4268292682926829,8.614349430673382
6,0.4329268292682927,1.943580793084941
6,0.43902439024390244,11.846944960949953
6,0.4451219512195122,16.614800632344394
6,0.45121951219512196,12.463721984582302
6,0.4573170731707317,6.6342162871414505
6,0.4634146341463415,14.486971079053944
6,0.46951219512195125,13.79702577024377
6,0.475609756097561,14.60939099228864
6,0.48170731707317077,7.847136841043021
6,0.4878048780487805,5.157171535593787
6,0.49390243902439024,13.523988601536674
7,0.0,8.881784197001252e-15
7,0.006097560975609756,33.325465221283864
7,0.012195121951219513,6.289462263857547
7,0.01829268292682927,10.519683904616263
7,0.024390243902439025,21.781987130291547
7,0.03048780487804878,26.24686803144994
7,0.03658536585365854,20.47631254918986
7,0.042682926829268296,5.8410971824904205
7,0.04878048780487805,5.655622937080055
7,0.054878048780487805,8.291163309041522
7,0.06097560975609756,14.959514083359487
7,0.06707317073170732,7.417626185612737
7,0.07317073170731708,2.375497510614977
7,0.07926829268292683,22.010311191836646
7,0.08536585365853659,12.195666744009749
7,0.09146341463414634,21.04869573128758
7,0.0975609756097561,4.069522034042258
7,0.10365853658536586,4.026010853860632
7,0.10975609756097561,14.335660322624044
7,0.11585365853658537,11.58874818424271
7,0.12195121951219512,17.09432369080567
7,0.12804878048780488,9.200847475018621
7,0.13414634146341464,4.728396680121039
7,0.1402439024390244,13.223052274106548
7,0.14634146341463417,4.746111769898661
7,0.1524390243902439,13.425256942070295
7,0.15853658536585366,10.691426125658317
7,0.16463414634146342,10.878695909798797
7,0.17073170731707318,6.3135660442742
7,0.17682926829268295,12.129879022489174
7,0.18292682926829268,4.463332815536114
7,0.18902439024390244,5.170563687151162
7,0.1951219512195122,4.964896221907557
7,0.20121951219512196,4.768211607101659
7,0.20731707317073172,5.712428655338597
7,0.21341463414634146,22.094264556128124
7,0.21951219512195122,7.983931561190128
7,0.22560975609756098,7.973342607875304
7,0.23170731707317074,17.112077003027952
7,0.2378048780487805,12.86018820464416
7,0.24390243902439024,2.801571174070834
7,0.25,5.499377641701867
7,0.25609756097560976,11.85632620805182
7,0.2621951219512195,8.810036041638398
7,0.2682926829268293,19.203943725422057
7,0.27439024390243905,10.624127465749629
7,0.2804878048780488,0.7723626117505008
7,0.28658536585365857,6.915757336387781
7,0.29268292682926833,17.254923056052196
7,0.29878048780487804,12.942604586893793
7,0.3048780487804878,9.697987068515179
7,0.31097560975609756,2.6992958657100656
7,0.3170731707317073,8.962591429340678
7,0.3231707317073171,10.748273090966565
7,0.32926829268292684,11.821552818029627
7,0.3353658536585366,6.276070037221291
7,0.34146341463414637,10.001761205915965
7,0.34756097560975613,6.243993898776082
7,0.3536585365853659,16.389587956946762
7,0.3597560975609756,7.318606983959215
7,0.36585365853658536,12.229668889859559
7,0.3719512195121951,25.09321414309446
7,0.3780487804878049,28.65429974740468
7,0.38414634146341464,11.260504697408582
7,0.3902439024390244,16.162288004101406
7,0.39634146341463417,12.253854880126518
7,0.4024390243902439,9.626831308224089
7,0.4085365853658537,8.032181056307346
7,0.41463414634146345,3.7961949479275505
7,0.4207317073170732,4.011493410901374
7,0.4268292682926829,11.63821848361482
7,0.4329268292682927,2.4602514380924068
7,0.43902439024390244,8.572966537988673
7,0.4451219512195122,18.521619795422833
7,0.45121951219512196,8.739788978169669
7,0.4573170731707317,5.410209596426077
7,0.4634146341463415,8.619813927953308
7,0.46951219512195125,9.513162895694851
7,0.475609756097561,9.985414662447399
7,0.48170731707317077,17.702409688350215
7,0.4878048780487805,8.30284951090521
7,0.49390243902439024,7.512571723150272
8,0.0,8.881784197001252e-15
8,0.006097560975609756,5.293234282727391
8,0.012195121951219513,20.32223593791658
8,0.01829268292682927,21.97521608200274
8,0.024390243902439025,17.28061170811204
8,0.03048780487804878,2.9647726020080776
8,0.03658536585365854,10.310764692296797
8,0.042682926829268296,16.740737018015416
8,0.04878048780487805,24.839664728925158
8,0.054878048780487805,10.450994675093167
8,0.06097560975609756,23.01547610334752
8,0.06707317073170732,22.664152273746165
8,0.07317073170731708,4.329052649886049
8,0.07926829268292683,14.701873536226454
8,0.08536585365853659,16.381957791566215
8,0.09146341463414634,4.995186626017958
8,0.0975609756097561,14.445907730044363
8,0.10365853658536586,4.237317571172156
8,0.10975609756097561,16.954861991458312
8,0.11585365853658537,8.82817080004214
8,0.12195121951219512,22.85773083847425
8,0.12804878048780488,7.346181528630785
8,0.13414634146341464,11.396716523630312
8,0.1402439024390244,6.540690191272683
8,0.14634146341463417,11.628245273824545
8,0.1524390243902439,18.62349880886641
8,0.15853658536585366,9.50712003041633
8,0.16463414634146342,13.685630333974176
8,0.17073170731707318,11.156537691130554
8,0.17682926829268295,8.716677533407847
8,0.18292682926829268,11.712161769970363
8,0.18902439024390244,4.561849325852936
8,0.1951219512195122,14.54745646899403
8,0.20121951219512196,21.210399844760243
8,0.20731707317073172,15.821226598977416
8,0.21341463414634146,14.577617212779781
8,0.21951219512195122,1.944012274632116
8,0.22560975609756098,9.724452043976218
8,0.23170731707317074,3.4537351714522107
8,0.2378048780487805,9.482474009501773
8,0.24390243902439024,7.876289758808309
8,0.25,10.00408898030296
8,0.25609756097560976,9.08433707706568
8,0.2621951219512195,16.496531897456908
8,0.2682926829268293,10.188187780687846
8,0.27439024390243905,21.361240546640904
8,0.2804878048780488,10.610451458185695
8,0.28658536585365857,4.199513599791763
8,0.29268292682926833,4.029850746932751
8,0.29878048780487804,3.6524134821090017
8,0.3048780487804878,11.597641227021427
8,0.31097560975609756,7.323580614426728
8,0.3170731707317073,2.074731451979658
8,0.3231707317073171,17.097561681271802
8,0.32926829268292684,13.563220841889333
8,0.3353658536585366,12.520447564088352
8,0.34146341463414637,20.923160408353613
8,0.34756097560975613,11.648458089669296
8,0.3536585365853659,11.392955332005538
8,0.3597560975609756,7.204306799824125
8,0.36585365853658536,4.711307979748202
8,0.3719512195121951,9.459185871572712
8,0.3780487804878049,10.21731326716599
8,0.38414634146341464,8.726891364416506
8,0.3902439024390244,8.305142786532471
8,0.39634146341463417,23.64937426756913
8,0.4024390243902439,7.331317254132816
8,0.4085365853658537,10.252062331819822
8,0.41463414634146345,10.106318044965057
8,0.4207317073170732,6.5349314272910135
8,0.4268292682926829,6.424228881616348
8,0.4329268292682927,9.970289624578763
8,0.43902439024390244,7.473874473986234
8,0.4451219512195122,11.145312690503955
8,0.45121951219512196,9.702238952563524
8,0.4573170731707317,4.558247873286736
8,0.4634146341463415,19.37568583860974
8,0.46951219512195125,11.284343479760402
8,0.475609756097561,10.958950261224548
8,0.48170731707317077,6.068955243199485
8,0.4878048780487805,11.382977294565297
8,0.49390243902439024,11.222824753418877
9,0.0,3.552713678800501e-15
9,0.006097560975609756,2.3428781386969866
9,0.012195121951219513,17.982220511283952
9,0.01829268292682927,21.12649072722841
9,0.024390243902439025,16.512995702359245
9,0.03048780487804878,10.393168417864374
9,0.03658536585365854,13.220379073719558
9,0.042682926829268296,21.845483172236683
9,0.04878048780487805,7.037455210424969
9,0.054878048780487805,14.040912944290834
9,0.06097560975609756,14.939602449798203
9,0.06707317073170732,32.99878382643281
9,0.07317073170731708,7.925924146649981
9,0.07926829268292683,16.26645027185167
9,0.08536585365853659,23.705008713742032
9,0.09146341463414634,9.05808161596675
9,0.0975609756097561,19.968966655820118
9,0.10365853658536586,10.389904493548851
9,0.10975609756097561,7.746430638694796
9,0.11585365853658537,5.716584311459243
9,0.12195121951219512,15.90779386040938
9,0.12804878048780488,27.408867851560945
9,0.13414634146341464,11.798430546236004
9,0.1402439024390244,17.694044052198848
9,0.14634146341463417,8.495732571395902
9,0.1524390243902439,16.121578768872286
9,0.15853658536585366,7.064306009753711
9,0.16463414634146342,18.78732093049739
9,0.17073170731707318,28.782603400395864
9,0.17682926829268295,10.74684459839243
9,0.18292682926829268,7.099779829232807
9,0.18902439024390244,9.922201521684778
9,0.1951219512195122,16.201071308911516
9,0.20121951219512196,18.15551309845898
9,0.20731707317073172,14.075734555058554
9,0.21341463414634146,11.331008240220473
9,0.21951219512195122,9.985394444210211
9,0.22560975609756098,7.7154280783744715
9,0.23170731707317074,12.552603902765032
9,0.2378048780487805,2.4580932652636625
9,0.24390243902439024,5.233793614996864
9,0.25,8.824196933105252
9,0.25609756097560976,8.632721215433307
9,0.2621951219512195,7.644925601247449
9,0.2682926829268293,7.046223398797203
9,0.27439024390243905,9.758284183724976
9,0.2804878048780488,9.42473466218049
9,0.28658536585365857,3.826286520317912
9,0.29268292682926833,15.29257362950392
9,0.29878048780487804,9.325393229932063
9,0.3048780487804878,7.929572818360673
9,0.31097560975609756,8.193256203916151
9,0.3170731707317073,5.303174271620071
9,0.3231707317073171,11.225793657539985
9,0.32926829268292684,9.784408901594345
9,0.3353658536585366,7.444210431422189
9,0.34146341463414637,0.36925266646164323
9,0.34756097560975613,6.985685228262081
9,0.3536585365853659,8.798195084749795
9,0.3597560975609756,12.000301224761769
9,0.36585365853658536,5.186992436074826
9,0.3719512195121951,6.970995026829871
9,0.3780487804878049,5.177935061662595
9,0.38414634146341464,13.048977768997187
9,0.3902439024390244,12.645621612487222
9,0.39634146341463417,6.609473765588137
9,0.4024390243902439,9.586755409784992
9,0.4085365853658537,8.028765424922877
9,0.41463414634146345,11.579816112708816
9,0.4207317073170732,6.451238467790724
9,0.4268292682926829,8.995603592451927
9,0.4329268292682927,8.155577193201418
9,0.43902439024390244,7.68561862133904
9,0.4451219512195122,21.12767537590627
9,0.45121951219512196,0.3118723235712277
9,0.4573170731707317,2.0977425847865674
9,0.4634146341463415,2.332464783173606
9,0.46951219512195125,10.686552215100777
9,0.475609756097561,6.256521771378818
9,0.48170731707317077,11.077958345213352
9,0.4878048780487805,10.327205681244767
9,0.49390243902439024,20.40196442351539
10,0.0,1.5987211554602254e-14
10,0.006097560975609756,31.328179329052652
10,0.012195121951219513,4.757223821528826
10,0.01829268292682927,17.669173633639552
10,0.024390243902439025,24.256426259484872
10,0.03048780487804878,11.26458225162135
10,0.03658536585365854,9.079917297954703
10,0.042682926829268296,1.2207917730643982
10,0.04878048780487805,13.324623571643214
10,0.054878048780487805,10.711090265145282
10,0.06097560975609756,10.676035910869636
10,0.06707317073170732,9.787212294474548
10,0.07317073170731708,18.465206440047176
10,0.07926829268292683,28.21107020781232
10,0.08536585365853659,16.737668969014134
10,0.09146341463414634,5.276002866980917
10,0.0975609756097561,14.631955897529837
10,0.10365853658536586,16.816358675738613
10,0.10975609756097561,21.132956333730103
10,0.11585365853658537,19.387234716997106
10,0.12195121951219512,14.34450134742978
10,0.12804878048780488,4.413046814540655
10,0.13414634146341464,18.035231558922483
10,0.1402439024390244,10.718357016916997
10,0.14634146341463417,0.7743529651883942
10,0.1524390243902439,6.241029370703266
10,0.15853658536585366,23.70129274121297
10,0.16463414634146342,15.418692638591498
10,0.17073170731707318,10.431944039966243
10,0.17682926829268295,13.790744455678043
10,0.18292682926829268,3.9798951000850047
10,0.18902439024390244,8.136698176117646
10,0.1951219512195122,17.854541591865747
10,0.20121951219512196,13.963846345024848
10,0.20731707317073172,14.86442752626826
10,0.21341463414634146,7.070051878814087
10,0.21951219512195122,13.155480121229997
10,0.22560975609756098,7.149968796045875
10,0.23170731707317074,8.265616451101135
10,0.2378048780487805,13.873487622916961
10,0.24390243902439024,11.43419451322597
10,0.25,6.603194579437719
10,0.25609756097560976,11.337573403992526
10,0.2621951219512195,23.37757546156408
10,0.2682926829268293,5.486093893473804
10,0.27439024390243905,5.424155979222765
10,0.2804878048780488,12.983322805381443
10,0.28658536585365857,6.016306412609057
10,0.29268292682926833,11.5851837422208
10,0.29878048780487804,5.274092605763006
10,0.3048780487804878,10.733328628388634
10,0.31097560975609756,1.1073223100301226
10,0.3170731707317073,13.575147832673423
10,0.3231707317073171,15.009845507977223
10,0.32926829268292684,4.712432906292032
10,0.3353658536585366,3.843860218615737
10,0.34146341463414637,9.041389882664298
10,0.34756097560975613,6.231129110042982
10,0.3536585365853659,1.9578629876415112
10,0.3597560975609756,16.493327365587636
10,0.36585365853658536,0.6255608326343242
10,0.3719512195121951,12.09740278773525
10,0.3780487804878049,20.782632123809336
10,0.38414634146341464,5.700496698379509
10,0.3902439024390244,4.166620056850909
10,0.39634146341463417,6.206063935224414
10,0.4024390243902439,3.917900770717684
10,0.4085365853658537,4.484711591669146
10,0.41463414634146345,8.74705975332145
10,0.4207317073170732,24.4029278951185
10,0.4268292682926829,11.971625722052547
10,0.4329268292682927,7.764752030387005
10,0.43902439024390244,13.591652879008976
10,0.4451219512195122,0.7437649454465355
10,0.45121951219512196,7.198041842572267
10,0.4573170731707317,14.657761023541953
10,0.4634146341463415,3.6714334326904416
10,0.46951219512195125,10.995496869757462
10,0.475609756097561,6.027834864595955
10,0.48170731707317077,8.881407338778168
10,0.4878048780487805,6.475321488703381
10,0.49390243902439024,6.537755010874118
11,0.0,1.7763568394002505e-15
11,0.006097560975609756,30.131430318012008
11,0.012195121951219513,21.939108880155565
11,0.01829268292682927,10.726997540692528
11,0.024390243902439025,12.911172882861838
11,0.03048780487804878,28.914367833385768
11,0.03658536585365854,26.908156727260973
11,0.042682926829268296,27.61136111799228
11,0.04878048780487805,21.931796655811752
11,0.054878048780487805,13.771999507722429
11,0.06097560975609756,12.994662020259437
11,0.06707317073170732,6.484626296611426
11,0.07317073170731708,15.10216789800145
11,0.07926829268292683,13.424294200212442
11,0.08536585365853659,13.303507945666935
11,0.09146341463414634,4.078763571606102
11,0.0975609756097561,13.240019046455783
11,0.10365853658536586,7.560951149236307
11,0.10975609756097561,9.682644422744536
11,0.11585365853658537,0.9999790456437981
11,0.12195121951219512,8.781006227386717
11,0.12804878048780488,14.175564677528607
11,0.13414634146341464,9.634112703405327
11,0.1402439024390244,4.474727821762805
11,0.14634146341463417,6.1836417240386865
11,0.1524390243902439,1.5906529898423147
11,0.15853658536585366,8.912847822296902
11,0.16463414634146342,10.70696573379248
11,0.17073170731707318,6.360006249775577
11,0.17682926829268295,11.679804135269048
11,0.18292682926829268,8.589809621099894
11,0.18902439024390244,13.745783453192237
11,0.1951219512195122,11.054969311245943
11,0.20121951219512196,12.665510579980417
11,0.20731707317073172,10.107013916321895
11,0.21341463414634146,6.75665347219705
11,0.21951219512195122,7.247114153045365
11,0.22560975609756098,9.17054955123993
11,0.23170731707317074,12.046549019859603
11,0.2378048780487805,5.064707555729543
11,0.24390243902439024,11.72537557937121
11,0.25,6.882134798727136
11,0.25609756097560976,10.656471740898157
11,0.2621951219512195,3.4001570237822714
11,0.2682926829268293,7.349614761194876
11,0.27439024390243905,12.893104582814749
11,0.2804878048780488,3.7231848461759314
11,0.28658536585365857,15.106512642179217
11,0.29268292682926833,3.96372835638681
11,0.29878048780487804,1.6929127601701586
11,0.3048780487804878,9.518804226020631
11,0.31097560975609756,5.383464073541936
11,0.3170731707317073,12.374551655772189
11,0.3231707317073171,13.65382453534279
11,0.32926829268292684,7.756564034950936
11,0.3353658536585366,9.358587198305132
11,0.34146341463414637,4.835191041756907
11,0.34756097560975613,12.59161732000173
11,0.3536585365853659,3.52071313351382
11,0.3597560975609756,16.898187283954247
11,0.36585365853658536,11.735969385796965
11,0.3719512195121951,12.440850089096642
11,0.3780487804878049,18.261134916588517
11,0.38414634146341464,14.69506049966056
11,0.3902439024390244,10.157781780772034
11,0.39634146341463417,11.615317189403262
11,0.4024390243902439,3.5409961111447177
11,0.4085365853658537,6.586617414719903
11,0.41463414634146345,21.512781325214334
11,0.4207317073170732,6.606928372027667
11,0.4268292682926829,2.777796831377973
11,0.4329268292682927,1.1440281924690487
11,0.43902439024390244,10.507635555486104
11,0.4451219512195122,16.3031832063138
11,0.45121951219512196,18.475917568050434
11,0.4573170731707317,17.800749826634423
11,0.4634146341463415,6.958818368791217
11,0.46951219512195125,18.63875854936637
11,0.475609756097561,18.1625707474383
11,0.48170731707317077,13.129366016767195
11,0.4878048780487805,13.040589392724968
11,0.49390243902439024,4.153185800984801
12,0.0,0.0
12,0.006097560975609756,21.926212339426094
12,0.012195121951219513,16.11521692172283
12,0.01829268292682927,4.397918684646754
12,0.024390243902439025,18.143268396327983
12,0.03048780487804878,4.404759083363646
12,0.03658536585365854,22.818188640811048
12,0.042682926829268296,16.05441304237786
12,0.04878048780487805,33.123785773498774
12,0.054878048780487805,18.450537513624713
12,0.06097560975609756,18.74499610282279
12,0.06707317073170732,4.3432725965709995
12,0.07317073170731708,13.758168341659287
12,0.07926829268292683,9.352350278657099
12,0.08536585365853659,9.015552009206147
12,0.09146341463414634,11.744197216617469
12,0.0975609756097561,13.308605294169231
12,0.10365853658536586,1.6003482140006642
12,0.10975609756097561,11.656119581556773
12,0.11585365853658537,5.375355398843743
12,0.12195121951219512,6.242126062056138
12,0.12804878048780488,10.017114957633668
12,0.13414634146341464,9.817918308689654
12,0.1402439024390244,23.23972178851122
12,0.14634146341463417,2.944072463234622
12,0.1524390243902439,5.58759492221237
12,0.15853658536585366,7.593293437247293
12,0.16463414634146342,9.724788606482498
12,0.17073170731707318,12.469662087520774
12,0.17682926829268295,19.578725535776556
12,0.18292682926829268,13.83690325200954
12,0.18902439024390244,12.351120093334849
12,0.1951219512195122,1.2028978982166019
12,0.20121951219512196,8.768230482114449
12,0.20731707317073172,18.37011090121753
12,0.21341463414634146,5.307665956470298
12,0.21951219512195122,14.285724127760064
12,0.22560975609756098,6.175706807149028
12,0.23170731707317074,15.047222964458804
12,0.2378048780487805,10.432058589722216
12,0.24390243902439024,9.322350858440426
12,0.25,9.612416292655727
12,0.25609756097560976,5.197828548119574
12,0.2621951219512195,16.184164101667402
12,0.2682926829268293,6.485315769216143
12,0.27439024390243905,6.160578047725912
12,0.2804878048780488,4.333132390332763
12,0.28658536585365857,11.114989611126987
12,0.29268292682926833,5.847218055584401
12,0.29878048780487804,22.089148230170565
12,0.3048780487804878,8.37060115865996
12,0.31097560975609756,10.403051694061816
12,0.3170731707317073,11.000871755640858
12,0.3231707317073171,1.5090409264346278
12,0.32926829268292684,7.245647854780342
12,0.3353658536585366,4.768214051579169
12,0.34146341463414637,7.998117090404841
12,0.34756097560975613,23.017104709494685
12,0.3536585365853659,12.260951814916858
12,0.3597560975609756,1.0062181798865495
12,0.36585365853658536,10.121467297250964
12,0.3719512195121951,15.124013466693302
12,0.3780487804878049,17.023702838516375
12,0.38414634146341464,11.179046252634508
12,0.3902439024390244,13.572201212738404
12,0.39634146341463417,26.16214458295696
12,0.4024390243902439,9.185129153850134
12,0.4085365853658537,10.547162862370193
12,0.41463414634146345,21.181247338979702
12,0.4207317073170732,11.991067938315439
12,0.4268292682926829,11.987765148487034
12,0.4329268292682927,7.146020379311046
12,0.43902439024390244,9.100946374046258
12,0.4451219512195122,17.070603660551516
12,0.45121951219512196,6.087804021836024
12,0.4573170731707317,17.480977040950734
12,0.4634146341463415,10.692455386666342
12,0.46951219512195125,7.320966778783403
12,0.475609756097561,12.460532603373892
12,0.48170731707317077,1.6474321141634225
12,0.4878048780487805,7.3935303464642095
12,0.49390243902439024,3.3430255777958027
13,0.0,1.7763568394002505e-14
13,0.006097560975609756,17.363157559443643
13,0.012195121951219513,22.754945477967908
13,0.01829268292682927,19.98536695885077
13,0.024390243902439025,8.304596310004216
13,0.03048780487804878,8.233209900365082
13,0.03658536585365854,17.44744807988177
13,0.042682926829268296,9.448101234271121
13,0.04878048780487805,7.584735832753728
13,0.054878048780487805,12.801752467678144
13,0.06097560975609756,9.582546770855688
13,0.06707317073170732,14.739176856536867
13,0.07317073170731708,14.830675774360527
13,0.07926829268292683,16.87178325018071
13,0.08536585365853659,17.732066211443573
13,0.09146341463414634,10.372209142206682
13,0.0975609756097561,19.30543334358236
13,0.10365853658536586,21.270505455662246
13,0.10975609756097561,15.88632976772721
13,0.11585365853658537,12.937132965497517
13,0.12195121951219512,12.43128730425624
13,0.12804878048780488,10.488176480699627
13,0.13414634146341464,21.03024031430239
13,0.1402439024390244,7.756549541125733
13,0.14634146341463417,11.424825451309525
13,0.1524390243902439,13.078570575916329
13,0.15853658536585366,10.397097568979135
13,0.16463414634146342,10.53129809149428
13,0.17073170731707318,8.775468032245177
13,0.17682926829268295,10.657901369928691
13,0.18292682926829268,8.390821120678915
13,0.18902439024390244,4.826116665228399
13,0.1951219512195122,20.521578657118926
13,0.20121951219512196,2.605763141078964
13,0.20731707317073172,13.849109315124135
13,0.21341463414634146,20.018225831535048
13,0.21951219512195122,18.283929912825442
13,0.22560975609756098,20.27554469863158
13,0.23170731707317074,4.693387289295451
13,0.2378048780487805,28.20525890802586
13,0.24390243902439024,3.651541758833023
13,0.25,10.758503080874227
13,0.25609756097560976,16.069228810168838
13,0.2621951219512195,10.488238799216516
13,0.2682926829268293,10.677642827588604
13,0.27439024390243905,11.060412465867495
13,0.2804878048780488,10.595423637800604
13,0.28658536585365857,7.127482105515703
13,0.29268292682926833,13.403554042025636
13,0.29878048780487804,7.202382159055183
13,0.3048780487804878,6.069597836989624
13,0.31097560975609756,10.722496800124977
13,0.3170731707317073,10.431806672047742
13,0.3231707317073171,3.5429142121316293
13,0.32926829268292684,4.178652773177078
13,0.3353658536585366,3.2372898238308094
13,0.34146341463414637,7.991557552853504
13,0.34756097560975613,7.237651899290282
13,0.3536585365853659,4.059491728132566
13,0.3597560975609756,11.785006727721203
13,0.36585365853658536,18.664073342467105
13,0.3719512195121951,6.9800522222820405
13,0.3780487804878049,7.161152116805327
13,0.38414634146341464,5.628973634697062
13,0.3902439024390244,9.162176680672083
13,0.39634146341463417,3.1023948654968363
13,0.4024390243902439,19.160566714503968
13,0.4085365853658537,13.336299048287643
13,0.41463414634146345,10.761650272731336
13,0.4207317073170732,17.402866704283877
13,0.4268292682926829,10.704649057508753
13,0.4329268292682927,19.40383304067546
13,0.43902439024390244,12.347609417988908
13,0.4451219512195122,11.2610162388717
13,0.45121951219512196,4.282526029714617
13,0.4573170731707317,12.520256302707264
13,0.4634146341463415,4.533465765512207
13,0.46951219512195125,4.125935799066141
13,0.475609756097561,16.9544056352127
13,0.48170731707317077,9.57784954083848
13,0.4878048780487805,5.1985765712259955
13,0.49390243902439024,12.772325256626235
14,0.0,5.10702591327572e-15
14,0.006097560975609756,19.70143752398601
14,0.012195121951219513,16.106911296519666
14,0.01829268292682927,26.36348347055395
14,0.024390243902439025,16.782029117031396
14,0.03048780487804878,17.65560080948219
14,0.03658536585365854,2.886712210115933
14,0.042682926829268296,19.909019249909257
14,0.04878048780487805,18.28686767420091
14,0.054878048780487805,10.434151769529569
14,0.06097560975609756,9.756397124090213
14,0.06707317073170732,20.34759447442768
14,0.07317073170731708,11.16658607600497
14,0.07926829268292683,9.089546571651018
14,0.08536585365853659,17.423931216328626
14,0.09146341463414634,7.799693297505285
14,0.0975609756097561,9.77628117008074
14,0.10365853658536586,17.25452209435231
14,0.10975609756097561,2.4990289822869616
14,0.11585365853658537,10.196540954844217
14,0.12195121951219512,9.403759212638265
14,0.12804878048780488,16.35765743359907
14,0.13414634146341464,7.4395556063637
14,0.1402439024390244,6.473926193420787
14,0.14634146341463417,6.081480479601915
14,0.1524390243902439,10.10255043042435
14,0.15853658536585366,12.400597635196117
14,0.16463414634146342,21.83569012725313
14,0.17073170731707318,15.670044297526571
14,0.17682926829268295,8.576211599686866
14,0.18292682926829268,8.889052354588271
14,0.18902439024390244,8.397894901260178
14,0.1951219512195122,13.964888027415805
14,0.20121951219512196,2.223034577047367
14,0.20731707317073172,5.8543396365438385
14,0.21341463414634146,18.356676707888955
14,0.21951219512195122,13.487710666164316
14,0.22560975609756098,6.890358863474354
14,0.23170731707317074,9.212306530602662
14,0.2378048780487805,11.378195683048657
14,0.24390243902439024,2.3710729157711348
14,0.25,6.199555693919949
14,0.25609756097560976,3.4318777896967028
14,0.2621951219512195,7.868191008690751
14,0.2682926829268293,8.637200999080278
14,0.27439024390243905,11.784686611356769
14,0.2804878048780488,6.78033420450046
14,0.28658536585365857,11.00718835062325
14,0.29268292682926833,16.67964284408516
14,0.29878048780487804,9.815936140894127
14,0.3048780487804878,12.443580719551555
14,0.31097560975609756,17.02379729991508
14,0.3170731707317073,4.503873790723003
14,0.3231707317073171,23.27487446185591
14,0.32926829268292684,19.732948751501333
14,0.3353658536585366,6.504108116734567
14,0.34146341463414637,8.612863895481027
14,0.34756097560975613,13.386545990835373
14,0.3536585365853659,13.484071242632997
14,0.3597560975609756,15.460151348367761
14,0.36585365853658536,7.23310558204792
14,0.3719512195121951,9.6699047516447
14,0.3780487804878049,5.907607460094266
14,0.38414634146341464,4.9237570540451845
14,0.3902439024390244,10.042563097621311
14,0.39634146341463417,9.58988897629443
14,0.4024390243902439,10.598875603985583
14,0.4085365853658537,23.099539657924154
14,0.41463414634146345,6.5793821815919
14,0.4207317073170732,25.231331628314592
14,0.4268292682926829,7.052997675831331
14,0.4329268292682927,19.666690316652947
14,0.43902439024390244,1.6611824599291871
14,0.4451219512195122,11.703289344344935
14,0.45121951219512196,5.12120869741963
14,0.4573170731707317,14.326521038331265
14,0.4634146341463415,12.449478634351097
14,0.46951219512195125,6.8032737403525125
14,0.475609756097561,12.258006406343213
14,0.48170731707317077,5.793459666562084
14,0.4878048780487805,13.278531660110222
14,0.49390243902439024,17.169709902548036
15,0.0,7.771561172376096e-15
15,0.006097560975609756,23.436362443236813
15,0.012195121951219513,6.935916069813735
15,0.01829268292682927,8.14312240197659
15,0.024390243902439025,20.479020459189705
15,0.03048780487804878,29.2603058022039
15,0.03658536585365854,18.731414906128748
15,0.042682926829268296,14.330979102894739
15,0.04878048780487805,6.75807950031134
15,0.054878048780487805,7.368272239808309
15,0.06097560975609756,17.249518692506886
15,0.06707317073170732,17.722961413761364
15,0.07317073170731708,12.171535802804138
15,0.07926829268292683,14.532874881186997
15,0.08536585365853659,24.637650122346603
15,0.09146341463414634,15.155962300913805
15,0.0975609756097561,14.001772359960842
15,0.10365853658536586,11.703893849919016
15,0.10975609756097561,2.8759337264145257
15,0.11585365853658537,13.776592944332055
15,0.12195121951219512,8.533535155555905
15,0.12804878048780488,4.656243004671562
15,0.13414634146341464,9.811555455507397
15,0.1402439024390244,4.808796615740385
15,0.14634146341463417,9.224326064024414
15,0.1524390243902439,7.722442145832181
15,0.15853658536585366,10.998576629474618
15,0.16463414634146342,8.05715777071696
15,0.17073170731707318,6.889085798574194
15,0.17682926829268295,7.406735790056523
15,0.18292682926829268,5.998902923912753
15,0.18902439024390244,7.902644206353595
15,0.1951219512195122,18.69483929145673
15,0.20121951219512196,7.319799182287011
15,0.20731707317073172,8.566893840392991
15,0.21341463414634146,14.90358330294238
15,0.21951219512195122,4.872854192892464
15,0.22560975609756098,13.577133689718792
15,0.23170731707317074,10.610906123293102
15,0.2378048780487805,7.840328567504098
15,0.24390243902439024,9.011944172266155
15,0.25,1.4580071093457803
15,0.25609756097560976,16.161721677469785
15,0.2621951219512195,13.166191806542097
15,0.2682926829268293,2.7531422727114316
15,0.27439024390243905,4.336436826868732
15,0.2804878048780488,12.322454730767443
15,0.28658536585365857,13.831248558317771
15,0.29268292682926833,5.630858497966919
15,0.29878048780487804,14.149097518686247
15,0.3048780487804878,5.279128591033896
15,0.31097560975609756,5.334610035326028
15,0.3170731707317073,8.28649195510513
15,0.3231707317073171,11.892704036109427
15,0.32926829268292684,11.868992495907142
15,0.3353658536585366,13.57083261604502
15,0.34146341463414637,14.836185779835953
15,0.34756097560975613,8.216116405834796
15,0.3536585365853659,8.709712219025223
15,0.3597560975609756,7.949862395196117
15,0.36585365853658536,14.034552127879948
15,0.3719512195121951,1.4736732411703723
15,0.3780487804878049,7.457352644921874
15,0.38414634146341464,13.801257641087648
15,0.3902439024390244,17.09828412872789
15,0.39634146341463417,9.243730362227126
15,0.4024390243902439,11.958334543640921
15,0.4085365853658537,8.609697366654443
15,0.41463414634146345,9.305854490965634
15,0.4207317073170732,15.296022409800155
15,0.4268292682926829,22.522728440641902
15,0.4329268292682927,9.65653287605562
15,0.43902439024390244,25.834058050812786
15,0.4451219512195122,10.112987518083315
15,0.45121951219512196,8.083751874538777
15,0.4573170731707317,3.7680981350850766
15,0.4634146341463415,26.33598050488563
15,0.46951219512195125,21.630043396368492
15,0.475609756097561,14.910669270775974
15,0.48170731707317077,10.504837713853634
15,0.4878048780487805,8.45788698062701
15,0.49390243902439024,12.94925235323593
16,0.0,5.995204332975845e-15
16,0.006097560975609756,13.467566427693997
16,0.012195121951219513,5.05530685671522
16,0.01829268292682927,6.336788294733666
16,0.024390243902439025,10.11192437287935
16,0.03048780487804878,17.57615483746612
16,0.03658536585365854,12.766432239746136
16,0.042682926829268296,13.289858938048488
16,0.04878048780487805,10.652802914683864
16,0.054878048780487805,8.281624913086656
16,0.06097560975609756,13.704713472225297
16,0.06707317073170732,3.2880677694384337
16,0.07317073170731708,27.514664333862235
16,0.07926829268292683,21.44135084143633
16,0.08536585365853659,15.20020106235573
16,0.09146341463414634,18.139555976546234
16,0.0975609756097561,11.01286507035263
16,0.10365853658536586,16.5619161592575
16,0.10975609756097561,13.9241902432631
16,0.11585365853658537,10.023431423433648
16,0.12195121951219512,20.831091457574374
16,0.12804878048780488,3.8519449166935957
16,0.13414634146341464,7.550901968089444
16,0.1402439024390244,10.526866993944873
16,0.14634146341463417,3.8717562934293213
16,0.1524390243902439,13.519585795887656
16,0.15853658536585366,6.909394930494165
16,0.16463414634146342,10.079308175859282
16,0.17073170731707318,17.731261430400913
16,0.17682926829268295,17.305183016597475
16,0.18292682926829268,13.958141852627396
16,0.18902439024390244,9.08742846398096
16,0.1951219512195122,13.363267448052714
16,0.20121951219512196,6.626869667156952
16,0.20731707317073172,6.676824827682088
16,0.21341463414634146,10.660126113011724
16,0.21951219512195122,5.862038001076386
16,0.22560975609756098,13.658932381703769
16,0.23170731707317074,4.976130520750438
16,0.2378048780487805,13.481066028270842
16,0.24390243902439024,14.933330808501717
16,0.25,13.572547890708758
16,0.25609756097560976,11.4181192393786
16,0.2621951219512195,7.538704276627605
16,0.2682926829268293,13.268483093341041
16,0.27439024390243905,11.76324076931493
16,0.2804878048780488,11.088349891378302
16,0.28658536585365857,17.03284907552464
16,0.29268292682926833,4.591465742417084
16,0.29878048780487804,12.404883293061568
16,0.3048780487804878,7.762023674486742
16,0.31097560975609756,13.030203752415058
16,0.3170731707317073,11.35090803256856
16,0.3231707317073171,20.649730453049166
16,0.32926829268292684,12.722894208884835
16,0.3353658536585366,13.896332253780455
16,0.34146341463414637,10.371209725420124
16,0.34756097560975613,20.144375603155183
16,0.3536585365853659,9.740678527490084
16,0.3597560975609756,14.841635823078198
16,0.36585365853658536,7.307412229931705
16,0.3719512195121951,8.283669216751708
16,0.3780487804878049,1.6037326587765726
16,0.38414634146341464,3.7000218882268263
16,0.3902439024390244,8.515385321068242
16,0.39634146341463417,2.694457143428786
16,0.4024390243902439,18.469483483216518
16,0.4085365853658537,8.444152326918983
16,0.41463414634146345,29.28470600423029
16,0.4207317073170732,5.395361504845967
16,0.4268292682926829,8.807891306412749
16,0.4329268292682927,15.25252459356011
16,0.43902439024390244,3.9949790104435428
16,0.4451219512195122,12.537057775765568
16,0.45121951219512196,9.177281576894579
16,0.4573170731707317,17.025457133175543
16,0.4634146341463415,15.829001106298366
16,0.46951219512195125,11.288259180341568
16,0.475609756097561,12.799571181407678
16,0.48170731707317077,13.504685110452213
16,0.4878048780487805,14.490885848513738
16,0.49390243902439024,12.541044716580211
17,0.0,2.886579864025407e-15
17,0.006097560975609756,28.254114575683428
17,0.012195121951219513,12.56610804657035
17,0.01829268292682927,25.632880712742903
17,0.024390243902439025,25.268178132289943
17,0.03048780487804878,24.60614109418232
17,0.03658536585365854,13.944114962584244
17,0.042682926829268296,11.597545877157895
17,0.04878048780487805,12.548217458886416
17,0.054878048780487805,2.3327126154369178
17,0.06097560975609756,8.409998650393396
17,0.06707317073170732,9.568527535506568
17,0.07317073170731708,18.72617198242561
17,0.07926829268292683,12.507440699207052
17,0.08536585365853659,11.131199388495205
17,0.09146341463414634,9.511578710948488
17,0.0975609756097561,6.779859539716691
17,0.10365853658536586,5.200724799560008
17,0.10975609756097561,10.176148184076862
17,0.11585365853658537,3.523340898525857
17,0.12195121951219512,15.783754360697568
17,0.12804878048780488,10.450869640571451
17,0.13414634146341464,12.948867570413602
17,0.1402439024390244,11.311655494866988
17,0.14634146341463417,14.377396931133319
17,0.1524390243902439,14.488890687258559
17,0.15853658536585366,13.118421276802891
17,0.16463414634146342,7.9097199540351175
17,0.17073170731707318,10.861862318302324
17,0.17682926829268295,9.443455632006563
17,0.18292682926829268,22.151227488453888
17,0.18902439024390244,10.114371182528652
17,0.1951219512195122,6.681157027741707
17,0.20121951219512196,6.088506124837104
17,0.20731707317073172,12.98186014115183
17,0.21341463414634146,11.055586073788014
17,0.21951219512195122,4.595448682772592
17,0.22560975609756098,4.89704750816972
17,0.23170731707317074,2.2475179521053263
17,0.2378048780487805,7.583367437461927
17,0.24390243902439024,4.414253468367948
17,0.25,3.1112952575537056
17,0.25609756097560976,15.920907894869323
17,0.2621951219512195,2.9451656496901992
17,0.2682926829268293,19.3976579108195
17,0.27439024390243905,6.585562007362268
17,0.2804878048780488,22.75412579058316
17,0.28658536585365857,8.70108685036809
17,0.29268292682926833,7.90460488492485
17,0.29878048780487804,13.040244577921644
17,0.3048780487804878,21.367938180081257
17,0.31097560975609756,6.279440733468193
17,0.3170731707317073,18.08297882602935
17,0.3231707317073171,17.105646898346244
17,0.32926829268292684,11.260205923267518
17,0.3353658536585366,0.6343311083932522
17,0.34146341463414637,20.299191330628894
17,0.34756097560975613,2.4433799690677875
17,0.3536585365853659,8.621101171231901
17,0.3597560975609756,6.242562179969301
17,0.36585365853658536,18.103956043053746
17,0.3719512195121951,6.2153099770531215
17,0.3780487804878049,24.15547806279896
17,0.38414634146341464,9.135586736066521
17,0.3902439024390244,11.535910213526465
17,0.39634146341463417,3.3273196560580063
17,0.4024390243902439,15.151665686260795
17,0.4085365853658537,11.816733462682373
17,0.41463414634146345,2.0998830203535817
17,0.4207317073170732,17.850509011288636
17,0.4268292682926829,14.377149821514266
17,0.4329268292682927,4.565574404603008
17,0.43902439024390244,17.43179464101731
17,0.4451219512195122,9.70144016465357
17,0.45121951219512196,8.67101062881433
17,0.4573170731707317,0.4967019466150848
17,0.4634146341463415,5.678054437449759
17,0.46951219512195125,5.0289667813073695
17,0.475609756097561,0.9672256316124003
17,0.48170731707317077,17.131127767904292
17,0.4878048780487805,11.514216556875699
17,0.49390243902439024,8.452154397113873
18,0.0,1.4210854715202004e-14
18,0.006097560975609756,19.553948458236803
18,0.012195121951219513,22.484807511367663
18,0.01829268292682927,14.74975273734363
18,0.024390243902439025,18.210089909226088
18,0.03048780487804878,11.120261819479197
18,0.03658536585365854,17.327042681062252
18,0.042682926829268296,9.526888045081042
18,0.04878048780487805,19.533515968086135
18,0.054878048780487805,12.975197826584342
18,0.06097560975609756,12.331323550245294
18,0.06707317073170732,6.754453958547322
18,0.07317073170731708,6.17497627348531
18,0.07926829268292683,7.432595387753604
18,0.08536585365853659,24.67370928064884
18,0.09146341463414634,15.799416755113084
18,0.0975609756097561,22.72533446514088
18,0.10365853658536586,5.860604273256444
18,0.10975609756097561,17.094983239976195
18,0.11585365853658537,3.1881193879543974
18,0.12195121951219512,11.94468184924614
18,0.12804878048780488,6.613234439671525
18,0.13414634146341464,16.174154325942443
18,0.1402439024390244,14.867921300719887
18,0.14634146341463417,13.73302555586712
18,0.1524390243902439,8.817535231447714
18,0.15853658536585366,6.290181160983253
18,0.16463414634146342,6.431374758096021
18,0.17073170731707318,6.095657680202336
18,0.17682926829268295,10.172020474987795
18,0.18292682926829268,4.748603615435027
18,0.18902439024390244,3.6821828008151596
18,0.1951219512195122,10.379785614197061
18,0.20121951219512196,6.609374438034518
18,0.20731707317073172,10.478755247803747
18,0.21341463414634146,12.427966696173456
18,0.21951219512195122,9.695548880991257
18,0.22560975609756098,4.288699004887435
18,0.23170731707317074,8.957810896238472
18,0.2378048780487805,5.443169458208285
18,0.24390243902439024,9.586352268403308
18,0.25,10.861301514841113
18,0.25609756097560976,5.8931360943732605
18,0.2621951219512195,9.946939685270173
18,0.2682926829268293,3.536293002516149
18,0.27439024390243905,11.98506434328524
18,0.2804878048780488,14.24756217872787
18,0.28658536585365857,9.330469486220341
18,0.29268292682926833,11.209110495738726
18,0.29878048780487804,10.018768925711127
18,0.3048780487804878,12.521864877538484
18,0.31097560975609756,3.1406315054094125
18,0.3170731707317073,6.768761208766159
18,0.3231707317073171,20.66921941115849
18,0.32926829268292684,20.08627574201975
18,0.3353658536585366,7.81928779698508
18,0.34146341463414637,13.267874192751105
18,0.34756097560975613,7.459395927973797
18,0.3536585365853659,5.97335662182273
18,0.3597560975609756,13.415413465017444
18,0.36585365853658536,11.187266485223883
18,0.3719512195121951,6.629586136175668
18,0.3780487804878049,7.286815041884159
18,0.38414634146341464,11.75589216096881
18,0.3902439024390244,14.558435969503254
18,0.39634146341463417,15.864810162834623
18,0.4024390243902439,15.474270766344327
18,0.4085365853658537,17.55340918321464
18,0.41463414634146345,31.049514848651935
18,0.4207317073170732,14.550571943926604
18,0.4268292682926829,9.96321018240705
18,0.4329268292682927,1.484526924928996
18,0.43902439024390244,10.398998303970108
18,0.4451219512195122,16.287103675028902
18,0.45121951219512196,8.179988955823761
18,0.4573170731707317,12.881644011331039
18,0.4634146341463415,3.6086494449509265
18,0.46951219512195125,12.322610197999195
18,0.475609756097561,9.722293062227594
18,0.48170731707317077,17.64869172445561
18,0.4878048780487805,13.691263383411343
18,0.49390243902439024,21.89950304524898
19,0.0,1.3322676295501878e-14
19,0.006097560975609756,28.41775031886978
19,0.012195121951219513,1.5772568575485895
19,0.01829268292682927,9.57350650618082
19,0.024390243902439025,16.311857828548124
19,0.03048780487804878,20.071894864847998
19,0.03658536585365854,23.571648354460358
19,0.042682926829268296,14.929732004299824
19,0.04878048780487805,9.071385303401811
19,0.054878048780487805,14.888949512103988
19,0.06097560975609756,18.27565039858365
19,0.06707317073170732,10.690048385008511
19,0.07317073170731708,7.959852359297634
19,0.07926829268292683,14.834014581679495
19,0.08536585365853659,14.16564271402331
19,0.09146341463414634,11.821832242463127
19,0.0975609756097561,12.915480573353856
19,0.10365853658536586,12.473699802924301
19,0.10975609756097561,14.105744822810458
19,0.11585365853658537,14.643975645633999
19,0.12195121951219512,9.55681472208196
19,0.12804878048780488,8.386031906936887
19,0.13414634146341464,2.42752691514636
19,0.1402439024390244,8.130711646035596
19,0.14634146341463417,8.683779808447158
19,0.1524390243902439,11.706529154329578
19,0.15853658536585366,13.000975914674758
19,0.16463414634146342,6.690102283370468
19,0.17073170731707318,9.876495748344015
19,0.17682926829268295,15.392211283876692
19,0.18292682926829268,6.85181046626141
19,0.18902439024390244,7.8720933217787685
19,0.1951219512195122,2.6475212195738846
19,0.20121951219512196,5.74500888419607
19,0.20731707317073172,19.32299707290265
19,0.21341463414634146,11.93720630005655
19,0.21951219512195122,10.481659126981858
19,0.22560975609756098,6.120811571687046
19,0.23170731707317074,6.990054041009292
19,0.2378048780487805,14.215319704681201
19,0.24390243902439024,9.980839134085809
19,0.25,7.920715788263935
19,0.25609756097560976,10.202751347691331
19,0.2621951219512195,9.184036498914553
19,0.2682926829268293,2.8074829000479284
19,0.27439024390243905,5.7277310013872915
19,0.2804878048780488,6.354522371172431
19,0.28658536585365857,7.931059198000528
19,0.29268292682926833,10.215355091421552
19,0.29878048780487804,10.909091683321503
19,0.3048780487804878,9.510058991809586
19,0.31097560975609756,14.205029529041035
19,0.3170731707317073,10.423401407137932
19,0.3231707317073171,6.177204972906663
19,0.32926829268292684,7.886778450386265
19,0.3353658536585366,1.5787216343138841
19,0.34146341463414637,12.049744166805656
19,0.34756097560975613,14.29002413792167
19,0.3536585365853659,20.14266872592671
19,0.3597560975609756,13.632834514098422
19,0.36585365853658536,5.049537204206202
19,0.3719512195121951,7.961500752264979
19,0.3780487804878049,13.415837355948138
19,0.38414634146341464,3.9077520669664514
19,0.3902439024390244,11.80518370168186
19,0.39634146341463417,14.322787951117052
19,0.4024390243902439,10.827011394859108
19,0.4085365853658537,13.66244798442885
19,0.41463414634146345,13.84561389106477
19,0.4207317073170732,14.372331644884312
19,0.4268292682926829,10.294435704769535
19,0.4329268292682927,19.828080650337544
19,0.43902439024390244,20.119049014982412
19,0.4451219512195122,23.960988361252173
19,0.45121951219512196,14.9177855152645
19,0.4573170731707317,17.9783868573615
19,0.4634146341463415,2.030628557416021
19,0.46951219512195125,17.033750714433786
19,0.475609756097561,17.38878637366137
19,0.48170731707317077,18.74603600563499
19,0.4878048780487805,10.580663434989972
19,0.49390243902439024,18.739040785567845
20,0.0,5.329070518200751e-15
20,0.006097560975609756,31.512893127110022
20,0.012195121951219513,16.17242954338489
20,0.01829268292682927,10.423464705906284
20,0.024390243902439025,12.557746742765202
20,0.03048780487804878,7.314765717855495
20,0.03658536585365854,7.469023722898283
20,0.042682926829268296,11.086346481670748
20,0.04878048780487805,5.604305794086211
20,0.054878048780487805,13.9780736053869
20,0.06097560975609756,8.53471906805888
20,0.06707317073170732,16.797743188820142
20,0.07317073170731708,24.28189315511688
20,0.07926829268292683,24.075898407953655
20,0.08536585365853659,9.525827178557202
20,0.09146341463414634,6.421135439373161
20,0.0975609756097561,25.928771418915048
20,0.10365853658536586,17.864446534084443
20,0.10975609756097561,15.272138963154001
20,0.11585365853658537,16.388559647244914
20,0.12195121951219512,9.227486263673102
20,0.12804878048780488,5.461127006345978
20,0.13414634146341464,4.39040017295502
20,0.1402439024390244,9.74809246656287
20,0.14634146341463417,12.031295418344785
20,0.1524390243902439,11.998168975137409
20,0.15853658536585366,13.110148666898674
20,0.16463414634146342,11.843727539640616
20,0.17073170731707318,13.696556865003215
20,0.17682926829268295,22.274097948641366
20,0.18292682926829268,8.234649346554233
20,0.18902439024390244,3.0338839153000587
20,0.1951219512195122,3.9635986120662894
20,0.20121951219512196,0.5222681406676517
20,0.20731707317073172,7.636017172135564
20,0.21341463414634146,6.736030645798902
20,0.21951219512195122,14.527966477428167
20,0.22560975609756098,9.870772790707829
20,0.23170731707317074,8.521677229444187
20,0.2378048780487805,6.922932670371965
20,0.24390243902439024,17.468710236633164
20,0.25,7.643990343175719
20,0.25609756097560976,15.371583873414608
20,0.2621951219512195,10.283857818194868
20,0.2682926829268293,4.873339632058213
20,0.27439024390243905,3.9758316966048928
20,0.2804878048780488,13.58648089267435
20,0.28658536585365857,6.356684501624644
20,0.29268292682926833,4.232250681547732
20,0.29878048780487804,9.813580225665085
20,0.3048780487804878,14.741459824520094
20,0.31097560975609756,4.203419991771327
20,0.3170731707317073,2.7380771081543838
20,0.3231707317073171,9.849770242928443
20,0.32926829268292684,10.026989424508978
20,0.3353658536585366,13.850392312907227
20,0.34146341463414637,14.565995635797288
20,0.34756097560975613,11.805966060126531
20,0.3536585365853659,6.17827750619633
20,0.3597560975609756,19.00852015771156
20,0.36585365853658536,3.9133515198677493
20,0.3719512195121951,15.036749549659389
20,0.3780487804878049,8.518046644471617
20,0.38414634146341464,11.895551979046946
20,0.3902439024390244,7.486828452307194
20,0.39634146341463417,19.513931637470264
20,0.4024390243902439,14.124316921342443
20,0.4085365853658537,15.33297129180128
20,0.41463414634146345,15.130853148352628
20,0.4207317073170732,6.041657768598655
20,0.4268292682926829,21.285439001727642
20,0.4329268292682927,13.955466919950084
20,0.43902439024390244,17.8905031285721
20,0.4451219512195122,6.959054089205226
20,0.45121951219512196,8.223092499790065
20,0.4573170731707317,7.218894158672481
20,0.4634146341463415,6.6249985897840284
20,0.46951219512195125,10.343131454600698
20,0.475609756097561,16.65251529876795
20,0.48170731707317077,11.4164233545119
20,0.4878048780487805,6.081439064247763
20,0.49390243902439024,12.560671174394137
21,0.0,4.440892098500626e-16
21,0.006097560975609756,14.048974342422898
21,0.012195121951219513,24.620253478936274
21,0.01829268292682927,24.919839450729825
21,0.024390243902439025,6.8320857162244595
21,0.03048780487804878,32.573966901965676
21,0.03658536585365854,15.101009918437805
21,0.042682926829268296,12.938570818046939
21,0.04878048780487805,14.1005162011669
21,0.054878048780487805,14.851100341004509
21,0.06097560975609756,13.61601836095426
21,0.06707317073170732,13.225942330886088
21,0.07317073170731708,16.451270435148245
21,0.07926829268292683,0.9917934671534552
21,0.08536585365853659,4.473607910872732
21,0.09146341463414634,7.368553723053392
21,0.0975609756097561,6.231675558217569
21,0.10365853658536586,12.947245061492575
21,0.10975609756097561,7.21382311420607
21,0.11585365853658537,11.213361569626871
21,0.12195121951219512,12.26754836714723
21,0.12804878048780488,6.57107992706447
21,0.13414634146341464,4.183318006215242
21,0.1402439024390244,8.892940056350135
21,0.14634146341463417,20.58746723550432
21,0.1524390243902439,16.57604404703082
21,0.15853658536585366,12.738053908176402
21,0.16463414634146342,16.427561199118955
21,0.17073170731707318,11.03847259290602
21,0.17682926829268295,17.993973192275057
21,0.18292682926829268,9.150796903859487
21,0.18902439024390244,8.53576864018649
21,0.1951219512195122,16.069802556308574
21,0.20121951219512196,4.613979317261298
21,0.20731707317073172,9.237794167843935
21,0.21341463414634146,16.56393586123709
21,0.21951219512195122,20.34448734354803
21,0.22560975609756098,13.073932708637766
21,0.23170731707317074,13.846343300888782
21,0.2378048780487805,12.742537141507157
21,0.24390243902439024,21.09988187207029
21,0.25,10.60724390451763
21,0.25609756097560976,3.238259949701419
21,0.2621951219512195,12.71936928812556
21,0.2682926829268293,3.0193183647772366
21,0.27439024390243905,10.759872514927894
21,0.2804878048780488,7.2765254534545365
21,0.28658536585365857,15.077967088762376
21,0.29268292682926833,16.96581808575938
21,0.29878048780487804,23.53671173647513
21,0.3048780487804878,11.095047574606777
21,0.31097560975609756,6.458909805632742
21,0.3170731707317073,1.8583428642691258
21,0.3231707317073171,7.688722413561154
21,0.32926829268292684,10.167959687992221
21,0.3353658536585366,7.398433602952363
21,0.34146341463414637,14.394427968949886
21,0.34756097560975613,5.709461535153406
21,0.3536585365853659,15.051890629481955
21,0.3597560975609756,14.388419644548927
21,0.36585365853658536,7.990346278017541
21,0.3719512195121951,13.371885588968087
21,0.3780487804878049,1.6798139659464792
21,0.38414634146341464,14.592535819956685
21,0.3902439024390244,9.132868652974075
21,0.39634146341463417,11.406534791921855
21,0.4024390243902439,5.3439493706136645
21,0.4085365853658537,6.577124173842754
21,0.41463414634146345,8.062298821253894
21,0.4207317073170732,13.167401677295377
21,0.4268292682926829,15.180235126193772
21,0.4329268292682927,17.256442781091547
21,0.43902439024390244,14.136954596770138
21,0.4451219512195122,6.077768221652523
21,0.45121951219512196,13.006228397665605
21,0.4573170731707317,1.9157974575612948
21,0.4634146341463415,8.961222007710136
21,0.46951219512195125,7.014224412503039
21,0.475609756097561,2.2228480761927334
21,0.48170731707317077,8.43944685179238
21,0.4878048780487805,9.115704420132076
21,0.49390243902439024,11.514926245340575
22,0.0,1.9095836023552692e-14
22,0.006097560975609756,30.707170908800222
22,0.012195121951219513,29.454081392276734
22,0.01829268292682927,32.67691514721784
22,0.024390243902439025,12.897326952242306
22,0.03048780487804878,17.084326389347034
22,0.03658536585365854,21.067860955121628
22,0.042682926829268296,4.8087908737499685
22,0.04878048780487805,11.69960051949478
22,0.054878048780487805,17.201294917190616
22,0.06097560975609756,16.338651204046037
22,0.06707317073170732,6.228438368599268
22,0.07317073170731708,3.392761184490329
22,0.07926829268292683,20.55422365085681
22,0.08536585365853659,17.303193075895642
22,0.09146341463414634,13.726989021496381
22,0.0975609756097561,13.745033558642332
22,0.10365853658536586,6.922346330937012
22,0.10975609756097561,9.247369353562831
22,0.11585365853658537,19.39504562837767
22,0.12195121951219512,11.779854230304307
22,0.12804878048780488,7.1385273957907875
22,0.13414634146341464,8.174026798637623
22,0.1402439024390244,6.088491122260625
22,0.14634146341463417,10.083819588558976
22,0.1524390243902439,12.683173167538238
22,0.15853658536585366,19.691713127553708
22,0.16463414634146342,3.289020393703818
22,0.17073170731707318,19.039805280424055
22,0.17682926829268295,17.862680746767175
22,0.18292682926829268,8.337512966772364
22,0.18902439024390244,16.908633252265087
22,0.1951219512195122,8.770970032825227
22,0.20121951219512196,1.8361098202394144
22,0.20731707317073172,16.548908111124796
22,0.21341463414634146,5.538667816210906
22,0.21951219512195122,6.38369200661283
22,0.22560975609756098,10.683764780259413
22,0.23170731707317074,9.368146421751666
22,0.2378048780487805,12.181567524884136
22,0.24390243902439024,18.656371232356936
22,0.25,2.368738245534105
22,0.25609756097560976,1.4312494306962849
22,0.2621951219512195,17.40628818908785
22,0.2682926829268293,6.0170379461741055
22,0.27439024390243905,7.27549543517229
22,0.2804878048780488,3.397523001550732
22,0.28658536585365857,9.751380524146244
22,0.29268292682926833,8.254770704338444
22,0.29878048780487804,12.114034865845689
22,0.3048780487804878,5.538805555308411
22,0.31097560975609756,7.908698367073472
22,0.3170731707317073,3.104745871334911
22,0.3231707317073171,13.408900039827161
22,0.32926829268292684,10.963283838139011
22,0.3353658536585366,3.4892814165457895
22,0.34146341463414637,15.467896023080405
22,0.34756097560975613,7.388177893335068
22,0.3536585365853659,8.607084991542399
22,0.3597560975609756,17.278419854192197
22,0.36585365853658536,7.344401262561014
22,0.3719512195121951,12.85737521883984
22,0.3780487804878049,7.31501136441934
22,0.38414634146341464,6.605687270349477
22,0.3902439024390244,7.620696048348952
22,0.39634146341463417,7.9245790958963545
22,0.4024390243902439,10.28299026761199
22,0.4085365853658537,10.89116132743481
22,0.41463414634146345,9.000058835455869
22,0.4207317073170732,12.654686793987517
22,0.4268292682926829,6.720838618645487
22,0.4329268292682927,14.725750607495598
22,0.43902439024390244,7.348118610060026
22,0.4451219512195122,8.796442776367067
22,0.45121951219512196,15.594440136620115
22,0.4573170731707317,10.194734173058782
22,0.4634146341463415,9.48263594364221
22,0.46951219512195125,10.462235189169396
22,0.475609756097561,12.432717137061289
22,0.48170731707317077,3.4432500044408942
22,0.4878048780487805,15.065499360504171
22,0.49390243902439024,11.26823178823874
23,0.0,8.881784197001252e-15
23,0.006097560975609756,10.920173356176132
23,0.012195121951219513,10.972954200081958
23,0.01829268292682927,6.736691767199651
23,0.024390243902439025,18.17937814582085
23,0.03048780487804878,28.2150056446603
23,0.03658536585365854,16.73952581059499
23,0.042682926829268296,10.10626748694017
23,0.04878048780487805,15.343599331564668
23,0.054878048780487805,3.5066122565887103
23,0.06097560975609756,10.283168997102235
23,0.06707317073170732,3.799159662586864
23,0.07317073170731708,5.465027471467549
23,0.07926829268292683,13.099059587426499
23,0.08536585365853659,15.135648116798999
23,0.09146341463414634,9.566477635801654
23,0.0975609756097561,10.506727195243947
23,0.10365853658536586,8.319991908917215
23,0.10975609756097561,10.181757936006354
23,0.11585365853658537,11.253990942793534
23,0.12195121951219512,11.999663220361088
23,0.12804878048780488,15.672161952255278
23,0.13414634146341464,25.143853328954755
23,0.1402439024390244,19.12818414981672
23,0.14634146341463417,4.434118646926311
23,0.1524390243902439,13.623747957977757
23,0.15853658536585366,10.450074252326807
23,0.16463414634146342,25.373031171461808
23,0.17073170731707318,19.385882374173555
23,0.17682926829268295,14.44766218997459
23,0.18292682926829268,13.253007570476273
23,0.18902439024390244,17.586024740340434
23,0.1951219512195122,8.723476430669454
23,0.20121951219512196,12.592257127837687
23,0.20731707317073172,10.386474319202154
23,0.21341463414634146,5.344646979374633
23,0.21951219512195122,9.460402942368193
23,0.22560975609756098,14.931529227535732
23,0.23170731707317074,5.803994742941374
23,0.2378048780487805,11.903406169680839
23,0.24390243902439024,6.178547927634378
23,0.25,8.300404138999506
23,0.25609756097560976,17.31600698608711
23,0.2621951219512195,9.466090919197814
23,0.2682926829268293,8.3785612229867
23,0.27439024390243905,13.359676958788121
23,0.2804878048780488,4.575865854082487
23,0.28658536585365857,21.101586773685675
23,0.29268292682926833,8.90855228847694
23,0.29878048780487804,15.868846366984382
23,0.3048780487804878,16.097180484718194
23,0.31097560975609756,20.90579784668383
23,0.3170731707317073,10.79630529586646
23,0.3231707317073171,13.18515633633934
23,0.32926829268292684,3.619036726502446
23,0.3353658536585366,12.010293243148434
23,0.34146341463414637,10.692847324690048
23,0.34756097560975613,20.82854511341502
23,0.3536585365853659,9.661828105629473
23,0.3597560975609756,4.745946079333876
23,0.36585365853658536,9.209012977188745
23,0.3719512195121951,10.570809029082925
23,0.3780487804878049,8.782828230756552
23,0.38414634146341464,12.696874917003207
23,0.3902439024390244,12.840404800171518
23,0.39634146341463417,6.242470727646346
23,0.4024390243902439,2.238693771168987
23,0.4085365853658537,8.772659783717364
23,0.41463414634146345,5.7785159629152005
23,0.4207317073170732,6.833036592953122
23,0.4268292682926829,6.075044606517709
23,0.4329268292682927,13.41842095654364
23,0.43902439024390244,13.711753810132768
23,0.4451219512195122,14.34292751911596
23,0.45121951219512196,8.00011141058736
23,0.4573170731707317,10.124148981055097
23,0.4634146341463415,17.443349658070666
23,0.46951219512195125,12.65379004847673
23,0.475609756097561,7.4608859924972215
23,0.48170731707317077,7.293882657533855
23,0.4878048780487805,8.274921058509257
23,0.49390243902439024,19.50967248124638
24,0.0,2.3314683517128287e-14
24,0.006097560975609756,14.072700516896736
24,0.012195121951219513,14.241701674645505
24,0.01829268292682927,8.659206986760983
24,0.024390243902439025,16.75594687368036
24,0.03048780487804878,13.381870074801917
24,0.03658536585365854,13.199107313563292
24,0.042682926829268296,12.889766745869583
24,0.04878048780487805,12.681118920499218
24,0.054878048780487805,3.726266935937557
24,0.06097560975609756,10.604443699048693
24,0.06707317073170732,7.682588380228902
24,0.07317073170731708,24.256258223254854
24,0.07926829268292683,23.770297086152652
24,0.08536585365853659,11.692140160499468
24,0.09146341463414634,15.05296570342703
24,0.0975609756097561,13.994398487130068
24,0.10365853658536586,14.539379810050354
24,0.10975609756097561,25.2987229874124
24,0.11585365853658537,16.362931799384956
24,0.12195121951219512,15.336388335513787
24,0.12804878048780488,5.362344725421712
24,0.13414634146341464,9.851061136461528
24,0.1402439024390244,1.783408980697611
24,0.14634146341463417,12.810151370681389
24,0.1524390243902439,3.689437210402135
24,0.15853658536585366,18.45433318704077
24,0.16463414634146342,2.441969532828123
24,0.17073170731707318,16.8985896072162
24,0.17682926829268295,7.177092107564284
24,0.18292682926829268,16.569633132492623
24,0.18902439024390244,12.907525716331522
24,0.1951219512195122,12.734269164041276
24,0.20121951219512196,5.952598483953195
24,0.20731707317073172,10.139465811076871
24,0.21341463414634146,11.669303008696158
24,0.21951219512195122,12.265275719438506
24,0.22560975609756098,9.105661781410138
24,0.23170731707317074,3.977986710799945
24,0.2378048780487805,6.991484230123558
24,0.24390243902439024,15.757049767281215
24,0.25,14.977097257308781
24,0.25609756097560976,7.024270370509131
24,0.2621951219512195,4.478402052655549
24,0.2682926829268293,9.241541941445186
24,0.27439024390243905,7.834795144066209
24,0.2804878048780488,14.621344936275877
24,0.28658536585365857,9.289578334038255
24,0.29268292682926833,8.70078178065153
24,0.29878048780487804,16.48158098727339
24,0.3048780487804878,14.907108878318027
24,0.31097560975609756,3.650277552345229
24,0.3170731707317073,5.782887540637809
24,0.3231707317073171,14.357496922244058
24,0.32926829268292684,18.447614029543267
24,0.3353658536585366,3.8376649337141258
24,0.34146341463414637,9.536734135959025
24,0.34756097560975613,8.986822723702893
24,0.3536585365853659,16.60507703864275
24,0.3597560975609756,8.780240091655479
24,0.36585365853658536,17.560797538535834
24,0.3719512195121951,11.024004838392491
24,0.3780487804878049,17.214234995430896
24,0.38414634146341464,6.064486258187076
24,0.3902439024390244,14.593680419594923
24,0.39634146341463417,2.169750554284154
24,0.4024390243902439,7.351955938676046
24,0.4085365853658537,17.211415274813174
24,0.41463414634146345,14.59341235819785
24,0.4207317073170732,13.604865136594093
24,0.4268292682926829,18.749113646189606
24,0.4329268292682927,12.043838825970091
24,0.43902439024390244,1.6169330035704612
24,0.4451219512195122,10.720574975374996
24,0.45121951219512196,20.445433842770992
24,0.4573170731707317,20.193292697062883
24,0.4634146341463415,11.268415821657127
24,0.46951219512195125,4.8843020807750035
24,0.475609756097561,12.78418159232017
24,0.48170731707317077,0.10512683515818913
24,0.4878048780487805,17.401753991716408
24,0.49390243902439024,10.525625489722554
25,0.0,2.6645352591003757e-15
25,0.006097560975609756,27.245301358497752
25,0.012195121951219513,14.811549561190649
25,0.01829268292682927,13.904560497252971
25,0.024390243902439025,14.659876121746697
25,0.03048780487804878,16.64741792224295
25,0.03658536585365854,17.321651174931567
25,0.042682926829268296,25.22858447269802
25,0.04878048780487805,10.580439190441977
25,0.054878048780487805,13.612794894536513
25,0.06097560975609756,8.033309882184916
25,0.06707317073170732,10.322699663803453
25,0.07317073170731708,13.460548044665233
25,0.07926829268292683,9.338859324261241
25,0.08536585365853659,8.008888683068628
25,0.09146341463414634,16.883573172870058
25,0.0975609756097561,23.198010275356882
25,0.10365853658536586,9.655830022967018
25,0.10975609756097561,8.53463409862619
25,0.11585365853658537,8.973917441521706
25,0.12195121951219512,5.573153142560416
25,0.12804878048780488,10.425999979866917
25,0.13414634146341464,8.686895457684985
25,0.1402439024390244,13.36335993182138
25,0.14634146341463417,10.748429907865301
25,0.1524390243902439,15.735892041621257
25,0.15853658536585366,3.8196030415887443
25,0.16463414634146342,6.940891722362962
25,0.17073170731707318,10.871649940768616
25,0.17682926829268295,23.30791654294274
25,0.18292682926829268,13.106462638638252
25,0.18902439024390244,8.567786790470448
25,0.1951219512195122,12.57998220649508
25,0.20121951219512196,3.76850139114093
25,0.20731707317073172,12.486783936853344
25,0.21341463414634146,18.195447184877427
25,0.21951219512195122,9.208501335817008
25,0.22560975609756098,6.134182983653618
25,0.23170731707317074,0.6556054099128727
25,0.2378048780487805,2.767949984813892
25,0.24390243902439024,7.6607396019326774
25,0.25,3.0732879007025016
25,0.25609756097560976,20.80670467375554
25,0.2621951219512195,15.715738447753676
25,0.2682926829268293,3.4993377214227275
25,0.27439024390243905,21.300432061817503
25,0.2804878048780488,6.753123799008819
25,0.28658536585365857,16.737921437024177
25,0.29268292682926833,3.586862637152734
25,0.29878048780487804,0.41211554874550027
25,0.3048780487804878,7.9996889227844585
25,0.31097560975609756,7.273793070995615
25,0.3170731707317073,6.996345691230568
25,0.3231707317073171,16.003363489453726
25,0.32926829268292684,12.460372663768995
25,0.3353658536585366,10.593507931564517
25,0.34146341463414637,12.748203095925824
25,0.34756097560975613,8.480664780457868
25,0.3536585365853659,8.942878657648391
25,0.3597560975609756,9.509687371161522
25,0.36585365853658536,17.97303308519767
25,0.3719512195121951,13.198230898841222
25,0.3780487804878049,19.6526113194922
25,0.38414634146341464,4.977533558696152
25,0.3902439024390244,15.692406227912254
25,0.39634146341463417,6.744022210321168
25,0.4024390243902439,6.393880564512147
25,0.4085365853658537,19.59583681985437
25,0.41463414634146345,8.169747338779718
25,0.4207317073170732,3.780408785552458
25,0.4268292682926829,15.065839716325497
25,0.4329268292682927,4.996122682363254
25,0.43902439024390244,18.717791933633414
25,0.4451219512195122,12.394337482498688
25,0.45121951219512196,9.342280944576776
25,0.4573170731707317,9.585448970650276
25,0.4634146341463415,12.279703133730907
25,0.46951219512195125,21.384296278186596
25,0.475609756097561,15.07999843559271
25,0.48170731707317077,9.247549281607355
25,0.4878048780487805,10.67942058627104
25,0.49390243902439024,10.997467225435017
26,0.0,1.0880185641326534e-14
26,0.006097560975609756,30.31059869106123
26,0.012195121951219513,22.70171345100443
26,0.01829268292682927,26.746700285496267
26,0.024390243902439025,12.157072972109502
26,0.03048780487804878,8.086614836873224
26,0.03658536585365854,9.03856616171448
26,0.042682926829268296,12.94152902034868
26,0.04878048780487805,18.6564834873144
26,0.054878048780487805,10.56352719805342
26,0.06097560975609756,13.74428300591898
26,0.06707317073170732,8.192977283551038
26,0.07317073170731708,9.500149189613008
26,0.07926829268292683,10.431666332670027
26,0.08536585365853659,8.542471800174066
26,0.09146341463414634,17.716429279638756
26,0.0975609756097561,13.461571118291902
26,0.10365853658536586,6.697847129486338
26,0.10975609756097561,3.817079339685633
26,0.11585365853658537,6.736253571501442
26,0.12195121951219512,20.107603190350957
26,0.12804878048780488,13.308727326769452
26,0.13414634146341464,13.551002204314983
26,0.1402439024390244,21.757610181260524
26,0.14634146341463417,8.790934538981043
26,0.1524390243902439,5.817888827801326
26,0.15853658536585366,2.281366707112544
26,0.16463414634146342,2.459904318596446
26,0.17073170731707318,9.868601026279725
26,0.17682926829268295,7.393517493525082
26,0.18292682926829268,8.193416713181124
26,0.18902439024390244,20.203430597533604
26,0.1951219512195122,13.900172436973115
26,0.20121951219512196,12.241694101127692
26,0.20731707317073172,12.217284366292578
26,0.21341463414634146,8.354979930234649
26,0.21951219512195122,5.783002976259094
26,0.22560975609756098,1.6432330916482651
26,0.23170731707317074,10.757674340891098
26,0.2378048780487805,10.468207516150509
26,0.24390243902439024,15.02560312394809
26,0.25,2.7601620924604306
26,0.25609756097560976,21.614448403963145
26,0.2621951219512195,4.480931623767099
26,0.2682926829268293,23.507656287482817
26,0.27439024390243905,14.028069224933674
26,0.2804878048780488,8.818186027606561
26,0.28658536585365857,17.347708418198398
26,0.29268292682926833,11.540780093813515
26,0.29878048780487804,0.4378329038162229
26,0.3048780487804878,13.663089962744747
26,0.31097560975609756,16.85738433119918
26,0.3170731707317073,12.483842647967156
26,0.3231707317073171,10.000492384048673
26,0.32926829268292684,8.369492802251116
26,0.3353658536585366,6.598533215313508
26,0.34146341463414637,7.180845197467734
26,0.34756097560975613,4.383074275571677
26,0.3536585365853659,12.793209797875875
26,0.3597560975609756,4.866534173343627
26,0.36585365853658536,12.558737444752746
26,0.3719512195121951,5.777847107564029
26,0.3780487804878049,3.575615366871755
26,0.38414634146341464,14.695251268810313
26,0.3902439024390244,16.702358636216406
26,0.39634146341463417,12.075828710637055
26,0.4024390243902439,11.351814663467744
26,0.4085365853658537,11.278587099166108
26,0.41463414634146345,16.945729526129114
26,0.4207317073170732,10.414060746811403
26,0.4268292682926829,15.561988818539074
26,0.4329268292682927,8.796678569820594
26,0.43902439024390244,1.7106180696145337
26,0.4451219512195122,9.246326495348935
26,0.45121951219512196,6.390139425357807
26,0.4573170731707317,24.28254103870417
26,0.4634146341463415,7.774161017489381
26,0.46951219512195125,9.395048680296108
26,0.475609756097561,15.972686994906018
26,0.48170731707317077,16.979729803113763
26,0.4878048780487805,7.400344497048281
26,0.49390243902439024,8.57308598530775
27,0.0,6.439293542825908e-15
27,0.006097560975609756,27.574593009774716
27,0.012195121951219513,28.489604182523912
27,0.01829268292682927,23.54554899138962
27,0.024390243902439025,14.55555653415866
27,0.03048780487804878,14.434385473751968
27,0.03658536585365854,16.122917339086882
27,0.042682926829268296,16.368938570429567
27,0.04878048780487805,13.878262976122084
27,0.054878048780487805,15.955436810931726
27,0.06097560975609756,25.914742665749895
27,0.06707317073170732,8.819163493571864
27,0.07317073170731708,5.392250800205511
27,0.07926829268292683,24.73254533663208
27,0.08536585365853659,3.7306717220381116
27,0.09146341463414634,14.634571205903004
27,0.0975609756097561,27.424198161000948
27,0.10365853658536586,10.80846712737092
27,0.10975609756097561,16.412793537359683
27,0.11585365853658537,8.449762348998364
27,0.12195121951219512,20.75181240307972
27,0.12804878048780488,11.162419141051997
27,0.13414634146341464,3.462867794076991
27,0.1402439024390244,12.478081892813314
27,0.14634146341463417,1.8312260370476394
27,0.1524390243902439,10.232691594278585
27,0.15853658536585366,10.67953244146337
27,0.16463414634146342,11.114294077606566
27,0.17073170731707318,13.55684367586312
27,0.17682926829268295,6.584552052877436
27,0.18292682926829268,16.41292491325495
27,0.18902439024390244,7.661877177300653
27,0.1951219512195122,12.251289998572608
27,0.20121951219512196,10.193301218538387
27,0.20731707317073172,14.4183602977171
27,0.21341463414634146,4.027843711605592
27,0.21951219512195122,18.404766179836148
27,0.22560975609756098,6.319986828137906
27,0.23170731707317074,8.132847697401607
27,0.2378048780487805,4.058977987821079
27,0.24390243902439024,14.893075373048191
27,0.25,7.444287688187045
27,0.25609756097560976,14.730784923839817
27,0.2621951219512195,17.80541437946942
27,0.2682926829268293,13.331148929298859
27,0.27439024390243905,1.5630376385753595
27,0.2804878048780488,20.340392201547168
27,0.28658536585365857,2.4830481637889545
27,0.29268292682926833,9.500013500653472
27,0.29878048780487804,16.862192446506857
27,0.3048780487804878,10.805975708392918
27,0.31097560975609756,5.251578129571757
27,0.3170731707317073,2.444349257354662
27,0.3231707317073171,12.214928110330302
27,0.32926829268292684,6.131204365886877
27,0.3353658536585366,14.194082611107245
27,0.34146341463414637,13.091814887115246
27,0.34756097560975613,11.919849388362024
27,0.3536585365853659,7.471060279061926
27,0.3597560975609756,18.439971919223794
27,0.36585365853658536,12.708512575609621
27,0.3719512195121951,6.6473458743773834
27,0.3780487804878049,14.264619518932738
27,0.38414634146341464,5.683702587162097
27,0.3902439024390244,1.4369341000477915
27,0.39634146341463417,10.037449694196285
27,0.4024390243902439,7.808387107145284
27,0.4085365853658537,3.5692505376643333
27,0.41463414634146345,7.823281511590061
27,0.4207317073170732,3.5574039627289924
27,0.4268292682926829,17.275932146962756
27,0.4329268292682927,8.600815987096656
27,0.43902439024390244,3.4388961121771606
27,0.4451219512195122,8.014896881046994
27,0.45121951219512196,3.231334483011678
27,0.4573170731707317,2.608058753142598
27,0.4634146341463415,10.14150839178593
27,0.46951219512195125,10.491449698051083
27,0.475609756097561,7.944476323084739
27,0.48170731707317077,4.4655437012364425
27,0.4878048780487805,3.512637433395928
27,0.49390243902439024,5.779176359600362
28,0.0,5.329070518200751e-15
28,0.006097560975609756,14.588705909133166
28,0.012195121951219513,16.582849620805117
28,0.01829268292682927,30.147978509007142
28,0.024390243902439025,21.907042979391324
28,0.03048780487804878,11.657124398600619
28,0.03658536585365854,14.51299605423924
28,0.042682926829268296,25.01724261725622
28,0.04878048780487805,6.206714920303663
28,0.054878048780487805,9.931659719817997
28,0.06097560975609756,9.704252102783716
28,0.06707317073170732,19.796045688659614
28,0.07317073170731708,8.627985959384352
28,0.07926829268292683,16.471961508004394
28,0.08536585365853659,19.145379041879455
28,0.09146341463414634,15.536800083766595
28,0.0975609756097561,18.127972264455376
28,0.10365853658536586,11.333616329500176
28,0.10975609756097561,4.238003775822775
28,0.11585365853658537,14.577703222996359
28,0.12195121951219512,23.208819077622834
28,0.12804878048780488,7.686052123429273
28,0.13414634146341464,9.75206304871993
28,0.1402439024390244,17.625036859089644
28,0.14634146341463417,7.042848604550704
28,0.1524390243902439,15.055661528769981
28,0.15853658536585366,9.147775770050384
28,0.16463414634146342,14.847541030110882
28,0.17073170731707318,4.362883226734449
28,0.17682926829268295,6.321975571563945
28,0.18292682926829268,15.137425256399936
28,0.18902439024390244,7.747402089535669
28,0.1951219512195122,5.838948772964089
28,0.20121951219512196,18.280924432337475
28,0.20731707317073172,13.523970650779003
28,0.21341463414634146,5.070448185216044
28,0.21951219512195122,13.315076367094695
28,0.22560975609756098,14.737108515623955
28,0.23170731707317074,3.858725539441076
28,0.2378048780487805,4.924441401381185
28,0.24390243902439024,8.319954702343615
28,0.25,2.4063271516275626
28,0.25609756097560976,10.06544788958481
28,0.2621951219512195,8.818664087960409
28,0.2682926829268293,12.75771012813684
28,0.27439024390243905,12.468797250591756
28,0.2804878048780488,11.2879477905712
28,0.28658536585365857,7.405411736495034
28,0.29268292682926833,11.792150735065668
28,0.29878048780487804,4.65082853086067
28,0.3048780487804878,5.994107028180913
28,0.31097560975609756,4.910487084564144
28,0.3170731707317073,4.136353079078851
28,0.3231707317073171,1.9403203311916646
28,0.32926829268292684,12.704949652094617
28,0.3353658536585366,18.42804635728849
28,0.34146341463414637,2.7605287083357397
28,0.34756097560975613,8.689106973618985
28,0.3536585365853659,7.60385094669204
28,0.3597560975609756,15.110392431858125
28,0.36585365853658536,6.223006040581531
28,0.3719512195121951,8.23463710819969
28,0.3780487804878049,10.232958198591975
28,0.38414634146341464,7.535578810086553
28,0.3902439024390244,10.47993131468743
28,0.39634146341463417,13.13361188684637
28,0.4024390243902439,22.05483768574414
28,0.4085365853658537,10.37404585448325
28,0.41463414634146345,6.290023430591372
28,0.4207317073170732,4.805550481803408
28,0.4268292682926829,16.564934284299728
28,0.4329268292682927,18.586640547019428
28,0.43902439024390244,11.682815342988489
28,0.4451219512195122,16.473104130762874
28,0.45121951219512196,15.794679927079414
28,0.4573170731707317,5.057824133859687
28,0.4634146341463415,17.947200366629275
28,0.46951219512195125,10.121207633734974
28,0.475609756097561,11.19394200234198
28,0.48170731707317077,7.842041066841025
28,0.4878048780487805,4.79909669415463
28,0.49390243902439024,12.4534989094218
29,0.0,3.552713678800501e-15
29,0.006097560975609756,18.529701301822268
29,0.012195121951219513,26.382780516027644
29,0.01829268292682927,15.533703408431254
29,0.024390243902439025,10.898690694489312
29,0.03048780487804878,26.95614460549792
29,0.03658536585365854,5.308702304935822
29,0.042682926829268296,35.785297162804206
29,0.04878048780487805,17.352372685609446
29,0.054878048780487805,20.877999621813096
29,0.06097560975609756,18.189778799819777
29,0.06707317073170732,1.3007018651316447
29,0.07317073170731708,12.894764305727243
29,0.07926829268292683,9.415355299692612
29,0.08536585365853659,10.980052863233896
29,0.09146341463414634,3.9295500736637643
29,0.0975609756097561,8.15260663989721
29,0.10365853658536586,22.51126585120434
29,0.10975609756097561,10.181078734109963
29,0.11585365853658537,7.995684061744447
29,0.12195121951219512,4.538726626011867
29,0.12804878048780488,10.795769046297222
29,0.13414634146341464,3.660860494273128
29,0.1402439024390244,2.7244265427383416
29,0.14634146341463417,5.2853623088371755
29,0.1524390243902439,8.403880552570596
29,0.15853658536585366,7.600597586931617
29,0.16463414634146342,5.089904474670065
29,0.17073170731707318,2.6391565688669716
29,0.17682926829268295,20.049165773034236
29,0.18292682926829268,12.914386540595126
29,0.18902439024390244,6.7210702592006815
29,0.1951219512195122,15.479689779524325
29,0.20121951219512196,5.617839915558488
29,0.20731707317073172,4.783168768995856
29,0.21341463414634146,8.178126280238423
29,0.21951219512195122,10.146710808874056
29,0.22560975609756098,2.4914249373202284
29,0.23170731707317074,9.879824126045396
29,0.2378048780487805,22.69533495605183
29,0.24390243902439024,7.547551715236738
29,0.25,4.312685767635218
29,0.25609756097560976,23.380426128001464
29,0.2621951219512195,24.957764520864473
29,0.2682926829268293,3.1361619668282668
29,0.27439024390243905,17.634689879458154
29,0.2804878048780488,11.283670689328801
29,0.28658536585365857,14.611517291289099
29,0.29268292682926833,19.213683469808924
29,0.29878048780487804,4.575155338100355
29,0.3048780487804878,12.824454807799428
29,0.31097560975609756,10.069349356970992
29,0.3170731707317073,9.825153153925898
29,0.3231707317073171,18.01294643159432
29,0.32926829268292684,8.989740680837011
29,0.3353658536585366,7.062754605673876
29,0.34146341463414637,5.737495105636197
29,0.34756097560975613,18.114027396812677
29,0.3536585365853659,15.751842023037597
29,0.3597560975609756,23.905727630711123
29,0.36585365853658536,14.565774876359768
29,0.3719512195121951,1.8494302171933004
29,0.3780487804878049,4.440421336625065
29,0.38414634146341464,4.410422651573764
29,0.3902439024390244,14.183101735068497
29,0.39634146341463417,14.12951223258193
29,0.4024390243902439,7.70396009443175
29,0.4085365853658537,13.282671590068453
29,0.41463414634146345,6.0945116064334535
29,0.4207317073170732,7.168911121029448
29,0.4268292682926829,4.00363441232843
29,0.4329268292682927,2.616701221119843
29,0.43902439024390244,11.601992089623431
29,0.4451219512195122,6.213429814130074
29,0.45121951219512196,2.4834979308343508
29,0.4573170731707317,4.949731422334132
29,0.4634146341463415,7.5016929967812
29,0.46951219512195125,4.711685405273907
29,0.475609756097561,7.8825966644896
29,0.48170731707317077,3.495808391002908
29,0.4878048780487805,6.233181132081905
29,0.49390243902439024,8.228263368598206
30,0.0,5.773159728050814e-15
30,0.006097560975609756,24.11064041260528
30,0.012195121951219513,31.288525789699484
30,0.01829268292682927,35.429153522714735
30,0.024390243902439025,16.929146962998978
30,0.03048780487804878,17.405274912299696
30,0.03658536585365854,15.15640240230432
30,0.042682926829268296,10.022044959554126
30,0.04878048780487805,21.840889292858662
30,0.054878048780487805,23.12387810043654
30,0.06097560975609756,15.51061443749134
30,0.06707317073170732,8.726186111186799
30,0.07317073170731708,21.26649379430076
30,0.07926829268292683,1.8135947259601106
30,0.08536585365853659,22.354747398738553
30,0.09146341463414634,11.315825377252139
30,0.0975609756097561,10.688866701686292
30,0.10365853658536586,13.487545399596382
30,0.10975609756097561,8.204011311157672
30,0.11585365853658537,12.614719819164591
30,0.12195121951219512,5.062459530708532
30,0.12804878048780488,11.468304904643338
30,0.13414634146341464,6.300848117179469
30,0.1402439024390244,7.507990301679221
30,0.14634146341463417,16.722364184905768
30,0.1524390243902439,9.947368851008882
30,0.15853658536585366,7.0343574981529144
30,0.16463414634146342,2.674317095737774
30,0.17073170731707318,9.512266406835966
30,0.17682926829268295,4.349003300818427
30,0.18292682926829268,5.932100216788774
30,0.18902439024390244,16.63496196808251
30,0.1951219512195122,3.168019746565001
30,0.20121951219512196,2.396324914389956
30,0.20731707317073172,6.9375711090989896
30,0.21341463414634146,6.175433184207906
30,0.21951219512195122,13.518901092444711
30,0.22560975609756098,7.927837489901578
30,0.23170731707317074,10.66397383722946
30,0.2378048780487805,7.688423054309661
30,0.24390243902439024,14.987175535868195
30,0.25,4.343416726153462
30,0.25609756097560976,6.77318949228019
30,0.2621951219512195,17.714341670147125
30,0.2682926829268293,15.810283372492743
30,0.27439024390243905,5.917365098766823
30,0.2804878048780488,6.250273492608459
30,0.28658536585365857,13.196226724359528
30,0.29268292682926833,12.850771622741624
30,0.29878048780487804,18.493081041611763
30,0.3048780487804878,7.57074248311429
30,0.31097560975609756,6.744937003709518
30,0.3170731707317073,14.30884304768981
30,0.3231707317073171,12.070047329286698
30,0.32926829268292684,5.039166120119607
30,0.3353658536585366,15.657223864488863
30,0.34146341463414637,7.283983195515472
30,0.34756097560975613,6.423348164851549
30,0.3536585365853659,12.774860408485136
30,0.3597560975609756,9.393875251607875
30,0.36585365853658536,4.38950445798941
30,0.3719512195121951,9.890624333671912
30,0.3780487804878049,26.81933710614688
30,0.38414634146341464,6.661933548601901
30,0.3902439024390244,9.719237107499493
30,0.39634146341463417,6.461512906519748
30,0.4024390243902439,8.11717790007846
30,0.4085365853658537,4.0843050098454
30,0.41463414634146345,1.4472098837117289
30,0.4207317073170732,7.4155283661331275
30,0.4268292682926829,10.202893504041642
30,0.4329268292682927,20.393847055790935
30,0.43902439024390244,1.6170049117084486
30,0.4451219512195122,1.4347540686971858
30,0.45121951219512196,13.966901209213155
30,0.4573170731707317,5.811321177761922
30,0.4634146341463415,7.648959051101494
30,0.46951219512195125,6.143933067898114
30,0.475609756097561,5.577465248188886
30,0.48170731707317077,6.908022626619355
30,0.4878048780487805,16.643027061272143
30,0.49390243902439024,9.846913297275838
31,0.0,1.554312234475219e-14
31,0.006134969325153374,10.744084244277985
31,0.012269938650306749,31.51213810442257
31,0.018404907975460124,27.838109060141278
31,0.024539877300613498,15.332794864233431
31,0.03067484662576687,13.781881627276476
31,0.03680981595092025,24.73131105705311
31,0.04294478527607362,5.653314551162095
31,0.049079754601226995,13.058303256183466
31,0.05521472392638037,10.461547669329423
31,0.06134969325153374,3.0949135488196555
31,0.06748466257668712,10.984770563548672
31,0.0736196319018405,9.102854776288101
31,0.07975460122699386,6.9986914220755265
31,0.08588957055214724,13.908813388699832
31,0.09202453987730061,5.899063210173854
31,0.09815950920245399,4.5586217958222255
31,0.10429447852760737,16.1828682563463
31,0.11042944785276074,6.0832310473744755
31,0.11656441717791412,12.258480813460933
31,0.12269938650306748,18.37773262472517
31,0.12883435582822086,14.852136778088804
31,0.13496932515337423,9.097122298115977
31,0.1411042944785276,9.840888535028013
31,0.147239263803681,13.641846454123472
31,0.15337423312883436,13.081236016653571
31,0.15950920245398773,19.07324818649805
31,0.16564417177914112,6.420750010304691
31,0.17177914110429449,12.375967069328112
31,0.17791411042944785,16.581550353192696
31,0.18404907975460122,2.8856359356590016
31,0.1901840490797546,15.109620921193967
31,0.19631901840490798,10.224125851758266
31,0.20245398773006135,19.006085315701338
31,0.20858895705521474,10.365886563365695
31,0.2147239263803681,10.857189230049995
31,0.22085889570552147,11.072921634155923
31,0.22699386503067484,7.606467130023404
31,0.23312883435582823,7.925165390901233
31,0.2392638036809816,13.258662270007305
31,0.24539877300613497,10.681450783691387
31,0.25153374233128833,7.176995851466455
31,0.25766871165644173,17.05616205672805
31,0.2638036809815951,10.454224573371283
31,0.26993865030674846,8.727089029049079
31,0.27607361963190186,9.971922106057203
31,0.2822085889570552,4.9419446928602015
31,0.2883435582822086,4.785517651258465
31,0.294478527607362,1.9535563016761377
31,0.3006134969325153,9.022797990793006
31,0.3067484662576687,11.029029448395653
31,0.3128834355828221,11.193502750711119
31,0.31901840490797545,8.775365351475978
31,0.32515337423312884,11.020149544297702
31,0.33128834355828224,8.297403182715758
31,0.3374233128834356,13.915577238611935
31,0.34355828220858897,6.70170423353974
31,0.34969325153374237,16.49432649464415
31,0.3558282208588957,4.085519697172914
31,0.3619631901840491,21.42113014359544
31,0.36809815950920244,10.106368815683007
31,0.37423312883435583,6.790649228563454
31,0.3803680981595092,7.555213643633617
31,0.38650306748466257,11.061573333497952
31,0.39263803680981596,5.552439125394723
31,0.39877300613496935,13.515889778495382
31,0.4049079754601227,3.970704449805835
31,0.4110429447852761,11.651074643453166
31,0.4171779141104295,7.335928663827028
31,0.4233128834355828,13.114640049081455
31,0.4294478527607362,23.43030328787512
31,0.43558282208588955,18.909740063021346
31,0.44171779141104295,3.0150810757763318
31,0.44785276073619634,14.816633619898225
31,0.4539877300613497,8.09498215078671
31,0.4601226993865031,12.362581361174648
31,0.46625766871165647,14.468027613414206
31,0.4723926380368098,13.87503949999298
31,0.4785276073619632,6.7224671017234074
31,0.4846625766871166,20.8099858191197
31,0.49079754601226994,14.785909115536423
31,0.49693251533742333,8.484860852015835
32,0.0,1.5987211554602254e-14
32,0.006097560975609756,25.292006409321182
32,0.012195121951219513,20.813450195618046
32,0.01829268292682927,14.679272284894639
32,0.024390243902439025,6.9736740479933275
32,0.03048780487804878,13.655368399100658
32,0.03658536585365854,11.896891444385641
32,0.042682926829268296,12.494891149079297
32,0.04878048780487805,5.045874669555934
32,0.054878048780487805,22.36569257905881
32,0.06097560975609756,20.220589063587326
32,0.06707317073170732,13.246532816987537
32,0.07317073170731708,25.44828870992834
32,0.07926829268292683,6.679760766104026
32,0.08536585365853659,10.413315314547075
32,0.09146341463414634,8.75133808464536
32,0.0975609756097561,3.9734064482416387
32,0.10365853658536586,3.5902011962372735
32,0.10975609756097561,23.44236572590212
32,0.11585365853658537,19.182718012641704
32,0.12195121951219512,11.616369049466579
32,0.12804878048780488,3.1386994490752604
32,0.13414634146341464,23.149146391061432
32,0.1402439024390244,12.958603873269011
32,0.14634146341463417,10.232337389590057
32,0.1524390243902439,17.785325389191723
32,0.15853658536585366,2.940510852333407
32,0.16463414634146342,15.452332197059489
32,0.17073170731707318,8.241803091405206
32,0.17682926829268295,5.410076701649717
32,0.18292682926829268,13.884731257907749
32,0.18902439024390244,8.24865266493896
32,0.1951219512195122,7.207597352674893
32,0.20121951219512196,7.9784868387723025
32,0.20731707317073172,19.216675029286737
32,0.21341463414634146,3.9896176122883937
32,0.21951219512195122,9.457795557638303
32,0.22560975609756098,3.6427654643423213
32,0.23170731707317074,8.241822872053712
32,0.2378048780487805,16.28719294786963
32,0.24390243902439024,5.252506204266988
32,0.25,6.502334091863837
32,0.25609756097560976,13.964511395502901
32,0.2621951219512195,10.21044714308307
32,0.2682926829268293,16.50848029860661
32,0.27439024390243905,14.276453870822051
32,0.2804878048780488,11.253010563311783
32,0.28658536585365857,3.068380005717433
32,0.29268292682926833,8.55846281873327
32,0.29878048780487804,23.17625185636173
32,0.3048780487804878,9.896382771547122
32,0.31097560975609756,0.9877737063673299
32,0.3170731707317073,3.86280058673004
32,0.3231707317073171,6.663366371997215
32,0.32926829268292684,6.097709361984131
32,0.3353658536585366,1.9037525919185934
32,0.34146341463414637,15.35221290455932
32,0.34756097560975613,5.266159936056748
32,0.3536585365853659,8.608165372850973
32,0.3597560975609756,7.290707496041476
32,0.36585365853658536,12.623314017851854
32,0.3719512195121951,5.4438545537297935
32,0.3780487804878049,4.0242853133293846
32,0.38414634146341464,6.126050016645791
32,0.3902439024390244,1.873039159136143
32,0.39634146341463417,17.662356381426275
32,0.4024390243902439,16.181360586678977
32,0.4085365853658537,10.37070036845866
32,0.41463414634146345,5.9281105934346785
32,0.4207317073170732,13.484270527680538
32,0.4268292682926829,11.715900172445684
32,0.4329268292682927,20.57105129270724
32,0.43902439024390244,15.002045803984231
32,0.4451219512195122,14.354766535034763
32,0.45121951219512196,11.11547156615
32,0.4573170731707317,17.679236436489752
32,0.4634146341463415,11.495011034689979
32,0.46951219512195125,21.3977784596706
32,0.475609756097561,6.934087437670119
32,0.48170731707317077,6.185742837038401
32,0.4878048780487805,12.0801894150435
32,0.49390243902439024,16.187955801356548
33,0.0,1.7763568394002505e-15
33,0.006097560975609756,30.30146761180013
33,0.012195121951219513,28.01019321590878
33,0.01829268292682927,26.11873771414244
33,0.024390243902439025,18.366551912926905
33,0.03048780487804878,13.171725906853661
33,0.03658536585365854,11.860006782752851
33,0.042682926829268296,17.438051505643116
33,0.04878048780487805,14.746990873203472
33,0.054878048780487805,9.913875305056699
33,0.06097560975609756,19.73374705271539
33,0.06707317073170732,16.86470123959843
33,0.07317073170731708,5.549111391198789
33,0.07926829268292683,13.1593072949519
33,0.08536585365853659,11.43474017004297
33,0.09146341463414634,9.494780603108365
33,0.0975609756097561,1.7516204738135455
33,0.10365853658536586,9.119802631728014
33,0.10975609756097561,2.4710756711233604
33,0.11585365853658537,16.424963870567588
33,0.12195121951219512,16.380656243918377
33,0.12804878048780488,17.41154944009822
33,0.13414634146341464,7.918160474218806
33,0.1402439024390244,13.66347868997397
33,0.14634146341463417,21.109721871624497
33,0.1524390243902439,11.852676619887124
33,0.15853658536585366,21.017632329930628
33,0.16463414634146342,10.420138968373433
33,0.17073170731707318,21.277343211970333
33,0.17682926829268295,8.426684314728153
33,0.18292682926829268,3.4648095520999913
33,0.18902439024390244,2.947180803338814
33,0.1951219512195122,5.722122887649318
33,0.20121951219512196,7.121665196368077
33,0.20731707317073172,4.941276621789734
33,0.21341463414634146,13.14564981126333
33,0.21951219512195122,8.964118279009796
33,0.22560975609756098,7.24740268243233
33,0.23170731707317074,5.7025704470648835
33,0.2378048780487805,4.924887592670279
33,0.24390243902439024,13.375871623903153
33,0.25,9.315350191337016
33,0.25609756097560976,25.70835457976916
33,0.2621951219512195,11.630170382562817
33,0.2682926829268293,9.721478906939852
33,0.27439024390243905,11.924873013420221
33,0.2804878048780488,5.754564883077287
33,0.28658536585365857,17.31355000787167
33,0.29268292682926833,6.111559295973715
33,0.29878048780487804,7.955513253885668
33,0.3048780487804878,4.290281157804938
33,0.31097560975609756,13.63789987331928
33,0.3170731707317073,7.895356004621601
33,0.3231707317073171,16.815061785190164
33,0.32926829268292684,0.9058807222489549
33,0.3353658536585366,13.267030566802909
33,0.34146341463414637,11.448137842609064
33,0.34756097560975613,14.191492971478262
33,0.3536585365853659,5.383913113089187
33,0.3597560975609756,9.750301669583001
33,0.36585365853658536,8.395175210761167
33,0.3719512195121951,16.979988081459783
33,0.3780487804878049,2.555556296726459
33,0.38414634146341464,15.897474947372999
33,0.3902439024390244,9.47525372813888
33,0.39634146341463417,3.428330456331519
33,0.4024390243902439,10.143239802002304
33,0.4085365853658537,12.949249911698253
33,0.41463414634146345,13.7057411993362
33,0.4207317073170732,8.7889844750958
33,0.4268292682926829,14.694012884935372
33,0.4329268292682927,2.1467089620708553
33,0.43902439024390244,2.0641189297569698
33,0.4451219512195122,7.842180775292006
33,0.45121951219512196,2.297300013653658
33,0.4573170731707317,9.56435162163378
33,0.4634146341463415,7.946753728195718
33,0.46951219512195125,21.676170852210838
33,0.475609756097561,4.259941076596404
33,0.48170731707317077,2.055647906446034
33,0.4878048780487805,1.3403604865659942
33,0.49390243902439024,10.442391937829074
34,0.0,9.769962616701378e-15
34,0.006097560975609756,6.97393462825707
34,0.012195121951219513,15.480975695201494
34,0.01829268292682927,10.438088819217079
34,0.024390243902439025,13.562169866972368
34,0.03048780487804878,9.176173689216458
34,0.03658536585365854,22.64659393386316
34,0.042682926829268296,10.905927159012686
34,0.04878048780487805,8.610403562068607
34,0.054878048780487805,17.344071802169992
34,0.06097560975609756,5.679799691908494
34,0.06707317073170732,15.682780223838726
34,0.07317073170731708,14.093627873229682
34,0.07926829268292683,3.4339957763419116
34,0.08536585365853659,4.6798772757436895
34,0.09146341463414634,12.41700350290447
34,0.0975609756097561,9.76090201670242
34,0.10365853658536586,8.233917426597232
34,0.10975609756097561,17.527018389551962
34,0.11585365853658537,7.631759244745014
34,0.12195121951219512,19.117917064963105
34,0.12804878048780488,3.808228671879231
34,0.13414634146341464,5.3253540482865995
34,0.1402439024390244,11.500628284153501
34,0.14634146341463417,26.387956294439245
34,0.1524390243902439,9.567190361553374
34,0.15853658536585366,14.280260292580525
34,0.16463414634146342,8.602970014377364
34,0.17073170731707318,12.473299560887794
34,0.17682926829268295,10.501713089434018
34,0.18292682926829268,10.119635589255946
34,0.18902439024390244,15.582291601584519
34,0.1951219512195122,14.562877233411669
34,0.20121951219512196,8.158387318975132
34,0.20731707317073172,10.159005721405006
34,0.21341463414634146,25.749469471782138
34,0.21951219512195122,10.289363218262709
34,0.22560975609756098,11.826317994060771
34,0.23170731707317074,4.141220624364146
34,0.2378048780487805,27.109419895633327
34,0.24390243902439024,15.831901887706334
34,0.25,16.970413770264454
34,0.25609756097560976,5.106853554002121
34,0.2621951219512195,4.1066089680896845
34,0.2682926829268293,7.978491849050302
34,0.27439024390243905,7.294270124395045
34,0.2804878048780488,2.4232928597771384
34,0.28658536585365857,14.560703179792982
34,0.29268292682926833,3.2203021615422847
34,0.29878048780487804,6.0644305147628685
34,0.3048780487804878,11.649775481302106
34,0.31097560975609756,8.419556026262999
34,0.3170731707317073,8.48282770329297
34,0.3231707317073171,7.387362549268254
34,0.32926829268292684,6.962628661248979
34,0.3353658536585366,0.14027774226472703
34,0.34146341463414637,6.137959609447729
34,0.34756097560975613,20.85069591150717
34,0.3536585365853659,5.998226494795215
34,0.3597560975609756,24.007951658515026
34,0.36585365853658536,18.91583434568944
34,0.3719512195121951,7.916111514751257
34,0.3780487804878049,1.7575769640380245
34,0.38414634146341464,9.239830718744315
34,0.3902439024390244,17.794194639974165
34,0.39634146341463417,15.689606167745387
34,0.4024390243902439,19.50626775081134
34,0.4085365853658537,13.077010480617037
34,0.41463414634146345,18.016317427518633
34,0.4207317073170732,6.873075962712694
34,0.4268292682926829,20.604434088816088
34,0.4329268292682927,2.79852744284465
34,0.43902439024390244,18.026353739241898
34,0.4451219512195122,3.3531111004499805
34,0.45121951219512196,16.97566076941538
34,0.4573170731707317,8.802512971456466
34,0.4634146341463415,8.68055865911612
34,0.46951219512195125,8.95156490817569
34,0.475609756097561,11.535512593084633
34,0.48170731707317077,13.246053226088364
34,0.4878048780487805,16.954353384057153
34,0.49390243902439024,2.827073268371011
35,0.0,1.3322676295501878e-14
35,0.006097560975609756,18.89526702314005
35,0.012195121951219513,14.133347144782219
35,0.01829268292682927,6.589307909217067
35,0.024390243902439025,21.800946535413708
35,0.03048780487804878,26.357077951124946
35,0.03658536585365854,11.756185390642544
35,0.042682926829268296,6.553447615862696
35,0.04878048780487805,4.310978084420008
35,0.054878048780487805,19.48663955990706
35,0.06097560975609756,13.962463928823784
35,0.06707317073170732,11.49753007224281
35,0.07317073170731708,2.9871379665730013
35,0.07926829268292683,6.675088310152397
35,0.08536585365853659,6.784215446438239
35,0.09146341463414634,8.40082377118824
35,0.0975609756097561,0.7579599161293774
35,0.10365853658536586,11.13852078723939
35,0.10975609756097561,6.915637247413596
35,0.11585365853658537,4.7688319243910255
35,0.12195121951219512,5.454028318988888
35,0.12804878048780488,16.141463323804214
35,0.13414634146341464,6.097445441127708
35,0.1402439024390244,10.409195645513854
35,0.14634146341463417,12.207187576469408
35,0.1524390243902439,13.217503622961916
35,0.15853658536585366,10.313361166835953
35,0.16463414634146342,2.8925704889963977
35,0.17073170731707318,13.193555609605477
35,0.17682926829268295,0.29398842191469465
35,0.18292682926829268,9.282932250998225
35,0.18902439024390244,11.704838626423616
35,0.1951219512195122,14.30114710129464
35,0.20121951219512196,8.031200144740712
35,0.20731707317073172,7.970387313614039
35,0.21341463414634146,4.691519818160144
35,0.21951219512195122,15.078462496207372
35,0.22560975609756098,18.510091063518473
35,0.23170731707317074,10.780008350032746
35,0.2378048780487805,5.051789265751193
35,0.24390243902439024,14.287031757545087
35,0.25,8.041423940587045
35,0.25609756097560976,10.00025957558096
35,0.2621951219512195,21.720040579764746
35,0.2682926829268293,17.48758086622193
35,0.27439024390243905,18.115713669542103
35,0.2804878048780488,20.829503161840208
35,0.28658536585365857,9.205766829967198
35,0.29268292682926833,22.361792600384877
35,0.29878048780487804,19.48641752422126
35,0.3048780487804878,8.000784794414459
35,0.31097560975609756,13.830710560908022
35,0.3170731707317073,11.324218174858887
35,0.3231707317073171,14.04241807456152
35,0.32926829268292684,14.264245135913816
35,0.3353658536585366,10.612988098136332
35,0.34146341463414637,6.143707183388878
35,0.34756097560975613,10.396566615963899
35,0.3536585365853659,21.68816147177261
35,0.3597560975609756,16.850159807399013
35,0.36585365853658536,4.134345410722592
35,0.3719512195121951,11.197644223627579
35,0.3780487804878049,19.9847206391314
35,0.38414634146341464,19.371876525647018
35,0.3902439024390244,5.027143578253355
35,0.39634146341463417,13.197069934888953
35,0.4024390243902439,2.2015736475927805
35,0.4085365853658537,10.932937771369952
35,0.41463414634146345,6.638633645141533
35,0.4207317073170732,14.899745592212035
35,0.4268292682926829,19.292423249542885
35,0.4329268292682927,2.55246928903352
35,0.43902439024390244,14.9964588437028
35,0.4451219512195122,15.773306246652641
35,0.45121951219512196,8.696988209219516
35,0.4573170731707317,14.157786378457295
35,0.4634146341463415,15.380447157125726
35,0.46951219512195125,10.583503357415843
35,0.475609756097561,7.083193665464284
35,0.48170731707317077,7.878793043132406
35,0.4878048780487805,9.048014607926698
35,0.49390243902439024,14.68846867699069
36,0.0,1.7763568394002505e-15
36,0.006097560975609756,3.5243887223945944
36,0.012195121951219513,28.45369947556205
36,0.01829268292682927,25.423469002173828
36,0.024390243902439025,5.1963415507743855
36,0.03048780487804878,22.492075245504537
36,0.03658536585365854,3.2742065606667543
36,0.042682926829268296,4.555233455393664
36,0.04878048780487805,19.075332294413204
36,0.054878048780487805,9.343321453678259
36,0.06097560975609756,9.431471578823274
36,0.06707317073170732,4.185089817361563
36,0.07317073170731708,9.895678543721472
36,0.07926829268292683,12.888318100087787
36,0.08536585365853659,14.714719009651857
36,0.09146341463414634,8.419315370136589
36,0.0975609756097561,5.3487690649175
36,0.10365853658536586,14.165439645692388
36,0.10975609756097561,16.605683900645193
36,0.11585365853658537,12.471773521529474
36,0.12195121951219512,12.256886984825327
36,0.12804878048780488,13.565624115037364
36,0.13414634146341464,12.464202216597446
36,0.1402439024390244,13.916049373858117
36,0.14634146341463417,29.388879340742257
36,0.1524390243902439,12.180058346313562
36,0.15853658536585366,20.92405280448544
36,0.16463414634146342,12.358869965993565
36,0.17073170731707318,6.452626970086005
36,0.17682926829268295,10.750498740899
36,0.18292682926829268,5.849122573565007
36,0.18902439024390244,10.542729752162126
36,0.1951219512195122,10.974217855177463
36,0.20121951219512196,13.00294872901532
36,0.20731707317073172,11.86304859870836
36,0.21341463414634146,11.795071458641273
36,0.21951219512195122,4.764853774889243
36,0.22560975609756098,5.962286059003906
36,0.23170731707317074,2.0456895515372286
36,0.2378048780487805,12.120261219041083
36,0.24390243902439024,9.180392281965755
36,0.25,9.58814470725316
36,0.25609756097560976,10.620805186422222
36,0.2621951219512195,7.361206549088905
36,0.2682926829268293,12.133410528424355
36,0.27439024390243905,11.282478134318634
36,0.2804878048780488,7.543286107623803
36,0.28658536585365857,4.402108931041218
36,0.29268292682926833,9.006109497797366
36,0.29878048780487804,11.454852896315787
36,0.3048780487804878,15.178219571090912
36,0.31097560975609756,5.430845122840227
36,0.3170731707317073,9.563329682359711
36,0.3231707317073171,7.5110210315813895
36,0.32926829268292684,3.6398041709437665
36,0.3353658536585366,0.3040425593754249
36,0.34146341463414637,27.417029569064056
36,0.34756097560975613,6.227168980770938
36,0.3536585365853659,20.110467830815406
36,0.3597560975609756,8.997776374962687
36,0.36585365853658536,7.57419778597961
36,0.3719512195121951,15.002614690088125
36,0.3780487804878049,12.355231498768218
36,0.38414634146341464,20.103961680773853
36,0.3902439024390244,4.059977981678386
36,0.39634146341463417,15.412132883817124
36,0.4024390243902439,21.145092472929736
36,0.4085365853658537,9.418347371748702
36,0.41463414634146345,3.714900536219396
36,0.4207317073170732,18.68300439448372
36,0.4268292682926829,8.90144859346294
36,0.4329268292682927,14.44195218434171
36,0.43902439024390244,12.124231691605925
36,0.4451219512195122,6.002511752295081
36,0.45121951219512196,16.356321120223654
36,0.4573170731707317,11.43935739672725
36,0.4634146341463415,9.1364258505055
36,0.46951219512195125,14.381578295275956
36,0.475609756097561,13.620468249983956
36,0.48170731707317077,4.087094882332652
36,0.4878048780487805,11.500831942380634
36,0.49390243902439024,11.530129334763217
37,0.0,1.3322676295501878e-14
37,0.006097560975609756,35.77341363196334
37,0.012195121951219513,18.76176907777978
37,0.01829268292682927,8.922992718073528
37,0.024390243902439025,8.736131042296018
37,0.03048780487804878,8.897166505335225
37,0.03658536585365854,10.404346616008452
37,0.042682926829268296,28.794499980804712
37,0.04878048780487805,22.218420799118434
37,0.054878048780487805,11.925484140797586
37,0.06097560975609756,4.8777117171350035
37,0.06707317073170732,4.081213208771449
37,0.07317073170731708,3.897331779624949
37,0.07926829268292683,14.028619628918237
37,0.08536585365853659,9.5709200018689
37,0.09146341463414634,8.314714098669679
37,0.0975609756097561,11.097573139862702
37,0.10365853658536586,15.544233428380387
37,0.10975609756097561,9.60190469102756
37,0.11585365853658537,3.679273756312621
37,0.12195121951219512,9.643899859572503
37,0.12804878048780488,13.637457230527076
37,0.13414634146341464,13.63845630782581
37,0.1402439024390244,16.11727233216017
37,0.14634146341463417,8.282795236706097
37,0.1524390243902439,5.682440160557246
37,0.15853658536585366,9.602187841028517
37,0.16463414634146342,10.061749793714926
37,0.17073170731707318,0.7327438550841086
37,0.17682926829268295,11.674317700761296
37,0.18292682926829268,8.180532903232807
37,0.18902439024390244,17.704693281233524
37,0.1951219512195122,19.364493337104143
37,0.20121951219512196,8.29751192458078
37,0.20731707317073172,10.685465845116305
37,0.21341463414634146,3.071665342485762
37,0.21951219512195122,14.301055179919487
37,0.22560975609756098,16.526250517663428
37,0.23170731707317074,16.808941513442697
37,0.2378048780487805,17.480069075914273
37,0.24390243902439024,25.450510000538955
37,0.25,19.822571273513656
37,0.25609756097560976,13.648185859531031
37,0.2621951219512195,8.894847772124333
37,0.2682926829268293,4.500276146244866
37,0.27439024390243905,3.301885511579156
37,0.2804878048780488,9.814778242342635
37,0.28658536585365857,15.479484075441038
37,0.29268292682926833,4.534499322783019
37,0.29878048780487804,4.9865729231011
37,0.3048780487804878,5.184406389556855
37,0.31097560975609756,8.929810569994403
37,0.3170731707317073,3.066659070314063
37,0.3231707317073171,6.750901366274231
37,0.32926829268292684,13.990825609512731
37,0.3353658536585366,5.925142499706883
37,0.34146341463414637,7.984247997395996
37,0.34756097560975613,12.612930503239271
37,0.3536585365853659,18.630007588497392
37,0.3597560975609756,6.327581563340999
37,0.36585365853658536,5.079819041718302
37,0.3719512195121951,6.108393601433033
37,0.3780487804878049,8.928694831154365
37,0.38414634146341464,6.3728420705064375
37,0.3902439024390244,9.607824178748244
37,0.39634146341463417,6.272722211551697
37,0.4024390243902439,8.104938186603498
37,0.4085365853658537,3.427377105082431
37,0.41463414634146345,15.550653280990302
37,0.4207317073170732,8.38919953237053
37,0.4268292682926829,19.500763176885748
37,0.4329268292682927,17.684505773800822
37,0.43902439024390244,12.884859621333923
37,0.4451219512195122,7.90049738717182
37,0.45121951219512196,17.000545647331776
37,0.4573170731707317,8.612613905389326
37,0.4634146341463415,14.504541873625401
37,0.46951219512195125,13.221459740589756
37,0.475609756097561,14.688197740757243
37,0.48170731707317077,2.084194880962762
37,0.4878048780487805,5.8443440833265035
37,0.49390243902439024,22.79206122022958
38,0.0,1.5987211554602254e-14
38,0.006097560975609756,20.085610803489715
38,0.012195121951219513,11.411830903079167
38,0.01829268292682927,21.601007788399283
38,0.024390243902439025,26.358543176266107
38,0.03048780487804878,11.1966112751947
38,0.03658536585365854,9.351441681036906
38,0.042682926829268296,5.778959590792043
38,0.04878048780487805,14.747152130390905
38,0.054878048780487805,5.1827962272662855
38,0.06097560975609756,11.66030768160689
38,0.06707317073170732,4.2728576026469
38,0.07317073170731708,13.060884899899998
38,0.07926829268292683,19.04253090231042
38,0.08536585365853659,19.04020908142001
38,0.09146341463414634,14.65098615196313
38,0.0975609756097561,7.795410575996885
38,0.10365853658536586,21.5870503666653
38,0.10975609756097561,3.0270460721809176
38,0.11585365853658537,10.47926987234533
38,0.12195121951219512,15.468553439967822
38,0.12804878048780488,17.339067271025527
38,0.13414634146341464,10.550577968249696
38,0.1402439024390244,9.461960644558603
38,0.14634146341463417,10.620141700492884
38,0.1524390243902439,6.427733336071134
38,0.15853658536585366,8.783895878330481
38,0.16463414634146342,8.83129426166925
38,0.17073170731707318,9.732826580220749
38,0.17682926829268295,14.51778966408862
38,0.18292682926829268,12.427715426016677
38,0.18902439024390244,12.004640101864144
38,0.1951219512195122,4.842941526164344
38,0.20121951219512196,17.992287153165247
38,0.20731707317073172,12.539805362973064
38,0.21341463414634146,14.511451739025965
38,0.21951219512195122,18.194448730485835
38,0.22560975609756098,9.060192461769855
38,0.23170731707317074,12.404791515941442
38,0.2378048780487805,7.483196074846691
38,0.24390243902439024,7.0260826236892076
38,0.25,14.958197987223205
38,0.25609756097560976,11.143752630379101
38,0.2621951219512195,5.7073661830288245
38,0.2682926829268293,11.120770654457425
38,0.27439024390243905,19.893998344586336
38,0.2804878048780488,10.28573652496561
38,0.28658536585365857,14.02002967400626
38,0.29268292682926833,13.709084968603586
38,0.29878048780487804,12.980890187437934
38,0.3048780487804878,11.055705129984455
38,0.31097560975609756,8.052878548306813
38,0.3170731707317073,14.434505152744313
38,0.3231707317073171,7.3184229775579634
38,0.32926829268292684,5.592350393003973
38,0.3353658536585366,5.773789260174067
38,0.34146341463414637,12.1100104587084
38,0.34756097560975613,5.8246265367385455
38,0.3536585365853659,9.391375872022069
38,0.3597560975609756,10.422114512154673
38,0.36585365853658536,16.365900877831315
38,0.3719512195121951,14.704582813593454
38,0.3780487804878049,9.695793274773168
38,0.38414634146341464,12.027819702195009
38,0.3902439024390244,12.261037413420246
38,0.39634146341463417,15.276826996034451
38,0.4024390243902439,1.2247406555633387
38,0.4085365853658537,7.315152122408643
38,0.41463414634146345,21.261347678334523
38,0.4207317073170732,16.625163808610548
38,0.4268292682926829,12.079524482121071
38,0.4329268292682927,14.842106100530415
38,0.43902439024390244,8.793559984145
38,0.4451219512195122,15.007110140591196
38,0.45121951219512196,16.364378538133494
38,0.4573170731707317,14.24435586303227
38,0.4634146341463415,6.385556956725205
38,0.46951219512195125,7.298721710466878
38,0.475609756097561,10.03338577882682
38,0.48170731707317077,13.826151751579562
38,0.4878048780487805,5.868754836951654
38,0.49390243902439024,13.897638543423447
39,0.0,1.1546319456101628e-14
39,0.006097560975609756,19.902153571287123
39,0.012195121951219513,16.368132188265566
39,0.01829268292682927,10.241826519965088
39,0.024390243902439025,20.83109701584966
39,0.03048780487804878,31.61561034338135
39,0.03658536585365854,33.88058633580943
39,0.042682926829268296,9.636384187233656
39,0.04878048780487805,5.136784655276003
39,0.054878048780487805,11.318443738599774
39,0.06097560975609756,21.09858200505789
39,0.06707317073170732,3.1168617249520874
39,0.07317073170731708,10.00762079635189
39,0.07926829268292683,7.428999207589462
39,0.08536585365853659,5.830246167833871
39,0.09146341463414634,11.618013305226512
39,0.0975609756097561,12.90229188352002
39,0.10365853658536586,6.521063325575062
39,0.10975609756097561,4.5962672199830115
39,0.11585365853658537,11.630960270621983
39,0.12195121951219512,12.031136060554237
39,0.12804878048780488,15.06702888109034
39,0.13414634146341464,12.059654999627561
39,0.1402439024390244,3.8389086056876813
39,0.14634146341463417,4.045409765629641
39,0.1524390243902439,9.418607065234333
39,0.15853658536585366,10.846593479151519
39,0.16463414634146342,16.255413622561868
39,0.17073170731707318,23.537487594798705
39,0.17682926829268295,6.85687133893172
39,0.18292682926829268,21.574053767693503
39,0.18902439024390244,5.029899664005607
39,0.1951219512195122,0.7492328403642133
39,0.20121951219512196,12.988642414999463
39,0.20731707317073172,6.066085362649497
39,0.21341463414634146,11.054321942066249
39,0.21951219512195122,7.052038772434608
39,0.22560975609756098,7.461861373928096
39,0.23170731707317074,9.01058156671022
39,0.2378048780487805,11.90253169611632
39,0.24390243902439024,10.77183240140683
39,0.25,10.19705311354038
39,0.25609756097560976,12.729855729952618
39,0.2621951219512195,20.083889833372336
39,0.2682926829268293,5.4857145550761635
39,0.27439024390243905,4.050019637081947
39,0.2804878048780488,10.952770346527075
39,0.28658536585365857,5.576629260240032
39,0.29268292682926833,11.195966909038658
39,0.29878048780487804,9.758408918225268
39,0.3048780487804878,6.723310743174212
39,0.31097560975609756,22.763668760579566
39,0.3170731707317073,8.181285280442431
39,0.3231707317073171,12.641168031042769
39,0.32926829268292684,3.669781625623236
39,0.3353658536585366,3.4749957252610733
39,0.34146341463414637,12.087717828454874
39,0.34756097560975613,16.928792932544436
39,0.3536585365853659,5.584056547150082
39,0.3597560975609756,4.213526706239458
39,0.36585365853658536,9.107522456239069
39,0.3719512195121951,5.7107941336588315
39,0.3780487804878049,14.818178377219375
39,0.38414634146341464,12.621516902387585
39,0.3902439024390244,7.887789861092963
39,0.39634146341463417,4.298214333458683
39,0.4024390243902439,13.381380352768698
39,0.4085365853658537,19.267467713000602
39,0.41463414634146345,4.976302691963025
39,0.4207317073170732,2.46786543933593
39,0.4268292682926829,15.291398089066972
39,0.4329268292682927,15.641241878344838
39,0.43902439024390244,16.46969597089323
39,0.4451219512195122,14.141426361681345
39,0.45121951219512196,10.0314296013566
39,0.4573170731707317,13.664744531750962
39,0.4634146341463415,6.562163163305039
39,0.46951219512195125,17.42013650384861
39,0.475609756097561,2.6001202454920076
39,0.48170731707317077,21.25357607694235
39,0.4878048780487805,8.138056102456504
39,0.49390243902439024,11.901768580202843
40,0.0,4.6629367034256575e-15
40,0.006097560975609756,23.261389295164637
40,0.012195121951219513,26.123115737106893
40,0.01829268292682927,15.641164271084248
40,0.024390243902439025,23.436541976728254
40,0.03048780487804878,24.216618061696
40,0.03658536585365854,11.966956647330916
40,0.042682926829268296,11.334050677014718
40,0.04878048780487805,13.801181192899577
40,0.054878048780487805,6.501645360438097
40,0.06097560975609756,8.640084429251322
40,0.06707317073170732,5.181369591946402
40,0.07317073170731708,13.52495408667544
40,0.07926829268292683,9.613653370583428
40,0.08536585365853659,8.510443727387882
40,0.09146341463414634,2.3291566943399507
40,0.0975609756097561,9.264264619465738
40,0.10365853658536586,9.710682522396333
40,0.10975609756097561,16.227960664065765
40,0.11585365853658537,9.28749508710897
40,0.12195121951219512,17.95862121012016
40,0.12804878048780488,23.007982748585373
40,0.13414634146341464,16.716446134593003
40,0.1402439024390244,14.98192133789778
40,0.14634146341463417,3.135389051500409
40,0.1524390243902439,31.751325419922065
40,0.15853658536585366,19.39935634954178
40,0.16463414634146342,11.804168406278208
40,0.17073170731707318,8.174998916288182
40,0.17682926829268295,9.201771489661953
40,0.18292682926829268,14.651494771278783
40,0.18902439024390244,11.45864313147496
40,0.1951219512195122,3.628292483164226
40,0.20121951219512196,8.459278928740384
40,0.20731707317073172,4.571745428224258
40,0.21341463414634146,9.941032217429612
40,0.21951219512195122,4.805148169746414
40,0.22560975609756098,9.314616552503317
40,0.23170731707317074,14.994528289447583
40,0.2378048780487805,22.901420852408254
40,0.24390243902439024,7.148355928123632
40,0.25,8.503287994719557
40,0.25609756097560976,1.821379721084423
40,0.2621951219512195,21.402293375727314
40,0.2682926829268293,4.587274244095251
40,0.27439024390243905,10.192452779201945
40,0.2804878048780488,11.507430357772696
40,0.28658536585365857,5.945557242651362
40,0.29268292682926833,11.156686605701067
40,0.29878048780487804,12.42948374248
40,0.3048780487804878,17.05503227090742
40,0.31097560975609756,14.844578425298234
40,0.3170731707317073,8.890900027715496
40,0.3231707317073171,11.130328279079448
40,0.32926829268292684,5.562385373724775
40,0.3353658536585366,5.252856539041394
40,0.34146341463414637,1.8692402312124938
40,0.34756097560975613,3.1954542303773406
40,0.3536585365853659,7.61550552485097
40,0.3597560975609756,2.938872349027097
40,0.36585365853658536,12.045212441948657
40,0.3719512195121951,18.007048996154648
40,0.3780487804878049,5.131787260665276
40,0.38414634146341464,4.084377734278327
40,0.3902439024390244,16.805177904350465
40,0.39634146341463417,22.18003540576986
40,0.4024390243902439,1.0684396280834074
40,0.4085365853658537,1.7062175246632878
40,0.41463414634146345,3.879876213451384
40,0.4207317073170732,12.91060552179783
40,0.4268292682926829,5.164617446938391
40,0.4329268292682927,13.000040272506844
40,0.43902439024390244,5.712645442191929
40,0.4451219512195122,15.971894356589802
40,0.45121951219512196,8.222968935772412
40,0.4573170731707317,5.913937922790269
40,0.4634146341463415,3.4925342471686136
40,0.46951219512195125,5.212622610025181
40,0.475609756097561,20.570914023976233
40,0.48170731707317077,9.274317900213283
40,0.4878048780487805,4.468885887713062
40,0.49390243902439024,16.214155089589454
41,0.0,1.509903313490213e-14
41,0.006097560975609756,11.69779741753702
41,0.012195121951219513,18.373984344285528
41,0.01829268292682927,13.301506521617608
41,0.024390243902439025,12.336037976906452
41,0.03048780487804878,21.944599981095372
41,0.03658536585365854,18.865918834659595
41,0.042682926829268296,6.950198969507824
41,0.04878048780487805,14.391623811105172
41,0.054878048780487805,12.480350550103257
41,0.06097560975609756,9.373159193886044
41,0.06707317073170732,19.919292768786235
41,0.07317073170731708,9.717135816946621
41,0.07926829268292683,14.608663148247887
41,0.08536585365853659,7.976714421088197
41,0.09146341463414634,8.281060101308348
41,0.0975609756097561,4.911698350725853
41,0.10365853658536586,16.380592184245224
41,0.10975609756097561,3.534868622638952
41,0.11585365853658537,18.57693043168747
41,0.12195121951219512,9.827182714174835
41,0.12804878048780488,15.59228821089781
41,0.13414634146341464,1.5004501042024176
41,0.1402439024390244,16.82324496805057
41,0.14634146341463417,1.8978054144392933
41,0.1524390243902439,10.443211742601376
41,0.15853658536585366,17.26195393276595
41,0.16463414634146342,14.95738735968341
41,0.17073170731707318,11.856697323656842
41,0.17682926829268295,12.309659128479781
41,0.18292682926829268,5.933188148182881
41,0.18902439024390244,2.312124929510692
41,0.1951219512195122,11.104323786815433
41,0.20121951219512196,1.2693048419908537
41,0.20731707317073172,15.303691989189623
41,0.21341463414634146,13.020796989860216
41,0.21951219512195122,22.909774933152747
41,0.22560975609756098,9.024666129131745
41,0.23170731707317074,14.720336686475232
41,0.2378048780487805,12.10627656045951
41,0.24390243902439024,3.333460535690028
41,0.25,13.328507641287093
41,0.25609756097560976,19.022530268988962
41,0.2621951219512195,7.097335607596052
41,0.2682926829268293,5.81652101860231
41,0.27439024390243905,6.129858672008267
41,0.2804878048780488,8.725280585660881
41,0.28658536585365857,15.353486115286492
41,0.29268292682926833,5.189838053309153
41,0.29878048780487804,16.45767353992805
41,0.3048780487804878,3.455084855761468
41,0.31097560975609756,1.1614531202438851
41,0.3170731707317073,12.232298601294241
41,0.3231707317073171,15.83580890245734
41,0.32926829268292684,21.055067823788868
41,0.3353658536585366,2.0173519496562613
41,0.34146341463414637,5.903992357031239
41,0.34756097560975613,8.288165983707266
41,0.3536585365853659,14.759144302983087
41,0.3597560975609756,23.6906905586227
41,0.36585365853658536,8.241288740829116
41,0.3719512195121951,7.335930189928933
41,0.3780487804878049,12.42499600757032
41,0.38414634146341464,15.77586718360876
41,0.3902439024390244,5.174638110780471
41,0.39634146341463417,12.356124144074656
41,0.4024390243902439,15.060481776889747
41,0.4085365853658537,12.877833925868023
41,0.41463414634146345,0.47900730110879935
41,0.4207317073170732,11.89096739068518
41,0.4268292682926829,6.893449493272122
41,0.4329268292682927,7.594706885719979
41,0.43902439024390244,24.675349209309196
41,0.4451219512195122,12.351779428036616
41,0.45121951219512196,15.475967601087056
41,0.4573170731707317,20.390343024546446
41,0.4634146341463415,5.284531235338327
41,0.46951219512195125,21.225991088106408
41,0.475609756097561,10.88507711232441
41,0.48170731707317077,13.783875854121456
41,0.4878048780487805,10.464665966169418
41,0.49390243902439024,5.35744085557982
42,0.0,1.7763568394002505e-15
42,0.006097560975609756,13.649665363706744
42,0.012195121951219513,19.190020417947622
42,0.01829268292682927,14.078640684440215
42,0.024390243902439025,6.931748440185307
42,0.03048780487804878,24.740793679822552
42,0.03658536585365854,11.997391001147355
42,0.042682926829268296,14.691009873891648
42,0.04878048780487805,8.093913541256141
42,0.054878048780487805,22.171132522339953
42,0.06097560975609756,15.072935664121031
42,0.06707317073170732,25.499426460397974
42,0.07317073170731708,5.865509333512912
42,0.07926829268292683,14.367804133382151
42,0.08536585365853659,0.7805404377024578
42,0.09146341463414634,4.662006705781651
42,0.0975609756097561,11.993787817946663
42,0.10365853658536586,13.419249447397302
42,0.10975609756097561,5.3700519401133695
42,0.11585365853658537,13.79245714007352
42,0.12195121951219512,13.753854231323029
42,0.12804878048780488,5.96125260327419
42,0.13414634146341464,18.575231593851672
42,0.1402439024390244,2.8675400821307497
42,0.14634146341463417,16.033946179742095
42,0.1524390243902439,3.3258713743190205
42,0.15853658536585366,10.531723411701575
42,0.16463414634146342,15.243208606244437
42,0.17073170731707318,9.33136330228654
42,0.17682926829268295,3.431646096059412
42,0.18292682926829268,8.322013932439198
42,0.18902439024390244,9.711731714259086
42,0.1951219512195122,16.240915881873338
42,0.20121951219512196,4.784431857867908
42,0.20731707317073172,14.813505476921398
42,0.21341463414634146,20.15106003585431
42,0.21951219512195122,15.687355956267997
42,0.22560975609756098,14.799073790643574
42,0.23170731707317074,11.91159836269285
42,0.2378048780487805,11.116619896374523
42,0.24390243902439024,3.4481240983454797
42,0.25,12.161702972480324
42,0.25609756097560976,10.225512573029928
42,0.2621951219512195,22.033575954229597
42,0.2682926829268293,7.952829390130139
42,0.27439024390243905,14.857415353666159
42,0.2804878048780488,12.131941435257506
42,0.28658536585365857,16.290209972428404
42,0.29268292682926833,1.1112183052444755
42,0.29878048780487804,9.073290907731382
42,0.3048780487804878,2.8787137356413632
42,0.31097560975609756,17.30184596156686
42,0.3170731707317073,10.927318450849485
42,0.3231707317073171,4.80809948465428
42,0.32926829268292684,9.818989798874412
42,0.3353658536585366,12.223893285437448
42,0.34146341463414637,18.03318221307956
42,0.34756097560975613,3.480240650529748
42,0.3536585365853659,19.60847761679215
42,0.3597560975609756,8.909773242375998
42,0.36585365853658536,10.214245873851093
42,0.3719512195121951,23.39890860364566
42,0.3780487804878049,7.295956015293014
42,0.38414634146341464,8.274853675435844
42,0.3902439024390244,1.8882014543599304
42,0.39634146341463417,14.6215390795258
42,0.4024390243902439,7.25728421185397
42,0.4085365853658537,16.749165895138358
42,0.41463414634146345,13.681420483357062
42,0.4207317073170732,9.558326269780068
42,0.4268292682926829,11.07008977342687
42,0.4329268292682927,11.574260133474334
42,0.43902439024390244,20.252754902720355
42,0.4451219512195122,18.34909803442482
42,0.45121951219512196,5.1433034570220615
42,0.4573170731707317,8.032420784393981
42,0.4634146341463415,10.576132833502053
42,0.46951219512195125,6.564713077642014
42,0.475609756097561,9.299873557449327
42,0.48170731707317077,18.82477010675521
42,0.4878048780487805,2.699916077824804
42,0.49390243902439024,3.1219178321999426
43,0.0,3.552713678800501e-15
43,0.006097560975609756,24.815522150287517
43,0.012195121951219513,31.17925133687477
43,0.01829268292682927,24.25243268144736
43,0.024390243902439025,16.68331544156089
43,0.03048780487804878,13.333500733790176
43,0.03658536585365854,14.28634456331766
43,0.042682926829268296,11.575090560768382
43,0.04878048780487805,26.138114584827935
43,0.054878048780487805,3.515590164945339
43,0.06097560975609756,12.68603156780262
43,0.06707317073170732,6.256541259995805
43,0.07317073170731708,8.822507193547493
43,0.07926829268292683,5.073506514776971
43,0.08536585365853659,1.2566043128141222
43,0.09146341463414634,9.278036247398722
43,0.0975609756097561,13.684768128802807
43,0.10365853658536586,14.217801425485169
43,0.10975609756097561,22.77544857521927
43,0.11585365853658537,13.10090436342982
43,0.12195121951219512,9.940892806175862
43,0.12804878048780488,16.103901542697024
43,0.13414634146341464,5.359604252762259
43,0.1402439024390244,9.54335317745806
43,0.14634146341463417,11.478295477911633
43,0.1524390243902439,10.739858629128209
43,0.15853658536585366,5.439810270106682
43,0.16463414634146342,18.241222744267855
43,0.17073170731707318,4.22392771028851
43,0.17682926829268295,7.755826637746906
43,0.18292682926829268,11.996972275014379
43,0.18902439024390244,6.448196249536163
43,0.1951219512195122,15.670297669250036
43,0.20121951219512196,14.225682310697549
43,0.20731707317073172,4.012496485053994
43,0.21341463414634146,13.862284755670284
43,0.21951219512195122,5.378224749133129
43,0.22560975609756098,11.08149129788388
43,0.23170731707317074,9.141911392280994
43,0.2378048780487805,17.53052788648073
43,0.24390243902439024,7.566026246393082
43,0.25,4.17272439469855
43,0.25609756097560976,4.157040752949325
43,0.2621951219512195,8.554493095594909
43,0.2682926829268293,10.850064671036602
43,0.27439024390243905,12.814370760885915
43,0.2804878048780488,6.9048651900180085
43,0.28658536585365857,6.089811395748948
43,0.29268292682926833,17.20772904042478
43,0.29878048780487804,16.38220879715289
43,0.3048780487804878,3.6517504560913396
43,0.31097560975609756,5.3574833095304335
43,0.3170731707317073,8.715430873030714
43,0.3231707317073171,19.32442846512249
43,0.32926829268292684,10.954865930743185
43,0.3353658536585366,11.260739256681271
43,0.34146341463414637,11.626712602516301
43,0.34756097560975613,6.050812889968353
43,0.3536585365853659,8.3881657910497
43,0.3597560975609756,29.849127262655934
43,0.36585365853658536,7.942266038157595
43,0.3719512195121951,8.634062430147152
43,0.3780487804878049,9.137089416483484
43,0.38414634146341464,9.587551238283883
43,0.3902439024390244,8.735006100414745
43,0.39634146341463417,23.94831630615872
43,0.4024390243902439,11.943056423633449
43,0.4085365853658537,17.656567674287505
43,0.41463414634146345,9.659926223587107
43,0.4207317073170732,16.85178541961263
43,0.4268292682926829,5.128249937476262
43,0.4329268292682927,5.847605527893259
43,0.43902439024390244,2.7748353200167046
43,0.4451219512195122,2.6481061644296346
43,0.45121951219512196,5.72296182457066
43,0.4573170731707317,12.85000416391934
43,0.4634146341463415,12.703835701028021
43,0.46951219512195125,18.09176501100836
43,0.475609756097561,6.986788039616206
43,0.48170731707317077,6.743941250957199
43,0.4878048780487805,6.137055950468506
43,0.49390243902439024,8.315842420122445
44,0.0,1.2434497875801753e-14
44,0.006097560975609756,5.765867187300195
44,0.012195121951219513,13.867463134233159
44,0.01829268292682927,11.065313645562776
44,0.024390243902439025,29.05397135549432
44,0.03048780487804878,21.337691008657067
44,0.03658536585365854,2.139528865602959
44,0.042682926829268296,8.562883338380386
44,0.04878048780487805,6.157537483339113
44,0.054878048780487805,12.722827708601246
44,0.06097560975609756,11.938000392479909
44,0.06707317073170732,4.989332701138523
44,0.07317073170731708,7.318824892197695
44,0.07926829268292683,10.250466757610056
44,0.08536585365853659,8.210620088524431
44,0.09146341463414634,20.182929037534077
44,0.0975609756097561,13.548764372394047
44,0.10365853658536586,7.337743318701317
44,0.10975609756097561,24.497638585424028
44,0.11585365853658537,16.990892341098448
44,0.12195121951219512,6.2152874407841905
44,0.12804878048780488,12.959451140545752
44,0.13414634146341464,13.929819393801877
44,0.1402439024390244,22.91696784227455
44,0.14634146341463417,10.010055727593901
44,0.1524390243902439,5.312758910824438
44,0.15853658536585366,3.758421705095309
44,0.16463414634146342,1.8006147778403416
44,0.17073170731707318,15.134753940822366
44,0.17682926829268295,10.546125935142143
44,0.18292682926829268,12.94948515804433
44,0.18902439024390244,4.39165609344511
44,0.1951219512195122,6.074305848310171
44,0.20121951219512196,23.55332837346309
44,0.20731707317073172,4.578197181631921
44,0.21341463414634146,11.299485039828387
44,0.21951219512195122,4.040902164833205
44,0.22560975609756098,7.452949583712159
44,0.23170731707317074,6.363125636497037
44,0.2378048780487805,9.224857322545878
44,0.24390243902439024,8.579304831900751
44,0.25,20.25752677933168
44,0.25609756097560976,3.512620917772939
44,0.2621951219512195,11.248118278702693
44,0.2682926829268293,18.3738116702532
44,0.27439024390243905,13.58807460185474
44,0.2804878048780488,10.5053553029904
44,0.28658536585365857,12.644837004991443
44,0.29268292682926833,5.0291035492943585
44,0.29878048780487804,24.315924719456316
44,0.3048780487804878,13.385350534515311
44,0.31097560975609756,12.712238591803404
44,0.3170731707317073,6.604782613735296
44,0.3231707317073171,18.084425451227762
44,0.32926829268292684,10.839263539290899
44,0.3353658536585366,10.465805670021407
44,0.34146341463414637,12.645512460376667
44,0.34756097560975613,17.07469862152288
44,0.3536585365853659,5.7479771033304825
44,0.3597560975609756,11.288557138526288
44,0.36585365853658536,7.5468350796903145
44,0.3719512195121951,14.199973193532388
44,0.3780487804878049,16.51413464873983
44,0.38414634146341464,7.079124911660799
44,0.3902439024390244,9.810471355229536
44,0.39634146341463417,11.512279818823524
44,0.4024390243902439,26.363286964272707
44,0.4085365853658537,6.217017681252745
44,0.41463414634146345,19.50606391891766
44,0.4207317073170732,13.256034338673297
44,0.4268292682926829,10.327801367394198
44,0.4329268292682927,9.000054313783009
44,0.43902439024390244,8.65885375832214
44,0.4451219512195122,7.3242087929681645
44,0.45121951219512196,12.30980276180701
44,0.4573170731707317,3.12244426953661
44,0.4634146341463415,8.248856503830698
44,0.46951219512195125,8.043940821399499
44,0.475609756097561,9.857826417435398
44,0.48170731707317077,1.3030443140900674
44,0.4878048780487805,20.66388834042236
44,0.49390243902439024,12.720423153779244
45,0.0,1.021405182655144e-14
45,0.006097560975609756,25.898074229620793
45,0.012195121951219513,10.05957223154506
45,0.01829268292682927,27.305152004681624
45,0.024390243902439025,20.294666789553677
45,0.03048780487804878,9.035840056142186
45,0.03658536585365854,10.225817304942025
45,0.042682926829268296,7.5389437799097685
45,0.04878048780487805,22.989807927868846
45,0.054878048780487805,15.637740905153628
45,0.06097560975609756,10.615026837838345
45,0.06707317073170732,20.953621144317655
45,0.07317073170731708,28.062039938756513
45,0.07926829268292683,3.415417524189172
45,0.08536585365853659,21.335459550417973
45,0.09146341463414634,18.9653717903329
45,0.0975609756097561,20.31986545904519
45,0.10365853658536586,8.479478098838383
45,0.10975609756097561,14.27838022742181
45,0.11585365853658537,28.015232910438538
45,0.12195121951219512,8.412868989915815
45,0.12804878048780488,11.622885098034823
45,0.13414634146341464,19.483905672974174
45,0.1402439024390244,19.595841662918197
45,0.14634146341463417,13.289656722498467
45,0.1524390243902439,12.197424977111911
45,0.15853658536585366,10.354215169937495
45,0.16463414634146342,6.012720581587079
45,0.17073170731707318,4.771419473424655
45,0.17682926829268295,3.7818302756748263
45,0.18292682926829268,4.268405422837622
45,0.18902439024390244,10.295734432880426
45,0.1951219512195122,2.679547582805316
45,0.20121951219512196,5.595439672236218
45,0.20731707317073172,7.352663787245789
45,0.21341463414634146,9.260540204531704
45,0.21951219512195122,13.887372368670885
45,0.22560975609756098,5.657701798083738
45,0.23170731707317074,8.835615903922351
45,0.2378048780487805,9.708747986044848
45,0.24390243902439024,7.8157877442912245
45,0.25,7.752948685865397
45,0.25609756097560976,9.584087995178155
45,0.2621951219512195,15.687116313028271
45,0.2682926829268293,15.12985883160583
45,0.27439024390243905,10.285992698860532
45,0.2804878048780488,10.918809190236306
45,0.28658536585365857,8.42996427265014
45,0.29268292682926833,11.527575833722157
45,0.29878048780487804,5.045511599143419
45,0.3048780487804878,17.33858273414861
45,0.31097560975609756,16.916413900854103
45,0.3170731707317073,2.433745983017665
45,0.3231707317073171,7.004840341962515
45,0.32926829268292684,7.053642098738025
45,0.3353658536585366,7.755285450553813
45,0.34146341463414637,8.74966644588056
45,0.34756097560975613,4.137616538450762
45,0.3536585365853659,17.790708046839057
45,0.3597560975609756,2.841523885394709
45,0.36585365853658536,10.456846077499494
45,0.3719512195121951,9.417079659641422
45,0.3780487804878049,17.820288365341984
45,0.38414634146341464,3.525169452880787
45,0.3902439024390244,12.638981200637584
45,0.39634146341463417,3.0836090750285416
45,0.4024390243902439,3.0899011178874147
45,0.4085365853658537,4.995894927916141
45,0.41463414634146345,21.433375527833633
45,0.4207317073170732,7.8025824618211255
45,0.4268292682926829,9.424232702353832
45,0.4329268292682927,7.910772772807999
45,0.43902439024390244,7.674630109319416
45,0.4451219512195122,11.196604621850906
45,0.45121951219512196,14.139772659634662
45,0.4573170731707317,4.900221632024419
45,0.4634146341463415,10.203189726843725
45,0.46951219512195125,7.122261186188098
45,0.475609756097561,16.764375090103922
45,0.48170731707317077,3.479598899255206
45,0.4878048780487805,8.565757527250902
45,0.49390243902439024,6.51467651475302
46,0.0,2.1316282072803006e-14
46,0.006097560975609756,14.252387343151339
46,0.012195121951219513,13.66038085919408
46,0.01829268292682927,20.035550230827592
46,0.024390243902439025,11.958582470823863
46,0.03048780487804878,15.630309687562987
46,0.03658536585365854,23.62776147547048
46,0.042682926829268296,16.869233851135068
46,0.04878048780487805,8.575107160282112
46,0.054878048780487805,10.409962207155395
46,0.06097560975609756,11.318247572767334
46,0.06707317073170732,30.340234868122987
46,0.07317073170731708,5.954038722921881
46,0.07926829268292683,17.890519359543894
46,0.08536585365853659,8.153017786699122
46,0.09146341463414634,4.9049176481383885
46,0.0975609756097561,13.074673901980354
46,0.10365853658536586,12.140656546087227
46,0.10975609756097561,15.02198961582449
46,0.11585365853658537,1.6155724716018074
46,0.12195121951219512,12.940427320927446
46,0.12804878048780488,11.829560772823681
46,0.13414634146341464,17.53107706565675
46,0.1402439024390244,7.98114975926233
46,0.14634146341463417,24.70716126666379
46,0.1524390243902439,6.99576154325629
46,0.15853658536585366,8.757785994076555
46,0.16463414634146342,11.816048942414684
46,0.17073170731707318,8.806292668354887
46,0.17682926829268295,10.444422551191588
46,0.18292682926829268,16.61849705963638
46,0.18902439024390244,13.431541408404566
46,0.1951219512195122,7.751055791076382
46,0.20121951219512196,14.681706078474948
46,0.20731707317073172,5.11038789836438
46,0.21341463414634146,10.908200210654789
46,0.21951219512195122,12.786717544264357
46,0.22560975609756098,10.116414650653802
46,0.23170731707317074,8.160318168186922
46,0.2378048780487805,12.041478758367704
46,0.24390243902439024,6.944867067680767
46,0.25,12.009113629119812
46,0.25609756097560976,9.568158042631994
46,0.2621951219512195,4.765432327509602
46,0.2682926829268293,4.586742915677497
46,0.27439024390243905,15.64358861923124
46,0.2804878048780488,22.01507768731029
46,0.28658536585365857,7.181924715645009
46,0.29268292682926833,6.376819237503312
46,0.29878048780487804,4.788320418480687
46,0.3048780487804878,8.167033991284164
46,0.31097560975609756,8.009948546931593
46,0.3170731707317073,8.215674579766906
46,0.3231707317073171,20.70245145689064
46,0.32926829268292684,14.040673744384762
46,0.3353658536585366,14.046302262756447
46,0.34146341463414637,5.517721551779355
46,0.34756097560975613,8.912469300934948
46,0.3536585365853659,21.4467174369706
46,0.3597560975609756,5.112238796601287
46,0.36585365853658536,5.7375286919128285
46,0.3719512195121951,4.939409125630028
46,0.3780487804878049,9.334677426137652
46,0.38414634146341464,7.2835105316434285
46,0.3902439024390244,22.26020271307978
46,0.39634146341463417,8.846211189879714
46,0.4024390243902439,18.196771897922748
46,0.4085365853658537,14.089206780567723
46,0.41463414634146345,2.6107548887101912
46,0.4207317073170732,6.487633253316984
46,0.4268292682926829,11.070409027539378
46,0.4329268292682927,17.802922979652354
46,0.43902439024390244,12.12005679363963
46,0.4451219512195122,6.160337337464532
46,0.45121951219512196,14.695707024348119
46,0.4573170731707317,17.610121844856074
46,0.4634146341463415,6.407377550552022
46,0.46951219512195125,8.628260439612898
46,0.475609756097561,9.168537359313333
46,0.48170731707317077,9.85237002678461
46,0.4878048780487805,16.817727039848986
46,0.49390243902439024,2.942684574589898
47,0.0,2.6645352591003757e-15
47,0.006097560975609756,3.119483276472163
47,0.012195121951219513,30.610586095791284
47,0.01829268292682927,17.431742416271863
47,0.024390243902439025,19.200186015589008
47,0.03048780487804878,15.256847630170501
47,0.03658536585365854,9.529126811081582
47,0.042682926829268296,11.587192142465597
47,0.04878048780487805,20.73767956169139
47,0.054878048780487805,13.009525779118906
47,0.06097560975609756,23.488084517292407
47,0.06707317073170732,12.933732068253711
47,0.07317073170731708,17.23872078265247
47,0.07926829268292683,13.966420533120889
47,0.08536585365853659,10.045302127246176
47,0.09146341463414634,16.332998088187264
47,0.0975609756097561,21.016695026419686
47,0.10365853658536586,3.570813066841665
47,0.10975609756097561,6.89518918917538
47,0.11585365853658537,4.999667447798423
47,0.12195121951219512,9.223869334773536
47,0.12804878048780488,13.17263653044964
47,0.13414634146341464,1.6565761226667528
47,0.1402439024390244,18.901694185434753
47,0.14634146341463417,3.3896866262896705
47,0.1524390243902439,16.367479398497398
47,0.15853658536585366,14.749372405943383
47,0.16463414634146342,6.634219767949413
47,0.17073170731707318,11.303669617811549
47,0.17682926829268295,14.209583749966265
47,0.18292682926829268,7.294931331186677
47,0.18902439024390244,9.55872902552297
47,0.1951219512195122,16.03292979413343
47,0.20121951219512196,7.481089158292875
47,0.20731707317073172,0.5191633657999332
47,0.21341463414634146,5.954599167808968
47,0.21951219512195122,12.896307976187346
47,0.22560975609756098,5.280404312107054
47,0.23170731707317074,6.396305233476517
47,0.2378048780487805,16.06238938474596
47,0.24390243902439024,9.986730273602948
47,0.25,3.6578676264360572
47,0.25609756097560976,12.444190862643712
47,0.2621951219512195,9.606135776012193
47,0.2682926829268293,13.911309025328578
47,0.27439024390243905,6.786405277147569
47,0.2804878048780488,9.94708223476491
47,0.28658536585365857,1.4736947766399193
47,0.29268292682926833,10.426287856210749
47,0.29878048780487804,2.7244855827317873
47,0.3048780487804878,9.184409189169816
47,0.31097560975609756,10.143404054182058
47,0.3170731707317073,13.59025323861864
47,0.3231707317073171,8.420483810433101
47,0.32926829268292684,6.701309474943641
47,0.3353658536585366,13.837496886887456
47,0.34146341463414637,22.85897469759422
47,0.34756097560975613,4.205526985553875
47,0.3536585365853659,15.721343997643764
47,0.3597560975609756,3.875883056104182
47,0.36585365853658536,23.887385704760984
47,0.3719512195121951,15.231625307282494
47,0.3780487804878049,10.676374080144939
47,0.38414634146341464,5.752427418766492
47,0.3902439024390244,9.510053519775408
47,0.39634146341463417,23.974738534130015
47,0.4024390243902439,15.726368053221275
47,0.4085365853658537,9.542444028598302
47,0.41463414634146345,7.860208280836232
47,0.4207317073170732,19.980462740501387
47,0.4268292682926829,8.122046716748295
47,0.4329268292682927,10.50927035652009
47,0.43902439024390244,22.536880720076507
47,0.4451219512195122,11.795007432208516
47,0.45121951219512196,13.2000506704722
47,0.4573170731707317,11.662662918044942
47,0.4634146341463415,3.8344306490444704
47,0.46951219512195125,7.389772292551593
47,0.475609756097561,4.523739152010512
47,0.48170731707317077,8.726271543826966
47,0.4878048780487805,8.61759082945836
47,0.49390243902439024,9.41896164504245
48,0.0,1.3322676295501878e-14
48,0.006097560975609756,15.707228247810434
48,0.012195121951219513,5.371977984306896
48,0.01829268292682927,9.817286519699087
48,0.024390243902439025,32.60588865430628
48,0.03048780487804878,14.31380165447011
48,0.03658536585365854,7.338615012132745
48,0.042682926829268296,18.359042454305207
48,0.04878048780487805,13.38362872974885
48,0.054878048780487805,20.354139016840083
48,0.06097560975609756,13.520927857779125
48,0.06707317073170732,4.740790442484275
48,0.07317073170731708,8.497349983464302
48,0.07926829268292683,16.103036845282134
48,0.08536585365853659,8.225177647279796
48,0.09146341463414634,10.324471665145659
48,0.0975609756097561,10.852384432762397
48,0.10365853658536586,8.247167208708442
48,0.10975609756097561,16.21933182415753
48,0.11585365853658537,12.538337539095703
48,0.12195121951219512,6.57500578351322
48,0.12804878048780488,11.256226365472733
48,0.13414634146341464,23.9745885074375
48,0.1402439024390244,22.83428144343001
48,0.14634146341463417,9.754567169409691
48,0.1524390243902439,2.170730137296817
48,0.15853658536585366,12.872393240437495
48,0.16463414634146342,15.450548250142601
48,0.17073170731707318,9.743700757312022
48,0.17682926829268295,3.8222588104275665
48,0.18292682926829268,12.857581151029768
48,0.18902439024390244,6.075658906816216
48,0.1951219512195122,16.838701920883384
48,0.20121951219512196,2.396029159468683
48,0.20731707317073172,11.339899516414793
48,0.21341463414634146,5.50009281998127
48,0.21951219512195122,16.941413416136083
48,0.22560975609756098,12.841731879709881
48,0.23170731707317074,16.52716642892038
48,0.2378048780487805,14.271470692871478
48,0.24390243902439024,23.91697466872362
48,0.25,12.143075030675831
48,0.25609756097560976,23.12748230329453
48,0.2621951219512195,3.3000844693661677
48,0.2682926829268293,16.156986879127025
48,0.27439024390243905,19.961219674716656
48,0.2804878048780488,13.55569376337781
48,0.28658536585365857,12.452628126911073
48,0.29268292682926833,9.682053424954791
48,0.29878048780487804,14.323981553338635
48,0.3048780487804878,14.232231409561074
48,0.31097560975609756,6.071121288188628
48,0.3170731707317073,1.8093525504637593
48,0.3231707317073171,11.528271450521382
48,0.32926829268292684,6.663023501235388
48,0.3353658536585366,6.2921400280037165
48,0.34146341463414637,3.9920821248540768
48,0.34756097560975613,15.678001793475202
48,0.3536585365853659,3.9300931894269997
48,0.3597560975609756,7.191595526010995
48,0.36585365853658536,17.98841192331417
48,0.3719512195121951,4.661813698361369
48,0.3780487804878049,18.30296374453806
48,0.38414634146341464,10.153643583040816
48,0.3902439024390244,3.294137384012478
48,0.39634146341463417,7.699137654652826
48,0.4024390243902439,6.289158864933404
48,0.4085365853658537,12.682287722809233
48,0.41463414634146345,2.706146197785112
48,0.4207317073170732,10.606968749129939
48,0.4268292682926829,20.408556132353002
48,0.4329268292682927,7.602806500321411
48,0.43902439024390244,6.169824157925598
48,0.4451219512195122,3.5800708514720316
48,0.45121951219512196,16.81397370337371
48,0.4573170731707317,5.324958512962129
48,0.4634146341463415,6.685380694118856
48,0.46951219512195125,12.092137187467738
48,0.475609756097561,3.16369859072475
48,0.48170731707317077,9.397583366189817
48,0.4878048780487805,2.6868068997322725
48,0.49390243902439024,18.26510478091151
49,0.0,8.881784197001252e-16
49,0.006097560975609756,13.615068567539439
49,0.012195121951219513,18.27493826688505
49,0.01829268292682927,16.5013863488568
49,0.024390243902439025,5.471324980365968
49,0.03048780487804878,13.672274346844222
49,0.03658536585365854,9.812229867805243
49,0.042682926829268296,10.996087761407738
49,0.04878048780487805,6.599603025972417
49,0.054878048780487805,3.581070652891285
49,0.06097560975609756,14.08844165789824
49,0.06707317073170732,22.855632510597147
49,0.07317073170731708,10.108695359806061
49,0.07926829268292683,6.331174803619167
49,0.08536585365853659,12.114017107528216
49,0.09146341463414634,16.806177599366933
49,0.0975609756097561,4.360477440283789
49,0.10365853658536586,18.088215911178697
49,0.10975609756097561,5.586807717714608
49,0.11585365853658537,2.1764940567102142
49,0.12195121951219512,18.172939862057117
49,0.12804878048780488,7.2010247665833305
49,0.13414634146341464,9.141793271036676
49,0.1402439024390244,10.878084048532635
49,0.14634146341463417,15.178741129260068
49,0.1524390243902439,10.00114857343944
49,0.15853658536585366,17.817618051405546
49,0.16463414634146342,13.950825896987988
49,0.17073170731707318,21.240454201005537
49,0.17682926829268295,23.383105771991964
49,0.18292682926829268,7.209426237548831
49,0.18902439024390244,0.8583651565481373
49,0.1951219512195122,13.47142449969423
49,0.20121951219512196,10.35062026137006
49,0.20731707317073172,21.800700396969578
49,0.21341463414634146,3.926471257756276
49,0.21951219512195122,18.939261094760642
49,0.22560975609756098,3.747431385012642
49,0.23170731707317074,0.509521150195925
49,0.2378048780487805,24.941687246272206
49,0.24390243902439024,7.760199273028559
49,0.25,7.52905073482583
49,0.25609756097560976,11.03638918913919
49,0.2621951219512195,7.851645835765005
49,0.2682926829268293,4.42106749482441
49,0.27439024390243905,4.811445768927307
49,0.2804878048780488,20.190411108060747
49,0.28658536585365857,10.808702180550771
49,0.29268292682926833,8.25917138540951
49,0.29878048780487804,10.992957151277048
49,0.3048780487804878,6.376653398995237
49,0.31097560975609756,10.181474612538441
49,0.3170731707317073,6.03899171555352
49,0.3231707317073171,20.83343255682013
49,0.32926829268292684,13.672771147706962
49,0.3353658536585366,15.240799477537044
49,0.34146341463414637,25.463984536142156
49,0.34756097560975613,13.218715199168575
49,0.3536585365853659,14.339790452254501
49,0.3597560975609756,9.308637658267001
49,0.36585365853658536,2.1660656995199545
49,0.3719512195121951,14.91919323081337
49,0.3780487804878049,17.687594682575583
49,0.38414634146341464,8.907898703803966
49,0.3902439024390244,10.787786333503325
49,0.39634146341463417,10.101244256048776
49,0.4024390243902439,17.30271006405268
49,0.4085365853658537,1.228183704311681
49,0.41463414634146345,6.865051657585882
49,0.4207317073170732,15.09911998262854
49,0.4268292682926829,8.106249836695932
49,0.4329268292682927,8.575758069287689
49,0.43902439024390244,7.466258846973232
49,0.4451219512195122,14.326613326356084
49,0.45121951219512196,15.768567677817941
49,0.4573170731707317,15.232114521773674
49,0.4634146341463415,7.619964794252012
49,0.46951219512195125,13.925184607635627
49,0.475609756097561,10.986510032314598
49,0.48170731707317077,5.950455130964242
49,0.4878048780487805,7.53390394225428
49,0.49390243902439024,14.300807666322116
50,0.0,3.3861802251067274e-15
50,0.006097560975609756,26.39069777764458
50,0.012195121951219513,21.119532234731878
50,0.01829268292682927,31.602659177689905
50,0.024390243902439025,26.869728332417505
50,0.03048780487804878,7.007859408589171
50,0.03658536585365854,1.7994030305899962
50,0.042682926829268296,22.689843433923038
50,0.04878048780487805,7.149445285198441
50,0.054878048780487805,12.709284280634769
50,0.06097560975609756,12.493183994870344
50,0.06707317073170732,3.070899517662725
50,0.07317073170731708,6.627987792144274
50,0.07926829268292683,3.8478916358648334
50,0.08536585365853659,17.738592837316723
50,0.09146341463414634,12.446943257581163
50,0.0975609756097561,10.170529098331587
50,0.10365853658536586,10.950610449839532
50,0.10975609756097561,21.944807477749343
50,0.11585365853658537,17.999907265533494
50,0.12195121951219512,17.530966898865962
50,0.12804878048780488,15.484617260106504
50,0.13414634146341464,9.984425809053464
50,0.1402439024390244,15.945061990704353
50,0.14634146341463417,8.726395973482095
50,0.1524390243902439,8.803531380909138
50,0.15853658536585366,14.507893132610565
50,0.16463414634146342,3.2584677311583574
50,0.17073170731707318,7.824855454418219
50,0.17682926829268295,22.597719744643978
50,0.18292682926829268,9.82900021719306
50,0.18902439024390244,18.785569730582235
50,0.1951219512195122,6.425749174321393
50,0.20121951219512196,11.79240060379462
50,0.20731707317073172,9.700702984250173
50,0.21341463414634146,11.85987086828888
50,0.21951219512195122,15.721828161599102
50,0.22560975609756098,5.118122410027965
50,0.23170731707317074,18.829643144558545
50,0.2378048780487805,6.2252944003117
50,0.24390243902439024,5.123304855440427
50,0.25,3.4006465169647138
50,0.25609756097560976,15.32723557934245
50,0.2621951219512195,12.207020479362194
50,0.2682926829268293,6.390685184125962
50,0.27439024390243905,7.649423977916986
50,0.2804878048780488,8.04772353198736
50,0.28658536585365857,6.917734045968733
50,0.29268292682926833,10.185670972417308
50,0.29878048780487804,7.228025215117856
50,0.3048780487804878,13.428392856104121
50,0.31097560975609756,18.728651975414255
50,0.3170731707317073,14.206571391695231
50,0.3231707317073171,10.04538411649998
50,0.32926829268292684,11.819523027252657
50,0.3353658536585366,7.099013688482108
50,0.34146341463414637,2.4612727885813013
50,0.34756097560975613,12.562630825701067
50,0.3536585365853659,5.665049098061689
50,0.3597560975609756,9.237917918700928
50,0.36585365853658536,5.126579222890833
50,0.3719512195121951,5.914045326673431
50,0.3780487804878049,20.521233882167966
50,0.38414634146341464,8.468505292433607
50,0.3902439024390244,5.045119666058753
50,0.39634146341463417,18.55367355427253
50,0.4024390243902439,5.515843024941258
50,0.4085365853658537,6.750813938344029
50,0.41463414634146345,2.1728601781019496
50,0.4207317073170732,3.3514982920817444
50,0.4268292682926829,14.992007827390816
50,0.4329268292682927,5.764007561159816
50,0.43902439024390244,17.298532604116836
50,0.4451219512195122,6.923775895529136
50,0.45121951219512196,2.296173555383677
50,0.4573170731707317,17.947496940766737
50,0.4634146341463415,12.288979776817543
50,0.46951219512195125,4.634391383795729
50,0.475609756097561,2.3143515397189147
50,0.48170731707317077,15.390829709121302
50,0.4878048780487805,14.502971640663265
50,0.49390243902439024,5.871311854823372
51,0.0,2.042810365310288e-14
51,0.006097560975609756,11.919619941021997
51,0.012195121951219513,27.615196880335795
51,0.01829268292682927,19.513334309104465
51,0.024390243902439025,10.682764009059666
51,0.03048780487804878,20.989632352741484
51,0.03658536585365854,26.311579521953394
51,0.042682926829268296,13.437590308298924
51,0.04878048780487805,10.723395117769304
51,0.054878048780487805,20.229416345374958
51,0.06097560975609756,16.33893468633535
51,0.06707317073170732,3.8254592614242564
51,0.07317073170731708,12.641282392511968
51,0.07926829268292683,5.834077569839728
51,0.08536585365853659,6.161535560396302
51,0.09146341463414634,17.357178919205026
51,0.0975609756097561,6.065850024955171
51,0.10365853658536586,9.348070115429667
51,0.10975609756097561,11.068523419218746
51,0.11585365853658537,12.583137960063258
51,0.12195121951219512,14.613410852813416
51,0.12804878048780488,16.20636354762636
51,0.13414634146341464,7.044541762335687
51,0.1402439024390244,12.609695597155147
51,0.14634146341463417,13.170944612805721
51,0.1524390243902439,5.670274382148253
51,0.15853658536585366,4.688136205813218
51,0.16463414634146342,0.7026681772973048
51,0.17073170731707318,5.347348739205618
51,0.17682926829268295,8.53523015650606
51,0.18292682926829268,10.337267253951454
51,0.18902439024390244,11.724081732121125
51,0.1951219512195122,17.682088976260648
51,0.20121951219512196,6.472470965062264
51,0.20731707317073172,11.428803893141005
51,0.21341463414634146,4.5742253717002
51,0.21951219512195122,13.259756933537481
51,0.22560975609756098,14.798764570408066
51,0.23170731707317074,9.862533360239466
51,0.2378048780487805,17.190304268245914
51,0.24390243902439024,10.516594678923571
51,0.25,11.54489079211919
51,0.25609756097560976,26.47443590022133
51,0.2621951219512195,18.657176297584872
51,0.2682926829268293,20.709094413943422
51,0.27439024390243905,11.359687161228042
51,0.2804878048780488,3.1726813917362375
51,0.28658536585365857,15.141746025129887
51,0.29268292682926833,8.114034167817001
51,0.29878048780487804,10.441739053662936
51,0.3048780487804878,9.79128513081029
51,0.31097560975609756,15.610864344333484
51,0.3170731707317073,5.5255027325865775
51,0.3231707317073171,9.291220915812982
51,0.32926829268292684,8.497447268937115
51,0.3353658536585366,3.5180541493251822
51,0.34146341463414637,16.48036197769801
51,0.34756097560975613,8.611975635038409
51,0.3536585365853659,10.94161144634422
51,0.3597560975609756,10.989670094791599
51,0.36585365853658536,6.525152046151013
51,0.3719512195121951,9.37161760846744
51,0.3780487804878049,8.199331915506058
51,0.38414634146341464,8.690474348597666
51,0.3902439024390244,7.340195276375125
51,0.39634146341463417,13.393404059769097
51,0.4024390243902439,10.44668374182724
51,0.4085365853658537,3.998236492212017
51,0.41463414634146345,19.17195485761942
51,0.4207317073170732,3.943209953158957
51,0.4268292682926829,17.987089815379935
51,0.4329268292682927,10.2880073769021
51,0.43902439024390244,8.819701222727575
51,0.4451219512195122,8.329780770808837
51,0.45121951219512196,11.58088979607036
51,0.4573170731707317,20.655759716117604
51,0.4634146341463415,3.5478024115053404
51,0.46951219512195125,12.95894338112023
51,0.475609756097561,8.167768771866086
51,0.48170731707317077,20.327962582762954
51,0.4878048780487805,8.284778310200464
51,0.49390243902439024,11.703005816991562
52,0.0,4.440892098500626e-16
52,0.006097560975609756,16.282141579459037
52,0.012195121951219513,21.422785693428363
52,0.01829268292682927,13.789067339107124
52,0.024390243902439025,19.89485863540206
52,0.03048780487804878,27.192627610831178
52,0.03658536585365854,22.95908828816049
52,0.042682926829268296,18.90801051764058
52,0.04878048780487805,11.196059199414629
52,0.054878048780487805,20.61173630408669
52,0.06097560975609756,6.71028766175887
52,0.06707317073170732,17.7642638233444
52,0.07317073170731708,11.224915287033111
52,0.07926829268292683,7.024940429166999
52,0.08536585365853659,7.047365596495314
52,0.09146341463414634,19.00250699442902
52,0.0975609756097561,13.946286143037412
52,0.10365853658536586,10.599974377465857
52,0.10975609756097561,17.703180688270837
52,0.11585365853658537,3.833065570320259
52,0.12195121951219512,13.256760680188581
52,0.12804878048780488,2.3879608865916224
52,0.13414634146341464,28.606010795296275
52,0.1402439024390244,19.043215139422102
52,0.14634146341463417,19.864816904724766
52,0.1524390243902439,14.538930509158444
52,0.15853658536585366,8.62223839902353
52,0.16463414634146342,2.8890495684949427
52,0.17073170731707318,14.07005822770144
52,0.17682926829268295,6.0971236627665135
52,0.18292682926829268,15.398958970573576
52,0.18902439024390244,6.644645983601551
52,0.1951219512195122,5.025217938274354
52,0.20121951219512196,14.844123211299786
52,0.20731707317073172,10.924937438852094
52,0.21341463414634146,12.260538304676656
52,0.21951219512195122,17.418062554536487
52,0.22560975609756098,13.542759726490587
52,0.23170731707317074,9.3662229487058
52,0.2378048780487805,21.259883971900738
52,0.24390243902439024,4.536693929013185
52,0.25,6.280995018623991
52,0.25609756097560976,8.06278040679722
52,0.2621951219512195,5.669644867673626
52,0.2682926829268293,8.223284102928405
52,0.27439024390243905,8.201171024549813
52,0.2804878048780488,6.423836965268231
52,0.28658536585365857,11.977843639225927
52,0.29268292682926833,8.748011181556304
52,0.29878048780487804,5.304630713084279
52,0.3048780487804878,3.3525235941744826
52,0.31097560975609756,24.60718881167277
52,0.3170731707317073,17.07420911503239
52,0.3231707317073171,8.748573467134987
52,0.32926829268292684,15.481411284048995
52,0.3353658536585366,3.7845677840889618
52,0.34146341463414637,8.650610230710324
52,0.34756097560975613,13.433420765534672
52,0.3536585365853659,11.15893818415339
52,0.3597560975609756,17.35001151518268
52,0.36585365853658536,13.351986485525519
52,0.3719512195121951,5.4622229118403105
52,0.3780487804878049,14.58442053522089
52,0.38414634146341464,2.451200975312449
52,0.3902439024390244,9.896285935647013
52,0.39634146341463417,6.453818160843765
52,0.4024390243902439,5.6270537805916225
52,0.4085365853658537,6.027148264681446
52,0.41463414634146345,9.46302564922442
52,0.4207317073170732,1.7677447232343135
52,0.4268292682926829,3.2168072436922652
52,0.4329268292682927,8.845121410966467
52,0.43902439024390244,6.707282662296334
52,0.4451219512195122,15.829497322023958
52,0.45121951219512196,3.813118921211164
52,0.4573170731707317,13.459380392530894
52,0.4634146341463415,8.096869057305009
52,0.46951219512195125,12.03726504778601
52,0.475609756097561,3.0289766159197384
52,0.48170731707317077,7.364364452536654
52,0.4878048780487805,3.0543926771608563
52,0.49390243902439024,13.332129592162193
53,0.0,1.0658141036401503e-14
53,0.006097560975609756,27.717117258880485
53,0.012195121951219513,20.347427261389747
53,0.01829268292682927,21.07989913144888
53,0.024390243902439025,8.88153634839903
53,0.03048780487804878,11.59370976403891
53,0.03658536585365854,22.104608329268284
53,0.042682926829268296,4.23918020447042
53,0.04878048780487805,14.939582865491362
53,0.054878048780487805,13.17386505561462
53,0.06097560975609756,20.945596096456853
53,0.06707317073170732,17.680934235216093
53,0.07317073170731708,10.802626903249262
53,0.07926829268292683,11.706762729480776
53,0.08536585365853659,8.757682457152987
53,0.09146341463414634,13.561115526992134
53,0.0975609756097561,9.301610934917113
53,0.10365853658536586,17.006911068204328
53,0.10975609756097561,12.046464270808814
53,0.11585365853658537,2.812349013861036
53,0.12195121951219512,16.64034732304241
53,0.12804878048780488,6.038099215958876
53,0.13414634146341464,9.887922467405783
53,0.1402439024390244,11.083563338256154
53,0.14634146341463417,7.690147704856075
53,0.1524390243902439,10.610632972897262
53,0.15853658536585366,8.56463772268242
53,0.16463414634146342,14.183967084548291
53,0.17073170731707318,17.157360904331767
53,0.17682926829268295,12.633515084943994
53,0.18292682926829268,14.94439718823513
53,0.18902439024390244,10.713722703117103
53,0.1951219512195122,10.609810466771899
53,0.20121951219512196,22.208755430608992
53,0.20731707317073172,8.639594808194724
53,0.21341463414634146,6.38274144005547
53,0.21951219512195122,10.330240993549765
53,0.22560975609756098,4.533034056741577
53,0.23170731707317074,3.950329469716857
53,0.2378048780487805,15.359521771811
53,0.24390243902439024,10.104116294557636
53,0.25,13.246570093120761
53,0.25609756097560976,10.817065288844672
53,0.2621951219512195,11.110372837721574
53,0.2682926829268293,20.404605556465327
53,0.27439024390243905,11.962122325751478
53,0.2804878048780488,7.055267052332632
53,0.28658536585365857,7.589641984186808
53,0.29268292682926833,21.119724261590903
53,0.29878048780487804,18.709379057280675
53,0.3048780487804878,12.274765881549424
53,0.31097560975609756,6.848251467809147
53,0.3170731707317073,5.425997323183666
53,0.3231707317073171,14.776066692563832
53,0.32926829268292684,9.301411419036135
53,0.3353658536585366,4.234581149040356
53,0.34146341463414637,8.979236710754432
53,0.34756097560975613,15.312769000523646
53,0.3536585365853659,13.170865520716942
53,0.3597560975609756,16.35171176787752
53,0.36585365853658536,8.436753455443052
53,0.3719512195121951,9.28202349071104
53,0.3780487804878049,8.977880382597071
53,0.38414634146341464,2.225275241698068
53,0.3902439024390244,11.734743019504542
53,0.39634146341463417,13.820354298381995
53,0.4024390243902439,9.765339699091646
53,0.4085365853658537,9.184156402462918
53,0.41463414634146345,9.299763989353355
53,0.4207317073170732,9.631212192421906
53,0.4268292682926829,12.45702185633005
53,0.4329268292682927,6.231580990877882
53,0.43902439024390244,3.9845438532324375
53,0.4451219512195122,18.90668739027188
53,0.45121951219512196,16.914383767505505
53,0.4573170731707317,11.98217586208359
53,0.4634146341463415,7.77000296375555
53,0.46951219512195125,13.458857044434321
53,0.475609756097561,16.371940812070353
53,0.48170731707317077,7.904894855430239
53,0.4878048780487805,8.120375966419525
53,0.49390243902439024,10.668422003315056
54,0.0,5.329070518200751e-15
54,0.006097560975609756,37.28184187573449
54,0.012195121951219513,21.153751114739606
54,0.01829268292682927,12.437389938212338
54,0.024390243902439025,1.7403010995248034
54,0.03048780487804878,17.368937117140263
54,0.03658536585365854,22.456215042795034
54,0.042682926829268296,11.827924495908125
54,0.04878048780487805,17.650200541072966
54,0.054878048780487805,18.469795442619247
54,0.06097560975609756,25.275138699564927
54,0.06707317073170732,26.529418821705956
54,0.07317073170731708,14.183160864742232
54,0.07926829268292683,15.833103364815805
54,0.08536585365853659,8.431902903017983
54,0.09146341463414634,2.030864922972925
54,0.0975609756097561,16.15682804060171
54,0.10365853658536586,14.723507631409298
54,0.10975609756097561,4.98677837638362
54,0.11585365853658537,11.991650091311671
54,0.12195121951219512,23.715238273916874
54,0.12804878048780488,17.36299856156245
54,0.13414634146341464,8.773500919486123
54,0.1402439024390244,9.364291740177793
54,0.14634146341463417,6.305195599810938
54,0.1524390243902439,9.237919731807827
54,0.15853658536585366,5.333658371940494
54,0.16463414634146342,9.2496427011533
54,0.17073170731707318,14.550498188934926
54,0.17682926829268295,17.574417737914327
54,0.18292682926829268,21.69216609139665
54,0.18902439024390244,7.661343671985647
54,0.1951219512195122,18.06263487273464
54,0.20121951219512196,6.705083043201679
54,0.20731707317073172,1.0261670729260526
54,0.21341463414634146,11.839268312596317
54,0.21951219512195122,14.427153855485303
54,0.22560975609756098,5.2363485977931745
54,0.23170731707317074,0.6968181149938474
54,0.2378048780487805,6.681049069426898
54,0.24390243902439024,1.798937318909914
54,0.25,9.201598915998977
54,0.25609756097560976,5.095806268365055
54,0.2621951219512195,7.6013813833537265
54,0.2682926829268293,12.293276262472629
54,0.27439024390243905,2.8438336331051195
54,0.2804878048780488,5.3000644177796055
54,0.28658536585365857,14.49515556914512
54,0.29268292682926833,4.8829332824374045
54,0.29878048780487804,8.27108571222167
54,0.3048780487804878,3.990266412368297
54,0.31097560975609756,12.440293928758502
54,0.3170731707317073,11.421668701126094
54,0.3231707317073171,5.981497911950965
54,0.32926829268292684,13.018726015657448
54,0.3353658536585366,4.493275139507018
54,0.34146341463414637,11.12183298609032
54,0.34756097560975613,4.5838652630095496
54,0.3536585365853659,10.704160801338757
54,0.3597560975609756,8.743588834177313
54,0.36585365853658536,6.033382822852365
54,0.3719512195121951,13.661334163466286
54,0.3780487804878049,3.035731602717397
54,0.38414634146341464,1.723584447862185
54,0.3902439024390244,4.816595892416543
54,0.39634146341463417,7.397135541482306
54,0.4024390243902439,10.655672411379403
54,0.4085365853658537,11.903884869854473
54,0.41463414634146345,4.01088655474633
54,0.4207317073170732,5.178632912222631
54,0.4268292682926829,4.818555362614776
54,0.4329268292682927,16.22593975747668
54,0.43902439024390244,9.060459643093008
54,0.4451219512195122,16.074550956846384
54,0.45121951219512196,10.693566224286426
54,0.4573170731707317,4.9859552494698764
54,0.4634146341463415,10.928092257578747
54,0.46951219512195125,8.416663421881578
54,0.475609756097561,7.4132488923609365
54,0.48170731707317077,20.249677411182034
54,0.4878048780487805,20.888658556643826
54,0.49390243902439024,14.137679923886216
55,0.0,5.329070518200751e-15
55,0.006097560975609756,16.935985217441917
55,0.012195121951219513,12.920544452167093
55,0.01829268292682927,20.447597190846036
55,0.024390243902439025,8.73946507066103
55,0.03048780487804878,15.236692411423876
55,0.03658536585365854,14.702784726510348
55,0.042682926829268296,14.230362994575268
55,0.04878048780487805,9.973819414482753
55,0.054878048780487805,14.286205748012016
55,0.06097560975609756,5.973563644506027
55,0.06707317073170732,9.962029232151597
55,0.07317073170731708,20.973361830960457
55,0.07926829268292683,23.726359081415087
55,0.08536585365853659,16.355267938720903
55,0.09146341463414634,9.076622908944872
55,0.0975609756097561,8.60317937080671
55,0.10365853658536586,17.9125744150168
55,0.10975609756097561,14.177977886358033
55,0.11585365853658537,2.9320192809052665
55,0.12195121951219512,23.214114601807545
55,0.12804878048780488,11.050448364457472
55,0.13414634146341464,17.07467722533175
55,0.1402439024390244,16.795706531604605
55,0.14634146341463417,7.859152657415858
55,0.1524390243902439,12.383785723410867
55,0.15853658536585366,1.5943075565171563
55,0.16463414634146342,5.922088105100583
55,0.17073170731707318,21.885931906853763
55,0.17682926829268295,7.001403302416938
55,0.18292682926829268,7.683800510963674
55,0.18902439024390244,1.8033783598935436
55,0.1951219512195122,20.400038561273
55,0.20121951219512196,21.852911423847015
55,0.20731707317073172,8.325545830569482
55,0.21341463414634146,5.679677589859995
55,0.21951219512195122,4.124858300448945
55,0.22560975609756098,3.9906736891770276
55,0.23170731707317074,6.601984654546093
55,0.2378048780487805,11.354272425168894
55,0.24390243902439024,7.13720767052153
55,0.25,8.888912481806193
55,0.25609756097560976,16.024019117341297
55,0.2621951219512195,11.791474882932944
55,0.2682926829268293,16.79619098236685
55,0.27439024390243905,20.58869762931207
55,0.2804878048780488,16.78295257681639
55,0.28658536585365857,6.147470198562342
55,0.29268292682926833,13.950947550359185
55,0.29878048780487804,8.026998879178771
55,0.3048780487804878,7.0300114170207415
55,0.31097560975609756,2.936517853432357
55,0.3170731707317073,9.628694547394188
55,0.3231707317073171,11.6517544920593
55,0.32926829268292684,14.348906936033547
55,0.3353658536585366,9.755427386259615
55,0.34146341463414637,9.508282614864509
55,0.34756097560975613,9.389760542220369
55,0.3536585365853659,6.701679900496128
55,0.3597560975609756,11.4987455354121
55,0.36585365853658536,5.425797333566729
55,0.3719512195121951,12.565032741906677
55,0.3780487804878049,13.775014573062403
55,0.38414634146341464,13.240601423986439
55,0.3902439024390244,4.179202352626836
55,0.39634146341463417,14.140094607001993
55,0.4024390243902439,16.812346209891423
55,0.4085365853658537,12.596889632273877
55,0.41463414634146345,8.078654861446928
55,0.4207317073170732,7.255792983305425
55,0.4268292682926829,14.290514624980265
55,0.4329268292682927,8.286585006944161
55,0.43902439024390244,13.254005230140788
55,0.4451219512195122,19.781035470830588
55,0.45121951219512196,16.017664855870272
55,0.4573170731707317,5.848792024590741
55,0.4634146341463415,14.93442627444969
55,0.46951219512195125,9.97215612302785
55,0.475609756097561,5.298045395309632
55,0.48170731707317077,20.379295522268414
55,0.4878048780487805,7.795000614777068
55,0.49390243902439024,9.65443424163354
56,0.0,2.5757174171303632e-14
56,0.006097560975609756,20.784983978247325
56,0.012195121951219513,16.266145044321714
56,0.01829268292682927,6.4807828945192645
56,0.024390243902439025,6.592720442566979
56,0.03048780487804878,2.5094500454191606
56,0.03658536585365854,5.5087995701409165
56,0.042682926829268296,17.30485661526731
56,0.04878048780487805,7.704616457234988
56,0.054878048780487805,4.935006802515825
56,0.06097560975609756,12.443475469250215
56,0.06707317073170732,19.438472677538098
56,0.07317073170731708,3.106348063145491
56,0.07926829268292683,2.8375502119045515
56,0.08536585365853659,27.42168007503851
56,0.09146341463414634,27.847731616659917
56,0.0975609756097561,16.8602099468449
56,0.10365853658536586,8.939283754368985
56,0.10975609756097561,8.100865634515552
56,0.11585365853658537,15.4759786294302
56,0.12195121951219512,3.7426057119633995
56,0.12804878048780488,15.052665947841492
56,0.13414634146341464,18.335361865025295
56,0.1402439024390244,8.973057051817042
56,0.14634146341463417,6.5677627520374795
56,0.1524390243902439,7.39762968838059
56,0.15853658536585366,11.062515276823255
56,0.16463414634146342,4.31312013618433
56,0.17073170731707318,3.87006212891557
56,0.17682926829268295,13.665740862448091
56,0.18292682926829268,6.127224634581074
56,0.18902439024390244,19.961234133089597
56,0.1951219512195122,8.497138173537067
56,0.20121951219512196,8.265921858451206
56,0.20731707317073172,9.437372121540552
56,0.21341463414634146,13.796883762249294
56,0.21951219512195122,21.382440653662535
56,0.22560975609756098,2.387024685380934
56,0.23170731707317074,1.414694241562122
56,0.2378048780487805,12.417104233057186
56,0.24390243902439024,10.489888033400547
56,0.25,22.061466068563814
56,0.25609756097560976,4.6278193864954495
56,0.2621951219512195,8.14874318916626
56,0.2682926829268293,18.683456914272426
56,0.27439024390243905,15.964731530289665
56,0.2804878048780488,15.167655499487777
56,0.28658536585365857,11.669742473587474
56,0.29268292682926833,6.774052153066636
56,0.29878048780487804,8.252953575730935
56,0.3048780487804878,9.946883727231736
56,0.31097560975609756,7.141951244649805
56,0.3170731707317073,5.088829385860487
56,0.3231707317073171,10.553337361539212
56,0.32926829268292684,7.48189304809212
56,0.3353658536585366,19.32828594424914
56,0.34146341463414637,4.362943826044623
56,0.34756097560975613,11.279071996259976
56,0.3536585365853659,12.189546123937673
56,0.3597560975609756,2.9340677040086205
56,0.36585365853658536,14.454818237856946
56,0.3719512195121951,16.73306715588803
56,0.3780487804878049,14.617200315081629
56,0.38414634146341464,10.985423175882303
56,0.3902439024390244,7.458902432537742
56,0.39634146341463417,22.3953162852806
56,0.4024390243902439,21.933252458422047
56,0.4085365853658537,15.849084017549803
56,0.41463414634146345,15.00778811026459
56,0.4207317073170732,3.31608292193619
56,0.4268292682926829,13.34534488528539
56,0.4329268292682927,13.087175704123123
56,0.43902439024390244,8.53196943799873
56,0.4451219512195122,8.114833158439476
56,0.45121951219512196,6.667063148347374
56,0.4573170731707317,5.305397875060222
56,0.4634146341463415,14.963240734865456
56,0.46951219512195125,2.2109739132716233
56,0.475609756097561,10.290027561224004
56,0.48170731707317077,19.516021671869915
56,0.4878048780487805,18.850841486104468
56,0.49390243902439024,7.473859626123951
57,0.0,4.440892098500626e-16
57,0.006134969325153374,17.60897662785084
57,0.012269938650306749,10.426598306590972
57,0.018404907975460124,28.592481258627124
57,0.024539877300613498,15.169876219862697
57,0.03067484662576687,17.840880308687268
57,0.03680981595092025,27.812211377037624
57,0.04294478527607362,19.439493461110334
57,0.049079754601226995,2.8455094218379053
57,0.05521472392638037,16.766341445877565
57,0.06134969325153374,7.091565077212758
57,0.06748466257668712,7.598275053417295
57,0.0736196319018405,22.275374361591325
57,0.07975460122699386,16.644095771926843
57,0.08588957055214724,4.980544737766816
57,0.09202453987730061,15.449616243950027
57,0.09815950920245399,0.46635703561580744
57,0.10429447852760737,6.449373278813568
57,0.11042944785276074,10.174015989257672
57,0.11656441717791412,3.7890393677456773
57,0.12269938650306748,15.064857462325918
57,0.12883435582822086,13.938380952727154
57,0.13496932515337423,9.955277992902145
57,0.1411042944785276,8.20296765916732
57,0.147239263803681,10.356683292003666
57,0.15337423312883436,7.8716088948189755
57,0.15950920245398773,12.429166120748283
57,0.16564417177914112,6.1199126786786655
57,0.17177914110429449,11.339792149085703
57,0.17791411042944785,14.361803699293523
57,0.18404907975460122,7.404042021815536
57,0.1901840490797546,6.992488277022857
57,0.19631901840490798,20.08314321863429
57,0.20245398773006135,7.441575925939283
57,0.20858895705521474,6.18003929524907
57,0.2147239263803681,25.52241395385925
57,0.22085889570552147,9.233947048582074
57,0.22699386503067484,6.640290625435644
57,0.23312883435582823,10.415429417811914
57,0.2392638036809816,6.174390649601241
57,0.24539877300613497,15.33453658543758
57,0.25153374233128833,22.227503221466826
57,0.25766871165644173,12.380676862923178
57,0.2638036809815951,11.942869320788311
57,0.26993865030674846,15.813772441388515
57,0.27607361963190186,9.461942267150722
57,0.2822085889570552,8.460032782222298
57,0.2883435582822086,17.80138458434691
57,0.294478527607362,5.324537133104217
57,0.3006134969325153,13.934920191113859
57,0.3067484662576687,10.796427341082914
57,0.3128834355828221,7.6280192978092485
57,0.31901840490797545,11.793130621717031
57,0.32515337423312884,11.95638554418775
57,0.33128834355828224,2.285907634397248
57,0.3374233128834356,11.556394733164217
57,0.34355828220858897,21.86412805660839
57,0.34969325153374237,4.678064841945712
57,0.3558282208588957,11.14109544106765
57,0.3619631901840491,14.945620946097744
57,0.36809815950920244,3.575002484629698
57,0.37423312883435583,5.094553658250446
57,0.3803680981595092,9.816702032489504
57,0.38650306748466257,3.686346314422693
57,0.39263803680981596,4.515530356267352
57,0.39877300613496935,5.515521988276047
57,0.4049079754601227,5.786498362055288
57,0.4110429447852761,11.61836620322194
57,0.4171779141104295,5.839324321772505
57,0.4233128834355828,9.835779750975682
57,0.4294478527607362,13.544521617669368
57,0.43558282208588955,12.252222942765968
57,0.44171779141104295,20.471180573489104
57,0.44785276073619634,4.060097197598434
57,0.4539877300613497,6.886768821169552
57,0.4601226993865031,15.520544867544812
57,0.46625766871165647,8.066144182247113
57,0.4723926380368098,1.7549623069614255
57,0.4785276073619632,10.429792175561014
57,0.4846625766871166,22.579682901415705
57,0.49079754601226994,5.702361729808278
57,0.49693251533742333,15.775440494433846
58,0.0,1.1102230246251565e-14
58,0.006097560975609756,19.29817758397859
58,0.012195121951219513,14.675344984463235
58,0.01829268292682927,18.877854183469708
58,0.024390243902439025,3.5052534717791684
58,0.03048780487804878,13.023427026640352
58,0.03658536585365854,14.726807406108374
58,0.042682926829268296,19.244680042083704
58,0.04878048780487805,11.346289023856992
58,0.054878048780487805,13.991354380675105
58,0.06097560975609756,12.525590184490184
58,0.06707317073170732,4.2325819590970735
58,0.07317073170731708,9.652937433833417
58,0.07926829268292683,16.45573149599291
58,0.08536585365853659,18.25166643751942
58,0.09146341463414634,5.624522035230346
58,0.0975609756097561,23.792602736619482
58,0.10365853658536586,20.916434532966385
58,0.10975609756097561,4.621471745146175
58,0.11585365853658537,18.55270877703407
58,0.12195121951219512,4.983674920216613
58,0.12804878048780488,9.278728625651317
58,0.13414634146341464,3.536138951123251
58,0.1402439024390244,24.068067861369784
58,0.14634146341463417,18.783129588561266
58,0.1524390243902439,12.685714735237372
58,0.15853658536585366,17.57262759511731
58,0.16463414634146342,13.011196672578908
58,0.17073170731707318,16.311676705245024
58,0.17682926829268295,7.489916858922643
58,0.18292682926829268,9.181689253103434
58,0.18902439024390244,8.741768412065845
58,0.1951219512195122,8.77842426025676
58,0.20121951219512196,19.409948383084597
58,0.20731707317073172,12.45031464491256
58,0.21341463414634146,14.122859972739501
58,0.21951219512195122,9.453600775580266
58,0.22560975609756098,12.652446035217588
58,0.23170731707317074,12.50111321689603
58,0.2378048780487805,8.984880402004174
58,0.24390243902439024,14.58753419498986
58,0.25,14.538615870955988
58,0.25609756097560976,12.256643868116313
58,0.2621951219512195,1.8567905389400816
58,0.2682926829268293,6.009987179369728
58,0.27439024390243905,11.586915857060356
58,0.2804878048780488,1.1972754275215312
58,0.28658536585365857,6.793733060095464
58,0.29268292682926833,4.79999541290923
58,0.29878048780487804,13.106722219543517
58,0.3048780487804878,2.9203726833592385
58,0.31097560975609756,9.900268319165976
58,0.3170731707317073,10.093687630145558
58,0.3231707317073171,15.849733040971616
58,0.32926829268292684,7.095591281972514
58,0.3353658536585366,13.320739220484564
58,0.34146341463414637,15.252025560014737
58,0.34756097560975613,8.809093614208615
58,0.3536585365853659,9.639128801510692
58,0.3597560975609756,8.28226778853486
58,0.36585365853658536,13.12833406863901
58,0.3719512195121951,24.000259907290477
58,0.3780487804878049,6.27605203828701
58,0.38414634146341464,9.880124116226554
58,0.3902439024390244,9.665691533874327
58,0.39634146341463417,2.259519335042174
58,0.4024390243902439,4.935433327754269
58,0.4085365853658537,4.695828203990441
58,0.41463414634146345,26.722530127137137
58,0.4207317073170732,3.0470557248118677
58,0.4268292682926829,4.843060237920886
58,0.4329268292682927,5.170308312104628
58,0.43902439024390244,7.39640328531514
58,0.4451219512195122,6.132606226870253
58,0.45121951219512196,9.406824784785664
58,0.4573170731707317,13.947490512558103
58,0.4634146341463415,3.597571603669811
58,0.46951219512195125,20.555009800407163
58,0.475609756097561,8.190013767241105
58,0.48170731707317077,6.772463539017064
58,0.4878048780487805,23.45877122863135
58,0.49390243902439024,15.291720241982917
59,0.0,3.552713678800501e-15
59,0.006097560975609756,15.734700840522832
59,0.012195121951219513,22.12521396849966
59,0.01829268292682927,18.662397951972537
59,0.024390243902439025,16.244627041651132
59,0.03048780487804878,22.225346694048728
59,0.03658536585365854,26.842094583837
59,0.042682926829268296,22.05589176350423
59,0.04878048780487805,7.625917030711083
59,0.054878048780487805,5.920937718762177
59,0.06097560975609756,7.894332756110679
59,0.06707317073170732,12.910391875665729
59,0.07317073170731708,13.463369236658156
59,0.07926829268292683,8.387839967130793
59,0.08536585365853659,3.6403663286802717
59,0.09146341463414634,11.781978924936439
59,0.0975609756097561,10.514405650234114
59,0.10365853658536586,10.080985249268565
59,0.10975609756097561,5.649606727137855
59,0.11585365853658537,9.750757419555763
59,0.12195121951219512,9.24961780972255
59,0.12804878048780488,11.396159886774486
59,0.13414634146341464,3.6847576484347164
59,0.1402439024390244,11.505353246667468
59,0.14634146341463417,21.03267486893928
59,0.1524390243902439,7.573546785798099
59,0.15853658536585366,5.607170964704646
59,0.16463414634146342,5.874276446988369
59,0.17073170731707318,15.22133535006029
59,0.17682926829268295,16.29840466270261
59,0.18292682926829268,20.56057044150053
59,0.18902439024390244,2.604434251528206
59,0.1951219512195122,15.863302392273171
59,0.20121951219512196,10.404965123055325
59,0.20731707317073172,11.278998053850469
59,0.21341463414634146,23.600389922315745
59,0.21951219512195122,9.388884910140973
59,0.22560975609756098,6.1985184903932815
59,0.23170731707317074,12.112312760767104
59,0.2378048780487805,8.985634846137367
59,0.24390243902439024,17.820546941513726
59,0.25,5.703991850784248
59,0.25609756097560976,19.086514063156756
59,0.2621951219512195,6.296892338737294
59,0.2682926829268293,6.7090025888132505
59,0.27439024390243905,6.630495103996535
59,0.2804878048780488,8.174249713255985
59,0.28658536585365857,1.893201959864926
59,0.29268292682926833,15.297606909298535
59,0.29878048780487804,6.596831949414908
59,0.3048780487804878,3.808846939686044
59,0.31097560975609756,9.078207377244988
59,0.3170731707317073,11.791918526637154
59,0.3231707317073171,3.9016037957258147
59,0.32926829268292684,5.206338437766626
59,0.3353658536585366,18.446156785408206
59,0.34146341463414637,9.796468660689161
59,0.34756097560975613,4.920724170476254
59,0.3536585365853659,3.581447434532648
59,0.3597560975609756,12.101329883374893
59,0.36585365853658536,5.933005873427932
59,0.3719512195121951,25.566364931738416
59,0.3780487804878049,16.217253943827675
59,0.38414634146341464,13.252819664111463
59,0.3902439024390244,17.618476885128953
59,0.39634146341463417,9.256066526906869
59,0.4024390243902439,4.038534026458312
59,0.4085365853658537,15.033797861590816
59,0.41463414634146345,10.940691167000347
59,0.4207317073170732,9.863766863917983
59,0.4268292682926829,17.06927312681374
59,0.4329268292682927,7.317334885381814
59,0.43902439024390244,8.159321587635887
59,0.4451219512195122,16.900004594393124
59,0.45121951219512196,10.947908157944262
59,0.4573170731707317,11.319203478708019
59,0.4634146341463415,4.262062259564716
59,0.46951219512195125,13.687619098314956
59,0.475609756097561,6.203114108870656
59,0.48170731707317077,18.99710437726645
59,0.4878048780487805,14.22432671005854
59,0.49390243902439024,14.156743376370882
60,0.0,1.865174681370263e-14
60,0.006097560975609756,30.07976871824486
60,0.012195121951219513,24.467698203471727
60,0.01829268292682927,16.422478536749136
60,0.024390243902439025,19.250625203253467
60,0.03048780487804878,14.531899324273285
60,0.03658536585365854,9.244382610547556
60,0.042682926829268296,9.79659914320672
60,0.04878048780487805,16.887824663267214
60,0.054878048780487805,22.805415623671287
60,0.06097560975609756,22.793181079831665
60,0.06707317073170732,6.485754682242944
60,0.07317073170731708,4.878493953462988
60,0.07926829268292683,6.4210644165679085
60,0.08536585365853659,11.795201040454362
60,0.09146341463414634,13.217006640445014
60,0.0975609756097561,8.976864086808927
60,0.10365853658536586,16.483037795907926
60,0.10975609756097561,9.78016864423849
60,0.11585365853658537,11.632406725935324
60,0.12195121951219512,7.312371458271771
60,0.12804878048780488,5.370511089963399
60,0.13414634146341464,2.529382824549016
60,0.1402439024390244,17.262051365593102
60,0.14634146341463417,7.944333005282636
60,0.1524390243902439,14.192380480828193
60,0.15853658536585366,6.420547522335583
60,0.16463414634146342,11.656806430006446
60,0.17073170731707318,4.269522673488636
60,0.17682926829268295,3.2070055100016965
60,0.18292682926829268,6.886338619893465
60,0.18902439024390244,11.845227352515085
60,0.1951219512195122,6.39592762303946
60,0.20121951219512196,13.308851671745067
60,0.20731707317073172,2.209322279375235
60,0.21341463414634146,5.218617290592018
60,0.21951219512195122,10.805945029423237
60,0.22560975609756098,14.620179830847558
60,0.23170731707317074,8.39518616661053
60,0.2378048780487805,14.694243233264471
60,0.24390243902439024,4.726015696120486
60,0.25,11.862019468051654
60,0.25609756097560976,4.8445038547104255
60,0.2621951219512195,9.592389348221566
60,0.2682926829268293,7.149688472048908
60,0.27439024390243905,5.393192654270683
60,0.2804878048780488,17.099868845717204
60,0.28658536585365857,9.045493741298266
60,0.29268292682926833,18.395776120519574
60,0.29878048780487804,13.474712674261836
60,0.3048780487804878,18.93297380067753
60,0.31097560975609756,20.15346475397161
60,0.3170731707317073,2.2383702457832566
60,0.3231707317073171,5.085962764871044
60,0.32926829268292684,6.677115108142348
60,0.3353658536585366,12.022589061819566
60,0.34146341463414637,12.832701345394499
60,0.34756097560975613,8.108764942859931
60,0.3536585365853659,22.91170536408823
60,0.3597560975609756,13.675356300250634
60,0.36585365853658536,8.178222713810518
60,0.3719512195121951,0.8075029683887186
60,0.3780487804878049,22.839794731272747
60,0.38414634146341464,7.734601551401215
60,0.3902439024390244,9.551611970310326
60,0.39634146341463417,11.661641385969826
60,0.4024390243902439,5.75925238528517
60,0.4085365853658537,14.959437960375162
60,0.41463414634146345,16.530003781439746
60,0.4207317073170732,24.295379062706175
60,0.4268292682926829,13.473090212012199
60,0.4329268292682927,20.064074917256345
60,0.43902439024390244,8.324541026749182
60,0.4451219512195122,12.569091060706407
60,0.45121951219512196,2.1346355672754385
60,0.4573170731707317,10.049296808919603
60,0.4634146341463415,12.12058313845013
60,0.46951219512195125,4.566639013663642
60,0.475609756097561,1.6410768790458912
60,0.48170731707317077,17.16752375057336
60,0.4878048780487805,3.456818812716079
60,0.49390243902439024,7.890766560043799
61,0.0,9.769962616701378e-15
61,0.006097560975609756,28.23352863801425
61,0.012195121951219513,5.266384122446582
61,0.01829268292682927,16.245736981101473
61,0.024390243902439025,7.541036480925512
61,0.03048780487804878,13.173237884337968
61,0.03658536585365854,22.957360267897062
61,0.042682926829268296,11.216105512184894
61,0.04878048780487805,9.426630677418228
61,0.054878048780487805,14.538193033819832
61,0.06097560975609756,32.936417377919106
61,0.06707317073170732,14.928652956612826
61,0.07317073170731708,6.629946801614804
61,0.07926829268292683,4.489876968689898
61,0.08536585365853659,4.276390781439804
61,0.09146341463414634,16.463036334778728
61,0.0975609756097561,21.01981429629888
61,0.10365853658536586,7.719237527992496
61,0.10975609756097561,12.660293189477226
61,0.11585365853658537,3.9349230781691587
61,0.12195121951219512,5.433746541329692
61,0.12804878048780488,6.71709817571489
61,0.13414634146341464,2.200519579857166
61,0.1402439024390244,10.541220999940526
61,0.14634146341463417,6.554138074429153
61,0.1524390243902439,16.890852098663462
61,0.15853658536585366,12.261133947057575
61,0.16463414634146342,9.064426145039533
61,0.17073170731707318,7.983146893158975
61,0.17682926829268295,20.347536669281528
61,0.18292682926829268,21.151330109542055
61,0.18902439024390244,16.199829366151377
61,0.1951219512195122,5.36885900030635
61,0.20121951219512196,16.283718443353894
61,0.20731707317073172,5.139246950374882
61,0.21341463414634146,6.537693969529074
61,0.21951219512195122,5.567624595785687
61,0.22560975609756098,8.414120199089869
61,0.23170731707317074,6.461393513834731
61,0.2378048780487805,21.008558420365787
61,0.24390243902439024,21.944678430260886
61,0.25,27.599889506307026
61,0.25609756097560976,7.557539840807639
61,0.2621951219512195,11.54141058918788
61,0.2682926829268293,11.306454284638937
61,0.27439024390243905,2.777643772073592
61,0.2804878048780488,22.17156003887708
61,0.28658536585365857,6.649337556824915
61,0.29268292682926833,10.468846333340629
61,0.29878048780487804,3.872745843574824
61,0.3048780487804878,17.79481500761899
61,0.31097560975609756,16.32894801738371
61,0.3170731707317073,12.487325445612335
61,0.3231707317073171,8.517751180471395
61,0.32926829268292684,7.783620971836183
61,0.3353658536585366,16.245448707751834
61,0.34146341463414637,10.942190717278072
61,0.34756097560975613,4.256505221524493
61,0.3536585365853659,11.103112631604006
61,0.3597560975609756,7.927257490148262
61,0.36585365853658536,4.220802985108741
61,0.3719512195121951,13.802503457491676
61,0.3780487804878049,13.016729970227514
61,0.38414634146341464,10.273466794611872
61,0.3902439024390244,12.689060204777357
61,0.39634146341463417,11.098910167546109
61,0.4024390243902439,7.815258155405079
61,0.4085365853658537,4.866194072873966
61,0.41463414634146345,6.097118044564329
61,0.4207317073170732,16.23628542194883
61,0.4268292682926829,6.397562222234125
61,0.4329268292682927,4.65024715124623
61,0.43902439024390244,14.423300138713847
61,0.4451219512195122,9.820506493666139
61,0.45121951219512196,8.46216082531979
61,0.4573170731707317,9.114831967917862
61,0.4634146341463415,8.319710739584911
61,0.46951219512195125,7.660998677406986
61,0.475609756097561,8.795634801893131
61,0.48170731707317077,4.8538774190491845
61,0.4878048780487805,15.136647811891894
61,0.49390243902439024,7.118521424366675
62,0.0,1.1546319456101628e-14
62,0.006097560975609756,9.785650156579285
62,0.012195121951219513,17.22311932499205
62,0.01829268292682927,16.58312109878917
62,0.024390243902439025,8.85478241270032
62,0.03048780487804878,20.157336212069996
62,0.03658536585365854,8.313122553697962
62,0.042682926829268296,10.56622998325472
62,0.04878048780487805,14.442198566317845
62,0.054878048780487805,22.359209594117953
62,0.06097560975609756,10.833926916041367
62,0.06707317073170732,14.538162500210854
62,0.07317073170731708,12.795186111535898
62,0.07926829268292683,0.9824925577249196
62,0.08536585365853659,16.1656753314074
62,0.09146341463414634,9.761036998218618
62,0.0975609756097561,13.576737459601105
62,0.10365853658536586,14.396269232684505
62,0.10975609756097561,20.50038319599162
62,0.11585365853658537,8.412861450031748
62,0.12195121951219512,15.669956340681768
62,0.12804878048780488,15.789717915295837
62,0.13414634146341464,5.411895924927491
62,0.1402439024390244,19.23492427735836
62,0.14634146341463417,6.879779612266363
62,0.1524390243902439,12.240851322073235
62,0.15853658536585366,16.094445988073723
62,0.16463414634146342,4.9672055844021274
62,0.17073170731707318,11.605810801179015
62,0.17682926829268295,10.339455832249376
62,0.18292682926829268,5.541347681937177
62,0.18902439024390244,20.75090354122615
62,0.1951219512195122,3.3946647780600343
62,0.20121951219512196,19.962609708952304
62,0.20731707317073172,11.734974005431711
62,0.21341463414634146,4.167678143032727
62,0.21951219512195122,8.008377678384782
62,0.22560975609756098,12.765496620913309
62,0.23170731707317074,4.975521155454106
62,0.2378048780487805,7.69065303554886
62,0.24390243902439024,8.054924899209517
62,0.25,5.930670251135708
62,0.25609756097560976,18.94860329938246
62,0.2621951219512195,3.4342780296347537
62,0.2682926829268293,6.141140848841312
62,0.27439024390243905,14.194019265387396
62,0.2804878048780488,15.792628669333288
62,0.28658536585365857,7.188802621881808
62,0.29268292682926833,9.748760526910482
62,0.29878048780487804,6.333742537279143
62,0.3048780487804878,12.878229824189768
62,0.31097560975609756,10.203786422699462
62,0.3170731707317073,12.965539858825641
62,0.3231707317073171,3.225698397057699
62,0.32926829268292684,4.346080398383092
62,0.3353658536585366,11.626187499094302
62,0.34146341463414637,11.498310337362131
62,0.34756097560975613,3.7425467691932357
62,0.3536585365853659,18.764183455717717
62,0.3597560975609756,1.127993481975702
62,0.36585365853658536,14.403316578010413
62,0.3719512195121951,13.134809503506613
62,0.3780487804878049,7.552602043803451
62,0.38414634146341464,16.787773242968683
62,0.3902439024390244,5.457365771950337
62,0.39634146341463417,9.426993336773172
62,0.4024390243902439,23.44954384381315
62,0.4085365853658537,3.8740122162501187
62,0.41463414634146345,10.431206732909445
62,0.4207317073170732,18.797552201919245
62,0.4268292682926829,11.001051782760175
62,0.4329268292682927,18.214434953748867
62,0.43902439024390244,19.45582077352967
62,0.4451219512195122,10.898998533455824
62,0.45121951219512196,14.006008176369914
62,0.4573170731707317,14.761563351100365
62,0.4634146341463415,11.044429715376031
62,0.46951219512195125,5.05153130130117
62,0.475609756097561,4.197990597763994
62,0.48170731707317077,5.175686586117912
62,0.4878048780487805,20.687130476400295
62,0.49390243902439024,23.422053345145677
63,0.0,1.0658141036401503e-14
63,0.006097560975609756,18.837789921181425
63,0.012195121951219513,12.317012717273183
63,0.01829268292682927,3.424217848169558
63,0.024390243902439025,9.191738697810836
63,0.03048780487804878,9.839803017987904
63,0.03658536585365854,7.631060909239009
63,0.042682926829268296,14.11965117019372
63,0.04878048780487805,11.85049582744313
63,0.054878048780487805,8.026157687638953
63,0.06097560975609756,15.25124221730374
63,0.06707317073170732,7.967374356361606
63,0.07317073170731708,13.437545307602559
63,0.07926829268292683,19.582335830035312
63,0.08536585365853659,18.54734022861262
63,0.09146341463414634,7.469880732418596
63,0.0975609756097561,5.573723394386091
63,0.10365853658536586,4.458733253874751
63,0.10975609756097561,13.89472594315673
63,0.11585365853658537,7.660102283651537
63,0.12195121951219512,26.858238607039457
63,0.12804878048780488,6.0742660000037505
63,0.13414634146341464,16.870329485273395
63,0.1402439024390244,17.78595880327927
63,0.14634146341463417,14.418614028084093
63,0.1524390243902439,23.223011760114684
63,0.15853658536585366,10.970751705976927
63,0.16463414634146342,10.071999420184062
63,0.17073170731707318,14.05515850398063
63,0.17682926829268295,19.89410840112874
63,0.18292682926829268,1.3823871047985286
63,0.18902439024390244,5.92773249107247
63,0.1951219512195122,7.379399103062452
63,0.20121951219512196,9.191277615105074
63,0.20731707317073172,26.41003088542493
63,0.21341463414634146,12.091400501974448
63,0.21951219512195122,8.568269964088584
63,0.22560975609756098,1.9304415594671058
63,0.23170731707317074,22.185215742787168
63,0.2378048780487805,19.862438245246036
63,0.24390243902439024,2.400279487410509
63,0.25,6.744637460303561
63,0.25609756097560976,9.613578601467314
63,0.2621951219512195,8.57445278348113
63,0.2682926829268293,18.016694887590525
63,0.27439024390243905,21.962504760748967
63,0.2804878048780488,10.7045641603905
63,0.28658536585365857,5.7082722042906076
63,0.29268292682926833,1.1957451408042516
63,0.29878048780487804,2.8928864894329003
63,0.3048780487804878,5.1164305185494525
63,0.31097560975609756,10.761958269985275
63,0.3170731707317073,14.06376717927086
63,0.3231707317073171,10.24526109883636
63,0.32926829268292684,11.516985076262753
63,0.3353658536585366,8.018745220744142
63,0.34146341463414637,4.475414588736976
63,0.34756097560975613,11.918758120198241
63,0.3536585365853659,17.012630072538673
63,0.3597560975609756,11.825366685895004
63,0.36585365853658536,5.88075938304853
63,0.3719512195121951,10.900846896908956
63,0.3780487804878049,12.962755984822518
63,0.38414634146341464,9.399170965022122
63,0.3902439024390244,16.641841713811296
63,0.39634146341463417,6.942641828333317
63,0.4024390243902439,10.210196498877929
63,0.4085365853658537,23.11965255121171
63,0.41463414634146345,18.375695849837946
63,0.4207317073170732,12.185975477316065
63,0.4268292682926829,10.743290125238424
63,0.4329268292682927,8.642056249734942
63,0.43902439024390244,11.415415308607145
63,0.4451219512195122,5.095402539668214
63,0.45121951219512196,8.91079367046013
63,0.4573170731707317,11.12436451398801
63,0.4634146341463415,9.27097394203703
63,0.46951219512195125,25.297465500063815
63,0.475609756097561,4.070123204838047
63,0.48170731707317077,5.522301423049091
63,0.4878048780487805,9.802252986798505
63,0.49390243902439024,7.076032712961009
64,0.0,9.769962616701378e-15
64,0.006097560975609756,14.877020888874485
64,0.012195121951219513,21.243142925706795
64,0.01829268292682927,22.10933258897448
64,0.024390243902439025,6.142619765119544
64,0.03048780487804878,33.51351577909714
64,0.03658536585365854,13.005424263166702
64,0.042682926829268296,7.1071535808778945
64,0.04878048780487805,19.71361388062079
64,0.054878048780487805,8.11699188047518
64,0.06097560975609756,22.447563108948568
64,0.06707317073170732,14.334354938462372
64,0.07317073170731708,5.489694493349441
64,0.07926829268292683,20.95657283526294
64,0.08536585365853659,11.476104646963245
64,0.09146341463414634,6.506153222217061
64,0.0975609756097561,11.824025343853485
64,0.10365853658536586,10.128631950072693
64,0.10975609756097561,20.380247955208393
64,0.11585365853658537,15.510652712346712
64,0.12195121951219512,8.852936936731846
64,0.12804878048780488,5.645864494055278
64,0.13414634146341464,8.957800955415534
64,0.1402439024390244,9.698376609213584
64,0.14634146341463417,12.777389174817987
64,0.1524390243902439,12.119149764083215
64,0.15853658536585366,9.843700286540074
64,0.16463414634146342,20.9358923136279
64,0.17073170731707318,13.371144652335257
64,0.17682926829268295,11.920391198776128
64,0.18292682926829268,11.358162611982968
64,0.18902439024390244,13.017656613103702
64,0.1951219512195122,2.603471625878374
64,0.20121951219512196,10.266026676254725
64,0.20731707317073172,12.048579918818902
64,0.21341463414634146,13.195551219046756
64,0.21951219512195122,9.524182917991988
64,0.22560975609756098,2.554386891935926
64,0.23170731707317074,15.961036834972141
64,0.2378048780487805,9.633139672579984
64,0.24390243902439024,7.405678519874166
64,0.25,13.264994842775586
64,0.25609756097560976,15.957869102683398
64,0.2621951219512195,9.40575126397979
64,0.2682926829268293,13.123382932268557
64,0.27439024390243905,8.674603381447184
64,0.2804878048780488,16.400635931681133
64,0.28658536585365857,13.889035966641009
64,0.29268292682926833,14.625718146149744
64,0.29878048780487804,10.549047471227738
64,0.3048780487804878,4.705680295194404
64,0.31097560975609756,9.286859769551477
64,0.3170731707317073,13.162964105507514
64,0.3231707317073171,6.539216968412513
64,0.32926829268292684,9.432212301988505
64,0.3353658536585366,9.420642949532326
64,0.34146341463414637,4.328420180825033
64,0.34756097560975613,17.51923463680165
64,0.3536585365853659,12.230094109274559
64,0.3597560975609756,7.089087479173899
64,0.36585365853658536,5.519103732943978
64,0.3719512195121951,8.38579153754286
64,0.3780487804878049,7.86350613438188
64,0.38414634146341464,17.893584001515908
64,0.3902439024390244,10.855003286685573
64,0.39634146341463417,10.138553526721555
64,0.4024390243902439,10.283257108929428
64,0.4085365853658537,12.439982371548707
64,0.41463414634146345,19.692753734020062
64,0.4207317073170732,15.367132325171589
64,0.4268292682926829,12.156230010864565
64,0.4329268292682927,9.909966723144878
64,0.43902439024390244,8.791423575315532
64,0.4451219512195122,9.513858344089538
64,0.45121951219512196,12.934099207503078
64,0.4573170731707317,3.9529187286254217
64,0.4634146341463415,6.577558759432768
64,0.46951219512195125,12.164901935536664
64,0.475609756097561,9.326397860479219
64,0.48170731707317077,11.67011873396024
64,0.4878048780487805,12.493686719765849
64,0.49390243902439024,13.340978002777195
65,0.0,1.2656542480726785e-14
65,0.006097560975609756,6.977752384043014
65,0.012195121951219513,8.725633753372815
65,0.01829268292682927,3.42475405135178
65,0.024390243902439025,14.956437056491906
65,0.03048780487804878,25.073212162226252
65,0.03658536585365854,25.651126093945074
65,0.042682926829268296,18.896405532287382
65,0.04878048780487805,15.550670361608539
65,0.054878048780487805,2.246113538675209
65,0.06097560975609756,4.2863543777318585
65,0.06707317073170732,12.631417850952472
65,0.07317073170731708,11.205960580670496
65,0.07926829268292683,24.382891500926377
65,0.08536585365853659,9.934931805125203
65,0.09146341463414634,14.019414019484351
65,0.0975609756097561,3.172964758533446
65,0.10365853658536586,18.613548599659836
65,0.10975609756097561,10.312954768458843
65,0.11585365853658537,19.596420821186438
65,0.12195121951219512,5.541318536999258
65,0.12804878048780488,14.753315408642237
65,0.13414634146341464,7.831178470691138
65,0.1402439024390244,6.700076478766795
65,0.14634146341463417,7.417252141480027
65,0.1524390243902439,13.800779487420265
65,0.15853658536585366,7.168310714171507
65,0.16463414634146342,6.171591137492622
65,0.17073170731707318,25.490447453623357
65,0.17682926829268295,8.736699472446666
65,0.18292682926829268,4.981262593391631
65,0.18902439024390244,5.21869876344087
65,0.1951219512195122,15.529587442093398
65,0.20121951219512196,10.035920686879875
65,0.20731707317073172,25.106835904174364
65,0.21341463414634146,11.889438474990811
65,0.21951219512195122,2.328501739394649
65,0.22560975609756098,5.49514249323282
65,0.23170731707317074,18.028536868664165
65,0.2378048780487805,0.10071740416979055
65,0.24390243902439024,5.966691992669436
65,0.25,13.027767933769328
65,0.25609756097560976,10.808957827782528
65,0.2621951219512195,9.196981187565209
65,0.2682926829268293,13.91269735123258
65,0.27439024390243905,9.061260108755164
65,0.2804878048780488,15.576679826749816
65,0.28658536585365857,12.567831638565199
65,0.29268292682926833,9.710293343097032
65,0.29878048780487804,4.148055552838815
65,0.3048780487804878,12.778823017315927
65,0.31097560975609756,9.529978508637816
65,0.3170731707317073,9.682939189688518
65,0.3231707317073171,9.580003516327377
65,0.32926829268292684,7.184330618282968
65,0.3353658536585366,6.873863039640463
65,0.34146341463414637,4.8256852862012565
65,0.34756097560975613,5.949924304909724
65,0.3536585365853659,18.460804462832684
65,0.3597560975609756,8.726014028868203
65,0.36585365853658536,15.667749972877397
65,0.3719512195121951,13.939244401436506
65,0.3780487804878049,20.28764601824458
65,0.38414634146341464,10.599689036322097
65,0.3902439024390244,13.952383649952836
65,0.39634146341463417,4.012187843300222
65,0.4024390243902439,18.275285098461346
65,0.4085365853658537,9.775616249274114
65,0.41463414634146345,16.51507730556535
65,0.4207317073170732,16.444641942470383
65,0.4268292682926829,2.5580908796012336
65,0.4329268292682927,12.462871812252382
65,0.43902439024390244,13.268663748774246
65,0.4451219512195122,7.059302370983438
65,0.45121951219512196,15.014585388162972
65,0.4573170731707317,4.578657424155665
65,0.4634146341463415,7.281583723337096
65,0.46951219512195125,14.059526857158582
65,0.475609756097561,22.384262353144354
65,0.48170731707317077,14.625987135444817
65,0.4878048780487805,13.737645694502707
65,0.49390243902439024,8.106079365020383
66,0.0,2.220446049250313e-15
66,0.006097560975609756,24.87958610669783
66,0.012195121951219513,16.106043588003118
66,0.01829268292682927,1.8532480473929633
66,0.024390243902439025,10.864816041369986
66,0.03048780487804878,21.83598754718385
66,0.03658536585365854,4.712660940842045
66,0.042682926829268296,10.062821936841633
66,0.04878048780487805,14.250080051384513
66,0.054878048780487805,26.809310770445613
66,0.06097560975609756,15.83990997506713
66,0.06707317073170732,8.458940175571763
66,0.07317073170731708,3.9894449939985246
66,0.07926829268292683,13.106092798179937
66,0.08536585365853659,11.073310810308906
66,0.09146341463414634,11.43340542487715
66,0.0975609756097561,1.0271259045381884
66,0.10365853658536586,18.99478438174347
66,0.10975609756097561,16.485404892754282
66,0.11585365853658537,4.946194783081029
66,0.12195121951219512,9.094191213268534
66,0.12804878048780488,2.769162534502191
66,0.13414634146341464,14.144121365073637
66,0.1402439024390244,27.83516125898716
66,0.14634146341463417,10.632724440665122
66,0.1524390243902439,11.748787618840467
66,0.15853658536585366,15.609761364263072
66,0.16463414634146342,5.516334210926611
66,0.17073170731707318,12.501145867999716
66,0.17682926829268295,14.360521008140257
66,0.18292682926829268,19.631165380312385
66,0.18902439024390244,9.909822595617122
66,0.1951219512195122,8.916187335879103
66,0.20121951219512196,14.568316750204902
66,0.20731707317073172,7.254197562450064
66,0.21341463414634146,9.133476256819486
66,0.21951219512195122,15.358610329202028
66,0.22560975609756098,14.829201995915007
66,0.23170731707317074,13.050715953186174
66,0.2378048780487805,10.204421036161033
66,0.24390243902439024,4.183305514849737
66,0.25,12.285892556581983
66,0.25609756097560976,13.393483987054708
66,0.2621951219512195,12.98454761950944
66,0.2682926829268293,8.815568644364282
66,0.27439024390243905,6.717006377480813
66,0.2804878048780488,15.767243315255042
66,0.28658536585365857,14.182318700497309
66,0.29268292682926833,16.467900259279205
66,0.29878048780487804,6.2640140182707
66,0.3048780487804878,12.233857050530638
66,0.31097560975609756,20.213919834814117
66,0.3170731707317073,2.484789316457571
66,0.3231707317073171,19.85496082666844
66,0.32926829268292684,15.02338124115177
66,0.3353658536585366,3.095728599058495
66,0.34146341463414637,16.213951933033776
66,0.34756097560975613,2.425695536645417
66,0.3536585365853659,11.50079380839821
66,0.3597560975609756,7.185180170179503
66,0.36585365853658536,7.743297733310016
66,0.3719512195121951,14.855261970278084
66,0.3780487804878049,14.226695787434483
66,0.38414634146341464,6.22529568216781
66,0.3902439024390244,6.310394828300034
66,0.39634146341463417,7.035592483176611
66,0.4024390243902439,2.00777386603603
66,0.4085365853658537,19.224084383777118
66,0.41463414634146345,10.126554133651801
66,0.4207317073170732,4.678169733065891
66,0.4268292682926829,9.579485149956641
66,0.4329268292682927,14.4441112888393
66,0.43902439024390244,13.967880120906429
66,0.4451219512195122,6.489623954344982
66,0.45121951219512196,8.109467944531612
66,0.4573170731707317,8.037395961153795
66,0.4634146341463415,17.451777485686684
66,0.46951219512195125,13.62436356009535
66,0.475609756097561,8.869913138610602
66,0.48170731707317077,13.854056306175561
66,0.4878048780487805,10.95348602109256
66,0.49390243902439024,14.312886358555614
67,0.0,1.0658141036401503e-14
67,0.006097560975609756,11.565734820837683
67,0.012195121951219513,3.6466435075148826
67,0.01829268292682927,9.068279700922881
67,0.024390243902439025,18.277041430695316
67,0.03048780487804878,12.581221956380904
67,0.03658536585365854,25.483907218001246
67,0.042682926829268296,14.451023894867342
67,0.04878048780487805,3.0697393684365877
67,0.054878048780487805,12.042360277725638
67,0.06097560975609756,16.818664617645116
67,0.06707317073170732,8.67630344440897
67,0.07317073170731708,17.288681992218958
67,0.07926829268292683,9.880641980072584
67,0.08536585365853659,9.04421099736795
67,0.09146341463414634,11.08004861646098
67,0.0975609756097561,9.300718601380295
67,0.10365853658536586,9.87807697375873
67,0.10975609756097561,10.225263542100082
67,0.11585365853658537,16.987575041597538
67,0.12195121951219512,8.046033621753777
67,0.12804878048780488,18.56502407318101
67,0.13414634146341464,3.9164313379350704
67,0.1402439024390244,14.946966272552846
67,0.14634146341463417,15.341533242168126
67,0.1524390243902439,13.213568741229336
67,0.15853658536585366,4.97140689683451
67,0.16463414634146342,10.651866246330208
67,0.17073170731707318,10.85602407168418
67,0.17682926829268295,6.778694399842947
67,0.18292682926829268,16.426611234271522
67,0.18902439024390244,16.79561278346249
67,0.1951219512195122,6.060507261057848
67,0.20121951219512196,0.26263591142702325
67,0.20731707317073172,21.118443276390995
67,0.21341463414634146,18.17963472503969
67,0.21951219512195122,11.205094705035709
67,0.22560975609756098,7.900655317298755
67,0.23170731707317074,12.834485255652583
67,0.2378048780487805,16.113822459790157
67,0.24390243902439024,14.462867807899718
67,0.25,4.912604228018358
67,0.25609756097560976,11.16844024177069
67,0.2621951219512195,10.496103644678318
67,0.2682926829268293,15.373605997717792
67,0.27439024390243905,4.701609004953576
67,0.2804878048780488,3.617768558951384
67,0.28658536585365857,6.873261744550273
67,0.29268292682926833,16.286021746650157
67,0.29878048780487804,15.34802087606909
67,0.3048780487804878,18.307325768019897
67,0.31097560975609756,11.490181071904388
67,0.3170731707317073,14.44759375841838
67,0.3231707317073171,12.113792080240179
67,0.32926829268292684,13.532622806958233
67,0.3353658536585366,20.483804962509993
67,0.34146341463414637,5.573916287769374
67,0.34756097560975613,11.487998560788398
67,0.3536585365853659,5.110199858736353
67,0.3597560975609756,13.929795841701266
67,0.36585365853658536,27.38765335925144
67,0.3719512195121951,11.994130232931271
67,0.3780487804878049,9.173757657222668
67,0.38414634146341464,5.792453155172794
67,0.3902439024390244,12.001977449893406
67,0.39634146341463417,4.390910531963602
67,0.4024390243902439,12.534270927729722
67,0.4085365853658537,6.9047760573524934
67,0.41463414634146345,4.483537679584172
67,0.4207317073170732,15.888437267023145
67,0.4268292682926829,21.970244351971985
67,0.4329268292682927,14.671184935515365
67,0.43902439024390244,11.014579209473856
67,0.4451219512195122,4.992649589529147
67,0.45121951219512196,20.055411287999096
67,0.4573170731707317,0.9027663617380556
67,0.4634146341463415,11.327495045196649
67,0.46951219512195125,2.1032696377815214
67,0.475609756097561,11.645078539643
67,0.48170731707317077,2.7623019003773885
67,0.4878048780487805,4.470098459720281
67,0.49390243902439024,23.263366204604957
68,0.0,8.881784197001252e-16
68,0.006097560975609756,23.13695465465252
68,0.012195121951219513,19.206479092095257
68,0.01829268292682927,26.260617052899676
68,0.024390243902439025,18.90007539089965
68,0.03048780487804878,31.943269918083796
68,0.03658536585365854,22.797375844514352
68,0.042682926829268296,12.4400116285826
68,0.04878048780487805,6.496011068213698
68,0.054878048780487805,6.520461395047715
68,0.06097560975609756,14.986551909995798
68,0.06707317073170732,8.69339431799303
68,0.07317073170731708,11.87153817528382
68,0.07926829268292683,7.527571551203587
68,0.08536585365853659,11.973240835982812
68,0.09146341463414634,6.419703613896888
68,0.0975609756097561,6.381072951383158
68,0.10365853658536586,8.16435317597875
68,0.10975609756097561,10.63019653613694
68,0.11585365853658537,8.773015438245785
68,0.12195121951219512,5.14425017856118
68,0.12804878048780488,14.466442990958946
68,0.13414634146341464,11.165900891826618
68,0.1402439024390244,20.13687137696511
68,0.14634146341463417,7.7908936653040906
68,0.1524390243902439,2.6204640269587807
68,0.15853658536585366,8.941815168038552
68,0.16463414634146342,5.582647029729258
68,0.17073170731707318,8.414790899716595
68,0.17682926829268295,5.732868655862888
68,0.18292682926829268,21.027741773113707
68,0.18902439024390244,10.550133558266365
68,0.1951219512195122,9.056002503715346
68,0.20121951219512196,9.077004813534353
68,0.20731707317073172,6.760573143930469
68,0.21341463414634146,19.872817518405842
68,0.21951219512195122,8.60351168876893
68,0.22560975609756098,17.88977640898638
68,0.23170731707317074,7.944819289345363
68,0.2378048780487805,8.464119918073713
68,0.24390243902439024,9.778972650931921
68,0.25,14.692466268838377
68,0.25609756097560976,19.022809084677586
68,0.2621951219512195,14.727490675072772
68,0.2682926829268293,17.1287111075535
68,0.27439024390243905,11.574323053488481
68,0.2804878048780488,9.930595521328746
68,0.28658536585365857,13.804360433492073
68,0.29268292682926833,13.153949105028113
68,0.29878048780487804,5.22444251146648
68,0.3048780487804878,19.30013909084537
68,0.31097560975609756,6.468011774189273
68,0.3170731707317073,4.551936284281173
68,0.3231707317073171,11.30506873893541
68,0.32926829268292684,6.038860980002396
68,0.3353658536585366,14.012472024901015
68,0.34146341463414637,16.68904399607173
68,0.34756097560975613,14.171201364794083
68,0.3536585365853659,18.38756728764147
68,0.3597560975609756,3.431013045292455
68,0.36585365853658536,14.545671011393033
68,0.3719512195121951,7.230561162546185
68,0.3780487804878049,5.405573039103051
68,0.38414634146341464,11.89255378675451
68,0.3902439024390244,8.513092959576797
68,0.39634146341463417,4.574002958745802
68,0.4024390243902439,4.528124492011709
68,0.4085365853658537,11.716830444503598
68,0.41463414634146345,11.631279847496295
68,0.4207317073170732,2.40690994386091
68,0.4268292682926829,9.214612851050445
68,0.4329268292682927,14.164802927597842
68,0.43902439024390244,2.4048784256734517
68,0.4451219512195122,4.053755435270651
68,0.45121951219512196,18.778173771287037
68,0.4573170731707317,12.531176452445342
68,0.4634146341463415,11.36574676224883
68,0.46951219512195125,9.213974555548626
68,0.475609756097561,16.097975806726467
68,0.48170731707317077,11.235995523850688
68,0.4878048780487805,15.489304064049161
68,0.49390243902439024,7.460107728476745
69,0.0,9.325873406851315e-15
69,0.006097560975609756,14.007261064185977
69,0.012195121951219513,28.194524884066183
69,0.01829268292682927,16.844619997830964
69,0.024390243902439025,20.083356274938463
69,0.03048780487804878,23.756021871622163
69,0.03658536585365854,14.883625622155774
69,0.042682926829268296,21.071950609244926
69,0.04878048780487805,3.2488832310583073
69,0.054878048780487805,22.1973612666551
69,0.06097560975609756,16.757066172103624
69,0.06707317073170732,11.928825894223587
69,0.07317073170731708,13.658849843719693
69,0.07926829268292683,5.061307781020546
69,0.08536585365853659,9.194702747934427
69,0.09146341463414634,4.332568424773612
69,0.0975609756097561,26.086682429132285
69,0.10365853658536586,12.424170283452723
69,0.10975609756097561,15.393803598262219
69,0.11585365853658537,4.4976486395438
69,0.12195121951219512,5.710965930252027
69,0.12804878048780488,7.452200549622685
69,0.13414634146341464,1.9700258185384318
69,0.1402439024390244,7.025144460692607
69,0.14634146341463417,9.435922685366888
69,0.1524390243902439,19.614849402680882
69,0.15853658536585366,23.55733611903169
69,0.16463414634146342,7.783122177701401
69,0.17073170731707318,13.606154574833306
69,0.17682926829268295,2.9945062486535705
69,0.18292682926829268,7.519983692414039
69,0.18902439024390244,2.704437146503316
69,0.1951219512195122,17.57911794739855
69,0.20121951219512196,5.931691094471853
69,0.20731707317073172,15.456466327383813
69,0.21341463414634146,10.759192255691786
69,0.21951219512195122,6.372409610942323
69,0.22560975609756098,5.269127593300475
69,0.23170731707317074,16.191538978556476
69,0.2378048780487805,7.873209300507563
69,0.24390243902439024,10.54588669931437
69,0.25,8.6533273422991
69,0.25609756097560976,14.420252117690808
69,0.2621951219512195,2.6937081966006473
69,0.2682926829268293,17.726254139225045
69,0.27439024390243905,14.472045249873782
69,0.2804878048780488,4.861619595196021
69,0.28658536585365857,6.532684164125463
69,0.29268292682926833,15.239704536068732
69,0.29878048780487804,8.822184384620135
69,0.3048780487804878,7.085606586444728
69,0.31097560975609756,14.195657946024062
69,0.3170731707317073,3.6059136482173173
69,0.3231707317073171,14.427060799924517
69,0.32926829268292684,5.112375735214377
69,0.3353658536585366,10.113715776163394
69,0.34146341463414637,5.2547569567447345
69,0.34756097560975613,6.4806979126463755
69,0.3536585365853659,5.334466472282351
69,0.3597560975609756,16.03139905871105
69,0.36585365853658536,31.710777527441408
69,0.3719512195121951,5.119649370277668
69,0.3780487804878049,15.492107422345297
69,0.38414634146341464,9.408120480759004
69,0.3902439024390244,14.431147508740885
69,0.39634146341463417,7.806391138805184
69,0.4024390243902439,10.09282778620134
69,0.4085365853658537,16.784814429839642
69,0.41463414634146345,6.514629088749859
69,0.4207317073170732,9.846189245150741
69,0.4268292682926829,0.6685658872215546
69,0.4329268292682927,7.482247445175976
69,0.43902439024390244,11.761539609570908
69,0.4451219512195122,4.953133637833172
69,0.45121951219512196,12.189808930707873
69,0.4573170731707317,5.175019486566444
69,0.4634146341463415,16.237303558831897
69,0.46951219512195125,7.512407240072414
69,0.475609756097561,14.091121383788076
69,0.48170731707317077,13.84238124871565
69,0.4878048780487805,7.756023586932721
69,0.49390243902439024,6.99638178476416
70,0.0,3.552713678800501e-15
70,0.006097560975609756,8.505196987243217
70,0.012195121951219513,15.351639819860035
70,0.01829268292682927,22.389300516130493
70,0.024390243902439025,11.715298999639876
70,0.03048780487804878,11.194712710417477
70,0.03658536585365854,23.655248183884883
70,0.042682926829268296,14.668232218701007
70,0.04878048780487805,21.183493775351607
70,0.054878048780487805,7.886338582305319
70,0.06097560975609756,17.1841920220055
70,0.06707317073170732,26.645047870067106
70,0.07317073170731708,25.051962299736555
70,0.07926829268292683,19.301186025300908
70,0.08536585365853659,7.760760389204669
70,0.09146341463414634,9.822349702323498
70,0.0975609756097561,6.100704995200204
70,0.10365853658536586,4.43742974453299
70,0.10975609756097561,10.152030214705475
70,0.11585365853658537,16.35521920643701
70,0.12195121951219512,8.465613066474939
70,0.12804878048780488,1.7871526523343253
70,0.13414634146341464,7.453765673063304
70,0.1402439024390244,12.927731728266556
70,0.14634146341463417,14.085247124945223
70,0.1524390243902439,25.53445276952058
70,0.15853658536585366,7.224612890712595
70,0.16463414634146342,11.507632976349914
70,0.17073170731707318,4.280415922652652
70,0.17682926829268295,5.027190258146784
70,0.18292682926829268,18.759778153967122
70,0.18902439024390244,0.667877414447789
70,0.1951219512195122,11.464601928844944
70,0.20121951219512196,2.4583149759931926
70,0.20731707317073172,7.871232290613753
70,0.21341463414634146,5.269836321453249
70,0.21951219512195122,9.119067610311976
70,0.22560975609756098,6.65109033492658
70,0.23170731707317074,18.853226577290805
70,0.2378048780487805,6.733030810594038
70,0.24390243902439024,18.953583330296656
70,0.25,11.756472855489205
70,0.25609756097560976,8.746309622581876
70,0.2621951219512195,15.713274140849498
70,0.2682926829268293,3.6433629365283937
70,0.27439024390243905,3.373366295546286
70,0.2804878048780488,7.09056138768722
70,0.28658536585365857,10.957999064866726
70,0.29268292682926833,8.254945468000916
70,0.29878048780487804,8.661530959055773
70,0.3048780487804878,2.858768459857317
70,0.31097560975609756,11.204238178433219
70,0.3170731707317073,18.04641572909926
70,0.3231707317073171,11.706009614138852
70,0.32926829268292684,5.787915620365984
70,0.3353658536585366,7.109746536201139
70,0.34146341463414637,7.316619828081929
70,0.34756097560975613,9.157665040609563
70,0.3536585365853659,20.149984051243123
70,0.3597560975609756,16.078303097617525
70,0.36585365853658536,14.85336132991105
70,0.3719512195121951,16.240051186172508
70,0.3780487804878049,16.03258986836036
70,0.38414634146341464,19.41385130189129
70,0.3902439024390244,17.629459128014588
70,0.39634146341463417,7.519195089834192
70,0.4024390243902439,9.31086747806768
70,0.4085365853658537,6.314477684127189
70,0.41463414634146345,16.161781834431757
70,0.4207317073170732,11.279004413581562
70,0.4268292682926829,15.09891362473092
70,0.4329268292682927,7.750992363612133
70,0.43902439024390244,9.04591292094224
70,0.4451219512195122,12.565840202877832
70,0.45121951219512196,15.70080884792382
70,0.4573170731707317,8.427877473393078
70,0.4634146341463415,6.440113713501511
70,0.46951219512195125,7.874054864730476
70,0.475609756097561,9.944640503190074
70,0.48170731707317077,3.89879845114579
70,0.4878048780487805,14.665732897247691
70,0.49390243902439024,6.527513303054671
71,0.0,1.554312234475219e-14
71,0.006097560975609756,12.955354371553259
71,0.012195121951219513,21.851543040709384
71,0.01829268292682927,16.08154858230658
71,0.024390243902439025,12.503882157967407
71,0.03048780487804878,12.1790897724247
71,0.03658536585365854,15.432742636993705
71,0.042682926829268296,9.582480860778183
71,0.04878048780487805,4.761120776036699
71,0.054878048780487805,6.0774685593911455
71,0.06097560975609756,8.326057550630386
71,0.06707317073170732,2.935376618179071
71,0.07317073170731708,6.249979438057443
71,0.07926829268292683,6.887547005978161
71,0.08536585365853659,2.781229541888443
71,0.09146341463414634,7.713585914200971
71,0.0975609756097561,6.760902180231447
71,0.10365853658536586,15.307287570190226
71,0.10975609756097561,6.109572472974809
71,0.11585365853658537,15.752288968328322
71,0.12195121951219512,10.754166845739269
71,0.12804878048780488,4.0817476918865525
71,0.13414634146341464,20.33223402609382
71,0.1402439024390244,7.143393347990969
71,0.14634146341463417,29.25682040480955
71,0.1524390243902439,4.190894013875818
71,0.15853658536585366,12.283857074072154
71,0.16463414634146342,5.6406454450357
71,0.17073170731707318,11.31415643558665
71,0.17682926829268295,4.686846160152327
71,0.18292682926829268,3.5560269280818213
71,0.18902439024390244,23.776323258710104
71,0.1951219512195122,12.0681453292982
71,0.20121951219512196,6.007088765793864
71,0.20731707317073172,8.11852485206855
71,0.21341463414634146,14.366732505564855
71,0.21951219512195122,8.041245423836717
71,0.22560975609756098,10.711054719085697
71,0.23170731707317074,11.667413221335998
71,0.2378048780487805,17.33896621795978
71,0.24390243902439024,10.48880182802242
71,0.25,7.409360975141981
71,0.25609756097560976,22.071071291067312
71,0.2621951219512195,20.174176970799582
71,0.2682926829268293,23.663255217165393
71,0.27439024390243905,12.107782757605198
71,0.2804878048780488,8.0655553574628
71,0.28658536585365857,12.813235614327166
71,0.29268292682926833,21.730023007217085
71,0.29878048780487804,16.54598410338628
71,0.3048780487804878,14.983125257943618
71,0.31097560975609756,5.986179243402106
71,0.3170731707317073,14.30626957209012
71,0.3231707317073171,13.291051243732257
71,0.32926829268292684,3.92690730541966
71,0.3353658536585366,18.818742622248575
71,0.34146341463414637,9.377275048716529
71,0.34756097560975613,13.119099947604568
71,0.3536585365853659,1.3908900769411638
71,0.3597560975609756,6.906135557601245
71,0.36585365853658536,10.748757171801286
71,0.3719512195121951,5.660020937003196
71,0.3780487804878049,6.350513870567521
71,0.38414634146341464,2.3094255345349795
71,0.3902439024390244,15.639391579568693
71,0.39634146341463417,5.2661785290206025
71,0.4024390243902439,11.611556779348588
71,0.4085365853658537,19.896739540372447
71,0.41463414634146345,10.681140061442647
71,0.4207317073170732,15.095602223535026
71,0.4268292682926829,10.549872839184491
71,0.4329268292682927,12.175710343141196
71,0.43902439024390244,16.057825309972053
71,0.4451219512195122,29.743980449553394
71,0.45121951219512196,5.410969750784273
71,0.4573170731707317,4.167145448622994
71,0.4634146341463415,2.876786823479081
71,0.46951219512195125,5.516240638376908
71,0.475609756097561,14.072735767539251
71,0.48170731707317077,8.933957411440838
71,0.4878048780487805,14.976515119509784
71,0.49390243902439024,14.33384785137207
72,0.0,7.105427357601002e-15
72,0.006097560975609756,17.261788594557647
72,0.012195121951219513,17.009377437172656
72,0.01829268292682927,7.8445610014507405
72,0.024390243902439025,23.581012429610258
72,0.03048780487804878,15.152816955518455
72,0.03658536585365854,17.50755172816883
72,0.042682926829268296,17.709030853696696
72,0.04878048780487805,7.3432077179085535
72,0.054878048780487805,11.498138975079689
72,0.06097560975609756,20.481142405816605
72,0.06707317073170732,8.935885252460253
72,0.07317073170731708,20.9437549516075
72,0.07926829268292683,21.295127382054027
72,0.08536585365853659,16.079391175004105
72,0.09146341463414634,3.9263463265139573
72,0.0975609756097561,11.965154549408265
72,0.10365853658536586,16.154041953868944
72,0.10975609756097561,19.28079665042453
72,0.11585365853658537,16.750361335114743
72,0.12195121951219512,14.951595364797326
72,0.12804878048780488,1.6261378605094896
72,0.13414634146341464,2.2258960952840603
72,0.1402439024390244,14.092204413095825
72,0.14634146341463417,12.055487434286645
72,0.1524390243902439,7.583980116283219
72,0.15853658536585366,1.3272205435430755
72,0.16463414634146342,12.042130381602778
72,0.17073170731707318,7.972970304624695
72,0.17682926829268295,6.872421457699741
72,0.18292682926829268,5.1119445173701665
72,0.18902439024390244,9.695531540720841
72,0.1951219512195122,12.23345711122555
72,0.20121951219512196,12.127228883943552
72,0.20731707317073172,8.511994864811111
72,0.21341463414634146,13.254145991304634
72,0.21951219512195122,13.889310526794425
72,0.22560975609756098,2.974223837184939
72,0.23170731707317074,15.16065961813572
72,0.2378048780487805,13.508357928648598
72,0.24390243902439024,7.562647825256023
72,0.25,18.482768789806507
72,0.25609756097560976,5.819181785311042
72,0.2621951219512195,16.76856937842803
72,0.2682926829268293,6.134015105679113
72,0.27439024390243905,12.950744496103209
72,0.2804878048780488,7.4896168716506075
72,0.28658536585365857,6.1744943237822785
72,0.29268292682926833,27.71592566519193
72,0.29878048780487804,1.2447540657066787
72,0.3048780487804878,8.866183984954507
72,0.31097560975609756,17.90116725896743
72,0.3170731707317073,8.974636648677699
72,0.3231707317073171,7.871613247641245
72,0.32926829268292684,13.215417866441049
72,0.3353658536585366,14.677999903289395
72,0.34146341463414637,10.946517305326878
72,0.34756097560975613,9.770384283271481
72,0.3536585365853659,13.375836232094905
72,0.3597560975609756,5.2360083012001315
72,0.36585365853658536,10.211791861877288
72,0.3719512195121951,10.28892205588732
72,0.3780487804878049,3.467251024568425
72,0.38414634146341464,18.52010689388224
72,0.3902439024390244,13.493801066667954
72,0.39634146341463417,23.33418675845533
72,0.4024390243902439,14.797866684942598
72,0.4085365853658537,1.6190944950948718
72,0.41463414634146345,21.719855613000504
72,0.4207317073170732,4.433778829009643
72,0.4268292682926829,6.529845319838222
72,0.4329268292682927,6.579460417964935
72,0.43902439024390244,7.189562868239939
72,0.4451219512195122,4.661819998983093
72,0.45121951219512196,4.166135226294049
72,0.4573170731707317,5.58934029517845
72,0.4634146341463415,10.472679069831614
72,0.46951219512195125,5.442207028256447
72,0.475609756097561,10.531427725338009
72,0.48170731707317077,14.899770250781101
72,0.4878048780487805,15.203532737918794
72,0.49390243902439024,16.18457663779842
73,0.0,6.217248937900877e-15
73,0.006097560975609756,15.282417552706656
73,0.012195121951219513,21.417996178733908
73,0.01829268292682927,24.413367270035014
73,0.024390243902439025,8.26114507650468
73,0.03048780487804878,16.38234928634494
73,0.03658536585365854,26.759779520380558
73,0.042682926829268296,10.44252182969348
73,0.04878048780487805,18.549823206257667
73,0.054878048780487805,17.94449656838383
73,0.06097560975609756,4.2850993197890705
73,0.06707317073170732,13.762505563688599
73,0.07317073170731708,13.740139218660273
73,0.07926829268292683,6.656669594230961
73,0.08536585365853659,6.444854166434637
73,0.09146341463414634,13.918091508164709
73,0.0975609756097561,15.77520215021199
73,0.10365853658536586,5.350392520607759
73,0.10975609756097561,13.430152330150975
73,0.11585365853658537,4.965708403557268
73,0.12195121951219512,7.92626346767056
73,0.12804878048780488,7.280711396405014
73,0.13414634146341464,18.267595145491132
73,0.1402439024390244,7.269019944009252
73,0.14634146341463417,11.800916955576879
73,0.1524390243902439,4.6402200072109565
73,0.15853658536585366,8.623416983905988
73,0.16463414634146342,15.990718678405322
73,0.17073170731707318,3.4131065626688337
73,0.17682926829268295,28.082983596664008
73,0.18292682926829268,14.767617216436372
73,0.18902439024390244,13.539100850096412
73,0.1951219512195122,18.96447273768354
73,0.20121951219512196,8.162222602771404
73,0.20731707317073172,9.554040824967801
73,0.21341463414634146,19.473944140896158
73,0.21951219512195122,15.714627679188682
73,0.22560975609756098,9.761348881498094
73,0.23170731707317074,18.864561709821825
73,0.2378048780487805,13.154257912732366
73,0.24390243902439024,7.392532981680042
73,0.25,9.035435724035086
73,0.25609756097560976,3.3133604645047585
73,0.2621951219512195,10.077055323321748
73,0.2682926829268293,6.169483105100421
73,0.27439024390243905,9.666449634234812
73,0.2804878048780488,2.713139460471913
73,0.28658536585365857,10.119747114678956
73,0.29268292682926833,17.009346484592427
73,0.29878048780487804,13.131427138282497
73,0.3048780487804878,15.365695297256677
73,0.31097560975609756,4.0606812163263095
73,0.3170731707317073,12.860690764612283
73,0.3231707317073171,2.7061134876859363
73,0.32926829268292684,8.676372362116002
73,0.3353658536585366,8.151608095299034
73,0.34146341463414637,6.115485843943595
73,0.34756097560975613,9.58160802786206
73,0.3536585365853659,13.539798200084489
73,0.3597560975609756,18.83515877851279
73,0.36585365853658536,2.9140213889276767
73,0.3719512195121951,8.136637750036854
73,0.3780487804878049,9.085302153369339
73,0.38414634146341464,6.721513883457994
73,0.3902439024390244,23.41042170624847
73,0.39634146341463417,11.93783468661136
73,0.4024390243902439,14.675807370614649
73,0.4085365853658537,13.332287677297035
73,0.41463414634146345,28.57445635250136
73,0.4207317073170732,9.107016412623283
73,0.4268292682926829,4.993129137735722
73,0.4329268292682927,16.09892628774932
73,0.43902439024390244,3.682238585786111
73,0.4451219512195122,7.156990697515202
73,0.45121951219512196,11.911565027717462
73,0.4573170731707317,7.349495028232799
73,0.4634146341463415,6.223646420137396
73,0.46951219512195125,7.054127946038666
73,0.475609756097561,5.608767906322673
73,0.48170731707317077,5.051843129029667
73,0.4878048780487805,5.753896762594233
73,0.49390243902439024,10.433180585328222
74,0.0,2.6645352591003757e-14
74,0.006097560975609756,30.475649552816527
74,0.012195121951219513,30.31504847783104
74,0.01829268292682927,28.13553557610453
74,0.024390243902439025,15.967722453031262
74,0.03048780487804878,9.59041680371353
74,0.03658536585365854,9.917348279059388
74,0.042682926829268296,10.736786122320433
74,0.04878048780487805,13.499404296272463
74,0.054878048780487805,2.6677770937179237
74,0.06097560975609756,12.869970412708277
74,0.06707317073170732,13.19194461954712
74,0.07317073170731708,23.82651670994753
74,0.07926829268292683,13.441861656916165
74,0.08536585365853659,14.928849758496328
74,0.09146341463414634,17.324779575065715
74,0.0975609756097561,11.500431778988641
74,0.10365853658536586,12.719215220696961
74,0.10975609756097561,2.8034774458374514
74,0.11585365853658537,9.818740264809652
74,0.12195121951219512,10.462808601951638
74,0.12804878048780488,2.693948332737675
74,0.13414634146341464,23.447646403902656
74,0.1402439024390244,11.462418495612921
74,0.14634146341463417,8.003809013320488
74,0.1524390243902439,6.092590742996959
74,0.15853658536585366,7.176464307079718
74,0.16463414634146342,13.883334505892412
74,0.17073170731707318,10.580621549930159
74,0.17682926829268295,3.0934200817777597
74,0.18292682926829268,8.316311785410198
74,0.18902439024390244,9.799033922158948
74,0.1951219512195122,11.280733539891893
74,0.20121951219512196,8.896710394360536
74,0.20731707317073172,8.582491604594685
74,0.21341463414634146,2.5574790764788538
74,0.21951219512195122,14.913812368333202
74,0.22560975609756098,14.482571990756258
74,0.23170731707317074,13.101869422244333
74,0.2378048780487805,3.49724527324062
74,0.24390243902439024,9.811370466113216
74,0.25,1.1990631537638012
74,0.25609756097560976,10.412019576595164
74,0.2621951219512195,0.7661701162399729
74,0.2682926829268293,22.01416056773814
74,0.27439024390243905,3.0513499628410123
74,0.2804878048780488,2.825162067966638
74,0.28658536585365857,13.138800316470476
74,0.29268292682926833,8.2655453694409
74,0.29878048780487804,2.4016490363352414
74,0.3048780487804878,11.086001402743277
74,0.31097560975609756,7.411488926739672
74,0.3170731707317073,11.96109888453852
74,0.3231707317073171,2.8576389922878005
74,0.32926829268292684,17.663478845392344
74,0.3353658536585366,7.485585048213018
74,0.34146341463414637,11.931217823193828
74,0.34756097560975613,11.177103246657747
74,0.3536585365853659,11.658406926234527
74,0.3597560975609756,16.06870056260689
74,0.36585365853658536,25.606435938299132
74,0.3719512195121951,11.039244823078883
74,0.3780487804878049,9.333181169995807
74,0.38414634146341464,13.399782801086358
74,0.3902439024390244,12.921131845458182
74,0.39634146341463417,9.37216160500518
74,0.4024390243902439,25.10606492871251
74,0.4085365853658537,11.03559555906197
74,0.41463414634146345,6.094117120882261
74,0.4207317073170732,12.77036888940451
74,0.4268292682926829,7.495146056520312
74,0.4329268292682927,8.933691960649087
74,0.43902439024390244,7.315821331592496
74,0.4451219512195122,16.718096506284667
74,0.45121951219512196,10.904812096859846
74,0.4573170731707317,8.719240758625036
74,0.4634146341463415,13.742851211400081
74,0.46951219512195125,7.101588851130081
74,0.475609756097561,4.235842832346253
74,0.48170731707317077,5.420563694879822
74,0.4878048780487805,12.516227570602322
74,0.49390243902439024,5.081179588399817
75,0.0,7.105427357601002e-15
75,0.006097560975609756,16.909863422920935
75,0.012195121951219513,7.461252028809776
75,0.01829268292682927,10.438863548528522
75,0.024390243902439025,3.7785715682055927
75,0.03048780487804878,7.061843058757206
75,0.03658536585365854,26.901453126552628
75,0.042682926829268296,22.322142913774105
75,0.04878048780487805,10.695592115629871
75,0.054878048780487805,28.628659608676696
75,0.06097560975609756,15.393050440166737
75,0.06707317073170732,16.24726876715161
75,0.07317073170731708,10.083512841891297
75,0.07926829268292683,5.021195338159571
75,0.08536585365853659,7.766522172986448
75,0.09146341463414634,1.8218514737561244
75,0.0975609756097561,18.343034369694767
75,0.10365853658536586,13.666359962910212
75,0.10975609756097561,4.823941108548925
75,0.11585365853658537,5.931573038381071
75,0.12195121951219512,9.299039571630166
75,0.12804878048780488,9.695611178008626
75,0.13414634146341464,13.86438957446695
75,0.1402439024390244,21.284982778115143
75,0.14634146341463417,7.411289307133353
75,0.1524390243902439,10.181606601843114
75,0.15853658536585366,11.107874070133757
75,0.16463414634146342,6.049060293803094
75,0.17073170731707318,4.684505917155903
75,0.17682926829268295,13.362908035353293
75,0.18292682926829268,13.914986778902001
75,0.18902439024390244,12.530632097170827
75,0.1951219512195122,2.182527178616932
75,0.20121951219512196,14.341782919915032
75,0.20731707317073172,10.698183954439402
75,0.21341463414634146,5.4244691398065426
75,0.21951219512195122,1.4092061553442983
75,0.22560975609756098,13.567444792473003
75,0.23170731707317074,15.96689459843362
75,0.2378048780487805,10.302956465974521
75,0.24390243902439024,4.0404416287361595
75,0.25,1.4405311579662226
75,0.25609756097560976,25.02912550460652
75,0.2621951219512195,14.977244364391336
75,0.2682926829268293,19.181082703712978
75,0.27439024390243905,25.25197309794908
75,0.2804878048780488,2.067409256492089
75,0.28658536585365857,8.755275529209671
75,0.29268292682926833,7.178217140886705
75,0.29878048780487804,8.670186188967035
75,0.3048780487804878,6.498554296493948
75,0.31097560975609756,30.032542051353104
75,0.3170731707317073,12.210275590937794
75,0.3231707317073171,13.181001323539883
75,0.32926829268292684,9.81268267094382
75,0.3353658536585366,15.024483079365009
75,0.34146341463414637,20.118006697615233
75,0.34756097560975613,2.3183358936223986
75,0.3536585365853659,5.2680352451145485
75,0.3597560975609756,13.25773392170132
75,0.36585365853658536,7.393966958364874
75,0.3719512195121951,6.266452767204325
75,0.3780487804878049,5.129217761922271
75,0.38414634146341464,5.393614991217346
75,0.3902439024390244,6.726483895427254
75,0.39634146341463417,9.35487948858324
75,0.4024390243902439,6.739045882575348
75,0.4085365853658537,12.83210712165853
75,0.41463414634146345,13.125800167413288
75,0.4207317073170732,9.938153487382204
75,0.4268292682926829,14.548100354622859
75,0.4329268292682927,14.553054844198092
75,0.43902439024390244,5.791680077376988
75,0.4451219512195122,7.498178008978957
75,0.45121951219512196,16.660178357007073
75,0.4573170731707317,9.07081675339765
75,0.4634146341463415,3.442901224626328
75,0.46951219512195125,3.6875879853568283
75,0.475609756097561,3.3702241242652944
75,0.48170731707317077,20.080488517740736
75,0.4878048780487805,14.671232434497508
75,0.49390243902439024,17.215886502285297
76,0.0,0.0
76,0.006097560975609756,20.486377370990187
76,0.012195121951219513,23.6374854437414
76,0.01829268292682927,16.92791874000969
76,0.024390243902439025,11.922478623951308
76,0.03048780487804878,15.639433348830835
76,0.03658536585365854,9.591569572964152
76,0.042682926829268296,15.496868948084384
76,0.04878048780487805,16.280289713997135
76,0.054878048780487805,8.376126510138597
76,0.06097560975609756,1.987615368020957
76,0.06707317073170732,7.919458826901469
76,0.07317073170731708,11.401376249465487
76,0.07926829268292683,15.344011899683428
76,0.08536585365853659,22.52260072934767
76,0.09146341463414634,24.263569883449854
76,0.0975609756097561,23.674623869357966
76,0.10365853658536586,10.973250464919976
76,0.10975609756097561,12.786907022661753
76,0.11585365853658537,8.721412259945506
76,0.12195121951219512,12.265595090223606
76,0.12804878048780488,6.819435129463973
76,0.13414634146341464,12.424153948380516
76,0.1402439024390244,13.95402887482156
76,0.14634146341463417,10.269010359826972
76,0.1524390243902439,8.225241696214868
76,0.15853658536585366,4.679236677239557
76,0.16463414634146342,8.143288841700654
76,0.17073170731707318,19.14446772163857
76,0.17682926829268295,17.113885527862845
76,0.18292682926829268,17.04532832603175
76,0.18902439024390244,13.211858060578871
76,0.1951219512195122,12.697193083136344
76,0.20121951219512196,2.663801685877558
76,0.20731707317073172,8.018358749251023
76,0.21341463414634146,7.949977457717009
76,0.21951219512195122,9.311486899718915
76,0.22560975609756098,4.974912741034853
76,0.23170731707317074,7.412316532195009
76,0.2378048780487805,2.082697006113712
76,0.24390243902439024,13.93530015417449
76,0.25,11.468873963040698
76,0.25609756097560976,10.391551667520549
76,0.2621951219512195,2.7430922123423267
76,0.2682926829268293,1.8692152697630853
76,0.27439024390243905,7.268762516082534
76,0.2804878048780488,16.11655769292806
76,0.28658536585365857,7.1309298185564405
76,0.29268292682926833,11.998510179912989
76,0.29878048780487804,24.745049311253354
76,0.3048780487804878,6.914657974215973
76,0.31097560975609756,6.67616617075406
76,0.3170731707317073,12.989437646113464
76,0.3231707317073171,3.1910229632571023
76,0.32926829268292684,5.792995123981177
76,0.3353658536585366,23.561286060356707
76,0.34146341463414637,11.373938351159318
76,0.34756097560975613,16.464374911412524
76,0.3536585365853659,15.157168531705224
76,0.3597560975609756,8.243611871201825
76,0.36585365853658536,12.614291005024024
76,0.3719512195121951,8.369855796547329
76,0.3780487804878049,10.369926835531638
76,0.38414634146341464,0.8076391461491852
76,0.3902439024390244,14.288298527713298
76,0.39634146341463417,10.190322146256204
76,0.4024390243902439,13.018558263986204
76,0.4085365853658537,9.741878003241968
76,0.41463414634146345,17.0694962831009
76,0.4207317073170732,13.928691371107796
76,0.4268292682926829,9.656558517922262
76,0.4329268292682927,10.088561897947162
76,0.43902439024390244,9.111641048486396
76,0.4451219512195122,16.504143139975728
76,0.45121951219512196,3.4500383935418144
76,0.4573170731707317,3.4285137607069522
76,0.4634146341463415,8.383189359809421
76,0.46951219512195125,12.261617574764754
76,0.475609756097561,22.476498348603883
76,0.48170731707317077,2.4063966031742137
76,0.4878048780487805,17.95976248619932
76,0.49390243902439024,8.345244913755625
77,0.0,1.4210854715202004e-14
77,0.006097560975609756,30.846347641811573
77,0.012195121951219513,5.895357784912445
77,0.01829268292682927,8.599806327027167
77,0.024390243902439025,26.228561060112373
77,0.03048780487804878,24.952907864402846
77,0.03658536585365854,8.371693684474678
77,0.042682926829268296,6.459742744776753
77,0.04878048780487805,9.118379097299245
77,0.054878048780487805,15.255652314426817
77,0.06097560975609756,13.847505621280689
77,0.06707317073170732,5.87003863630694
77,0.07317073170731708,10.033433698901687
77,0.07926829268292683,17.000800714867395
77,0.08536585365853659,10.90078312379826
77,0.09146341463414634,6.33985245304737
77,0.0975609756097561,15.098637809579524
77,0.10365853658536586,8.641283425749878
77,0.10975609756097561,7.91981610450951
77,0.11585365853658537,2.4790553808649096
77,0.12195121951219512,11.028081283265681
77,0.12804878048780488,6.998001806637694
77,0.13414634146341464,16.970444591040124
77,0.1402439024390244,5.928886778969128
77,0.14634146341463417,9.1216144679048
77,0.1524390243902439,8.12121143022908
77,0.15853658536585366,20.582340116120196
77,0.16463414634146342,7.200230378812341
77,0.17073170731707318,15.188783558302124
77,0.17682926829268295,12.057396461831102
77,0.18292682926829268,15.10360424752567
77,0.18902439024390244,20.892980868463358
77,0.1951219512195122,12.706189019845565
77,0.20121951219512196,14.126331747184453
77,0.20731707317073172,4.477798920891763
77,0.21341463414634146,15.5173191195052
77,0.21951219512195122,9.061995675562008
77,0.22560975609756098,12.797343699645277
77,0.23170731707317074,26.2940607563129
77,0.2378048780487805,10.391810182954117
77,0.24390243902439024,9.779360379172104
77,0.25,3.5039519365016263
77,0.25609756097560976,13.772348319196565
77,0.2621951219512195,22.79017906644805
77,0.2682926829268293,13.832408734165922
77,0.27439024390243905,9.832477458651073
77,0.2804878048780488,19.399789123976987
77,0.28658536585365857,1.9311709694531292
77,0.29268292682926833,18.460820561072463
77,0.29878048780487804,16.941587600730493
77,0.3048780487804878,12.682533937490797
77,0.31097560975609756,3.6704575077527486
77,0.3170731707317073,17.554602537246023
77,0.3231707317073171,17.89440266319383
77,0.32926829268292684,5.817950796656846
77,0.3353658536585366,4.72717493014685
77,0.34146341463414637,13.156130595280374
77,0.34756097560975613,9.148691158793156
77,0.3536585365853659,10.194335910678515
77,0.3597560975609756,15.668977034158189
77,0.36585365853658536,3.4230711803931824
77,0.3719512195121951,9.976964855111987
77,0.3780487804878049,8.896016441642713
77,0.38414634146341464,6.422738353482522
77,0.3902439024390244,6.8100959039648234
77,0.39634146341463417,12.404211825357736
77,0.4024390243902439,3.1532448024965127
77,0.4085365853658537,4.880854200375005
77,0.41463414634146345,15.941942504987813
77,0.4207317073170732,12.384398792160054
77,0.4268292682926829,1.8638021315980575
77,0.4329268292682927,6.302751669605968
77,0.43902439024390244,5.7637381645603325
77,0.4451219512195122,14.75195131777604
77,0.45121951219512196,5.122634754549254
77,0.4573170731707317,17.38437441873168
77,0.4634146341463415,2.2262456279903384
77,0.46951219512195125,12.145153778407957
77,0.475609756097561,3.881059305903316
77,0.48170731707317077,7.809817155948774
77,0.4878048780487805,9.665108389207813
77,0.49390243902439024,16.03050068067885
78,0.0,1.4210854715202004e-14
78,0.006097560975609756,25.780056497233268
78,0.012195121951219513,22.57387472939993
78,0.01829268292682927,10.225025661683633
78,0.024390243902439025,8.741212996477024
78,0.03048780487804878,12.865275558699823
78,0.03658536585365854,11.296728492471532
78,0.042682926829268296,15.720185211217805
78,0.04878048780487805,19.809115121039465
78,0.054878048780487805,18.405694724107903
78,0.06097560975609756,14.686465866710952
78,0.06707317073170732,17.36972541503218
78,0.07317073170731708,13.50007538023671
78,0.07926829268292683,11.601400316036596
78,0.08536585365853659,11.733258366804694
78,0.09146341463414634,15.156364711571236
78,0.0975609756097561,15.892887583274902
78,0.10365853658536586,17.314302539818886
78,0.10975609756097561,10.994363851036141
78,0.11585365853658537,13.617439955746866
78,0.12195121951219512,10.42138230788375
78,0.12804878048780488,5.177546251591146
78,0.13414634146341464,8.196502901514151
78,0.1402439024390244,18.557006226713785
78,0.14634146341463417,3.939160537503183
78,0.1524390243902439,11.751054928570019
78,0.15853658536585366,11.932426228493233
78,0.16463414634146342,15.260258732200759
78,0.17073170731707318,10.667691663315912
78,0.17682926829268295,7.474487580237359
78,0.18292682926829268,4.4411874026259754
78,0.18902439024390244,19.927891134628073
78,0.1951219512195122,7.988733343042202
78,0.20121951219512196,7.061713016927914
78,0.20731707317073172,7.465189567772097
78,0.21341463414634146,13.553198154306513
78,0.21951219512195122,6.598546850092442
78,0.22560975609756098,8.15842506136575
78,0.23170731707317074,16.97805902564295
78,0.2378048780487805,4.178263831996865
78,0.24390243902439024,13.07145992192705
78,0.25,8.190539717574637
78,0.25609756097560976,11.284703833022835
78,0.2621951219512195,7.8019850524559855
78,0.2682926829268293,20.56687681404758
78,0.27439024390243905,12.311616863151198
78,0.2804878048780488,8.49385881196051
78,0.28658536585365857,2.8755238668740324
78,0.29268292682926833,12.998609284516808
78,0.29878048780487804,4.104999128730575
78,0.3048780487804878,10.081018090908795
78,0.31097560975609756,12.345675900836953
78,0.3170731707317073,6.638622034503251
78,0.3231707317073171,9.613560065040687
78,0.32926829268292684,24.08581472214946
78,0.3353658536585366,8.195154646797786
78,0.34146341463414637,17.247950507792893
78,0.34756097560975613,8.654267786416037
78,0.3536585365853659,3.5314221504624426
78,0.3597560975609756,8.574020152132553
78,0.36585365853658536,7.916730998841792
78,0.3719512195121951,3.782806196630359
78,0.3780487804878049,7.836451956093325
78,0.38414634146341464,10.814653758163649
78,0.3902439024390244,4.155130460527157
78,0.39634146341463417,6.294757546451766
78,0.4024390243902439,9.238167292024723
78,0.4085365853658537,14.645151801046554
78,0.41463414634146345,8.173922146171929
78,0.4207317073170732,9.520361176343132
78,0.4268292682926829,13.357201927129305
78,0.4329268292682927,8.218998249053032
78,0.43902439024390244,15.474064370553762
78,0.4451219512195122,1.6045786478673376
78,0.45121951219512196,11.283878997382178
78,0.4573170731707317,11.807406946715759
78,0.4634146341463415,10.6757562130618
78,0.46951219512195125,16.66625187401259
78,0.475609756097561,11.106711176737726
78,0.48170731707317077,13.626604464348112
78,0.4878048780487805,18.302368637972993
78,0.49390243902439024,11.54679473159456
79,0.0,1.1546319456101628e-14
79,0.006097560975609756,27.335534812832176
79,0.012195121951219513,20.500778792062196
79,0.01829268292682927,10.885145498812099
79,0.024390243902439025,1.8191844519902123
79,0.03048780487804878,15.63518232103893
79,0.03658536585365854,14.92455404228939
79,0.042682926829268296,26.0902090939512
79,0.04878048780487805,21.97982582274766
79,0.054878048780487805,12.928307072601916
79,0.06097560975609756,11.187697485960165
79,0.06707317073170732,6.20527871730127
79,0.07317073170731708,9.472798915509195
79,0.07926829268292683,6.156001759819174
79,0.08536585365853659,26.991757794226242
79,0.09146341463414634,12.447598265659812
79,0.0975609756097561,10.830327712383191
79,0.10365853658536586,15.794527594987448
79,0.10975609756097561,6.993123875753428
79,0.11585365853658537,4.084842618434635
79,0.12195121951219512,9.343888998660763
79,0.12804878048780488,12.864449898245025
79,0.13414634146341464,16.245321975141522
79,0.1402439024390244,11.371056623320749
79,0.14634146341463417,10.926186863866276
79,0.1524390243902439,21.630920469120216
79,0.15853658536585366,0.6015038098593083
79,0.16463414634146342,5.646774920197945
79,0.17073170731707318,10.01960981898045
79,0.17682926829268295,10.96578087218298
79,0.18292682926829268,20.30268332156424
79,0.18902439024390244,9.306346691113664
79,0.1951219512195122,3.8867277560742406
79,0.20121951219512196,7.312226371552096
79,0.20731707317073172,5.713050667944912
79,0.21341463414634146,14.30362457659853
79,0.21951219512195122,21.540298555024478
79,0.22560975609756098,12.232318763961839
79,0.23170731707317074,11.959663668466623
79,0.2378048780487805,11.662611229888643
79,0.24390243902439024,6.46789893051817
79,0.25,0.7434478855965783
79,0.25609756097560976,11.820462293359359
79,0.2621951219512195,13.78773309824494
79,0.2682926829268293,22.88097650336565
79,0.27439024390243905,21.12813942380024
79,0.2804878048780488,8.835023224175726
79,0.28658536585365857,7.171009914020441
79,0.29268292682926833,8.671692816393573
79,0.29878048780487804,3.5605068448849386
79,0.3048780487804878,7.606108431948194
79,0.31097560975609756,5.27017505685698
79,0.3170731707317073,12.56099426155477
79,0.3231707317073171,10.25459081301475
79,0.32926829268292684,14.048207358850773
79,0.3353658536585366,5.264123651993311
79,0.34146341463414637,8.232745698286347
79,0.34756097560975613,15.206738951590841
79,0.3536585365853659,7.0660585607299495
79,0.3597560975609756,12.460616444469062
79,0.36585365853658536,12.51979078066779
79,0.3719512195121951,7.555983751108838
79,0.3780487804878049,9.039702628747579
79,0.38414634146341464,9.781465726852906
79,0.3902439024390244,5.6855983458945945
79,0.39634146341463417,14.617253352285445
79,0.4024390243902439,23.606232287681806
79,0.4085365853658537,11.51914346930072
79,0.41463414634146345,6.962636075851694
79,0.4207317073170732,6.758591899855148
79,0.4268292682926829,4.237334002472901
79,0.4329268292682927,15.658398167000696
79,0.43902439024390244,12.607778766692228
79,0.4451219512195122,6.900785999493513
79,0.45121951219512196,14.946413637472965
79,0.4573170731707317,7.822074342698711
79,0.4634146341463415,11.902498333903432
79,0.46951219512195125,11.029542962589478
79,0.475609756097561,7.322450593771103
79,0.48170731707317077,7.624089134647599
79,0.4878048780487805,14.102488256289691
79,0.49390243902439024,12.231412788608115
80,0.0,6.328271240363392e-15
80,0.006097560975609756,24.397323697389375
80,0.012195121951219513,18.315795783066836
80,0.01829268292682927,14.912804979521926
80,0.024390243902439025,17.837923164780072
80,0.03048780487804878,1.9274435360180593
80,0.03658536585365854,11.332281471424885
80,0.042682926829268296,11.467358344102022
80,0.04878048780487805,15.84644801339445
80,0.054878048780487805,5.8756110505956345
80,0.06097560975609756,6.328270810144651
80,0.06707317073170732,15.646888320970922
80,0.07317073170731708,8.714077254703257
80,0.07926829268292683,22.674409982173458
80,0.08536585365853659,10.44304462845349
80,0.09146341463414634,25.574152910619897
80,0.0975609756097561,19.656716460321203
80,0.10365853658536586,4.012616421447326
80,0.10975609756097561,21.83623503084248
80,0.11585365853658537,18.288292847792757
80,0.12195121951219512,2.3369119116061023
80,0.12804878048780488,16.351662651069297
80,0.13414634146341464,18.750360474816954
80,0.1402439024390244,4.021718166389927
80,0.14634146341463417,3.253757479501613
80,0.1524390243902439,7.431735080664602
80,0.15853658536585366,9.110092308276727
80,0.16463414634146342,4.801401026326632
80,0.17073170731707318,2.452254669146111
80,0.17682926829268295,11.322421552943256
80,0.18292682926829268,7.48462375856185
80,0.18902439024390244,21.453876988475493
80,0.1951219512195122,2.920698487510614
80,0.20121951219512196,1.7174275047266325
80,0.20731707317073172,3.808793494541849
80,0.21341463414634146,15.464042988276358
80,0.21951219512195122,16.847906642608756
80,0.22560975609756098,25.30783500998125
80,0.23170731707317074,8.701723113302528
80,0.2378048780487805,7.792198029039666
80,0.24390243902439024,6.353138369574534
80,0.25,5.119852115109719
80,0.25609756097560976,9.217012232063102
80,0.2621951219512195,14.160030737658985
80,0.2682926829268293,8.502045672156115
80,0.27439024390243905,4.861866554966243
80,0.2804878048780488,11.5084508509482
80,0.28658536585365857,11.483464786663818
80,0.29268292682926833,4.0347627601593254
80,0.29878048780487804,2.7737928214498777
80,0.3048780487804878,15.261104376830707
80,0.31097560975609756,8.930243015382098
80,0.3170731707317073,6.709749057565751
80,0.3231707317073171,22.695122698160134
80,0.32926829268292684,14.584331726703105
80,0.3353658536585366,4.906534486134415
80,0.34146341463414637,16.616881020487305
80,0.34756097560975613,8.55216953579834
80,0.3536585365853659,6.960551125838928
80,0.3597560975609756,8.812745846583056
80,0.36585365853658536,5.700873881619445
80,0.3719512195121951,23.83828550097224
80,0.3780487804878049,10.280353675548794
80,0.38414634146341464,9.306547606746244
80,0.3902439024390244,9.298102322780396
80,0.39634146341463417,3.1196390320072345
80,0.4024390243902439,15.709288773067046
80,0.4085365853658537,12.011248672847723
80,0.41463414634146345,22.95069953325364
80,0.4207317073170732,5.834534120904929
80,0.4268292682926829,7.367614690780673
80,0.4329268292682927,9.054150211074697
80,0.43902439024390244,10.364321812718154
80,0.4451219512195122,7.858107914514794
80,0.45121951219512196,4.075063349044358
80,0.4573170731707317,4.02799244146623
80,0.4634146341463415,3.849123780607852
80,0.46951219512195125,16.787348737566198
80,0.475609756097561,0.6880629842790633
80,0.48170731707317077,5.28506027058717
80,0.4878048780487805,21.907932658387523
80,0.49390243902439024,21.93081077661187
81,0.0,1.3322676295501878e-14
81,0.006097560975609756,17.051343699043013
81,0.012195121951219513,13.21381480112623
81,0.01829268292682927,20.40088649061507
81,0.024390243902439025,1.915379072897041
81,0.03048780487804878,4.267072936606378
81,0.03658536585365854,4.622409392905467
81,0.042682926829268296,11.837897093772604
81,0.04878048780487805,8.028164987772444
81,0.054878048780487805,17.99202455311499
81,0.06097560975609756,9.017506470164642
81,0.06707317073170732,19.459144003183063
81,0.07317073170731708,0.7335114029793371
81,0.07926829268292683,25.997428716275103
81,0.08536585365853659,10.70922413745105
81,0.09146341463414634,7.379693756961741
81,0.0975609756097561,11.612904163580605
81,0.10365853658536586,13.487457652014534
81,0.10975609756097561,19.375402350336135
81,0.11585365853658537,10.688211010337634
81,0.12195121951219512,4.179079632000339
81,0.12804878048780488,10.17335417053406
81,0.13414634146341464,8.844970223678176
81,0.1402439024390244,11.301640657968024
81,0.14634146341463417,6.333638699091126
81,0.1524390243902439,7.455147113035993
81,0.15853658536585366,11.336842717996106
81,0.16463414634146342,14.619815054187288
81,0.17073170731707318,18.263654750308593
81,0.17682926829268295,19.248652151643974
81,0.18292682926829268,33.22020467004313
81,0.18902439024390244,25.512608649563347
81,0.1951219512195122,12.884205536120955
81,0.20121951219512196,9.469759070728415
81,0.20731707317073172,5.424719643678344
81,0.21341463414634146,10.016387011345175
81,0.21951219512195122,3.6259311120631743
81,0.22560975609756098,6.100485000114806
81,0.23170731707317074,10.941477996533372
81,0.2378048780487805,13.056439583629109
81,0.24390243902439024,11.624596688093407
81,0.25,15.391423579272933
81,0.25609756097560976,14.046123729291216
81,0.2621951219512195,25.15003121081117
81,0.2682926829268293,12.325687292685117
81,0.27439024390243905,5.369134273497482
81,0.2804878048780488,13.715762189876314
81,0.28658536585365857,0.5121100904429111
81,0.29268292682926833,4.553247775362694
81,0.29878048780487804,12.032947178691968
81,0.3048780487804878,6.613512196564659
81,0.31097560975609756,7.494400842277621
81,0.3170731707317073,7.5492846839390495
81,0.3231707317073171,9.769777617589513
81,0.32926829268292684,11.61426315401503
81,0.3353658536585366,16.894028500786078
81,0.34146341463414637,10.672888852649717
81,0.34756097560975613,9.281058826142534
81,0.3536585365853659,17.827104746900606
81,0.3597560975609756,12.069617532016371
81,0.36585365853658536,8.074015556712501
81,0.3719512195121951,23.520728663493095
81,0.3780487804878049,7.555709980365252
81,0.38414634146341464,9.761705848208965
81,0.3902439024390244,14.855545412458032
81,0.39634146341463417,3.2580156780373755
81,0.4024390243902439,11.743976411623951
81,0.4085365853658537,7.609436031075938
81,0.41463414634146345,7.712507950187091
81,0.4207317073170732,19.603205864169205
81,0.4268292682926829,16.800426282503587
81,0.4329268292682927,10.842575413114421
81,0.43902439024390244,7.664779107854092
81,0.4451219512195122,11.96866905989406
81,0.45121951219512196,7.3066862980760865
81,0.4573170731707317,4.602084393688906
81,0.4634146341463415,3.721060208095291
81,0.46951219512195125,5.446328204487238
81,0.475609756097561,11.150363496527973
81,0.48170731707317077,15.906312406606478
81,0.4878048780487805,6.852445162923777
81,0.49390243902439024,8.474617051484106
82,0.0,9.769962616701378e-15
82,0.006097560975609756,24.698377095694546
82,0.012195121951219513,15.915253502864477
82,0.01829268292682927,15.12130668612921
82,0.024390243902439025,18.245077102825594
82,0.03048780487804878,10.114659892341368
82,0.03658536585365854,10.817155449401248
82,0.042682926829268296,19.472545166600007
82,0.04878048780487805,12.506568208926405
82,0.054878048780487805,10.360809302031818
82,0.06097560975609756,7.711154885591272
82,0.06707317073170732,13.12863855962359
82,0.07317073170731708,4.222759237078524
82,0.07926829268292683,16.868632575253287
82,0.08536585365853659,11.589601508115196
82,0.09146341463414634,9.143305372808006
82,0.0975609756097561,10.740355404089001
82,0.10365853658536586,9.237815497967448
82,0.10975609756097561,5.138066999354695
82,0.11585365853658537,2.5894801320302316
82,0.12195121951219512,14.402573608629302
82,0.12804878048780488,2.2011954983576554
82,0.13414634146341464,0.48636875725980205
82,0.1402439024390244,16.14181942347642
82,0.14634146341463417,26.58342589059676
82,0.1524390243902439,8.134683028791093
82,0.15853658536585366,8.110753184320908
82,0.16463414634146342,22.862367321453338
82,0.17073170731707318,3.9102305784801894
82,0.17682926829268295,8.328639535445427
82,0.18292682926829268,15.689184051289814
82,0.18902439024390244,5.276206322059084
82,0.1951219512195122,8.69271948299243
82,0.20121951219512196,6.041751495269821
82,0.20731707317073172,23.582224243519757
82,0.21341463414634146,6.288068432564927
82,0.21951219512195122,4.105408589588688
82,0.22560975609756098,1.1444427878806083
82,0.23170731707317074,13.381598941325631
82,0.2378048780487805,13.04969991660569
82,0.24390243902439024,10.650611446990732
82,0.25,16.184959735268013
82,0.25609756097560976,21.832344080115824
82,0.2621951219512195,18.517648503547612
82,0.2682926829268293,11.556952696580558
82,0.27439024390243905,8.607878833851615
82,0.2804878048780488,9.557193319290331
82,0.28658536585365857,18.32915184575093
82,0.29268292682926833,11.113770335014049
82,0.29878048780487804,1.9263860321227315
82,0.3048780487804878,15.362177566659934
82,0.31097560975609756,3.4264872914975415
82,0.3170731707317073,4.939434182730833
82,0.3231707317073171,6.079725794541663
82,0.32926829268292684,6.679451368973723
82,0.3353658536585366,7.097662974185239
82,0.34146341463414637,14.10854710503266
82,0.34756097560975613,1.9412370879332117
82,0.3536585365853659,32.263567281340556
82,0.3597560975609756,20.320317894460633
82,0.36585365853658536,8.744627304290503
82,0.3719512195121951,3.260969180763502
82,0.3780487804878049,15.952444990449663
82,0.38414634146341464,2.154449903375639
82,0.3902439024390244,15.488753076466322
82,0.39634146341463417,12.179885426071293
82,0.4024390243902439,5.033425751906527
82,0.4085365853658537,2.778534742287144
82,0.41463414634146345,14.295296304019415
82,0.4207317073170732,6.170160580907465
82,0.4268292682926829,13.87575176162333
82,0.4329268292682927,0.8044045151327094
82,0.43902439024390244,11.806986169618181
82,0.4451219512195122,10.893824080918066
82,0.45121951219512196,3.0748181992051524
82,0.4573170731707317,8.58772156546197
82,0.4634146341463415,4.998243573039109
82,0.46951219512195125,12.515719747676272
82,0.475609756097561,28.25534324171886
82,0.48170731707317077,11.588065443474756
82,0.4878048780487805,2.384401278106581
82,0.49390243902439024,10.040360854160769
83,0.0,4.440892098500626e-15
83,0.006097560975609756,28.04370096543449
83,0.012195121951219513,5.525818220417137
83,0.01829268292682927,21.22557450649532
83,0.024390243902439025,14.22114158851862
83,0.03048780487804878,9.736590968054657
83,0.03658536585365854,12.51100580861724
83,0.042682926829268296,13.209542525341154
83,0.04878048780487805,6.343923476114636
83,0.054878048780487805,2.6279657171363002
83,0.06097560975609756,14.756043964898597
83,0.06707317073170732,9.443812746796434
83,0.07317073170731708,9.448057681320057
83,0.07926829268292683,16.67606601200336
83,0.08536585365853659,21.051503366442358
83,0.09146341463414634,18.28155270215262
83,0.0975609756097561,32.67559595694592
83,0.10365853658536586,8.744858854727564
83,0.10975609756097561,18.32865391123103
83,0.11585365853658537,20.61180670194807
83,0.12195121951219512,8.827212028723288
83,0.12804878048780488,5.125724964109547
83,0.13414634146341464,7.577073897648516
83,0.1402439024390244,8.097704994213627
83,0.14634146341463417,20.989515432840854
83,0.1524390243902439,12.200141872292765
83,0.15853658536585366,10.53670940488049
83,0.16463414634146342,3.8381286579137113
83,0.17073170731707318,9.157697200448075
83,0.17682926829268295,11.200758948286964
83,0.18292682926829268,19.08971386218519
83,0.18902439024390244,16.548057141045533
83,0.1951219512195122,5.758474935624712
83,0.20121951219512196,6.4630549127968555
83,0.20731707317073172,4.991698332870442
83,0.21341463414634146,7.181164236727821
83,0.21951219512195122,6.333488423688748
83,0.22560975609756098,12.368941945856985
83,0.23170731707317074,5.586158449720177
83,0.2378048780487805,6.538328258594584
83,0.24390243902439024,7.799650672037576
83,0.25,6.6741145218581
83,0.25609756097560976,4.584312168417554
83,0.2621951219512195,6.1545376145726305
83,0.2682926829268293,10.374197750780425
83,0.27439024390243905,8.63660089322704
83,0.2804878048780488,21.025405358685727
83,0.28658536585365857,13.747656711748537
83,0.29268292682926833,0.8329015700500685
83,0.29878048780487804,23.35362947506464
83,0.3048780487804878,10.149667564860971
83,0.31097560975609756,15.627144289230698
83,0.3170731707317073,12.909073521462295
83,0.3231707317073171,6.051280364655311
83,0.32926829268292684,22.404968679192198
83,0.3353658536585366,12.322720081832138
83,0.34146341463414637,7.348430693366374
83,0.34756097560975613,2.39521854235496
83,0.3536585365853659,11.551617166881066
83,0.3597560975609756,27.336350784749204
83,0.36585365853658536,21.48659596645918
83,0.3719512195121951,7.833599242360308
83,0.3780487804878049,9.233707356015758
83,0.38414634146341464,13.811016068032968
83,0.3902439024390244,5.189972013958125
83,0.39634146341463417,20.528209303660258
83,0.4024390243902439,5.465180505556124
83,0.4085365853658537,4.707914414047964
83,0.41463414634146345,3.2312500922374334
83,0.4207317073170732,10.375512864930709
83,0.4268292682926829,13.839452308048049
83,0.4329268292682927,9.453857227438188
83,0.43902439024390244,0.730493966203456
83,0.4451219512195122,9.237164783998569
83,0.45121951219512196,9.598119062025471
83,0.4573170731707317,10.365880946897368
83,0.4634146341463415,2.570305646667451
83,0.46951219512195125,6.059624443541525
83,0.475609756097561,4.926371055754168
83,0.48170731707317077,9.186016415081328
83,0.4878048780487805,3.633612529066458
83,0.49390243902439024,7.519881890199667
84,0.0,1.7763568394002505e-15
84,0.006097560975609756,23.17560317200397
84,0.012195121951219513,29.939348917214122
84,0.01829268292682927,26.387532651473652
84,0.024390243902439025,16.83570935384618
84,0.03048780487804878,25.728060162630094
84,0.03658536585365854,25.89154693872846
84,0.042682926829268296,11.57197059985059
84,0.04878048780487805,22.244600466208528
84,0.054878048780487805,3.943363434627276
84,0.06097560975609756,9.915917024025886
84,0.06707317073170732,9.533300590200732
84,0.07317073170731708,15.712041507233678
84,0.07926829268292683,11.303718045884946
84,0.08536585365853659,6.560829022888634
84,0.09146341463414634,15.1860928332717
84,0.0975609756097561,16.49155374341224
84,0.10365853658536586,5.961582767188123
84,0.10975609756097561,4.27696479792112
84,0.11585365853658537,8.461813899887051
84,0.12195121951219512,3.9593490190059537
84,0.12804878048780488,12.665870486476829
84,0.13414634146341464,10.675612415382702
84,0.1402439024390244,8.162470165859125
84,0.14634146341463417,4.510974082187468
84,0.1524390243902439,9.046729970489606
84,0.15853658536585366,11.603249206524596
84,0.16463414634146342,8.554004661498425
84,0.17073170731707318,7.74192226548418
84,0.17682926829268295,16.307729875738964
84,0.18292682926829268,15.21167627399662
84,0.18902439024390244,5.764635718899851
84,0.1951219512195122,10.093748315196846
84,0.20121951219512196,11.83519067865061
84,0.20731707317073172,9.125307392556731
84,0.21341463414634146,2.257393111949193
84,0.21951219512195122,6.279396578114074
84,0.22560975609756098,1.1626955080580152
84,0.23170731707317074,5.662324511596613
84,0.2378048780487805,16.429164899826834
84,0.24390243902439024,11.832785134514513
84,0.25,12.717433440919429
84,0.25609756097560976,12.263836795016989
84,0.2621951219512195,8.433442283017287
84,0.2682926829268293,20.679135645031696
84,0.27439024390243905,3.8593750379819616
84,0.2804878048780488,6.6916148850118375
84,0.28658536585365857,9.939204513161936
84,0.29268292682926833,8.635763216255125
84,0.29878048780487804,9.774179149860087
84,0.3048780487804878,8.289056083585956
84,0.31097560975609756,20.23807204777709
84,0.3170731707317073,7.481671823959354
84,0.3231707317073171,7.119040737720443
84,0.32926829268292684,5.63802993934507
84,0.3353658536585366,10.985165322149133
84,0.34146341463414637,12.826984561312715
84,0.34756097560975613,4.065417692526021
84,0.3536585365853659,16.272277430103557
84,0.3597560975609756,12.818553541968482
84,0.36585365853658536,9.937776324755696
84,0.3719512195121951,14.831591078231616
84,0.3780487804878049,4.060813536638589
84,0.38414634146341464,2.520519508185075
84,0.3902439024390244,10.648607328697413
84,0.39634146341463417,17.509849219291613
84,0.4024390243902439,13.751250236285497
84,0.4085365853658537,9.28401020452709
84,0.41463414634146345,3.256541484977004
84,0.4207317073170732,16.359369188304736
84,0.4268292682926829,5.377263945226091
84,0.4329268292682927,16.14021886108284
84,0.43902439024390244,19.64065151509394
84,0.4451219512195122,8.909424389672962
84,0.45121951219512196,10.96794669100496
84,0.4573170731707317,6.637522955387981
84,0.4634146341463415,6.405283501661801
84,0.46951219512195125,6.056416664357069
84,0.475609756097561,11.277874260830844
84,0.48170731707317077,23.78576264471004
84,0.4878048780487805,12.307448622889451
84,0.49390243902439024,5.010395962446318
85,0.0,1.9539925233402755e-14
85,0.006097560975609756,11.3372541975364
85,0.012195121951219513,32.00334251183711
85,0.01829268292682927,12.390263283714203
85,0.024390243902439025,19.928974845493038
85,0.03048780487804878,20.77431541815919
85,0.03658536585365854,15.045209014025158
85,0.042682926829268296,24.048142729348246
85,0.04878048780487805,16.359755494027898
85,0.054878048780487805,10.398882099323131
85,0.06097560975609756,16.91013006432146
85,0.06707317073170732,23.83537591091374
85,0.07317073170731708,12.833585746343354
85,0.07926829268292683,25.69377023732972
85,0.08536585365853659,9.938083569535655
85,0.09146341463414634,21.049723037637218
85,0.0975609756097561,11.678124839979022
85,0.10365853658536586,6.214387774336352
85,0.10975609756097561,15.199118932628547
85,0.11585365853658537,6.2669600066797955
85,0.12195121951219512,23.75347742615371
85,0.12804878048780488,14.889069535085376
85,0.13414634146341464,7.077695326165473
85,0.1402439024390244,2.643897886688366
85,0.14634146341463417,15.477192319418872
85,0.1524390243902439,12.422775362270407
85,0.15853658536585366,6.758132848471184
85,0.16463414634146342,4.9732184249233535
85,0.17073170731707318,7.796954420118095
85,0.17682926829268295,9.520641813519369
85,0.18292682926829268,12.469560264622515
85,0.18902439024390244,8.60628458369564
85,0.1951219512195122,7.627963827852219
85,0.20121951219512196,2.7509272921552284
85,0.20731707317073172,13.852206025276992
85,0.21341463414634146,16.241110681004375
85,0.21951219512195122,17.043778696964033
85,0.22560975609756098,13.87663560124795
85,0.23170731707317074,7.305612906156819
85,0.2378048780487805,7.97576647393609
85,0.24390243902439024,8.028223193958217
85,0.25,5.463781465294752
85,0.25609756097560976,9.913715467416639
85,0.2621951219512195,17.247985645498606
85,0.2682926829268293,2.309007882656442
85,0.27439024390243905,3.7055866408785976
85,0.2804878048780488,16.287884766719436
85,0.28658536585365857,15.267480375342146
85,0.29268292682926833,9.245629553405518
85,0.29878048780487804,9.296092106837042
85,0.3048780487804878,19.35543513052196
85,0.31097560975609756,2.6603041057731853
85,0.3170731707317073,15.71321374523708
85,0.3231707317073171,12.296379826103637
85,0.32926829268292684,4.479576954785169
85,0.3353658536585366,12.004325027060938
85,0.34146341463414637,10.407173767884444
85,0.34756097560975613,5.648653518257672
85,0.3536585365853659,2.712791066584197
85,0.3597560975609756,12.63038335089293
85,0.36585365853658536,4.801951454728488
85,0.3719512195121951,8.011607043091923
85,0.3780487804878049,16.184926173836924
85,0.38414634146341464,13.871676456360786
85,0.3902439024390244,2.3960600524484716
85,0.39634146341463417,5.171450863403943
85,0.4024390243902439,11.45257828779378
85,0.4085365853658537,8.964614266466894
85,0.41463414634146345,18.891994608773437
85,0.4207317073170732,8.296584884658508
85,0.4268292682926829,13.406947900757231
85,0.4329268292682927,10.537285694053248
85,0.43902439024390244,5.327352236849191
85,0.4451219512195122,4.037649387805568
85,0.45121951219512196,3.3779682658466994
85,0.4573170731707317,7.713827231308283
85,0.4634146341463415,14.644914220672892
85,0.46951219512195125,5.769344357596817
85,0.475609756097561,12.520711411396336
85,0.48170731707317077,5.61949197513783
85,0.4878048780487805,6.755989454110187
85,0.49390243902439024,9.7042968195557
86,0.0,1.7763568394002505e-15
86,0.006097560975609756,41.078149827703356
86,0.012195121951219513,24.67357588657663
86,0.01829268292682927,30.197217898142803
86,0.024390243902439025,23.703903641401592
86,0.03048780487804878,13.821093258125126
86,0.03658536585365854,2.214592833051977
86,0.042682926829268296,15.794730419333591
86,0.04878048780487805,3.831189641157982
86,0.054878048780487805,5.175153608516771
86,0.06097560975609756,2.783265579892966
86,0.06707317073170732,21.300129158772496
86,0.07317073170731708,20.155181199591393
86,0.07926829268292683,11.506452328805127
86,0.08536585365853659,8.694692812974244
86,0.09146341463414634,7.2369527353632535
86,0.0975609756097561,7.6291766887024925
86,0.10365853658536586,4.053494503619238
86,0.10975609756097561,10.836560825606854
86,0.11585365853658537,8.067676862715912
86,0.12195121951219512,4.573218560806678
86,0.12804878048780488,17.393287998887654
86,0.13414634146341464,12.700623408294366
86,0.1402439024390244,3.8546599007767797
86,0.14634146341463417,3.9624967845152557
86,0.1524390243902439,1.761511998407184
86,0.15853658536585366,4.113036608729992
86,0.16463414634146342,4.7986917652031975
86,0.17073170731707318,13.846162985888972
86,0.17682926829268295,8.610238410817832
86,0.18292682926829268,1.7917803627279643
86,0.18902439024390244,2.5307976857020784
86,0.1951219512195122,5.643866451310754
86,0.20121951219512196,3.7563514819691286
86,0.20731707317073172,19.18002211842017
86,0.21341463414634146,8.170311511701367
86,0.21951219512195122,7.7771740399923734
86,0.22560975609756098,13.503365005884964
86,0.23170731707317074,12.89362807150133
86,0.2378048780487805,20.568427129136936
86,0.24390243902439024,15.237812551142854
86,0.25,17.61685500545149
86,0.25609756097560976,11.780091628951416
86,0.2621951219512195,10.811300434174314
86,0.2682926829268293,10.80991500943548
86,0.27439024390243905,7.761691931543837
86,0.2804878048780488,12.427164918015254
86,0.28658536585365857,18.910172143896443
86,0.29268292682926833,11.859609355041673
86,0.29878048780487804,7.03055075911133
86,0.3048780487804878,11.392972534560684
86,0.31097560975609756,8.721876167718875
86,0.3170731707317073,8.496944422556384
86,0.3231707317073171,16.86586216787527
86,0.32926829268292684,9.857297790243685
86,0.3353658536585366,9.209333674445173
86,0.34146341463414637,4.45791977103845
86,0.34756097560975613,12.334749454882488
86,0.3536585365853659,18.254944258892813
86,0.3597560975609756,11.110484147209421
86,0.36585365853658536,4.879998767024211
86,0.3719512195121951,9.847842886305559
86,0.3780487804878049,9.32346563536495
86,0.38414634146341464,2.930193758342608
86,0.3902439024390244,4.981485435538736
86,0.39634146341463417,11.038973172005337
86,0.4024390243902439,2.1380768269120187
86,0.4085365853658537,1.1060652736238377
86,0.41463414634146345,14.789118207666036
86,0.4207317073170732,11.842238769953685
86,0.4268292682926829,4.583138909795147
86,0.4329268292682927,15.581475700562212
86,0.43902439024390244,16.15025232024202
86,0.4451219512195122,12.519630792148075
86,0.45121951219512196,12.45579669921055
86,0.4573170731707317,9.129187821275263
86,0.4634146341463415,22.426421347852617
86,0.46951219512195125,7.6692145984591695
86,0.475609756097561,7.267254048903568
86,0.48170731707317077,8.381657045795126
86,0.4878048780487805,14.924438208320558
86,0.49390243902439024,7.324328959243082
87,0.0,3.774758283725532e-15
87,0.006097560975609756,2.7327738548865113
87,0.012195121951219513,15.609706752832022
87,0.01829268292682927,16.22624867303986
87,0.024390243902439025,12.881753631431677
87,0.03048780487804878,10.362805505948595
87,0.03658536585365854,18.36763549809189
87,0.042682926829268296,7.868225608509623
87,0.04878048780487805,3.930225207672787
87,0.054878048780487805,14.224980662101924
87,0.06097560975609756,9.160527942707217
87,0.06707317073170732,2.996089290657396
87,0.07317073170731708,8.243695828651653
87,0.07926829268292683,3.4845691998001183
87,0.08536585365853659,14.420530355783235
87,0.09146341463414634,20.22904030884309
87,0.0975609756097561,21.17878399699453
87,0.10365853658536586,8.704584313474006
87,0.10975609756097561,17.19396694495948
87,0.11585365853658537,9.722283953655941
87,0.12195121951219512,12.719524847104314
87,0.12804878048780488,12.276874928385793
87,0.13414634146341464,16.346024945231505
87,0.1402439024390244,11.665711022427395
87,0.14634146341463417,2.6123913101690253
87,0.1524390243902439,5.035102051906588
87,0.15853658536585366,15.055607523066476
87,0.16463414634146342,14.610180858789139
87,0.17073170731707318,11.099436458243101
87,0.17682926829268295,8.314904430433849
87,0.18292682926829268,20.233349411030602
87,0.18902439024390244,11.112391270197975
87,0.1951219512195122,13.268037120044092
87,0.20121951219512196,23.282900137893748
87,0.20731707317073172,7.74411693772067
87,0.21341463414634146,11.312281350481856
87,0.21951219512195122,22.01597770477571
87,0.22560975609756098,4.507014331485931
87,0.23170731707317074,13.117209625317164
87,0.2378048780487805,19.16773410205062
87,0.24390243902439024,9.092019638316033
87,0.25,13.908032975396976
87,0.25609756097560976,10.712028133383766
87,0.2621951219512195,6.832221605753212
87,0.2682926829268293,8.768532151108428
87,0.27439024390243905,4.878126947610123
87,0.2804878048780488,2.869873776096489
87,0.28658536585365857,20.583331818741502
87,0.29268292682926833,2.9297785250941963
87,0.29878048780487804,4.720679376425113
87,0.3048780487804878,21.06289979973157
87,0.31097560975609756,10.078169644478901
87,0.3170731707317073,6.437855957495516
87,0.3231707317073171,1.9509918016839471
87,0.32926829268292684,9.158940728865227
87,0.3353658536585366,19.383655526709852
87,0.34146341463414637,2.8672772581676673
87,0.34756097560975613,11.61421974304191
87,0.3536585365853659,6.817582733868195
87,0.3597560975609756,25.500902316438935
87,0.36585365853658536,2.340397283167917
87,0.3719512195121951,8.063655069481491
87,0.3780487804878049,15.93024817326132
87,0.38414634146341464,21.01904392256777
87,0.3902439024390244,11.385192911244978
87,0.39634146341463417,9.625870839785529
87,0.4024390243902439,9.503398527182906
87,0.4085365853658537,17.109897674210547
87,0.41463414634146345,6.684346796347116
87,0.4207317073170732,17.96699981065921
87,0.4268292682926829,8.359818640142576
87,0.4329268292682927,13.334909942387421
87,0.43902439024390244,11.837386079036339
87,0.4451219512195122,9.162581091545645
87,0.45121951219512196,10.401602920864008
87,0.4573170731707317,17.747423979259622
87,0.4634146341463415,11.197797564104231
87,0.46951219512195125,9.71506209423758
87,0.475609756097561,8.635281462837979
87,0.48170731707317077,10.418710215975107
87,0.4878048780487805,5.908330475318204
87,0.49390243902439024,22.556265057508163
88,0.0,3.108624468950438e-14
88,0.006097560975609756,15.744052075563072
88,0.012195121951219513,20.7150267307972
88,0.01829268292682927,19.872015829602613
88,0.024390243902439025,5.389719139828542
88,0.03048780487804878,15.521537177530348
88,0.03658536585365854,16.971783365139462
88,0.042682926829268296,24.04657234060962
88,0.04878048780487805,18.291856464729364
88,0.054878048780487805,21.240568254560944
88,0.06097560975609756,12.45383685974251
88,0.06707317073170732,9.100904186799688
88,0.07317073170731708,13.81591026488359
88,0.07926829268292683,9.691414188708102
88,0.08536585365853659,18.02009053111215
88,0.09146341463414634,4.0710701680525325
88,0.0975609756097561,6.2165802733375655
88,0.10365853658536586,9.105034814433843
88,0.10975609756097561,6.62294500318701
88,0.11585365853658537,20.362731529492418
88,0.12195121951219512,6.728118503710083
88,0.12804878048780488,12.053616630847175
88,0.13414634146341464,18.421931214056702
88,0.1402439024390244,8.508297358668576
88,0.14634146341463417,15.978703771806288
88,0.1524390243902439,4.882353414200345
88,0.15853658536585366,15.131329766206667
88,0.16463414634146342,9.920835409736029
88,0.17073170731707318,14.27755135473847
88,0.17682926829268295,13.781143688538178
88,0.18292682926829268,15.169927709083925
88,0.18902439024390244,9.568872991203476
88,0.1951219512195122,6.375889163688049
88,0.20121951219512196,17.271300620493022
88,0.20731707317073172,1.9732621237836234
88,0.21341463414634146,6.184549562211206
88,0.21951219512195122,11.25632584639028
88,0.22560975609756098,15.727011900952498
88,0.23170731707317074,2.4703689543228657
88,0.2378048780487805,9.414354064914074
88,0.24390243902439024,13.583256617369544
88,0.25,15.91722791252676
88,0.25609756097560976,18.45412115225379
88,0.2621951219512195,18.2560699263218
88,0.2682926829268293,9.236575595036834
88,0.27439024390243905,10.605706167076713
88,0.2804878048780488,13.071152911075412
88,0.28658536585365857,9.732857468636565
88,0.29268292682926833,13.047886163188316
88,0.29878048780487804,12.52811403842819
88,0.3048780487804878,4.678745101628891
88,0.31097560975609756,11.224147713823195
88,0.3170731707317073,13.039535445820338
88,0.3231707317073171,12.457512613568513
88,0.32926829268292684,12.76866105607532
88,0.3353658536585366,10.504006456818093
88,0.34146341463414637,12.728103727582896
88,0.34756097560975613,9.097324599813058
88,0.3536585365853659,9.386787091638489
88,0.3597560975609756,6.905292957942225
88,0.36585365853658536,13.947336725563654
88,0.3719512195121951,5.98552062948639
88,0.3780487804878049,15.733992505422068
88,0.38414634146341464,3.112135924831936
88,0.3902439024390244,11.954756560001904
88,0.39634146341463417,11.23143203382664
88,0.4024390243902439,24.181922659053416
88,0.4085365853658537,8.869142246126328
88,0.41463414634146345,20.807269603680194
88,0.4207317073170732,15.112294021230023
88,0.4268292682926829,9.846185873348666
88,0.4329268292682927,6.212655067681436
88,0.43902439024390244,6.683520857032916
88,0.4451219512195122,4.455777988328498
88,0.45121951219512196,5.555437403019615
88,0.4573170731707317,12.756517350773994
88,0.4634146341463415,16.573395688829898
88,0.46951219512195125,6.812823952270496
88,0.475609756097561,9.771249921246838
88,0.48170731707317077,8.827282727015852
88,0.4878048780487805,6.167037303136865
88,0.49390243902439024,12.68587747729612
89,0.0,3.552713678800501e-15
89,0.006097560975609756,15.037566822758908
89,0.012195121951219513,4.64550742789612
89,0.01829268292682927,8.062033721699969
89,0.024390243902439025,4.446084527403358
89,0.03048780487804878,4.473211348398244
89,0.03658536585365854,25.46147333895738
89,0.042682926829268296,9.125785356547835
89,0.04878048780487805,7.793772078308031
89,0.054878048780487805,24.713690292617837
89,0.06097560975609756,24.99271063965854
89,0.06707317073170732,11.899486748681285
89,0.07317073170731708,11.609165246609198
89,0.07926829268292683,10.167059834072111
89,0.08536585365853659,7.231221409942975
89,0.09146341463414634,25.33889960216285
89,0.0975609756097561,19.13614363067286
89,0.10365853658536586,22.6877575464426
89,0.10975609756097561,10.863280689824684
89,0.11585365853658537,7.004882822544918
89,0.12195121951219512,11.53842258921426
89,0.12804878048780488,15.72458751584093
89,0.13414634146341464,12.767550012181685
89,0.1402439024390244,16.973923841714825
89,0.14634146341463417,8.234707329482816
89,0.1524390243902439,23.386254294447014
89,0.15853658536585366,18.046069893248344
89,0.16463414634146342,10.399848233123265
89,0.17073170731707318,3.909528237184287
89,0.17682926829268295,9.14941728667665
89,0.18292682926829268,0.9369667338669887
89,0.18902439024390244,23.10596530334725
89,0.1951219512195122,14.606931425696093
89,0.20121951219512196,9.418934059029992
89,0.20731707317073172,10.772603312144065
89,0.21341463414634146,15.818932067551403
89,0.21951219512195122,2.5104008853276487
89,0.22560975609756098,7.399420994839793
89,0.23170731707317074,14.092484533253279
89,0.2378048780487805,8.914536733487388
89,0.24390243902439024,18.240788192623604
89,0.25,22.588327675992925
89,0.25609756097560976,11.902511055152345
89,0.2621951219512195,1.4582370645960179
89,0.2682926829268293,8.204659770136372
89,0.27439024390243905,4.4274501184044155
89,0.2804878048780488,17.006192963900766
89,0.28658536585365857,8.244463204077501
89,0.29268292682926833,12.583427805375477
89,0.29878048780487804,16.706762462469346
89,0.3048780487804878,4.521019615467122
89,0.31097560975609756,8.21506082960744
89,0.3170731707317073,10.832760964109703
89,0.3231707317073171,4.831832149715084
89,0.32926829268292684,10.132135249317825
89,0.3353658536585366,6.03602055845771
89,0.34146341463414637,8.63911528562154
89,0.34756097560975613,11.983272550202184
89,0.3536585365853659,13.953729791332421
89,0.3597560975609756,14.461624228542417
89,0.36585365853658536,10.645634568263855
89,0.3719512195121951,14.475345801725249
89,0.3780487804878049,20.26392238137821
89,0.38414634146341464,11.977142876730456
89,0.3902439024390244,14.764755633491712
89,0.39634146341463417,5.0035694130310775
89,0.4024390243902439,12.50025314004383
89,0.4085365853658537,5.687011585726197
89,0.41463414634146345,3.8147332475734097
89,0.4207317073170732,14.007839040751005
89,0.4268292682926829,6.173642331222004
89,0.4329268292682927,15.761928425880837
89,0.43902439024390244,4.444337753097075
89,0.4451219512195122,12.933785924595762
89,0.45121951219512196,6.010283921602516
89,0.4573170731707317,18.77505896612403
89,0.4634146341463415,4.453153420776691
89,0.46951219512195125,8.684459212479846
89,0.475609756097561,4.710654981243875
89,0.48170731707317077,6.937943934825701
89,0.4878048780487805,1.651366295145703
89,0.49390243902439024,1.421053884564424
90,0.0,8.881784197001252e-15
90,0.006097560975609756,26.692962214068718
90,0.012195121951219513,6.337016188941428
90,0.01829268292682927,10.093469263530833
90,0.024390243902439025,24.322740775091674
90,0.03048780487804878,15.892217532582965
90,0.03658536585365854,11.431095763057495
90,0.042682926829268296,18.3735811737939
90,0.04878048780487805,18.167273252686297
90,0.054878048780487805,28.001300116324916
90,0.06097560975609756,12.27778387779223
90,0.06707317073170732,9.528640520523567
90,0.07317073170731708,9.987303398634916
90,0.07926829268292683,16.853281660104503
90,0.08536585365853659,23.37002686191601
90,0.09146341463414634,9.651029492854907
90,0.0975609756097561,15.855317495521122
90,0.10365853658536586,14.773218276067109
90,0.10975609756097561,10.438406261638631
90,0.11585365853658537,10.775691688194796
90,0.12195121951219512,14.37630073629167
90,0.12804878048780488,8.751648905279392
90,0.13414634146341464,10.820532157893801
90,0.1402439024390244,17.1407467599638
90,0.14634146341463417,3.8494599100242146
90,0.1524390243902439,12.166941127552313
90,0.15853658536585366,7.691186073519594
90,0.16463414634146342,14.99126671832417
90,0.17073170731707318,4.008741080599723
90,0.17682926829268295,11.91894911497082
90,0.18292682926829268,8.487199349884705
90,0.18902439024390244,12.561989400618332
90,0.1951219512195122,8.174153565901117
90,0.20121951219512196,13.106452189529936
90,0.20731707317073172,10.596216665163723
90,0.21341463414634146,15.777363275313864
90,0.21951219512195122,7.325315110907381
90,0.22560975609756098,14.894599413742784
90,0.23170731707317074,9.23388413782904
90,0.2378048780487805,4.622148549276536
90,0.24390243902439024,13.92506116125491
90,0.25,1.8191440294290824
90,0.25609756097560976,10.682645529846518
90,0.2621951219512195,2.469871637152344
90,0.2682926829268293,9.547282706607557
90,0.27439024390243905,19.44917534175103
90,0.2804878048780488,13.808418363086206
90,0.28658536585365857,13.801860176610646
90,0.29268292682926833,3.868009847314283
90,0.29878048780487804,11.193345458656939
90,0.3048780487804878,8.49435062207225
90,0.31097560975609756,7.394149145435573
90,0.3170731707317073,17.84637981203334
90,0.3231707317073171,13.10327826516038
90,0.32926829268292684,7.623979995246107
90,0.3353658536585366,11.64737554801987
90,0.34146341463414637,14.84623130493744
90,0.34756097560975613,3.497646851297783
90,0.3536585365853659,4.964098672520232
90,0.3597560975609756,17.888519629656436
90,0.36585365853658536,12.37753999635476
90,0.3719512195121951,9.257528349990379
90,0.3780487804878049,7.466660075903438
90,0.38414634146341464,10.85177288005374
90,0.3902439024390244,13.300322454881433
90,0.39634146341463417,16.5121643651492
90,0.4024390243902439,7.3871486538239
90,0.4085365853658537,6.700038129435944
90,0.41463414634146345,3.4594345174537575
90,0.4207317073170732,6.152054063867545
90,0.4268292682926829,17.35323652638976
90,0.4329268292682927,18.135412005099226
90,0.43902439024390244,8.971440709113084
90,0.4451219512195122,9.099800218668504
90,0.45121951219512196,7.136940603836769
90,0.4573170731707317,6.795346922704109
90,0.4634146341463415,14.683414170049772
90,0.46951219512195125,7.512993001961826
90,0.475609756097561,19.54943915873104
90,0.48170731707317077,1.8139178484629193
90,0.4878048780487805,9.480998912221311
90,0.49390243902439024,4.029825055636161
91,0.0,1.7763568394002505e-14
91,0.006097560975609756,18.94587136692761
91,0.012195121951219513,13.009888824578935
91,0.01829268292682927,8.128678624538654
91,0.024390243902439025,11.320229462914495
91,0.03048780487804878,13.790153813674314
91,0.03658536585365854,18.24958260515579
91,0.042682926829268296,5.84362174548074
91,0.04878048780487805,14.636439059048406
91,0.054878048780487805,0.5034090563282757
91,0.06097560975609756,6.231103580660832
91,0.06707317073170732,20.194975406823144
91,0.07317073170731708,12.815845797622506
91,0.07926829268292683,33.07011834368871
91,0.08536585365853659,9.804762473082084
91,0.09146341463414634,13.279741492718653
91,0.0975609756097561,13.552416815339386
91,0.10365853658536586,1.4710304697705987
91,0.10975609756097561,5.891788162614247
91,0.11585365853658537,14.369765028511893
91,0.12195121951219512,3.6868732509120408
91,0.12804878048780488,5.91687765008168
91,0.13414634146341464,13.034329216908434
91,0.1402439024390244,19.558021782491917
91,0.14634146341463417,7.431567528722911
91,0.1524390243902439,15.094475546985219
91,0.15853658536585366,17.1165413012639
91,0.16463414634146342,9.805132731743292
91,0.17073170731707318,4.045247517194744
91,0.17682926829268295,13.180447859646522
91,0.18292682926829268,9.462219432024392
91,0.18902439024390244,17.634580785269907
91,0.1951219512195122,20.117462191635116
91,0.20121951219512196,6.641361569110984
91,0.20731707317073172,15.717919679866396
91,0.21341463414634146,8.724166376653036
91,0.21951219512195122,10.892388080833223
91,0.22560975609756098,9.477703244649598
91,0.23170731707317074,12.806653919827394
91,0.2378048780487805,2.21078796314723
91,0.24390243902439024,9.014426443991228
91,0.25,8.283244282358726
91,0.25609756097560976,18.332864453072563
91,0.2621951219512195,2.267890665865094
91,0.2682926829268293,9.70547474060842
91,0.27439024390243905,27.467783454003182
91,0.2804878048780488,9.078511669344566
91,0.28658536585365857,13.285920770700258
91,0.29268292682926833,7.840156347824893
91,0.29878048780487804,14.623176679948394
91,0.3048780487804878,3.722828996827285
91,0.31097560975609756,7.464693733454439
91,0.3170731707317073,11.120437926159324
91,0.3231707317073171,14.44695319843977
91,0.32926829268292684,12.084700130909097
91,0.3353658536585366,19.426508868467085
91,0.34146341463414637,6.933752472738304
91,0.34756097560975613,20.165941389659892
91,0.3536585365853659,18.555870178663817
91,0.3597560975609756,7.412843878109511
91,0.36585365853658536,4.490743986440095
91,0.3719512195121951,3.4008959857484977
91,0.3780487804878049,17.874847385584516
91,0.38414634146341464,6.61472509485374
91,0.3902439024390244,10.108949028147773
91,0.39634146341463417,9.862444311781005
91,0.4024390243902439,8.772607314699727
91,0.4085365853658537,10.151235444323762
91,0.41463414634146345,8.554624625076723
91,0.4207317073170732,8.582824304464474
91,0.4268292682926829,15.338908859330065
91,0.4329268292682927,11.833735200574202
91,0.43902439024390244,5.199560501104479
91,0.4451219512195122,4.120224140541984
91,0.45121951219512196,11.986470761680504
91,0.4573170731707317,20.04914387047564
91,0.4634146341463415,14.666142330818108
91,0.46951219512195125,8.109452197483783
91,0.475609756097561,13.810798606224951
91,0.48170731707317077,16.62011750896952
91,0.4878048780487805,9.753561457825997
91,0.49390243902439024,7.584053796063398
92,0.0,8.881784197001252e-16
92,0.006097560975609756,26.144006749282
92,0.012195121951219513,17.359190146228045
92,0.01829268292682927,25.08349322095747
92,0.024390243902439025,21.095715948609783
92,0.03048780487804878,24.516193160393893
92,0.03658536585365854,18.92093146448775
92,0.042682926829268296,25.871408094312304
92,0.04878048780487805,11.439907693868948
92,0.054878048780487805,6.843421415630124
92,0.06097560975609756,16.370398847447095
92,0.06707317073170732,13.040386867475963
92,0.07317073170731708,21.11270169104309
92,0.07926829268292683,11.478783734052058
92,0.08536585365853659,10.815699679924888
92,0.09146341463414634,11.590896681493776
92,0.0975609756097561,7.697690901168307
92,0.10365853658536586,0.780650083341257
92,0.10975609756097561,9.841903909606145
92,0.11585365853658537,13.161909004739288
92,0.12195121951219512,9.748618736851363
92,0.12804878048780488,7.852940497723562
92,0.13414634146341464,5.772789028350541
92,0.1402439024390244,13.703083372956188
92,0.14634146341463417,6.880569949765531
92,0.1524390243902439,8.356955410436312
92,0.15853658536585366,5.022747740366283
92,0.16463414634146342,7.950501277101828
92,0.17073170731707318,16.48010609258741
92,0.17682926829268295,8.394315765595065
92,0.18292682926829268,14.464919076510816
92,0.18902439024390244,13.239574999830324
92,0.1951219512195122,12.944011512751874
92,0.20121951219512196,11.075988533416496
92,0.20731707317073172,21.854478657844755
92,0.21341463414634146,15.79782263723744
92,0.21951219512195122,19.99644279101566
92,0.22560975609756098,6.735550936028185
92,0.23170731707317074,7.448006272736015
92,0.2378048780487805,14.00571254920586
92,0.24390243902439024,9.14854250046208
92,0.25,14.597615916426603
92,0.25609756097560976,15.944838314208248
92,0.2621951219512195,8.823383868676348
92,0.2682926829268293,13.067952429403645
92,0.27439024390243905,7.7925654382467515
92,0.2804878048780488,9.349643080034191
92,0.28658536585365857,9.962658598917512
92,0.29268292682926833,11.568238605002268
92,0.29878048780487804,5.629576594564895
92,0.3048780487804878,25.17238814885843
92,0.31097560975609756,10.072467954152673
92,0.3170731707317073,7.138529005220411
92,0.3231707317073171,6.384823032135479
92,0.32926829268292684,5.962736699895397
92,0.3353658536585366,13.3128946430901
92,0.34146341463414637,6.391798986248304
92,0.34756097560975613,12.84491245218604
92,0.3536585365853659,4.135896226460866
92,0.3597560975609756,9.770888671450424
92,0.36585365853658536,0.974642260719236
92,0.3719512195121951,9.762066486646273
92,0.3780487804878049,11.48935550575732
92,0.38414634146341464,12.051306030431078
92,0.3902439024390244,2.9637261442979694
92,0.39634146341463417,2.6770242153740043
92,0.4024390243902439,7.948985009909574
92,0.4085365853658537,6.559811619679852
92,0.41463414634146345,4.708383542640687
92,0.4207317073170732,17.06191202622148
92,0.4268292682926829,10.447361779908542
92,0.4329268292682927,5.363739028587514
92,0.43902439024390244,13.364151272674196
92,0.4451219512195122,12.253831970852033
92,0.45121951219512196,6.258606134606711
92,0.4573170731707317,10.894036547144788
92,0.4634146341463415,7.873264879787633
92,0.46951219512195125,6.477308786515715
92,0.475609756097561,11.215795834730557
92,0.48170731707317077,7.245810300575192
92,0.4878048780487805,21.052991618204388
92,0.49390243902439024,13.04012410385163
93,0.0,7.105427357601002e-15
93,0.006097560975609756,15.982480554135218
93,0.012195121951219513,19.815284795704585
93,0.01829268292682927,8.890899157323839
93,0.024390243902439025,3.719695722277048
93,0.03048780487804878,19.279251046651538
93,0.03658536585365854,6.47024804917558
93,0.042682926829268296,35.003241247266196
93,0.04878048780487805,12.34619858998757
93,0.054878048780487805,18.81708101788832
93,0.06097560975609756,3.430080796930037
93,0.06707317073170732,2.1829308846269577
93,0.07317073170731708,14.301270508200865
93,0.07926829268292683,2.028239421968895
93,0.08536585365853659,12.50486147848159
93,0.09146341463414634,7.025998652528859
93,0.0975609756097561,8.695443524912493
93,0.10365853658536586,14.08873909775455
93,0.10975609756097561,15.389356428466616
93,0.11585365853658537,15.252095687384372
93,0.12195121951219512,17.80877504347382
93,0.12804878048780488,11.837621763297928
93,0.13414634146341464,15.91288575156417
93,0.1402439024390244,6.235283116374204
93,0.14634146341463417,19.07861445602908
93,0.1524390243902439,13.588755778009027
93,0.15853658536585366,2.336689526236109
93,0.16463414634146342,11.256139523359717
93,0.17073170731707318,9.417061987649268
93,0.17682926829268295,11.393703468507525
93,0.18292682926829268,12.796354600139074
93,0.18902439024390244,13.413156351879923
93,0.1951219512195122,7.7143526099235284
93,0.20121951219512196,9.306868814612523
93,0.20731707317073172,11.899300592043124
93,0.21341463414634146,18.17847319213706
93,0.21951219512195122,11.836471903915584
93,0.22560975609756098,13.66225943861729
93,0.23170731707317074,13.102779999068073
93,0.2378048780487805,6.1212340390192335
93,0.24390243902439024,9.147523628403354
93,0.25,21.2444466080884
93,0.25609756097560976,10.12019232555036
93,0.2621951219512195,10.323732146785314
93,0.2682926829268293,9.213261284885755
93,0.27439024390243905,5.776098116368689
93,0.2804878048780488,21.877083750022827
93,0.28658536585365857,8.01333390890457
93,0.29268292682926833,11.318120914205055
93,0.29878048780487804,3.6286898939852965
93,0.3048780487804878,2.560439981313521
93,0.31097560975609756,5.931432404789113
93,0.3170731707317073,8.273464065805173
93,0.3231707317073171,9.228941501580273
93,0.32926829268292684,10.199696400523617
93,0.3353658536585366,17.11547698010462
93,0.34146341463414637,11.830708921157713
93,0.34756097560975613,11.466427661222134
93,0.3536585365853659,10.508501853246198
93,0.3597560975609756,12.647792588626904
93,0.36585365853658536,21.25833055733811
93,0.3719512195121951,12.773720371882533
93,0.3780487804878049,16.44256208927851
93,0.38414634146341464,2.838608680002082
93,0.3902439024390244,18.18265697477594
93,0.39634146341463417,5.653152147918255
93,0.4024390243902439,13.425423269133004
93,0.4085365853658537,7.569151340234226
93,0.41463414634146345,13.701468921015957
93,0.4207317073170732,20.00144338479438
93,0.4268292682926829,12.280116083867288
93,0.4329268292682927,10.74560085749013
93,0.43902439024390244,5.601479305640893
93,0.4451219512195122,16.08957612433394
93,0.45121951219512196,13.355660278442901
93,0.4573170731707317,3.4293601103692892
93,0.4634146341463415,8.621089871851199
93,0.46951219512195125,15.018499451387724
93,0.475609756097561,11.067170845269155
93,0.48170731707317077,3.5507934201610887
93,0.4878048780487805,16.558237007294355
93,0.49390243902439024,2.8137113128336284
94,0.0,8.881784197001252e-15
94,0.006097560975609756,28.227714535642942
94,0.012195121951219513,29.471983513186842
94,0.01829268292682927,29.951177062529528
94,0.024390243902439025,21.201938424879604
94,0.03048780487804878,13.214241483641667
94,0.03658536585365854,36.385694669332274
94,0.042682926829268296,22.53189887449105
94,0.04878048780487805,12.737222268756703
94,0.054878048780487805,15.466902631184587
94,0.06097560975609756,6.126182324078245
94,0.06707317073170732,9.101234172650239
94,0.07317073170731708,13.286840268608499
94,0.07926829268292683,14.764014724036931
94,0.08536585365853659,7.943369177593092
94,0.09146341463414634,0.7064958111115512
94,0.0975609756097561,9.67626084676585
94,0.10365853658536586,17.886304830080388
94,0.10975609756097561,8.412166542462044
94,0.11585365853658537,7.307224975770749
94,0.12195121951219512,11.285847294641899
94,0.12804878048780488,8.387507100003461
94,0.13414634146341464,3.0233531589756426
94,0.1402439024390244,14.532690798830068
94,0.14634146341463417,11.65645956988056
94,0.1524390243902439,11.66860997695261
94,0.15853658536585366,6.962028866293596
94,0.16463414634146342,16.45124648888062
94,0.17073170731707318,19.42748044854191
94,0.17682926829268295,2.944090788205427
94,0.18292682926829268,9.823540629322455
94,0.18902439024390244,3.5148564819467656
94,0.1951219512195122,12.33717157137087
94,0.20121951219512196,9.77355061696738
94,0.20731707317073172,12.507399961961116
94,0.21341463414634146,8.440346474636396
94,0.21951219512195122,12.108592558213866
94,0.22560975609756098,4.988177800859391
94,0.23170731707317074,5.52217914468566
94,0.2378048780487805,9.598888241019237
94,0.24390243902439024,8.320581363371959
94,0.25,3.538741372569733
94,0.25609756097560976,3.9805025661122024
94,0.2621951219512195,16.114141234660696
94,0.2682926829268293,9.409640403786023
94,0.27439024390243905,17.586408647858857
94,0.2804878048780488,23.495232567938274
94,0.28658536585365857,12.735287339509748
94,0.29268292682926833,12.01168559380022
94,0.29878048780487804,4.617433512974672
94,0.3048780487804878,1.5848807997385492
94,0.31097560975609756,14.525448308577253
94,0.3170731707317073,9.976718574816074
94,0.3231707317073171,3.6473554724315105
94,0.32926829268292684,5.867580595407566
94,0.3353658536585366,10.569361254985363
94,0.34146341463414637,4.44356614740382
94,0.34756097560975613,12.969021680355386
94,0.3536585365853659,12.36562563697834
94,0.3597560975609756,10.099257447440491
94,0.36585365853658536,15.33401427616729
94,0.3719512195121951,1.999694979336083
94,0.3780487804878049,10.064810100250115
94,0.38414634146341464,6.974602027844408
94,0.3902439024390244,11.742167586375635
94,0.39634146341463417,1.995525159501839
94,0.4024390243902439,14.252573857554522
94,0.4085365853658537,4.429299755016922
94,0.41463414634146345,13.949722919544454
94,0.4207317073170732,1.5225149956395003
94,0.4268292682926829,13.164867999582347
94,0.4329268292682927,4.919407983641637
94,0.43902439024390244,7.383229134778489
94,0.4451219512195122,6.413848592738746
94,0.45121951219512196,9.205739066359257
94,0.4573170731707317,6.080059242068403
94,0.4634146341463415,17.171157720827356
94,0.46951219512195125,11.06784308163887
94,0.475609756097561,4.406059356987704
94,0.48170731707317077,10.45455593201575
94,0.4878048780487805,9.614235857055473
94,0.49390243902439024,6.1130776870385155
95,0.0,3.552713678800501e-15
95,0.006097560975609756,23.289630262278603
95,0.012195121951219513,40.7646046465288
95,0.01829268292682927,3.656515307958121
95,0.024390243902439025,21.27087613051564
95,0.03048780487804878,0.8760891320340723
95,0.03658536585365854,15.191944209630256
95,0.042682926829268296,11.273656916029088
95,0.04878048780487805,9.428493233732578
95,0.054878048780487805,5.610940408033146
95,0.06097560975609756,5.653085102527491
95,0.06707317073170732,15.436619574564144
95,0.07317073170731708,6.763079640972977
95,0.07926829268292683,10.570036969455566
95,0.08536585365853659,1.6152867630473282
95,0.09146341463414634,11.653046629800253
95,0.0975609756097561,9.416774718383202
95,0.10365853658536586,11.813099724408245
95,0.10975609756097561,13.309221000274714
95,0.11585365853658537,9.473160426089919
95,0.12195121951219512,3.8600788831673247
95,0.12804878048780488,12.4576038650633
95,0.13414634146341464,11.02516276956559
95,0.1402439024390244,6.517802291509901
95,0.14634146341463417,3.916510789162002
95,0.1524390243902439,6.023396106102093
95,0.15853658536585366,14.9230592646198
95,0.16463414634146342,6.763910671964021
95,0.17073170731707318,21.282658873040333
95,0.17682926829268295,8.255611654296644
95,0.18292682926829268,9.396329929311964
95,0.18902439024390244,6.505584954926654
95,0.1951219512195122,13.597140007101842
95,0.20121951219512196,6.924292099728505
95,0.20731707317073172,12.43959077221268
95,0.21341463414634146,15.976681802276248
95,0.21951219512195122,10.11538153375119
95,0.22560975609756098,11.804367284372734
95,0.23170731707317074,10.810020581619431
95,0.2378048780487805,13.798752651622372
95,0.24390243902439024,8.546178173204678
95,0.25,13.916835201043595
95,0.25609756097560976,11.940083575518399
95,0.2621951219512195,14.806879661417154
95,0.2682926829268293,7.273651091481446
95,0.27439024390243905,3.2116924821847017
95,0.2804878048780488,13.364821462814328
95,0.28658536585365857,10.12262833095022
95,0.29268292682926833,9.217143692715814
95,0.29878048780487804,15.232160994218605
95,0.3048780487804878,9.375250127585167
95,0.31097560975609756,16.687045978266035
95,0.3170731707317073,12.425880002413454
95,0.3231707317073171,16.901165856120684
95,0.32926829268292684,10.757082924337746
95,0.3353658536585366,9.795650200957041
95,0.34146341463414637,3.9299183895414855
95,0.34756097560975613,4.523313179854363
95,0.3536585365853659,8.157475839541291
95,0.3597560975609756,2.905823695660189
95,0.36585365853658536,12.436535791286614
95,0.3719512195121951,12.458386603436795
95,0.3780487804878049,23.87704541554312
95,0.38414634146341464,4.686555215791126
95,0.3902439024390244,20.13577694794888
95,0.39634146341463417,7.367953039428913
95,0.4024390243902439,8.096853729746268
95,0.4085365853658537,18.08841883662554
95,0.41463414634146345,12.877089285075652
95,0.4207317073170732,14.846357400522255
95,0.4268292682926829,9.368775415711479
95,0.4329268292682927,12.565236931284778
95,0.43902439024390244,5.38073215403838
95,0.4451219512195122,8.613349678786772
95,0.45121951219512196,11.453312137692953
95,0.4573170731707317,20.27693099510666
95,0.4634146341463415,3.7804308530064357
95,0.46951219512195125,18.86445736161572
95,0.475609756097561,13.860181794741207
95,0.48170731707317077,22.892344762406818
95,0.4878048780487805,7.427389811866897
95,0.49390243902439024,3.549801040966081
96,0.0,5.329070518200751e-15
96,0.006097560975609756,8.46328238296894
96,0.012195121951219513,22.151986260114935
96,0.01829268292682927,22.03003589877921
96,0.024390243902439025,5.268440533524537
96,0.03048780487804878,24.088222576051383
96,0.03658536585365854,5.999525599621298
96,0.042682926829268296,20.287477942980757
96,0.04878048780487805,3.2641462181837855
96,0.054878048780487805,9.945026463000396
96,0.06097560975609756,18.567055354738446
96,0.06707317073170732,12.532291210848472
96,0.07317073170731708,6.919159592371654
96,0.07926829268292683,16.87296628447102
96,0.08536585365853659,17.582866667903282
96,0.09146341463414634,9.370327218641998
96,0.0975609756097561,14.635639208549428
96,0.10365853658536586,24.665605559770047
96,0.10975609756097561,3.405006777630741
96,0.11585365853658537,18.835804271783488
96,0.12195121951219512,12.448069526263417
96,0.12804878048780488,13.99981562336282
96,0.13414634146341464,13.855475554339197
96,0.1402439024390244,8.672961856229785
96,0.14634146341463417,22.47783399460998
96,0.1524390243902439,10.538560233807816
96,0.15853658536585366,6.458936620174225
96,0.16463414634146342,19.466373435429784
96,0.17073170731707318,16.316205986577422
96,0.17682926829268295,16.602881721473494
96,0.18292682926829268,4.04274867900749
96,0.18902439024390244,6.39326960320251
96,0.1951219512195122,11.909254354865705
96,0.20121951219512196,5.051514915322781
96,0.20731707317073172,6.436485658356719
96,0.21341463414634146,5.155732495642794
96,0.21951219512195122,7.9266239072290405
96,0.22560975609756098,3.6776237072240345
96,0.23170731707317074,6.598684917431224
96,0.2378048780487805,6.143793500256307
96,0.24390243902439024,3.500511036866001
96,0.25,16.992938629675567
96,0.25609756097560976,13.773093178060773
96,0.2621951219512195,8.772733524782051
96,0.2682926829268293,4.716930288197824
96,0.27439024390243905,13.59972317286496
96,0.2804878048780488,7.9786436579247
96,0.28658536585365857,9.228486692408786
96,0.29268292682926833,12.745011378975054
96,0.29878048780487804,13.758741454287984
96,0.3048780487804878,6.106379123225853
96,0.31097560975609756,12.78801843403016
96,0.3170731707317073,22.47766383059906
96,0.3231707317073171,11.927600051802221
96,0.32926829268292684,12.982342958354671
96,0.3353658536585366,22.464535419936464
96,0.34146341463414637,9.481485475698193
96,0.34756097560975613,21.727755544071446
96,0.3536585365853659,9.588996721826836
96,0.3597560975609756,6.410100272582417
96,0.36585365853658536,9.838038147383577
96,0.3719512195121951,19.32133282755249
96,0.3780487804878049,5.540792470974476
96,0.38414634146341464,15.757012619201332
96,0.3902439024390244,12.009900899996268
96,0.39634146341463417,8.360708067803811
96,0.4024390243902439,13.074032604565963
96,0.4085365853658537,14.372878256143705
96,0.41463414634146345,19.420863446212614
96,0.4207317073170732,2.075674201306176
96,0.4268292682926829,14.615525325403905
96,0.4329268292682927,15.823509021055168
96,0.43902439024390244,0.742683269331484
96,0.4451219512195122,3.626301129845607
96,0.45121951219512196,4.611850174006385
96,0.4573170731707317,6.248381617899272
96,0.4634146341463415,1.0779883845014289
96,0.46951219512195125,10.263163161949775
96,0.475609756097561,9.868575374373572
96,0.48170731707317077,6.901007938951502
96,0.4878048780487805,7.559629094972339
96,0.49390243902439024,10.29441307086535
97,0.0,1.0658141036401503e-14
97,0.006097560975609756,9.71838805799606
97,0.012195121951219513,26.875455914084764
97,0.01829268292682927,11.445404103466814
97,0.024390243902439025,18.27377283020847
97,0.03048780487804878,20.172340401145412
97,0.03658536585365854,4.40042550206262
97,0.042682926829268296,17.56402367046239
97,0.04878048780487805,8.39650519636939
97,0.054878048780487805,20.624138927696123
97,0.06097560975609756,4.839933824608531
97,0.06707317073170732,6.807821967770673
97,0.07317073170731708,6.628569324650443
97,0.07926829268292683,10.288166222014272
97,0.08536585365853659,6.876277365234475
97,0.09146341463414634,16.57503704140668
97,0.0975609756097561,19.638721350440626
97,0.10365853658536586,10.609990003851179
97,0.10975609756097561,22.667413922558634
97,0.11585365853658537,10.549314615935707
97,0.12195121951219512,4.762205037597349
97,0.12804878048780488,13.988967574744821
97,0.13414634146341464,5.863270604497129
97,0.1402439024390244,9.819653542497036
97,0.14634146341463417,3.1991600379378915
97,0.1524390243902439,9.71779146705181
97,0.15853658536585366,14.116693428837424
97,0.16463414634146342,13.716296606424901
97,0.17073170731707318,9.566895811236147
97,0.17682926829268295,14.413095250809116
97,0.18292682926829268,8.926306680377229
97,0.18902439024390244,11.559515484871369
97,0.1951219512195122,17.08391405044992
97,0.20121951219512196,23.272822360373013
97,0.20731707317073172,14.025789657444738
97,0.21341463414634146,5.201861335413893
97,0.21951219512195122,7.5855960689685045
97,0.22560975609756098,12.332361101258659
97,0.23170731707317074,15.199540168953547
97,0.2378048780487805,7.53598704291815
97,0.24390243902439024,4.511967936915237
97,0.25,26.738618936724535
97,0.25609756097560976,24.254070541172354
97,0.2621951219512195,1.7047190808842703
97,0.2682926829268293,9.066537713427392
97,0.27439024390243905,4.418765114627316
97,0.2804878048780488,6.829417433659132
97,0.28658536585365857,12.765448318754204
97,0.29268292682926833,16.954698885719743
97,0.29878048780487804,12.522231231305813
97,0.3048780487804878,13.505752405931023
97,0.31097560975609756,19.25394483692424
97,0.3170731707317073,8.884452291773277
97,0.3231707317073171,0.37290971488661157
97,0.32926829268292684,9.33215644998932
97,0.3353658536585366,15.011145969602792
97,0.34146341463414637,0.5956587856824066
97,0.34756097560975613,10.211999967228964
97,0.3536585365853659,4.563572707553302
97,0.3597560975609756,13.108474898981632
97,0.36585365853658536,8.352403916264027
97,0.3719512195121951,6.965781356601222
97,0.3780487804878049,5.834818194296012
97,0.38414634146341464,7.130952169172219
97,0.3902439024390244,1.7326019906498926
97,0.39634146341463417,4.288702361729727
97,0.4024390243902439,19.272137041655512
97,0.4085365853658537,13.278867213083336
97,0.41463414634146345,3.837430885973607
97,0.4207317073170732,14.730068269668628
97,0.4268292682926829,4.208984537149737
97,0.4329268292682927,4.8272039520896
97,0.43902439024390244,4.324945581947645
97,0.4451219512195122,9.749907953680692
97,0.45121951219512196,5.663471095864053
97,0.4573170731707317,7.41788248009843
97,0.4634146341463415,12.978351991168715
97,0.46951219512195125,14.69216134952247
97,0.475609756097561,7.066241194213381
97,0.48170731707317077,17.179458246471267
97,0.4878048780487805,5.2371920722043726
97,0.49390243902439024,26.87519917906331
98,0.0,2.5757174171303632e-14
98,0.006097560975609756,32.28194539782527
98,0.012195121951219513,14.9988587003692
98,0.01829268292682927,3.38096220592866
98,0.024390243902439025,14.148089226075696
98,0.03048780487804878,11.573072067848575
98,0.03658536585365854,12.874213129902671
98,0.042682926829268296,14.116719395813725
98,0.04878048780487805,19.090238124930067
98,0.054878048780487805,19.050351111671965
98,0.06097560975609756,16.82316775558978
98,0.06707317073170732,11.863013051752352
98,0.07317073170731708,7.349923633324561
98,0.07926829268292683,14.761115506163025
98,0.08536585365853659,11.404493524546554
98,0.09146341463414634,14.354891798828662
98,0.0975609756097561,18.05686746245295
98,0.10365853658536586,18.21633806576951
98,0.10975609756097561,18.841235688011434
98,0.11585365853658537,16.28617507695048
98,0.12195121951219512,9.21026250441446
98,0.12804878048780488,16.4944472785203
98,0.13414634146341464,9.167519551819472
98,0.1402439024390244,7.4886724157840785
98,0.14634146341463417,5.027581177666202
98,0.1524390243902439,4.9744734398844095
98,0.15853658536585366,3.4423342820821157
98,0.16463414634146342,3.7597228100296496
98,0.17073170731707318,8.74339839166165
98,0.17682926829268295,15.352047939665821
98,0.18292682926829268,18.498321450657063
98,0.18902439024390244,5.084135862755478
98,0.1951219512195122,11.948063018155192
98,0.20121951219512196,8.16987593599768
98,0.20731707317073172,17.930723977471434
98,0.21341463414634146,5.162487889307781
98,0.21951219512195122,17.70021230036116
98,0.22560975609756098,12.887490257586373
98,0.23170731707317074,3.602598583298321
98,0.2378048780487805,13.78088285642408
98,0.24390243902439024,13.0660531865104
98,0.25,8.908594819096102
98,0.25609756097560976,5.543953327744572
98,0.2621951219512195,14.217927180033124
98,0.2682926829268293,12.675573231778808
98,0.27439024390243905,5.737090757191698
98,0.2804878048780488,8.159393229452267
98,0.28658536585365857,3.8149681190605866
98,0.29268292682926833,13.909235143435744
98,0.29878048780487804,19.81759408216897
98,0.3048780487804878,11.54379910924455
98,0.31097560975609756,9.880360111665869
98,0.3170731707317073,8.678322778048011
98,0.3231707317073171,11.37444062220632
98,0.32926829268292684,5.875674413747784
98,0.3353658536585366,5.931526473770634
98,0.34146341463414637,8.941515934239423
98,0.34756097560975613,7.168756021247025
98,0.3536585365853659,11.804088573582854
98,0.3597560975609756,24.06852631281244
98,0.36585365853658536,21.694446462241558
98,0.3719512195121951,24.114993895743567
98,0.3780487804878049,16.480900134857755
98,0.38414634146341464,6.1562784632264425
98,0.3902439024390244,12.178371293217051
98,0.39634146341463417,11.043815694320827
98,0.4024390243902439,14.970077516373134
98,0.4085365853658537,5.369446488083642
98,0.41463414634146345,17.016423503803757
98,0.4207317073170732,8.910670590393723
98,0.4268292682926829,7.327980309907845
98,0.4329268292682927,9.225690311764323
98,0.43902439024390244,18.244192562735194
98,0.4451219512195122,9.13102849739581
98,0.45121951219512196,2.5434165379663276
98,0.4573170731707317,8.74851215178248
98,0.4634146341463415,2.3457600372501908
98,0.46951219512195125,9.665255588896914
98,0.475609756097561,8.9104324062213
98,0.48170731707317077,3.396834036569286
98,0.4878048780487805,10.095843154416118
98,0.49390243902439024,6.230332679666601
99,0.0,1.3322676295501878e-14
99,0.006097560975609756,20.378448276490086
99,0.012195121951219513,16.847910930554658
99,0.01829268292682927,19.39535808790707
99,0.024390243902439025,12.618386316813044
99,0.03048780487804878,9.943981569833676
99,0.03658536585365854,0.45209891372020433
99,0.042682926829268296,4.293970027414745
99,0.04878048780487805,8.342603910973615
99,0.054878048780487805,5.9503162745387295
99,0.06097560975609756,23.351734937804242
99,0.06707317073170732,19.893418028473704
99,0.07317073170731708,17.252324331866767
99,0.07926829268292683,19.51927860099446
99,0.08536585365853659,11.216568603035569
99,0.09146341463414634,12.538795441446366
99,0.0975609756097561,10.345457711134301
99,0.10365853658536586,6.651085117914335
99,0.10975609756097561,17.997191819012503
99,0.11585365853658537,10.898222368467287
99,0.12195121951219512,10.069588453409459
99,0.12804878048780488,6.190796210360517
99,0.13414634146341464,11.181861101550187
99,0.1402439024390244,20.835869825719275
99,0.14634146341463417,11.211542845974725
99,0.1524390243902439,4.270695975387792
99,0.15853658536585366,5.31910763695378
99,0.16463414634146342,13.4486168846282
99,0.17073170731707318,8.932624877211358
99,0.17682926829268295,9.622471047563607
99,0.18292682926829268,4.063392957113203
99,0.18902439024390244,8.857412698175528
99,0.1951219512195122,5.350468890288802
99,0.20121951219512196,5.371275051688814
99,0.20731707317073172,9.06332871544547
99,0.21341463414634146,22.1716926977049
99,0.21951219512195122,11.093642821599447
99,0.22560975609756098,4.635691568521463
99,0.23170731707317074,12.595183734010966
99,0.2378048780487805,5.238959144088226
99,0.24390243902439024,14.266061722114063
99,0.25,25.35262538418334
99,0.25609756097560976,17.7548365541025
99,0.2621951219512195,4.604675102524587
99,0.2682926829268293,11.263531823967487
99,0.27439024390243905,9.837430748422154
99,0.2804878048780488,5.87401030081242
99,0.28658536585365857,9.493158704660486
99,0.29268292682926833,7.9419449029312945
99,0.29878048780487804,9.07511039587995
99,0.3048780487804878,21.38056232022901
99,0.31097560975609756,11.856954368058869
99,0.3170731707317073,6.984824248266941
99,0.3231707317073171,2.2423797629102693
99,0.32926829268292684,10.361477810915398
99,0.3353658536585366,3.8852190681376806
99,0.34146341463414637,17.684420498015918
99,0.34756097560975613,14.543751229365958
99,0.3536585365853659,4.002138336964069
99,0.3597560975609756,25.522364190077575
99,0.36585365853658536,16.297996791570267
99,0.3719512195121951,18.830618233269693
99,0.3780487804878049,14.048537700995277
99,0.38414634146341464,13.640580102909006
99,0.3902439024390244,7.011428569515665
99,0.39634146341463417,8.660782102738246
99,0.4024390243902439,16.02706296270388
99,0.4085365853658537,7.998936941716043
99,0.41463414634146345,7.740239969000508
99,0.4207317073170732,0.6396135056623953
99,0.4268292682926829,21.876093452764092
99,0.4329268292682927,9.402028901295939
99,0.43902439024390244,12.212016525424678
99,0.4451219512195122,11.573216467970164
99,0.45121951219512196,19.059366226629656
99,0.4573170731707317,8.502634962326507
99,0.4634146341463415,6.517334178362466
99,0.46951219512195125,11.677033182782434
99,0.475609756097561,15.1872873292687
99,0.48170731707317077,13.50223108538547
99,0.4878048780487805,6.241732579008293
99,0.49390243902439024,10.214296062987005
