sid,freq,power
0,0.0,3.552713678800501e-15
0,0.004761904761904762,28.45723776325218
0,0.009523809523809525,14.122679492938886
0,0.014285714285714287,19.162353404872064
0,0.01904761904761905,11.411935985101092
0,0.02380952380952381,7.354083584064459
0,0.028571428571428574,14.045015373219481
0,0.03333333333333334,17.126483655839127
0,0.0380952380952381,8.126979669742779
0,0.04285714285714286,17.096192324466575
0,0.04761904761904762,11.077021365521386
0,0.05238095238095239,8.653411502112924
0,0.05714285714285715,23.485914148013094
0,0.06190476190476191,13.746993771939612
0,0.06666666666666668,17.69808817835477
0,0.07142857142857144,12.479357316071683
0,0.0761904761904762,24.236886286139292
0,0.08095238095238096,12.484305941460788
0,0.08571428571428572,15.864171769324374
0,0.09047619047619049,16.23070916817905
0,0.09523809523809525,8.599864207784362
0,0.1,8.4544157880723
0,0.10476190476190478,24.72527593237079
0,0.10952380952380954,3.8424209761173937
0,0.1142857142857143,3.259515426728184
0,0.11904761904761905,14.670001596357041
0,0.12380952380952381,8.839949726172813
0,0.1285714285714286,12.851904565730303
0,0.13333333333333336,19.46378104833718
0,0.1380952380952381,13.119517760549531
0,0.14285714285714288,11.62576226674196
0,0.14761904761904762,12.119823693792506
0,0.1523809523809524,6.20812679561859
0,0.15714285714285717,6.103017816909195
0,0.1619047619047619,4.930178798982134
0,0.16666666666666669,3.788483119591087
0,0.17142857142857143,9.917453886286152
0,0.1761904761904762,16.003686862908246
0,0.18095238095238098,11.953384487657736
0,0.18571428571428572,20.697568982586414
0,0.1904761904761905,7.086904678748568
0,0.19523809523809527,7.920335285328512
0,0.2,10.564071137380239
0,0.20476190476190478,8.179812367943764
0,0.20952380952380956,5.2279371446796015
0,0.2142857142857143,10.034739248912443
0,0.21904761904761907,19.482260471986216
0,0.22380952380952382,9.70738521058245
0,0.2285714285714286,20.06883870773788
0,0.23333333333333336,14.95176284300395
0,0.2380952380952381,22.662860195954497
0,0.24285714285714288,19.384336766226973
0,0.24761904761904763,0.45027573512695895
0,0.25238095238095243,11.613505107230392
0,0.2571428571428572,1.4766696931185928
0,0.2619047619047619,19.514533796897762
0,0.2666666666666667,9.007463564089809
0,0.27142857142857146,21.155089494706978
0,0.2761904761904762,11.313072365389676
0,0.28095238095238095,7.062532600376108
0,0.28571428571428575,11.567322239183087
0,0.2904761904761905,8.545185631701974
0,0.29523809523809524,3.939669259611126
0,0.30000000000000004,35.98111787767095
0,0.3047619047619048,12.96314024883548
0,0.30952380952380953,14.152865977463193
0,0.31428571428571433,14.347986578008898
0,0.3190476190476191,14.560356437168124
0,0.3238095238095238,23.89348453682875
0,0.3285714285714286,5.695513703458482
0,0.33333333333333337,6.211011093408322
0,0.3380952380952381,2.3132892363065056
0,0.34285714285714286,6.796613126284767
0,0.34761904761904766,20.942545779988652
0,0.3523809523809524,11.19953738167043
0,0.35714285714285715,4.8459292645039245
0,0.36190476190476195,16.53181826699513
0,0.3666666666666667,21.087063084030127
0,0.37142857142857144,14.465458118616377
0,0.37619047619047624,8.94724086536957
0,0.380952380952381,22.25673883172136
0,0.38571428571428573,16.939658244771692
0,0.39047619047619053,19.314280615979012
0,0.3952380952380953,25.508597742995384
0,0.4,7.845548379273916
0,0.4047619047619048,24.79351904888961
0,0.40952380952380957,1.0648452227756142
0,0.4142857142857143,17.905005959782244
0,0.4190476190476191,9.747122959763606
0,0.42380952380952386,13.502589166926898
0,0.4285714285714286,5.491632224780058
0,0.43333333333333335,7.325765394050343
0,0.43809523809523815,12.837872256899436
0,0.4428571428571429,9.705015853775903
0,0.44761904761904764,7.0301135291966395
0,0.45238095238095244,15.645790122636692
0,0.4571428571428572,9.142822465467495
0,0.46190476190476193,15.777897798598817
0,0.46666666666666673,6.829790836578674
0,0.4714285714285715,3.673348804042661
0,0.4761904761904762,10.648556455490827
0,0.480952380952381,9.23904817102179
0,0.48571428571428577,24.689965040546898
0,0.4904761904761905,22.276892455815958
0,0.49523809523809526,9.589513438900081
1,0.0,3.4638958368304884e-14
1,0.005235602094240838,15.531495477812367
1,0.010471204188481676,12.79174176297707
1,0.015706806282722516,2.62972653005409
1,0.020942408376963352,20.915813337329062
1,0.02617801047120419,27.147528117496304
1,0.03141361256544503,4.044548346345158
1,0.03664921465968587,7.71543480034276
1,0.041884816753926704,11.33046704282043
1,0.04712041884816754,11.386787196334257
1,0.05235602094240838,1.3707528040130876
1,0.05759162303664922,18.015097717435705
1,0.06282722513089006,7.2920740534222315
1,0.06806282722513089,19.696917021442996
1,0.07329842931937174,12.958584012005202
1,0.07853403141361257,7.317562681160822
1,0.08376963350785341,7.880048043274162
1,0.08900523560209425,13.649998458528117
1,0.09424083769633508,5.907920656290023
1,0.09947643979057592,16.407107339069256
1,0.10471204188481675,6.081668596568043
1,0.1099476439790576,16.539413693876284
1,0.11518324607329844,14.457212101854575
1,0.12041884816753927,4.323269234369116
1,0.12565445026178013,16.158174816871373
1,0.13089005235602094,17.8026552385852
1,0.13612565445026178,11.713566448023105
1,0.14136125654450263,12.87016725219026
1,0.14659685863874347,13.521047336033917
1,0.15183246073298431,41.57630879763662
1,0.15706806282722513,5.720716680903267
1,0.16230366492146597,12.516748798547251
1,0.16753926701570682,12.970554744498692
1,0.17277486910994766,26.083821506093233
1,0.1780104712041885,23.039475240441416
1,0.18324607329842932,8.096060366273766
1,0.18848167539267016,19.69812603541005
1,0.193717277486911,12.459289148991292
1,0.19895287958115185,11.772887416903377
1,0.2041884816753927,4.295739770562604
1,0.2094240837696335,5.113491498363577
1,0.21465968586387435,16.18199985056903
1,0.2198952879581152,9.826256034099856
1,0.22513089005235604,14.050924237554906
1,0.23036649214659688,6.846198583256059
1,0.23560209424083772,7.669439157617908
1,0.24083769633507854,2.2057553686291205
1,0.24607329842931938,19.830885941836943
1,0.25130890052356025,14.775777523765393
1,0.25654450261780104,16.044626714000536
1,0.2617801047120419,16.210008921304727
1,0.2670157068062827,8.16210291136614
1,0.27225130890052357,6.899601249122175
1,0.2774869109947644,10.734301818850302
1,0.28272251308900526,14.31660147172199
1,0.2879581151832461,5.187939750747378
1,0.29319371727748694,11.017856279140226
1,0.2984293193717278,10.500680667456182
1,0.30366492146596863,5.736021432037035
1,0.3089005235602094,7.776372952623612
1,0.31413612565445026,13.333744772227346
1,0.3193717277486911,17.437254507618434
1,0.32460732984293195,15.674442107882722
1,0.3298429319371728,16.812901916039685
1,0.33507853403141363,20.88597014845972
1,0.3403141361256545,18.235672916502025
1,0.3455497382198953,6.686209990938457
1,0.35078534031413616,5.013866625848082
1,0.356020942408377,15.620962268593148
1,0.36125654450261785,7.1069887428442575
1,0.36649214659685864,1.003482631489409
1,0.3717277486910995,15.67474133879318
1,0.3769633507853403,3.8514634028562242
1,0.38219895287958117,31.45963414230328
1,0.387434554973822,12.772326624917742
1,0.39267015706806285,11.710351617129673
1,0.3979057591623037,17.506360935343807
1,0.40314136125654454,7.012008197752887
1,0.4083769633507854,4.5201549492152955
1,0.4136125654450262,12.802420086421938
1,0.418848167539267,8.04896940329251
1,0.42408376963350786,11.812895568772765
1,0.4293193717277487,5.099763730919792
1,0.43455497382198954,4.539224132831717
1,0.4397905759162304,16.051474998757612
1,0.44502617801047123,17.925076613900863
1,0.4502617801047121,13.181013777401402
1,0.4554973821989529,8.83537267796416
1,0.46073298429319376,12.139872494692892
1,0.4659685863874346,24.518364470266935
1,0.47120418848167545,9.872863417232391
1,0.47643979057591623,10.405217015598854
1,0.4816753926701571,4.305616938822804
1,0.4869109947643979,9.286427736327045
1,0.49214659685863876,10.314058621057328
1,0.4973821989528796,4.577795471371838
2,0.0,1.687538997430238e-14
2,0.005050505050505051,19.84279153263662
2,0.010101010101010102,13.663518496216142
2,0.015151515151515152,15.93602072773918
2,0.020202020202020204,2.6978059978488074
2,0.025252525252525256,8.261172257877648
2,0.030303030303030304,12.839876556947873
2,0.03535353535353536,24.618367553775155
2,0.04040404040404041,12.812434844272227
2,0.045454545454545456,14.73050733476364
2,0.05050505050505051,9.549228132851868
2,0.05555555555555556,1.490612790528691
2,0.06060606060606061,12.020317666392137
2,0.06565656565656566,5.525084716994377
2,0.07070707070707072,3.9414941920253366
2,0.07575757575757576,13.288087777203081
2,0.08080808080808081,6.2471213771464535
2,0.08585858585858587,5.0796752404653125
2,0.09090909090909091,9.178426542005798
2,0.09595959595959597,15.173417140712688
2,0.10101010101010102,11.043387539393395
2,0.10606060606060606,22.01490537135446
2,0.11111111111111112,10.809303201974311
2,0.11616161616161617,22.172420111649284
2,0.12121212121212122,9.137077416827601
2,0.12626262626262627,14.75406467400744
2,0.13131313131313133,14.94629948240851
2,0.13636363636363638,11.366756471553474
2,0.14141414141414144,14.91955811277715
2,0.14646464646464646,1.8458753387352784
2,0.15151515151515152,5.517886321810528
2,0.15656565656565657,17.143351329867777
2,0.16161616161616163,16.902692222383056
2,0.16666666666666669,11.75488330352286
2,0.17171717171717174,4.1923497058927035
2,0.1767676767676768,9.22159106364317
2,0.18181818181818182,11.280369498033263
2,0.18686868686868688,8.463532429239454
2,0.19191919191919193,14.948611439367262
2,0.196969696969697,27.99466079606346
2,0.20202020202020204,22.45029955094817
2,0.2070707070707071,11.804337434999049
2,0.21212121212121213,3.345957810409583
2,0.21717171717171718,10.332929104660499
2,0.22222222222222224,20.87737443096722
2,0.2272727272727273,3.9736887503808735
2,0.23232323232323235,15.273271208951668
2,0.2373737373737374,8.85981146908317
2,0.24242424242424243,16.418322820272987
2,0.2474747474747475,29.657796134659066
2,0.25252525252525254,14.728650866102896
2,0.2575757575757576,6.365065408954773
2,0.26262626262626265,18.9127221036128
2,0.2676767676767677,15.130567570786306
2,0.27272727272727276,21.854962292433914
2,0.2777777777777778,9.412811299582994
2,0.2828282828282829,13.413351936342949
2,0.2878787878787879,6.245368348543344
2,0.29292929292929293,14.556554565470593
2,0.297979797979798,20.730566413658952
2,0.30303030303030304,11.061691927536167
2,0.3080808080808081,11.705704782646134
2,0.31313131313131315,6.836022124969653
2,0.31818181818181823,16.033699264888416
2,0.32323232323232326,2.1107456322981104
2,0.3282828282828283,2.651135976677669
2,0.33333333333333337,8.93361925167745
2,0.3383838383838384,23.556621139518782
2,0.3434343434343435,19.458972061151037
2,0.3484848484848485,9.879330114199702
2,0.3535353535353536,17.445708183707268
2,0.3585858585858586,30.613757640395033
2,0.36363636363636365,7.948269121025006
2,0.36868686868686873,23.340608656091376
2,0.37373737373737376,28.43452664637136
2,0.37878787878787884,14.8159086772843
2,0.38383838383838387,19.984916818653314
2,0.3888888888888889,15.527657640749533
2,0.393939393939394,5.164478160611248
2,0.398989898989899,9.371679007820104
2,0.4040404040404041,11.33121842060581
2,0.4090909090909091,13.13581262795144
2,0.4141414141414142,10.517795888846285
2,0.4191919191919192,8.419587517954236
2,0.42424242424242425,2.951145307810056
2,0.42929292929292934,13.231343907590063
2,0.43434343434343436,11.323523156600377
2,0.43939393939393945,9.047846873703632
2,0.4444444444444445,10.53931729437568
2,0.44949494949494956,9.909583445945566
2,0.4545454545454546,8.934481509274312
2,0.4595959595959596,13.807021221282735
2,0.4646464646464647,7.270485098698369
2,0.4696969696969697,13.269488177196205
2,0.4747474747474748,19.243833737090398
2,0.47979797979797983,9.89761971694368
2,0.48484848484848486,1.4440929042798014
2,0.48989898989898994,5.955626453986969
2,0.494949494949495,12.89536081090119
3,0.0,1.7763568394002505e-15
3,0.005025125628140704,8.10421919179495
3,0.010050251256281407,8.802777399426773
3,0.01507537688442211,17.386762201415497
3,0.020100502512562814,8.72216628533997
3,0.02512562814070352,16.282054423395394
3,0.03015075376884422,15.819777890530457
3,0.035175879396984924,8.65758125545756
3,0.04020100502512563,7.318889343260987
3,0.04522613065326633,11.352234417451058
3,0.05025125628140704,15.750493973576553
3,0.05527638190954774,30.738424731351735
3,0.06030150753768844,14.047585407807297
3,0.06532663316582915,12.903695324037349
3,0.07035175879396985,18.027062122703747
3,0.07537688442211056,25.771345102232893
3,0.08040201005025126,2.599894378594352
3,0.08542713567839195,4.536890647714733
3,0.09045226130653267,17.999940074188768
3,0.09547738693467336,11.27694847247718
3,0.10050251256281408,10.908809573593151
3,0.10552763819095477,10.08125725737259
3,0.11055276381909548,2.3450356207342073
3,0.11557788944723618,11.40859296476285
3,0.12060301507537688,16.67195371812893
3,0.12562814070351758,21.87576868780972
3,0.1306532663316583,7.143562309907481
3,0.135678391959799,1.2251320562873902
3,0.1407035175879397,10.132575686172071
3,0.1457286432160804,9.235016058444183
3,0.15075376884422112,13.463503119355801
3,0.15577889447236182,14.140351923079018
3,0.16080402010050251,11.997928162952379
3,0.1658291457286432,10.246319237222696
3,0.1708542713567839,8.41063309481944
3,0.17587939698492464,19.68382096198612
3,0.18090452261306533,20.84396233951236
3,0.18592964824120603,1.864088803404311
3,0.19095477386934673,6.35883278585844
3,0.19597989949748745,8.929104240972077
3,0.20100502512562815,10.073288203297851
3,0.20603015075376885,18.25303479009919
3,0.21105527638190955,12.059049223772503
3,0.21608040201005024,8.246175813181235
3,0.22110552763819097,24.033746252196448
3,0.22613065326633167,7.036040722972685
3,0.23115577889447236,13.446735158549544
3,0.23618090452261306,6.499465473286926
3,0.24120603015075376,8.326772927018347
3,0.24623115577889448,22.530051533211953
3,0.25125628140703515,16.490331775213534
3,0.2562814070351759,12.26193911089755
3,0.2613065326633166,12.39814762144452
3,0.2663316582914573,16.828931885568974
3,0.271356783919598,3.159770390163934
3,0.2763819095477387,4.084583443658199
3,0.2814070351758794,14.78023377551578
3,0.2864321608040201,8.341725825640712
3,0.2914572864321608,14.202421470607252
3,0.2964824120603015,13.20325640719285
3,0.30150753768844224,5.744273291906151
3,0.3065326633165829,15.985638947170141
3,0.31155778894472363,18.58623023127853
3,0.3165829145728643,6.890040951191688
3,0.32160804020100503,7.931753746190908
3,0.32663316582914576,17.031191156978096
3,0.3316582914572864,5.267874822529857
3,0.33668341708542715,12.910903790533554
3,0.3417085427135678,8.359730023170709
3,0.34673366834170855,12.594418527966626
3,0.35175879396984927,6.929051295806708
3,0.35678391959798994,8.482461816626762
3,0.36180904522613067,30.765672324661036
3,0.36683417085427134,8.405109044377749
3,0.37185929648241206,5.773528740995656
3,0.3768844221105528,22.198247719257655
3,0.38190954773869346,5.337585578852884
3,0.3869346733668342,17.047633505242064
3,0.3919597989949749,22.896488428463215
3,0.3969849246231156,9.553704337876354
3,0.4020100502512563,2.7712949391488393
3,0.40703517587939697,31.031235273065402
3,0.4120603015075377,9.23951171102178
3,0.4170854271356784,13.211121106849502
3,0.4221105527638191,29.810517799518017
3,0.4271356783919598,4.541960746913915
3,0.4321608040201005,0.7970470949652163
3,0.4371859296482412,6.288557610871933
3,0.44221105527638194,28.06188347860657
3,0.4472361809045226,5.532870153868069
3,0.45226130653266333,1.200695440379806
3,0.457286432160804,21.544194897599198
3,0.4623115577889447,20.78015122579549
3,0.46733668341708545,14.982724508357816
3,0.4723618090452261,18.72552933375927
3,0.47738693467336685,11.929020800178844
3,0.4824120603015075,8.839247115171545
3,0.48743718592964824,5.568117604112887
3,0.49246231155778897,1.6275017275463346
3,0.49748743718592964,8.771697234489222
4,0.0,9.769962616701378e-15
4,0.005434782608695652,9.98844868018244
4,0.010869565217391304,12.362011190108955
4,0.016304347826086956,4.083181097383788
4,0.021739130434782608,7.055430343011686
4,0.02717391304347826,7.677782382118228
4,0.03260869565217391,2.4870446772796764
4,0.03804347826086957,5.228204817676027
4,0.043478260869565216,14.215571071163003
4,0.048913043478260865,2.053467224469245
4,0.05434782608695652,18.17193756682928
4,0.059782608695652176,10.718404489410533
4,0.06521739130434782,9.348524980650078
4,0.07065217391304347,13.7959884430177
4,0.07608695652173914,23.136328997208405
4,0.08152173913043478,9.471712817296236
4,0.08695652173913043,13.373810709247994
4,0.09239130434782608,22.965297871301647
4,0.09782608695652173,8.861119738813484
4,0.10326086956521739,30.201771174676676
4,0.10869565217391304,7.7102914136381
4,0.11413043478260869,10.31284207515016
4,0.11956521739130435,16.045011683110857
4,0.125,13.5584196813538
4,0.13043478260869565,14.93822708367018
4,0.1358695652173913,7.797755628028642
4,0.14130434782608695,7.341201969046928
4,0.1467391304347826,12.07510744496382
4,0.15217391304347827,16.590002750614612
4,0.15760869565217392,14.86864095475336
4,0.16304347826086957,3.100355670590544
4,0.16847826086956522,7.222578321915339
4,0.17391304347826086,4.881325944732343
4,0.1793478260869565,10.973774907982316
4,0.18478260869565216,27.84091108759633
4,0.1902173913043478,13.911391720743268
4,0.19565217391304346,7.693880738845214
4,0.20108695652173914,13.820798020506725
4,0.20652173913043478,13.608994969213285
4,0.21195652173913043,8.974452991774587
4,0.21739130434782608,8.089616875519427
4,0.22282608695652173,12.292781674126639
4,0.22826086956521738,10.963305152682295
4,0.23369565217391303,5.876741480766363
4,0.2391304347826087,9.147052338031976
4,0.24456521739130435,11.699822167171229
4,0.25,14.169371065446928
4,0.2554347826086956,3.4826773062342022
4,0.2608695652173913,14.02882686277501
4,0.266304347826087,23.69997447345533
4,0.2717391304347826,9.7142277729121
4,0.27717391304347827,15.653409076078951
4,0.2826086956521739,2.79681415147343
4,0.28804347826086957,6.5053139976949765
4,0.2934782608695652,22.168096264807378
4,0.29891304347826086,18.42527945498802
4,0.30434782608695654,18.23186282249373
4,0.30978260869565216,17.43348616641389
4,0.31521739130434784,2.8613357533214074
4,0.32065217391304346,16.103058015697723
4,0.32608695652173914,20.58860970980131
4,0.33152173913043476,15.32262912379788
4,0.33695652173913043,2.378550451875433
4,0.34239130434782605,7.858654059724309
4,0.34782608695652173,9.363138616937709
4,0.3532608695652174,9.866128336241278
4,0.358695652173913,6.5976064126978855
4,0.3641304347826087,3.5510781511554343
4,0.3695652173913043,14.882658629127802
4,0.375,11.366160381435458
4,0.3804347826086956,10.276666362029399
4,0.3858695652173913,14.999394754071483
4,0.3913043478260869,29.671256126781202
4,0.3967391304347826,13.497254410798648
4,0.40217391304347827,1.9719595996765413
4,0.4076086956521739,10.720570181640355
4,0.41304347826086957,23.542179269151365
4,0.4184782608695652,4.428527003490805
4,0.42391304347826086,14.512388406969189
4,0.4293478260869565,11.901443966600421
4,0.43478260869565216,2.5976574672796646
4,0.44021739130434784,16.36656317520067
4,0.44565217391304346,10.153442420021433
4,0.45108695652173914,6.649163184242808
4,0.45652173913043476,20.231496671703926
4,0.46195652173913043,7.222670838856226
4,0.46739130434782605,9.99138708453877
4,0.47282608695652173,19.471302471747688
4,0.4782608695652174,13.678367609134039
4,0.483695652173913,9.814474706895162
4,0.4891304347826087,11.797948832079376
4,0.4945652173913043,27.42409388433747
5,0.0,1.7541523789077473e-14
5,0.004901960784313725,22.012135093873372
5,0.00980392156862745,16.260274654952408
5,0.014705882352941176,24.93084753497303
5,0.0196078431372549,14.760989514483207
5,0.024509803921568627,3.230148406400369
5,0.029411764705882353,4.686880221340309
5,0.03431372549019608,3.701278317616843
5,0.0392156862745098,5.234990741924596
5,0.044117647058823525,7.958124291567605
5,0.049019607843137254,5.52345880083357
5,0.05392156862745098,3.6978143290289704
5,0.058823529411764705,17.102418954685632
5,0.06372549019607843,22.32763790096003
5,0.06862745098039216,8.575865239276675
5,0.07352941176470588,22.94492975404192
5,0.0784313725490196,10.082453766519802
5,0.08333333333333333,7.651333214792552
5,0.08823529411764705,16.88390747719103
5,0.09313725490196079,21.86588939132885
5,0.09803921568627451,12.489304748111076
5,0.10294117647058823,25.424259030560645
5,0.10784313725490197,18.901447367746428
5,0.11274509803921569,26.683089467602446
5,0.11764705882352941,9.611702615232941
5,0.12254901960784313,13.358871018055941
5,0.12745098039215685,17.68311230693609
5,0.1323529411764706,19.949771658970647
5,0.13725490196078433,15.00568921424593
5,0.14215686274509803,7.820674205223785
5,0.14705882352941177,23.470048323408047
5,0.15196078431372548,21.50861287652552
5,0.1568627450980392,14.063308497373454
5,0.16176470588235295,22.9693186311668
5,0.16666666666666666,21.186908307115427
5,0.1715686274509804,9.68998221485717
5,0.1764705882352941,10.845105962878819
5,0.18137254901960784,1.679097703519625
5,0.18627450980392157,13.561799756961502
5,0.19117647058823528,1.6872635130552112
5,0.19607843137254902,1.603946320343897
5,0.20098039215686275,14.113463413129063
5,0.20588235294117646,4.184365003955552
5,0.2107843137254902,10.478798953326908
5,0.21568627450980393,7.1070503421450715
5,0.22058823529411764,11.491459676828555
5,0.22549019607843138,10.179944709110398
5,0.23039215686274508,5.810393975838955
5,0.23529411764705882,19.074455159842973
5,0.24019607843137256,8.930042142281154
5,0.24509803921568626,17.21377113566436
5,0.25,7.154178542543591
5,0.2549019607843137,5.810923519402797
5,0.25980392156862747,4.978133636992747
5,0.2647058823529412,9.052719613403237
5,0.2696078431372549,11.019233963650597
5,0.27450980392156865,8.644275058718346
5,0.27941176470588236,3.79282722389523
5,0.28431372549019607,9.997736168917463
5,0.2892156862745098,10.339073513634848
5,0.29411764705882354,11.55936246571777
5,0.29901960784313725,20.963064800433518
5,0.30392156862745096,23.662648390132226
5,0.3088235294117647,13.443724606141215
5,0.3137254901960784,9.330196109897217
5,0.31862745098039214,10.90811572073535
5,0.3235294117647059,23.208514535682703
5,0.3284313725490196,27.37061811344072
5,0.3333333333333333,7.303829618236288
5,0.3382352941176471,10.820448823116772
5,0.3431372549019608,6.210666375603585
5,0.3480392156862745,10.826016081860093
5,0.3529411764705882,11.735583050332995
5,0.35784313725490197,14.095434211585731
5,0.3627450980392157,20.223626382156603
5,0.3676470588235294,0.5803526771632971
5,0.37254901960784315,10.730638845513841
5,0.37745098039215685,15.81751459014682
5,0.38235294117647056,20.922251736077648
5,0.3872549019607843,3.8226454062588915
5,0.39215686274509803,4.352147101506511
5,0.39705882352941174,2.489764799395407
5,0.4019607843137255,9.364087794710226
5,0.4068627450980392,6.496445260942386
5,0.4117647058823529,17.040933691368814
5,0.4166666666666667,3.904881879968556
5,0.4215686274509804,14.17311857309156
5,0.4264705882352941,24.692861380121606
5,0.43137254901960786,10.80392653031961
5,0.4362745098039216,20.06229267958977
5,0.4411764705882353,11.411955666812878
5,0.446078431372549,8.506874730502428
5,0.45098039215686275,11.303716018373287
5,0.45588235294117646,15.301542960349934
5,0.46078431372549017,23.138183514580675
5,0.46568627450980393,10.347180672997563
5,0.47058823529411764,12.785515384480524
5,0.47549019607843135,22.845989272379793
5,0.4803921568627451,11.125094072127611
5,0.4852941176470588,11.718568058557025
5,0.49019607843137253,11.078753877772662
5,0.4950980392156863,15.136109628588647
6,0.0,1.2878587085651816e-14
6,0.0045662100456621,33.067810552453956
6,0.0091324200913242,5.746812766570774
6,0.0136986301369863,21.013095197616057
6,0.0182648401826484,25.680941594310294
6,0.0228310502283105,9.755367694545999
6,0.0273972602739726,23.404685871505354
6,0.0319634703196347,10.683402020543136
6,0.0365296803652968,14.385840350339057
6,0.0410958904109589,10.437039263355544
6,0.045662100456621,2.9309788361342015
6,0.0502283105022831,13.81555415480488
6,0.0547945205479452,2.752752955053237
6,0.0593607305936073,20.01499024454233
6,0.0639269406392694,18.001032375837276
6,0.0684931506849315,10.550454306533215
6,0.0730593607305936,4.059785164082716
6,0.0776255707762557,9.83780204634307
6,0.0821917808219178,10.434838450648922
6,0.0867579908675799,9.068702867991792
6,0.091324200913242,5.951139299097623
6,0.0958904109589041,11.382108332975443
6,0.1004566210045662,11.931862201563153
6,0.1050228310502283,17.378924583178826
6,0.1095890410958904,9.776445788563883
6,0.1141552511415525,8.439493574883151
6,0.1187214611872146,8.94051924980448
6,0.1232876712328767,9.278918870113074
6,0.1278538812785388,21.250895150650756
6,0.1324200913242009,31.927754273151166
6,0.136986301369863,9.64971500261956
6,0.1415525114155251,16.852704728679285
6,0.1461187214611872,9.474194976082982
6,0.1506849315068493,10.33183406698484
6,0.1552511415525114,10.437625908642653
6,0.1598173515981735,7.825992064352804
6,0.1643835616438356,6.174614837893362
6,0.1689497716894977,11.85721255540914
6,0.1735159817351598,5.601278242597924
6,0.1780821917808219,2.749512685442879
6,0.182648401826484,14.214573909779546
6,0.1872146118721461,30.129989653268247
6,0.1917808219178082,21.86395363444935
6,0.1963470319634703,32.188686759682575
6,0.2009132420091324,6.9598832621058095
6,0.2054794520547945,9.008506445970252
6,0.2100456621004566,13.430545422422206
6,0.2146118721461187,8.75937313196632
6,0.2191780821917808,9.741550225055828
6,0.2237442922374429,12.850098445781246
6,0.228310502283105,8.49632921230501
6,0.2328767123287671,13.587712118830447
6,0.2374429223744292,13.527273884793335
6,0.2420091324200913,14.7633371917342
6,0.2465753424657534,17.331896346611178
6,0.2511415525114155,11.846678723139458
6,0.2557077625570776,20.31839410123798
6,0.2602739726027397,10.419203368852296
6,0.2648401826484018,18.850319989483985
6,0.2694063926940639,10.418902604337713
6,0.273972602739726,0.6336484787760691
6,0.2785388127853881,13.387004083667728
6,0.2831050228310502,20.36473124964449
6,0.2876712328767123,12.135266202540599
6,0.2922374429223744,11.86190913992982
6,0.2968036529680365,16.912963643329018
6,0.3013698630136986,9.701786054149432
6,0.3059360730593607,5.201789870774676
6,0.3105022831050228,26.825228074202982
6,0.3150684931506849,16.811842055030308
6,0.319634703196347,8.251189698587815
6,0.3242009132420091,14.329645396739775
6,0.3287671232876712,13.513695370396027
6,0.3333333333333333,13.224421101372343
6,0.3378995433789954,6.802795228870967
6,0.3424657534246575,7.316387162328168
6,0.3470319634703196,10.006950820717986
6,0.3515981735159817,5.94402979874501
6,0.3561643835616438,3.9660515884010614
6,0.3607305936073059,3.819367371955138
6,0.365296803652968,7.2778254080223475
6,0.3698630136986301,19.801596922536977
6,0.3744292237442922,17.370797916664912
6,0.3789954337899543,14.343327025468225
6,0.3835616438356164,30.353188518165624
6,0.3881278538812785,1.5867107258395101
6,0.3926940639269406,13.716452894504421
6,0.3972602739726027,4.280419369043699
6,0.4018264840182648,8.823747225824485
6,0.4063926940639269,22.08628531147583
6,0.410958904109589,15.949787148998947
6,0.4155251141552511,7.146073566685822
6,0.4200913242009132,11.162786987260173
6,0.4246575342465753,16.751240112688894
6,0.4292237442922374,7.018498558563842
6,0.4337899543378995,16.378707907591792
6,0.4383561643835616,21.01986139168073
6,0.4429223744292237,5.918417862688373
6,0.4474885844748858,15.428766871834267
6,0.4520547945205479,19.29496519886886
6,0.45662100456621,11.562163002913358
6,0.4611872146118721,16.594273050462835
6,0.4657534246575342,14.15955687726017
6,0.4703196347031963,13.367416739703328
6,0.4748858447488584,20.010176024644963
6,0.4794520547945205,6.487977057147042
6,0.4840182648401826,9.03084924943457
6,0.4885844748858447,27.409699429235886
6,0.4931506849315068,21.501825260652208
6,0.4977168949771689,11.193049888922381
7,0.0,3.019806626980426e-14
7,0.0049261083743842365,20.233257007282226
7,0.009852216748768473,26.229485825662596
7,0.014778325123152709,13.32149209002295
7,0.019704433497536946,11.596780402170303
7,0.024630541871921183,16.68989927680656
7,0.029556650246305417,34.852079641747416
7,0.034482758620689655,8.20100301072345
7,0.03940886699507389,13.405093703075275
7,0.04433497536945813,3.850102349050124
7,0.04926108374384237,11.766778683527665
7,0.054187192118226604,11.09594166938153
7,0.059113300492610835,9.815237231174834
7,0.06403940886699508,7.536183378927068
7,0.06896551724137931,11.860549006174361
7,0.07389162561576355,15.714810106537524
7,0.07881773399014778,10.955370714499427
7,0.08374384236453201,10.04405050229382
7,0.08866995073891626,6.749988022082109
7,0.09359605911330049,16.317222064050533
7,0.09852216748768473,15.09321025595784
7,0.10344827586206896,9.549518378745493
7,0.10837438423645321,4.186699847898378
7,0.11330049261083744,11.882855052925336
7,0.11822660098522167,15.550571362877353
7,0.12315270935960591,19.644722419161216
7,0.12807881773399016,6.232443621686558
7,0.1330049261083744,14.698386283686713
7,0.13793103448275862,1.6317961861742798
7,0.14285714285714285,2.4719279356313826
7,0.1477832512315271,15.955089804797112
7,0.15270935960591134,17.173645775549975
7,0.15763546798029557,14.096430381776596
7,0.1625615763546798,6.987331172303435
7,0.16748768472906403,8.26001851456379
7,0.1724137931034483,15.6595885308706
7,0.17733990147783252,7.492625478932841
7,0.18226600985221675,5.406987466180727
7,0.18719211822660098,11.761366100976543
7,0.19211822660098524,6.597619063021974
7,0.19704433497536947,7.056024615747956
7,0.2019704433497537,20.59306464164176
7,0.20689655172413793,5.932257028494171
7,0.21182266009852216,15.157111606264833
7,0.21674876847290642,16.18976971497342
7,0.22167487684729065,27.023812772860943
7,0.22660098522167488,5.904874192426093
7,0.2315270935960591,10.461996918657094
7,0.23645320197044334,4.2834837320706045
7,0.2413793103448276,3.9060801170517916
7,0.24630541871921183,18.09254007202231
7,0.2512315270935961,12.746316607462042
7,0.2561576354679803,3.9813343824142864
7,0.26108374384236455,13.709885244184012
7,0.2660098522167488,17.58001838955531
7,0.270935960591133,8.374643793213917
7,0.27586206896551724,28.402987106092674
7,0.28078817733990147,7.179464038948398
7,0.2857142857142857,18.455132050359598
7,0.29064039408866993,6.723975611846465
7,0.2955665024630542,5.294429359484149
7,0.30049261083743845,27.582823438210962
7,0.3054187192118227,8.214585350210333
7,0.3103448275862069,8.948756403515793
7,0.31527093596059114,6.624173020107245
7,0.32019704433497537,12.102687464999983
7,0.3251231527093596,6.940198268684296
7,0.33004926108374383,10.677925137825952
7,0.33497536945812806,6.782831665093552
7,0.33990147783251234,8.10900050390825
7,0.3448275862068966,11.002503116884554
7,0.3497536945812808,14.170591317350846
7,0.35467980295566504,1.9257221607209405
7,0.35960591133004927,10.015621867435428
7,0.3645320197044335,11.59738613723304
7,0.3694581280788177,14.473441454883472
7,0.37438423645320196,5.5106008726022315
7,0.3793103448275862,8.700391808230782
7,0.3842364532019705,1.0390764977412243
7,0.3891625615763547,12.631031662165663
7,0.39408866995073893,19.644373161269346
7,0.39901477832512317,8.128955014614046
7,0.4039408866995074,18.198256607056933
7,0.4088669950738916,7.828443621166636
7,0.41379310344827586,20.300155671832567
7,0.4187192118226601,21.67741821843995
7,0.4236453201970443,24.12169468820268
7,0.4285714285714286,14.214828072593619
7,0.43349753694581283,25.580808459566438
7,0.43842364532019706,14.700170268952322
7,0.4433497536945813,21.811668143501603
7,0.4482758620689655,18.311177925832506
7,0.45320197044334976,9.253567048481136
7,0.458128078817734,6.975102459031276
7,0.4630541871921182,7.1792819913569295
7,0.46798029556650245,11.56395957937681
7,0.4729064039408867,29.133062502650077
7,0.47783251231527096,12.707843400200268
7,0.4827586206896552,25.433128892627675
7,0.4876847290640394,16.812426148358792
7,0.49261083743842365,11.13100579782195
7,0.4975369458128079,10.952633452603454
8,0.0,1.509903313490213e-14
8,0.004830917874396135,10.549602299303102
8,0.00966183574879227,10.202680950203455
8,0.014492753623188404,25.37625433251113
8,0.01932367149758454,7.367566023270126
8,0.024154589371980676,23.602101703875366
8,0.02898550724637681,4.581066584431288
8,0.033816425120772944,4.46685969204159
8,0.03864734299516908,20.304017469407235
8,0.043478260869565216,8.843872346454434
8,0.04830917874396135,17.103857695483693
8,0.05314009661835749,5.799030740625034
8,0.05797101449275362,20.400868847852138
8,0.06280193236714976,10.915755978954989
8,0.06763285024154589,14.864336865673229
8,0.07246376811594203,5.393389984117884
8,0.07729468599033816,34.04689500954991
8,0.08212560386473429,4.930165596935013
8,0.08695652173913043,2.371635267621904
8,0.09178743961352656,3.6295803102385986
8,0.0966183574879227,8.190269279826838
8,0.10144927536231883,31.449778331453476
8,0.10628019323671498,1.0007161087525
8,0.1111111111111111,13.020396853600301
8,0.11594202898550723,4.819630776000466
8,0.12077294685990338,15.94806870268456
8,0.12560386473429952,9.131542890723637
8,0.13043478260869565,5.913441126635281
8,0.13526570048309178,22.152508640944422
8,0.1400966183574879,6.942530354610709
8,0.14492753623188406,5.952864187956545
8,0.1497584541062802,5.036355485472602
8,0.15458937198067632,7.505581177875082
8,0.15942028985507245,8.691176539436745
8,0.16425120772946858,17.382578183200117
8,0.16908212560386474,6.777643028545252
8,0.17391304347826086,14.225025410228927
8,0.178743961352657,20.121522202521778
8,0.18357487922705312,22.594152210434565
8,0.18840579710144928,9.72471381164035
8,0.1932367149758454,5.15672799005537
8,0.19806763285024154,5.7077594596021495
8,0.20289855072463767,10.68210261966499
8,0.2077294685990338,25.676296613456028
8,0.21256038647342995,20.792373398481253
8,0.21739130434782608,13.752024162417449
8,0.2222222222222222,12.53017055975284
8,0.22705314009661834,8.939279331793802
8,0.23188405797101447,6.31116893827245
8,0.23671497584541062,12.01911531581507
8,0.24154589371980675,12.509195513069022
8,0.24637681159420288,24.4754652121917
8,0.25120772946859904,12.37209835992019
8,0.25603864734299514,12.10172041800661
8,0.2608695652173913,18.020775960936007
8,0.26570048309178745,21.23500188264261
8,0.27053140096618356,23.33143983668158
8,0.2753623188405797,12.539080926497014
8,0.2801932367149758,13.25635108084812
8,0.28502415458937197,22.38191396874941
8,0.2898550724637681,14.726428959327574
8,0.2946859903381642,11.313218032913733
8,0.2995169082125604,10.579486523340218
8,0.3043478260869565,5.817736937165907
8,0.30917874396135264,12.065778241816338
8,0.3140096618357488,19.660250737539616
8,0.3188405797101449,20.19061239015414
8,0.32367149758454106,15.535650200122332
8,0.32850241545893716,17.477922317220585
8,0.3333333333333333,23.052979016223922
8,0.33816425120772947,21.67116444604672
8,0.3429951690821256,1.5168580670898317
8,0.34782608695652173,11.772428603032564
8,0.35265700483091783,3.8160385495530362
8,0.357487922705314,16.32987978272412
8,0.36231884057971014,9.674522471629512
8,0.36714975845410625,10.597557727775015
8,0.3719806763285024,3.8302978000414485
8,0.37681159420289856,13.738558475740522
8,0.38164251207729466,2.7345597213910784
8,0.3864734299516908,20.146941686914122
8,0.3913043478260869,8.764362431426134
8,0.3961352657004831,22.824398455441
8,0.40096618357487923,7.370079477339466
8,0.40579710144927533,8.889827399050132
8,0.4106280193236715,7.631444952588113
8,0.4154589371980676,14.798394637961628
8,0.42028985507246375,15.110551742181059
8,0.4251207729468599,3.871624370232185
8,0.429951690821256,19.481449412386013
8,0.43478260869565216,8.808802438708833
8,0.43961352657004826,8.60616134218192
8,0.4444444444444444,14.515861449152363
8,0.4492753623188406,16.5305864313004
8,0.4541062801932367,13.130540569459738
8,0.45893719806763283,5.991054615989699
8,0.46376811594202894,1.9794547901559563
8,0.4685990338164251,13.800072432254433
8,0.47342995169082125,10.479893163812266
8,0.47826086956521735,17.02094101713878
8,0.4830917874396135,14.863617827231199
8,0.48792270531400966,7.579413613477521
8,0.49275362318840576,15.067210401914345
8,0.4975845410628019,17.669028367572448
9,0.0,1.865174681370263e-14
9,0.005025125628140704,12.59464637538369
9,0.010050251256281407,7.036733528086884
9,0.01507537688442211,13.453045515067966
9,0.020100502512562814,18.330292614515535
9,0.02512562814070352,10.518533915647508
9,0.03015075376884422,4.7952085445776085
9,0.035175879396984924,3.6882049096267426
9,0.04020100502512563,10.010880597714213
9,0.04522613065326633,14.447930401579663
9,0.05025125628140704,22.918303966733806
9,0.05527638190954774,9.921939923022425
9,0.06030150753768844,10.084789913345297
9,0.06532663316582915,10.014566195229257
9,0.07035175879396985,22.573140629121685
9,0.07537688442211056,11.388643694072655
9,0.08040201005025126,11.413223154818962
9,0.08542713567839195,24.43361861988004
9,0.09045226130653267,18.705316444637432
9,0.09547738693467336,17.55230518874017
9,0.10050251256281408,10.779359900973189
9,0.10552763819095477,16.527474405093283
9,0.11055276381909548,6.321701942318483
9,0.11557788944723618,7.723479717664504
9,0.12060301507537688,6.865940453085541
9,0.12562814070351758,2.358680584890803
9,0.1306532663316583,18.188536119971662
9,0.135678391959799,5.426038344868093
9,0.1407035175879397,5.412011930920857
9,0.1457286432160804,15.89908741974021
9,0.15075376884422112,1.7869856402509818
9,0.15577889447236182,25.51135287062523
9,0.16080402010050251,10.934944196346144
9,0.1658291457286432,8.950320256825483
9,0.1708542713567839,2.6428514671104875
9,0.17587939698492464,21.48556495148014
9,0.18090452261306533,10.82466966853737
9,0.18592964824120603,6.375277503620644
9,0.19095477386934673,13.871396731371291
9,0.19597989949748745,5.469843433235735
9,0.20100502512562815,7.134038927848774
9,0.20603015075376885,7.556693509345953
9,0.21105527638190955,4.98153436428686
9,0.21608040201005024,5.959584683762101
9,0.22110552763819097,11.380831918921022
9,0.22613065326633167,15.695686541333503
9,0.23115577889447236,16.087796400915277
9,0.23618090452261306,10.745116885878312
9,0.24120603015075376,10.088790721837887
9,0.24623115577889448,8.41006342257374
9,0.25125628140703515,6.988841950943025
9,0.2562814070351759,13.505367754522595
9,0.2613065326633166,13.651707514374804
9,0.2663316582914573,10.499878853888395
9,0.271356783919598,11.899394314407107
9,0.2763819095477387,11.401444004325283
9,0.2814070351758794,10.130013218267681
9,0.2864321608040201,17.901878114172657
9,0.2914572864321608,1.9092267188632677
9,0.2964824120603015,19.9250770144799
9,0.30150753768844224,16.29808783263836
9,0.3065326633165829,2.2845349174234544
9,0.31155778894472363,17.33606394233318
9,0.3165829145728643,9.743051446791002
9,0.32160804020100503,3.885604850117503
9,0.32663316582914576,15.950980152070349
9,0.3316582914572864,22.333965197324922
9,0.33668341708542715,13.512122609570646
9,0.3417085427135678,9.59462033962392
9,0.34673366834170855,13.27799341092138
9,0.35175879396984927,24.9132464928217
9,0.35678391959798994,5.925767595183422
9,0.36180904522613067,6.71825691584579
9,0.36683417085427134,14.218351434232165
9,0.37185929648241206,10.66929716205714
9,0.3768844221105528,25.429324681169966
9,0.38190954773869346,21.682181161774327
9,0.3869346733668342,5.415281139898655
9,0.3919597989949749,24.986924569070027
9,0.3969849246231156,24.476425926559113
9,0.4020100502512563,12.826778481547136
9,0.40703517587939697,9.54516938500168
9,0.4120603015075377,20.551505249679845
9,0.4170854271356784,20.027662559014672
9,0.4221105527638191,6.432134167096779
9,0.4271356783919598,4.4407570839866155
9,0.4321608040201005,28.383039462009165
9,0.4371859296482412,20.266259316416615
9,0.44221105527638194,12.26505637716111
9,0.4472361809045226,21.07828758281796
9,0.45226130653266333,4.364607943730059
9,0.457286432160804,8.403852975364721
9,0.4623115577889447,10.670273608715743
9,0.46733668341708545,3.392810571767007
9,0.4723618090452261,7.866736876110868
9,0.47738693467336685,15.20906702327587
9,0.4824120603015075,21.124559004474126
9,0.48743718592964824,20.255332371437998
9,0.49246231155778897,17.562916840526245
9,0.49748743718592964,16.48696478122648
10,0.0,3.2862601528904634e-14
10,0.005128205128205128,14.921057769100948
10,0.010256410256410256,12.132572183169586
10,0.015384615384615385,7.135617561587301
10,0.020512820512820513,19.18765698512133
10,0.02564102564102564,8.832389807548962
10,0.03076923076923077,5.2527458812280905
10,0.035897435897435895,4.538064887668519
10,0.041025641025641026,20.609326882835752
10,0.046153846153846156,19.833503437265545
10,0.05128205128205128,11.993910695935508
10,0.05641025641025641,8.558700593108066
10,0.06153846153846154,6.47569677555408
10,0.06666666666666667,5.234060336235376
10,0.07179487179487179,5.0725212378044615
10,0.07692307692307693,6.758504092036737
10,0.08205128205128205,14.69708755813644
10,0.08717948717948718,4.753536762873868
10,0.09230769230769231,3.9447654030854085
10,0.09743589743589744,13.295680544327896
10,0.10256410256410256,5.215520072992075
10,0.1076923076923077,21.05700153546785
10,0.11282051282051282,6.100345611157032
10,0.11794871794871795,12.220495075955036
10,0.12307692307692308,28.445777846556386
10,0.1282051282051282,10.829945054210828
10,0.13333333333333333,15.904067489086492
10,0.13846153846153847,16.614155897540126
10,0.14358974358974358,1.8333488607428219
10,0.14871794871794872,4.777558610469573
10,0.15384615384615385,10.297889513791164
10,0.15897435897435896,5.84833876863004
10,0.1641025641025641,7.349846693181705
10,0.16923076923076924,16.768854906110032
10,0.17435897435897435,12.346890868331851
10,0.1794871794871795,16.706754873568546
10,0.18461538461538463,24.208777665466474
10,0.18974358974358974,27.0370012902472
10,0.19487179487179487,5.8654333058921875
10,0.2,13.108484646607433
10,0.20512820512820512,19.327938952650133
10,0.21025641025641026,13.931796378252596
10,0.2153846153846154,21.253876320829722
10,0.2205128205128205,18.14643075041255
10,0.22564102564102564,9.644517585932702
10,0.23076923076923078,28.374975523096797
10,0.2358974358974359,10.495783108038783
10,0.24102564102564103,9.596979692008428
10,0.24615384615384617,10.131305401853638
10,0.2512820512820513,5.120772610581099
10,0.2564102564102564,12.123799949477993
10,0.26153846153846155,8.382934655286094
10,0.26666666666666666,13.6887645908583
10,0.2717948717948718,8.238599336917423
10,0.27692307692307694,11.932971945357709
10,0.28205128205128205,17.14408040609491
10,0.28717948717948716,15.785518963492
10,0.2923076923076923,12.362522946079194
10,0.29743589743589743,8.132639493338843
10,0.30256410256410254,4.881254678548347
10,0.3076923076923077,14.46033223409185
10,0.3128205128205128,19.17297859236453
10,0.31794871794871793,10.866698818527817
10,0.3230769230769231,5.203317250465675
10,0.3282051282051282,22.952857865917917
10,0.3333333333333333,7.804381935783163
10,0.3384615384615385,14.588511337671283
10,0.3435897435897436,9.690709787691302
10,0.3487179487179487,11.806191051868552
10,0.35384615384615387,8.377773576767613
10,0.358974358974359,16.912522288861613
10,0.3641025641025641,19.7773792141655
10,0.36923076923076925,23.17892194614987
10,0.37435897435897436,10.043516398265108
10,0.37948717948717947,7.234669072205028
10,0.38461538461538464,2.318881349472225
10,0.38974358974358975,12.001495877887733
10,0.39487179487179486,4.703160756936984
10,0.4,17.049967078393
10,0.40512820512820513,15.071164274215157
10,0.41025641025641024,4.5148874367517795
10,0.4153846153846154,26.271817475419166
10,0.4205128205128205,0.933858085130846
10,0.4256410256410256,6.923011680248365
10,0.4307692307692308,11.151026947375486
10,0.4358974358974359,9.846780255200432
10,0.441025641025641,17.87218174297269
10,0.4461538461538462,3.9607703119335524
10,0.4512820512820513,13.058470506325916
10,0.4564102564102564,3.9930160034624826
10,0.46153846153846156,16.635423326811974
10,0.4666666666666667,8.018678482507124
10,0.4717948717948718,15.227814578448426
10,0.47692307692307695,14.06242805138012
10,0.48205128205128206,5.301837515206938
10,0.48717948717948717,32.77778543545753
10,0.49230769230769234,17.99798433069025
10,0.49743589743589745,18.98176483671179
11,0.0,1.0658141036401503e-14
11,0.005405405405405406,12.793782714081791
11,0.010810810810810811,13.880995833431397
11,0.016216216216216217,10.001149252642746
11,0.021621621621621623,8.288915811286289
11,0.02702702702702703,5.152458216808583
11,0.032432432432432434,7.530972518430572
11,0.03783783783783784,17.20243314947527
11,0.043243243243243246,9.13134511758929
11,0.04864864864864865,11.442465325507762
11,0.05405405405405406,7.03635417432009
11,0.05945945945945946,12.000150129552173
11,0.06486486486486487,23.43293160892483
11,0.07027027027027027,4.883307860904946
11,0.07567567567567568,11.023193819655564
11,0.08108108108108109,9.854012833000677
11,0.08648648648648649,9.791513656260374
11,0.0918918918918919,15.28837261282648
11,0.0972972972972973,6.969170735592178
11,0.10270270270270271,9.077899817788316
11,0.10810810810810811,30.614944868183436
11,0.11351351351351352,10.445231898150375
11,0.11891891891891893,8.278673382292675
11,0.12432432432432433,16.123842406402446
11,0.12972972972972974,11.565992634295764
11,0.13513513513513514,9.983668845696865
11,0.14054054054054055,13.84417098107744
11,0.14594594594594595,30.846498907576397
11,0.15135135135135136,16.684411072283794
11,0.15675675675675677,0.8325848967134735
11,0.16216216216216217,10.564946751309256
11,0.16756756756756758,1.4243358434126614
11,0.17297297297297298,6.774291093420132
11,0.1783783783783784,17.14271685934501
11,0.1837837837837838,7.600220492075683
11,0.1891891891891892,2.5189970513435656
11,0.1945945945945946,3.0915197734117617
11,0.2,18.236915721721843
11,0.20540540540540542,5.397927094308822
11,0.21081081081081082,8.74628018546822
11,0.21621621621621623,1.4908598131033945
11,0.22162162162162163,19.424887107751132
11,0.22702702702702704,17.820360271425102
11,0.23243243243243245,5.407079571132997
11,0.23783783783783785,10.18230873623113
11,0.24324324324324326,14.094189027223543
11,0.24864864864864866,3.1652382849700205
11,0.25405405405405407,12.980941473383933
11,0.2594594594594595,18.3714207454115
11,0.2648648648648649,12.183346493068015
11,0.2702702702702703,17.003339318675593
11,0.2756756756756757,4.854708899990128
11,0.2810810810810811,19.990093517474712
11,0.2864864864864865,16.86068937401231
11,0.2918918918918919,20.055160999187922
11,0.2972972972972973,16.002378570177555
11,0.3027027027027027,18.916847456477356
11,0.3081081081081081,17.31152187279027
11,0.31351351351351353,11.309987661770071
11,0.31891891891891894,11.080374491326298
11,0.32432432432432434,7.294542197029071
11,0.32972972972972975,12.448116765857215
11,0.33513513513513515,19.233827402890196
11,0.34054054054054056,3.1572064143695937
11,0.34594594594594597,12.556072850145004
11,0.35135135135135137,19.751787402604347
11,0.3567567567567568,5.486150869919436
11,0.3621621621621622,6.853333680520251
11,0.3675675675675676,4.3473561559398775
11,0.372972972972973,15.181196151670157
11,0.3783783783783784,9.45067947824593
11,0.3837837837837838,13.141234597028914
11,0.3891891891891892,13.271950530000266
11,0.3945945945945946,12.289730753699818
11,0.4,9.172818982491973
11,0.40540540540540543,0.3578083030170225
11,0.41081081081081083,26.431031069441147
11,0.41621621621621624,15.931039204540447
11,0.42162162162162165,9.71161706049575
11,0.42702702702702705,14.48018694058624
11,0.43243243243243246,14.496389691958782
11,0.43783783783783786,11.218291382098514
11,0.44324324324324327,9.775701355511123
11,0.4486486486486487,24.845056350002146
11,0.4540540540540541,13.882046356154191
11,0.4594594594594595,6.217985041570115
11,0.4648648648648649,3.081085872190762
11,0.4702702702702703,13.150138827212203
11,0.4756756756756757,6.117044288880049
11,0.4810810810810811,7.589700669391585
11,0.4864864864864865,16.365769338625064
11,0.4918918918918919,4.983011929361109
11,0.4972972972972973,32.460510199885164
12,0.0,1.5765166949677223e-14
12,0.004784688995215311,25.394597052654664
12,0.009569377990430622,14.610331829166125
12,0.014354066985645932,3.381940479855908
12,0.019138755980861243,2.586482240181608
12,0.023923444976076555,6.297479288146525
12,0.028708133971291863,13.96779057618628
12,0.03349282296650718,23.185171587929705
12,0.03827751196172249,7.285787914883856
12,0.043062200956937795,13.053394591907889
12,0.04784688995215311,8.904208091888872
12,0.05263157894736842,11.63770485221257
12,0.057416267942583726,10.713603952132562
12,0.06220095693779904,10.107811230751555
12,0.06698564593301436,5.804771735045126
12,0.07177033492822966,27.62796947402067
12,0.07655502392344497,13.010853473095676
12,0.08133971291866028,15.634853640415395
12,0.08612440191387559,5.439981124735739
12,0.09090909090909091,18.181909067589242
12,0.09569377990430622,15.467620339751981
12,0.10047846889952153,12.131488796733109
12,0.10526315789473684,11.225178477284166
12,0.11004784688995214,24.014235866129614
12,0.11483253588516745,17.113192203280548
12,0.11961722488038277,12.19093308262793
12,0.12440191387559808,11.102413830003648
12,0.1291866028708134,6.328777446094
12,0.1339712918660287,20.592725451029427
12,0.13875598086124402,2.0107398042636686
12,0.14354066985645933,8.487554592938894
12,0.14832535885167464,10.872491293538634
12,0.15311004784688995,11.96315925050333
12,0.15789473684210525,19.545330645303586
12,0.16267942583732056,2.3329211373911627
12,0.16746411483253587,15.536996752605333
12,0.17224880382775118,9.049385713217795
12,0.1770334928229665,6.484400106295812
12,0.18181818181818182,12.917584618756432
12,0.18660287081339713,34.363864090261316
12,0.19138755980861244,2.562348599146086
12,0.19617224880382775,23.659775919427478
12,0.20095693779904306,21.380800319083807
12,0.20574162679425836,6.983279150769778
12,0.21052631578947367,5.776440246328455
12,0.21531100478468898,11.852194665372696
12,0.2200956937799043,5.653912103765521
12,0.2248803827751196,10.869992035860434
12,0.2296650717703349,19.385780414608252
12,0.23444976076555024,20.28501464445984
12,0.23923444976076555,10.599338442728618
12,0.24401913875598086,16.791179401503516
12,0.24880382775119617,1.9417572806556351
12,0.2535885167464115,9.816372319788274
12,0.2583732057416268,2.5458848306512056
12,0.2631578947368421,9.68995219118093
12,0.2679425837320574,23.015553550001087
12,0.2727272727272727,21.654113745557115
12,0.27751196172248804,13.992161718688763
12,0.2822966507177033,29.14791173578001
12,0.28708133971291866,21.422119649413258
12,0.29186602870813394,17.70724240822252
12,0.2966507177033493,10.88427729592595
12,0.30143540669856456,9.698731471664757
12,0.3062200956937799,10.371061581426243
12,0.31100478468899523,17.0047449779886
12,0.3157894736842105,6.772018266344272
12,0.32057416267942584,14.857588541962015
12,0.3253588516746411,8.128422827514623
12,0.33014354066985646,10.055626298172339
12,0.33492822966507174,9.146728696525669
12,0.3397129186602871,10.309099989440213
12,0.34449760765550236,9.219976461728885
12,0.3492822966507177,1.2934857838637792
12,0.354066985645933,13.87754676897743
12,0.3588516746411483,11.367851762800697
12,0.36363636363636365,7.260546834026186
12,0.3684210526315789,18.005355803212492
12,0.37320574162679426,14.981677352721537
12,0.37799043062200954,13.918180752557268
12,0.3827751196172249,10.343665130304153
12,0.38755980861244016,11.210279341940836
12,0.3923444976076555,4.2100319777593525
12,0.3971291866028708,24.19358262527602
12,0.4019138755980861,6.935656249532914
12,0.4066985645933014,19.131035403407598
12,0.41148325358851673,14.146982225425639
12,0.41626794258373206,8.608407591862363
12,0.42105263157894735,9.723968800408668
12,0.4258373205741627,6.7348284256393125
12,0.43062200956937796,16.325045308883805
12,0.4354066985645933,2.407494812906719
12,0.4401913875598086,12.159014170427454
12,0.4449760765550239,6.839229096720278
12,0.4497607655502392,4.820624171322625
12,0.45454545454545453,10.699480428546943
12,0.4593301435406698,17.925286056961657
12,0.46411483253588515,16.940729922680024
12,0.4688995215311005,16.139260559518366
12,0.47368421052631576,19.496091506554823
12,0.4784688995215311,19.165288908231044
12,0.4832535885167464,15.624642006203343
12,0.4880382775119617,14.371443977297238
12,0.492822966507177,19.090672312720088
12,0.49760765550239233,26.048109773021373
13,0.0,7.549516567451064e-15
13,0.005208333333333333,3.3868333391014716
13,0.010416666666666666,4.417002211919105
13,0.015625,27.890515570616177
13,0.020833333333333332,10.885536998019674
13,0.026041666666666664,7.547632107357255
13,0.03125,25.915556151780798
13,0.03645833333333333,15.087616870678008
13,0.041666666666666664,15.201791043771212
13,0.046875,8.336185284038079
13,0.05208333333333333,11.481924698944486
13,0.057291666666666664,18.073460966613705
13,0.0625,8.260360627505289
13,0.06770833333333333,13.239185260058349
13,0.07291666666666666,4.549919439748519
13,0.078125,11.21668748544512
13,0.08333333333333333,11.077523275527643
13,0.08854166666666666,15.637952475341386
13,0.09375,12.523941835001722
13,0.09895833333333333,15.378731441883852
13,0.10416666666666666,16.913064669553826
13,0.109375,4.89771832574174
13,0.11458333333333333,12.527132359932276
13,0.11979166666666666,9.815613043492641
13,0.125,14.707894963275296
13,0.13020833333333331,5.926558950112223
13,0.13541666666666666,7.6684895021275405
13,0.140625,6.421344167446114
13,0.14583333333333331,21.046838535814416
13,0.15104166666666666,10.256671750392275
13,0.15625,10.33795622316334
13,0.16145833333333331,13.86801123015174
13,0.16666666666666666,11.040389612630195
13,0.171875,8.531948797522183
13,0.17708333333333331,0.9742640146806436
13,0.18229166666666666,8.593216929781727
13,0.1875,7.961734403926384
13,0.19270833333333331,13.145189972004177
13,0.19791666666666666,19.294480660582632
13,0.203125,12.824617143391539
13,0.20833333333333331,15.638332377097845
13,0.21354166666666666,17.72904402007267
13,0.21875,9.625312257942248
13,0.22395833333333331,1.1324664218508311
13,0.22916666666666666,19.981700320105904
13,0.234375,10.596196411051249
13,0.23958333333333331,7.6456651955507064
13,0.24479166666666666,2.3063881647513162
13,0.25,11.296600466154606
13,0.2552083333333333,15.855809672292276
13,0.26041666666666663,9.301080958421695
13,0.265625,22.726647058203476
13,0.2708333333333333,7.993418250898353
13,0.27604166666666663,17.109803533135835
13,0.28125,12.90943346713782
13,0.2864583333333333,18.968280018716758
13,0.29166666666666663,10.471174787165092
13,0.296875,10.498399428069815
13,0.3020833333333333,14.328912987342237
13,0.30729166666666663,20.051558258686992
13,0.3125,11.277864032237757
13,0.3177083333333333,19.315703574388532
13,0.32291666666666663,17.324545456333713
13,0.328125,30.51399936407308
13,0.3333333333333333,10.448782548870682
13,0.33854166666666663,4.733719037268231
13,0.34375,23.498648537328076
13,0.3489583333333333,23.46925683823783
13,0.35416666666666663,5.78644423296633
13,0.359375,11.730020344363458
13,0.3645833333333333,16.149659896525296
13,0.36979166666666663,3.275926358193374
13,0.375,18.53070304542829
13,0.3802083333333333,18.71218400390234
13,0.38541666666666663,6.965516532944661
13,0.390625,7.942971197949686
13,0.3958333333333333,6.6866782719418465
13,0.40104166666666663,7.960142201298258
13,0.40625,14.48271691841667
13,0.4114583333333333,20.005206335286886
13,0.41666666666666663,6.665592350776992
13,0.421875,19.77577715161594
13,0.4270833333333333,2.4640208612331422
13,0.43229166666666663,14.226726498190686
13,0.4375,21.124271791811196
13,0.4427083333333333,9.853491455907688
13,0.44791666666666663,9.396202625146843
13,0.453125,17.379889605641598
13,0.4583333333333333,15.33899721425724
13,0.46354166666666663,21.657052686019448
13,0.46875,10.464063708726297
13,0.4739583333333333,14.133425445634503
13,0.47916666666666663,5.302163551395794
13,0.484375,4.442975110216218
13,0.4895833333333333,4.360454327320909
13,0.49479166666666663,17.955464905107
14,0.0,1.9984014443252818e-14
14,0.004694835680751174,20.688297590788633
14,0.009389671361502348,17.982687041122954
14,0.014084507042253521,4.2741291508368775
14,0.018779342723004695,1.5244044561072365
14,0.023474178403755867,15.06655275670637
14,0.028169014084507043,15.261406394286743
14,0.03286384976525822,7.7834226636985315
14,0.03755868544600939,16.066030019986762
14,0.04225352112676056,16.881546308370275
14,0.046948356807511735,3.409311043300695
14,0.051643192488262914,8.973149705538654
14,0.056338028169014086,8.890627433670454
14,0.06103286384976526,11.122588764990875
14,0.06572769953051644,18.61409294300953
14,0.07042253521126761,18.511750055467736
14,0.07511737089201878,23.54932935194063
14,0.07981220657276995,13.35550595534497
14,0.08450704225352113,15.135348027707296
14,0.0892018779342723,20.518721705818425
14,0.09389671361502347,9.334768342782244
14,0.09859154929577466,10.125663621384856
14,0.10328638497652583,11.647559603588045
14,0.107981220657277,5.645512941504781
14,0.11267605633802817,13.39013090484942
14,0.11737089201877934,16.167980322631855
14,0.12206572769953052,3.7716938427887734
14,0.1267605633802817,9.334199238718865
14,0.13145539906103287,12.37193192515739
14,0.13615023474178403,13.736941681843543
14,0.14084507042253522,17.295774236655486
14,0.14553990610328638,36.63108128133245
14,0.15023474178403756,33.79037240856946
14,0.15492957746478875,8.158608614872772
14,0.1596244131455399,13.208006452138035
14,0.1643192488262911,4.254042331661745
14,0.16901408450704225,14.310638746733487
14,0.17370892018779344,9.149424820341821
14,0.1784037558685446,10.082534671422366
14,0.18309859154929578,9.677234897508338
14,0.18779342723004694,8.94799859791989
14,0.19248826291079812,16.218458398130633
14,0.1971830985915493,11.049848856641242
14,0.20187793427230047,21.271324377981532
14,0.20657276995305165,5.204112400168793
14,0.2112676056338028,6.242877608905347
14,0.215962441314554,11.248057950315582
14,0.22065727699530516,9.63568966730992
14,0.22535211267605634,15.47710749932284
14,0.23004694835680753,21.623104181782807
14,0.2347417840375587,2.6939907493807747
14,0.23943661971830987,14.495302538603392
14,0.24413145539906103,17.69945858536744
14,0.24882629107981222,18.299337417886974
14,0.2535211267605634,9.773440657791943
14,0.25821596244131456,3.9815200471128773
14,0.26291079812206575,13.939636148145922
14,0.26760563380281693,3.8131218597484033
14,0.27230046948356806,20.861000961158034
14,0.27699530516431925,17.386196818428715
14,0.28169014084507044,11.680195859392988
14,0.2863849765258216,3.4305559049251246
14,0.29107981220657275,15.921929126430815
14,0.29577464788732394,19.40672559530782
14,0.3004694835680751,12.504394648082195
14,0.3051643192488263,13.298653766869
14,0.3098591549295775,29.315766277339485
14,0.3145539906103286,14.028055088694732
14,0.3192488262910798,26.419668669358796
14,0.323943661971831,21.796726860375422
14,0.3286384976525822,4.274543214988143
14,0.3333333333333333,3.8219113325137726
14,0.3380281690140845,8.507435844587011
14,0.3427230046948357,12.53648945877817
14,0.3474178403755869,6.1986126650085
14,0.35211267605633806,14.548846309942789
14,0.3568075117370892,10.03573366380892
14,0.3615023474178404,9.876079995495012
14,0.36619718309859156,9.458691534711974
14,0.37089201877934275,12.610624465283728
14,0.3755868544600939,9.172953900385226
14,0.38028169014084506,8.56280435966578
14,0.38497652582159625,21.74456114686709
14,0.38967136150234744,9.67725325972559
14,0.3943661971830986,15.306246370607955
14,0.39906103286384975,10.989535603775428
14,0.40375586854460094,21.03074604970473
14,0.4084507042253521,11.05701830891787
14,0.4131455399061033,15.901143104602099
14,0.4178403755868545,7.446768643196371
14,0.4225352112676056,18.210467292234743
14,0.4272300469483568,19.376883311243382
14,0.431924882629108,11.775232176934558
14,0.4366197183098592,10.471216922366112
14,0.4413145539906103,2.4829650463119584
14,0.4460093896713615,2.3778591554919863
14,0.4507042253521127,23.50289752718964
14,0.45539906103286387,9.227020517070564
14,0.46009389671361506,16.277385882878175
14,0.4647887323943662,6.095295335074266
14,0.4694835680751174,20.076175930010276
14,0.47417840375586856,20.34871582635364
14,0.47887323943661975,24.679411381336514
14,0.4835680751173709,3.702535021803831
14,0.48826291079812206,4.902450921291941
14,0.49295774647887325,12.982877445438705
14,0.49765258215962443,9.509890140072876
15,0.0,4.440892098500626e-16
15,0.0051813471502590676,7.296283842792489
15,0.010362694300518135,16.78766198470894
15,0.015544041450777202,17.886174580702434
15,0.02072538860103627,16.16257381906451
15,0.02590673575129534,24.512515026405286
15,0.031088082901554404,8.407633589839513
15,0.036269430051813475,12.31327921140225
15,0.04145077720207254,21.187809573070854
15,0.046632124352331605,15.386028842041156
15,0.05181347150259068,9.23427777132606
15,0.05699481865284974,13.505909833268808
15,0.06217616580310881,17.48683229821748
15,0.06735751295336788,3.266753682617707
15,0.07253886010362695,11.640633324079822
15,0.07772020725388601,9.273040801203894
15,0.08290155440414508,17.60120694260898
15,0.08808290155440415,4.901408708494504
15,0.09326424870466321,10.39374395882398
15,0.09844559585492228,19.91497577044774
15,0.10362694300518135,8.061482016890075
15,0.10880829015544041,7.564159204411338
15,0.11398963730569948,11.036755010060045
15,0.11917098445595856,7.11019055230372
15,0.12435233160621761,8.929454880365482
15,0.1295336787564767,12.084395903470545
15,0.13471502590673576,15.612139228191067
15,0.13989637305699482,15.853689286249534
15,0.1450777202072539,6.048086732641007
15,0.15025906735751296,14.764356544845704
15,0.15544041450777202,13.6207933964305
15,0.1606217616580311,13.429509611954495
15,0.16580310880829016,15.695484215799961
15,0.17098445595854922,24.711617625697766
15,0.1761658031088083,3.0841186530609996
15,0.18134715025906736,12.87185634246775
15,0.18652849740932642,5.475880550528097
15,0.1917098445595855,11.939047640589783
15,0.19689119170984457,12.264674580772422
15,0.20207253886010362,7.367967573505875
15,0.2072538860103627,3.1164598981087677
15,0.21243523316062177,14.803434374688075
15,0.21761658031088082,11.746721111427716
15,0.2227979274611399,10.912626346355907
15,0.22797927461139897,18.112251360902317
15,0.23316062176165803,11.518013946953689
15,0.2383419689119171,12.573887852754732
15,0.24352331606217617,2.582714718584224
15,0.24870466321243523,2.859752519298003
15,0.2538860103626943,18.103058150438994
15,0.2590673575129534,7.745159002098504
15,0.26424870466321243,5.856585672514435
15,0.2694300518134715,20.020312729788355
15,0.2746113989637306,18.65507664252667
15,0.27979274611398963,15.435190688264042
15,0.2849740932642487,14.368839103055707
15,0.2901554404145078,14.738269828018199
15,0.29533678756476683,4.474238928636633
15,0.3005181347150259,16.38260149725665
15,0.305699481865285,7.523346093155842
15,0.31088082901554404,20.389885262570054
15,0.3160621761658031,11.544609274972048
15,0.3212435233160622,19.047031063225837
15,0.32642487046632124,22.1155449831549
15,0.3316062176165803,13.96637218125061
15,0.3367875647668394,16.973239024582114
15,0.34196891191709844,16.173613153921806
15,0.3471502590673575,25.24292831356162
15,0.3523316062176166,4.573090197904592
15,0.35751295336787564,16.59085531275167
15,0.3626943005181347,5.5787668067864695
15,0.3678756476683938,6.018523290530224
15,0.37305699481865284,20.882762104312004
15,0.37823834196891193,5.847322002649171
15,0.383419689119171,13.300439553404653
15,0.38860103626943004,14.292885442246885
15,0.39378238341968913,16.556759418871973
15,0.3989637305699482,10.739008104428269
15,0.40414507772020725,11.462805940450414
15,0.40932642487046633,27.717059678063233
15,0.4145077720207254,6.7763125090552085
15,0.41968911917098445,18.611071291259798
15,0.42487046632124353,7.9314294902202995
15,0.4300518134715026,10.802983345723574
15,0.43523316062176165,13.462609690102846
15,0.44041450777202074,8.770231840927616
15,0.4455958549222798,16.282779378824973
15,0.45077720207253885,15.416030285656868
15,0.45595854922279794,18.98443117903202
15,0.461139896373057,6.2425027341430654
15,0.46632124352331605,10.7262278268616
15,0.47150259067357514,3.5815920869289246
15,0.4766839378238342,15.624886309210883
15,0.48186528497409326,9.74279039615924
15,0.48704663212435234,17.875216775267162
15,0.4922279792746114,20.059571310963676
15,0.49740932642487046,2.169683263120216
16,0.0,2.353672812205332e-14
16,0.004347826086956522,30.521411313538135
16,0.008695652173913044,11.220916447711481
16,0.013043478260869566,25.931285763687683
16,0.017391304347826087,7.716285986514421
16,0.021739130434782608,6.752250792112927
16,0.026086956521739132,15.922975574161441
16,0.030434782608695653,16.800189654202274
16,0.034782608695652174,18.099163299568378
16,0.0391304347826087,5.829325261055219
16,0.043478260869565216,21.58418397571722
16,0.04782608695652174,19.08839483455009
16,0.052173913043478265,13.044400891307227
16,0.05652173913043478,28.753122505729607
16,0.06086956521739131,12.724172983196912
16,0.06521739130434782,29.452055775209814
16,0.06956521739130435,19.565023862249493
16,0.07391304347826087,10.683857201801162
16,0.0782608695652174,20.447476345172344
16,0.08260869565217391,13.152392780955434
16,0.08695652173913043,15.672628275433368
16,0.09130434782608696,13.505249448755952
16,0.09565217391304348,14.032816708857043
16,0.1,16.22125639947726
16,0.10434782608695653,2.2683856723900155
16,0.10869565217391304,4.237194160660876
16,0.11304347826086956,3.576578340326451
16,0.11739130434782609,14.207894847648419
16,0.12173913043478261,14.415010610311981
16,0.12608695652173912,8.291964612122676
16,0.13043478260869565,10.138202183304047
16,0.13478260869565217,4.07099059135666
16,0.1391304347826087,2.478648634162423
16,0.14347826086956522,28.904691336511764
16,0.14782608695652175,12.030109665556743
16,0.15217391304347827,12.146075268709017
16,0.1565217391304348,25.26194351516856
16,0.16086956521739132,14.776370980368101
16,0.16521739130434782,23.199198138428166
16,0.16956521739130434,19.834829174852036
16,0.17391304347826086,17.031316895469665
16,0.1782608695652174,3.353978758681421
16,0.1826086956521739,22.40863092743616
16,0.18695652173913044,13.611148960118491
16,0.19130434782608696,6.1624108778361775
16,0.1956521739130435,16.408321170869158
16,0.2,16.55997885100648
16,0.20434782608695654,15.432200935570954
16,0.20869565217391306,15.525865518804753
16,0.21304347826086956,19.148213977005554
16,0.21739130434782608,7.418713540686473
16,0.2217391304347826,15.093724693744335
16,0.22608695652173913,5.38077600602762
16,0.23043478260869565,3.9310884296290785
16,0.23478260869565218,10.065687745821872
16,0.2391304347826087,4.504127347749048
16,0.24347826086956523,21.12610938049986
16,0.24782608695652175,10.197627066495428
16,0.25217391304347825,12.284135066689613
16,0.2565217391304348,1.4813754977543303
16,0.2608695652173913,3.980058304991685
16,0.26521739130434785,4.227806454332822
16,0.26956521739130435,19.856294078993958
16,0.2739130434782609,9.454311635365684
16,0.2782608695652174,19.148182343547905
16,0.2826086956521739,7.029649901252836
16,0.28695652173913044,11.117299460167702
16,0.29130434782608694,7.860290811380285
16,0.2956521739130435,15.740053202673066
16,0.3,3.925289457310613
16,0.30434782608695654,11.611555961937261
16,0.30869565217391304,17.42483610216514
16,0.3130434782608696,9.609084235129302
16,0.3173913043478261,15.020719011411408
16,0.32173913043478264,20.752849639381857
16,0.32608695652173914,17.80000895899794
16,0.33043478260869563,2.6451229787503743
16,0.3347826086956522,6.91414918187109
16,0.3391304347826087,20.84613723240754
16,0.34347826086956523,6.66715672418624
16,0.34782608695652173,22.254374107523613
16,0.3521739130434783,7.72627417497424
16,0.3565217391304348,8.834874714970338
16,0.36086956521739133,16.690152515393034
16,0.3652173913043478,19.5226685384989
16,0.3695652173913044,10.609246336723883
16,0.3739130434782609,7.0388061120730105
16,0.3782608695652174,19.648069469228123
16,0.3826086956521739,30.706789246483112
16,0.3869565217391304,11.389553647838056
16,0.391304347826087,12.2194729131893
16,0.39565217391304347,22.447051560106743
16,0.4,17.26788241779916
16,0.4043478260869565,11.927294015464023
16,0.40869565217391307,14.542468423701255
16,0.41304347826086957,19.90048927987317
16,0.4173913043478261,13.669154729887753
16,0.4217391304347826,5.95610085452409
16,0.4260869565217391,18.19646067948326
16,0.43043478260869567,5.881164339597904
16,0.43478260869565216,14.885886720929127
16,0.4391304347826087,20.96939735092974
16,0.4434782608695652,0.7934792649068036
16,0.44782608695652176,5.355793530765482
16,0.45217391304347826,22.266451332868023
16,0.4565217391304348,5.538434797977525
16,0.4608695652173913,3.3140164177227143
16,0.4652173913043478,13.056664151472864
16,0.46956521739130436,3.4475027513713843
16,0.47391304347826085,16.00215059681721
16,0.4782608695652174,11.82447681484242
16,0.4826086956521739,12.060068415842919
16,0.48695652173913045,20.093783865050117
16,0.49130434782608695,21.752534685271815
16,0.4956521739130435,17.22516285676158
17,0.0,7.105427357601002e-15
17,0.004975124378109453,2.4598055169995683
17,0.009950248756218905,15.296232522639338
17,0.014925373134328358,14.076282987830401
17,0.01990049751243781,17.98789200724744
17,0.02487562189054726,6.643731982762092
17,0.029850746268656716,13.487814982037396
17,0.03482587064676617,10.724839104502003
17,0.03980099502487562,13.00336678865431
17,0.04477611940298507,9.438562827175005
17,0.04975124378109452,11.416247463117974
17,0.05472636815920398,24.032814645980743
17,0.05970149253731343,5.797496594148126
17,0.06467661691542288,16.6385818768169
17,0.06965174129353234,17.812827844129256
17,0.07462686567164178,18.52501857358016
17,0.07960199004975124,11.361313385498283
17,0.0845771144278607,9.087305451799981
17,0.08955223880597014,22.833938999786128
17,0.0945273631840796,31.42533305377849
17,0.09950248756218905,18.80538342746848
17,0.1044776119402985,15.055439775662276
17,0.10945273631840796,6.21291590018659
17,0.1144278606965174,12.725878813375882
17,0.11940298507462686,7.269246422369326
17,0.12437810945273632,17.42700797617833
17,0.12935323383084577,13.965422806452375
17,0.13432835820895522,17.034146547471003
17,0.13930348258706468,8.831260279042084
17,0.14427860696517414,14.321262062949177
17,0.14925373134328357,3.216657820309013
17,0.15422885572139303,4.179391457334256
17,0.15920398009950248,6.565920913536576
17,0.16417910447761194,10.988315581974822
17,0.1691542288557214,6.84123110292799
17,0.17412935323383083,6.027735333282313
17,0.1791044776119403,15.97599239606062
17,0.18407960199004975,17.65604630989839
17,0.1890547263681592,11.813488730789434
17,0.19402985074626866,29.64672624932183
17,0.1990049751243781,8.715783249315592
17,0.20398009950248755,12.55810255119428
17,0.208955223880597,13.318177265235592
17,0.21393034825870647,17.08777764885217
17,0.21890547263681592,15.352551967870603
17,0.22388059701492538,1.9131001675015789
17,0.2288557213930348,11.881959984012289
17,0.23383084577114427,18.184799907626967
17,0.23880597014925373,10.652449859374666
17,0.24378109452736318,12.162752325065407
17,0.24875621890547264,29.64486979327271
17,0.2537313432835821,3.8714807326535854
17,0.25870646766169153,3.5427197262209407
17,0.263681592039801,4.645920424445178
17,0.26865671641791045,15.047230216872443
17,0.2736318407960199,16.020843444449312
17,0.27860696517412936,19.370691892111747
17,0.2835820895522388,10.150780878752027
17,0.2885572139303483,11.076427765374103
17,0.2935323383084577,10.362376999438862
17,0.29850746268656714,14.343272526195136
17,0.3034825870646766,17.695084659915228
17,0.30845771144278605,15.491566452459049
17,0.31343283582089554,14.406467760163473
17,0.31840796019900497,14.725652938713543
17,0.3233830845771144,4.813449902355005
17,0.3283582089552239,5.943937775111898
17,0.3333333333333333,13.080914276300694
17,0.3383084577114428,1.0365666507676616
17,0.34328358208955223,13.039270915944805
17,0.34825870646766166,13.207628734009424
17,0.35323383084577115,25.011997813327056
17,0.3582089552238806,30.921920849047314
17,0.36318407960199006,10.790849928307084
17,0.3681592039800995,13.526694387705643
17,0.3731343283582089,24.18791818110585
17,0.3781094527363184,13.191129394279034
17,0.38308457711442784,5.113022130848186
17,0.3880597014925373,9.515478715729207
17,0.39303482587064675,5.130592325965014
17,0.3980099502487562,17.860155204823034
17,0.40298507462686567,7.949570757267116
17,0.4079601990049751,14.147292243983896
17,0.4129353233830846,12.4458891954314
17,0.417910447761194,6.481164891723947
17,0.4228855721393035,15.5629429055182
17,0.42786069651741293,11.59142402296302
17,0.43283582089552236,15.089857039325135
17,0.43781094527363185,1.8610379306165965
17,0.4427860696517413,6.629903261649759
17,0.44776119402985076,17.259342271908924
17,0.4527363184079602,11.473575049288806
17,0.4577114427860696,2.1648594463669117
17,0.4626865671641791,9.325419577643745
17,0.46766169154228854,10.087697783246965
17,0.472636815920398,12.810615205088633
17,0.47761194029850745,1.9288931475749047
17,0.4825870646766169,10.433157602349391
17,0.48756218905472637,14.880567581972336
17,0.4925373134328358,6.513570698546817
17,0.4975124378109453,27.259239003590668
18,0.0,3.907985046680551e-14
18,0.005128205128205128,11.372590996374505
18,0.010256410256410256,14.641176135773495
18,0.015384615384615385,1.6895558760986138
18,0.020512820512820513,3.9707950061428354
18,0.02564102564102564,12.302643416449031
18,0.03076923076923077,26.748133700839286
18,0.035897435897435895,17.401459277275848
18,0.041025641025641026,5.626946939742324
18,0.046153846153846156,6.15007562645789
18,0.05128205128205128,6.076233252670693
18,0.05641025641025641,8.673006358939213
18,0.06153846153846154,3.7002957264667913
18,0.06666666666666667,8.002653720507174
18,0.07179487179487179,12.542763605134633
18,0.07692307692307693,22.545575794769658
18,0.08205128205128205,23.344241868201323
18,0.08717948717948718,3.042591901276162
18,0.09230769230769231,10.854943356750686
18,0.09743589743589744,5.82926102511959
18,0.10256410256410256,5.229051623934968
18,0.1076923076923077,21.6689281891608
18,0.11282051282051282,13.909289376962088
18,0.11794871794871795,2.9016187470551404
18,0.12307692307692308,8.629620015063656
18,0.1282051282051282,14.096048570241376
18,0.13333333333333333,9.533640016006746
18,0.13846153846153847,14.523660299342412
18,0.14358974358974358,8.078585041618224
18,0.14871794871794872,10.302061288447925
18,0.15384615384615385,9.921850113047864
18,0.15897435897435896,18.18938669506777
18,0.1641025641025641,19.85967980089791
18,0.16923076923076924,18.816058320860922
18,0.17435897435897435,19.47524623073261
18,0.1794871794871795,8.538704359468433
18,0.18461538461538463,9.271561814265988
18,0.18974358974358974,14.042497775052183
18,0.19487179487179487,5.678866010590116
18,0.2,3.159972972882212
18,0.20512820512820512,16.591305424267595
18,0.21025641025641026,13.453596906453416
18,0.2153846153846154,2.8141025027941113
18,0.2205128205128205,6.783823472132641
18,0.22564102564102564,17.11757390051956
18,0.23076923076923078,25.232909630296696
18,0.2358974358974359,15.197035389662613
18,0.24102564102564103,8.448235337014335
18,0.24615384615384617,10.34401862373814
18,0.2512820512820513,9.064764775965996
18,0.2564102564102564,9.513976909976313
18,0.26153846153846155,24.853186538354205
18,0.26666666666666666,9.942243514581737
18,0.2717948717948718,7.783708942826241
18,0.27692307692307694,16.856725268771843
18,0.28205128205128205,11.016218786243238
18,0.28717948717948716,13.209669780926903
18,0.2923076923076923,8.819445500048449
18,0.29743589743589743,12.934218838198817
18,0.30256410256410254,11.684138085162148
18,0.3076923076923077,11.194904202081906
18,0.3128205128205128,8.869369851427049
18,0.31794871794871793,10.11749910024791
18,0.3230769230769231,5.166155273325533
18,0.3282051282051282,9.28512482688748
18,0.3333333333333333,20.095214913477896
18,0.3384615384615385,12.372448337521632
18,0.3435897435897436,3.6396302466936916
18,0.3487179487179487,18.884072098765813
18,0.35384615384615387,11.55612340658318
18,0.358974358974359,25.15844283654272
18,0.3641025641025641,13.01441309198212
18,0.36923076923076925,13.301142145517952
18,0.37435897435897436,20.955711426916178
18,0.37948717948717947,10.426266707629127
18,0.38461538461538464,17.584817539320625
18,0.38974358974358975,28.499264756931176
18,0.39487179487179486,5.216526400564712
18,0.4,5.896801505146184
18,0.40512820512820513,13.75821659268964
18,0.41025641025641024,16.689532695232327
18,0.4153846153846154,20.501009532043806
18,0.4205128205128205,12.779787520240443
18,0.4256410256410256,17.31726383120539
18,0.4307692307692308,13.006858539063284
18,0.4358974358974359,14.417739647980191
18,0.441025641025641,12.268922605277046
18,0.4461538461538462,17.5070530866729
18,0.4512820512820513,12.417654405365866
18,0.4564102564102564,12.736917134972401
18,0.46153846153846156,9.565574193348985
18,0.4666666666666667,18.956003980510477
18,0.4717948717948718,25.022891277738445
18,0.47692307692307695,22.146602578267967
18,0.48205128205128206,4.474547984521009
18,0.48717948717948717,11.29402163589463
18,0.49230769230769234,13.336714917748917
18,0.49743589743589745,10.178875433578664
19,0.0,1.8207657603852567e-14
19,0.0047169811320754715,12.49960058655404
19,0.009433962264150943,21.255928693973253
19,0.014150943396226415,15.931848961229413
19,0.018867924528301886,23.291275100669935
19,0.023584905660377357,11.121380797574547
19,0.02830188679245283,13.42188686026915
19,0.0330188679245283,2.995087559864073
19,0.03773584905660377,17.50334123906322
19,0.04245283018867924,20.781794373854908
19,0.04716981132075471,2.108859251948188
19,0.051886792452830184,4.217989286449325
19,0.05660377358490566,26.055108260893437
19,0.06132075471698113,6.713060911613622
19,0.0660377358490566,8.40561671851542
19,0.07075471698113207,10.474401342019515
19,0.07547169811320754,28.708103213010624
19,0.08018867924528301,18.073666418653218
19,0.08490566037735849,10.366141640901539
19,0.08962264150943396,20.540643923749723
19,0.09433962264150943,18.915848956558943
19,0.0990566037735849,8.089095894893601
19,0.10377358490566037,14.738822168732368
19,0.10849056603773584,8.708425347793762
19,0.11320754716981132,13.675419210416882
19,0.1179245283018868,12.668377164323575
19,0.12264150943396226,4.751347126118084
19,0.12735849056603774,23.733306925885525
19,0.1320754716981132,7.876212126795671
19,0.13679245283018868,10.777538413154893
19,0.14150943396226415,20.851745733075642
19,0.14622641509433962,10.2761689412392
19,0.1509433962264151,21.022729692367303
19,0.15566037735849056,16.051935455255308
19,0.16037735849056603,2.207473867057214
19,0.1650943396226415,15.61970468659072
19,0.16981132075471697,3.4063600065678887
19,0.17452830188679244,16.29359675058784
19,0.1792452830188679,23.042861056434045
19,0.18396226415094338,12.499977944594
19,0.18867924528301885,3.343933363111857
19,0.19339622641509432,2.5068086101940588
19,0.1981132075471698,2.4071345254792567
19,0.20283018867924527,17.152907924606303
19,0.20754716981132074,17.139702446775253
19,0.2122641509433962,2.9377853137233223
19,0.21698113207547168,10.18232897080128
19,0.22169811320754715,12.25366089806164
19,0.22641509433962265,3.2170855588908807
19,0.23113207547169812,3.8242287514313054
19,0.2358490566037736,13.871302643660712
19,0.24056603773584906,7.560357518160025
19,0.24528301886792453,13.897290954326989
19,0.25,5.587767842752088
19,0.25471698113207547,9.068757420997516
19,0.25943396226415094,12.503678851361103
19,0.2641509433962264,8.86445500168872
19,0.2688679245283019,11.098079342111639
19,0.27358490566037735,34.73202053583966
19,0.2783018867924528,11.330862097209552
19,0.2830188679245283,15.971768974993541
19,0.28773584905660377,10.62814376084187
19,0.29245283018867924,9.115393943640987
19,0.2971698113207547,3.4344785721444278
19,0.3018867924528302,17.54463185495821
19,0.30660377358490565,12.015828881337741
19,0.3113207547169811,8.975326837952764
19,0.3160377358490566,21.404512454925428
19,0.32075471698113206,5.723017573244959
19,0.32547169811320753,5.7844953093074265
19,0.330188679245283,13.900489124609361
19,0.33490566037735847,14.615583180590589
19,0.33962264150943394,8.21451376960323
19,0.3443396226415094,13.975994034880458
19,0.3490566037735849,17.516075160035623
19,0.35377358490566035,16.831546994971067
19,0.3584905660377358,9.217622561015459
19,0.3632075471698113,11.999841150294257
19,0.36792452830188677,10.834337820692362
19,0.37264150943396224,19.258020879609045
19,0.3773584905660377,14.06106747345819
19,0.3820754716981132,8.276957992714246
19,0.38679245283018865,8.617582993113963
19,0.3915094339622641,13.877244004617403
19,0.3962264150943396,7.737267777485082
19,0.40094339622641506,2.072484397273901
19,0.40566037735849053,29.275474948333727
19,0.410377358490566,10.456625584265995
19,0.4150943396226415,27.630310978818656
19,0.41981132075471694,17.671642962419643
19,0.4245283018867924,9.092259179916338
19,0.4292452830188679,3.60215572945613
19,0.43396226415094336,20.682233135695242
19,0.4386792452830188,15.531478468679918
19,0.4433962264150943,16.23059790344539
19,0.44811320754716977,8.538893668473783
19,0.4528301886792453,20.162766662220672
19,0.45754716981132076,9.46838391449994
19,0.46226415094339623,12.609563805487227
19,0.4669811320754717,20.568153548105713
19,0.4716981132075472,9.409876905230036
19,0.47641509433962265,9.55733403199773
19,0.4811320754716981,15.893483088374946
19,0.4858490566037736,8.300533838642771
19,0.49056603773584906,17.313989901004568
19,0.49528301886792453,29.287103567214395
20,0.0,2.4868995751603507e-14
20,0.004672897196261682,11.696619690155256
20,0.009345794392523364,8.393809510343182
20,0.014018691588785045,28.69069922877966
20,0.018691588785046728,2.2388211010812897
20,0.02336448598130841,7.5646809552422996
20,0.02803738317757009,6.679430325612406
20,0.03271028037383177,9.326444349294874
20,0.037383177570093455,9.575516062905177
20,0.04205607476635514,19.017953653521868
20,0.04672897196261682,20.528500655583578
20,0.0514018691588785,28.521682140203108
20,0.05607476635514018,11.121837286654616
20,0.06074766355140186,19.952773435938933
20,0.06542056074766354,12.040078208497452
20,0.07009345794392523,18.762095631657598
20,0.07476635514018691,19.9453898980627
20,0.0794392523364486,15.905534801857229
20,0.08411214953271028,4.1214971188578495
20,0.08878504672897196,11.166631452178773
20,0.09345794392523364,9.637261536347722
20,0.09813084112149532,14.337656646895633
20,0.102803738317757,9.568797552611537
20,0.10747663551401869,9.075338774846962
20,0.11214953271028036,19.248839914001866
20,0.11682242990654204,21.806951052027955
20,0.12149532710280372,7.896554858259634
20,0.1261682242990654,5.434478808014454
20,0.1308411214953271,13.63396855794442
20,0.13551401869158877,19.656283872596003
20,0.14018691588785046,19.6431226153771
20,0.14485981308411214,3.102542301588178
20,0.14953271028037382,9.72201252297759
20,0.1542056074766355,3.7285366034004324
20,0.1588785046728972,7.979936473452544
20,0.16355140186915887,8.808078482954418
20,0.16822429906542055,6.50163057521455
20,0.17289719626168223,15.220118985375741
20,0.17757009345794392,9.112223684232513
20,0.1822429906542056,25.536796759518168
20,0.18691588785046728,18.068534115063787
20,0.19158878504672897,24.84261278208847
20,0.19626168224299065,2.6755669802030084
20,0.20093457943925233,9.415937732667983
20,0.205607476635514,3.0736605288134093
20,0.2102803738317757,12.6985620152416
20,0.21495327102803738,7.117716996304997
20,0.21962616822429906,6.880333445458416
20,0.22429906542056072,11.32849147679993
20,0.2289719626168224,17.83095465512597
20,0.23364485981308408,12.615416068831626
20,0.23831775700934577,8.872818453833556
20,0.24299065420560745,11.201247989403281
20,0.24766355140186913,23.437535248606576
20,0.2523364485981308,6.342589528797383
20,0.2570093457943925,12.470316296559053
20,0.2616822429906542,2.2519620310461814
20,0.26635514018691586,22.482850758932937
20,0.27102803738317754,8.675405700854078
20,0.2757009345794392,10.445908244861904
20,0.2803738317757009,16.595332565888928
20,0.2850467289719626,18.129404707650718
20,0.2897196261682243,9.846244463643359
20,0.29439252336448596,14.100810727252993
20,0.29906542056074764,6.282000057784487
20,0.3037383177570093,10.011364048433055
20,0.308411214953271,25.055993341442594
20,0.3130841121495327,4.319985157802904
20,0.3177570093457944,8.72039079403555
20,0.32242990654205606,19.64962813946466
20,0.32710280373831774,23.017138726405776
20,0.3317757009345794,20.89479285652785
20,0.3364485981308411,12.007964255672581
20,0.3411214953271028,12.797251612886004
20,0.34579439252336447,19.655336552127185
20,0.35046728971962615,7.060567977589647
20,0.35514018691588783,14.251458155486873
20,0.3598130841121495,20.006631770569722
20,0.3644859813084112,4.967982189837201
20,0.3691588785046729,26.25031885444215
20,0.37383177570093457,4.1856701824843325
20,0.37850467289719625,14.92939098357567
20,0.38317757009345793,27.146100882273906
20,0.3878504672897196,6.414855302302993
20,0.3925233644859813,11.485540395594631
20,0.397196261682243,1.9843891950518435
20,0.40186915887850466,21.0254130645703
20,0.40654205607476634,17.923000042205295
20,0.411214953271028,23.599740358998176
20,0.4158878504672897,11.297524231165484
20,0.4205607476635514,10.263134861427053
20,0.4252336448598131,10.196711329537951
20,0.42990654205607476,26.77967074909752
20,0.43457943925233644,12.99111399340761
20,0.4392523364485981,20.009914849932304
20,0.4439252336448598,13.853868131401308
20,0.44859813084112143,5.81506082718793
20,0.4532710280373831,24.128429202146403
20,0.4579439252336448,14.002984616026716
20,0.4626168224299065,6.724794063963909
20,0.46728971962616817,7.0261703909235775
20,0.47196261682242985,8.38510109565911
20,0.47663551401869153,17.25062124536686
20,0.4813084112149532,5.222187326028421
20,0.4859813084112149,4.835171768374733
20,0.4906542056074766,5.347456828295322
20,0.49532710280373826,5.6666542970741185
21,0.0,5.773159728050814e-15
21,0.004739336492890996,11.661732881731137
21,0.009478672985781991,11.90430219050508
21,0.014218009478672987,16.419935460736564
21,0.018957345971563982,6.279026222581938
21,0.023696682464454978,21.42879795795212
21,0.028436018957345974,9.79475566393052
21,0.03317535545023697,9.773793686929384
21,0.037914691943127965,10.20731404435436
21,0.04265402843601896,3.1926244209649113
21,0.047393364928909956,15.476677134352284
21,0.05213270142180095,5.342656252556024
21,0.05687203791469195,4.525923723060451
21,0.06161137440758294,11.540509505097738
21,0.06635071090047394,14.707795889772633
21,0.07109004739336494,12.690813806077525
21,0.07582938388625593,8.83278279659919
21,0.08056872037914692,7.267757872968318
21,0.08530805687203792,16.34618705565615
21,0.09004739336492892,4.880823497995891
21,0.09478672985781991,16.581585684087006
21,0.0995260663507109,5.249100416770001
21,0.1042654028436019,23.999798520997512
21,0.1090047393364929,32.52213579203891
21,0.1137440758293839,18.116537095257865
21,0.11848341232227488,16.200584500035948
21,0.12322274881516589,8.608211840219418
21,0.1279620853080569,6.629132791402956
21,0.13270142180094788,19.266593550827853
21,0.13744075829383887,11.474011841143211
21,0.14218009478672988,14.493468610506309
21,0.14691943127962087,24.982334009243363
21,0.15165876777251186,12.882332060022359
21,0.15639810426540285,20.81199689728057
21,0.16113744075829384,22.635743174012216
21,0.16587677725118485,17.95635162768813
21,0.17061611374407584,22.379508405544666
21,0.17535545023696683,16.612470100223454
21,0.18009478672985785,16.503485427511308
21,0.18483412322274884,15.698160906882988
21,0.18957345971563982,6.801298661657576
21,0.1943127962085308,8.063964455362745
21,0.1990521327014218,8.591350859208022
21,0.20379146919431282,4.438744506484569
21,0.2085308056872038,1.8898517822988634
21,0.2132701421800948,6.3844293274214285
21,0.2180094786729858,10.373335044225522
21,0.2227488151658768,15.940302338638134
21,0.2274881516587678,8.073709927638843
21,0.23222748815165878,11.596125723150886
21,0.23696682464454977,20.43716459754609
21,0.24170616113744078,16.54251146160596
21,0.24644549763033177,9.442989450049968
21,0.2511848341232228,14.663242476270325
21,0.2559241706161138,21.29804312610863
21,0.26066350710900477,17.842750068330005
21,0.26540284360189575,20.1909762071105
21,0.27014218009478674,29.597485858150858
21,0.27488151658767773,7.833700457528177
21,0.2796208530805687,13.204608888906197
21,0.28436018957345977,7.849376664153676
21,0.28909952606635075,10.76829715848249
21,0.29383886255924174,17.310421737580686
21,0.29857819905213273,0.682435760124309
21,0.3033175355450237,20.38829366587966
21,0.3080568720379147,8.8358600044686
21,0.3127962085308057,22.23432473832071
21,0.3175355450236967,14.847520291842713
21,0.3222748815165877,12.863404972217849
21,0.3270142180094787,2.4726291785234644
21,0.3317535545023697,15.819301871713224
21,0.3364928909952607,14.432694894235356
21,0.3412322274881517,10.962915813809749
21,0.3459715639810427,24.552272324481727
21,0.35071090047393366,8.566040326640197
21,0.35545023696682465,5.378203396599678
21,0.3601895734597157,10.575361973545913
21,0.3649289099526067,15.053279833887762
21,0.3696682464454977,16.429136959635915
21,0.37440758293838866,15.029407385745895
21,0.37914691943127965,19.53072068851682
21,0.38388625592417064,10.503567917778346
21,0.3886255924170616,14.870805184045572
21,0.3933649289099526,17.292811197560898
21,0.3981042654028436,10.172546644951783
21,0.40284360189573465,7.116480248851526
21,0.40758293838862564,5.5836427786291525
21,0.4123222748815166,7.121093674219665
21,0.4170616113744076,5.03356073781677
21,0.4218009478672986,34.603067072949095
21,0.4265402843601896,17.01924881424464
21,0.4312796208530806,8.876734874992565
21,0.4360189573459716,4.0040096714959015
21,0.4407582938388626,14.197940303481634
21,0.4454976303317536,6.24018935616268
21,0.4502369668246446,8.335285501779145
21,0.4549763033175356,16.261304155485675
21,0.45971563981042657,11.603078420013988
21,0.46445497630331756,16.481867306951422
21,0.46919431279620855,9.342933236098418
21,0.47393364928909953,8.873835353002388
21,0.4786729857819906,8.109538344247294
21,0.48341232227488157,16.48770840282804
21,0.48815165876777256,10.176319165700429
21,0.49289099526066354,6.188232689855862
21,0.49763033175355453,20.532904934989336
22,0.0,3.4416913763379853e-15
22,0.0051813471502590676,21.7847316632835
22,0.010362694300518135,1.078374957681171
22,0.015544041450777202,16.90004649824665
22,0.02072538860103627,21.06388467880312
22,0.02590673575129534,13.488900778687421
22,0.031088082901554404,5.6885402780426
22,0.036269430051813475,13.779750364740996
22,0.04145077720207254,13.640239097004306
22,0.046632124352331605,7.520898252398502
22,0.05181347150259068,9.962257724409614
22,0.05699481865284974,18.184113781363422
22,0.06217616580310881,14.103646959608298
22,0.06735751295336788,15.687243530633996
22,0.07253886010362695,11.929097258757006
22,0.07772020725388601,4.2854025171239325
22,0.08290155440414508,6.55919587303721
22,0.08808290155440415,20.99515684379252
22,0.09326424870466321,10.672182902848556
22,0.09844559585492228,11.19121102910869
22,0.10362694300518135,3.6108092496042863
22,0.10880829015544041,5.215840996235459
22,0.11398963730569948,4.21729345166793
22,0.11917098445595856,4.261391759139299
22,0.12435233160621761,20.72862762495263
22,0.1295336787564767,13.784957477387044
22,0.13471502590673576,6.432030150519941
22,0.13989637305699482,8.743222887478504
22,0.1450777202072539,18.15058621559103
22,0.15025906735751296,11.623443089401794
22,0.15544041450777202,4.009921289883669
22,0.1606217616580311,19.965624162471602
22,0.16580310880829016,1.4832997121240585
22,0.17098445595854922,8.732219665314581
22,0.1761658031088083,10.492029226876536
22,0.18134715025906736,11.4183288004938
22,0.18652849740932642,6.157814211420291
22,0.1917098445595855,29.88182935237253
22,0.19689119170984457,6.564161612195332
22,0.20207253886010362,17.759104276758684
22,0.2072538860103627,5.070644862966365
22,0.21243523316062177,13.938275086266161
22,0.21761658031088082,17.180870797038008
22,0.2227979274611399,18.787889825647508
22,0.22797927461139897,12.483590414821174
22,0.23316062176165803,8.091629841790452
22,0.2383419689119171,17.89800770503168
22,0.24352331606217617,21.096272449948113
22,0.24870466321243523,8.34012647130258
22,0.2538860103626943,6.040642681556731
22,0.2590673575129534,21.510567197384216
22,0.26424870466321243,8.148133942980577
22,0.2694300518134715,17.366831373613113
22,0.2746113989637306,9.029298845455525
22,0.27979274611398963,5.684553539374218
22,0.2849740932642487,7.601207788148167
22,0.2901554404145078,3.892794380335135
22,0.29533678756476683,7.376883538643758
22,0.3005181347150259,14.370749138717988
22,0.305699481865285,6.070274760422677
22,0.31088082901554404,3.4419524279957683
22,0.3160621761658031,3.877097399444577
22,0.3212435233160622,14.502234770117441
22,0.32642487046632124,8.823296083056386
22,0.3316062176165803,6.9573784488431505
22,0.3367875647668394,5.956532255478189
22,0.34196891191709844,29.00881076910949
22,0.3471502590673575,7.15019962765019
22,0.3523316062176166,9.233628675566825
22,0.35751295336787564,2.0358001652658086
22,0.3626943005181347,7.714260356794903
22,0.3678756476683938,9.435875974891808
22,0.37305699481865284,10.578411103959182
22,0.37823834196891193,9.462407567022902
22,0.383419689119171,20.49059496466602
22,0.38860103626943004,10.701104128989426
22,0.39378238341968913,25.288507713010254
22,0.3989637305699482,9.024184398067568
22,0.40414507772020725,18.96710379440868
22,0.40932642487046633,2.254314312796164
22,0.4145077720207254,22.733309838547136
22,0.41968911917098445,35.99144993861958
22,0.42487046632124353,17.03382823417217
22,0.4300518134715026,15.791261968270325
22,0.43523316062176165,16.072214197233194
22,0.44041450777202074,14.574974079487239
22,0.4455958549222798,4.2157760192430676
22,0.45077720207253885,7.884478256771224
22,0.45595854922279794,32.901549853635885
22,0.461139896373057,6.400068162649706
22,0.46632124352331605,16.9803413673995
22,0.47150259067357514,10.558789586588329
22,0.4766839378238342,3.4255555853168698
22,0.48186528497409326,10.199172168794222
22,0.48704663212435234,11.109542060893752
22,0.4922279792746114,19.106734790113258
22,0.49740932642487046,7.4637685302685375
23,0.0,5.773159728050814e-15
23,0.0051813471502590676,16.554535997460995
23,0.010362694300518135,23.470319762709217
23,0.015544041450777202,12.84580805761998
23,0.02072538860103627,20.287299034673758
23,0.02590673575129534,7.6460478922984665
23,0.031088082901554404,7.46798631671065
23,0.036269430051813475,19.98263964081726
23,0.04145077720207254,14.3105736389746
23,0.046632124352331605,9.702291348776
23,0.05181347150259068,5.346383903687767
23,0.05699481865284974,15.461921708082956
23,0.06217616580310881,12.01696282779515
23,0.06735751295336788,1.765225600768961
23,0.07253886010362695,11.700557345241679
23,0.07772020725388601,3.5432562603611912
23,0.08290155440414508,7.7443825264224015
23,0.08808290155440415,15.8287288967329
23,0.09326424870466321,12.79863812017438
23,0.09844559585492228,13.308524877243828
23,0.10362694300518135,8.126879584623547
23,0.10880829015544041,10.371962365713705
23,0.11398963730569948,12.424778205072501
23,0.11917098445595856,14.890057166028118
23,0.12435233160621761,19.280760918141098
23,0.1295336787564767,8.372934744605072
23,0.13471502590673576,8.958559187067372
23,0.13989637305699482,8.51195899346931
23,0.1450777202072539,4.670654982650334
23,0.15025906735751296,4.5527278858590465
23,0.15544041450777202,16.252362081831368
23,0.1606217616580311,9.977603933373034
23,0.16580310880829016,3.29574386172042
23,0.17098445595854922,24.284180129319555
23,0.1761658031088083,4.582727983594339
23,0.18134715025906736,11.92398488443235
23,0.18652849740932642,4.568119762901216
23,0.1917098445595855,9.754539144505054
23,0.19689119170984457,16.927526247290462
23,0.20207253886010362,20.27132851420158
23,0.2072538860103627,17.376359271487754
23,0.21243523316062177,10.463346100550314
23,0.21761658031088082,9.877977231218464
23,0.2227979274611399,16.22695748686437
23,0.22797927461139897,11.651982595227196
23,0.23316062176165803,29.20163372636177
23,0.2383419689119171,7.405206263262772
23,0.24352331606217617,7.262472449471244
23,0.24870466321243523,23.16547082072236
23,0.2538860103626943,9.892116999426557
23,0.2590673575129534,12.685994238642541
23,0.26424870466321243,19.44881184391439
23,0.2694300518134715,22.549612972428193
23,0.2746113989637306,17.970568084054094
23,0.27979274611398963,13.588832168530406
23,0.2849740932642487,18.848547492128844
23,0.2901554404145078,26.669931976071833
23,0.29533678756476683,4.658176246585878
23,0.3005181347150259,3.757534004636444
23,0.305699481865285,15.10129561532795
23,0.31088082901554404,18.442012207290677
23,0.3160621761658031,7.447290182582415
23,0.3212435233160622,3.0541252458284793
23,0.32642487046632124,8.184492840001099
23,0.3316062176165803,26.41058309755983
23,0.3367875647668394,16.823227124884692
23,0.34196891191709844,10.943816344266258
23,0.3471502590673575,13.890835984385102
23,0.3523316062176166,9.00937300987725
23,0.35751295336787564,28.308492787635828
23,0.3626943005181347,13.320794464888806
23,0.3678756476683938,4.3988336082414845
23,0.37305699481865284,12.062634993848716
23,0.37823834196891193,12.703575889436555
23,0.383419689119171,4.215540072981957
23,0.38860103626943004,7.025185104424719
23,0.39378238341968913,8.153443467716007
23,0.3989637305699482,6.163265710125383
23,0.40414507772020725,16.07170964885407
23,0.40932642487046633,15.940909081651911
23,0.4145077720207254,10.39139926084946
23,0.41968911917098445,13.358196582296085
23,0.42487046632124353,6.361633164298252
23,0.4300518134715026,12.97149703340879
23,0.43523316062176165,13.978239010627442
23,0.44041450777202074,23.590575961738747
23,0.4455958549222798,12.063877892207325
23,0.45077720207253885,8.43181160847741
23,0.45595854922279794,7.885545628049873
23,0.461139896373057,17.79065705637086
23,0.46632124352331605,4.48448197287412
23,0.47150259067357514,18.396408017425244
23,0.4766839378238342,2.0619301829919654
23,0.48186528497409326,14.949886977976043
23,0.48704663212435234,15.545047236553035
23,0.4922279792746114,11.116248917120043
23,0.49740932642487046,6.988780791996521
24,0.0,7.549516567451064e-15
24,0.004629629629629629,20.99692603820247
24,0.009259259259259259,26.98312332033441
24,0.013888888888888888,27.63182810752575
24,0.018518518518518517,14.15027664396441
24,0.023148148148148147,29.047514205600226
24,0.027777777777777776,14.055514547171098
24,0.032407407407407406,21.09222896359069
24,0.037037037037037035,4.969714130792008
24,0.041666666666666664,15.669103267025179
24,0.046296296296296294,36.716596185876185
24,0.05092592592592592,5.653461155801998
24,0.05555555555555555,11.886770592498108
24,0.06018518518518518,8.671244435403016
24,0.06481481481481481,8.727341336266718
24,0.06944444444444445,20.493304941968812
24,0.07407407407407407,8.501133464655368
24,0.07870370370370369,16.71540502938296
24,0.08333333333333333,6.990300529606368
24,0.08796296296296297,4.4973652063208105
24,0.09259259259259259,10.23378922173992
24,0.09722222222222221,14.487318486237273
24,0.10185185185185185,28.01648027019431
24,0.10648148148148148,8.996227367362764
24,0.1111111111111111,8.943824730198529
24,0.11574074074074073,8.65400764549026
24,0.12037037037037036,9.7679538634043
24,0.125,14.019606800895334
24,0.12962962962962962,6.946381165009639
24,0.13425925925925924,15.520757008316638
24,0.1388888888888889,9.204745023209332
24,0.14351851851851852,6.277542034858007
24,0.14814814814814814,21.517564678535475
24,0.15277777777777776,23.169911571711687
24,0.15740740740740738,7.583586779992284
24,0.16203703703703703,12.673086120442274
24,0.16666666666666666,7.248141962068792
24,0.17129629629629628,3.0761845425280407
24,0.17592592592592593,12.267586490494123
24,0.18055555555555555,20.09724196469513
24,0.18518518518518517,20.38611946427027
24,0.1898148148148148,2.8429412831647674
24,0.19444444444444442,14.086067775466972
24,0.19907407407407407,4.418450124155836
24,0.2037037037037037,16.146242546078675
24,0.20833333333333331,5.756486134767457
24,0.21296296296296297,11.103883269765928
24,0.2175925925925926,14.603466918015366
24,0.2222222222222222,13.974480654861601
24,0.22685185185185183,5.308712847946846
24,0.23148148148148145,7.747589663129694
24,0.2361111111111111,13.976267536276428
24,0.24074074074074073,19.63125762442833
24,0.24537037037037035,15.233122904745168
24,0.25,23.416985271297058
24,0.2546296296296296,10.49110529518377
24,0.25925925925925924,13.490329466454087
24,0.2638888888888889,14.15969216794717
24,0.2685185185185185,7.004948662988356
24,0.27314814814814814,11.590497534275185
24,0.2777777777777778,12.604005675054314
24,0.2824074074074074,17.270697348590534
24,0.28703703703703703,25.52601519281202
24,0.29166666666666663,13.673063781240076
24,0.2962962962962963,12.503781299362148
24,0.30092592592592593,8.486524060791885
24,0.3055555555555555,14.293179075563575
24,0.3101851851851852,13.43655324854
24,0.31481481481481477,5.251563349076851
24,0.3194444444444444,6.9417916402295905
24,0.32407407407407407,4.259082027269894
24,0.32870370370370366,20.836133293507697
24,0.3333333333333333,8.318238857978912
24,0.33796296296296297,17.86333491140603
24,0.34259259259259256,3.8412072293564683
24,0.3472222222222222,12.653491098497348
24,0.35185185185185186,10.216641052450816
24,0.35648148148148145,15.540481755955712
24,0.3611111111111111,16.065157232616905
24,0.3657407407407407,24.134279290802994
24,0.37037037037037035,3.909367126723693
24,0.375,7.982111824181102
24,0.3796296296296296,18.28691153478469
24,0.38425925925925924,21.102813045241696
24,0.38888888888888884,16.47468460309313
24,0.3935185185185185,13.91436161496943
24,0.39814814814814814,8.274244602235933
24,0.40277777777777773,17.431900497697306
24,0.4074074074074074,14.411300535922578
24,0.41203703703703703,22.553590592919782
24,0.41666666666666663,8.208075739806569
24,0.4212962962962963,8.373595022595035
24,0.42592592592592593,11.478402884175745
24,0.4305555555555555,0.2742103545138658
24,0.4351851851851852,15.223315648906047
24,0.43981481481481477,22.195043189888857
24,0.4444444444444444,7.135776660463861
24,0.44907407407407407,6.267167831766464
24,0.45370370370370366,2.9917031277671065
24,0.4583333333333333,2.542638198821739
24,0.4629629629629629,2.8745655717125165
24,0.46759259259259256,29.88549876151525
24,0.4722222222222222,16.97943003882204
24,0.4768518518518518,1.7629843352428576
24,0.48148148148148145,4.976571051323479
24,0.4861111111111111,21.518096674011407
24,0.4907407407407407,6.353767427479427
24,0.49537037037037035,5.373767025872341
25,0.0,1.1046719095020308e-14
25,0.005076142131979695,20.07134152037907
25,0.01015228426395939,12.39853393083729
25,0.015228426395939085,9.255064353116493
25,0.02030456852791878,11.016484100495386
25,0.025380710659898477,16.009539195826573
25,0.03045685279187817,3.9592094818636197
25,0.035532994923857864,5.536999840427062
25,0.04060913705583756,14.960657311212207
25,0.04568527918781726,12.546376510593573
25,0.050761421319796954,22.28515592779276
25,0.055837563451776644,14.68539990634871
25,0.06091370558375634,9.539546268895295
25,0.06598984771573603,13.06674060027341
25,0.07106598984771573,4.476024205008924
25,0.07614213197969542,10.395244337032397
25,0.08121827411167512,6.078621062551751
25,0.08629441624365482,26.351029070787586
25,0.09137055837563451,5.908482543415876
25,0.09644670050761421,15.661774742897844
25,0.10152284263959391,14.242040957054522
25,0.10659898477157359,7.885931655415158
25,0.11167512690355329,10.685964103184054
25,0.11675126903553298,10.031889905551838
25,0.12182741116751268,12.924738995091468
25,0.12690355329949238,3.8470398803097865
25,0.13197969543147206,11.56094333700544
25,0.13705583756345177,28.01125557223068
25,0.14213197969543145,3.046992044923525
25,0.14720812182741116,19.687867298024347
25,0.15228426395939085,15.878148710854736
25,0.15736040609137056,17.247255861679825
25,0.16243654822335024,5.116339548932711
25,0.16751269035532992,12.331548383762344
25,0.17258883248730963,7.383011395516224
25,0.17766497461928932,5.3070367664420885
25,0.18274111675126903,11.833223381955465
25,0.1878172588832487,22.185923960249966
25,0.19289340101522842,2.8479863112909167
25,0.1979695431472081,14.789943578702028
25,0.20304568527918782,27.48021731246931
25,0.2081218274111675,22.50654920678852
25,0.21319796954314718,3.7766459242204493
25,0.2182741116751269,10.130724433812977
25,0.22335025380710657,16.903670824285292
25,0.22842639593908629,13.265056433772703
25,0.23350253807106597,8.445233455314439
25,0.23857868020304568,2.883748375027427
25,0.24365482233502536,2.401601583914829
25,0.24873096446700504,13.459032098471877
25,0.25380710659898476,14.770217916454655
25,0.25888324873096447,18.32773648130968
25,0.2639593908629441,26.930382916865952
25,0.26903553299492383,23.804207379253043
25,0.27411167512690354,15.351491940908597
25,0.27918781725888325,8.622657294949915
25,0.2842639593908629,8.020976333059293
25,0.2893401015228426,13.137191348163755
25,0.29441624365482233,17.098450971783535
25,0.299492385786802,5.625739010265752
25,0.3045685279187817,4.878929624137748
25,0.3096446700507614,12.49953667040642
25,0.3147208121827411,17.042368619735107
25,0.31979695431472077,9.947189459987431
25,0.3248730964467005,8.232698113056673
25,0.3299492385786802,13.175225479720755
25,0.33502538071065985,10.624566904138279
25,0.34010152284263956,3.716991613963141
25,0.34517766497461927,3.05966695100046
25,0.350253807106599,12.170929115987693
25,0.35532994923857864,2.485565839467029
25,0.36040609137055835,14.050421214634815
25,0.36548223350253806,3.456391993147361
25,0.3705583756345177,16.114085240460792
25,0.3756345177664974,26.39090047197136
25,0.38071065989847713,9.193124969164998
25,0.38578680203045684,22.543678011705946
25,0.3908629441624365,4.141690857700017
25,0.3959390862944162,9.36896766479982
25,0.4010152284263959,14.62807544148251
25,0.40609137055837563,24.13285761241437
25,0.4111675126903553,9.448010152435264
25,0.416243654822335,9.909234519297437
25,0.4213197969543147,15.409888309130507
25,0.42639593908629436,17.963184712470827
25,0.4314720812182741,11.281033712615393
25,0.4365482233502538,9.612388833445536
25,0.4416243654822335,9.756693476199763
25,0.44670050761421315,14.57069070112959
25,0.45177664974619286,10.088612691306725
25,0.45685279187817257,15.081357016912289
25,0.4619289340101522,1.3151189554045866
25,0.46700507614213194,19.676356981916186
25,0.47208121827411165,35.333725874079136
25,0.47715736040609136,0.8584962017767284
25,0.482233502538071,12.023077447050557
25,0.4873096446700507,3.8106059738049685
25,0.49238578680203043,14.226830532927199
25,0.4974619289340101,2.978375379177745
26,0.0,8.881784197001252e-15
26,0.0048543689320388345,27.08527134071657
26,0.009708737864077669,10.772356396535644
26,0.014563106796116504,12.692411902140945
26,0.019417475728155338,10.320498329915436
26,0.02427184466019417,9.753464256078333
26,0.029126213592233007,3.6080395046578264
26,0.03398058252427184,11.245961934040874
26,0.038834951456310676,12.279867180518695
26,0.04368932038834951,9.835845539585407
26,0.04854368932038834,4.659093302819706
26,0.05339805825242718,4.195965796872812
26,0.058252427184466014,23.03505242828528
26,0.06310679611650485,15.21436797938577
26,0.06796116504854369,4.8693952388578525
26,0.07281553398058252,16.309078204397878
26,0.07766990291262135,9.078979036534582
26,0.08252427184466019,8.222439635303768
26,0.08737864077669902,17.80174977528592
26,0.09223300970873785,5.943699381951539
26,0.09708737864077668,21.892559984286503
26,0.10194174757281553,18.14536649014088
26,0.10679611650485436,18.582317622911216
26,0.1116504854368932,32.176292834944675
26,0.11650485436893203,21.308958743529185
26,0.12135922330097086,23.647584167730837
26,0.1262135922330097,13.515779328285937
26,0.13106796116504854,21.515624256505703
26,0.13592233009708737,15.976580126081066
26,0.1407766990291262,13.484014831971926
26,0.14563106796116504,7.47775809293625
26,0.15048543689320387,15.072672028156166
26,0.1553398058252427,9.723164751229946
26,0.16019417475728154,17.65130211067787
26,0.16504854368932037,1.3364227175597276
26,0.1699029126213592,16.91830916837572
26,0.17475728155339804,14.506928268954168
26,0.17961165048543687,17.858768694911735
26,0.1844660194174757,13.917369133364886
26,0.18932038834951453,6.207184376445207
26,0.19417475728155337,12.643564445324579
26,0.19902912621359223,8.661662160015672
26,0.20388349514563106,3.8624406580396293
26,0.2087378640776699,9.857610060147662
26,0.21359223300970873,5.687743532099231
26,0.21844660194174756,7.450061934819538
26,0.2233009708737864,14.283092214775074
26,0.22815533980582522,12.676671544015937
26,0.23300970873786406,10.1560190434542
26,0.2378640776699029,34.71302289886941
26,0.24271844660194172,15.366030047142003
26,0.24757281553398056,13.344978829504617
26,0.2524271844660194,7.156438737085827
26,0.25728155339805825,14.467609766071249
26,0.2621359223300971,10.753329636741583
26,0.2669902912621359,9.104593542049257
26,0.27184466019417475,10.123430000360695
26,0.2766990291262136,15.700553068909066
26,0.2815533980582524,16.046765855118206
26,0.28640776699029125,11.979796721419744
26,0.2912621359223301,7.240465978211476
26,0.2961165048543689,21.1566307072624
26,0.30097087378640774,8.93357837955373
26,0.3058252427184466,27.52989618230765
26,0.3106796116504854,3.586459687858979
26,0.31553398058252424,14.587562332997011
26,0.3203883495145631,10.779744776069391
26,0.3252427184466019,18.60115011137091
26,0.33009708737864074,9.085113625874548
26,0.3349514563106796,7.427709920425243
26,0.3398058252427184,14.40175933740791
26,0.34466019417475724,17.002564292058807
26,0.3495145631067961,12.819508271732452
26,0.3543689320388349,9.07931978301188
26,0.35922330097087374,10.592827338779582
26,0.36407766990291257,14.706779303455402
26,0.3689320388349514,6.0933510281400345
26,0.37378640776699024,17.649937406524167
26,0.37864077669902907,16.014267118922685
26,0.3834951456310679,25.15073172631145
26,0.38834951456310673,6.762673888713624
26,0.3932038834951456,10.375672647086049
26,0.39805825242718446,7.974921879964743
26,0.4029126213592233,7.099688666964428
26,0.4077669902912621,20.65115012018292
26,0.41262135922330095,10.887892853541896
26,0.4174757281553398,15.225552427477897
26,0.4223300970873786,3.13321103573536
26,0.42718446601941745,12.191132118433284
26,0.4320388349514563,1.7989025963564886
26,0.4368932038834951,14.855182601624021
26,0.44174757281553395,14.923993109518177
26,0.4466019417475728,6.918438910732443
26,0.4514563106796116,7.814302344076662
26,0.45631067961165045,16.398796766890573
26,0.4611650485436893,3.951897756998734
26,0.4660194174757281,20.701011716611866
26,0.47087378640776695,9.1173031649663
26,0.4757281553398058,21.799610612669913
26,0.4805825242718446,1.4493514371445737
26,0.48543689320388345,16.421341170925572
26,0.4902912621359223,15.848861704875214
26,0.4951456310679611,15.200673528510704
27,0.0,8.881784197001252e-15
27,0.005050505050505051,12.858807922405687
27,0.010101010101010102,5.5637987762371015
27,0.015151515151515152,3.989602626688433
27,0.020202020202020204,29.37968422035197
27,0.025252525252525256,8.279099690210183
27,0.030303030303030304,4.678066045554196
27,0.03535353535353536,31.339649370977035
27,0.04040404040404041,10.022423874962891
27,0.045454545454545456,12.38752193655545
27,0.05050505050505051,7.966553109354558
27,0.05555555555555556,21.707648401743718
27,0.06060606060606061,7.220958710436016
27,0.06565656565656566,17.85861339255008
27,0.07070707070707072,1.63502490319734
27,0.07575757575757576,11.161204029544251
27,0.08080808080808081,18.359617486335104
27,0.08585858585858587,11.919604658891073
27,0.09090909090909091,20.775098956313354
27,0.09595959595959597,8.624014661153787
27,0.10101010101010102,10.722029408316995
27,0.10606060606060606,16.96804445949411
27,0.11111111111111112,13.522851868884834
27,0.11616161616161617,12.787359800058749
27,0.12121212121212122,11.727806370473267
27,0.12626262626262627,17.025759330258786
27,0.13131313131313133,14.557523278465935
27,0.13636363636363638,21.413200439951567
27,0.14141414141414144,25.835534287242975
27,0.14646464646464646,23.766477882689003
27,0.15151515151515152,14.645352643182967
27,0.15656565656565657,7.455815880043657
27,0.16161616161616163,6.662959913684877
27,0.16666666666666669,7.829787138604798
27,0.17171717171717174,21.505761795785517
27,0.1767676767676768,20.434588693930237
27,0.18181818181818182,13.803736726048887
27,0.18686868686868688,23.656140049222852
27,0.19191919191919193,20.096079612543008
27,0.196969696969697,15.660652203768363
27,0.20202020202020204,10.497263135377521
27,0.2070707070707071,21.165536446359447
27,0.21212121212121213,5.087396590158369
27,0.21717171717171718,9.527639028767345
27,0.22222222222222224,13.530031314012932
27,0.2272727272727273,13.810479872763207
27,0.23232323232323235,8.770581129757579
27,0.2373737373737374,10.362222155948066
27,0.24242424242424243,4.1710062367121585
27,0.2474747474747475,7.4862632737614545
27,0.25252525252525254,7.272109870859968
27,0.2575757575757576,5.860058440857907
27,0.26262626262626265,14.814980830192695
27,0.2676767676767677,11.77349442048385
27,0.27272727272727276,18.32070067538884
27,0.2777777777777778,6.998039368775319
27,0.2828282828282829,5.914005081697028
27,0.2878787878787879,11.286031831249197
27,0.29292929292929293,7.518944118504168
27,0.297979797979798,7.559726592706567
27,0.30303030303030304,11.47161663893874
27,0.3080808080808081,19.264752472547
27,0.31313131313131315,15.000872827449111
27,0.31818181818181823,5.068247682129474
27,0.32323232323232326,6.075066409285884
27,0.3282828282828283,3.0397734918189045
27,0.33333333333333337,5.270497853338805
27,0.3383838383838384,5.523471838326089
27,0.3434343434343435,15.60766281531486
27,0.3484848484848485,31.08542427334543
27,0.3535353535353536,8.268903398953572
27,0.3585858585858586,11.094896749057096
27,0.36363636363636365,4.175073549007572
27,0.36868686868686873,18.076919613336454
27,0.37373737373737376,13.276935534418508
27,0.37878787878787884,4.450950210081929
27,0.38383838383838387,7.070825299748454
27,0.3888888888888889,8.349957935368911
27,0.393939393939394,6.277473776952416
27,0.398989898989899,4.147810041456688
27,0.4040404040404041,11.138947343463112
27,0.4090909090909091,12.836302609432416
27,0.4141414141414142,9.809443165007945
27,0.4191919191919192,3.5284470266397507
27,0.42424242424242425,9.307565894897987
27,0.42929292929292934,12.94658409200454
27,0.43434343434343436,2.3995751260459683
27,0.43939393939393945,8.212135893452514
27,0.4444444444444445,20.411339684140945
27,0.44949494949494956,8.446993771305353
27,0.4545454545454546,9.400660573476777
27,0.4595959595959596,10.805935591091842
27,0.4646464646464647,17.707234254333322
27,0.4696969696969697,17.481913754713194
27,0.4747474747474748,20.063455863204045
27,0.47979797979797983,27.83243240171364
27,0.48484848484848486,16.6141840349504
27,0.48989898989898994,10.272399950820352
27,0.494949494949495,14.577110048642112
28,0.0,3.552713678800501e-15
28,0.004784688995215311,22.02216502696351
28,0.009569377990430622,8.118561438434988
28,0.014354066985645932,7.072343695666945
28,0.019138755980861243,7.329974614915102
28,0.023923444976076555,3.745031159534728
28,0.028708133971291863,3.9657207032910873
28,0.03349282296650718,15.536810069143222
28,0.03827751196172249,29.928838727656913
28,0.043062200956937795,28.472270651737265
28,0.04784688995215311,12.275603377707073
28,0.05263157894736842,7.912773502644497
28,0.057416267942583726,14.413854225425798
28,0.06220095693779904,5.960586022050477
28,0.06698564593301436,12.55866136254688
28,0.07177033492822966,4.738430181092721
28,0.07655502392344497,5.112236461091026
28,0.08133971291866028,17.60421733193234
28,0.08612440191387559,9.314617633701756
28,0.09090909090909091,4.95061207638174
28,0.09569377990430622,9.588457830383074
28,0.10047846889952153,8.313469361015603
28,0.10526315789473684,15.375164465929629
28,0.11004784688995214,20.117744300788967
28,0.11483253588516745,20.56434355625298
28,0.11961722488038277,25.297705249049756
28,0.12440191387559808,2.820318854623207
28,0.1291866028708134,15.729868450138195
28,0.1339712918660287,13.047347597225587
28,0.13875598086124402,9.106368533296513
28,0.14354066985645933,11.63602647793459
28,0.14832535885167464,6.4977953680814435
28,0.15311004784688995,2.2572432657836075
28,0.15789473684210525,7.660591588411619
28,0.16267942583732056,10.43612231334647
28,0.16746411483253587,6.057727788946407
28,0.17224880382775118,3.8908586561513157
28,0.1770334928229665,5.258217153257798
28,0.18181818181818182,15.718088694485907
28,0.18660287081339713,5.572501501689101
28,0.19138755980861244,2.666452600870571
28,0.19617224880382775,25.56878277721198
28,0.20095693779904306,3.299893071170196
28,0.20574162679425836,15.60600300746904
28,0.21052631578947367,13.337864313180663
28,0.21531100478468898,14.391970891219305
28,0.2200956937799043,14.346552828935884
28,0.2248803827751196,17.13086112503562
28,0.2296650717703349,6.89349328446237
28,0.23444976076555024,8.218987615729047
28,0.23923444976076555,7.977568830633384
28,0.24401913875598086,21.172610430060047
28,0.24880382775119617,14.70362609578028
28,0.2535885167464115,25.716773853246575
28,0.2583732057416268,15.50669195429721
28,0.2631578947368421,17.10277898644517
28,0.2679425837320574,12.730389225220634
28,0.2727272727272727,16.885848419563445
28,0.27751196172248804,5.48391141827216
28,0.2822966507177033,7.666046437825631
28,0.28708133971291866,1.8453305314660322
28,0.29186602870813394,24.250481095388064
28,0.2966507177033493,13.266834726896567
28,0.30143540669856456,3.1796380677989755
28,0.3062200956937799,17.297723155249805
28,0.31100478468899523,20.46946655857934
28,0.3157894736842105,5.929410283473566
28,0.32057416267942584,18.94564677497794
28,0.3253588516746411,13.958185002848163
28,0.33014354066985646,11.15161436398714
28,0.33492822966507174,21.330992830054633
28,0.3397129186602871,12.583043739892231
28,0.34449760765550236,26.749591203753344
28,0.3492822966507177,11.882147590602308
28,0.354066985645933,3.80300060646725
28,0.3588516746411483,7.796266962224646
28,0.36363636363636365,24.891031639387723
28,0.3684210526315789,2.982478174643496
28,0.37320574162679426,4.281476404825375
28,0.37799043062200954,2.241430162867453
28,0.3827751196172249,17.944933301274812
28,0.38755980861244016,11.488619482031499
28,0.3923444976076555,15.082947792865028
28,0.3971291866028708,18.097164127086913
28,0.4019138755980861,13.510038040696957
28,0.4066985645933014,14.75508148052611
28,0.41148325358851673,2.2744751631371516
28,0.41626794258373206,19.337696964512226
28,0.42105263157894735,13.291903253407003
28,0.4258373205741627,11.941726265413507
28,0.43062200956937796,22.69575138550166
28,0.4354066985645933,27.14487332910156
28,0.4401913875598086,10.14779859431682
28,0.4449760765550239,7.453887220127657
28,0.4497607655502392,23.304623215200756
28,0.45454545454545453,4.4594043280242
28,0.4593301435406698,6.7279651789927115
28,0.46411483253588515,20.07490444892899
28,0.4688995215311005,20.7739110008355
28,0.47368421052631576,21.73397655210841
28,0.4784688995215311,7.5580265673247435
28,0.4832535885167464,13.201716016995329
28,0.4880382775119617,17.507947294245078
28,0.492822966507177,8.777322663934743
28,0.49760765550239233,14.664867230525166
29,0.0,4.085620730620576e-14
29,0.005,22.47160501497275
29,0.01,7.9605934516735415
29,0.015,8.91189824983202
29,0.02,28.38615413686459
29,0.025,11.035724288801543
29,0.03,7.155097140544402
29,0.035,3.1133473152904267
29,0.04,19.122434540461274
29,0.045,7.18190097355722
29,0.05,11.887405247512186
29,0.055,3.336050893657509
29,0.06,13.732071100685642
29,0.065,19.34449452840416
29,0.07,13.06480515533172
29,0.075,11.25609232506201
29,0.08,10.539248855836497
29,0.085,21.689938086041632
29,0.09,12.089415577483512
29,0.095,16.964356413062646
29,0.1,14.056279940745467
29,0.105,8.940466495849495
29,0.11,5.50546223301049
29,0.115,15.74987995080323
29,0.12,0.4932282167317633
29,0.125,16.684788701974202
29,0.13,17.71028052609173
29,0.135,7.5576845735744556
29,0.14,8.252231721375015
29,0.145,10.56314308091506
29,0.15,11.69470976834315
29,0.155,15.510712144308775
29,0.16,8.96226360094418
29,0.165,5.238011938874768
29,0.17,13.7379010026332
29,0.17500000000000002,11.873437233979427
29,0.18,8.47518965472127
29,0.185,10.559920029200102
29,0.19,10.168573983997707
29,0.195,8.531656875490214
29,0.2,3.303357827583281
29,0.20500000000000002,13.228540158101405
29,0.21,10.04497575397504
29,0.215,6.986654198306334
29,0.22,11.6808554942317
29,0.225,13.098646792641325
29,0.23,10.832345584679624
29,0.23500000000000001,12.913579366014321
29,0.24,23.012520964970005
29,0.245,26.203362137983458
29,0.25,29.92203777651203
29,0.255,8.088354175751336
29,0.26,2.190631674074593
29,0.265,4.747619714235353
29,0.27,28.44911409214175
29,0.275,3.4351314205544594
29,0.28,15.55862087500705
29,0.28500000000000003,8.932894100599022
29,0.29,11.05412427478902
29,0.295,11.112354656953038
29,0.3,14.640073326270882
29,0.305,12.69522538951393
29,0.31,4.663734171727131
29,0.315,13.689330659971587
29,0.32,4.274569670436342
29,0.325,10.72676522735335
29,0.33,23.505227414009806
29,0.335,14.362797041481592
29,0.34,6.951544957868042
29,0.34500000000000003,16.14536405614991
29,0.35000000000000003,8.107651880213238
29,0.355,32.928381849886435
29,0.36,27.293037820808305
29,0.365,23.72301618460159
29,0.37,9.467142446314222
29,0.375,19.066415638482834
29,0.38,5.55655695858387
29,0.385,22.03977295894735
29,0.39,11.016957769558461
29,0.395,22.229268196630432
29,0.4,10.956261256911368
29,0.405,12.185364300289464
29,0.41000000000000003,15.158242385094795
29,0.41500000000000004,7.754968734623949
29,0.42,9.059525621379052
29,0.425,25.867780940711594
29,0.43,12.91144991969022
29,0.435,10.472847899611965
29,0.44,6.573246983746801
29,0.445,12.117034761910071
29,0.45,5.172907543835542
29,0.455,7.9255567740486885
29,0.46,7.356885958484241
29,0.465,4.8070546349481065
29,0.47000000000000003,6.365834358596262
29,0.47500000000000003,7.86698155140899
29,0.48,9.018932465969726
29,0.485,26.331514370570687
29,0.49,2.7500348748666608
29,0.495,13.444473637612976
30,0.0,1.3322676295501878e-15
30,0.004807692307692308,20.220279013421496
30,0.009615384615384616,2.0484293601860077
30,0.014423076923076924,17.434499557686305
30,0.019230769230769232,29.57683478002424
30,0.02403846153846154,9.320710529114033
30,0.028846153846153848,1.7279798901693957
30,0.03365384615384616,11.224144675261183
30,0.038461538461538464,9.42413092121954
30,0.04326923076923077,10.98784536918795
30,0.04807692307692308,10.037785638472236
30,0.05288461538461539,5.976684547759294
30,0.057692307692307696,16.83361504270418
30,0.0625,10.998533148126896
30,0.06730769230769232,8.593630212175015
30,0.07211538461538462,23.107315398798264
30,0.07692307692307693,7.178559278392259
30,0.08173076923076923,14.890370401058085
30,0.08653846153846154,30.87297543461191
30,0.09134615384615385,28.73882418227492
30,0.09615384615384616,32.63137973058883
30,0.10096153846153846,10.522045777325532
30,0.10576923076923078,5.380865769106689
30,0.11057692307692309,15.287947807045386
30,0.11538461538461539,19.230464437174337
30,0.1201923076923077,20.704627024187523
30,0.125,12.27991277438191
30,0.12980769230769232,19.656470152731067
30,0.13461538461538464,16.833471874323305
30,0.13942307692307693,3.8015317798921693
30,0.14423076923076925,5.339773227929179
30,0.14903846153846154,10.107698116128478
30,0.15384615384615385,3.931888987746419
30,0.15865384615384617,4.964286752398507
30,0.16346153846153846,5.779335162390355
30,0.16826923076923078,16.046187148519742
30,0.17307692307692307,20.927619864236252
30,0.1778846153846154,21.848261086279084
30,0.1826923076923077,5.537319368202159
30,0.1875,12.913962045154648
30,0.19230769230769232,24.826006566007777
30,0.19711538461538464,8.407558008925026
30,0.20192307692307693,8.555081526980508
30,0.20673076923076925,23.253374408439953
30,0.21153846153846156,21.812829178112008
30,0.21634615384615385,9.786606621399084
30,0.22115384615384617,11.537459796773492
30,0.22596153846153846,18.10320317630771
30,0.23076923076923078,14.91728229739436
30,0.2355769230769231,10.571485408063658
30,0.2403846153846154,10.206863134056622
30,0.2451923076923077,9.3046875479619
30,0.25,3.6764340937531133
30,0.25480769230769235,2.523602522506727
30,0.25961538461538464,10.192210449250954
30,0.2644230769230769,0.977621307442374
30,0.2692307692307693,7.63827898508198
30,0.27403846153846156,14.582191808409831
30,0.27884615384615385,23.980182057091465
30,0.28365384615384615,17.431361951872752
30,0.2884615384615385,22.23225866455104
30,0.2932692307692308,7.610012707140687
30,0.2980769230769231,4.871491416258167
30,0.3028846153846154,25.825241391190804
30,0.3076923076923077,6.487491282769119
30,0.3125,2.7077117583744528
30,0.31730769230769235,11.720209902637386
30,0.32211538461538464,7.734450761626977
30,0.3269230769230769,6.101156119083888
30,0.3317307692307693,11.861799001929866
30,0.33653846153846156,20.112393171638338
30,0.34134615384615385,8.776152426609789
30,0.34615384615384615,9.26998531818446
30,0.3509615384615385,5.623792712344857
30,0.3557692307692308,9.92757855759825
30,0.3605769230769231,17.34002103065212
30,0.3653846153846154,11.525198828469664
30,0.3701923076923077,11.01820922026929
30,0.375,5.598864631601525
30,0.37980769230769235,4.364653037938282
30,0.38461538461538464,27.875545402585516
30,0.3894230769230769,9.111530464720632
30,0.3942307692307693,7.027728212694075
30,0.39903846153846156,7.780148919302336
30,0.40384615384615385,9.52120544540685
30,0.4086538461538462,15.598878613291351
30,0.4134615384615385,22.299343648413455
30,0.4182692307692308,7.348916190556485
30,0.42307692307692313,15.716443651797492
30,0.4278846153846154,9.626970910886179
30,0.4326923076923077,0.5061434119553797
30,0.4375,9.77837504890606
30,0.44230769230769235,11.062547957609786
30,0.44711538461538464,6.042802645697776
30,0.4519230769230769,14.314481330818262
30,0.4567307692307693,15.172220015366497
30,0.46153846153846156,10.213089908455862
30,0.46634615384615385,17.34993472307741
30,0.4711538461538462,6.48394719487205
30,0.4759615384615385,16.03643231560616
30,0.4807692307692308,10.237665173081016
30,0.48557692307692313,14.00747015224408
30,0.4903846153846154,24.024431135490687
30,0.4951923076923077,13.512697942677143
31,0.0,4.529709940470639e-14
31,0.0045662100456621,42.22405825717699
31,0.0091324200913242,11.478071374435249
31,0.0136986301369863,2.3354569128904488
31,0.0182648401826484,2.9371982843180104
31,0.0228310502283105,20.368243903755697
31,0.0273972602739726,11.561266119157889
31,0.0319634703196347,18.388936281827313
31,0.0365296803652968,8.885482890207673
31,0.0410958904109589,6.18517847207954
31,0.045662100456621,8.20034244325392
31,0.0502283105022831,4.272550145378239
31,0.0547945205479452,22.658547380889413
31,0.0593607305936073,23.172306409699313
31,0.0639269406392694,25.37668342552351
31,0.0684931506849315,12.513408995712606
31,0.0730593607305936,11.088798562548911
31,0.0776255707762557,17.86593354315651
31,0.0821917808219178,9.220418961097975
31,0.0867579908675799,14.730107071670618
31,0.091324200913242,10.899374336020248
31,0.0958904109589041,12.569149500756186
31,0.1004566210045662,25.870490453421045
31,0.1050228310502283,14.702156629221074
31,0.1095890410958904,9.193008868965894
31,0.1141552511415525,8.49001268726254
31,0.1187214611872146,2.5808679056796504
31,0.1232876712328767,18.84323874764851
31,0.1278538812785388,14.175225824522968
31,0.1324200913242009,13.605355962490023
31,0.136986301369863,17.663116019741175
31,0.1415525114155251,7.596316822328135
31,0.1461187214611872,10.986908871399933
31,0.1506849315068493,18.460596332593315
31,0.1552511415525114,4.41578245580354
31,0.1598173515981735,13.862974822324032
31,0.1643835616438356,6.805122244033247
31,0.1689497716894977,15.812841508063345
31,0.1735159817351598,6.649839624259883
31,0.1780821917808219,0.5850385347968361
31,0.182648401826484,7.906948745876781
31,0.1872146118721461,15.125079580874795
31,0.1917808219178082,26.125105679780088
31,0.1963470319634703,11.165196848288733
31,0.2009132420091324,9.006702829387944
31,0.2054794520547945,8.87311700360846
31,0.2100456621004566,5.774238205405888
31,0.2146118721461187,11.740217251340873
31,0.2191780821917808,22.14566678260434
31,0.2237442922374429,19.305397806397906
31,0.228310502283105,16.373680619005167
31,0.2328767123287671,15.304061170477889
31,0.2374429223744292,15.211920680258851
31,0.2420091324200913,10.630818872875684
31,0.2465753424657534,16.739617124132874
31,0.2511415525114155,9.42434974196928
31,0.2557077625570776,2.5385791795321277
31,0.2602739726027397,18.35479209970358
31,0.2648401826484018,19.321765220898747
31,0.2694063926940639,15.36653701629129
31,0.273972602739726,13.816969092985213
31,0.2785388127853881,3.3909741809653196
31,0.2831050228310502,3.550848107109889
31,0.2876712328767123,6.496260985636899
31,0.2922374429223744,19.978181812215702
31,0.2968036529680365,18.09159437973828
31,0.3013698630136986,5.742341768051661
31,0.3059360730593607,2.4385198132455024
31,0.3105022831050228,8.932961945009724
31,0.3150684931506849,10.570567735692967
31,0.319634703196347,17.20587720650226
31,0.3242009132420091,19.98362760210777
31,0.3287671232876712,5.6762366584408595
31,0.3333333333333333,10.529840209824673
31,0.3378995433789954,12.813876551802016
31,0.3424657534246575,7.0794358580212435
31,0.3470319634703196,2.889293673513282
31,0.3515981735159817,8.012446973702374
31,0.3561643835616438,1.9640100136234568
31,0.3607305936073059,9.035997830674445
31,0.365296803652968,13.173490432783613
31,0.3698630136986301,12.478181677830472
31,0.3744292237442922,11.790864853116823
31,0.3789954337899543,23.50923870142432
31,0.3835616438356164,14.749794644204123
31,0.3881278538812785,16.420624495448255
31,0.3926940639269406,13.214207639798644
31,0.3972602739726027,7.893255533445947
31,0.4018264840182648,19.961443169272243
31,0.4063926940639269,4.854929958214896
31,0.410958904109589,9.182495013919064
31,0.4155251141552511,26.05696660783096
31,0.4200913242009132,20.48545366909152
31,0.4246575342465753,13.34533124549374
31,0.4292237442922374,18.122428456275518
31,0.4337899543378995,31.48913007913678
31,0.4383561643835616,5.311278537591746
31,0.4429223744292237,7.745778143109801
31,0.4474885844748858,11.637717461662035
31,0.4520547945205479,31.886568798639107
31,0.45662100456621,21.457760412573922
31,0.4611872146118721,3.8301212691354576
31,0.4657534246575342,11.20456081496108
31,0.4703196347031963,12.461314452473689
31,0.4748858447488584,6.728167534399418
31,0.4794520547945205,6.0326044940176455
31,0.4840182648401826,13.657241451865628
31,0.4885844748858447,9.281008693858704
31,0.4931506849315068,13.849949145796613
31,0.4977168949771689,25.302446941571084
32,0.0,1.3322676295501878e-14
32,0.005025125628140704,12.083814017927788
32,0.010050251256281407,12.174621477642306
32,0.01507537688442211,2.2172686365361565
32,0.020100502512562814,9.309455284115286
32,0.02512562814070352,4.06102806529592
32,0.03015075376884422,14.090244163073727
32,0.035175879396984924,16.006751173465325
32,0.04020100502512563,21.9656381031614
32,0.04522613065326633,16.85622037675628
32,0.05025125628140704,8.615601942699888
32,0.05527638190954774,12.529872979248461
32,0.06030150753768844,18.262284784944065
32,0.06532663316582915,11.793468583327982
32,0.07035175879396985,9.613882154900985
32,0.07537688442211056,13.878491507146547
32,0.08040201005025126,9.570741935905883
32,0.08542713567839195,11.742972463260706
32,0.09045226130653267,11.746909008455646
32,0.09547738693467336,28.211069996435835
32,0.10050251256281408,13.277892135315362
32,0.10552763819095477,4.079336721207231
32,0.11055276381909548,10.119910269245178
32,0.11557788944723618,13.529059918945396
32,0.12060301507537688,11.596802267422152
32,0.12562814070351758,16.61384230952367
32,0.1306532663316583,6.486196603019526
32,0.135678391959799,4.167484617290805
32,0.1407035175879397,10.787647053602996
32,0.1457286432160804,6.853145995805372
32,0.15075376884422112,22.90087762919608
32,0.15577889447236182,19.226085589545537
32,0.16080402010050251,14.736118980605557
32,0.1658291457286432,20.635225249640467
32,0.1708542713567839,10.174578863974705
32,0.17587939698492464,27.276152482354
32,0.18090452261306533,11.375930621930367
32,0.18592964824120603,6.532638052803057
32,0.19095477386934673,1.9357669787897174
32,0.19597989949748745,24.207763840596645
32,0.20100502512562815,8.914609011001897
32,0.20603015075376885,19.549969598250847
32,0.21105527638190955,18.462091115817774
32,0.21608040201005024,11.63324317176472
32,0.22110552763819097,15.617670686584242
32,0.22613065326633167,12.494968652691275
32,0.23115577889447236,2.3196081549470238
32,0.23618090452261306,16.89874971867673
32,0.24120603015075376,13.462431596501013
32,0.24623115577889448,2.004670373925616
32,0.25125628140703515,23.87445403638983
32,0.2562814070351759,11.880612482544775
32,0.2613065326633166,18.77435763611891
32,0.2663316582914573,16.285190415588662
32,0.271356783919598,3.418471077515647
32,0.2763819095477387,9.917512644757302
32,0.2814070351758794,19.173977112191398
32,0.2864321608040201,22.616273001157946
32,0.2914572864321608,4.693699386971908
32,0.2964824120603015,9.312435672603243
32,0.30150753768844224,5.129995946390819
32,0.3065326633165829,13.696123542990692
32,0.31155778894472363,19.01793984441289
32,0.3165829145728643,7.458190744317534
32,0.32160804020100503,10.596877635070367
32,0.32663316582914576,13.190320469457932
32,0.3316582914572864,18.261938298456805
32,0.33668341708542715,4.4955410873189
32,0.3417085427135678,2.855599775981812
32,0.34673366834170855,11.463379874139317
32,0.35175879396984927,13.984565552317479
32,0.35678391959798994,13.292831915557105
32,0.36180904522613067,30.899576818139263
32,0.36683417085427134,13.263827684303468
32,0.37185929648241206,19.58722900562893
32,0.3768844221105528,7.529765938544894
32,0.38190954773869346,11.673192262310007
32,0.3869346733668342,17.66430997033654
32,0.3919597989949749,9.043353942466139
32,0.3969849246231156,3.7096097949521436
32,0.4020100502512563,16.723377530299565
32,0.40703517587939697,10.838791875231866
32,0.4120603015075377,13.006181916119749
32,0.4170854271356784,16.394845008290243
32,0.4221105527638191,7.935212280432508
32,0.4271356783919598,11.532694224545411
32,0.4321608040201005,6.06824198072916
32,0.4371859296482412,12.103820387489769
32,0.44221105527638194,26.165595693329905
32,0.4472361809045226,10.996767482299393
32,0.45226130653266333,21.94002399358351
32,0.457286432160804,14.204927809729803
32,0.4623115577889447,14.840060175441499
32,0.46733668341708545,12.253420806368972
32,0.4723618090452261,12.752641855463617
32,0.47738693467336685,9.258071704691996
32,0.4824120603015075,5.71017430858059
32,0.48743718592964824,7.064859194785779
32,0.49246231155778897,10.39021080153241
32,0.49748743718592964,10.743139453765766
33,0.0,1.4210854715202004e-14
33,0.005050505050505051,24.162651992305808
33,0.010101010101010102,13.893678879135415
33,0.015151515151515152,16.767048237373956
33,0.020202020202020204,10.586903190336045
33,0.025252525252525256,16.798584648488283
33,0.030303030303030304,5.342102555326402
33,0.03535353535353536,11.645823213988118
33,0.04040404040404041,14.08916369305832
33,0.045454545454545456,12.32316117006042
33,0.05050505050505051,12.692021651004374
33,0.05555555555555556,23.748844833861384
33,0.06060606060606061,13.024964919627717
33,0.06565656565656566,7.051613820612597
33,0.07070707070707072,17.615007658281414
33,0.07575757575757576,18.198327116519877
33,0.08080808080808081,8.573133014885347
33,0.08585858585858587,24.911199209971397
33,0.09090909090909091,14.167061248511189
33,0.09595959595959597,6.293890617186173
33,0.10101010101010102,12.16859397492291
33,0.10606060606060606,21.77288546839063
33,0.11111111111111112,14.460588962075013
33,0.11616161616161617,4.993833193578488
33,0.12121212121212122,20.882831178738456
33,0.12626262626262627,12.148986606933589
33,0.13131313131313133,21.89960652882888
33,0.13636363636363638,16.621754855555196
33,0.14141414141414144,10.134105139401443
33,0.14646464646464646,8.485285079117151
33,0.15151515151515152,19.563981669261388
33,0.15656565656565657,11.217827543350149
33,0.16161616161616163,3.0183312578386765
33,0.16666666666666669,6.402847420967309
33,0.17171717171717174,7.049336433188035
33,0.1767676767676768,12.18729623919947
33,0.18181818181818182,8.18534280352617
33,0.18686868686868688,6.768977560920774
33,0.19191919191919193,16.101359800929984
33,0.196969696969697,3.2939510631925004
33,0.20202020202020204,9.484803474516019
33,0.2070707070707071,26.089612347535148
33,0.21212121212121213,10.34328672661302
33,0.21717171717171718,4.386299463218014
33,0.22222222222222224,8.560780251230609
33,0.2272727272727273,1.3798564560898123
33,0.23232323232323235,0.6618406054249406
33,0.2373737373737374,6.047812953051823
33,0.24242424242424243,14.382951689592028
33,0.2474747474747475,8.839615166025238
33,0.25252525252525254,5.594654591018545
33,0.2575757575757576,8.228761969559393
33,0.26262626262626265,15.763503121592683
33,0.2676767676767677,4.121454982242361
33,0.27272727272727276,3.104873265177194
33,0.2777777777777778,22.734228354862807
33,0.2828282828282829,11.814974110868016
33,0.2878787878787879,11.01925051456061
33,0.29292929292929293,11.494533994826801
33,0.297979797979798,16.410175163646777
33,0.30303030303030304,3.0102668680307016
33,0.3080808080808081,14.955628055528846
33,0.31313131313131315,15.598791262422806
33,0.31818181818181823,21.066240211769244
33,0.32323232323232326,11.454891140259921
33,0.3282828282828283,6.582227021138046
33,0.33333333333333337,8.243416150070308
33,0.3383838383838384,1.6814990877203277
33,0.3434343434343435,21.448542614708106
33,0.3484848484848485,23.75909273572575
33,0.3535353535353536,12.392386660503574
33,0.3585858585858586,4.808875308440486
33,0.36363636363636365,3.3753113172795626
33,0.36868686868686873,25.146372336543987
33,0.37373737373737376,12.31425998091202
33,0.37878787878787884,8.355702453585925
33,0.38383838383838387,8.768671028914897
33,0.3888888888888889,13.3317652797673
33,0.393939393939394,2.3795304117317437
33,0.398989898989899,13.980346364439049
33,0.4040404040404041,22.430902138474405
33,0.4090909090909091,19.677173344135184
33,0.4141414141414142,19.336185264953528
33,0.4191919191919192,19.72259949718002
33,0.42424242424242425,21.679236901624652
33,0.42929292929292934,21.056741282440925
33,0.43434343434343436,5.878586938467957
33,0.43939393939393945,21.16645412731735
33,0.4444444444444445,9.568906174185338
33,0.44949494949494956,8.123946130496176
33,0.4545454545454546,7.293230555098533
33,0.4595959595959596,7.094340413354653
33,0.4646464646464647,14.05001956186108
33,0.4696969696969697,16.610972041588706
33,0.4747474747474748,15.189525163709257
33,0.47979797979797983,9.405565272001123
33,0.48484848484848486,17.522626446626106
33,0.48989898989898994,12.200956772255948
33,0.494949494949495,17.776923451120425
34,0.0,7.105427357601002e-15
34,0.004901960784313725,22.930156553483204
34,0.00980392156862745,15.270285086107933
34,0.014705882352941176,9.925397096627405
34,0.0196078431372549,14.714286715367015
34,0.024509803921568627,10.991475201149271
34,0.029411764705882353,17.68253636114836
34,0.03431372549019608,8.9202889041857
34,0.0392156862745098,24.088879792994458
34,0.044117647058823525,6.86662428777987
34,0.049019607843137254,6.492522256140801
34,0.05392156862745098,7.741366064423072
34,0.058823529411764705,4.955546417702734
34,0.06372549019607843,17.344813758131206
34,0.06862745098039216,1.9222664719862441
34,0.07352941176470588,13.279021821505998
34,0.0784313725490196,4.7382040816128965
34,0.08333333333333333,13.25890336796693
34,0.08823529411764705,14.756782489171941
34,0.09313725490196079,12.362675137755758
34,0.09803921568627451,20.631538816015002
34,0.10294117647058823,8.85338134872085
34,0.10784313725490197,14.801009913706132
34,0.11274509803921569,8.90082987399892
34,0.11764705882352941,23.498609789352315
34,0.12254901960784313,8.085679149654094
34,0.12745098039215685,16.529513239217728
34,0.1323529411764706,21.971264634509833
34,0.13725490196078433,17.59737394837066
34,0.14215686274509803,11.714434296192223
34,0.14705882352941177,12.248914558969368
34,0.15196078431372548,22.44491987971397
34,0.1568627450980392,0.33464311981251366
34,0.16176470588235295,11.780392613122821
34,0.16666666666666666,12.567265740700194
34,0.1715686274509804,13.78758315570222
34,0.1764705882352941,13.797491578985124
34,0.18137254901960784,0.5098904866166232
34,0.18627450980392157,19.58248623459413
34,0.19117647058823528,4.822220912154122
34,0.19607843137254902,10.445877464487262
34,0.20098039215686275,17.747749625790373
34,0.20588235294117646,20.85573754859251
34,0.2107843137254902,23.62896039749699
34,0.21568627450980393,17.029353609009494
34,0.22058823529411764,7.901744661869312
34,0.22549019607843138,14.366233138574033
34,0.23039215686274508,4.357038234174746
34,0.23529411764705882,6.13377076349501
34,0.24019607843137256,5.579651683891465
34,0.24509803921568626,19.12291900204014
34,0.25,8.566036731498894
34,0.2549019607843137,8.3799055340947
34,0.25980392156862747,2.0624335008675967
34,0.2647058823529412,13.416747746095718
34,0.2696078431372549,9.570524442398924
34,0.27450980392156865,16.2832267136812
34,0.27941176470588236,5.515142605822075
34,0.28431372549019607,14.789033256880222
34,0.2892156862745098,8.87621447387401
34,0.29411764705882354,10.874204375703217
34,0.29901960784313725,9.585486011673911
34,0.30392156862745096,23.1599879088191
34,0.3088235294117647,10.48612294109848
34,0.3137254901960784,11.097276118920274
34,0.31862745098039214,4.851122676409044
34,0.3235294117647059,13.291992774628444
34,0.3284313725490196,13.363396769182767
34,0.3333333333333333,8.045199807476058
34,0.3382352941176471,31.460177313602042
34,0.3431372549019608,8.998652186753896
34,0.3480392156862745,11.940464483515225
34,0.3529411764705882,14.80871234203768
34,0.35784313725490197,2.0958490232718927
34,0.3627450980392157,22.212753722912066
34,0.3676470588235294,13.11103747176641
34,0.37254901960784315,24.025674727905272
34,0.37745098039215685,29.377566901349468
34,0.38235294117647056,7.981676688667206
34,0.3872549019607843,1.437998924451599
34,0.39215686274509803,16.80635757119974
34,0.39705882352941174,14.671921880422044
34,0.4019607843137255,12.386290805116698
34,0.4068627450980392,8.866620902389986
34,0.4117647058823529,10.327228222269797
34,0.4166666666666667,9.98673624259779
34,0.4215686274509804,13.742991483327954
34,0.4264705882352941,7.657994407144327
34,0.43137254901960786,14.390499997730295
34,0.4362745098039216,14.068254108339469
34,0.4411764705882353,15.740113260261356
34,0.446078431372549,19.18179761518009
34,0.45098039215686275,9.940658023154366
34,0.45588235294117646,21.539332672568914
34,0.46078431372549017,4.997647590116298
34,0.46568627450980393,18.634626905130965
34,0.47058823529411764,14.083990826925383
34,0.47549019607843135,10.168275199366528
34,0.4803921568627451,13.58829199037633
34,0.4852941176470588,5.385548840519635
34,0.49019607843137253,8.25849862317995
34,0.4950980392156863,8.546703342388243
35,0.0,1.9539925233402755e-14
35,0.005050505050505051,6.443374590559712
35,0.010101010101010102,1.0928413950789342
35,0.015151515151515152,7.9351231489866105
35,0.020202020202020204,10.630473241831634
35,0.025252525252525256,11.34281313626964
35,0.030303030303030304,1.3083866226777574
35,0.03535353535353536,14.853494319518806
35,0.04040404040404041,8.3639778632264
35,0.045454545454545456,10.053786725053524
35,0.05050505050505051,11.297829537055224
35,0.05555555555555556,14.564377850788658
35,0.06060606060606061,17.956327645072744
35,0.06565656565656566,5.489750296936216
35,0.07070707070707072,6.43682308216271
35,0.07575757575757576,10.925636127543724
35,0.08080808080808081,11.131658603070454
35,0.08585858585858587,23.318061033090324
35,0.09090909090909091,15.259697248178096
35,0.09595959595959597,12.660610552082561
35,0.10101010101010102,23.148748120272135
35,0.10606060606060606,30.22113302571629
35,0.11111111111111112,21.22173502741245
35,0.11616161616161617,13.601105191822207
35,0.12121212121212122,14.811513026480645
35,0.12626262626262627,6.9303127937826
35,0.13131313131313133,8.029980052579107
35,0.13636363636363638,7.72006414035435
35,0.14141414141414144,14.607550244177174
35,0.14646464646464646,11.412545770104058
35,0.15151515151515152,9.910784603030702
35,0.15656565656565657,19.393915879864014
35,0.16161616161616163,3.031532014151661
35,0.16666666666666669,9.784168750271808
35,0.17171717171717174,24.329990130159356
35,0.1767676767676768,9.95552719123402
35,0.18181818181818182,9.75749485117564
35,0.18686868686868688,9.884881250079655
35,0.19191919191919193,11.468937164705778
35,0.196969696969697,14.449752717387177
35,0.20202020202020204,4.54608751580101
35,0.2070707070707071,6.310990812624326
35,0.21212121212121213,10.194218748704593
35,0.21717171717171718,23.497397071991283
35,0.22222222222222224,12.510817606670027
35,0.2272727272727273,18.96081212628884
35,0.23232323232323235,10.373223816024215
35,0.2373737373737374,12.985927297952207
35,0.24242424242424243,6.981048855468031
35,0.2474747474747475,8.445215985194803
35,0.25252525252525254,11.116759934619024
35,0.2575757575757576,25.784050077158224
35,0.26262626262626265,13.05472932461979
35,0.2676767676767677,12.589626830580197
35,0.27272727272727276,4.276830878632112
35,0.2777777777777778,10.007884511632975
35,0.2828282828282829,11.750324084665504
35,0.2878787878787879,2.4212081178323337
35,0.29292929292929293,26.082141489802574
35,0.297979797979798,8.558876962965174
35,0.30303030303030304,14.894647508643242
35,0.3080808080808081,19.64415881710021
35,0.31313131313131315,12.895761573998298
35,0.31818181818181823,4.259872009912036
35,0.32323232323232326,10.71285963747586
35,0.3282828282828283,23.36022698540402
35,0.33333333333333337,9.540073951968962
35,0.3383838383838384,8.795010774292766
35,0.3434343434343435,16.51674926376356
35,0.3484848484848485,10.417250232132071
35,0.3535353535353536,15.577284976587642
35,0.3585858585858586,19.00210072156118
35,0.36363636363636365,7.737379469215662
35,0.36868686868686873,13.030374991713993
35,0.37373737373737376,12.569403450506274
35,0.37878787878787884,12.351251950923468
35,0.38383838383838387,13.99199933191107
35,0.3888888888888889,12.706784430443749
35,0.393939393939394,10.262320921712066
35,0.398989898989899,22.352220174641342
35,0.4040404040404041,3.7614910408268027
35,0.4090909090909091,10.263768398180556
35,0.4141414141414142,20.343973108975003
35,0.4191919191919192,11.247857191584437
35,0.42424242424242425,3.3578636713394694
35,0.42929292929292934,15.642060787865027
35,0.43434343434343436,22.6958207883486
35,0.43939393939393945,11.540663492342214
35,0.4444444444444445,7.963969145743597
35,0.44949494949494956,27.451748588919987
35,0.4545454545454546,6.477324988892661
35,0.4595959595959596,14.051186691740812
35,0.4646464646464647,27.380093673609437
35,0.4696969696969697,3.846461543121631
35,0.4747474747474748,6.906484664365447
35,0.47979797979797983,8.272498741734886
35,0.48484848484848486,10.570068171649789
35,0.48989898989898994,11.776852287185092
35,0.494949494949495,25.870876220409997
36,0.0,1.865174681370263e-14
36,0.004739336492890996,5.158858682579339
36,0.009478672985781991,18.876684767846854
36,0.014218009478672987,10.428687695807971
36,0.018957345971563982,8.426810866553302
36,0.023696682464454978,3.6157332656345083
36,0.028436018957345974,10.092619659184606
36,0.03317535545023697,16.980767693998022
36,0.037914691943127965,5.94972756697243
36,0.04265402843601896,22.97448314652831
36,0.047393364928909956,29.96117627551284
36,0.05213270142180095,14.382293027233917
36,0.05687203791469195,2.6366585500917217
36,0.06161137440758294,18.085488503386646
36,0.06635071090047394,20.402991805850704
36,0.07109004739336494,28.108125698309916
36,0.07582938388625593,10.172426685327927
36,0.08056872037914692,13.911572109794896
36,0.08530805687203792,19.99302666679453
36,0.09004739336492892,6.950056564925958
36,0.09478672985781991,7.469937176745947
36,0.0995260663507109,11.907660767685005
36,0.1042654028436019,9.082427315043772
36,0.1090047393364929,13.629188354198021
36,0.1137440758293839,4.801554034347578
36,0.11848341232227488,17.204292643087754
36,0.12322274881516589,9.242629935332427
36,0.1279620853080569,2.2697356945917844
36,0.13270142180094788,19.23628347419157
36,0.13744075829383887,10.244061011646076
36,0.14218009478672988,17.783842888615844
36,0.14691943127962087,7.116467303017026
36,0.15165876777251186,8.696779958978047
36,0.15639810426540285,13.76443025639602
36,0.16113744075829384,4.154471667243849
36,0.16587677725118485,22.25306539195046
36,0.17061611374407584,8.149129983401664
36,0.17535545023696683,4.993920617186636
36,0.18009478672985785,12.665172923762114
36,0.18483412322274884,3.9269486556232502
36,0.18957345971563982,9.535286105148838
36,0.1943127962085308,23.025435136725687
36,0.1990521327014218,3.3212511889702907
36,0.20379146919431282,6.12783946930167
36,0.2085308056872038,10.594664147820998
36,0.2132701421800948,12.272719128700858
36,0.2180094786729858,6.627559124189238
36,0.2227488151658768,9.593295395153879
36,0.2274881516587678,12.599659211397269
36,0.23222748815165878,18.114884366727456
36,0.23696682464454977,12.548288533256613
36,0.24170616113744078,15.101562253171945
36,0.24644549763033177,11.416378941859733
36,0.2511848341232228,11.78924756868464
36,0.2559241706161138,6.716438390931011
36,0.26066350710900477,32.8034239409903
36,0.26540284360189575,8.385387231435821
36,0.27014218009478674,13.78333830165891
36,0.27488151658767773,12.661159778466153
36,0.2796208530805687,8.682890865684895
36,0.28436018957345977,13.45802611544842
36,0.28909952606635075,6.084811922947649
36,0.29383886255924174,29.15129190597549
36,0.29857819905213273,6.165186380664239
36,0.3033175355450237,29.304137440158364
36,0.3080568720379147,7.323253752133607
36,0.3127962085308057,10.282108713132462
36,0.3175355450236967,18.722000378922072
36,0.3222748815165877,12.830432328292757
36,0.3270142180094787,10.78264595412658
36,0.3317535545023697,7.17254461038294
36,0.3364928909952607,6.318960999091277
36,0.3412322274881517,10.900363498229503
36,0.3459715639810427,3.8606623432703575
36,0.35071090047393366,10.087643896544567
36,0.35545023696682465,20.336837384573812
36,0.3601895734597157,14.696154080517383
36,0.3649289099526067,12.161820416710189
36,0.3696682464454977,8.42267873142477
36,0.37440758293838866,22.021906733832378
36,0.37914691943127965,14.48055301372435
36,0.38388625592417064,14.035931306795495
36,0.3886255924170616,4.462626147941324
36,0.3933649289099526,14.678690722162832
36,0.3981042654028436,26.16544616241658
36,0.40284360189573465,22.846952976393602
36,0.40758293838862564,9.499127758090893
36,0.4123222748815166,21.413509241237335
36,0.4170616113744076,13.133513017447683
36,0.4218009478672986,14.025531646971524
36,0.4265402843601896,11.146987890247843
36,0.4312796208530806,9.986484658867482
36,0.4360189573459716,10.23506420192032
36,0.4407582938388626,5.418514806364748
36,0.4454976303317536,27.564606390703837
36,0.4502369668246446,9.463984617664295
36,0.4549763033175356,19.252220050612774
36,0.45971563981042657,3.413982357741228
36,0.46445497630331756,3.090421168212611
36,0.46919431279620855,27.523452267834447
36,0.47393364928909953,16.236798863313293
36,0.4786729857819906,15.722314477436917
36,0.48341232227488157,18.58216577179379
36,0.48815165876777256,6.41453035420335
36,0.49289099526066354,14.262078555110453
36,0.49763033175355453,10.581698761046482
37,0.0,1.9539925233402755e-14
37,0.004694835680751174,26.36384411708852
37,0.009389671361502348,15.183017769726057
37,0.014084507042253521,4.564386690327322
37,0.018779342723004695,4.512558458563209
37,0.023474178403755867,12.404145687437163
37,0.028169014084507043,7.456032759223975
37,0.03286384976525822,15.599339841672165
37,0.03755868544600939,15.904037183343748
37,0.04225352112676056,11.92917539100828
37,0.046948356807511735,8.46128386746319
37,0.051643192488262914,15.505526968564618
37,0.056338028169014086,13.542141234152824
37,0.06103286384976526,3.772721263143671
37,0.06572769953051644,6.2814417225242245
37,0.07042253521126761,22.076929426628183
37,0.07511737089201878,9.913831108631927
37,0.07981220657276995,15.839978142544178
37,0.08450704225352113,14.225929930619062
37,0.0892018779342723,6.956183301542924
37,0.09389671361502347,12.279670238900161
37,0.09859154929577466,6.8855176081647524
37,0.10328638497652583,23.37972025447959
37,0.107981220657277,12.741861814700687
37,0.11267605633802817,10.705578865784801
37,0.11737089201877934,15.680086527574701
37,0.12206572769953052,14.068159133445556
37,0.1267605633802817,12.348135041167597
37,0.13145539906103287,16.578402982282494
37,0.13615023474178403,8.210013305811989
37,0.14084507042253522,19.055497905927435
37,0.14553990610328638,11.317412477337177
37,0.15023474178403756,10.496335998932269
37,0.15492957746478875,12.059568308984469
37,0.1596244131455399,15.073791063600671
37,0.1643192488262911,16.902262361189926
37,0.16901408450704225,10.01155808513625
37,0.17370892018779344,10.280395409253792
37,0.1784037558685446,3.584508748869705
37,0.18309859154929578,25.199105422274783
37,0.18779342723004694,7.548219960484682
37,0.19248826291079812,13.993691929478581
37,0.1971830985915493,7.580866016057942
37,0.20187793427230047,14.317569408874158
37,0.20657276995305165,12.01511472803765
37,0.2112676056338028,25.103161807061547
37,0.215962441314554,6.921845364082583
37,0.22065727699530516,9.781676213924175
37,0.22535211267605634,14.868247392659951
37,0.23004694835680753,21.83772295720057
37,0.2347417840375587,19.64562954210063
37,0.23943661971830987,3.783453793162195
37,0.24413145539906103,20.435837016974013
37,0.24882629107981222,15.06403737835
37,0.2535211267605634,4.3607608765642585
37,0.25821596244131456,11.701957967241048
37,0.26291079812206575,17.352371743414817
37,0.26760563380281693,8.012517749067465
37,0.27230046948356806,6.342693989223853
37,0.27699530516431925,8.21807781359195
37,0.28169014084507044,22.425995964272857
37,0.2863849765258216,2.7235603847715533
37,0.29107981220657275,7.037677968021575
37,0.29577464788732394,40.97763555717737
37,0.3004694835680751,16.15378028688934
37,0.3051643192488263,15.486709040543868
37,0.3098591549295775,20.733027612534094
37,0.3145539906103286,19.075608527941995
37,0.3192488262910798,32.36094894129262
37,0.323943661971831,20.370698869682442
37,0.3286384976525822,1.463450610256935
37,0.3333333333333333,8.244907243712088
37,0.3380281690140845,10.190730131392264
37,0.3427230046948357,7.945603302196613
37,0.3474178403755869,17.989473432075677
37,0.35211267605633806,11.984928434171556
37,0.3568075117370892,20.011362675867495
37,0.3615023474178404,15.231567494409916
37,0.36619718309859156,5.961080205650281
37,0.37089201877934275,5.327493745196952
37,0.3755868544600939,10.990259166602689
37,0.38028169014084506,5.438934185464814
37,0.38497652582159625,11.540667091713221
37,0.38967136150234744,4.38553876509846
37,0.3943661971830986,8.733850909001177
37,0.39906103286384975,4.58957068578585
37,0.40375586854460094,30.82905332910917
37,0.4084507042253521,22.42696009411158
37,0.4131455399061033,22.26370237852595
37,0.4178403755868545,7.7437135409410764
37,0.4225352112676056,4.048925138156276
37,0.4272300469483568,9.830304574939822
37,0.431924882629108,17.06756358727797
37,0.4366197183098592,6.586514755126071
37,0.4413145539906103,16.89597279173482
37,0.4460093896713615,9.699659954894903
37,0.4507042253521127,5.67148592992648
37,0.45539906103286387,11.490666169311428
37,0.46009389671361506,10.730464495326837
37,0.4647887323943662,9.608231413457068
37,0.4694835680751174,14.287282795880813
37,0.47417840375586856,7.199168550957898
37,0.47887323943661975,14.015588425050222
37,0.4835680751173709,10.160289178058237
37,0.48826291079812206,15.279933722871712
37,0.49295774647887325,22.523756887113368
37,0.49765258215962443,7.300899182863052
38,0.0,2.298161660974074e-14
38,0.0048543689320388345,19.735533532835444
38,0.009708737864077669,9.851309403427924
38,0.014563106796116504,12.48843995996104
38,0.019417475728155338,34.77294753717943
38,0.02427184466019417,5.254243117281653
38,0.029126213592233007,16.083920410498852
38,0.03398058252427184,22.617612590929163
38,0.038834951456310676,11.238104016434688
38,0.04368932038834951,3.9193236521228205
38,0.04854368932038834,8.61117994238442
38,0.05339805825242718,18.194703986442747
38,0.058252427184466014,22.698907186311377
38,0.06310679611650485,12.38368378322699
38,0.06796116504854369,3.123364881417702
38,0.07281553398058252,11.683529354727852
38,0.07766990291262135,9.303954812588488
38,0.08252427184466019,24.793454503707878
38,0.08737864077669902,12.425580580307845
38,0.09223300970873785,10.089254640752415
38,0.09708737864077668,16.497100878682776
38,0.10194174757281553,13.576314475805567
38,0.10679611650485436,18.819406337149754
38,0.1116504854368932,12.89285193831071
38,0.11650485436893203,9.247086802256062
38,0.12135922330097086,30.638466722798718
38,0.1262135922330097,15.263972396964066
38,0.13106796116504854,13.294524276583694
38,0.13592233009708737,27.06574707913984
38,0.1407766990291262,12.023992386319454
38,0.14563106796116504,9.819484057806296
38,0.15048543689320387,5.609095708179166
38,0.1553398058252427,5.447668688904861
38,0.16019417475728154,23.21019564053771
38,0.16504854368932037,21.627143856878554
38,0.1699029126213592,32.89063369153998
38,0.17475728155339804,17.064021831927306
38,0.17961165048543687,15.332561174292785
38,0.1844660194174757,4.7731499846123855
38,0.18932038834951453,3.284895774055261
38,0.19417475728155337,5.471596705503388
38,0.19902912621359223,19.086171472303093
38,0.20388349514563106,3.8074467582873255
38,0.2087378640776699,9.329341553667744
38,0.21359223300970873,17.560402650965003
38,0.21844660194174756,6.083824675719489
38,0.2233009708737864,3.8194592943241013
38,0.22815533980582522,15.489664494908833
38,0.23300970873786406,11.384934520450097
38,0.2378640776699029,12.358135398020014
38,0.24271844660194172,5.905246803399045
38,0.24757281553398056,2.096187589834891
38,0.2524271844660194,11.031692099023157
38,0.25728155339805825,8.386048746538316
38,0.2621359223300971,9.374242486297597
38,0.2669902912621359,6.030802376467269
38,0.27184466019417475,28.58126946165817
38,0.2766990291262136,17.56603597534825
38,0.2815533980582524,11.605082374188871
38,0.28640776699029125,11.386804762034298
38,0.2912621359223301,4.6530490762889105
38,0.2961165048543689,11.353315408481345
38,0.30097087378640774,3.144404475588166
38,0.3058252427184466,6.9239752304144835
38,0.3106796116504854,17.11771021814747
38,0.31553398058252424,22.20585755262075
38,0.3203883495145631,23.52529326662444
38,0.3252427184466019,20.52835703557082
38,0.33009708737864074,11.844638046172468
38,0.3349514563106796,18.911885478891893
38,0.3398058252427184,10.907232527555841
38,0.34466019417475724,6.98910627867212
38,0.3495145631067961,4.51298612689413
38,0.3543689320388349,13.380142557671727
38,0.35922330097087374,8.298416650652818
38,0.36407766990291257,13.24897805588103
38,0.3689320388349514,16.510951876473836
38,0.37378640776699024,18.124470798309396
38,0.37864077669902907,19.464698895667013
38,0.3834951456310679,10.427370678893292
38,0.38834951456310673,12.265767940668153
38,0.3932038834951456,7.8545987009437095
38,0.39805825242718446,7.626642637759143
38,0.4029126213592233,6.726525388616438
38,0.4077669902912621,4.585204977272909
38,0.41262135922330095,4.61471591851277
38,0.4174757281553398,13.223047685943955
38,0.4223300970873786,15.63328025271512
38,0.42718446601941745,9.290335523360927
38,0.4320388349514563,20.42231293260846
38,0.4368932038834951,13.28095018378015
38,0.44174757281553395,15.727115403145062
38,0.4466019417475728,6.095638803362777
38,0.4514563106796116,6.727025828890109
38,0.45631067961165045,8.739377512889654
38,0.4611650485436893,6.610766403678977
38,0.4660194174757281,8.276312991118914
38,0.47087378640776695,6.009476430073765
38,0.4757281553398058,5.160842222585628
38,0.4805825242718446,10.35502483878595
38,0.48543689320388345,6.724447870074961
38,0.4902912621359223,24.64222917225261
38,0.4951456310679611,8.130986739828932
39,0.0,2.020605904817785e-14
39,0.004761904761904762,22.802554620896103
39,0.009523809523809525,13.796893928189313
39,0.014285714285714287,4.593170124995087
39,0.01904761904761905,11.254246925060123
39,0.02380952380952381,3.7074337380169085
39,0.028571428571428574,11.781275233344667
39,0.03333333333333334,11.816569405290878
39,0.0380952380952381,14.641918811415309
39,0.04285714285714286,9.887556658406519
39,0.04761904761904762,24.490562533051776
39,0.05238095238095239,19.18143206446593
39,0.05714285714285715,1.930707579537374
39,0.06190476190476191,16.88963653955504
39,0.06666666666666668,3.7448445600196587
39,0.07142857142857144,13.373338890338749
39,0.0761904761904762,12.15552466697891
39,0.08095238095238096,7.382081674049769
39,0.08571428571428572,8.225248526055681
39,0.09047619047619049,11.659976901466218
39,0.09523809523809525,20.324778503810116
39,0.1,24.616417858540768
39,0.10476190476190478,19.54776053763732
39,0.10952380952380954,16.15330265913401
39,0.1142857142857143,14.60693547114239
39,0.11904761904761905,3.3122464881208584
39,0.12380952380952381,9.821563809680576
39,0.1285714285714286,16.5018895367308
39,0.13333333333333336,7.275746500413369
39,0.1380952380952381,7.705831895923533
39,0.14285714285714288,10.65132543275193
39,0.14761904761904762,10.15769645870559
39,0.1523809523809524,8.124238120326396
39,0.15714285714285717,11.210743760383602
39,0.1619047619047619,7.377865630319752
39,0.16666666666666669,16.570388061164106
39,0.17142857142857143,8.036577550975158
39,0.1761904761904762,11.355920759647747
39,0.18095238095238098,13.650201797420687
39,0.18571428571428572,6.675011316432548
39,0.1904761904761905,17.6242273154069
39,0.19523809523809527,17.823978831100984
39,0.2,29.134487565150724
39,0.20476190476190478,12.134872285042693
39,0.20952380952380956,10.590911053689787
39,0.2142857142857143,24.28487099001905
39,0.21904761904761907,6.289674120458244
39,0.22380952380952382,12.508213795487055
39,0.2285714285714286,13.158596855744948
39,0.23333333333333336,2.177203023185919
39,0.2380952380952381,19.390056347002076
39,0.24285714285714288,9.65851668894111
39,0.24761904761904763,14.862916618432617
39,0.25238095238095243,13.961523681101372
39,0.2571428571428572,16.420739343493402
39,0.2619047619047619,11.479686343972432
39,0.2666666666666667,11.001062685186788
39,0.27142857142857146,19.40221443097287
39,0.2761904761904762,5.877195091236763
39,0.28095238095238095,8.239463216196306
39,0.28571428571428575,22.303374246376553
39,0.2904761904761905,5.4055204866566555
39,0.29523809523809524,19.234465896701757
39,0.30000000000000004,20.27136426514865
39,0.3047619047619048,3.1775137032504635
39,0.30952380952380953,8.468596961488768
39,0.31428571428571433,26.805591714878787
39,0.3190476190476191,6.088286672262421
39,0.3238095238095238,5.250261754849741
39,0.3285714285714286,13.25299046824724
39,0.33333333333333337,7.875003172235467
39,0.3380952380952381,14.048667162973384
39,0.34285714285714286,9.939539532018625
39,0.34761904761904766,17.83429113198565
39,0.3523809523809524,13.123042378522136
39,0.35714285714285715,17.086159171363686
39,0.36190476190476195,21.023881890429735
39,0.3666666666666667,3.8817592928632054
39,0.37142857142857144,1.8153517905432324
39,0.37619047619047624,17.738821750726636
39,0.380952380952381,9.700833936058121
39,0.38571428571428573,6.378787432749468
39,0.39047619047619053,4.020204016767824
39,0.3952380952380953,8.431357384696382
39,0.4,18.678465417716698
39,0.4047619047619048,14.511225489202074
39,0.40952380952380957,19.439928144057866
39,0.4142857142857143,18.02785061148715
39,0.4190476190476191,7.627946254263916
39,0.42380952380952386,26.221100879726322
39,0.4285714285714286,9.634035973001959
39,0.43333333333333335,18.353723823723687
39,0.43809523809523815,28.055823311684648
39,0.4428571428571429,10.422648982041094
39,0.44761904761904764,17.397213984954533
39,0.45238095238095244,23.15813269075655
39,0.4571428571428572,15.776572904435932
39,0.46190476190476193,32.83338663451598
39,0.46666666666666673,11.167315177576501
39,0.4714285714285715,7.067157560455135
39,0.4761904761904762,7.82624100693234
39,0.480952380952381,9.121656529942912
39,0.48571428571428577,13.229165280477783
39,0.4904761904761905,3.46863791882089
39,0.49523809523809526,11.168043640260484
40,0.0,7.105427357601002e-15
40,0.004975124378109453,10.724303062752673
40,0.009950248756218905,11.396690136544938
40,0.014925373134328358,8.243054147969186
40,0.01990049751243781,8.872349189405693
40,0.02487562189054726,12.926331617309689
40,0.029850746268656716,24.1354501683169
40,0.03482587064676617,6.063766305332563
40,0.03980099502487562,10.666896047939973
40,0.04477611940298507,7.666774085272656
40,0.04975124378109452,7.069214302466676
40,0.05472636815920398,10.041737347551699
40,0.05970149253731343,12.341529473102362
40,0.06467661691542288,5.747517817752302
40,0.06965174129353234,10.256124972372145
40,0.07462686567164178,11.533718242271993
40,0.07960199004975124,9.833582410113399
40,0.0845771144278607,6.096689273818828
40,0.08955223880597014,11.805090901344597
40,0.0945273631840796,1.3857303437279114
40,0.09950248756218905,13.703746416961511
40,0.1044776119402985,23.299885318374105
40,0.10945273631840796,12.193356537265771
40,0.1144278606965174,8.284212452959316
40,0.11940298507462686,10.084005125898763
40,0.12437810945273632,5.881699371482019
40,0.12935323383084577,5.686508858135341
40,0.13432835820895522,13.028784780047882
40,0.13930348258706468,23.75846908175825
40,0.14427860696517414,3.567186703173646
40,0.14925373134328357,9.926819642366363
40,0.15422885572139303,4.886514594655403
40,0.15920398009950248,22.73352198107697
40,0.16417910447761194,9.038166899108253
40,0.1691542288557214,17.914830656944147
40,0.17412935323383083,24.97637013134846
40,0.1791044776119403,15.202289213134724
40,0.18407960199004975,25.28467030235287
40,0.1890547263681592,6.317218816862026
40,0.19402985074626866,5.010048200126217
40,0.1990049751243781,9.80334261427594
40,0.20398009950248755,13.36887164957322
40,0.208955223880597,7.452267988504774
40,0.21393034825870647,11.232886440915285
40,0.21890547263681592,37.81264568005897
40,0.22388059701492538,8.447440241369693
40,0.2288557213930348,7.842823826655753
40,0.23383084577114427,7.810476495802127
40,0.23880597014925373,15.722999029807383
40,0.24378109452736318,21.334690071859995
40,0.24875621890547264,17.063116609094326
40,0.2537313432835821,18.569323753917594
40,0.25870646766169153,2.1871477658283305
40,0.263681592039801,9.47981651331873
40,0.26865671641791045,12.836616834061765
40,0.2736318407960199,10.166356365096258
40,0.27860696517412936,11.468809466268068
40,0.2835820895522388,3.9051045326630036
40,0.2885572139303483,7.027506982587426
40,0.2935323383084577,7.706485863056888
40,0.29850746268656714,36.2180221619385
40,0.3034825870646766,7.599124952423405
40,0.30845771144278605,14.826595500938094
40,0.31343283582089554,17.71649155981072
40,0.31840796019900497,7.49347204070377
40,0.3233830845771144,13.11389241098395
40,0.3283582089552239,7.4171388559934135
40,0.3333333333333333,16.473535471452305
40,0.3383084577114428,5.168492436635807
40,0.34328358208955223,21.052912201918485
40,0.34825870646766166,3.3639771101861426
40,0.35323383084577115,15.876916889951232
40,0.3582089552238806,12.927553745236205
40,0.36318407960199006,15.91794737413982
40,0.3681592039800995,9.641567324191305
40,0.3731343283582089,21.75926674383897
40,0.3781094527363184,13.952905114519599
40,0.38308457711442784,19.226205520697853
40,0.3880597014925373,10.0882413318657
40,0.39303482587064675,15.566241328757279
40,0.3980099502487562,15.48461414843852
40,0.40298507462686567,19.757575810650184
40,0.4079601990049751,17.11524741940702
40,0.4129353233830846,11.038450569842128
40,0.417910447761194,5.0066281480589785
40,0.4228855721393035,13.123651481081358
40,0.42786069651741293,19.198208022429924
40,0.43283582089552236,16.86690185185465
40,0.43781094527363185,3.656745984720015
40,0.4427860696517413,5.947004617795957
40,0.44776119402985076,12.978889047663117
40,0.4527363184079602,10.330325669059022
40,0.4577114427860696,20.094295108964882
40,0.4626865671641791,10.527521563572831
40,0.46766169154228854,13.694708413861484
40,0.472636815920398,12.14684201041889
40,0.47761194029850745,15.1907696651541
40,0.4825870646766169,29.12488509158184
40,0.48756218905472637,6.899388939566709
40,0.4925373134328358,14.476332004237292
40,0.4975124378109453,2.730262586372138
41,0.0,3.907985046680551e-14
41,0.005405405405405406,6.213725389653353
41,0.010810810810810811,21.57556750010371
41,0.016216216216216217,16.047174438294697
41,0.021621621621621623,7.512339608476851
41,0.02702702702702703,17.627387644688596
41,0.032432432432432434,13.325308974562175
41,0.03783783783783784,15.892567593424237
41,0.043243243243243246,17.178799068917467
41,0.04864864864864865,6.183245685180827
41,0.05405405405405406,7.356978823944871
41,0.05945945945945946,7.863247357049103
41,0.06486486486486487,8.505957562304133
41,0.07027027027027027,19.793388504070023
41,0.07567567567567568,10.121241568810598
41,0.08108108108108109,5.654570015544696
41,0.08648648648648649,29.670561534730993
41,0.0918918918918919,2.5754544630185894
41,0.0972972972972973,19.56156641736535
41,0.10270270270270271,7.758032580705783
41,0.10810810810810811,10.07776013315538
41,0.11351351351351352,14.167039459748588
41,0.11891891891891893,4.651575341525607
41,0.12432432432432433,11.538548183829851
41,0.12972972972972974,12.111804608211546
41,0.13513513513513514,9.540932578315312
41,0.14054054054054055,29.870984226022742
41,0.14594594594594595,9.35835023028283
41,0.15135135135135136,12.564466736862121
41,0.15675675675675677,6.8190105371691265
41,0.16216216216216217,8.198360605680149
41,0.16756756756756758,12.867693927319362
41,0.17297297297297298,15.190549135232608
41,0.1783783783783784,13.408566485354472
41,0.1837837837837838,7.417292995896636
41,0.1891891891891892,8.761259642460823
41,0.1945945945945946,5.877431486460397
41,0.2,12.950687995164104
41,0.20540540540540542,19.60701863535648
41,0.21081081081081082,10.504638898089881
41,0.21621621621621623,18.48282625836325
41,0.22162162162162163,17.69353982844576
41,0.22702702702702704,19.414610700439244
41,0.23243243243243245,23.0520981483539
41,0.23783783783783785,14.227101894800015
41,0.24324324324324326,14.06784665915853
41,0.24864864864864866,9.18554111526524
41,0.25405405405405407,11.615708371434838
41,0.2594594594594595,13.3985935912253
41,0.2648648648648649,9.46984515976669
41,0.2702702702702703,26.582914826048835
41,0.2756756756756757,12.00714048730118
41,0.2810810810810811,4.4185600941820935
41,0.2864864864864865,15.893306708266234
41,0.2918918918918919,21.239098620790145
41,0.2972972972972973,32.3185658009826
41,0.3027027027027027,2.642912888970248
41,0.3081081081081081,23.062069980684136
41,0.31351351351351353,12.801757602564024
41,0.31891891891891894,3.8903126809167805
41,0.32432432432432434,10.581676136210586
41,0.32972972972972975,13.329535918986819
41,0.33513513513513515,9.765719288721588
41,0.34054054054054056,7.795149971040359
41,0.34594594594594597,5.626502934233197
41,0.35135135135135137,15.406371899787699
41,0.3567567567567568,22.79777587783582
41,0.3621621621621622,10.348764501336786
41,0.3675675675675676,6.947493242451904
41,0.372972972972973,10.938591185640789
41,0.3783783783783784,9.547954552543537
41,0.3837837837837838,5.725924035640257
41,0.3891891891891892,4.424046105885426
41,0.3945945945945946,15.007330173697909
41,0.4,5.0766908486750895
41,0.40540540540540543,15.629801075843565
41,0.41081081081081083,8.284453707836622
41,0.41621621621621624,16.18596313140061
41,0.42162162162162165,12.799461255106381
41,0.42702702702702705,3.735456415294879
41,0.43243243243243246,5.635526885353851
41,0.43783783783783786,17.31305494852104
41,0.44324324324324327,4.159536127126312
41,0.4486486486486487,16.94943225851781
41,0.4540540540540541,7.255243311470258
41,0.4594594594594595,5.98208991123634
41,0.4648648648648649,8.428003308030787
41,0.4702702702702703,4.302042354447488
41,0.4756756756756757,11.757202190995885
41,0.4810810810810811,7.0349174362635924
41,0.4864864864864865,13.30837700229265
41,0.4918918918918919,11.468566883859074
41,0.4972972972972973,8.329662949928826
42,0.0,8.881784197001252e-16
42,0.005,24.563416121619813
42,0.01,9.462033898681366
42,0.015,21.534940311181224
42,0.02,7.043419922559043
42,0.025,14.057851748821367
42,0.03,30.12401703434602
42,0.035,12.029065312277785
42,0.04,14.238163295923998
42,0.045,10.178788042960003
42,0.05,2.980050827287889
42,0.055,12.548431486760196
42,0.06,10.742639298306822
42,0.065,13.214108032322917
42,0.07,1.4880958158388478
42,0.075,16.070830035324008
42,0.08,12.587675031706322
42,0.085,11.58448284169931
42,0.09,11.338941367939185
42,0.095,6.287602839463828
42,0.1,11.18001224305512
42,0.105,18.471677974187212
42,0.11,19.983207529784362
42,0.115,17.276533753525243
42,0.12,11.652763070670767
42,0.125,14.502568077694578
42,0.13,30.1692182250011
42,0.135,12.5315823872521
42,0.14,16.134025277468428
42,0.145,6.495068395993078
42,0.15,7.142248423894807
42,0.155,11.00582664891919
42,0.16,8.248863169882899
42,0.165,6.924774356162553
42,0.17,12.916122557320868
42,0.17500000000000002,12.240568915250876
42,0.18,10.962027373946874
42,0.185,1.971650667061679
42,0.19,18.80341432693756
42,0.195,8.70039796619515
42,0.2,22.581657519826134
42,0.20500000000000002,5.209506491467271
42,0.21,16.1628949918848
42,0.215,19.00347405849506
42,0.22,9.717446083385713
42,0.225,4.694227501753856
42,0.23,8.810574899355533
42,0.23500000000000001,11.09930300889295
42,0.24,11.060337330818248
42,0.245,12.923169730749615
42,0.25,1.682939381449677
42,0.255,15.441165685851766
42,0.26,18.443860419200735
42,0.265,20.837052304368495
42,0.27,22.856176538489628
42,0.275,13.484418059642646
42,0.28,10.244960519841595
42,0.28500000000000003,13.26860143862347
42,0.29,7.664758003874855
42,0.295,14.81725371171006
42,0.3,20.815090106627718
42,0.305,5.033840356279995
42,0.31,11.538441865189135
42,0.315,15.815778353666433
42,0.32,14.446113112899841
42,0.325,13.54940401973729
42,0.33,11.071383014083944
42,0.335,11.76721509278375
42,0.34,10.314125270004688
42,0.34500000000000003,1.8119337296703246
42,0.35000000000000003,3.3212976335840527
42,0.355,10.071883215458735
42,0.36,5.388935118719148
42,0.365,12.137467939450232
42,0.37,13.584953604649016
42,0.375,11.477363834700204
42,0.38,7.969137305330663
42,0.385,16.393042415773685
42,0.39,21.298938318991734
42,0.395,7.655777183287727
42,0.4,17.00776506076076
42,0.405,14.283120783829334
42,0.41000000000000003,14.613389159415778
42,0.41500000000000004,22.898389246072945
42,0.42,5.908994577446385
42,0.425,15.618296841058415
42,0.43,13.142215922013158
42,0.435,14.260893278428385
42,0.44,11.160777086737587
42,0.445,14.560149307650294
42,0.45,13.822871650646869
42,0.455,6.167244553027784
42,0.46,10.125150138367632
42,0.465,23.582525081575554
42,0.47000000000000003,12.699043909885432
42,0.47500000000000003,16.55123769348489
42,0.48,9.941922479799754
42,0.485,15.404239606743644
42,0.49,18.88557409157291
42,0.495,26.132261968310583
43,0.0,3.730349362740526e-14
43,0.005376344086021506,23.32588170574999
43,0.010752688172043012,15.693643741320466
43,0.016129032258064516,5.4337038374377205
43,0.021505376344086023,26.027071790321553
43,0.02688172043010753,17.1573403963367
43,0.03225806451612903,15.071470879701826
43,0.03763440860215054,10.770201315146991
43,0.043010752688172046,9.095915337935597
43,0.048387096774193554,5.382602099217089
43,0.05376344086021506,7.15612353940724
43,0.05913978494623656,12.970002369623352
43,0.06451612903225806,7.849118731240311
43,0.06989247311827958,10.558537153628956
43,0.07526881720430108,12.23248077561948
43,0.08064516129032259,19.8217668849118
43,0.08602150537634409,14.694261064115578
43,0.0913978494623656,12.6639273244751
43,0.09677419354838711,6.097280847904635
43,0.10215053763440861,9.85251446967202
43,0.10752688172043012,13.00121769042157
43,0.11290322580645162,13.934735210899085
43,0.11827956989247312,14.899136128965942
43,0.12365591397849464,6.049289445312653
43,0.12903225806451613,1.8243701152635068
43,0.13440860215053765,21.044847804733568
43,0.13978494623655915,23.51310080685942
43,0.14516129032258066,17.01499591855654
43,0.15053763440860216,9.75061669672722
43,0.15591397849462366,13.987684578479573
43,0.16129032258064518,3.8769719203744804
43,0.16666666666666669,1.4236190708148748
43,0.17204301075268819,10.664934496655722
43,0.1774193548387097,8.335470983364539
43,0.1827956989247312,6.629750393925605
43,0.18817204301075272,5.50675329150512
43,0.19354838709677422,33.211439332710874
43,0.19892473118279572,5.06056688930125
43,0.20430107526881722,18.280738749649313
43,0.20967741935483872,7.916625041137174
43,0.21505376344086025,19.43745042986721
43,0.22043010752688175,7.394672050529451
43,0.22580645161290325,3.882882006896452
43,0.23118279569892475,5.811103933305196
43,0.23655913978494625,13.367083637829314
43,0.24193548387096775,13.428704900746212
43,0.24731182795698928,6.502247379047858
43,0.25268817204301075,12.949528828172236
43,0.25806451612903225,16.47952842290312
43,0.2634408602150538,19.613981083353544
43,0.2688172043010753,13.279846192261306
43,0.2741935483870968,13.569930276340207
43,0.2795698924731183,13.16211570120882
43,0.2849462365591398,11.524169486075701
43,0.2903225806451613,15.879116942096354
43,0.2956989247311828,8.898101141720105
43,0.3010752688172043,20.717462122169866
43,0.3064516129032258,9.598786777467067
43,0.3118279569892473,5.420299538838158
43,0.31720430107526887,18.020925547390632
43,0.32258064516129037,17.54579707239547
43,0.32795698924731187,15.977210351974218
43,0.33333333333333337,10.949432123492018
43,0.33870967741935487,15.990782964227801
43,0.34408602150537637,17.133890933428173
43,0.34946236559139787,20.240910861128253
43,0.3548387096774194,11.309631635602504
43,0.3602150537634409,22.706608049695657
43,0.3655913978494624,14.848196089156543
43,0.3709677419354839,3.9072161627415447
43,0.37634408602150543,10.779015848918329
43,0.38172043010752693,8.280697346324603
43,0.38709677419354843,11.799431172742603
43,0.39247311827956993,12.371026340178714
43,0.39784946236559143,13.227590879389131
43,0.40322580645161293,4.926187462032152
43,0.40860215053763443,10.309590593578896
43,0.41397849462365593,2.32044984002983
43,0.41935483870967744,14.901299542802322
43,0.42473118279569894,4.812426510953977
43,0.4301075268817205,11.551547499087784
43,0.435483870967742,6.215487182538986
43,0.4408602150537635,13.518224613389549
43,0.446236559139785,23.486793618965937
43,0.4516129032258065,11.841454019927665
43,0.456989247311828,11.865585760900867
43,0.4623655913978495,13.745517303438925
43,0.467741935483871,11.26725519324996
43,0.4731182795698925,3.5542421999443166
43,0.478494623655914,8.690341786392997
43,0.4838709677419355,20.301631189452856
43,0.48924731182795705,6.601667350846876
43,0.49462365591397855,20.272602270072113
44,0.0,3.552713678800501e-15
44,0.004651162790697674,17.159057881506257
44,0.009302325581395349,19.673522501974713
44,0.013953488372093023,15.87538979786818
44,0.018604651162790697,6.103503621933305
44,0.023255813953488372,8.11721033249761
44,0.027906976744186046,11.314860545292916
44,0.03255813953488372,3.113139761316166
44,0.037209302325581395,15.829702659250849
44,0.04186046511627907,17.490939002303396
44,0.046511627906976744,9.327878762423786
44,0.05116279069767442,2.524447527255661
44,0.05581395348837209,12.311747261668712
44,0.06046511627906977,9.694538575408115
44,0.06511627906976744,13.288649900436221
44,0.06976744186046512,11.201585795892743
44,0.07441860465116279,7.469801949213219
44,0.07906976744186046,9.310836141004422
44,0.08372093023255814,8.22016446782358
44,0.08837209302325581,16.937217502886345
44,0.09302325581395349,13.428850861219551
44,0.09767441860465116,25.130137987666505
44,0.10232558139534884,4.348911799853661
44,0.10697674418604651,13.16197512253801
44,0.11162790697674418,12.654235581372902
44,0.11627906976744186,18.387228273857684
44,0.12093023255813953,11.335880663851507
44,0.12558139534883722,9.19973411743789
44,0.13023255813953488,3.3642598330294837
44,0.13488372093023254,18.51504853926252
44,0.13953488372093023,11.368667033652104
44,0.14418604651162792,9.857176256541976
44,0.14883720930232558,1.7098018780792692
44,0.15348837209302324,7.754745937328998
44,0.15813953488372093,6.424186535375391
44,0.16279069767441862,21.45563882641532
44,0.16744186046511628,17.493837647039477
44,0.17209302325581394,10.645054601146644
44,0.17674418604651163,7.493321695465821
44,0.1813953488372093,7.225613570773423
44,0.18604651162790697,10.26327765095051
44,0.19069767441860463,18.45067563203834
44,0.19534883720930232,12.632218366745294
44,0.2,11.170916458437892
44,0.20465116279069767,35.53011078248994
44,0.20930232558139533,8.431748325134205
44,0.21395348837209302,17.9937025269363
44,0.2186046511627907,2.613997482080148
44,0.22325581395348837,16.829352127672497
44,0.22790697674418603,4.876627225440467
44,0.23255813953488372,6.887369697032583
44,0.2372093023255814,14.405548049623514
44,0.24186046511627907,12.07838032431759
44,0.24651162790697673,5.776386731412261
44,0.25116279069767444,17.79241046543396
44,0.2558139534883721,13.91259401430355
44,0.26046511627906976,4.5852918679455
44,0.2651162790697674,8.559555457597966
44,0.2697674418604651,6.564620081481469
44,0.2744186046511628,27.307330833791767
44,0.27906976744186046,26.042492396804448
44,0.2837209302325581,11.355703396235347
44,0.28837209302325584,17.314532055602427
44,0.2930232558139535,22.782117158847228
44,0.29767441860465116,30.091993490675318
44,0.3023255813953488,12.513668579539873
44,0.3069767441860465,23.077677901442865
44,0.3116279069767442,22.130355118157034
44,0.31627906976744186,8.849353562283431
44,0.3209302325581395,25.087010284490542
44,0.32558139534883723,7.129465105706383
44,0.3302325581395349,2.980609323654758
44,0.33488372093023255,10.826711664646746
44,0.3395348837209302,5.00034134847992
44,0.3441860465116279,24.24144461126476
44,0.3488372093023256,2.204113672801704
44,0.35348837209302325,7.70621340431168
44,0.3581395348837209,9.773462776653336
44,0.3627906976744186,12.336278278720712
44,0.3674418604651163,9.365139622165279
44,0.37209302325581395,5.880929596087784
44,0.3767441860465116,16.283916621549952
44,0.38139534883720927,5.2513831007476925
44,0.386046511627907,14.761965338685462
44,0.39069767441860465,13.838433894193603
44,0.3953488372093023,31.933481125383363
44,0.4,23.42295379079258
44,0.4046511627906977,14.182218735406645
44,0.40930232558139534,26.58089393905119
44,0.413953488372093,18.759600003156212
44,0.41860465116279066,14.894082895018823
44,0.4232558139534884,2.496228475242811
44,0.42790697674418604,4.807823164245617
44,0.4325581395348837,7.254705944169644
44,0.4372093023255814,2.409184364469656
44,0.4418604651162791,8.266943497280888
44,0.44651162790697674,15.440870905426692
44,0.4511627906976744,15.020413184428481
44,0.45581395348837206,10.81743262594563
44,0.4604651162790698,10.422309680933898
44,0.46511627906976744,3.4503394516042656
44,0.4697674418604651,18.692684971866214
44,0.4744186046511628,20.426421600121227
44,0.4790697674418605,13.330202022018305
44,0.48372093023255813,19.821885115247643
44,0.4883720930232558,16.1348449580848
44,0.49302325581395345,14.599121076400566
44,0.49767441860465117,16.260764543710707
45,0.0,8.881784197001252e-15
45,0.005,15.67644029194949
45,0.01,16.224483665321177
45,0.015,2.0433780045731145
45,0.02,6.937453403739309
45,0.025,7.3660698975526975
45,0.03,14.484465696193352
45,0.035,21.289704859201564
45,0.04,10.954576667491102
45,0.045,33.49684236304233
45,0.05,3.057242393678895
45,0.055,11.609891393338925
45,0.06,6.276882232176981
45,0.065,4.320185517245447
45,0.07,11.24574889536219
45,0.075,20.09591487746196
45,0.08,16.03410187997546
45,0.085,9.712231094538087
45,0.09,8.775732514247661
45,0.095,4.841976457441176
45,0.1,8.08840969938219
45,0.105,5.09735042396689
45,0.11,2.871836044886801
45,0.115,21.228877014439338
45,0.12,15.083706996657595
45,0.125,8.440578126525924
45,0.13,20.10225040489995
45,0.135,9.596455250562734
45,0.14,22.32233240317793
45,0.145,5.31874121187458
45,0.15,11.977029336589824
45,0.155,10.80800661285075
45,0.16,25.13493062455658
45,0.165,9.203611527986066
45,0.17,2.676156726452333
45,0.17500000000000002,28.063265153966046
45,0.18,29.528306014145947
45,0.185,19.88547304487702
45,0.19,2.494067245033431
45,0.195,14.731683669611744
45,0.2,6.447416323532103
45,0.20500000000000002,9.932468938476891
45,0.21,23.569910448376685
45,0.215,13.66003197204031
45,0.22,15.884266449338014
45,0.225,11.777328517462898
45,0.23,35.86352325989112
45,0.23500000000000001,3.7900594919860717
45,0.24,10.943781399042667
45,0.245,6.647661908165387
45,0.25,18.228147188718626
45,0.255,11.39085407851101
45,0.26,1.9378395756907625
45,0.265,2.1271620259473596
45,0.27,26.666673099906305
45,0.275,5.97807666723263
45,0.28,12.602627051165406
45,0.28500000000000003,6.073094589395589
45,0.29,6.344151236905781
45,0.295,22.38795278941928
45,0.3,21.34012721407311
45,0.305,12.218147173173096
45,0.31,8.14129104027754
45,0.315,3.08324236348976
45,0.32,9.108290144832782
45,0.325,12.301316435599233
45,0.33,9.910864208479495
45,0.335,6.991650214429436
45,0.34,2.2962523714556276
45,0.34500000000000003,6.9121447984614734
45,0.35000000000000003,15.900141091080656
45,0.355,20.08514923019775
45,0.36,13.46483686687703
45,0.365,6.294519927411713
45,0.37,4.6752249271827155
45,0.375,7.136845574026783
45,0.38,16.44424187010015
45,0.385,12.861213954770706
45,0.39,2.6151819158809797
45,0.395,14.705467422886377
45,0.4,11.79027345490084
45,0.405,10.422151811091883
45,0.41000000000000003,16.11766110592571
45,0.41500000000000004,19.741781024753944
45,0.42,13.182224167538918
45,0.425,6.158255854562874
45,0.43,4.610863806682721
45,0.435,3.7262859096838294
45,0.44,12.685182908816586
45,0.445,1.881375145145923
45,0.45,21.439086181707797
45,0.455,13.825047037865078
45,0.46,14.99046436023692
45,0.465,15.510875571418683
45,0.47000000000000003,14.228166320420366
45,0.47500000000000003,7.484563432933018
45,0.48,22.361441611748997
45,0.485,8.142410559290473
45,0.49,15.478972942715894
45,0.495,13.036087895308722
46,0.0,7.105427357601002e-15
46,0.005555555555555556,4.468654436950855
46,0.011111111111111112,14.258296307510664
46,0.016666666666666666,14.898495829405459
46,0.022222222222222223,13.13048341380456
46,0.02777777777777778,7.958632933074075
46,0.03333333333333333,8.085518739517584
46,0.03888888888888889,17.3244363008643
46,0.044444444444444446,15.677675889422234
46,0.05,5.9121589543696125
46,0.05555555555555556,18.466711844242734
46,0.061111111111111116,6.380769608829881
46,0.06666666666666667,12.526819876944721
46,0.07222222222222223,12.79202338098571
46,0.07777777777777778,3.4839147432671917
46,0.08333333333333334,10.869438648578972
46,0.08888888888888889,22.66883648289838
46,0.09444444444444444,7.562108893031689
46,0.1,10.321103540021634
46,0.10555555555555556,2.014843680049734
46,0.11111111111111112,2.0414458351372726
46,0.11666666666666667,11.23642498227962
46,0.12222222222222223,7.188056342867903
46,0.1277777777777778,15.81960186194016
46,0.13333333333333333,6.927404327446976
46,0.1388888888888889,9.603418737858311
46,0.14444444444444446,15.465574275560305
46,0.15,13.526033187437514
46,0.15555555555555556,11.302957671626267
46,0.16111111111111112,11.428460052699561
46,0.16666666666666669,11.165624777633248
46,0.17222222222222222,15.912728517483657
46,0.17777777777777778,4.826581920967262
46,0.18333333333333335,23.837920128180745
46,0.18888888888888888,17.64358304893073
46,0.19444444444444445,9.210616651471392
46,0.2,15.991310078230445
46,0.20555555555555557,2.7762695647808795
46,0.2111111111111111,15.22866538189408
46,0.21666666666666667,10.299465252109622
46,0.22222222222222224,16.227388180750143
46,0.22777777777777777,22.27277222312801
46,0.23333333333333334,4.229146975211308
46,0.2388888888888889,22.95117967699207
46,0.24444444444444446,15.869953768371662
46,0.25,13.611700179850477
46,0.2555555555555556,9.049776425054683
46,0.2611111111111111,27.576583572989104
46,0.26666666666666666,4.1840992428116035
46,0.27222222222222225,17.472089763627462
46,0.2777777777777778,22.676308802207533
46,0.2833333333333333,21.99681891969011
46,0.2888888888888889,7.875931509589422
46,0.29444444444444445,19.363137232422428
46,0.3,6.9107802988208515
46,0.3055555555555556,1.1150428479600278
46,0.3111111111111111,2.533007353075894
46,0.31666666666666665,14.91048634543632
46,0.32222222222222224,8.384396125754101
46,0.3277777777777778,9.23656518865246
46,0.33333333333333337,8.210577197779365
46,0.3388888888888889,2.8919059041733894
46,0.34444444444444444,22.874252137013915
46,0.35000000000000003,10.563212050451124
46,0.35555555555555557,4.1019330928921285
46,0.3611111111111111,8.655765681282196
46,0.3666666666666667,11.710298733338677
46,0.37222222222222223,16.187175153157533
46,0.37777777777777777,15.34730481893998
46,0.38333333333333336,9.46446399302981
46,0.3888888888888889,11.115537425013455
46,0.3944444444444445,18.21608461741531
46,0.4,13.22295982787951
46,0.40555555555555556,10.640190157892416
46,0.41111111111111115,27.26385129354912
46,0.4166666666666667,8.467632276904782
46,0.4222222222222222,3.5753844181975074
46,0.4277777777777778,10.27866663856818
46,0.43333333333333335,8.923088731351548
46,0.4388888888888889,14.171509207042106
46,0.4444444444444445,14.331297883278078
46,0.45,1.79698137384622
46,0.45555555555555555,4.810617985404291
46,0.46111111111111114,17.035569955184545
46,0.4666666666666667,9.542976656499867
46,0.47222222222222227,14.430186383582742
46,0.4777777777777778,14.312945399989891
46,0.48333333333333334,9.852119136826678
46,0.48888888888888893,3.0613142385990373
46,0.49444444444444446,21.46440081435012
47,0.0,7.993605777301127e-15
47,0.005235602094240838,18.764567368928937
47,0.010471204188481676,16.93674791749166
47,0.015706806282722516,6.685822390855353
47,0.020942408376963352,11.269345010737704
47,0.02617801047120419,17.3146829287918
47,0.03141361256544503,17.94659585020293
47,0.03664921465968587,14.714035457630137
47,0.041884816753926704,8.054738171622288
47,0.04712041884816754,10.505616719485877
47,0.05235602094240838,3.4315456511723865
47,0.05759162303664922,19.005693962175513
47,0.06282722513089006,4.789819040763288
47,0.06806282722513089,11.617260281540865
47,0.07329842931937174,7.608876658787141
47,0.07853403141361257,8.46116064336195
47,0.08376963350785341,10.5263787889112
47,0.08900523560209425,14.907281136688317
47,0.09424083769633508,10.355217743313196
47,0.09947643979057592,18.73208012055756
47,0.10471204188481675,12.136278071379465
47,0.1099476439790576,10.358250656119695
47,0.11518324607329844,28.639506417731674
47,0.12041884816753927,9.214864507388064
47,0.12565445026178013,14.292596400027678
47,0.13089005235602094,9.387638671632136
47,0.13612565445026178,14.408669144959614
47,0.14136125654450263,17.970335232471477
47,0.14659685863874347,4.656131741882466
47,0.15183246073298431,7.86801963800136
47,0.15706806282722513,9.094087193459398
47,0.16230366492146597,7.999454201304423
47,0.16753926701570682,10.211225306425861
47,0.17277486910994766,4.011972140020899
47,0.1780104712041885,14.640156128910709
47,0.18324607329842932,22.991915292863624
47,0.18848167539267016,4.024547912102205
47,0.193717277486911,8.236280922018492
47,0.19895287958115185,5.799322962938525
47,0.2041884816753927,12.707282800666722
47,0.2094240837696335,15.041257535199456
47,0.21465968586387435,35.083999517909376
47,0.2198952879581152,9.448606669350246
47,0.22513089005235604,11.392654853443942
47,0.23036649214659688,4.7589838942342695
47,0.23560209424083772,15.922312457734641
47,0.24083769633507854,19.80264919089698
47,0.24607329842931938,12.042576009692052
47,0.25130890052356025,9.969357887203262
47,0.25654450261780104,5.795934479531012
47,0.2617801047120419,10.619048370482117
47,0.2670157068062827,12.159530753199185
47,0.27225130890052357,26.668193175878258
47,0.2774869109947644,19.25133936380396
47,0.28272251308900526,10.97995270346169
47,0.2879581151832461,23.454245241842706
47,0.29319371727748694,8.185454432797977
47,0.2984293193717278,13.520500137754325
47,0.30366492146596863,16.970218063643795
47,0.3089005235602094,24.99689114414849
47,0.31413612565445026,10.42288007104209
47,0.3193717277486911,17.456973678560296
47,0.32460732984293195,10.715879852725694
47,0.3298429319371728,14.575607548694796
47,0.33507853403141363,5.590315982566349
47,0.3403141361256545,9.69490218234751
47,0.3455497382198953,7.657148434334632
47,0.35078534031413616,8.935394597521343
47,0.356020942408377,2.8580769338164895
47,0.36125654450261785,6.96681664617964
47,0.36649214659685864,8.277186701202377
47,0.3717277486910995,28.102002063848392
47,0.3769633507853403,16.090472612029952
47,0.38219895287958117,11.485062155114624
47,0.387434554973822,21.832308474042087
47,0.39267015706806285,19.314067757154753
47,0.3979057591623037,8.930638922473028
47,0.40314136125654454,2.7311545472290737
47,0.4083769633507854,2.0832640589727336
47,0.4136125654450262,16.412787499973618
47,0.418848167539267,4.956422807778264
47,0.42408376963350786,19.101364037303597
47,0.4293193717277487,12.430446375024065
47,0.43455497382198954,9.788844990208291
47,0.4397905759162304,12.627528415685843
47,0.44502617801047123,15.983170373307967
47,0.4502617801047121,2.6575579652649304
47,0.4554973821989529,16.93970039769686
47,0.46073298429319376,11.045430598308396
47,0.4659685863874346,10.97568840876102
47,0.47120418848167545,2.545001514901622
47,0.47643979057591623,1.398991552359273
47,0.4816753926701571,16.974928378559632
47,0.4869109947643979,17.15325874299978
47,0.49214659685863876,8.325620855897837
47,0.4973821989528796,6.242871492353861
48,0.0,4.973799150320701e-14
48,0.004901960784313725,9.658455190765833
48,0.00980392156862745,13.064241593708374
48,0.014705882352941176,9.930355453310558
48,0.0196078431372549,4.586320472411412
48,0.024509803921568627,6.368459334187046
48,0.029411764705882353,10.440597676262605
48,0.03431372549019608,30.960383775284622
48,0.0392156862745098,13.889030423807863
48,0.044117647058823525,7.609367751810485
48,0.049019607843137254,21.257144101751148
48,0.05392156862745098,9.901575923321122
48,0.058823529411764705,11.210255706798188
48,0.06372549019607843,10.472912660644912
48,0.06862745098039216,5.414880419867334
48,0.07352941176470588,4.616784097156835
48,0.0784313725490196,1.7007057845792923
48,0.08333333333333333,8.211493655915374
48,0.08823529411764705,14.678824395406338
48,0.09313725490196079,13.264357718017763
48,0.09803921568627451,28.490792775804646
48,0.10294117647058823,18.65260963588011
48,0.10784313725490197,18.59853074152416
48,0.11274509803921569,12.061048211664266
48,0.11764705882352941,31.80439238629361
48,0.12254901960784313,20.410614548571445
48,0.12745098039215685,4.815670670288538
48,0.1323529411764706,12.40026869365365
48,0.13725490196078433,8.53751872730035
48,0.14215686274509803,6.676009969029022
48,0.14705882352941177,8.788140058382295
48,0.15196078431372548,19.087708944777674
48,0.1568627450980392,9.87170823583343
48,0.16176470588235295,11.609454785189314
48,0.16666666666666666,18.599783780124643
48,0.1715686274509804,12.726067935680662
48,0.1764705882352941,8.536818976931343
48,0.18137254901960784,22.12398358215913
48,0.18627450980392157,7.676211887779563
48,0.19117647058823528,21.465131228469378
48,0.19607843137254902,3.542435496140823
48,0.20098039215686275,12.033375928349757
48,0.20588235294117646,10.498556139391592
48,0.2107843137254902,16.229214834850634
48,0.21568627450980393,22.411903937912367
48,0.22058823529411764,19.496806507869525
48,0.22549019607843138,13.456002473157836
48,0.23039215686274508,21.37470570127291
48,0.23529411764705882,6.3953014453937485
48,0.24019607843137256,13.538418144653349
48,0.24509803921568626,10.749410373703393
48,0.25,9.741177718744504
48,0.2549019607843137,9.124789572230972
48,0.25980392156862747,17.027589311920572
48,0.2647058823529412,4.530056904010475
48,0.2696078431372549,19.281580520893517
48,0.27450980392156865,18.758518153278615
48,0.27941176470588236,8.335390519511435
48,0.28431372549019607,9.793844131230927
48,0.2892156862745098,17.453844466710496
48,0.29411764705882354,11.99721796512855
48,0.29901960784313725,12.455544553849236
48,0.30392156862745096,5.470343811210275
48,0.3088235294117647,10.075305332761175
48,0.3137254901960784,10.5462096796269
48,0.31862745098039214,9.086080735160776
48,0.3235294117647059,10.458018497786236
48,0.3284313725490196,1.56887208636845
48,0.3333333333333333,30.544830338826714
48,0.3382352941176471,7.482214586748879
48,0.3431372549019608,17.80365500718059
48,0.3480392156862745,7.539303120254841
48,0.3529411764705882,11.700077348926339
48,0.35784313725490197,11.499086552128327
48,0.3627450980392157,1.2053307295579867
48,0.3676470588235294,13.540794918243558
48,0.37254901960784315,9.26766050579764
48,0.37745098039215685,7.196556918237045
48,0.38235294117647056,8.918909236430617
48,0.3872549019607843,26.849578982839986
48,0.39215686274509803,16.924636194079643
48,0.39705882352941174,18.502874592558378
48,0.4019607843137255,11.298702064597279
48,0.4068627450980392,22.08663967524392
48,0.4117647058823529,13.845097943579667
48,0.4166666666666667,11.639190494804955
48,0.4215686274509804,6.2290460785841155
48,0.4264705882352941,15.87527310674975
48,0.43137254901960786,17.819075936244328
48,0.4362745098039216,7.387110343557682
48,0.4411764705882353,16.256230188513513
48,0.446078431372549,1.1561084274408249
48,0.45098039215686275,16.201355248954552
48,0.45588235294117646,11.833613991705262
48,0.46078431372549017,13.321281262298847
48,0.46568627450980393,17.177255372484012
48,0.47058823529411764,6.67628113052137
48,0.47549019607843135,14.578398941567077
48,0.4803921568627451,16.56190373499275
48,0.4852941176470588,19.78793650391879
48,0.49019607843137253,8.975320165661714
48,0.4950980392156863,6.981997325726088
49,0.0,2.1316282072803006e-14
49,0.005025125628140704,18.116674703340838
49,0.010050251256281407,16.56503367879037
49,0.01507537688442211,6.971023854176003
49,0.020100502512562814,21.03763346413737
49,0.02512562814070352,17.697632892626547
49,0.03015075376884422,22.561752845737484
49,0.035175879396984924,11.594451582505949
49,0.04020100502512563,17.238164448676574
49,0.04522613065326633,10.932843400461413
49,0.05025125628140704,14.619350696044771
49,0.05527638190954774,8.734964496649326
49,0.06030150753768844,4.781724988893948
49,0.06532663316582915,12.261052352812978
49,0.07035175879396985,20.339188451453982
49,0.07537688442211056,22.113003836191954
49,0.08040201005025126,29.57726867727173
49,0.08542713567839195,12.427994626361981
49,0.09045226130653267,7.042765636683296
49,0.09547738693467336,15.504557076874285
49,0.10050251256281408,9.26470043467975
49,0.10552763819095477,6.20493063384085
49,0.11055276381909548,23.204222910477448
49,0.11557788944723618,18.10631788431968
49,0.12060301507537688,3.494094240559179
49,0.12562814070351758,11.07823033323489
49,0.1306532663316583,6.945224921772881
49,0.135678391959799,20.404397112815065
49,0.1407035175879397,13.275437290870666
49,0.1457286432160804,15.912674841489883
49,0.15075376884422112,32.41677739657096
49,0.15577889447236182,20.771344485263853
49,0.16080402010050251,18.560468008464753
49,0.1658291457286432,7.452426819154214
49,0.1708542713567839,9.439722716704889
49,0.17587939698492464,21.062900612768452
49,0.18090452261306533,14.380275376016785
49,0.18592964824120603,22.173165493135
49,0.19095477386934673,3.8358603623417507
49,0.19597989949748745,7.7594893979302935
49,0.20100502512562815,2.6238873948907506
49,0.20603015075376885,6.020654878855293
49,0.21105527638190955,20.871345182628602
49,0.21608040201005024,9.876609660656401
49,0.22110552763819097,13.832044364619714
49,0.22613065326633167,7.129202328819348
49,0.23115577889447236,15.014773010228994
49,0.23618090452261306,11.558894096793269
49,0.24120603015075376,10.744685490714005
49,0.24623115577889448,15.568976602372128
49,0.25125628140703515,16.991797094203218
49,0.2562814070351759,19.414632255645845
49,0.2613065326633166,9.243682586850833
49,0.2663316582914573,12.094416029926355
49,0.271356783919598,1.1523730178814988
49,0.2763819095477387,7.12699638586354
49,0.2814070351758794,3.0499359649081446
49,0.2864321608040201,9.296711830346965
49,0.2914572864321608,20.891528255307907
49,0.2964824120603015,12.536266359795178
49,0.30150753768844224,19.318014702895137
49,0.3065326633165829,18.2659255432329
49,0.31155778894472363,11.306198739924813
49,0.3165829145728643,14.196077180141877
49,0.32160804020100503,3.1783170905151037
49,0.32663316582914576,6.354049613307103
49,0.3316582914572864,7.089910409988733
49,0.33668341708542715,21.402480831909827
49,0.3417085427135678,13.405604096855283
49,0.34673366834170855,5.549329823910179
49,0.35175879396984927,11.30560156640337
49,0.35678391959798994,8.133520970786389
49,0.36180904522613067,8.255316742008631
49,0.36683417085427134,14.259906458015216
49,0.37185929648241206,2.6451827050343657
49,0.3768844221105528,15.09190315206093
49,0.38190954773869346,16.746395667045913
49,0.3869346733668342,3.9695700996662353
49,0.3919597989949749,17.80510965025558
49,0.3969849246231156,10.735274753153007
49,0.4020100502512563,11.672330708958137
49,0.40703517587939697,29.196893546610053
49,0.4120603015075377,13.463437282379319
49,0.4170854271356784,2.429076352449799
49,0.4221105527638191,17.12538632509914
49,0.4271356783919598,7.736187781412279
49,0.4321608040201005,19.04533327364888
49,0.4371859296482412,12.206845235831569
49,0.44221105527638194,5.667047159810275
49,0.4472361809045226,6.136980357321942
49,0.45226130653266333,2.6332336856611005
49,0.457286432160804,1.622127820161809
49,0.4623115577889447,10.138316137735048
49,0.46733668341708545,3.3468647559491203
49,0.4723618090452261,1.3288769195548114
49,0.47738693467336685,5.076255155628534
49,0.4824120603015075,3.0140932637168802
49,0.48743718592964824,16.106617646152905
49,0.49246231155778897,13.467555793202713
49,0.49748743718592964,17.8977487286775
50,0.0,0.0
50,0.005235602094240838,14.663619877811229
50,0.010471204188481676,10.570363810234308
50,0.015706806282722516,13.116296398641651
50,0.020942408376963352,10.268364545446126
50,0.02617801047120419,12.338355590130329
50,0.03141361256544503,23.707494624933165
50,0.03664921465968587,7.58708375282373
50,0.041884816753926704,20.48383743143858
50,0.04712041884816754,13.495326420600154
50,0.05235602094240838,14.293299263142663
50,0.05759162303664922,9.874460539823676
50,0.06282722513089006,5.870311905527683
50,0.06806282722513089,9.500781096319253
50,0.07329842931937174,24.92240106414938
50,0.07853403141361257,18.571033454457197
50,0.08376963350785341,16.648739195596832
50,0.08900523560209425,11.969676950729665
50,0.09424083769633508,17.205710174889308
50,0.09947643979057592,22.92619765642926
50,0.10471204188481675,14.783622640957988
50,0.1099476439790576,9.351510042522117
50,0.11518324607329844,12.337136348360847
50,0.12041884816753927,14.09600007343093
50,0.12565445026178013,5.847801645394664
50,0.13089005235602094,7.747276442161681
50,0.13612565445026178,18.70279320744902
50,0.14136125654450263,7.00722544074905
50,0.14659685863874347,21.0098466795848
50,0.15183246073298431,5.244068745295445
50,0.15706806282722513,14.45454063446122
50,0.16230366492146597,5.927869714337799
50,0.16753926701570682,11.76346076014558
50,0.17277486910994766,4.4139809194141675
50,0.1780104712041885,23.57242412424426
50,0.18324607329842932,11.094288762824208
50,0.18848167539267016,7.362946382899053
50,0.193717277486911,7.361584954036663
50,0.19895287958115185,7.075989070166356
50,0.2041884816753927,8.118664616913904
50,0.2094240837696335,13.501598949706198
50,0.21465968586387435,19.62102254772159
50,0.2198952879581152,4.288941601522108
50,0.22513089005235604,14.45878577759809
50,0.23036649214659688,20.388285092269964
50,0.23560209424083772,18.778765394695306
50,0.24083769633507854,13.97815655358221
50,0.24607329842931938,9.141946345732215
50,0.25130890052356025,16.657833703948487
50,0.25654450261780104,11.597185933546585
50,0.2617801047120419,9.204190007546378
50,0.2670157068062827,22.37285888780443
50,0.27225130890052357,20.76667495769355
50,0.2774869109947644,6.013463761018011
50,0.28272251308900526,6.134841242055579
50,0.2879581151832461,9.015596510720114
50,0.29319371727748694,4.57711336312596
50,0.2984293193717278,20.886812251092834
50,0.30366492146596863,8.445442445562648
50,0.3089005235602094,17.557958557277537
50,0.31413612565445026,9.090321142225985
50,0.3193717277486911,12.207707825511196
50,0.32460732984293195,2.6749173438815768
50,0.3298429319371728,18.63807515281498
50,0.33507853403141363,1.7066445159287194
50,0.3403141361256545,10.489194022820593
50,0.3455497382198953,4.254795797089191
50,0.35078534031413616,1.4833703325952856
50,0.356020942408377,17.47404858946679
50,0.36125654450261785,19.190185178625356
50,0.36649214659685864,12.882863988948685
50,0.3717277486910995,7.480621958821413
50,0.3769633507853403,13.624306328007862
50,0.38219895287958117,15.053585122653207
50,0.387434554973822,10.60371810779841
50,0.39267015706806285,7.179526780840503
50,0.3979057591623037,7.880375907313774
50,0.40314136125654454,7.0371284358731625
50,0.4083769633507854,9.176830212057125
50,0.4136125654450262,13.035423588184104
50,0.418848167539267,21.894928846817407
50,0.42408376963350786,8.406823511253886
50,0.4293193717277487,7.744211762997346
50,0.43455497382198954,10.574113614244911
50,0.4397905759162304,24.50458257571727
50,0.44502617801047123,19.736394620613133
50,0.4502617801047121,8.627703342650651
50,0.4554973821989529,19.22964161643944
50,0.46073298429319376,12.162854170967885
50,0.4659685863874346,9.438569139770845
50,0.47120418848167545,20.812163552335086
50,0.47643979057591623,6.026153092911049
50,0.4816753926701571,13.979179839245047
50,0.4869109947643979,18.17478022524754
50,0.49214659685863876,6.275032713291345
50,0.4973821989528796,21.37871536921141
51,0.0,1.7763568394002505e-14
51,0.004672897196261682,13.850423736378596
51,0.009345794392523364,11.761810476067623
51,0.014018691588785045,16.701377446574018
51,0.018691588785046728,12.847776714976767
51,0.02336448598130841,6.439554787392506
51,0.02803738317757009,16.076350705551977
51,0.03271028037383177,8.062972541148312
51,0.037383177570093455,17.20750475132687
51,0.04205607476635514,3.801937636061692
51,0.04672897196261682,16.639194843272033
51,0.0514018691588785,10.27661580271837
51,0.05607476635514018,9.702257762933097
51,0.06074766355140186,10.661263826614805
51,0.06542056074766354,12.92687488059691
51,0.07009345794392523,1.1889421619798497
51,0.07476635514018691,9.433522551474729
51,0.0794392523364486,5.280880814653006
51,0.08411214953271028,1.2804101687603664
51,0.08878504672897196,10.707925730860056
51,0.09345794392523364,5.487878166105682
51,0.09813084112149532,27.70825880385375
51,0.102803738317757,4.86574849363264
51,0.10747663551401869,8.332730318888538
51,0.11214953271028036,8.455295776652788
51,0.11682242990654204,29.139040848514984
51,0.12149532710280372,7.503031651183704
51,0.1261682242990654,16.936728050704136
51,0.1308411214953271,19.22326967108784
51,0.13551401869158877,4.266292586821402
51,0.14018691588785046,14.577160433168213
51,0.14485981308411214,6.239038013897638
51,0.14953271028037382,2.4735037431337137
51,0.1542056074766355,13.656432154186605
51,0.1588785046728972,6.016032955843855
51,0.16355140186915887,21.08337817287934
51,0.16822429906542055,15.863163749533044
51,0.17289719626168223,20.10499986430324
51,0.17757009345794392,21.14148856265427
51,0.1822429906542056,7.38691879594055
51,0.18691588785046728,15.520436004569119
51,0.19158878504672897,2.8669568989701384
51,0.19626168224299065,10.09747668818501
51,0.20093457943925233,6.918912080240091
51,0.205607476635514,10.454575774997787
51,0.2102803738317757,7.498840429142814
51,0.21495327102803738,9.742429011285985
51,0.21962616822429906,11.504798827825915
51,0.22429906542056072,16.720864031840858
51,0.2289719626168224,17.336654484274383
51,0.23364485981308408,18.517738860099048
51,0.23831775700934577,8.234252397832051
51,0.24299065420560745,11.57365675928738
51,0.24766355140186913,2.1273204754499053
51,0.2523364485981308,23.169075295429447
51,0.2570093457943925,28.922187094090834
51,0.2616822429906542,2.283565107983501
51,0.26635514018691586,15.466341760884426
51,0.27102803738317754,17.424961044926025
51,0.2757009345794392,7.435073983713767
51,0.2803738317757009,17.352550831371406
51,0.2850467289719626,18.365004746279713
51,0.2897196261682243,13.682020904015127
51,0.29439252336448596,8.18773120698233
51,0.29906542056074764,18.441171693299054
51,0.3037383177570093,14.721713234845963
51,0.308411214953271,16.54782762312164
51,0.3130841121495327,5.1525891450344545
51,0.3177570093457944,6.570154515371549
51,0.32242990654205606,3.951249163241711
51,0.32710280373831774,21.31203372163444
51,0.3317757009345794,19.92878103238432
51,0.3364485981308411,14.888724186961882
51,0.3411214953271028,7.496938295877261
51,0.34579439252336447,16.553554719430583
51,0.35046728971962615,15.056518034894935
51,0.35514018691588783,17.030506823246093
51,0.3598130841121495,8.742829960095243
51,0.3644859813084112,5.800922712701447
51,0.3691588785046729,28.05550662313602
51,0.37383177570093457,21.607483237085518
51,0.37850467289719625,19.267757755289043
51,0.38317757009345793,21.396654236990305
51,0.3878504672897196,19.821510158681583
51,0.3925233644859813,27.732046573802826
51,0.397196261682243,12.532325509073015
51,0.40186915887850466,16.169094283606917
51,0.40654205607476634,8.16363330355216
51,0.411214953271028,8.075550006065862
51,0.4158878504672897,14.543501644472851
51,0.4205607476635514,6.480296568368266
51,0.4252336448598131,7.874256371869666
51,0.42990654205607476,9.92557239291828
51,0.43457943925233644,3.0931579953889727
51,0.4392523364485981,8.952579276251578
51,0.4439252336448598,9.570154735701133
51,0.44859813084112143,13.52428886048926
51,0.4532710280373831,7.580163322896881
51,0.4579439252336448,25.291805376393583
51,0.4626168224299065,25.99441357472884
51,0.46728971962616817,2.450353752124325
51,0.47196261682242985,8.521749415048713
51,0.47663551401869153,22.410223910078816
51,0.4813084112149532,14.020933645670203
51,0.4859813084112149,15.766550303695926
51,0.4906542056074766,12.061792116162634
51,0.49532710280373826,20.88862705158836
52,0.0,1.3766765505351941e-14
52,0.004878048780487805,9.186091863793402
52,0.00975609756097561,36.200543267985154
52,0.014634146341463414,26.640475634180014
52,0.01951219512195122,8.4611859548111
52,0.024390243902439025,15.22704039268089
52,0.029268292682926828,11.515418812235632
52,0.03414634146341464,17.85676774820128
52,0.03902439024390244,7.17262886169962
52,0.04390243902439024,6.636285859851209
52,0.04878048780487805,4.159259581657468
52,0.05365853658536585,10.390456118295067
52,0.058536585365853655,11.884435638870283
52,0.06341463414634146,31.965500940216128
52,0.06829268292682927,13.955375234460885
52,0.07317073170731707,9.600497646265616
52,0.07804878048780488,7.342842247943378
52,0.08292682926829269,9.858740670449905
52,0.08780487804878048,13.397673255620914
52,0.09268292682926829,11.651062842130855
52,0.0975609756097561,10.878573480077142
52,0.1024390243902439,9.275837506921425
52,0.1073170731707317,6.12862225899821
52,0.11219512195121951,8.454351153598939
52,0.11707317073170731,1.606763771339525
52,0.12195121951219512,16.128396541915833
52,0.12682926829268293,18.179970656654884
52,0.13170731707317074,2.1096164734240377
52,0.13658536585365855,4.985359380104626
52,0.14146341463414633,22.196507714572487
52,0.14634146341463414,5.155019679474623
52,0.15121951219512195,15.550943284380473
52,0.15609756097560976,9.306348503754679
52,0.16097560975609757,7.651435020970039
52,0.16585365853658537,25.293651553695042
52,0.17073170731707318,21.61325709490691
52,0.17560975609756097,9.388416419002702
52,0.18048780487804877,15.039437859844615
52,0.18536585365853658,7.863208242721016
52,0.1902439024390244,10.537230967113379
52,0.1951219512195122,7.303729017940531
52,0.2,5.942817227018282
52,0.2048780487804878,4.742964019201751
52,0.2097560975609756,18.421106088692458
52,0.2146341463414634,16.216255286870393
52,0.21951219512195122,13.608074324017252
52,0.22439024390243903,5.587397848240099
52,0.22926829268292684,6.206031504883643
52,0.23414634146341462,5.266931173902358
52,0.23902439024390243,4.017904574618117
52,0.24390243902439024,7.819390222662817
52,0.24878048780487805,26.40104489170596
52,0.25365853658536586,2.9703635868764193
52,0.25853658536585367,12.441501571161325
52,0.2634146341463415,22.575564117348044
52,0.2682926829268293,1.891641350295357
52,0.2731707317073171,13.260793473856218
52,0.2780487804878049,18.291331330949355
52,0.28292682926829266,9.292389032148366
52,0.28780487804878047,10.222944210436994
52,0.2926829268292683,18.10324256606711
52,0.2975609756097561,20.830436629047224
52,0.3024390243902439,16.634530456763006
52,0.3073170731707317,20.16328935548853
52,0.3121951219512195,14.739385174213414
52,0.3170731707317073,4.069574110449625
52,0.32195121951219513,20.206433343268046
52,0.32682926829268294,17.397484728957867
52,0.33170731707317075,12.122750639374047
52,0.33658536585365856,12.662793278947731
52,0.34146341463414637,23.228227848868205
52,0.3463414634146341,12.753034209644854
52,0.35121951219512193,19.504942243064214
52,0.35609756097560974,6.190193671389704
52,0.36097560975609755,21.35132333367692
52,0.36585365853658536,9.438056126468283
52,0.37073170731707317,3.6808471827402327
52,0.375609756097561,3.512802548751345
52,0.3804878048780488,8.013241866796616
52,0.3853658536585366,4.365755786940476
52,0.3902439024390244,28.84412503453083
52,0.3951219512195122,7.858226246310063
52,0.4,13.419751101424358
52,0.40487804878048783,4.738139967507699
52,0.4097560975609756,9.486059979192664
52,0.4146341463414634,8.451229226973258
52,0.4195121951219512,13.938296249907083
52,0.424390243902439,11.62366521283453
52,0.4292682926829268,7.792192196895257
52,0.43414634146341463,12.621111971264892
52,0.43902439024390244,28.338780044000114
52,0.44390243902439025,20.97715917143215
52,0.44878048780487806,19.511996624589415
52,0.45365853658536587,24.28818814627979
52,0.4585365853658537,7.728085409373788
52,0.4634146341463415,5.945032684214241
52,0.46829268292682924,6.898735457138684
52,0.47317073170731705,8.953064913931565
52,0.47804878048780486,7.890444914561957
52,0.48292682926829267,11.541645119984784
52,0.4878048780487805,12.19146989764236
52,0.4926829268292683,12.532184934407143
52,0.4975609756097561,14.636570834926665
53,0.0,2.042810365310288e-14
53,0.00510204081632653,21.117493229726062
53,0.01020408163265306,7.126556464642717
53,0.015306122448979591,11.210649599186043
53,0.02040816326530612,8.748892487414627
53,0.02551020408163265,19.82490374487929
53,0.030612244897959183,10.174595451692342
53,0.03571428571428571,5.333995191836425
53,0.04081632653061224,8.686905487710336
53,0.04591836734693877,15.661774694105866
53,0.0510204081632653,7.019417527339342
53,0.05612244897959183,8.2027465410999
53,0.061224489795918366,12.782950018864694
53,0.06632653061224489,10.969210565186676
53,0.07142857142857142,11.305542991505945
53,0.07653061224489795,10.549636256262918
53,0.08163265306122448,27.24355912693217
53,0.08673469387755102,14.531211227182466
53,0.09183673469387754,17.7322718185672
53,0.09693877551020408,11.749654825955513
53,0.1020408163265306,5.698991787624803
53,0.10714285714285714,26.66262848314471
53,0.11224489795918366,6.7836726032236445
53,0.1173469387755102,8.02715142190161
53,0.12244897959183673,20.048654799348295
53,0.12755102040816327,13.963352360854635
53,0.13265306122448978,4.1906402795241515
53,0.1377551020408163,16.01659795659377
53,0.14285714285714285,7.9398092494556245
53,0.14795918367346939,8.527133799606425
53,0.1530612244897959,15.050593200039662
53,0.15816326530612243,10.866587578616068
53,0.16326530612244897,24.257343061030813
53,0.1683673469387755,17.143315440395806
53,0.17346938775510204,19.07081991263725
53,0.17857142857142855,7.976901083623013
53,0.18367346938775508,17.69334037951415
53,0.18877551020408162,9.074959645984876
53,0.19387755102040816,20.296740614090343
53,0.19897959183673466,32.86313457120466
53,0.2040816326530612,17.738944879083867
53,0.20918367346938774,8.145259145233886
53,0.21428571428571427,13.318985817083828
53,0.2193877551020408,12.241200024893333
53,0.22448979591836732,9.980097360387406
53,0.22959183673469385,3.466524280850581
53,0.2346938775510204,8.734891233512391
53,0.23979591836734693,4.591597920611928
53,0.24489795918367346,8.808648821948452
53,0.24999999999999997,0.5682376104910999
53,0.25510204081632654,21.25945915270423
53,0.260204081632653,5.672677120371909
53,0.26530612244897955,23.70607658338846
53,0.2704081632653061,9.349659473751318
53,0.2755102040816326,27.25160276796305
53,0.28061224489795916,1.8665294020818144
53,0.2857142857142857,4.953726708837839
53,0.29081632653061223,11.95349577580806
53,0.29591836734693877,12.122074913747008
53,0.3010204081632653,8.149773845867875
53,0.3061224489795918,5.933149040665273
53,0.3112244897959183,8.665248689362137
53,0.31632653061224486,11.071876559830502
53,0.3214285714285714,4.761921560921441
53,0.32653061224489793,6.975545552262869
53,0.33163265306122447,7.273995007678695
53,0.336734693877551,16.483449600217554
53,0.34183673469387754,16.15697594662226
53,0.3469387755102041,24.730317372026136
53,0.35204081632653056,12.940056504340877
53,0.3571428571428571,3.5265457927585167
53,0.36224489795918363,18.569034560777
53,0.36734693877551017,7.900773211050755
53,0.3724489795918367,17.5418277577657
53,0.37755102040816324,14.575014952535108
53,0.3826530612244898,10.420855178200666
53,0.3877551020408163,12.680761739562351
53,0.39285714285714285,1.7199733815021743
53,0.39795918367346933,10.424360075719145
53,0.40306122448979587,14.999022777528799
53,0.4081632653061224,18.982712174654047
53,0.41326530612244894,23.436116020837538
53,0.4183673469387755,13.283817195879115
53,0.423469387755102,8.748982931911009
53,0.42857142857142855,21.12689691407246
53,0.4336734693877551,3.1090903359074944
53,0.4387755102040816,5.076536659199358
53,0.4438775510204081,14.96489605956124
53,0.44897959183673464,8.966976244917271
53,0.4540816326530612,7.035622076027764
53,0.4591836734693877,7.228929000053269
53,0.46428571428571425,18.302330490521843
53,0.4693877551020408,3.7655352243671154
53,0.4744897959183673,22.31893322835868
53,0.47959183673469385,12.15325334946035
53,0.4846938775510204,15.208643160913669
53,0.4897959183673469,19.85042732187463
53,0.4948979591836734,3.4419846794418656
54,0.0,0.0
54,0.0049261083743842365,36.99445680060128
54,0.009852216748768473,21.364421491578266
54,0.014778325123152709,21.809225843899206
54,0.019704433497536946,3.032503050057077
54,0.024630541871921183,14.732704864228591
54,0.029556650246305417,11.415417772969983
54,0.034482758620689655,15.154574759206005
54,0.03940886699507389,10.233063280627675
54,0.04433497536945813,18.759118138553635
54,0.04926108374384237,5.947052893655242
54,0.054187192118226604,18.401243512591815
54,0.059113300492610835,21.917849885824197
54,0.06403940886699508,13.425383222278155
54,0.06896551724137931,24.94433554120954
54,0.07389162561576355,6.9986088066354775
54,0.07881773399014778,15.074161409450296
54,0.08374384236453201,1.0681956475688215
54,0.08866995073891626,22.497339580909404
54,0.09359605911330049,18.92179595958051
54,0.09852216748768473,19.412214049873654
54,0.10344827586206896,24.845179129803387
54,0.10837438423645321,20.024018368345278
54,0.11330049261083744,7.914379637396393
54,0.11822660098522167,9.60534626591913
54,0.12315270935960591,10.056639016809799
54,0.12807881773399016,12.186948919312517
54,0.1330049261083744,13.901526704495309
54,0.13793103448275862,14.466658882481605
54,0.14285714285714285,15.299378842494214
54,0.1477832512315271,11.972639114789768
54,0.15270935960591134,12.009253120271405
54,0.15763546798029557,6.801536526611113
54,0.1625615763546798,1.544842310829278
54,0.16748768472906403,9.713078219673733
54,0.1724137931034483,7.700636304041702
54,0.17733990147783252,18.231379488676474
54,0.18226600985221675,11.30500100581467
54,0.18719211822660098,24.033012600788247
54,0.19211822660098524,15.377968074571015
54,0.19704433497536947,12.07554702271674
54,0.2019704433497537,18.351225795779996
54,0.20689655172413793,3.9185021286937687
54,0.21182266009852216,6.147790391214349
54,0.21674876847290642,9.441239754095847
54,0.22167487684729065,11.509811151419315
54,0.22660098522167488,10.132661471321546
54,0.2315270935960591,12.843433322472244
54,0.23645320197044334,18.389870059212132
54,0.2413793103448276,5.683995418679667
54,0.24630541871921183,14.05412772692333
54,0.2512315270935961,6.103649446371767
54,0.2561576354679803,6.130766212290973
54,0.26108374384236455,6.114677189222472
54,0.2660098522167488,6.862564225909466
54,0.270935960591133,12.99093413418775
54,0.27586206896551724,10.592959610239792
54,0.28078817733990147,5.010405722825671
54,0.2857142857142857,10.81576271087894
54,0.29064039408866993,20.171054574755154
54,0.2955665024630542,20.525797329405872
54,0.30049261083743845,27.251465033019294
54,0.3054187192118227,2.5065685370586874
54,0.3103448275862069,12.172436491381397
54,0.31527093596059114,0.37359260507927333
54,0.32019704433497537,15.407077590034913
54,0.3251231527093596,6.511637148593408
54,0.33004926108374383,19.42846242523951
54,0.33497536945812806,28.339588822342265
54,0.33990147783251234,8.971831695895105
54,0.3448275862068966,10.39638052627689
54,0.3497536945812808,17.313429455975324
54,0.35467980295566504,6.832548932089692
54,0.35960591133004927,6.700639742906774
54,0.3645320197044335,14.75243648801356
54,0.3694581280788177,14.981869882781101
54,0.37438423645320196,2.582574666081559
54,0.3793103448275862,15.837501686046354
54,0.3842364532019705,13.953272458981163
54,0.3891625615763547,11.250099677316422
54,0.39408866995073893,13.43149300582005
54,0.39901477832512317,10.776866711201697
54,0.4039408866995074,5.033719140057365
54,0.4088669950738916,5.672852038277392
54,0.41379310344827586,22.671496361700086
54,0.4187192118226601,1.5819984462443337
54,0.4236453201970443,5.566407274383569
54,0.4285714285714286,16.654562383246425
54,0.43349753694581283,14.364113908953493
54,0.43842364532019706,8.727911835202665
54,0.4433497536945813,11.514274625911597
54,0.4482758620689655,7.178103090372222
54,0.45320197044334976,14.600529114552005
54,0.458128078817734,22.327826074834945
54,0.4630541871921182,16.778597347088827
54,0.46798029556650245,10.395077557178098
54,0.4729064039408867,15.87730866466447
54,0.47783251231527096,11.510905310941855
54,0.4827586206896552,2.4503812766628004
54,0.4876847290640394,10.296124218976646
54,0.49261083743842365,5.982006955233102
54,0.4975369458128079,4.5985621701770825
55,0.0,0.0
55,0.0053475935828877,11.376199834676981
55,0.0106951871657754,30.052272166685547
55,0.0160427807486631,12.713331463291608
55,0.0213903743315508,13.352597897562038
55,0.026737967914438502,36.730741687609566
55,0.0320855614973262,13.606054872818522
55,0.0374331550802139,10.922415900533366
55,0.0427807486631016,17.82512631035787
55,0.0481283422459893,11.49105783276382
55,0.053475935828877004,3.1619524734242894
55,0.058823529411764705,12.22347117366335
55,0.0641711229946524,8.775541318900963
55,0.06951871657754011,9.872155180311594
55,0.0748663101604278,7.489842094181794
55,0.08021390374331551,3.7731412276024803
55,0.0855614973262032,18.32084793297661
55,0.0909090909090909,22.24368130132843
55,0.0962566844919786,11.700882854959334
55,0.1016042780748663,6.955827752715999
55,0.10695187165775401,19.3210215094185
55,0.1122994652406417,5.953831310266739
55,0.11764705882352941,3.638891254341652
55,0.1229946524064171,9.301813435490507
55,0.1283422459893048,10.707307179589655
55,0.1336898395721925,17.88576860733523
55,0.13903743315508021,15.2520345547339
55,0.1443850267379679,13.637846178279915
55,0.1497326203208556,5.897834052019072
55,0.1550802139037433,10.988470708379088
55,0.16042780748663102,17.0077266393726
55,0.1657754010695187,19.83139599874332
55,0.1711229946524064,10.573583648238364
55,0.1764705882352941,17.332411828460913
55,0.1818181818181818,9.52603264632299
55,0.18716577540106952,0.7502909994290956
55,0.1925133689839572,11.930545346351618
55,0.1978609625668449,3.749871591779696
55,0.2032085561497326,8.732565803190509
55,0.20855614973262032,11.103228321399632
55,0.21390374331550802,8.80430385792936
55,0.2192513368983957,8.376861678886266
55,0.2245989304812834,7.781371616400839
55,0.2299465240641711,9.273935229582223
55,0.23529411764705882,5.276920415183227
55,0.24064171122994651,8.751801021127628
55,0.2459893048128342,3.9684963677366634
55,0.25133689839572193,3.682484188472488
55,0.2566844919786096,6.1712784952957165
55,0.2620320855614973,21.27490899775862
55,0.267379679144385,0.7480148321761142
55,0.2727272727272727,11.682845286487652
55,0.27807486631016043,5.121284075485424
55,0.2834224598930481,5.701464908916156
55,0.2887700534759358,7.4196728889648424
55,0.29411764705882354,19.837583831762924
55,0.2994652406417112,28.474063297600843
55,0.3048128342245989,4.627419249149635
55,0.3101604278074866,3.7246734967821022
55,0.3155080213903743,7.229298783178501
55,0.32085561497326204,28.20942146838853
55,0.3262032085561497,4.51002710996583
55,0.3315508021390374,15.115056742592852
55,0.3368983957219251,8.123708077199973
55,0.3422459893048128,11.745360845002718
55,0.34759358288770054,6.494875887202123
55,0.3529411764705882,3.765579391336224
55,0.3582887700534759,7.243860431414584
55,0.3636363636363636,8.304683767276387
55,0.3689839572192513,8.49857936376235
55,0.37433155080213903,3.0639374286691994
55,0.3796791443850267,19.49233510687975
55,0.3850267379679144,26.200724809841844
55,0.3903743315508021,9.863999595181928
55,0.3957219251336898,9.847979176578757
55,0.40106951871657753,3.9232912458426226
55,0.4064171122994652,22.107544165272298
55,0.4117647058823529,20.448625498681206
55,0.41711229946524064,10.637977196527627
55,0.4224598930481283,5.085767786062532
55,0.42780748663101603,20.29118876224879
55,0.4331550802139037,25.94958895312547
55,0.4385026737967914,24.5812794548545
55,0.44385026737967914,9.624159695348148
55,0.4491978609625668,16.68028626497484
55,0.45454545454545453,6.6925123535065
55,0.4598930481283422,10.288631358238726
55,0.4652406417112299,7.83431305346799
55,0.47058823529411764,8.626636909432765
55,0.4759358288770053,7.469545557140338
55,0.48128342245989303,19.429813915790096
55,0.4866310160427807,18.182635531167364
55,0.4919786096256684,8.36603758915023
55,0.49732620320855614,7.588698576955186
56,0.0,2.1316282072803006e-14
56,0.0045662100456621,16.34375065216793
56,0.0091324200913242,9.207176262740335
56,0.0136986301369863,24.368837893560382
56,0.0182648401826484,25.97190693597798
56,0.0228310502283105,7.683670650327133
56,0.0273972602739726,19.338305674645397
56,0.0319634703196347,17.006454851643387
56,0.0365296803652968,3.8741203520010634
56,0.0410958904109589,21.845490407827004
56,0.045662100456621,21.655524519718714
56,0.0502283105022831,4.689016079978678
56,0.0547945205479452,8.90268366917718
56,0.0593607305936073,25.35611150489972
56,0.0639269406392694,25.590705013637397
56,0.0684931506849315,14.58072907204298
56,0.0730593607305936,20.98673578716514
56,0.0776255707762557,7.38782447608542
56,0.0821917808219178,5.063025648283117
56,0.0867579908675799,8.507534901782314
56,0.091324200913242,15.829131993394089
56,0.0958904109589041,12.566342898865372
56,0.1004566210045662,3.558792966161836
56,0.1050228310502283,5.265689216207333
56,0.1095890410958904,14.032639983423163
56,0.1141552511415525,8.422555495904584
56,0.1187214611872146,17.027746954465762
56,0.1232876712328767,14.374260990749033
56,0.1278538812785388,7.99956852280153
56,0.1324200913242009,15.455051752764746
56,0.136986301369863,9.52134137050083
56,0.1415525114155251,12.696187339895886
56,0.1461187214611872,10.443135165214455
56,0.1506849315068493,8.38939981763614
56,0.1552511415525114,7.382718801679671
56,0.1598173515981735,20.594391986397543
56,0.1643835616438356,2.352566161142605
56,0.1689497716894977,8.976572075536343
56,0.1735159817351598,7.1298153091992305
56,0.1780821917808219,17.508305520461786
56,0.182648401826484,11.121492558731216
56,0.1872146118721461,19.494437024285133
56,0.1917808219178082,9.449707126552887
56,0.1963470319634703,14.420894149041088
56,0.2009132420091324,12.987724687222599
56,0.2054794520547945,15.779241629595116
56,0.2100456621004566,8.339492439402498
56,0.2146118721461187,11.259288617302278
56,0.2191780821917808,29.514877147597222
56,0.2237442922374429,6.874047142788318
56,0.228310502283105,5.9163003851371
56,0.2328767123287671,20.12722206496895
56,0.2374429223744292,16.654620073926882
56,0.2420091324200913,5.690885321184921
56,0.2465753424657534,17.36728614120062
56,0.2511415525114155,8.815964167386623
56,0.2557077625570776,20.503041570001734
56,0.2602739726027397,15.512770622503526
56,0.2648401826484018,15.47096834708986
56,0.2694063926940639,15.738570823209677
56,0.273972602739726,21.587539235234846
56,0.2785388127853881,32.60271412132788
56,0.2831050228310502,17.905760426679752
56,0.2876712328767123,17.122265217073032
56,0.2922374429223744,16.80656328153578
56,0.2968036529680365,9.56940492733576
56,0.3013698630136986,6.873048015891665
56,0.3059360730593607,12.067253440446336
56,0.3105022831050228,12.425434795278784
56,0.3150684931506849,18.64674608980878
56,0.319634703196347,5.658698486021949
56,0.3242009132420091,10.710225819985824
56,0.3287671232876712,21.536783182541956
56,0.3333333333333333,22.51905740752541
56,0.3378995433789954,8.988953318737835
56,0.3424657534246575,11.227055604234208
56,0.3470319634703196,25.233491913852763
56,0.3515981735159817,8.981363305401729
56,0.3561643835616438,7.945849265620963
56,0.3607305936073059,7.446979063471974
56,0.365296803652968,5.259645813818737
56,0.3698630136986301,16.514486578867213
56,0.3744292237442922,14.937867364140635
56,0.3789954337899543,5.48763171172262
56,0.3835616438356164,2.1738737807733033
56,0.3881278538812785,6.218798821175893
56,0.3926940639269406,18.29219835531439
56,0.3972602739726027,14.854420440320064
56,0.4018264840182648,9.479825638081905
56,0.4063926940639269,3.7793187721762216
56,0.410958904109589,1.9357806377635987
56,0.4155251141552511,7.065852097353132
56,0.4200913242009132,31.12070747610146
56,0.4246575342465753,14.80198825544776
56,0.4292237442922374,12.005175905618438
56,0.4337899543378995,7.986746681345735
56,0.4383561643835616,10.580153510265795
56,0.4429223744292237,11.342936180605072
56,0.4474885844748858,18.615778970536578
56,0.4520547945205479,11.380887481033865
56,0.45662100456621,24.693994061145045
56,0.4611872146118721,11.17334797415212
56,0.4657534246575342,27.88118341394697
56,0.4703196347031963,6.841814096746746
56,0.4748858447488584,10.054174072191287
56,0.4794520547945205,12.214761965147162
56,0.4840182648401826,13.563270010269335
56,0.4885844748858447,5.441372805787988
56,0.4931506849315068,12.524661103957653
56,0.4977168949771689,4.223081232294442
57,0.0,5.062616992290714e-14
57,0.0053475935828877,10.890161003052302
57,0.0106951871657754,16.676276038983193
57,0.0160427807486631,20.609148558378617
57,0.0213903743315508,4.042704145040666
57,0.026737967914438502,10.019139882098589
57,0.0320855614973262,18.295637596103596
57,0.0374331550802139,2.151482948046138
57,0.0427807486631016,6.715935090284284
57,0.0481283422459893,25.361586949723634
57,0.053475935828877004,6.426799897773415
57,0.058823529411764705,16.637032890772215
57,0.0641711229946524,3.412330725588576
57,0.06951871657754011,7.809668884167275
57,0.0748663101604278,11.419225175101364
57,0.08021390374331551,8.05437498897169
57,0.0855614973262032,19.970335704625747
57,0.0909090909090909,6.716285152445172
57,0.0962566844919786,8.05465001493341
57,0.1016042780748663,4.483211337367643
57,0.10695187165775401,2.0768496168510393
57,0.1122994652406417,13.663545593504004
57,0.11764705882352941,19.48014853652036
57,0.1229946524064171,13.309442066867998
57,0.1283422459893048,12.019351109107495
57,0.1336898395721925,16.56958624105553
57,0.13903743315508021,11.110509733982793
57,0.1443850267379679,14.374104064169789
57,0.1497326203208556,9.090411394867498
57,0.1550802139037433,16.43253345248448
57,0.16042780748663102,17.42908130846875
57,0.1657754010695187,6.767498788978554
57,0.1711229946524064,8.842056318497633
57,0.1764705882352941,6.778188911231085
57,0.1818181818181818,9.107255703966235
57,0.18716577540106952,13.502301870382986
57,0.1925133689839572,10.710556495373027
57,0.1978609625668449,8.343614027397289
57,0.2032085561497326,10.303176571763293
57,0.20855614973262032,14.825208799465033
57,0.21390374331550802,25.327833981744163
57,0.2192513368983957,8.998799204769336
57,0.2245989304812834,5.929413447392197
57,0.2299465240641711,18.19895929241919
57,0.23529411764705882,10.787087814643005
57,0.24064171122994651,24.127925028157453
57,0.2459893048128342,12.365206582314709
57,0.25133689839572193,19.43188801507369
57,0.2566844919786096,8.143185830176584
57,0.2620320855614973,13.2144758808671
57,0.267379679144385,8.25431406571131
57,0.2727272727272727,24.26959280171212
57,0.27807486631016043,25.426130541490778
57,0.2834224598930481,10.231039706797558
57,0.2887700534759358,19.94291367125115
57,0.29411764705882354,9.390762017623011
57,0.2994652406417112,14.743670117476947
57,0.3048128342245989,10.069213608829116
57,0.3101604278074866,6.9058099577920675
57,0.3155080213903743,3.7513253884848385
57,0.32085561497326204,2.331025808903795
57,0.3262032085561497,6.628213317250293
57,0.3315508021390374,12.306126229942114
57,0.3368983957219251,6.691504190304496
57,0.3422459893048128,14.649426004617897
57,0.34759358288770054,6.46119631618164
57,0.3529411764705882,16.388261477570538
57,0.3582887700534759,10.49139020856446
57,0.3636363636363636,12.888791448011009
57,0.3689839572192513,7.710075375741681
57,0.37433155080213903,13.032647692202234
57,0.3796791443850267,7.094337108861498
57,0.3850267379679144,11.189162639266009
57,0.3903743315508021,17.961334882512865
57,0.3957219251336898,15.614606543000914
57,0.40106951871657753,9.898342787705332
57,0.4064171122994652,14.477886426516928
57,0.4117647058823529,17.284044300554147
57,0.41711229946524064,17.372899352308607
57,0.4224598930481283,11.071066380879671
57,0.42780748663101603,33.73412975292454
57,0.4331550802139037,7.51878377599943
57,0.4385026737967914,19.193970961372727
57,0.44385026737967914,20.697430956957604
57,0.4491978609625668,11.74463063458541
57,0.45454545454545453,11.826276885837173
57,0.4598930481283422,23.596044754992548
57,0.4652406417112299,6.590614559505117
57,0.47058823529411764,9.541651652134881
57,0.4759358288770053,7.456911575148436
57,0.48128342245989303,2.4910660326681926
57,0.4866310160427807,4.069296848993445
57,0.4919786096256684,14.782797337200693
57,0.49732620320855614,12.873050480135543
58,0.0,3.774758283725532e-15
58,0.004405286343612335,25.378020054220737
58,0.00881057268722467,14.37307891006523
58,0.013215859030837006,12.21854378120561
58,0.01762114537444934,16.45712928358018
58,0.022026431718061675,6.873209730109534
58,0.026431718061674013,21.90583326943506
58,0.030837004405286347,14.619599469442049
58,0.03524229074889868,12.939182643746454
58,0.039647577092511016,8.089284690976688
58,0.04405286343612335,11.903570438374194
58,0.048458149779735685,8.613346423541064
58,0.052863436123348026,14.07975213004295
58,0.05726872246696036,33.209246252466045
58,0.061674008810572695,22.52941140844533
58,0.06607929515418502,19.06069031807255
58,0.07048458149779736,10.696329936847036
58,0.0748898678414097,10.669284879324026
58,0.07929515418502203,5.971926822470563
58,0.08370044052863437,2.95687759244532
58,0.0881057268722467,6.458945960046085
58,0.09251101321585904,16.35816922605594
58,0.09691629955947137,11.14538898222796
58,0.10132158590308371,3.6572988891516
58,0.10572687224669605,21.037719266032592
58,0.11013215859030838,6.59179591465101
58,0.11453744493392072,4.812595590969644
58,0.11894273127753305,21.899351156279792
58,0.12334801762114539,27.36792360692483
58,0.12775330396475773,12.713695066195163
58,0.13215859030837004,8.97516962634958
58,0.13656387665198239,7.26771818060337
58,0.14096916299559473,6.316723792649564
58,0.14537444933920707,15.033955346695766
58,0.1497797356828194,23.531732217894366
58,0.15418502202643172,10.317877597001454
58,0.15859030837004406,14.330595922935379
58,0.1629955947136564,12.067292416464301
58,0.16740088105726875,31.085230398353268
58,0.17180616740088106,18.748721600367364
58,0.1762114537444934,28.567904782084657
58,0.18061674008810574,18.32279920816555
58,0.18502202643171808,9.992291699764316
58,0.18942731277533043,15.332627880973234
58,0.19383259911894274,24.558427533557555
58,0.19823788546255508,10.564691280251651
58,0.20264317180616742,10.560777527974288
58,0.20704845814977976,5.061711627379324
58,0.2114537444933921,3.905055344877679
58,0.21585903083700442,15.379682262896473
58,0.22026431718061676,16.31509786113042
58,0.2246696035242291,24.3108320038505
58,0.22907488986784144,16.515903243572872
58,0.23348017621145375,22.59597464945328
58,0.2378854625550661,6.766987252814758
58,0.24229074889867844,15.969608374898282
58,0.24669603524229078,17.466598258694702
58,0.2511013215859031,16.575064014643374
58,0.25550660792951546,7.485319548505813
58,0.2599118942731278,12.810393421520393
58,0.2643171806167401,16.709685436472775
58,0.26872246696035246,3.4091238737589262
58,0.27312775330396477,5.945149667241739
58,0.27753303964757714,18.338565793995933
58,0.28193832599118945,3.1605358306491467
58,0.28634361233480177,10.453759571893631
58,0.29074889867841414,19.243237729975313
58,0.29515418502202645,15.884796700395329
58,0.2995594713656388,6.585498252826734
58,0.30396475770925113,14.636801857059048
58,0.30837004405286345,14.867714191913196
58,0.3127753303964758,14.972866887879162
58,0.31718061674008813,14.659803557417737
58,0.3215859030837005,18.512516152541725
58,0.3259911894273128,15.405026203712671
58,0.3303964757709251,6.645865451905417
58,0.3348017621145375,8.723432923126449
58,0.3392070484581498,6.226072560134756
58,0.3436123348017621,21.092290848039212
58,0.3480176211453745,15.93718068540817
58,0.3524229074889868,2.9730561082493687
58,0.35682819383259917,21.094583110985553
58,0.3612334801762115,20.44120683538517
58,0.3656387665198238,11.54529791286203
58,0.37004405286343617,11.97048101361643
58,0.3744493392070485,21.128539225200985
58,0.37885462555066085,15.074781672647076
58,0.38325991189427316,15.588409376713603
58,0.3876651982378855,9.75613949039319
58,0.39207048458149785,4.9024325545825596
58,0.39647577092511016,14.062280306795653
58,0.40088105726872253,9.659665226685496
58,0.40528634361233484,14.615864464749839
58,0.40969162995594716,19.519961564301337
58,0.4140969162995595,9.458045114766776
58,0.41850220264317184,5.953105889067138
58,0.4229074889867842,5.899431862230591
58,0.4273127753303965,13.679853536877603
58,0.43171806167400884,8.138306271937347
58,0.4361233480176212,9.358912279667871
58,0.4405286343612335,6.745503189812603
58,0.44493392070484583,11.413055255684547
58,0.4493392070484582,20.149279059942454
58,0.4537444933920705,16.201747979636142
58,0.4581497797356829,11.949759237007905
58,0.4625550660792952,23.7576529257988
58,0.4669603524229075,2.4690288635705113
58,0.4713656387665199,5.15576787657627
58,0.4757709251101322,23.021597161835462
58,0.48017621145374456,17.647395837013303
58,0.4845814977973569,17.850204814947606
58,0.4889867841409692,12.133500260376715
58,0.49339207048458156,11.269860265153088
58,0.49779735682819387,10.204282286705045
59,0.0,3.4861002973229915e-14
59,0.005076142131979695,24.96274965336305
59,0.01015228426395939,15.632775104428152
59,0.015228426395939085,8.357144813851457
59,0.02030456852791878,11.381139619240376
59,0.025380710659898477,14.72704154405318
59,0.03045685279187817,2.963107744374936
59,0.035532994923857864,20.63926355183251
59,0.04060913705583756,2.8681839182943314
59,0.04568527918781726,6.184764887824655
59,0.050761421319796954,23.139699742334475
59,0.055837563451776644,8.301016354596124
59,0.06091370558375634,6.485220856963835
59,0.06598984771573603,12.355898052326234
59,0.07106598984771573,15.612974727920145
59,0.07614213197969542,25.722924121427265
59,0.08121827411167512,8.524764510058805
59,0.08629441624365482,1.6279391515470276
59,0.09137055837563451,18.732923088907064
59,0.09644670050761421,16.60834921787876
59,0.10152284263959391,25.71522372512011
59,0.10659898477157359,10.521917562341686
59,0.11167512690355329,6.834058382830909
59,0.11675126903553298,21.02011307821504
59,0.12182741116751268,19.435777055245048
59,0.12690355329949238,3.228229009393956
59,0.13197969543147206,22.892881022978475
59,0.13705583756345177,16.147799982792314
59,0.14213197969543145,3.73907774406439
59,0.14720812182741116,11.21189270075813
59,0.15228426395939085,14.060861978790744
59,0.15736040609137056,5.334796157944714
59,0.16243654822335024,25.41700253469688
59,0.16751269035532992,4.140732522275331
59,0.17258883248730963,10.878925600136128
59,0.17766497461928932,9.24283870243861
59,0.18274111675126903,14.030365141213622
59,0.1878172588832487,8.268951927924563
59,0.19289340101522842,7.810583294345225
59,0.1979695431472081,13.012209035985228
59,0.20304568527918782,18.24332140340254
59,0.2081218274111675,2.7520067993038637
59,0.21319796954314718,9.707064574599542
59,0.2182741116751269,11.987722775647917
59,0.22335025380710657,7.67555324458242
59,0.22842639593908629,12.04980595609551
59,0.23350253807106597,8.347743179278286
59,0.23857868020304568,14.798708484877666
59,0.24365482233502536,9.563360049658213
59,0.24873096446700504,11.414981294612353
59,0.25380710659898476,5.064950420973005
59,0.25888324873096447,9.07058897338778
59,0.2639593908629441,8.998476416957118
59,0.26903553299492383,11.269418097040301
59,0.27411167512690354,9.408003602369321
59,0.27918781725888325,8.831815306580536
59,0.2842639593908629,14.708630754121137
59,0.2893401015228426,10.82605401507036
59,0.29441624365482233,5.135728611555209
59,0.299492385786802,4.677606103386248
59,0.3045685279187817,13.835470544898184
59,0.3096446700507614,18.939590556980114
59,0.3147208121827411,8.534697088552734
59,0.31979695431472077,18.54478099759096
59,0.3248730964467005,16.58565460981356
59,0.3299492385786802,16.653770797441368
59,0.33502538071065985,7.4103178786486525
59,0.34010152284263956,19.300707809672332
59,0.34517766497461927,18.168456990347966
59,0.350253807106599,9.968468485768131
59,0.35532994923857864,1.3839887448569923
59,0.36040609137055835,21.706950113446545
59,0.36548223350253806,24.99498124049266
59,0.3705583756345177,11.075100158762561
59,0.3756345177664974,15.117102215130464
59,0.38071065989847713,7.204417423059876
59,0.38578680203045684,22.038419603439177
59,0.3908629441624365,7.473368568637788
59,0.3959390862944162,15.717978341863196
59,0.4010152284263959,20.149739539703347
59,0.40609137055837563,3.2262076094655923
59,0.4111675126903553,10.773266941742992
59,0.416243654822335,4.482889675866959
59,0.4213197969543147,3.200231479339774
59,0.42639593908629436,26.160025441180142
59,0.4314720812182741,13.57098614411072
59,0.4365482233502538,10.365210884375994
59,0.4416243654822335,17.592942056087605
59,0.44670050761421315,10.04860673719768
59,0.45177664974619286,3.2273309374309793
59,0.45685279187817257,5.175458269983736
59,0.4619289340101522,14.17616199107732
59,0.46700507614213194,25.087772117979096
59,0.47208121827411165,5.595291241358229
59,0.47715736040609136,26.149266549140034
59,0.482233502538071,11.509903764458546
59,0.4873096446700507,20.78267276144066
59,0.49238578680203043,10.30661185462168
59,0.4974619289340101,6.752583188445079
60,0.0,2.3092638912203256e-14
60,0.00546448087431694,6.8074628348988595
60,0.01092896174863388,17.078301090650474
60,0.01639344262295082,7.430973321716398
60,0.02185792349726776,15.908215140068616
60,0.0273224043715847,5.662970718156731
60,0.03278688524590164,13.673435198516863
60,0.03825136612021858,7.696030773745567
60,0.04371584699453552,6.786829220202206
60,0.04918032786885246,13.814092532771308
60,0.0546448087431694,12.604024898352822
60,0.060109289617486336,17.34421491543913
60,0.06557377049180328,20.14254684903286
60,0.07103825136612021,15.852505944435967
60,0.07650273224043716,4.886222884072426
60,0.08196721311475409,13.88463002190368
60,0.08743169398907104,12.924083027359613
60,0.09289617486338798,5.1112972425064145
60,0.09836065573770492,7.5427884490035115
60,0.10382513661202186,10.92621179000076
60,0.1092896174863388,5.958682121177607
60,0.11475409836065574,5.84251365443572
60,0.12021857923497267,7.278403595984255
60,0.12568306010928962,13.5187472983952
60,0.13114754098360656,13.404482283063906
60,0.1366120218579235,26.20463160744418
60,0.14207650273224043,9.982876780746492
60,0.14754098360655737,2.158642881972182
60,0.15300546448087432,13.724504363462732
60,0.15846994535519127,1.8180420916301436
60,0.16393442622950818,13.888551358540756
60,0.16939890710382513,1.9339165369785414
60,0.17486338797814208,15.940378900737615
60,0.18032786885245902,6.6620773442162
60,0.18579234972677597,11.553580961894514
60,0.1912568306010929,6.30380513124
60,0.19672131147540983,7.862355075290934
60,0.20218579234972678,17.326385373854084
60,0.20765027322404372,24.732216082790863
60,0.21311475409836064,12.898170605389367
60,0.2185792349726776,22.21585635634347
60,0.22404371584699453,13.148086702915327
60,0.22950819672131148,17.959872904742785
60,0.23497267759562843,9.62472128355551
60,0.24043715846994534,5.696847633907673
60,0.2459016393442623,22.31819296657911
60,0.25136612021857924,16.653850286320907
60,0.2568306010928962,16.475316312218936
60,0.26229508196721313,5.390803400783173
60,0.2677595628415301,3.2104377948043172
60,0.273224043715847,5.739681369050093
60,0.2786885245901639,4.062375595828789
60,0.28415300546448086,13.29082334051569
60,0.2896174863387978,19.919973455384127
60,0.29508196721311475,15.408795122370412
60,0.3005464480874317,16.77648008119544
60,0.30601092896174864,22.75020549861913
60,0.3114754098360656,15.594180104416704
60,0.31693989071038253,3.033553771511859
60,0.3224043715846995,15.159229705705744
60,0.32786885245901637,11.369752343212117
60,0.3333333333333333,13.294874950375457
60,0.33879781420765026,8.372506363266922
60,0.3442622950819672,5.502482933885752
60,0.34972677595628415,15.32755656969105
60,0.3551912568306011,15.558998704981132
60,0.36065573770491804,7.247828669058627
60,0.366120218579235,18.283373608735133
60,0.37158469945355194,1.5431595826199047
60,0.3770491803278688,19.000206937438712
60,0.3825136612021858,8.431105311362206
60,0.3879781420765027,21.095334151905973
60,0.39344262295081966,10.812667783102912
60,0.3989071038251366,12.193400807810848
60,0.40437158469945356,3.2749543489418675
60,0.4098360655737705,23.114794925987184
60,0.41530054644808745,14.511997736208933
60,0.4207650273224044,12.811986340623427
60,0.4262295081967213,14.365768779668862
60,0.43169398907103823,12.059254932759874
60,0.4371584699453552,1.6548175973473058
60,0.4426229508196721,8.889683250266733
60,0.44808743169398907,18.21590309204605
60,0.453551912568306,31.049497704901423
60,0.45901639344262296,11.179471045071711
60,0.4644808743169399,8.958487145147963
60,0.46994535519125685,9.93137208332652
60,0.47540983606557374,17.145299081740557
60,0.4808743169398907,19.7753731363735
60,0.48633879781420764,10.076258001667345
60,0.4918032786885246,1.2215635232518507
60,0.4972677595628415,10.286854640368405
61,0.0,1.7763568394002505e-14
61,0.004830917874396135,6.833724105049011
61,0.00966183574879227,5.3996195483795715
61,0.014492753623188404,12.042873745675836
61,0.01932367149758454,7.328754964347643
61,0.024154589371980676,26.21624820127409
61,0.02898550724637681,16.170378851620274
61,0.033816425120772944,19.241691224270998
61,0.03864734299516908,14.269934015099285
61,0.043478260869565216,9.494558804499206
61,0.04830917874396135,16.86571336548958
61,0.05314009661835749,15.439375706808589
61,0.05797101449275362,5.01038626759743
61,0.06280193236714976,16.560086975229506
61,0.06763285024154589,27.311938949575392
61,0.07246376811594203,24.71918368005703
61,0.07729468599033816,16.82441843299408
61,0.08212560386473429,5.577514281120604
61,0.08695652173913043,22.538254437572594
61,0.09178743961352656,8.791850954302868
61,0.0966183574879227,6.65152946019305
61,0.10144927536231883,20.52163929471637
61,0.10628019323671498,11.094327407180772
61,0.1111111111111111,18.74784376568665
61,0.11594202898550723,9.755263652740485
61,0.12077294685990338,8.304329409849839
61,0.12560386473429952,15.257856464777726
61,0.13043478260869565,7.569967972817634
61,0.13526570048309178,14.161813402523087
61,0.1400966183574879,14.327853447481695
61,0.14492753623188406,31.712770530928108
61,0.1497584541062802,6.802598208448545
61,0.15458937198067632,25.290822645581216
61,0.15942028985507245,3.2277612022554916
61,0.16425120772946858,11.265255818757932
61,0.16908212560386474,9.464392890040335
61,0.17391304347826086,30.89692829863039
61,0.178743961352657,9.602537248282683
61,0.18357487922705312,16.013605454932502
61,0.18840579710144928,4.517270294615647
61,0.1932367149758454,2.1438154086796275
61,0.19806763285024154,22.666604995176375
61,0.20289855072463767,8.053779537626998
61,0.2077294685990338,17.946656307577843
61,0.21256038647342995,16.94296619060068
61,0.21739130434782608,16.441713051833087
61,0.2222222222222222,22.320801599256143
61,0.22705314009661834,12.09063356129747
61,0.23188405797101447,19.42915242287357
61,0.23671497584541062,10.601102653790583
61,0.24154589371980675,4.725468054671327
61,0.24637681159420288,13.331999512675921
61,0.25120772946859904,20.656362164635905
61,0.25603864734299514,17.855898376732394
61,0.2608695652173913,16.85507808129456
61,0.26570048309178745,4.873735784411424
61,0.27053140096618356,18.814911105902155
61,0.2753623188405797,5.494469182187452
61,0.2801932367149758,8.642820413834341
61,0.28502415458937197,8.636524838124117
61,0.2898550724637681,10.702068188335117
61,0.2946859903381642,10.488394077998334
61,0.2995169082125604,1.5989197645760087
61,0.3043478260869565,10.964989697005725
61,0.30917874396135264,18.936327133951675
61,0.3140096618357488,3.957796481596511
61,0.3188405797101449,15.160913674013834
61,0.32367149758454106,9.369190680751885
61,0.32850241545893716,18.713866641866833
61,0.3333333333333333,3.497451416387779
61,0.33816425120772947,12.9592451846944
61,0.3429951690821256,5.78629353896318
61,0.34782608695652173,21.636989633526827
61,0.35265700483091783,0.7832413034834573
61,0.357487922705314,14.068323184048147
61,0.36231884057971014,3.242819594733244
61,0.36714975845410625,8.046022764617765
61,0.3719806763285024,13.589480113079297
61,0.37681159420289856,10.207816146115933
61,0.38164251207729466,3.828659596221209
61,0.3864734299516908,1.7664641790064735
61,0.3913043478260869,20.80964884395329
61,0.3961352657004831,26.85408448874212
61,0.40096618357487923,8.274298583363688
61,0.40579710144927533,15.679791192087032
61,0.4106280193236715,11.781956312286795
61,0.4154589371980676,5.149158734604444
61,0.42028985507246375,8.574070888890256
61,0.4251207729468599,4.768143083485673
61,0.429951690821256,5.693278876864384
61,0.43478260869565216,9.5083490608623
61,0.43961352657004826,14.240736741636216
61,0.4444444444444444,14.229498557569611
61,0.4492753623188406,1.6801622141947674
61,0.4541062801932367,11.485877717678349
61,0.45893719806763283,14.29642686936358
61,0.46376811594202894,7.648659207653506
61,0.4685990338164251,15.646774761692253
61,0.47342995169082125,22.89043961251426
61,0.47826086956521735,7.09667818672593
61,0.4830917874396135,16.954109945473316
61,0.48792270531400966,15.890786417478242
61,0.49275362318840576,9.982356706707382
61,0.4975845410628019,16.31426020119841
62,0.0,1.0658141036401503e-14
62,0.00510204081632653,19.76258947444992
62,0.01020408163265306,10.175816225318204
62,0.015306122448979591,7.3349616852532895
62,0.02040816326530612,9.734267116655571
62,0.02551020408163265,14.088567205587232
62,0.030612244897959183,19.38574425943375
62,0.03571428571428571,20.028651532622384
62,0.04081632653061224,16.421613495262722
62,0.04591836734693877,16.374124927778198
62,0.0510204081632653,9.420736851523873
62,0.05612244897959183,25.87249442233597
62,0.061224489795918366,20.995743977066596
62,0.06632653061224489,7.342211188124376
62,0.07142857142857142,16.82127527982959
62,0.07653061224489795,16.942448520522525
62,0.08163265306122448,13.225641239603052
62,0.08673469387755102,17.57067504081109
62,0.09183673469387754,11.367934105525658
62,0.09693877551020408,9.889444145701258
62,0.1020408163265306,4.12429355607211
62,0.10714285714285714,6.864006012685559
62,0.11224489795918366,13.45252127213942
62,0.1173469387755102,17.720751348633115
62,0.12244897959183673,11.978758329617156
62,0.12755102040816327,15.798365269168363
62,0.13265306122448978,9.622821800031
62,0.1377551020408163,7.77762907835046
62,0.14285714285714285,6.661181502182654
62,0.14795918367346939,6.364918773435785
62,0.1530612244897959,9.88805922435808
62,0.15816326530612243,5.743451538302488
62,0.16326530612244897,17.544613425108036
62,0.1683673469387755,10.576103364378124
62,0.17346938775510204,10.400946857600616
62,0.17857142857142855,4.188538862979753
62,0.18367346938775508,7.053555795825584
62,0.18877551020408162,11.944092354191458
62,0.19387755102040816,15.860722913713065
62,0.19897959183673466,11.153208638291382
62,0.2040816326530612,10.494754280528202
62,0.20918367346938774,17.40763356993459
62,0.21428571428571427,5.0322679649820925
62,0.2193877551020408,21.182377095788457
62,0.22448979591836732,21.565334242725957
62,0.22959183673469385,6.948543303188536
62,0.2346938775510204,6.81007556857316
62,0.23979591836734693,9.588339389977678
62,0.24489795918367346,9.35513628054457
62,0.24999999999999997,19.480377094931374
62,0.25510204081632654,22.169125133011644
62,0.260204081632653,6.454092793335004
62,0.26530612244897955,9.332360950847331
62,0.2704081632653061,5.192097171854401
62,0.2755102040816326,25.819028643177855
62,0.28061224489795916,11.278898531213432
62,0.2857142857142857,12.643299451163744
62,0.29081632653061223,11.057352509374182
62,0.29591836734693877,10.36346338036563
62,0.3010204081632653,11.071837833168262
62,0.3061224489795918,4.99755047201269
62,0.3112244897959183,4.240880213709708
62,0.31632653061224486,12.414906083665764
62,0.3214285714285714,5.8445100581602825
62,0.32653061224489793,7.89515808658203
62,0.33163265306122447,23.944492569534894
62,0.336734693877551,15.367544341633744
62,0.34183673469387754,24.61279985982201
62,0.3469387755102041,7.692693793314108
62,0.35204081632653056,8.324081869704711
62,0.3571428571428571,12.662177593445627
62,0.36224489795918363,3.926002505712669
62,0.36734693877551017,15.5417724668929
62,0.3724489795918367,7.961734733199808
62,0.37755102040816324,14.009038077086315
62,0.3826530612244898,4.095193406746993
62,0.3877551020408163,2.662539857414691
62,0.39285714285714285,9.984767555119852
62,0.39795918367346933,13.56141428854405
62,0.40306122448979587,21.62272755982213
62,0.4081632653061224,8.343671179035574
62,0.41326530612244894,3.182704488941467
62,0.4183673469387755,29.39637889241851
62,0.423469387755102,14.803589880721074
62,0.42857142857142855,10.022912240754453
62,0.4336734693877551,13.350746500951065
62,0.4387755102040816,32.961778784909114
62,0.4438775510204081,15.18368305941456
62,0.44897959183673464,18.497473265595776
62,0.4540816326530612,11.31190075108546
62,0.4591836734693877,2.1618969404219683
62,0.46428571428571425,4.069928723770834
62,0.4693877551020408,14.036620107624858
62,0.4744897959183673,5.990091364661266
62,0.47959183673469385,15.965235903268404
62,0.4846938775510204,12.363720807174834
62,0.4897959183673469,13.156908522699853
62,0.4948979591836734,20.97205986584192
63,0.0,1.709743457922741e-14
63,0.005319148936170213,24.435370930047576
63,0.010638297872340425,5.6372092815469985
63,0.015957446808510637,10.231869764182944
63,0.02127659574468085,17.56512976815356
63,0.026595744680851064,9.81195524658361
63,0.031914893617021274,5.143069671784337
63,0.03723404255319149,2.026696452651975
63,0.0425531914893617,12.364741525273105
63,0.047872340425531915,18.380355048612973
63,0.05319148936170213,14.967310691633008
63,0.05851063829787234,2.616377757605486
63,0.06382978723404255,8.215986661278585
63,0.06914893617021277,6.395757468997009
63,0.07446808510638298,5.789719339536914
63,0.0797872340425532,17.17131624344982
63,0.0851063829787234,8.687186003557384
63,0.09042553191489361,20.212528590922183
63,0.09574468085106383,2.6704275800848962
63,0.10106382978723404,22.685042950399556
63,0.10638297872340426,13.546650534566842
63,0.11170212765957446,2.399206696301948
63,0.11702127659574468,3.2620673461180036
63,0.12234042553191489,6.676628335215596
63,0.1276595744680851,1.4261088613862496
63,0.13297872340425532,19.75694249077003
63,0.13829787234042554,19.503136377411227
63,0.14361702127659573,5.055264060450183
63,0.14893617021276595,4.231265719969958
63,0.15425531914893617,21.449196120592223
63,0.1595744680851064,9.549686134040302
63,0.16489361702127658,33.23966736831606
63,0.1702127659574468,13.709170213788815
63,0.17553191489361702,4.006960298861161
63,0.18085106382978722,6.816641232728523
63,0.18617021276595744,18.76405899582321
63,0.19148936170212766,6.4730102038441615
63,0.19680851063829788,10.695413402399772
63,0.20212765957446807,3.1353226497715685
63,0.2074468085106383,16.904026564578345
63,0.2127659574468085,8.263436668806424
63,0.2180851063829787,9.101046683479307
63,0.22340425531914893,7.6478161493550605
63,0.22872340425531915,13.482982213711695
63,0.23404255319148937,7.66829723331136
63,0.23936170212765956,7.696897218798275
63,0.24468085106382978,20.668729450388806
63,0.25,10.508581684581566
63,0.2553191489361702,8.626601001991812
63,0.26063829787234044,10.934429367286688
63,0.26595744680851063,3.964435221105917
63,0.2712765957446808,15.7244590477848
63,0.2765957446808511,7.481263643131337
63,0.28191489361702127,22.585998936384502
63,0.28723404255319146,6.298132150628833
63,0.2925531914893617,13.703035086795957
63,0.2978723404255319,26.60115523282102
63,0.3031914893617021,6.261741702072832
63,0.30851063829787234,4.120763304129277
63,0.31382978723404253,16.662126127920263
63,0.3191489361702128,8.842756156825901
63,0.324468085106383,9.816758075038841
63,0.32978723404255317,19.144825488318542
63,0.3351063829787234,20.76230132566107
63,0.3404255319148936,9.942264743492668
63,0.3457446808510638,4.5301704149961
63,0.35106382978723405,13.105300082631631
63,0.35638297872340424,15.641886158937561
63,0.36170212765957444,8.420533222801295
63,0.3670212765957447,10.34175195695238
63,0.3723404255319149,10.712085005919315
63,0.3776595744680851,12.465658042951848
63,0.3829787234042553,7.74985880213523
63,0.3882978723404255,12.279611309881039
63,0.39361702127659576,14.872237648325363
63,0.39893617021276595,19.20410342838102
63,0.40425531914893614,16.724839399899196
63,0.4095744680851064,11.30975943616242
63,0.4148936170212766,12.063966247876644
63,0.4202127659574468,4.833517586937609
63,0.425531914893617,21.824347148183087
63,0.4308510638297872,1.3398242922083876
63,0.4361702127659574,7.050160796591442
63,0.44148936170212766,17.064011251670266
63,0.44680851063829785,19.742075882066384
63,0.4521276595744681,24.724301130802985
63,0.4574468085106383,6.789483070995669
63,0.4627659574468085,17.286529171192726
63,0.46808510638297873,21.031140809085095
63,0.4734042553191489,8.25103298245663
63,0.4787234042553191,13.212106239631803
63,0.48404255319148937,20.483700986176018
63,0.48936170212765956,21.234053277178504
63,0.49468085106382975,13.031693890663396
64,0.0,1.0658141036401503e-14
64,0.0048543689320388345,27.276914394804525
64,0.009708737864077669,3.1591883126000466
64,0.014563106796116504,10.14706192113217
64,0.019417475728155338,18.639650200055392
64,0.02427184466019417,21.167875611089563
64,0.029126213592233007,15.090368235316724
64,0.03398058252427184,23.33005846080449
64,0.038834951456310676,8.262176580103464
64,0.04368932038834951,11.294313975753694
64,0.04854368932038834,8.873007575189156
64,0.05339805825242718,17.034788756040772
64,0.058252427184466014,6.91143126354695
64,0.06310679611650485,14.343148361576675
64,0.06796116504854369,7.023997434760346
64,0.07281553398058252,17.44782265537704
64,0.07766990291262135,13.20115835855061
64,0.08252427184466019,21.299624449779685
64,0.08737864077669902,5.396311644810036
64,0.09223300970873785,5.389537429649593
64,0.09708737864077668,6.7086210456350965
64,0.10194174757281553,9.586976770916765
64,0.10679611650485436,2.9022199637833204
64,0.1116504854368932,4.945444359911351
64,0.11650485436893203,3.292391162356742
64,0.12135922330097086,10.198620124593479
64,0.1262135922330097,15.634039576501992
64,0.13106796116504854,11.800493619906025
64,0.13592233009708737,10.428595181452593
64,0.1407766990291262,2.8887226636282404
64,0.14563106796116504,11.654930043423713
64,0.15048543689320387,11.927936480877937
64,0.1553398058252427,6.754070986415988
64,0.16019417475728154,10.454160195295547
64,0.16504854368932037,16.06928966587625
64,0.1699029126213592,14.660025077963235
64,0.17475728155339804,7.42792924019039
64,0.17961165048543687,22.657497651874994
64,0.1844660194174757,16.059843406558066
64,0.18932038834951453,4.946028386769611
64,0.19417475728155337,20.990941948758074
64,0.19902912621359223,23.904472101514582
64,0.20388349514563106,13.478652240367934
64,0.2087378640776699,17.934269429011774
64,0.21359223300970873,10.860611672732341
64,0.21844660194174756,10.566855067784426
64,0.2233009708737864,4.640395152486644
64,0.22815533980582522,12.19576414720295
64,0.23300970873786406,7.497008113888191
64,0.2378640776699029,15.65093392434475
64,0.24271844660194172,28.698590132074177
64,0.24757281553398056,22.0911068753133
64,0.2524271844660194,12.778021771067193
64,0.25728155339805825,14.862284965654982
64,0.2621359223300971,18.12314134709016
64,0.2669902912621359,14.8148153385761
64,0.27184466019417475,19.893469968210518
64,0.2766990291262136,2.036121616722444
64,0.2815533980582524,18.351284804385394
64,0.28640776699029125,6.05533165813017
64,0.2912621359223301,18.951678442975528
64,0.2961165048543689,9.114944338044767
64,0.30097087378640774,19.65869654519752
64,0.3058252427184466,9.006652757337049
64,0.3106796116504854,7.0011835968395415
64,0.31553398058252424,4.4642005491390995
64,0.3203883495145631,21.324221260279803
64,0.3252427184466019,8.214337480945662
64,0.33009708737864074,11.596099233930818
64,0.3349514563106796,13.160345692414177
64,0.3398058252427184,21.982463364895544
64,0.34466019417475724,22.55028010765987
64,0.3495145631067961,9.69161931948412
64,0.3543689320388349,5.209330818059174
64,0.35922330097087374,4.466571323745126
64,0.36407766990291257,4.435539215838055
64,0.3689320388349514,24.39887237883012
64,0.37378640776699024,8.78664023485835
64,0.37864077669902907,12.607667761203132
64,0.3834951456310679,17.009410536953503
64,0.38834951456310673,11.856572059045522
64,0.3932038834951456,9.07991040493159
64,0.39805825242718446,17.935117016101675
64,0.4029126213592233,2.778426677564012
64,0.4077669902912621,21.96630336681425
64,0.41262135922330095,12.346771708898066
64,0.4174757281553398,21.628085837081933
64,0.4223300970873786,22.23706381094708
64,0.42718446601941745,19.04284651463938
64,0.4320388349514563,12.713001083828058
64,0.4368932038834951,17.031576360458644
64,0.44174757281553395,1.945044353127202
64,0.4466019417475728,7.922283483159917
64,0.4514563106796116,16.585429612811282
64,0.45631067961165045,12.547507253340592
64,0.4611650485436893,9.761378912684792
64,0.4660194174757281,22.11024561342907
64,0.47087378640776695,11.450325265084278
64,0.4757281553398058,15.51583699294255
64,0.4805825242718446,17.163837232803438
64,0.48543689320388345,10.394985336246805
64,0.4902912621359223,6.035159327903477
64,0.4951456310679611,8.342055106265684
65,0.0,4.884981308350689e-14
65,0.005025125628140704,8.55003660815462
65,0.010050251256281407,15.924349795037246
65,0.01507537688442211,1.7701825362058168
65,0.020100502512562814,13.698713370953078
65,0.02512562814070352,14.151803478984002
65,0.03015075376884422,13.155646983773806
65,0.035175879396984924,3.730729700932147
65,0.04020100502512563,10.957956853385637
65,0.04522613065326633,7.451089048086392
65,0.05025125628140704,13.427591058705007
65,0.05527638190954774,1.498121993931069
65,0.06030150753768844,13.07243096332914
65,0.06532663316582915,20.149079098309517
65,0.07035175879396985,20.782033212276588
65,0.07537688442211056,9.083653162747463
65,0.08040201005025126,12.228164879875472
65,0.08542713567839195,13.776474176293455
65,0.09045226130653267,7.041753057594103
65,0.09547738693467336,6.702038906025879
65,0.10050251256281408,4.314829648507662
65,0.10552763819095477,22.527368445943193
65,0.11055276381909548,18.06560193203073
65,0.11557788944723618,12.332255998049877
65,0.12060301507537688,18.203876131427126
65,0.12562814070351758,12.857213048966296
65,0.1306532663316583,8.746739018191809
65,0.135678391959799,12.34712960348308
65,0.1407035175879397,9.401562319199844
65,0.1457286432160804,12.016401896861584
65,0.15075376884422112,7.294297585648373
65,0.15577889447236182,5.776346586159274
65,0.16080402010050251,4.416167456329465
65,0.1658291457286432,19.434595627734655
65,0.1708542713567839,11.030257050960332
65,0.17587939698492464,3.529504184403524
65,0.18090452261306533,13.060816771095583
65,0.18592964824120603,12.706637554140336
65,0.19095477386934673,6.8536146211268445
65,0.19597989949748745,10.606296487862148
65,0.20100502512562815,10.578163717078626
65,0.20603015075376885,2.8282779177129598
65,0.21105527638190955,18.5066803536013
65,0.21608040201005024,14.003741090624123
65,0.22110552763819097,18.341642276785162
65,0.22613065326633167,17.500567057973516
65,0.23115577889447236,11.8959642221415
65,0.23618090452261306,3.297976059250069
65,0.24120603015075376,9.255168917295686
65,0.24623115577889448,2.437319320709746
65,0.25125628140703515,8.998911047991964
65,0.2562814070351759,26.1715167464871
65,0.2613065326633166,9.366702353087488
65,0.2663316582914573,9.275359355529785
65,0.271356783919598,5.862250615640056
65,0.2763819095477387,10.452214454833145
65,0.2814070351758794,4.046976673010369
65,0.2864321608040201,16.26741437410972
65,0.2914572864321608,6.729094424733388
65,0.2964824120603015,25.33655171654157
65,0.30150753768844224,2.797058124110722
65,0.3065326633165829,25.938787021481325
65,0.31155778894472363,8.308156042235177
65,0.3165829145728643,18.455582491693757
65,0.32160804020100503,23.603706346514606
65,0.32663316582914576,22.824314938317727
65,0.3316582914572864,20.00513567149232
65,0.33668341708542715,5.3670810988225774
65,0.3417085427135678,0.6469142474874404
65,0.34673366834170855,9.017992694046399
65,0.35175879396984927,22.041078633894173
65,0.35678391959798994,16.846852097573166
65,0.36180904522613067,4.883701040380367
65,0.36683417085427134,6.457950222936644
65,0.37185929648241206,25.242279916094567
65,0.3768844221105528,13.96953041800226
65,0.38190954773869346,27.664301985818295
65,0.3869346733668342,10.549127494620365
65,0.3919597989949749,28.07462891526476
65,0.3969849246231156,2.924613652243973
65,0.4020100502512563,6.254824144213566
65,0.40703517587939697,25.995193076135354
65,0.4120603015075377,8.806902844907775
65,0.4170854271356784,14.257451764639946
65,0.4221105527638191,5.879919648142365
65,0.4271356783919598,19.63379874187956
65,0.4321608040201005,17.345861525445358
65,0.4371859296482412,14.254675737711027
65,0.44221105527638194,4.127726952319815
65,0.4472361809045226,17.591102633682667
65,0.45226130653266333,13.370963162310863
65,0.457286432160804,5.443677756664649
65,0.4623115577889447,16.84525477450728
65,0.46733668341708545,7.333400599997179
65,0.4723618090452261,16.59325936950499
65,0.47738693467336685,14.726083338925907
65,0.4824120603015075,18.445664163244327
65,0.48743718592964824,16.983434737070198
65,0.49246231155778897,18.65450821821458
65,0.49748743718592964,7.892877545746458
66,0.0,2.1316282072803006e-14
66,0.005263157894736842,5.870409163079386
66,0.010526315789473684,0.5076950590527405
66,0.015789473684210527,6.189640732566411
66,0.021052631578947368,11.261259934320451
66,0.02631578947368421,14.665574092397572
66,0.031578947368421054,13.347861309309149
66,0.03684210526315789,11.259409870315167
66,0.042105263157894736,15.753932023650918
66,0.04736842105263158,10.948898353049275
66,0.05263157894736842,17.660411671618498
66,0.05789473684210526,12.41805285236247
66,0.06315789473684211,7.579761694204143
66,0.06842105263157895,20.24125213520902
66,0.07368421052631578,19.354245468869067
66,0.07894736842105263,3.8624860548221296
66,0.08421052631578947,3.913365435047676
66,0.08947368421052632,6.5772709536923255
66,0.09473684210526316,11.683152246868374
66,0.09999999999999999,3.497982051822577
66,0.10526315789473684,5.389532740988036
66,0.11052631578947368,13.540489741537153
66,0.11578947368421053,5.900565015628851
66,0.12105263157894737,32.42969563811243
66,0.12631578947368421,14.414197346874362
66,0.13157894736842105,14.554811772598004
66,0.1368421052631579,5.6036083463839175
66,0.14210526315789473,6.802476795350471
66,0.14736842105263157,12.915702761726159
66,0.15263157894736842,6.666108966245291
66,0.15789473684210525,6.600929195976512
66,0.1631578947368421,7.78315731277089
66,0.16842105263157894,8.86908224239346
66,0.17368421052631577,11.988782738223847
66,0.17894736842105263,6.717113627549359
66,0.18421052631578946,8.672993406894774
66,0.18947368421052632,16.483401438053015
66,0.19473684210526315,12.93434188019894
66,0.19999999999999998,6.2105199511917775
66,0.20526315789473684,6.300903041703851
66,0.21052631578947367,12.33941390656363
66,0.21578947368421053,10.46973308979514
66,0.22105263157894736,23.151610721611753
66,0.2263157894736842,4.200353011188356
66,0.23157894736842105,5.5781050738717495
66,0.23684210526315788,16.80757362160651
66,0.24210526315789474,15.155408036667728
66,0.24736842105263157,15.94632849983946
66,0.25263157894736843,11.792260179091933
66,0.25789473684210523,3.6775634332186127
66,0.2631578947368421,16.176044174995184
66,0.26842105263157895,15.26957331083346
66,0.2736842105263158,9.863423358360757
66,0.2789473684210526,10.652822648092133
66,0.28421052631578947,20.75425980618455
66,0.2894736842105263,16.648936204950836
66,0.29473684210526313,15.52039610599397
66,0.3,8.046143612572054
66,0.30526315789473685,10.549703800574179
66,0.31052631578947365,20.016319221695127
66,0.3157894736842105,12.597608167761772
66,0.32105263157894737,4.113001800078215
66,0.3263157894736842,15.634504469122046
66,0.33157894736842103,9.926028802435821
66,0.3368421052631579,11.141490620702058
66,0.34210526315789475,19.512171795186354
66,0.34736842105263155,5.100712275389706
66,0.3526315789473684,23.746855516063174
66,0.35789473684210527,12.390119902311556
66,0.3631578947368421,22.877783641216645
66,0.3684210526315789,4.046785396633685
66,0.3736842105263158,14.772809639903619
66,0.37894736842105264,12.259751348949777
66,0.38421052631578945,22.549110609557403
66,0.3894736842105263,16.100446252061463
66,0.39473684210526316,13.32979814579882
66,0.39999999999999997,28.104101484532695
66,0.4052631578947368,12.165616067324112
66,0.4105263157894737,0.7269842889518925
66,0.41578947368421054,25.417667302879305
66,0.42105263157894735,11.520291552557072
66,0.4263157894736842,27.388208829051667
66,0.43157894736842106,15.375725353372033
66,0.43684210526315786,13.915718544808799
66,0.4421052631578947,12.895830866593919
66,0.4473684210526316,7.812426641149347
66,0.4526315789473684,23.16460262052354
66,0.45789473684210524,16.4898743927958
66,0.4631578947368421,18.86585111587659
66,0.46842105263157896,0.7844367897620765
66,0.47368421052631576,17.94359794812583
66,0.4789473684210526,1.6086672350303135
66,0.4842105263157895,2.4313459431900357
66,0.4894736842105263,11.744796800420907
66,0.49473684210526314,9.172041236469482
67,0.0,4.3520742565306136e-14
67,0.00510204081632653,19.401802882262736
67,0.01020408163265306,19.936860905521396
67,0.015306122448979591,10.262577598702654
67,0.02040816326530612,18.498877035378474
67,0.02551020408163265,16.361716217857712
67,0.030612244897959183,15.588080510646504
67,0.03571428571428571,7.7354458819468634
67,0.04081632653061224,6.46620410952419
67,0.04591836734693877,9.917408653811487
67,0.0510204081632653,19.052567143743868
67,0.05612244897959183,25.131933951845358
67,0.061224489795918366,12.973424511105645
67,0.06632653061224489,9.909383791424046
67,0.07142857142857142,13.525574313784995
67,0.07653061224489795,4.512653489638087
67,0.08163265306122448,8.404415556231758
67,0.08673469387755102,4.1401329462787615
67,0.09183673469387754,18.757035785098537
67,0.09693877551020408,18.71563516905764
67,0.1020408163265306,29.567914123133388
67,0.10714285714285714,16.20444563218153
67,0.11224489795918366,22.660894524186936
67,0.1173469387755102,14.828234836158021
67,0.12244897959183673,18.479721694280123
67,0.12755102040816327,4.630221114560685
67,0.13265306122448978,18.216249261698913
67,0.1377551020408163,9.277306324290358
67,0.14285714285714285,1.6907192423650947
67,0.14795918367346939,20.009439011309006
67,0.1530612244897959,22.82896220239423
67,0.15816326530612243,13.647679858474401
67,0.16326530612244897,10.481028960170544
67,0.1683673469387755,17.526291213734527
67,0.17346938775510204,5.968992440856284
67,0.17857142857142855,7.863455234075687
67,0.18367346938775508,7.050131723533305
67,0.18877551020408162,20.62097125080054
67,0.19387755102040816,12.855882278983497
67,0.19897959183673466,10.476831291241641
67,0.2040816326530612,20.421413816064558
67,0.20918367346938774,3.62171482813046
67,0.21428571428571427,22.098737405346768
67,0.2193877551020408,12.235682145113872
67,0.22448979591836732,0.9957452249907768
67,0.22959183673469385,19.124150518807923
67,0.2346938775510204,11.948028699849866
67,0.23979591836734693,27.142672626252146
67,0.24489795918367346,9.149805829818341
67,0.24999999999999997,3.4995293504161404
67,0.25510204081632654,7.593884649923672
67,0.260204081632653,16.894067828276714
67,0.26530612244897955,19.2998221073572
67,0.2704081632653061,23.362981874850153
67,0.2755102040816326,10.723974761842994
67,0.28061224489795916,12.135641623737389
67,0.2857142857142857,5.206258491089577
67,0.29081632653061223,3.8724244779262285
67,0.29591836734693877,20.13279355657432
67,0.3010204081632653,10.08431551052229
67,0.3061224489795918,15.198772019587011
67,0.3112244897959183,8.214023656185347
67,0.31632653061224486,8.208162757099354
67,0.3214285714285714,2.365726592028311
67,0.32653061224489793,15.259014761194427
67,0.33163265306122447,7.042802946312494
67,0.336734693877551,2.046562127383242
67,0.34183673469387754,17.679753795850786
67,0.3469387755102041,3.313546108977988
67,0.35204081632653056,16.985595083492463
67,0.3571428571428571,12.091516855626987
67,0.36224489795918363,15.239876741312997
67,0.36734693877551017,4.27607865153457
67,0.3724489795918367,29.0100303875112
67,0.37755102040816324,1.5505212523341103
67,0.3826530612244898,15.002503169232437
67,0.3877551020408163,11.729718598742558
67,0.39285714285714285,7.988367251626027
67,0.39795918367346933,4.388086217251598
67,0.40306122448979587,13.138892818224297
67,0.4081632653061224,3.647253950795287
67,0.41326530612244894,5.89739810285686
67,0.4183673469387755,5.8543498233457045
67,0.423469387755102,18.687855311149335
67,0.42857142857142855,1.7784812586171734
67,0.4336734693877551,15.245216695710873
67,0.4387755102040816,12.26045510744871
67,0.4438775510204081,12.58065270290563
67,0.44897959183673464,16.172098727921583
67,0.4540816326530612,1.8462685911351684
67,0.4591836734693877,8.43875737119222
67,0.46428571428571425,14.209744584714576
67,0.4693877551020408,13.435286763025298
67,0.4744897959183673,8.30069436610967
67,0.47959183673469385,12.257089589963487
67,0.4846938775510204,16.900948413847953
67,0.4897959183673469,5.856691647170482
67,0.4948979591836734,5.504262474597792
68,0.0,1.7763568394002505e-14
68,0.0048543689320388345,22.29556484234068
68,0.009708737864077669,14.916644908588639
68,0.014563106796116504,13.293336381950098
68,0.019417475728155338,13.093957332347852
68,0.02427184466019417,7.585880066951796
68,0.029126213592233007,7.601778942151477
68,0.03398058252427184,13.818845608771587
68,0.038834951456310676,14.715009327629584
68,0.04368932038834951,10.967210533457449
68,0.04854368932038834,17.804358501804607
68,0.05339805825242718,6.97116649390248
68,0.058252427184466014,29.417216151309542
68,0.06310679611650485,11.313678279314102
68,0.06796116504854369,4.724901782449446
68,0.07281553398058252,8.290522550991177
68,0.07766990291262135,25.302793083900646
68,0.08252427184466019,11.996778710370945
68,0.08737864077669902,11.28957991414218
68,0.09223300970873785,10.853211215886775
68,0.09708737864077668,4.252032130804777
68,0.10194174757281553,30.663123135874542
68,0.10679611650485436,1.8393897407140645
68,0.1116504854368932,14.634703890472718
68,0.11650485436893203,7.388855824907616
68,0.12135922330097086,14.560777776604949
68,0.1262135922330097,8.679912122975002
68,0.13106796116504854,15.502305591501786
68,0.13592233009708737,10.445822880975879
68,0.1407766990291262,10.193104409048678
68,0.14563106796116504,5.784513895217144
68,0.15048543689320387,24.77557322981235
68,0.1553398058252427,15.883286891620564
68,0.16019417475728154,7.331311904513746
68,0.16504854368932037,16.641773599750344
68,0.1699029126213592,6.568458498241537
68,0.17475728155339804,14.09426445535282
68,0.17961165048543687,9.288945700481563
68,0.1844660194174757,19.38528868779623
68,0.18932038834951453,16.289918731718938
68,0.19417475728155337,10.049165828713184
68,0.19902912621359223,21.03053382655182
68,0.20388349514563106,5.892713691357569
68,0.2087378640776699,26.080241938318448
68,0.21359223300970873,9.316274749352978
68,0.21844660194174756,16.311986508085088
68,0.2233009708737864,13.725991819906763
68,0.22815533980582522,5.143420257927148
68,0.23300970873786406,10.659649427485526
68,0.2378640776699029,10.531698845896301
68,0.24271844660194172,11.223780544751897
68,0.24757281553398056,29.17045262011685
68,0.2524271844660194,10.17858578343834
68,0.25728155339805825,24.14757312139189
68,0.2621359223300971,6.10151998245593
68,0.2669902912621359,14.577389494735987
68,0.27184466019417475,9.207290640408416
68,0.2766990291262136,17.963364558662484
68,0.2815533980582524,8.541174918513653
68,0.28640776699029125,10.28995712494698
68,0.2912621359223301,7.596441589712857
68,0.2961165048543689,12.979094702719891
68,0.30097087378640774,0.9988227606780589
68,0.3058252427184466,13.215851980823734
68,0.3106796116504854,15.087613688031613
68,0.31553398058252424,11.811255998129665
68,0.3203883495145631,6.877964041852347
68,0.3252427184466019,22.147745702457257
68,0.33009708737864074,12.389127572278866
68,0.3349514563106796,6.410387639067513
68,0.3398058252427184,24.814540491146865
68,0.34466019417475724,12.479097835867291
68,0.3495145631067961,6.220027684013834
68,0.3543689320388349,32.08583023329827
68,0.35922330097087374,10.37823731224432
68,0.36407766990291257,4.517895323600793
68,0.3689320388349514,12.096423174074106
68,0.37378640776699024,12.574830048621186
68,0.37864077669902907,7.547403780364377
68,0.3834951456310679,9.809340366868437
68,0.38834951456310673,13.986401544675111
68,0.3932038834951456,4.4827939516586905
68,0.39805825242718446,23.438272331829133
68,0.4029126213592233,8.105799112741396
68,0.4077669902912621,13.877800352378852
68,0.41262135922330095,3.9922696892912133
68,0.4174757281553398,10.823167561960846
68,0.4223300970873786,10.290707675928417
68,0.42718446601941745,8.24755504375545
68,0.4320388349514563,2.563256881638734
68,0.4368932038834951,13.188463820589403
68,0.44174757281553395,13.433807110394229
68,0.4466019417475728,13.666475076465465
68,0.4514563106796116,24.132467213287878
68,0.45631067961165045,20.23928216940962
68,0.4611650485436893,3.964683297566801
68,0.4660194174757281,8.410895229155644
68,0.47087378640776695,21.36675417791071
68,0.4757281553398058,12.3996769501866
68,0.4805825242718446,5.793827636167468
68,0.48543689320388345,13.339336624939135
68,0.4902912621359223,20.303049764725262
68,0.4951456310679611,5.490461332575565
69,0.0,2.708944180085382e-14
69,0.004608294930875576,8.143911131551002
69,0.009216589861751152,14.001996350096233
69,0.013824884792626727,21.32002501046134
69,0.018433179723502304,8.716063852667755
69,0.02304147465437788,5.473805023714123
69,0.027649769585253454,26.041222532891158
69,0.03225806451612903,18.89739599005427
69,0.03686635944700461,18.15568858205818
69,0.041474654377880185,3.5381515165879414
69,0.04608294930875576,0.18813430128194095
69,0.05069124423963134,16.4088898482624
69,0.05529953917050691,18.01649805738811
69,0.059907834101382486,11.791136508946606
69,0.06451612903225806,10.432465531416794
69,0.06912442396313365,9.051241688025042
69,0.07373271889400922,25.825257763515708
69,0.07834101382488479,18.000810988741662
69,0.08294930875576037,28.09891690391325
69,0.08755760368663594,23.460376530689423
69,0.09216589861751152,13.689078646723688
69,0.0967741935483871,12.510040387400975
69,0.10138248847926268,7.162703894894046
69,0.10599078341013825,18.52454142073836
69,0.11059907834101382,8.927537233650607
69,0.1152073732718894,20.907748853948107
69,0.11981566820276497,2.6236290086625518
69,0.12442396313364056,16.379039355572196
69,0.12903225806451613,17.37417946903275
69,0.1336405529953917,5.42339969948808
69,0.1382488479262673,0.2664191954981058
69,0.14285714285714285,3.890465551039643
69,0.14746543778801843,17.573755571132395
69,0.15207373271889402,15.853636304711014
69,0.15668202764976957,7.800479227554505
69,0.16129032258064516,3.1701698796764877
69,0.16589861751152074,3.436733463307197
69,0.17050691244239632,28.08734699281799
69,0.17511520737327188,17.93449622868339
69,0.17972350230414746,15.555706501160325
69,0.18433179723502305,19.16967417099017
69,0.1889400921658986,8.27160992927473
69,0.1935483870967742,5.713283924094068
69,0.19815668202764977,21.097781023495283
69,0.20276497695852536,10.989251710328277
69,0.2073732718894009,8.12920636963112
69,0.2119815668202765,17.06956503178409
69,0.21658986175115208,10.586820451771972
69,0.22119815668202764,11.446763905776772
69,0.22580645161290322,12.885053086057525
69,0.2304147465437788,7.155105829264371
69,0.2350230414746544,17.04240205039852
69,0.23963133640552994,19.142231024561113
69,0.24423963133640553,4.499117401466362
69,0.2488479262672811,3.6814505608032038
69,0.2534562211981567,3.0082537102395204
69,0.25806451612903225,23.595842702778523
69,0.2626728110599078,21.970818955912353
69,0.2672811059907834,12.843648589295396
69,0.271889400921659,24.99999294041889
69,0.2764976958525346,22.624918507739803
69,0.28110599078341014,7.418869208242473
69,0.2857142857142857,23.383658661607694
69,0.2903225806451613,3.5925630985200074
69,0.29493087557603687,18.420154881803583
69,0.2995391705069124,20.81181550619134
69,0.30414746543778803,21.793668918001874
69,0.3087557603686636,7.8388235036783485
69,0.31336405529953915,8.885913583639757
69,0.31797235023041476,9.782627794498964
69,0.3225806451612903,9.23473102392873
69,0.3271889400921659,8.82846607047565
69,0.3317972350230415,5.706982026810798
69,0.33640552995391704,20.81467794592305
69,0.34101382488479265,10.413051851453925
69,0.3456221198156682,15.190280674098533
69,0.35023041474654376,5.492247457800164
69,0.3548387096774194,14.712873433345868
69,0.35944700460829493,19.161394220397316
69,0.3640552995391705,14.466939988934786
69,0.3686635944700461,11.534770814414466
69,0.37327188940092165,9.209641204935533
69,0.3778801843317972,11.897563383259076
69,0.3824884792626728,11.303843409316972
69,0.3870967741935484,8.6343308373614
69,0.391705069124424,6.419664520932799
69,0.39631336405529954,17.154129841077243
69,0.4009216589861751,8.514844939921955
69,0.4055299539170507,6.308728030189696
69,0.41013824884792627,13.254633663061142
69,0.4147465437788018,1.2297187547817223
69,0.41935483870967744,16.724046215489764
69,0.423963133640553,5.813450179025692
69,0.42857142857142855,19.097259895249383
69,0.43317972350230416,17.937733154499423
69,0.4377880184331797,17.264313827685708
69,0.44239631336405527,10.915948471133534
69,0.4470046082949309,23.09478190683252
69,0.45161290322580644,19.929752662097545
69,0.45622119815668205,19.33696143940122
69,0.4608294930875576,6.200985490453051
69,0.46543778801843316,13.968853786498855
69,0.4700460829493088,21.391699953430646
69,0.47465437788018433,11.120990290845349
69,0.4792626728110599,12.969811755549733
69,0.4838709677419355,8.823466596576733
69,0.48847926267281105,7.076779532375612
69,0.4930875576036866,11.41294160678791
69,0.4976958525345622,16.880944473555026
70,0.0,3.774758283725532e-14
70,0.004784688995215311,20.215818999840106
70,0.009569377990430622,9.114766718590834
70,0.014354066985645932,13.829895515781406
70,0.019138755980861243,5.588360600568521
70,0.023923444976076555,10.078494524544482
70,0.028708133971291863,5.937418481282875
70,0.03349282296650718,10.377366171622326
70,0.03827751196172249,12.502394534445473
70,0.043062200956937795,7.049624063290083
70,0.04784688995215311,9.862244256292064
70,0.05263157894736842,8.06352793249449
70,0.057416267942583726,4.758471193910393
70,0.06220095693779904,8.219404470151941
70,0.06698564593301436,3.5662954625970937
70,0.07177033492822966,3.8901659119866
70,0.07655502392344497,6.5782908532204925
70,0.08133971291866028,9.938722732813396
70,0.08612440191387559,12.376682326939571
70,0.09090909090909091,16.280804373327495
70,0.09569377990430622,13.132594739254888
70,0.10047846889952153,3.2682241977436424
70,0.10526315789473684,1.228015710394184
70,0.11004784688995214,3.0487082823547955
70,0.11483253588516745,11.581665519811152
70,0.11961722488038277,17.9015900732276
70,0.12440191387559808,10.758044367973074
70,0.1291866028708134,4.946106439437482
70,0.1339712918660287,22.552877533099036
70,0.13875598086124402,3.316909180447033
70,0.14354066985645933,13.546139889643968
70,0.14832535885167464,22.267202025993644
70,0.15311004784688995,15.417963478142546
70,0.15789473684210525,5.011543401052096
70,0.16267942583732056,16.255409876469702
70,0.16746411483253587,3.942024960601534
70,0.17224880382775118,8.096327321674986
70,0.1770334928229665,21.08989697080883
70,0.18181818181818182,15.02803480782485
70,0.18660287081339713,12.781284293201665
70,0.19138755980861244,18.019116338664926
70,0.19617224880382775,10.755250073441676
70,0.20095693779904306,19.333633472669245
70,0.20574162679425836,3.4334336732068187
70,0.21052631578947367,19.986573929878354
70,0.21531100478468898,23.894170889143993
70,0.2200956937799043,14.79934350475418
70,0.2248803827751196,22.712024381845477
70,0.2296650717703349,20.18176212280673
70,0.23444976076555024,9.492070538342864
70,0.23923444976076555,24.029428961870003
70,0.24401913875598086,10.183939827795447
70,0.24880382775119617,19.9137378849369
70,0.2535885167464115,5.349952673563414
70,0.2583732057416268,7.909997190178851
70,0.2631578947368421,4.556335168640485
70,0.2679425837320574,6.614178839177664
70,0.2727272727272727,8.784010554920016
70,0.27751196172248804,8.147325465363654
70,0.2822966507177033,13.677591884206185
70,0.28708133971291866,8.401364291877947
70,0.29186602870813394,7.929813022521717
70,0.2966507177033493,3.617736387988928
70,0.30143540669856456,9.767056705433385
70,0.3062200956937799,26.526427190999087
70,0.31100478468899523,10.623099814987185
70,0.3157894736842105,41.94782260715574
70,0.32057416267942584,17.201832470709064
70,0.3253588516746411,14.25927606334782
70,0.33014354066985646,26.025382170728435
70,0.33492822966507174,24.33644060224259
70,0.3397129186602871,2.5818321972866096
70,0.34449760765550236,12.157788144129816
70,0.3492822966507177,25.719274564070865
70,0.354066985645933,27.317485209647877
70,0.3588516746411483,15.27461908792195
70,0.36363636363636365,18.671184289038948
70,0.3684210526315789,4.176274772223158
70,0.37320574162679426,8.585850189569673
70,0.37799043062200954,16.938820976609247
70,0.3827751196172249,13.104686559691578
70,0.38755980861244016,11.451095050403527
70,0.3923444976076555,14.800239381920477
70,0.3971291866028708,16.660938823795565
70,0.4019138755980861,1.8731862598645648
70,0.4066985645933014,13.602590866340176
70,0.41148325358851673,12.934096803346966
70,0.41626794258373206,16.82073455583522
70,0.42105263157894735,6.800293361109266
70,0.4258373205741627,16.207853868718136
70,0.43062200956937796,11.221273612672393
70,0.4354066985645933,24.951890033848183
70,0.4401913875598086,13.250968684069942
70,0.4449760765550239,7.456761897999014
70,0.4497607655502392,14.667946905644433
70,0.45454545454545453,8.958433176024863
70,0.4593301435406698,7.7801475043621755
70,0.46411483253588515,17.875167577346208
70,0.4688995215311005,16.14619332117806
70,0.47368421052631576,11.783291680114997
70,0.4784688995215311,4.975992301876311
70,0.4832535885167464,7.676297060268287
70,0.4880382775119617,15.754973074981908
70,0.492822966507177,20.49933416322031
70,0.49760765550239233,12.226815309962449
71,0.0,1.0658141036401503e-14
71,0.005154639175257732,25.70665759377096
71,0.010309278350515464,17.295032281791514
71,0.015463917525773196,6.029117581693928
71,0.020618556701030927,8.790273209106191
71,0.02577319587628866,12.050427640562559
71,0.030927835051546393,6.072315317663926
71,0.03608247422680412,9.20524197066432
71,0.041237113402061855,31.81604686485757
71,0.04639175257731959,13.58952853621744
71,0.05154639175257732,16.208375003961848
71,0.05670103092783505,18.4306151889532
71,0.061855670103092786,8.84866791088327
71,0.06701030927835051,7.704838368119331
71,0.07216494845360824,1.0212044379177716
71,0.07731958762886598,17.192404500564955
71,0.08247422680412371,7.657217999442708
71,0.08762886597938144,3.893653696849749
71,0.09278350515463918,16.35812858871404
71,0.0979381443298969,10.85236847029319
71,0.10309278350515463,18.828856857726798
71,0.10824742268041238,11.957327330370553
71,0.1134020618556701,12.554376847577357
71,0.11855670103092783,11.82578691846847
71,0.12371134020618557,20.38999553733383
71,0.12886597938144329,9.689993281308432
71,0.13402061855670103,7.384580394947461
71,0.13917525773195877,11.021941749356309
71,0.14432989690721648,10.362259554258433
71,0.14948453608247422,3.11013437788516
71,0.15463917525773196,6.767881437787763
71,0.15979381443298968,32.5087692341029
71,0.16494845360824742,4.081223554993102
71,0.17010309278350516,23.28195026307598
71,0.17525773195876287,6.445359184946853
71,0.18041237113402062,18.758650645632237
71,0.18556701030927836,11.113834498037566
71,0.19072164948453607,9.17276881150133
71,0.1958762886597938,14.189746556304545
71,0.20103092783505155,28.33813412794732
71,0.20618556701030927,12.06041795900493
71,0.211340206185567,3.0312785529398085
71,0.21649484536082475,5.877429697619482
71,0.22164948453608246,6.1983350921112175
71,0.2268041237113402,15.642666377632104
71,0.23195876288659795,17.730804460758737
71,0.23711340206185566,15.713612901130197
71,0.2422680412371134,8.540689305730861
71,0.24742268041237114,15.60347288401395
71,0.25257731958762886,4.788937585754171
71,0.25773195876288657,14.8315898924585
71,0.26288659793814434,21.45044743267336
71,0.26804123711340205,1.4429148278018367
71,0.27319587628865977,13.056156494996815
71,0.27835051546391754,4.831373778782813
71,0.28350515463917525,12.609325967845942
71,0.28865979381443296,16.439222717735216
71,0.29381443298969073,6.747641730379519
71,0.29896907216494845,18.462685551475847
71,0.30412371134020616,11.238527727022834
71,0.30927835051546393,17.816404919829402
71,0.31443298969072164,24.884469879716193
71,0.31958762886597936,16.65025656317207
71,0.3247422680412371,7.267261294971365
71,0.32989690721649484,18.375995171704975
71,0.33505154639175255,4.279670524190747
71,0.3402061855670103,18.209532643684916
71,0.34536082474226804,12.456814595815604
71,0.35051546391752575,18.760865791884576
71,0.3556701030927835,3.899706397150847
71,0.36082474226804123,19.516216609388653
71,0.36597938144329895,21.986465241625314
71,0.3711340206185567,19.48874725474182
71,0.37628865979381443,3.0040996834810034
71,0.38144329896907214,3.3198319498164577
71,0.3865979381443299,18.0712894599257
71,0.3917525773195876,10.09536241728333
71,0.39690721649484534,7.012173919393675
71,0.4020618556701031,9.363347510421232
71,0.4072164948453608,13.421458696912167
71,0.41237113402061853,14.01063702898617
71,0.4175257731958763,12.213090163165147
71,0.422680412371134,19.583037351738895
71,0.42783505154639173,13.534325384331023
71,0.4329896907216495,3.754123293041984
71,0.4381443298969072,5.639609445474535
71,0.44329896907216493,11.842405540463819
71,0.4484536082474227,9.231360727258638
71,0.4536082474226804,11.743851165452002
71,0.4587628865979381,3.5012491631691653
71,0.4639175257731959,16.131206264280863
71,0.4690721649484536,7.649897932863036
71,0.4742268041237113,13.894101268335461
71,0.4793814432989691,11.150267572360448
71,0.4845360824742268,1.8578456786839832
71,0.4896907216494845,13.220840683928524
71,0.4948453608247423,9.169638277744822
72,0.0,2.4868995751603507e-14
72,0.004739336492890996,19.109026017205682
72,0.009478672985781991,13.061811091122435
72,0.014218009478672987,5.333381909443897
72,0.018957345971563982,10.231426714820714
72,0.023696682464454978,11.354989765846556
72,0.028436018957345974,16.59455615545088
72,0.03317535545023697,21.19401981935699
72,0.037914691943127965,6.40768134624525
72,0.04265402843601896,27.298612886218518
72,0.047393364928909956,2.083004373948418
72,0.05213270142180095,8.539737835273643
72,0.05687203791469195,16.14142828121114
72,0.06161137440758294,15.668073274999095
72,0.06635071090047394,15.726404327601395
72,0.07109004739336494,15.719962272149397
72,0.07582938388625593,7.626357659652181
72,0.08056872037914692,1.7058942432515167
72,0.08530805687203792,5.06346520387089
72,0.09004739336492892,7.299523582567815
72,0.09478672985781991,20.373053341668655
72,0.0995260663507109,9.686240839237994
72,0.1042654028436019,3.1892701689880183
72,0.1090047393364929,6.156147440197339
72,0.1137440758293839,6.11954181476656
72,0.11848341232227488,4.759695983948167
72,0.12322274881516589,10.746257972569344
72,0.1279620853080569,33.082434523065224
72,0.13270142180094788,16.573812111123953
72,0.13744075829383887,27.749861338212696
72,0.14218009478672988,27.74490699547042
72,0.14691943127962087,9.402371866240767
72,0.15165876777251186,10.197455774164347
72,0.15639810426540285,7.381518420534022
72,0.16113744075829384,10.145612038725218
72,0.16587677725118485,13.37775684737782
72,0.17061611374407584,8.367354134786703
72,0.17535545023696683,8.447787109570974
72,0.18009478672985785,16.951444946415265
72,0.18483412322274884,6.508000578026913
72,0.18957345971563982,5.494638907775839
72,0.1943127962085308,12.290440801158713
72,0.1990521327014218,7.048898412500313
72,0.20379146919431282,26.97905328617959
72,0.2085308056872038,15.527684573541583
72,0.2132701421800948,15.593771137433274
72,0.2180094786729858,17.23750090251469
72,0.2227488151658768,12.312539269273756
72,0.2274881516587678,10.13718110152117
72,0.23222748815165878,14.023372895039891
72,0.23696682464454977,16.689613387133573
72,0.24170616113744078,14.263531207215282
72,0.24644549763033177,12.312067300009174
72,0.2511848341232228,16.98897536417933
72,0.2559241706161138,13.854640024747189
72,0.26066350710900477,2.2332239753437566
72,0.26540284360189575,25.25600443748271
72,0.27014218009478674,14.932479371493905
72,0.27488151658767773,5.858061310904202
72,0.2796208530805687,25.054513591092316
72,0.28436018957345977,14.840464178897737
72,0.28909952606635075,16.474610635148167
72,0.29383886255924174,5.808295502149867
72,0.29857819905213273,11.45047393675554
72,0.3033175355450237,11.94476905005154
72,0.3080568720379147,19.74939163544518
72,0.3127962085308057,12.094671917309396
72,0.3175355450236967,7.053368764120085
72,0.3222748815165877,9.105476758713491
72,0.3270142180094787,5.4912329974900285
72,0.3317535545023697,5.571349265109775
72,0.3364928909952607,2.7582132366973795
72,0.3412322274881517,5.3147856986240525
72,0.3459715639810427,23.696831323888652
72,0.35071090047393366,17.915593910601924
72,0.35545023696682465,16.03489152938154
72,0.3601895734597157,8.834963643482581
72,0.3649289099526067,16.108767769097657
72,0.3696682464454977,21.537194172282028
72,0.37440758293838866,10.566549014663094
72,0.37914691943127965,10.447365016693292
72,0.38388625592417064,9.719120720447233
72,0.3886255924170616,7.563162104339118
72,0.3933649289099526,3.5660568918729467
72,0.3981042654028436,10.549479897005966
72,0.40284360189573465,10.653243543323827
72,0.40758293838862564,4.8227283987766185
72,0.4123222748815166,26.6604426246365
72,0.4170616113744076,1.8885544333789488
72,0.4218009478672986,14.486789860367459
72,0.4265402843601896,12.15580074180113
72,0.4312796208530806,9.311495350836367
72,0.4360189573459716,18.24454195469675
72,0.4407582938388626,21.434187760380844
72,0.4454976303317536,7.761212937723094
72,0.4502369668246446,20.086878811738405
72,0.4549763033175356,20.160799285429782
72,0.45971563981042657,30.643998000268137
72,0.46445497630331756,10.955480924506745
72,0.46919431279620855,7.571046057854585
72,0.47393364928909953,19.720258253811284
72,0.4786729857819906,4.370830019741069
72,0.48341232227488157,13.732375406035048
72,0.48815165876777256,9.960118818860067
72,0.49289099526066354,21.083543276006733
72,0.49763033175355453,6.493955500281858
73,0.0,6.217248937900877e-15
73,0.004784688995215311,13.86292700482548
73,0.009569377990430622,1.4442912055010468
73,0.014354066985645932,28.547647078601276
73,0.019138755980861243,19.8725397472
73,0.023923444976076555,17.33928877891096
73,0.028708133971291863,9.45679639298024
73,0.03349282296650718,7.38556153335934
73,0.03827751196172249,11.892038720351682
73,0.043062200956937795,10.640919153801532
73,0.04784688995215311,3.464680281302125
73,0.05263157894736842,14.706531433736924
73,0.057416267942583726,19.034754922400037
73,0.06220095693779904,14.273428153769254
73,0.06698564593301436,11.38769866428448
73,0.07177033492822966,12.351289100904623
73,0.07655502392344497,11.354901026943184
73,0.08133971291866028,6.241197518688249
73,0.08612440191387559,11.99519789249525
73,0.09090909090909091,15.728119219784453
73,0.09569377990430622,13.572352019222306
73,0.10047846889952153,14.434737643819192
73,0.10526315789473684,11.71356017599365
73,0.11004784688995214,2.1886610496248906
73,0.11483253588516745,4.599867978391389
73,0.11961722488038277,10.573791452026919
73,0.12440191387559808,14.6366440666795
73,0.1291866028708134,3.0814943294186454
73,0.1339712918660287,10.482230650751399
73,0.13875598086124402,12.595689283715236
73,0.14354066985645933,2.9239857825113678
73,0.14832535885167464,14.194715018097789
73,0.15311004784688995,7.923245702098508
73,0.15789473684210525,14.593720883857683
73,0.16267942583732056,16.017779211114526
73,0.16746411483253587,11.26040220749771
73,0.17224880382775118,6.611935883757878
73,0.1770334928229665,30.811545193640647
73,0.18181818181818182,8.096336085291407
73,0.18660287081339713,18.49166986675069
73,0.19138755980861244,9.214694480952383
73,0.19617224880382775,12.899155051806694
73,0.20095693779904306,13.241347444053558
73,0.20574162679425836,16.183537945891096
73,0.21052631578947367,15.940451005757497
73,0.21531100478468898,17.371364456239647
73,0.2200956937799043,13.01476868920031
73,0.2248803827751196,16.222875809340408
73,0.2296650717703349,17.421690791462172
73,0.23444976076555024,27.785195889812808
73,0.23923444976076555,18.725886315089227
73,0.24401913875598086,10.544866403348355
73,0.24880382775119617,25.678209544156925
73,0.2535885167464115,5.72230465753893
73,0.2583732057416268,29.306966456322783
73,0.2631578947368421,5.284497419143194
73,0.2679425837320574,25.655388068822276
73,0.2727272727272727,14.8646451361449
73,0.27751196172248804,19.76055742912435
73,0.2822966507177033,17.73337737195327
73,0.28708133971291866,17.537467331743066
73,0.29186602870813394,14.925795697347228
73,0.2966507177033493,14.252685765916517
73,0.30143540669856456,12.322524841233426
73,0.3062200956937799,5.485986050056367
73,0.31100478468899523,4.540958208972896
73,0.3157894736842105,2.070376030315345
73,0.32057416267942584,19.713435327619816
73,0.3253588516746411,19.264898008605712
73,0.33014354066985646,9.66208741671487
73,0.33492822966507174,12.123598243482567
73,0.3397129186602871,5.267585588956717
73,0.34449760765550236,14.081368738274977
73,0.3492822966507177,15.211086174858538
73,0.354066985645933,4.887548839696675
73,0.3588516746411483,10.37901063826262
73,0.36363636363636365,25.338707537293633
73,0.3684210526315789,8.979031622064559
73,0.37320574162679426,2.830688292895302
73,0.37799043062200954,1.1396402094987577
73,0.3827751196172249,6.833067007842793
73,0.38755980861244016,11.981996503583167
73,0.3923444976076555,10.040919079441792
73,0.3971291866028708,8.464651128558941
73,0.4019138755980861,19.26981928725053
73,0.4066985645933014,6.758546275524616
73,0.41148325358851673,19.808835275095618
73,0.41626794258373206,16.272016158027295
73,0.42105263157894735,18.070530976960114
73,0.4258373205741627,13.020747280755616
73,0.43062200956937796,20.714753801020382
73,0.4354066985645933,11.979454948023601
73,0.4401913875598086,6.010141713132989
73,0.4449760765550239,17.423721236508136
73,0.4497607655502392,16.530047460718333
73,0.45454545454545453,18.952179480006166
73,0.4593301435406698,13.542703639524035
73,0.46411483253588515,10.426052677055404
73,0.4688995215311005,12.318371593032508
73,0.47368421052631576,16.854080764699688
73,0.4784688995215311,7.11633138734431
73,0.4832535885167464,16.599751139963207
73,0.4880382775119617,6.207036493580796
73,0.492822966507177,18.921788833428906
73,0.49760765550239233,10.227622410296238
74,0.0,1.1102230246251565e-14
74,0.004975124378109453,42.06580676002206
74,0.009950248756218905,17.976309695070608
74,0.014925373134328358,12.284279757116593
74,0.01990049751243781,16.82301244161784
74,0.02487562189054726,8.474122034474739
74,0.029850746268656716,18.21670511949726
74,0.03482587064676617,9.563569089325188
74,0.03980099502487562,6.739290003221006
74,0.04477611940298507,4.302960932360872
74,0.04975124378109452,30.185854831928477
74,0.05472636815920398,16.69460783075226
74,0.05970149253731343,4.743965171898034
74,0.06467661691542288,8.880829696426831
74,0.06965174129353234,4.725840427595571
74,0.07462686567164178,4.066590949114037
74,0.07960199004975124,5.592471563835922
74,0.0845771144278607,1.9115639848888293
74,0.08955223880597014,9.258882865558625
74,0.0945273631840796,2.522010215481615
74,0.09950248756218905,3.4719870657044796
74,0.1044776119402985,5.440605090150028
74,0.10945273631840796,16.83568097524401
74,0.1144278606965174,11.05851352574313
74,0.11940298507462686,15.441771113142789
74,0.12437810945273632,11.747069472154474
74,0.12935323383084577,17.354852008528827
74,0.13432835820895522,8.946096577155481
74,0.13930348258706468,5.809169365939334
74,0.14427860696517414,13.624759146308504
74,0.14925373134328357,12.796547265334562
74,0.15422885572139303,14.416099841798717
74,0.15920398009950248,11.582179700989853
74,0.16417910447761194,5.279855885317787
74,0.1691542288557214,3.062070822511935
74,0.17412935323383083,6.642786014655742
74,0.1791044776119403,19.15337246588002
74,0.18407960199004975,8.062428079360602
74,0.1890547263681592,20.670938421777162
74,0.19402985074626866,10.081977008336144
74,0.1990049751243781,6.242224906801093
74,0.20398009950248755,12.617379895351974
74,0.208955223880597,12.927080372531076
74,0.21393034825870647,9.27875766077262
74,0.21890547263681592,22.902889037538007
74,0.22388059701492538,19.167021643674786
74,0.2288557213930348,12.322264424643535
74,0.23383084577114427,4.6739238628232425
74,0.23880597014925373,18.13587999211126
74,0.24378109452736318,10.691119194362876
74,0.24875621890547264,25.769229989434812
74,0.2537313432835821,16.121573108024545
74,0.25870646766169153,0.7558481784113956
74,0.263681592039801,10.052929113507666
74,0.26865671641791045,26.032055057006286
74,0.2736318407960199,15.186040198368199
74,0.27860696517412936,3.5759582724273122
74,0.2835820895522388,8.631652115925899
74,0.2885572139303483,14.929757121486842
74,0.2935323383084577,11.648129441934033
74,0.29850746268656714,2.7265304595970123
74,0.3034825870646766,0.7849998277913774
74,0.30845771144278605,14.752100799378013
74,0.31343283582089554,14.964665215188091
74,0.31840796019900497,21.036052923157346
74,0.3233830845771144,2.3822748545742165
74,0.3283582089552239,7.481473768698768
74,0.3333333333333333,6.627884600672026
74,0.3383084577114428,8.82383273207228
74,0.34328358208955223,31.181648861552908
74,0.34825870646766166,34.40718288498661
74,0.35323383084577115,12.478765600065755
74,0.3582089552238806,10.036635261136539
74,0.36318407960199006,6.8439898373718115
74,0.3681592039800995,12.87556633436863
74,0.3731343283582089,24.194705100298062
74,0.3781094527363184,21.468427923547292
74,0.38308457711442784,8.897976762367312
74,0.3880597014925373,7.6975524621265174
74,0.39303482587064675,2.494266519725977
74,0.3980099502487562,8.363295860202529
74,0.40298507462686567,19.81820690849668
74,0.4079601990049751,13.267051971741271
74,0.4129353233830846,7.480203174267988
74,0.417910447761194,1.108553637038316
74,0.4228855721393035,21.445183907524168
74,0.42786069651741293,3.939345258437188
74,0.43283582089552236,13.458978491152617
74,0.43781094527363185,10.916330689364345
74,0.4427860696517413,12.822876236303406
74,0.44776119402985076,2.878168879195497
74,0.4527363184079602,5.303101725038
74,0.4577114427860696,8.552964546804587
74,0.4626865671641791,10.117457557547823
74,0.46766169154228854,19.20088892087805
74,0.472636815920398,1.210851599033133
74,0.47761194029850745,10.193749953363287
74,0.4825870646766169,17.243485280408546
74,0.48756218905472637,12.98253131258334
74,0.4925373134328358,7.161420616816785
74,0.4975124378109453,24.78942414196746
75,0.0,2.2648549702353193e-14
75,0.005,22.321318743389906
75,0.01,3.5919699275724337
75,0.015,6.01424752903203
75,0.02,20.066368099954733
75,0.025,25.06855441319836
75,0.03,29.343100578128457
75,0.035,12.124208905856577
75,0.04,2.902923969209402
75,0.045,17.93789893640078
75,0.05,6.5994991657856374
75,0.055,26.111220506481306
75,0.06,16.549646799157152
75,0.065,6.669406160809872
75,0.07,14.375927895044349
75,0.075,3.834696590220524
75,0.08,3.5110868546592444
75,0.085,11.866380724744454
75,0.09,14.113916325299494
75,0.095,2.634683790797787
75,0.1,10.657386634166155
75,0.105,10.932930414122096
75,0.11,14.62215641420726
75,0.115,22.01241714430531
75,0.12,4.373352294361549
75,0.125,20.214748135021882
75,0.13,12.998186967567449
75,0.135,3.3516064576854094
75,0.14,9.049001430384903
75,0.145,11.315700829028932
75,0.15,7.241322092855927
75,0.155,16.804394173707863
75,0.16,13.397606360036812
75,0.165,15.885794527060774
75,0.17,10.680303953772086
75,0.17500000000000002,21.117023143168357
75,0.18,12.78092846369134
75,0.185,9.975457318368614
75,0.19,13.673624894131752
75,0.195,20.91287701536584
75,0.2,9.400033762014308
75,0.20500000000000002,11.46323689875871
75,0.21,7.460183760427166
75,0.215,34.810019172378155
75,0.22,8.493855923192061
75,0.225,20.442564099374618
75,0.23,6.590473896799519
75,0.23500000000000001,10.602940660011894
75,0.24,15.828441555989816
75,0.245,9.804039996583105
75,0.25,11.85625884062341
75,0.255,12.04238305371756
75,0.26,2.293636485016101
75,0.265,28.982011093499445
75,0.27,16.02461583327103
75,0.275,5.248801486338292
75,0.28,5.759414770762809
75,0.28500000000000003,13.296080536737515
75,0.29,23.738188094389592
75,0.295,10.763266172253669
75,0.3,14.935856669470523
75,0.305,17.796085801033197
75,0.31,19.47709384453245
75,0.315,11.299317104990301
75,0.32,7.169742416197398
75,0.325,0.8668231973055499
75,0.33,17.099087760209756
75,0.335,6.685153628599698
75,0.34,17.771630483029817
75,0.34500000000000003,10.77124241260936
75,0.35000000000000003,7.143065548586537
75,0.355,23.58831089419661
75,0.36,8.657237048385637
75,0.365,11.587922455750423
75,0.37,11.503382122066366
75,0.375,8.02787361504335
75,0.38,11.788100423192727
75,0.385,12.568882783073187
75,0.39,7.252792647572287
75,0.395,15.649313081888861
75,0.4,5.4415553108284085
75,0.405,4.355805364956585
75,0.41000000000000003,8.264321201285538
75,0.41500000000000004,8.535424165475433
75,0.42,22.892235784231648
75,0.425,3.9025909066043196
75,0.43,2.5585062948675317
75,0.435,1.6701244875860384
75,0.44,6.528932377970919
75,0.445,3.324274457718341
75,0.45,24.121400882159858
75,0.455,7.347892720416414
75,0.46,11.588442352166338
75,0.465,13.603094223980296
75,0.47000000000000003,11.153847856396014
75,0.47500000000000003,4.992796232216821
75,0.48,7.544886829402394
75,0.485,5.841888626634956
75,0.49,13.926977327365908
75,0.495,31.990918554300574
76,0.0,2.353672812205332e-14
76,0.005208333333333333,4.55847358557181
76,0.010416666666666666,25.980036258019148
76,0.015625,9.57977508146708
76,0.020833333333333332,19.279531660093866
76,0.026041666666666664,7.242193681100198
76,0.03125,24.658257626611793
76,0.03645833333333333,18.367526762005586
76,0.041666666666666664,18.94373925165478
76,0.046875,4.564942472781443
76,0.05208333333333333,21.111124489350875
76,0.057291666666666664,16.968868759571173
76,0.0625,16.567565000576277
76,0.06770833333333333,9.208129329023585
76,0.07291666666666666,12.730669189858835
76,0.078125,2.0836783727306183
76,0.08333333333333333,19.717079676976134
76,0.08854166666666666,21.117693531392455
76,0.09375,4.2566401838924275
76,0.09895833333333333,8.471550547247459
76,0.10416666666666666,2.582669857934265
76,0.109375,2.6440123105118296
76,0.11458333333333333,9.09795093188415
76,0.11979166666666666,7.339947303246473
76,0.125,15.983320448789586
76,0.13020833333333331,13.145851291615509
76,0.13541666666666666,17.9509049387245
76,0.140625,21.13493774909126
76,0.14583333333333331,11.987419280132569
76,0.15104166666666666,18.301117822217734
76,0.15625,7.239852483140726
76,0.16145833333333331,15.692685192931467
76,0.16666666666666666,17.346440763868593
76,0.171875,18.44149083210665
76,0.17708333333333331,3.7916270125867575
76,0.18229166666666666,4.713409609774344
76,0.1875,23.873783996905342
76,0.19270833333333331,7.049895281435612
76,0.19791666666666666,26.658272861101832
76,0.203125,4.24402177783002
76,0.20833333333333331,9.995727793847331
76,0.21354166666666666,3.564171295333323
76,0.21875,5.278587109046662
76,0.22395833333333331,10.726268877585387
76,0.22916666666666666,19.970724428286754
76,0.234375,8.222183789448644
76,0.23958333333333331,6.936595922728496
76,0.24479166666666666,20.53320175882219
76,0.25,10.791328610101395
76,0.2552083333333333,10.021762851589111
76,0.26041666666666663,27.735217751615863
76,0.265625,3.696639296098057
76,0.2708333333333333,7.541958764471655
76,0.27604166666666663,21.420361893483236
76,0.28125,19.424160700728592
76,0.2864583333333333,18.54286501184255
76,0.29166666666666663,13.671466029523858
76,0.296875,11.68160192359469
76,0.3020833333333333,11.363539138940416
76,0.30729166666666663,8.45520085137004
76,0.3125,6.437467560532114
76,0.3177083333333333,13.757342600074569
76,0.32291666666666663,9.011413180935357
76,0.328125,0.4679314406226736
76,0.3333333333333333,11.951210135881892
76,0.33854166666666663,25.540875839534657
76,0.34375,14.357202115916047
76,0.3489583333333333,8.289003301805254
76,0.35416666666666663,9.825141063800277
76,0.359375,10.60091809211823
76,0.3645833333333333,6.2668310966655545
76,0.36979166666666663,11.805965132603939
76,0.375,7.319671906254426
76,0.3802083333333333,4.624797064603079
76,0.38541666666666663,9.247371092516362
76,0.390625,10.905860800980513
76,0.3958333333333333,13.941258059943761
76,0.40104166666666663,8.62636438239328
76,0.40625,8.781496746069694
76,0.4114583333333333,20.524672549885995
76,0.41666666666666663,9.958952706236996
76,0.421875,4.092657227507672
76,0.4270833333333333,10.823788573442986
76,0.43229166666666663,17.973683420991332
76,0.4375,3.54582151316088
76,0.4427083333333333,7.828213669531725
76,0.44791666666666663,9.222356369455335
76,0.453125,14.901377902181041
76,0.4583333333333333,10.120270612446262
76,0.46354166666666663,23.67623490140717
76,0.46875,4.712970462756607
76,0.4739583333333333,8.39912111431793
76,0.47916666666666663,13.698361587111927
76,0.484375,18.407447049443338
76,0.4895833333333333,10.80614130893865
76,0.49479166666666663,20.814473768598
77,0.0,8.881784197001252e-15
77,0.0045662100456621,5.7018781787792445
77,0.0091324200913242,28.26726016725894
77,0.0136986301369863,9.537372366938564
77,0.0182648401826484,10.3877231555785
77,0.0228310502283105,11.213085126572853
77,0.0273972602739726,14.136883874279826
77,0.0319634703196347,6.589781484489869
77,0.0365296803652968,8.571014778160638
77,0.0410958904109589,17.3201738184333
77,0.045662100456621,16.15724373779243
77,0.0502283105022831,10.061757703042666
77,0.0547945205479452,0.8919186313586012
77,0.0593607305936073,7.595834421608867
77,0.0639269406392694,4.183956144995658
77,0.0684931506849315,10.85571592528528
77,0.0730593607305936,9.491960387887364
77,0.0776255707762557,13.858084044573946
77,0.0821917808219178,5.228939082493821
77,0.0867579908675799,24.43519777297247
77,0.091324200913242,12.361856383375457
77,0.0958904109589041,10.023590859048905
77,0.1004566210045662,3.3430602381434924
77,0.1050228310502283,5.741495671121255
77,0.1095890410958904,3.706141628075743
77,0.1141552511415525,5.047983856794223
77,0.1187214611872146,16.26256963044808
77,0.1232876712328767,12.931365818059975
77,0.1278538812785388,3.7276540551071196
77,0.1324200913242009,6.543427434806367
77,0.136986301369863,11.198266597118153
77,0.1415525114155251,16.21617083234052
77,0.1461187214611872,11.874270535681855
77,0.1506849315068493,10.953964549022094
77,0.1552511415525114,22.141715801503185
77,0.1598173515981735,5.7550380693904195
77,0.1643835616438356,21.60371020569872
77,0.1689497716894977,14.559610218064176
77,0.1735159817351598,6.946869550948355
77,0.1780821917808219,12.406802720705187
77,0.182648401826484,9.549705861993004
77,0.1872146118721461,17.727088614788023
77,0.1917808219178082,13.474684459262646
77,0.1963470319634703,19.286202483326164
77,0.2009132420091324,23.036364045983653
77,0.2054794520547945,7.692037569206368
77,0.2100456621004566,30.587754370666218
77,0.2146118721461187,1.3580928692032355
77,0.2191780821917808,24.951004728592338
77,0.2237442922374429,1.9925734344152326
77,0.228310502283105,15.129531638189887
77,0.2328767123287671,3.106193466876206
77,0.2374429223744292,23.563111622193922
77,0.2420091324200913,8.535818982068998
77,0.2465753424657534,5.162110579903937
77,0.2511415525114155,14.66322291915107
77,0.2557077625570776,22.956781292985895
77,0.2602739726027397,10.591070856272937
77,0.2648401826484018,20.013834913037996
77,0.2694063926940639,8.265748826218674
77,0.273972602739726,2.676640697674845
77,0.2785388127853881,22.60957700434444
77,0.2831050228310502,17.54476593513697
77,0.2876712328767123,5.083963097674461
77,0.2922374429223744,3.8778595799780198
77,0.2968036529680365,7.2300673675735085
77,0.3013698630136986,9.399719247413467
77,0.3059360730593607,18.410359773892324
77,0.3105022831050228,2.1859348679942405
77,0.3150684931506849,12.485201502321146
77,0.319634703196347,14.474766319880485
77,0.3242009132420091,27.68634929764838
77,0.3287671232876712,9.77847615748444
77,0.3333333333333333,15.001009668560078
77,0.3378995433789954,14.891527985093862
77,0.3424657534246575,2.6161236239772276
77,0.3470319634703196,13.218879261235985
77,0.3515981735159817,19.765115553474804
77,0.3561643835616438,16.652174061612644
77,0.3607305936073059,15.953865941676703
77,0.365296803652968,19.93552913339075
77,0.3698630136986301,9.307992690395421
77,0.3744292237442922,35.19751537957975
77,0.3789954337899543,20.549092620179618
77,0.3835616438356164,15.368206719748436
77,0.3881278538812785,12.652963352763427
77,0.3926940639269406,18.955481812722045
77,0.3972602739726027,5.13585083117452
77,0.4018264840182648,16.661091296964642
77,0.4063926940639269,10.046757393143954
77,0.410958904109589,29.801603908907914
77,0.4155251141552511,7.177669275071216
77,0.4200913242009132,11.220661700928682
77,0.4246575342465753,13.807710418259827
77,0.4292237442922374,25.52136312288623
77,0.4337899543378995,25.26071170382022
77,0.4383561643835616,6.859373120625721
77,0.4429223744292237,20.199739133554605
77,0.4474885844748858,9.738106584768099
77,0.4520547945205479,12.021855485999417
77,0.45662100456621,22.07661744590624
77,0.4611872146118721,12.655085113985944
77,0.4657534246575342,10.792958907453778
77,0.4703196347031963,14.37813892016959
77,0.4748858447488584,17.604374468335266
77,0.4794520547945205,7.797806542547779
77,0.4840182648401826,7.630715335135857
77,0.4885844748858447,9.900713347629793
77,0.4931506849315068,8.924284612131073
77,0.4977168949771689,16.856473993564304
78,0.0,2.6645352591003757e-14
78,0.004629629629629629,30.457750499034006
78,0.009259259259259259,17.92946529148565
78,0.013888888888888888,11.020878632952956
78,0.018518518518518517,8.205341367068632
78,0.023148148148148147,11.091826541353269
78,0.027777777777777776,3.7919403041585884
78,0.032407407407407406,4.286720611338026
78,0.037037037037037035,13.849398087311382
78,0.041666666666666664,1.1233968601010287
78,0.046296296296296294,19.18322583210646
78,0.05092592592592592,8.674429020301886
78,0.05555555555555555,11.724849824062236
78,0.06018518518518518,12.463573897460723
78,0.06481481481481481,9.024171005725659
78,0.06944444444444445,8.295810411843163
78,0.07407407407407407,11.334592719573877
78,0.07870370370370369,15.7786183155849
78,0.08333333333333333,2.339826866564304
78,0.08796296296296297,14.652101162458736
78,0.09259259259259259,15.894732572257096
78,0.09722222222222221,7.014923342116789
78,0.10185185185185185,7.169019572290626
78,0.10648148148148148,9.539706523636736
78,0.1111111111111111,12.216565902341786
78,0.11574074074074073,17.84807450244494
78,0.12037037037037036,4.703228240170114
78,0.125,10.943707609270536
78,0.12962962962962962,14.8249747254309
78,0.13425925925925924,8.497195561520627
78,0.1388888888888889,12.503715047773733
78,0.14351851851851852,10.015994825812717
78,0.14814814814814814,13.547444739592317
78,0.15277777777777776,32.815236040656416
78,0.15740740740740738,6.800098672483674
78,0.16203703703703703,24.48983251350285
78,0.16666666666666666,9.235509682833152
78,0.17129629629629628,17.295058812774734
78,0.17592592592592593,22.064209296256728
78,0.18055555555555555,2.1281428909023474
78,0.18518518518518517,20.670215647167705
78,0.1898148148148148,12.700724000659527
78,0.19444444444444442,16.3811138835387
78,0.19907407407407407,14.420668905625652
78,0.2037037037037037,6.830867769370513
78,0.20833333333333331,3.7189572530498007
78,0.21296296296296297,6.0047493996992305
78,0.2175925925925926,12.242376058929512
78,0.2222222222222222,24.390497582646127
78,0.22685185185185183,9.974458731182468
78,0.23148148148148145,10.305784756008581
78,0.2361111111111111,3.43251005657927
78,0.24074074074074073,30.998342771597322
78,0.24537037037037035,15.411791446736611
78,0.25,22.46503667383513
78,0.2546296296296296,15.313976561839892
78,0.25925925925925924,5.8336862759308525
78,0.2638888888888889,15.030150493488298
78,0.2685185185185185,9.287297838751693
78,0.27314814814814814,5.714429473910571
78,0.2777777777777778,11.739358778185016
78,0.2824074074074074,10.680898803252465
78,0.28703703703703703,0.7792525143708559
78,0.29166666666666663,14.230015237531402
78,0.2962962962962963,12.119976556540392
78,0.30092592592592593,4.558668597567156
78,0.3055555555555555,22.92626503531916
78,0.3101851851851852,12.97237959623827
78,0.31481481481481477,19.382164081775507
78,0.3194444444444444,10.82660673107305
78,0.32407407407407407,15.579628651819235
78,0.32870370370370366,8.08468096093489
78,0.3333333333333333,9.2031665902322
78,0.33796296296296297,7.755360383119947
78,0.34259259259259256,10.432208132367181
78,0.3472222222222222,8.888381672460307
78,0.35185185185185186,19.312353961542286
78,0.35648148148148145,11.161398697391883
78,0.3611111111111111,12.769426086457932
78,0.3657407407407407,12.591105422704505
78,0.37037037037037035,6.6195508536810825
78,0.375,17.37505650419961
78,0.3796296296296296,23.013521861072547
78,0.38425925925925924,11.250473828785108
78,0.38888888888888884,5.6947724412283
78,0.3935185185185185,10.164130148386766
78,0.39814814814814814,5.538885225712042
78,0.40277777777777773,9.994262622555125
78,0.4074074074074074,9.64223587933302
78,0.41203703703703703,8.7408731081926
78,0.41666666666666663,11.082442247295347
78,0.4212962962962963,9.746060572203112
78,0.42592592592592593,11.656767461281383
78,0.4305555555555555,19.558507280729522
78,0.4351851851851852,19.71777511105669
78,0.43981481481481477,31.879166893199628
78,0.4444444444444444,30.51562103539015
78,0.44907407407407407,16.441451480552853
78,0.45370370370370366,8.90492040272823
78,0.4583333333333333,23.52092495430687
78,0.4629629629629629,14.261709875967728
78,0.46759259259259256,12.431416388453899
78,0.4722222222222222,19.143424160692778
78,0.4768518518518518,11.567590578670583
78,0.48148148148148145,30.426935989252655
78,0.4861111111111111,22.593650897518454
78,0.4907407407407407,14.383435388678592
78,0.49537037037037035,6.767988144714573
79,0.0,2.042810365310288e-14
79,0.005434782608695652,13.901031138705648
79,0.010869565217391304,9.310831629054615
79,0.016304347826086956,5.57520799660868
79,0.021739130434782608,17.067565794915474
79,0.02717391304347826,15.167190806474126
79,0.03260869565217391,4.023947330398852
79,0.03804347826086957,12.75190374371158
79,0.043478260869565216,15.660269231445918
79,0.048913043478260865,17.110810623021287
79,0.05434782608695652,3.515422399459942
79,0.059782608695652176,12.223437042353797
79,0.06521739130434782,14.124422422380922
79,0.07065217391304347,6.152800148409167
79,0.07608695652173914,15.698085993785028
79,0.08152173913043478,9.320212012824008
79,0.08695652173913043,14.147464254541724
79,0.09239130434782608,3.4845782059198216
79,0.09782608695652173,7.745202732145945
79,0.10326086956521739,12.019025354516721
79,0.10869565217391304,13.198366240209541
79,0.11413043478260869,7.603984894858893
79,0.11956521739130435,17.775241477254188
79,0.125,7.9311675739560785
79,0.13043478260869565,13.981315216543711
79,0.1358695652173913,11.943549637952279
79,0.14130434782608695,18.12048196061211
79,0.1467391304347826,4.260265726461401
79,0.15217391304347827,11.132926849038853
79,0.15760869565217392,4.5245892789679765
79,0.16304347826086957,14.373901337212617
79,0.16847826086956522,27.414811954438076
79,0.17391304347826086,9.319653149403349
79,0.1793478260869565,14.315306092691266
79,0.18478260869565216,10.38257198442133
79,0.1902173913043478,7.227978036520459
79,0.19565217391304346,10.644919571601566
79,0.20108695652173914,31.39352310111692
79,0.20652173913043478,14.699231540908997
79,0.21195652173913043,13.69943512570115
79,0.21739130434782608,9.131741831916942
79,0.22282608695652173,17.534708934128705
79,0.22826086956521738,6.098309214935309
79,0.23369565217391303,17.180626457917356
79,0.2391304347826087,10.813986609758242
79,0.24456521739130435,8.925425054061606
79,0.25,2.4145801493539993
79,0.2554347826086956,13.554736838168669
79,0.2608695652173913,23.665480039105734
79,0.266304347826087,9.132915477940493
79,0.2717391304347826,7.2571502768089
79,0.27717391304347827,5.580581220355224
79,0.2826086956521739,7.677810559519121
79,0.28804347826086957,23.00592197411903
79,0.2934782608695652,18.1851413792995
79,0.29891304347826086,15.897012779822711
79,0.30434782608695654,21.672741800559052
79,0.30978260869565216,4.3386453775990645
79,0.31521739130434784,5.247468622675463
79,0.32065217391304346,7.837817080843931
79,0.32608695652173914,11.015592514591024
79,0.33152173913043476,6.552781339659993
79,0.33695652173913043,13.779984104595853
79,0.34239130434782605,5.524587896681813
79,0.34782608695652173,15.177219292583466
79,0.3532608695652174,22.87292643705201
79,0.358695652173913,5.7790642412288395
79,0.3641304347826087,7.762245943639148
79,0.3695652173913043,13.473781615345267
79,0.375,8.609928224131504
79,0.3804347826086956,28.888588943677274
79,0.3858695652173913,5.972215548240394
79,0.3913043478260869,10.198062692164443
79,0.3967391304347826,22.7855603836499
79,0.40217391304347827,21.54442699030957
79,0.4076086956521739,9.739069115865084
79,0.41304347826086957,12.472965091060175
79,0.4184782608695652,17.133343676997946
79,0.42391304347826086,15.55813042217641
79,0.4293478260869565,7.863111611509303
79,0.43478260869565216,15.34406070343065
79,0.44021739130434784,10.593460710429355
79,0.44565217391304346,6.148607217579962
79,0.45108695652173914,12.604806586141038
79,0.45652173913043476,15.117269262920287
79,0.46195652173913043,13.450258256772198
79,0.46739130434782605,8.64665325001802
79,0.47282608695652173,12.80795428595263
79,0.4782608695652174,9.793253599872202
79,0.483695652173913,12.263857385835687
79,0.4891304347826087,22.5859497766998
79,0.4945652173913043,5.241529153854465
80,0.0,4.218847493575595e-15
80,0.0051813471502590676,13.147715047548493
80,0.010362694300518135,23.71704298268014
80,0.015544041450777202,18.39902445031713
80,0.02072538860103627,9.651666775044518
80,0.02590673575129534,9.665585303852028
80,0.031088082901554404,18.158690995430288
80,0.036269430051813475,9.20923546099977
80,0.04145077720207254,16.3452551694493
80,0.046632124352331605,9.761845562830375
80,0.05181347150259068,8.388257527367445
80,0.05699481865284974,7.771760657423827
80,0.06217616580310881,19.873679628618437
80,0.06735751295336788,18.78452224852291
80,0.07253886010362695,25.407999028902765
80,0.07772020725388601,13.51539718055341
80,0.08290155440414508,15.475120833255055
80,0.08808290155440415,17.203440099289885
80,0.09326424870466321,16.499285718102993
80,0.09844559585492228,9.964455469093142
80,0.10362694300518135,9.533749331656214
80,0.10880829015544041,13.976308567437862
80,0.11398963730569948,15.588592388494082
80,0.11917098445595856,3.7476253470402408
80,0.12435233160621761,7.95021026175497
80,0.1295336787564767,16.38295410996456
80,0.13471502590673576,2.6090814553323884
80,0.13989637305699482,5.125381505395038
80,0.1450777202072539,8.517150899800637
80,0.15025906735751296,8.349088505039884
80,0.15544041450777202,6.65249616371008
80,0.1606217616580311,16.318812832861525
80,0.16580310880829016,14.340277837941073
80,0.17098445595854922,11.089845525540778
80,0.1761658031088083,9.427353799833998
80,0.18134715025906736,4.922609087559492
80,0.18652849740932642,7.231276308959063
80,0.1917098445595855,14.759210069119911
80,0.19689119170984457,6.13741972632229
80,0.20207253886010362,4.326138257133094
80,0.2072538860103627,12.346033391670517
80,0.21243523316062177,7.5370037561780165
80,0.21761658031088082,7.954338974194799
80,0.2227979274611399,7.811509366768954
80,0.22797927461139897,15.924928846671405
80,0.23316062176165803,8.17813268135265
80,0.2383419689119171,15.033834540861807
80,0.24352331606217617,12.240872279749683
80,0.24870466321243523,27.385490708848074
80,0.2538860103626943,4.990681414765586
80,0.2590673575129534,8.867962084460661
80,0.26424870466321243,16.62791443631325
80,0.2694300518134715,9.559063312796098
80,0.2746113989637306,3.831948910257907
80,0.27979274611398963,7.424275804418184
80,0.2849740932642487,12.723289021269482
80,0.2901554404145078,14.919315891075112
80,0.29533678756476683,15.651991776066499
80,0.3005181347150259,6.876214035354769
80,0.305699481865285,6.355374868207498
80,0.31088082901554404,16.44190208844306
80,0.3160621761658031,7.392518993926099
80,0.3212435233160622,11.928724281852853
80,0.32642487046632124,16.70798200812841
80,0.3316062176165803,9.868563445389148
80,0.3367875647668394,9.88928652983194
80,0.34196891191709844,16.79330667520313
80,0.3471502590673575,16.642671472183586
80,0.3523316062176166,18.639466543705804
80,0.35751295336787564,13.92515835401343
80,0.3626943005181347,19.184189991578695
80,0.3678756476683938,11.833943352534162
80,0.37305699481865284,17.570698130343704
80,0.37823834196891193,3.246703014308624
80,0.383419689119171,8.418808360954465
80,0.38860103626943004,9.989403662968206
80,0.39378238341968913,13.024526253878333
80,0.3989637305699482,29.073572071173817
80,0.40414507772020725,8.62644353173075
80,0.40932642487046633,13.05340082172858
80,0.4145077720207254,5.926697777474672
80,0.41968911917098445,8.172142850707965
80,0.42487046632124353,29.713955591197635
80,0.4300518134715026,15.836522957783908
80,0.43523316062176165,18.503629243568607
80,0.44041450777202074,14.812724794273203
80,0.4455958549222798,21.0900449623029
80,0.45077720207253885,13.040230337636478
80,0.45595854922279794,11.001462919623982
80,0.461139896373057,7.666412556651661
80,0.46632124352331605,22.759334219114702
80,0.47150259067357514,19.020811223128234
80,0.4766839378238342,12.638564808296993
80,0.48186528497409326,14.613219826104798
80,0.48704663212435234,11.059864736504188
80,0.4922279792746114,22.047365212522593
80,0.49740932642487046,7.269279720185069
81,0.0,2.353672812205332e-14
81,0.0045045045045045045,12.301075511563365
81,0.009009009009009009,23.50626347387144
81,0.013513513513513514,6.009984248332185
81,0.018018018018018018,17.316685835854408
81,0.02252252252252252,24.663412949937307
81,0.02702702702702703,21.3812668680621
81,0.03153153153153153,25.346142733787836
81,0.036036036036036036,16.08546683688091
81,0.04054054054054054,8.61068826718804
81,0.04504504504504504,10.990599687825643
81,0.04954954954954955,12.145817121296254
81,0.05405405405405406,15.116988490190819
81,0.05855855855855856,19.05393993400274
81,0.06306306306306306,29.938567945921704
81,0.06756756756756757,6.696737100277564
81,0.07207207207207207,10.54093530340181
81,0.07657657657657657,21.679698602803214
81,0.08108108108108109,3.1191718438511606
81,0.08558558558558559,9.208673694066748
81,0.09009009009009009,5.196185763868143
81,0.0945945945945946,5.267960166776256
81,0.0990990990990991,2.053504174730947
81,0.1036036036036036,11.287892141323374
81,0.10810810810810811,4.483759658079589
81,0.11261261261261261,13.764891884348312
81,0.11711711711711711,17.2090477190764
81,0.12162162162162161,14.952327129219844
81,0.12612612612612611,4.653283017513157
81,0.13063063063063063,5.466687069467718
81,0.13513513513513514,10.581310354703723
81,0.13963963963963963,2.9415423656553736
81,0.14414414414414414,9.38096592046461
81,0.14864864864864866,17.118908590785722
81,0.15315315315315314,9.161470747097987
81,0.15765765765765766,15.340028804696999
81,0.16216216216216217,1.5498265067477615
81,0.16666666666666666,15.761366560600337
81,0.17117117117117117,6.477031018512136
81,0.17567567567567569,12.487119882143652
81,0.18018018018018017,32.2978589587984
81,0.18468468468468469,12.035150021881611
81,0.1891891891891892,23.40825055293883
81,0.19369369369369369,8.76784955802215
81,0.1981981981981982,16.13231349253518
81,0.20270270270270271,16.39374410278056
81,0.2072072072072072,6.570320230436264
81,0.21171171171171171,9.95811583316651
81,0.21621621621621623,12.225370172274731
81,0.22072072072072071,4.937413822648898
81,0.22522522522522523,17.43218320513202
81,0.22972972972972971,17.113365853883618
81,0.23423423423423423,11.168767914290317
81,0.23873873873873874,20.406266336106135
81,0.24324324324324323,11.309742157240066
81,0.24774774774774774,17.582041489573196
81,0.25225225225225223,27.858017031361445
81,0.25675675675675674,18.003560339351917
81,0.26126126126126126,15.306986589090394
81,0.26576576576576577,9.419946501568436
81,0.2702702702702703,10.243356247709459
81,0.2747747747747748,14.642083682726032
81,0.27927927927927926,12.743707447680078
81,0.28378378378378377,16.43748643101544
81,0.2882882882882883,13.853280036653985
81,0.2927927927927928,9.947493829077255
81,0.2972972972972973,12.3842466798949
81,0.3018018018018018,23.51620627403603
81,0.3063063063063063,15.427997311099343
81,0.3108108108108108,3.976449524861018
81,0.3153153153153153,12.574094672514159
81,0.31981981981981983,6.786109568335955
81,0.32432432432432434,6.248166919889865
81,0.3288288288288288,7.422803631043243
81,0.3333333333333333,7.394151915696958
81,0.33783783783783783,16.35377355537964
81,0.34234234234234234,8.86790461971825
81,0.34684684684684686,27.13224522675505
81,0.35135135135135137,6.370635682094361
81,0.35585585585585583,29.987514304666995
81,0.36036036036036034,11.060287181736086
81,0.36486486486486486,7.942227877175865
81,0.36936936936936937,23.00207157001568
81,0.3738738738738739,9.673816850752926
81,0.3783783783783784,23.614377249446292
81,0.38288288288288286,20.121537389921457
81,0.38738738738738737,16.743373819317792
81,0.3918918918918919,14.060087076061777
81,0.3963963963963964,7.652117461896944
81,0.4009009009009009,20.730359277318108
81,0.40540540540540543,23.747871963981382
81,0.4099099099099099,13.208165101663711
81,0.4144144144144144,8.466500025459606
81,0.4189189189189189,10.252777966486791
81,0.42342342342342343,16.654328639081417
81,0.42792792792792794,4.573331567003375
81,0.43243243243243246,16.303056255342888
81,0.4369369369369369,9.378487010501233
81,0.44144144144144143,15.651655422113153
81,0.44594594594594594,3.5126762667678255
81,0.45045045045045046,15.108016130349846
81,0.45495495495495497,15.88767647281213
81,0.45945945945945943,14.267400129111365
81,0.46396396396396394,17.11640442992837
81,0.46846846846846846,5.393874966587983
81,0.47297297297297297,7.807879529188196
81,0.4774774774774775,25.202929472613192
81,0.481981981981982,4.678850273160006
81,0.48648648648648646,0.9978651781568838
81,0.49099099099099097,16.469061852672898
81,0.4954954954954955,15.92753045479795
82,0.0,1.709743457922741e-14
82,0.0045871559633027525,31.576112463011402
82,0.009174311926605505,21.227348862582865
82,0.013761467889908258,28.50789118519132
82,0.01834862385321101,10.591953254420698
82,0.022935779816513763,12.729408416988175
82,0.027522935779816515,8.808999029715425
82,0.03211009174311927,4.80871822267024
82,0.03669724770642202,14.542692318724184
82,0.04128440366972477,9.762066583431208
82,0.045871559633027525,9.338283199790613
82,0.05045871559633028,9.964050991959303
82,0.05504587155963303,19.595111267956067
82,0.05963302752293578,7.926271142096581
82,0.06422018348623854,17.110264063613776
82,0.06880733944954129,2.418703931081898
82,0.07339449541284404,19.510555504422634
82,0.0779816513761468,8.783355529016278
82,0.08256880733944955,8.323545083895922
82,0.0871559633027523,8.604411362116078
82,0.09174311926605505,14.143658039249331
82,0.0963302752293578,18.22785423806574
82,0.10091743119266056,15.983684901994767
82,0.10550458715596331,10.9873777795027
82,0.11009174311926606,4.93673328185998
82,0.11467889908256881,7.4488913225318605
82,0.11926605504587157,15.376148094170919
82,0.12385321100917432,11.66042277636613
82,0.12844036697247707,11.616426861388359
82,0.13302752293577982,3.138557593835705
82,0.13761467889908258,16.317625867140563
82,0.14220183486238533,8.357509069105998
82,0.14678899082568808,9.88466898666982
82,0.15137614678899083,9.170614939745503
82,0.1559633027522936,9.90940264521235
82,0.16055045871559634,17.597282887514762
82,0.1651376146788991,11.94878931615903
82,0.16972477064220184,18.302967328861058
82,0.1743119266055046,6.502088757724941
82,0.17889908256880735,24.160698225459356
82,0.1834862385321101,10.62752108059647
82,0.18807339449541285,17.608363251751786
82,0.1926605504587156,18.38141996168988
82,0.19724770642201836,9.031475433263486
82,0.2018348623853211,12.876541055492567
82,0.20642201834862386,16.72643935060362
82,0.21100917431192662,16.865546415639052
82,0.21559633027522937,12.031015156588925
82,0.22018348623853212,10.281514267227298
82,0.22477064220183487,6.7408653015773545
82,0.22935779816513763,9.4093033812149
82,0.23394495412844038,6.020356830715597
82,0.23853211009174313,12.441984842714978
82,0.24311926605504589,24.268138916503144
82,0.24770642201834864,13.25038580184416
82,0.2522935779816514,10.028532583013918
82,0.25688073394495414,6.764370361995632
82,0.26146788990825687,18.30796601693005
82,0.26605504587155965,9.154504387171896
82,0.27064220183486243,19.636145634046823
82,0.27522935779816515,17.388866179877194
82,0.2798165137614679,20.783624190511667
82,0.28440366972477066,22.590848871211428
82,0.28899082568807344,8.82812963807417
82,0.29357798165137616,18.531741456289012
82,0.2981651376146789,30.755557400244435
82,0.30275229357798167,5.378886182386114
82,0.30733944954128445,14.233589054915605
82,0.3119266055045872,8.867971847688581
82,0.3165137614678899,4.643166923184018
82,0.3211009174311927,8.274954284607102
82,0.32568807339449546,14.695328281386411
82,0.3302752293577982,8.695006916218398
82,0.3348623853211009,17.407222947595766
82,0.3394495412844037,6.4813594661290495
82,0.34403669724770647,15.608707901568904
82,0.3486238532110092,23.763512332646997
82,0.3532110091743119,11.836312914928282
82,0.3577981651376147,16.9030160198219
82,0.3623853211009175,17.926089408401094
82,0.3669724770642202,19.038759628012865
82,0.37155963302752293,10.384092349804359
82,0.3761467889908257,28.1485914535866
82,0.3807339449541285,6.850448125009048
82,0.3853211009174312,10.627089258672388
82,0.38990825688073394,23.36392762476236
82,0.3944954128440367,11.642981386545612
82,0.3990825688073395,8.51893742561093
82,0.4036697247706422,17.851094317884616
82,0.40825688073394495,7.643918775068615
82,0.41284403669724773,8.816206724254323
82,0.4174311926605505,17.781581733081822
82,0.42201834862385323,15.548907834151022
82,0.42660550458715596,3.237933771887152
82,0.43119266055045874,26.975056146250914
82,0.4357798165137615,15.04658355874063
82,0.44036697247706424,11.131750138517253
82,0.44495412844036697,11.518371057148748
82,0.44954128440366975,8.747070030957357
82,0.45412844036697253,16.613797924850545
82,0.45871559633027525,30.56561506345973
82,0.463302752293578,3.6272855947412004
82,0.46788990825688076,9.572938304530444
82,0.47247706422018354,17.713064522067498
82,0.47706422018348627,10.272350147851574
82,0.481651376146789,5.038594080757145
82,0.48623853211009177,12.346388696698652
82,0.49082568807339455,13.246934765474633
82,0.4954128440366973,10.296600230492807
83,0.0,4.263256414560601e-14
83,0.0049261083743842365,13.263321222610442
83,0.009852216748768473,20.212485328710006
83,0.014778325123152709,28.036950458175024
83,0.019704433497536946,3.3142259218302157
83,0.024630541871921183,7.7211919148324135
83,0.029556650246305417,19.614149223193937
83,0.034482758620689655,14.144685168749877
83,0.03940886699507389,7.8839125688602145
83,0.04433497536945813,15.44509344219574
83,0.04926108374384237,17.307418061825178
83,0.054187192118226604,8.53862997556033
83,0.059113300492610835,17.212202626028507
83,0.06403940886699508,3.886595692175631
83,0.06896551724137931,2.0414807610688306
83,0.07389162561576355,13.920966553294255
83,0.07881773399014778,4.718696671815379
83,0.08374384236453201,16.233506436524234
83,0.08866995073891626,12.48790905526796
83,0.09359605911330049,13.368015997407696
83,0.09852216748768473,18.46225273176131
83,0.10344827586206896,2.436197564399552
83,0.10837438423645321,10.666741636295246
83,0.11330049261083744,28.219223844747003
83,0.11822660098522167,18.35363022477705
83,0.12315270935960591,11.592414276105963
83,0.12807881773399016,15.996880766312673
83,0.1330049261083744,10.778780879957237
83,0.13793103448275862,4.095653145358126
83,0.14285714285714285,6.560439381826094
83,0.1477832512315271,11.698071281661633
83,0.15270935960591134,19.721891111408254
83,0.15763546798029557,24.934017239814747
83,0.1625615763546798,10.47125603474151
83,0.16748768472906403,8.446392043131
83,0.1724137931034483,7.784904036632155
83,0.17733990147783252,6.6433998862663906
83,0.18226600985221675,1.0236256473646521
83,0.18719211822660098,11.859845036812098
83,0.19211822660098524,9.946895523581102
83,0.19704433497536947,9.724771628890739
83,0.2019704433497537,17.343973087579194
83,0.20689655172413793,12.01514681233038
83,0.21182266009852216,7.7373678864138
83,0.21674876847290642,16.015634507998556
83,0.22167487684729065,1.6478742465223823
83,0.22660098522167488,14.211723377064551
83,0.2315270935960591,17.807048053388602
83,0.23645320197044334,18.537367764923363
83,0.2413793103448276,11.755370787964562
83,0.24630541871921183,6.320013175400491
83,0.2512315270935961,5.410456754615031
83,0.2561576354679803,20.667588949454466
83,0.26108374384236455,16.12286837806661
83,0.2660098522167488,9.079374157325889
83,0.270935960591133,11.867157620798281
83,0.27586206896551724,25.675132631103143
83,0.28078817733990147,12.940610807112511
83,0.2857142857142857,8.474008235398871
83,0.29064039408866993,18.10468819632824
83,0.2955665024630542,10.703652100384504
83,0.30049261083743845,6.7854914864507245
83,0.3054187192118227,12.401556669973743
83,0.3103448275862069,2.315346660797409
83,0.31527093596059114,19.091541958339644
83,0.32019704433497537,19.38015490722758
83,0.3251231527093596,3.2769989872994034
83,0.33004926108374383,14.668293973560628
83,0.33497536945812806,8.735280940576855
83,0.33990147783251234,21.484988486629973
83,0.3448275862068966,12.043165361061954
83,0.3497536945812808,24.825396468239312
83,0.35467980295566504,26.451980201196083
83,0.35960591133004927,5.80275061400764
83,0.3645320197044335,23.02807482907481
83,0.3694581280788177,7.960285699022402
83,0.37438423645320196,12.091737563364438
83,0.3793103448275862,9.987764205331864
83,0.3842364532019705,0.37153885900846245
83,0.3891625615763547,31.57556954490095
83,0.39408866995073893,14.999198605496732
83,0.39901477832512317,9.288598279846335
83,0.4039408866995074,6.727914848661289
83,0.4088669950738916,21.48151135347205
83,0.41379310344827586,8.540710061709872
83,0.4187192118226601,17.770245629276985
83,0.4236453201970443,9.059874308000545
83,0.4285714285714286,29.141871458394323
83,0.43349753694581283,4.001770094906959
83,0.43842364532019706,2.4532675414508
83,0.4433497536945813,13.395928036386167
83,0.4482758620689655,3.8704314711147942
83,0.45320197044334976,22.515487894765382
83,0.458128078817734,6.812959252271943
83,0.4630541871921182,11.788530087047766
83,0.46798029556650245,4.811013001297754
83,0.4729064039408867,6.971657269549407
83,0.47783251231527096,18.961287493084754
83,0.4827586206896552,5.754752811184831
83,0.4876847290640394,9.112051512049675
83,0.49261083743842365,9.309610508120265
83,0.4975369458128079,6.3326623044377985
84,0.0,3.019806626980426e-14
84,0.005025125628140704,12.238829655122926
84,0.010050251256281407,1.2900632881522693
84,0.01507537688442211,11.980503529773877
84,0.020100502512562814,14.055157044901042
84,0.02512562814070352,7.179750103199922
84,0.03015075376884422,7.829618284238932
84,0.035175879396984924,18.890521908106802
84,0.04020100502512563,11.847407918577035
84,0.04522613065326633,11.927817605042607
84,0.05025125628140704,2.2242520559285515
84,0.05527638190954774,15.80803889687269
84,0.06030150753768844,12.222812211610378
84,0.06532663316582915,15.177823048352197
84,0.07035175879396985,10.05729096476865
84,0.07537688442211056,19.084517340021193
84,0.08040201005025126,0.5987918002530119
84,0.08542713567839195,2.308055417622445
84,0.09045226130653267,7.8114677209119865
84,0.09547738693467336,10.98026296516194
84,0.10050251256281408,18.012084060120333
84,0.10552763819095477,9.155077277541713
84,0.11055276381909548,12.762035227226429
84,0.11557788944723618,9.298028565562536
84,0.12060301507537688,11.713415773051086
84,0.12562814070351758,11.546659030926943
84,0.1306532663316583,7.574990339110679
84,0.135678391959799,10.438154895762363
84,0.1407035175879397,10.669732871882816
84,0.1457286432160804,16.094783443328197
84,0.15075376884422112,23.388407945040566
84,0.15577889447236182,9.004551998720672
84,0.16080402010050251,8.406011227689783
84,0.1658291457286432,13.943396541578643
84,0.1708542713567839,16.669493230547822
84,0.17587939698492464,22.05450305667236
84,0.18090452261306533,10.13090925521492
84,0.18592964824120603,14.585459377326313
84,0.19095477386934673,15.096844473647026
84,0.19597989949748745,28.75394830579615
84,0.20100502512562815,6.676356753256397
84,0.20603015075376885,7.467295282441303
84,0.21105527638190955,11.830443279875208
84,0.21608040201005024,17.98497952047044
84,0.22110552763819097,8.998197521234394
84,0.22613065326633167,4.499960000605563
84,0.23115577889447236,3.1326006791436525
84,0.23618090452261306,23.47444577662581
84,0.24120603015075376,7.190886037514644
84,0.24623115577889448,6.218667268434587
84,0.25125628140703515,8.433344322104123
84,0.2562814070351759,10.736406503918088
84,0.2613065326633166,20.490706373567757
84,0.2663316582914573,8.44832750930207
84,0.271356783919598,25.116383167617855
84,0.2763819095477387,17.328852544408058
84,0.2814070351758794,18.042848938513377
84,0.2864321608040201,10.647552118042235
84,0.2914572864321608,2.0337529998654222
84,0.2964824120603015,22.294994541381676
84,0.30150753768844224,8.931868804235737
84,0.3065326633165829,21.444401745546084
84,0.31155778894472363,14.99968248232832
84,0.3165829145728643,10.029566704049772
84,0.32160804020100503,6.0470479806645825
84,0.32663316582914576,9.957379615608724
84,0.3316582914572864,17.90802150534804
84,0.33668341708542715,11.235774810786333
84,0.3417085427135678,8.192015113994717
84,0.34673366834170855,10.502741629125062
84,0.35175879396984927,25.690197314403072
84,0.35678391959798994,19.180971350963514
84,0.36180904522613067,17.00278183118884
84,0.36683417085427134,16.021764201771525
84,0.37185929648241206,11.763446614513805
84,0.3768844221105528,10.888452813437194
84,0.38190954773869346,3.6916057024165454
84,0.3869346733668342,16.583521015017222
84,0.3919597989949749,6.165492435547441
84,0.3969849246231156,9.450645111577423
84,0.4020100502512563,9.569265589492705
84,0.40703517587939697,7.685601008638228
84,0.4120603015075377,16.461898873504712
84,0.4170854271356784,10.882618767505052
84,0.4221105527638191,29.106644134980765
84,0.4271356783919598,8.094568251499581
84,0.4321608040201005,7.677225399836289
84,0.4371859296482412,10.886990888428636
84,0.44221105527638194,11.22431677145218
84,0.4472361809045226,12.018011565779783
84,0.45226130653266333,24.27889798533648
84,0.457286432160804,3.899751793155739
84,0.4623115577889447,9.365969531096411
84,0.46733668341708545,33.67965382321871
84,0.4723618090452261,10.393692596390448
84,0.47738693467336685,2.4008750600029174
84,0.4824120603015075,26.919755926520992
84,0.48743718592964824,20.57503254531703
84,0.49246231155778897,4.611189882885489
84,0.49748743718592964,5.109022746904756
85,0.0,5.10702591327572e-15
85,0.004464285714285714,21.338728475516668
85,0.008928571428571428,7.106683604790995
85,0.013392857142857142,14.444892991022906
85,0.017857142857142856,12.165113948009454
85,0.02232142857142857,13.877332358503464
85,0.026785714285714284,20.08013939332912
85,0.03125,2.1329040217870068
85,0.03571428571428571,18.757143957923095
85,0.040178571428571425,17.938325792478345
85,0.04464285714285714,8.940717869866821
85,0.049107142857142856,32.815890572444076
85,0.05357142857142857,9.227955038544003
85,0.05803571428571428,15.517610054784106
85,0.0625,37.0319692999757
85,0.06696428571428571,4.606683048108481
85,0.07142857142857142,9.819965840769067
85,0.07589285714285714,19.26923137566733
85,0.08035714285714285,3.6289093136952815
85,0.08482142857142856,5.484162368555083
85,0.08928571428571427,3.5148191927851036
85,0.09375,20.485051689518485
85,0.09821428571428571,17.539488279688097
85,0.10267857142857142,25.709294999623484
85,0.10714285714285714,6.578306824658589
85,0.11160714285714285,5.591264233552734
85,0.11607142857142856,18.558750972254686
85,0.12053571428571427,18.22747939298441
85,0.125,14.68903375452661
85,0.1294642857142857,13.725452209382421
85,0.13392857142857142,7.05797144590214
85,0.13839285714285712,2.895575092447722
85,0.14285714285714285,14.468510251304362
85,0.14732142857142858,5.911621925833178
85,0.15178571428571427,20.75823180682774
85,0.15625,20.48947389790529
85,0.1607142857142857,21.471345832563642
85,0.16517857142857142,28.35756879836038
85,0.16964285714285712,8.642078105293004
85,0.17410714285714285,27.87579327959973
85,0.17857142857142855,5.032874923792652
85,0.18303571428571427,5.363559770458775
85,0.1875,7.568100899677192
85,0.1919642857142857,10.685024620985253
85,0.19642857142857142,9.19159636421967
85,0.20089285714285712,12.265820132349932
85,0.20535714285714285,6.038302449853983
85,0.20982142857142855,5.0067329222939865
85,0.21428571428571427,21.53162602374477
85,0.21875,24.141748100692052
85,0.2232142857142857,13.22732112627617
85,0.22767857142857142,10.329893601114305
85,0.23214285714285712,6.528689621338044
85,0.23660714285714285,15.444717909755994
85,0.24107142857142855,17.775803485916224
85,0.24553571428571427,11.420741723303626
85,0.25,4.671584254788187
85,0.2544642857142857,4.564265422113896
85,0.2589285714285714,3.5230269338850757
85,0.26339285714285715,14.90082207175209
85,0.26785714285714285,12.923094988487835
85,0.27232142857142855,4.843648643920333
85,0.27678571428571425,12.031790027743812
85,0.28125,6.39794934674573
85,0.2857142857142857,17.568464228419337
85,0.2901785714285714,16.372740466133052
85,0.29464285714285715,18.50905707428427
85,0.29910714285714285,8.009645818325863
85,0.30357142857142855,9.342488096241492
85,0.30803571428571425,18.70625756255603
85,0.3125,15.17202842968357
85,0.3169642857142857,5.760088634222831
85,0.3214285714285714,9.565469728645333
85,0.32589285714285715,5.82918283282242
85,0.33035714285714285,8.884790587174091
85,0.33482142857142855,10.382039609967647
85,0.33928571428571425,17.67184794420645
85,0.34375,21.804982732654466
85,0.3482142857142857,9.622518083945698
85,0.3526785714285714,16.519954059777202
85,0.3571428571428571,19.626228284258925
85,0.36160714285714285,24.688765352672238
85,0.36607142857142855,24.699573439349948
85,0.37053571428571425,20.96065619690205
85,0.375,5.239671286616092
85,0.3794642857142857,16.707715217681802
85,0.3839285714285714,6.6377239046971255
85,0.3883928571428571,12.246957976600921
85,0.39285714285714285,22.603141628032454
85,0.39732142857142855,12.893292624591057
85,0.40178571428571425,8.652712981084749
85,0.40625,8.326657004614932
85,0.4107142857142857,9.616188106301696
85,0.4151785714285714,12.020175650595462
85,0.4196428571428571,26.375289306904687
85,0.42410714285714285,17.204682568215897
85,0.42857142857142855,16.200358071699448
85,0.43303571428571425,6.844160701402853
85,0.4375,4.822058049969095
85,0.4419642857142857,9.218631672339166
85,0.4464285714285714,12.249760128267532
85,0.4508928571428571,11.912664918885676
85,0.45535714285714285,17.026452198304046
85,0.45982142857142855,4.055646421545213
85,0.46428571428571425,11.321107557375463
85,0.46875,22.92945223830968
85,0.4732142857142857,11.478669567606218
85,0.4776785714285714,3.461468416512006
85,0.4821428571428571,19.63814415118005
85,0.48660714285714285,15.405277569252787
85,0.49107142857142855,3.7616041616788416
85,0.49553571428571425,17.695967053088935
86,0.0,5.329070518200751e-15
86,0.004830917874396135,8.453137562936664
86,0.00966183574879227,7.689359018520683
86,0.014492753623188404,15.87530126778305
86,0.01932367149758454,20.325383326605365
86,0.024154589371980676,6.419274149468564
86,0.02898550724637681,4.78985364503202
86,0.033816425120772944,17.610385125591495
86,0.03864734299516908,17.742197737131203
86,0.043478260869565216,26.336247256729845
86,0.04830917874396135,17.682002127734023
86,0.05314009661835749,7.260350190800302
86,0.05797101449275362,10.411268429524679
86,0.06280193236714976,5.84225804545039
86,0.06763285024154589,19.110093563720536
86,0.07246376811594203,18.77634901627758
86,0.07729468599033816,2.077083028218299
86,0.08212560386473429,13.287844041110864
86,0.08695652173913043,3.4615562919671716
86,0.09178743961352656,11.211805145398548
86,0.0966183574879227,9.831449209318395
86,0.10144927536231883,3.003457683424137
86,0.10628019323671498,15.652034480986755
86,0.1111111111111111,22.041846762831952
86,0.11594202898550723,10.950483148065155
86,0.12077294685990338,15.823720052156657
86,0.12560386473429952,15.61495557689247
86,0.13043478260869565,18.84627327231611
86,0.13526570048309178,11.86651498234205
86,0.1400966183574879,2.1982002071937172
86,0.14492753623188406,8.8853614833656
86,0.1497584541062802,3.260309846390784
86,0.15458937198067632,18.885436752626592
86,0.15942028985507245,2.561173266085986
86,0.16425120772946858,8.444802318829943
86,0.16908212560386474,6.363301444241274
86,0.17391304347826086,9.21052423808417
86,0.178743961352657,19.107267667720734
86,0.18357487922705312,8.87649482310104
86,0.18840579710144928,29.938655790299357
86,0.1932367149758454,29.61297971242467
86,0.19806763285024154,13.721490578933077
86,0.20289855072463767,20.945652465308108
86,0.2077294685990338,14.638924556470492
86,0.21256038647342995,16.67426967636798
86,0.21739130434782608,16.536018219475615
86,0.2222222222222222,12.403454768192901
86,0.22705314009661834,14.708229301856568
86,0.23188405797101447,8.543082253822677
86,0.23671497584541062,11.727427402209441
86,0.24154589371980675,8.523923143361381
86,0.24637681159420288,11.175215583755346
86,0.25120772946859904,20.07395668801014
86,0.25603864734299514,0.8204330327721894
86,0.2608695652173913,10.490904944596766
86,0.26570048309178745,20.668132721417734
86,0.27053140096618356,7.623632525111021
86,0.2753623188405797,6.894257143440378
86,0.2801932367149758,9.203752055747673
86,0.28502415458937197,16.317740858632057
86,0.2898550724637681,15.035412640999152
86,0.2946859903381642,19.695415613071134
86,0.2995169082125604,4.856429964477278
86,0.3043478260869565,14.958333188400706
86,0.30917874396135264,16.523472314084962
86,0.3140096618357488,10.191014484095664
86,0.3188405797101449,4.507842929253133
86,0.32367149758454106,3.3099690167694673
86,0.32850241545893716,17.948257218412103
86,0.3333333333333333,12.653639210221579
86,0.33816425120772947,6.450712925636459
86,0.3429951690821256,16.26084106928913
86,0.34782608695652173,13.394999071719852
86,0.35265700483091783,12.890318958869953
86,0.357487922705314,8.207612561019394
86,0.36231884057971014,11.858582774884505
86,0.36714975845410625,11.869446138801337
86,0.3719806763285024,5.538540446090211
86,0.37681159420289856,15.230123783705789
86,0.38164251207729466,1.2902612963017595
86,0.3864734299516908,23.211797969782527
86,0.3913043478260869,9.197771473555568
86,0.3961352657004831,15.693862062086755
86,0.40096618357487923,20.601787617987057
86,0.40579710144927533,10.559124986217507
86,0.4106280193236715,20.381884645641765
86,0.4154589371980676,27.879303987712028
86,0.42028985507246375,23.28441885797167
86,0.4251207729468599,14.904384405351605
86,0.429951690821256,11.157142835548642
86,0.43478260869565216,9.77822743663727
86,0.43961352657004826,8.201663638856632
86,0.4444444444444444,8.880833423977357
86,0.4492753623188406,10.631517080236229
86,0.4541062801932367,11.333015035666543
86,0.45893719806763283,31.364309696712876
86,0.46376811594202894,12.059661696458285
86,0.4685990338164251,9.591827502869114
86,0.47342995169082125,3.069297742926406
86,0.47826086956521735,14.056421985224578
86,0.4830917874396135,24.974637725458706
86,0.48792270531400966,12.96914085686449
86,0.49275362318840576,5.296149745111141
86,0.4975845410628019,8.967307477635984
87,0.0,5.10702591327572e-15
87,0.0051813471502590676,17.926717129273406
87,0.010362694300518135,6.137329743886698
87,0.015544041450777202,4.731003174064466
87,0.02072538860103627,27.868496968155334
87,0.02590673575129534,8.430595265862713
87,0.031088082901554404,2.124365694750952
87,0.036269430051813475,5.66882093029535
87,0.04145077720207254,12.634586536994332
87,0.046632124352331605,7.6359092349847355
87,0.05181347150259068,8.059104947750347
87,0.05699481865284974,8.615764993071489
87,0.06217616580310881,21.57641055858692
87,0.06735751295336788,14.13402216251281
87,0.07253886010362695,10.573019501536983
87,0.07772020725388601,11.322797625098202
87,0.08290155440414508,14.928125745440692
87,0.08808290155440415,11.500626732724825
87,0.09326424870466321,6.907638331503911
87,0.09844559585492228,5.157838442521902
87,0.10362694300518135,7.793976076484183
87,0.10880829015544041,10.00508232023377
87,0.11398963730569948,15.464921363130552
87,0.11917098445595856,16.36710030911562
87,0.12435233160621761,4.421723459445093
87,0.1295336787564767,5.494746229606238
87,0.13471502590673576,9.980407443967112
87,0.13989637305699482,19.503385354019134
87,0.1450777202072539,5.247544209131994
87,0.15025906735751296,28.350441420362337
87,0.15544041450777202,9.564854772434789
87,0.1606217616580311,7.493134141229376
87,0.16580310880829016,21.0731074040489
87,0.17098445595854922,7.421251093389307
87,0.1761658031088083,14.612621746150669
87,0.18134715025906736,11.314788974065284
87,0.18652849740932642,12.170698216599467
87,0.1917098445595855,9.250603099934025
87,0.19689119170984457,3.990530064079986
87,0.20207253886010362,25.567805532150835
87,0.2072538860103627,30.050118201831463
87,0.21243523316062177,26.432129687654825
87,0.21761658031088082,14.699818930539506
87,0.2227979274611399,9.585806682062506
87,0.22797927461139897,15.749889202557494
87,0.23316062176165803,35.65748343693279
87,0.2383419689119171,12.615634306290548
87,0.24352331606217617,14.761307069211176
87,0.24870466321243523,3.7617863146328414
87,0.2538860103626943,3.667984567722904
87,0.2590673575129534,17.090676710629978
87,0.26424870466321243,22.52563720663252
87,0.2694300518134715,6.987224239961362
87,0.2746113989637306,3.1725671219494735
87,0.27979274611398963,0.9510225159660408
87,0.2849740932642487,7.674171001407299
87,0.2901554404145078,8.970461994308492
87,0.29533678756476683,8.557412120678661
87,0.3005181347150259,15.923543342382414
87,0.305699481865285,22.90245873765965
87,0.31088082901554404,11.829000980943508
87,0.3160621761658031,8.665869928627645
87,0.3212435233160622,7.616351280642352
87,0.32642487046632124,20.32230159389464
87,0.3316062176165803,4.109173865229397
87,0.3367875647668394,9.114371152156057
87,0.34196891191709844,13.793826510737592
87,0.3471502590673575,12.482339816379506
87,0.3523316062176166,17.98783721036337
87,0.35751295336787564,3.8710545982895113
87,0.3626943005181347,14.82950975168633
87,0.3678756476683938,15.693413170886048
87,0.37305699481865284,15.660270672352283
87,0.37823834196891193,11.055881110443591
87,0.383419689119171,22.293693718426553
87,0.38860103626943004,9.742072488064435
87,0.39378238341968913,6.644124646920214
87,0.3989637305699482,13.757661438128647
87,0.40414507772020725,5.73611589734799
87,0.40932642487046633,10.118221004958663
87,0.4145077720207254,11.731485132748256
87,0.41968911917098445,17.234218188367695
87,0.42487046632124353,15.228604873611149
87,0.4300518134715026,1.3807863907567177
87,0.43523316062176165,10.839879752655307
87,0.44041450777202074,16.105284374209432
87,0.4455958549222798,5.858984491733268
87,0.45077720207253885,8.112949906174725
87,0.45595854922279794,10.713596083075702
87,0.461139896373057,17.303352581429458
87,0.46632124352331605,17.202548543554297
87,0.47150259067357514,14.042537436531024
87,0.4766839378238342,4.934169610084709
87,0.48186528497409326,6.937952948034612
87,0.48704663212435234,7.487627888033882
87,0.4922279792746114,16.496251011454238
87,0.49740932642487046,18.550113614718413
88,0.0,1.2434497875801753e-14
88,0.004608294930875576,1.0268661988370027
88,0.009216589861751152,33.64008461238781
88,0.013824884792626727,4.692951896690136
88,0.018433179723502304,18.924357066098697
88,0.02304147465437788,11.17188590619082
88,0.027649769585253454,10.151971665562003
88,0.03225806451612903,14.299511323344342
88,0.03686635944700461,8.895587912906572
88,0.041474654377880185,19.082222261178124
88,0.04608294930875576,5.489895403401171
88,0.05069124423963134,7.65880132078889
88,0.05529953917050691,3.878702753361617
88,0.059907834101382486,20.575122574911173
88,0.06451612903225806,5.9755161512999155
88,0.06912442396313365,7.8974955556403375
88,0.07373271889400922,13.38827612181632
88,0.07834101382488479,12.512762544439617
88,0.08294930875576037,13.524047101982255
88,0.08755760368663594,18.642242149737182
88,0.09216589861751152,11.712652447298918
88,0.0967741935483871,16.506644185865845
88,0.10138248847926268,17.053097234803296
88,0.10599078341013825,13.677499564667245
88,0.11059907834101382,29.555725342286927
88,0.1152073732718894,14.035903827539611
88,0.11981566820276497,14.051577631975647
88,0.12442396313364056,9.185362105904096
88,0.12903225806451613,22.17978649046233
88,0.1336405529953917,21.216164429936143
88,0.1382488479262673,3.1872783315462336
88,0.14285714285714285,4.012652618686215
88,0.14746543778801843,9.220973756090443
88,0.15207373271889402,9.8933408966712
88,0.15668202764976957,7.633877389507786
88,0.16129032258064516,16.259703539934367
88,0.16589861751152074,7.054316634837016
88,0.17050691244239632,12.84833167368088
88,0.17511520737327188,4.530606042137221
88,0.17972350230414746,21.028258154975617
88,0.18433179723502305,10.401786086076621
88,0.1889400921658986,17.376915160775873
88,0.1935483870967742,3.5265376200534724
88,0.19815668202764977,28.17857269487874
88,0.20276497695852536,14.652225027977847
88,0.2073732718894009,21.201036006446998
88,0.2119815668202765,7.465585017512499
88,0.21658986175115208,12.44902055021591
88,0.22119815668202764,1.4051242900769463
88,0.22580645161290322,17.896567026789985
88,0.2304147465437788,4.688100946704127
88,0.2350230414746544,6.413961251385251
88,0.23963133640552994,30.264957496450922
88,0.24423963133640553,6.90872151339596
88,0.2488479262672811,25.015317739168086
88,0.2534562211981567,5.5557586856232
88,0.25806451612903225,17.38319126906279
88,0.2626728110599078,30.22587081798415
88,0.2672811059907834,12.06383300124567
88,0.271889400921659,28.623686858175795
88,0.2764976958525346,19.63046396636829
88,0.28110599078341014,22.098237703921264
88,0.2857142857142857,25.985287129262204
88,0.2903225806451613,10.429066659087944
88,0.29493087557603687,16.187162365684348
88,0.2995391705069124,11.22443833242758
88,0.30414746543778803,17.8771352081992
88,0.3087557603686636,2.653130233977447
88,0.31336405529953915,1.741089747049444
88,0.31797235023041476,7.103286338025269
88,0.3225806451612903,4.599553513338872
88,0.3271889400921659,2.4719229655053114
88,0.3317972350230415,2.314006320917374
88,0.33640552995391704,13.254174818245625
88,0.34101382488479265,15.481622581364375
88,0.3456221198156682,11.218322744901885
88,0.35023041474654376,7.788439993911549
88,0.3548387096774194,13.37065578656911
88,0.35944700460829493,8.749557993141766
88,0.3640552995391705,12.712990155761581
88,0.3686635944700461,14.690598743881397
88,0.37327188940092165,13.567926911791401
88,0.3778801843317972,4.548308980699353
88,0.3824884792626728,22.96000475318559
88,0.3870967741935484,19.739643812482395
88,0.391705069124424,14.939874793320135
88,0.39631336405529954,25.914621042539782
88,0.4009216589861751,17.7125058437611
88,0.4055299539170507,10.242802545661874
88,0.41013824884792627,21.103821790909265
88,0.4147465437788018,13.660871078075138
88,0.41935483870967744,2.8649272653310494
88,0.423963133640553,6.119364269938841
88,0.42857142857142855,1.1397459182248788
88,0.43317972350230416,17.744848708079736
88,0.4377880184331797,21.253577188726403
88,0.44239631336405527,4.134826004982967
88,0.4470046082949309,14.253977660802313
88,0.45161290322580644,19.126398369698133
88,0.45622119815668205,6.801638007294137
88,0.4608294930875576,3.636945058636031
88,0.46543778801843316,3.250313982200737
88,0.4700460829493088,6.785906421094232
88,0.47465437788018433,3.21517213360854
88,0.4792626728110599,8.644080508324521
88,0.4838709677419355,15.091455696806571
88,0.48847926267281105,10.343226390561608
88,0.4930875576036866,14.54498454421322
88,0.4976958525345622,9.389204618637056
89,0.0,1.7763568394002505e-15
89,0.005376344086021506,19.792857623537422
89,0.010752688172043012,19.920432937326886
89,0.016129032258064516,22.401102513471347
89,0.021505376344086023,12.530169931092955
89,0.02688172043010753,14.50001437305456
89,0.03225806451612903,15.66285501937425
89,0.03763440860215054,12.084184442256927
89,0.043010752688172046,19.502699213964938
89,0.048387096774193554,23.899561912824677
89,0.05376344086021506,22.72307968752858
89,0.05913978494623656,4.104697466547596
89,0.06451612903225806,20.368581021434135
89,0.06989247311827958,11.135107133589974
89,0.07526881720430108,5.258471957872684
89,0.08064516129032259,11.247941635546802
89,0.08602150537634409,3.993244751045203
89,0.0913978494623656,3.180972837505486
89,0.09677419354838711,14.222400821916056
89,0.10215053763440861,18.657705980875892
89,0.10752688172043012,22.044922386228585
89,0.11290322580645162,12.536939520455688
89,0.11827956989247312,17.26743398835658
89,0.12365591397849464,14.720773451552482
89,0.12903225806451613,13.824154783426254
89,0.13440860215053765,3.462734932543348
89,0.13978494623655915,15.131518997853163
89,0.14516129032258066,10.45848758151797
89,0.15053763440860216,6.547097279702751
89,0.15591397849462366,13.69241447850353
89,0.16129032258064518,20.142522617437915
89,0.16666666666666669,3.1040799414809372
89,0.17204301075268819,11.459189313164835
89,0.1774193548387097,11.823678232514581
89,0.1827956989247312,14.133701511531218
89,0.18817204301075272,15.789236969903232
89,0.19354838709677422,12.757781227393066
89,0.19892473118279572,24.270449279864106
89,0.20430107526881722,12.304734653737713
89,0.20967741935483872,15.809308559012594
89,0.21505376344086025,5.838899825243135
89,0.22043010752688175,19.94161399931208
89,0.22580645161290325,24.653309864125067
89,0.23118279569892475,10.845840011427754
89,0.23655913978494625,17.259719365678006
89,0.24193548387096775,7.579983279433537
89,0.24731182795698928,12.465008885531066
89,0.25268817204301075,11.679882243497262
89,0.25806451612903225,19.481434443326773
89,0.2634408602150538,2.785484317811705
89,0.2688172043010753,12.894346401934655
89,0.2741935483870968,5.943505470746159
89,0.2795698924731183,2.563436015350002
89,0.2849462365591398,10.911249695712561
89,0.2903225806451613,11.401687485541485
89,0.2956989247311828,23.97288289621543
89,0.3010752688172043,20.337662116665225
89,0.3064516129032258,6.093672889828615
89,0.3118279569892473,5.310851836184377
89,0.31720430107526887,4.088498346216215
89,0.32258064516129037,6.430270740439382
89,0.32795698924731187,10.621198398836887
89,0.33333333333333337,5.0175902860029025
89,0.33870967741935487,10.781696302828744
89,0.34408602150537637,3.8475111993989146
89,0.34946236559139787,5.6350552759258665
89,0.3548387096774194,11.969256034882024
89,0.3602150537634409,9.980937073308402
89,0.3655913978494624,9.04802906401644
89,0.3709677419354839,20.134125794086916
89,0.37634408602150543,2.971118048962468
89,0.38172043010752693,5.963745579684315
89,0.38709677419354843,8.7239728691674
89,0.39247311827956993,9.198041447575582
89,0.39784946236559143,10.701191195879975
89,0.40322580645161293,8.473326855363037
89,0.40860215053763443,7.009470247818836
89,0.41397849462365593,4.971464192836494
89,0.41935483870967744,7.714345108319142
89,0.42473118279569894,14.289785746520513
89,0.4301075268817205,14.224808105368297
89,0.435483870967742,18.05979288722474
89,0.4408602150537635,23.400449037246887
89,0.446236559139785,13.63355430341382
89,0.4516129032258065,6.603149448095036
89,0.456989247311828,11.288820034686603
89,0.4623655913978495,11.833250116437759
89,0.467741935483871,14.537513786790925
89,0.4731182795698925,14.925041957398955
89,0.478494623655914,7.673610220960459
89,0.4838709677419355,17.808575264595337
89,0.48924731182795705,19.03674221689417
89,0.49462365591397855,2.8431900494074966
90,0.0,3.552713678800501e-15
90,0.005208333333333333,21.932049878750842
90,0.010416666666666666,28.843345071505595
90,0.015625,25.50664313680388
90,0.020833333333333332,17.763686640436113
90,0.026041666666666664,7.105816969945616
90,0.03125,12.294170248515696
90,0.03645833333333333,16.058519042265996
90,0.041666666666666664,11.671905701461549
90,0.046875,3.654564225711428
90,0.05208333333333333,3.1919996906614703
90,0.057291666666666664,10.358860904959442
90,0.0625,17.876459442135875
90,0.06770833333333333,3.4185866595212877
90,0.07291666666666666,3.2710499033270537
90,0.078125,18.592191355735167
90,0.08333333333333333,7.94058703547191
90,0.08854166666666666,3.0787215546363886
90,0.09375,10.170106825070068
90,0.09895833333333333,5.34615245203149
90,0.10416666666666666,5.506611529806558
90,0.109375,20.6422281768421
90,0.11458333333333333,3.8594083885559423
90,0.11979166666666666,17.960958051077487
90,0.125,13.421420340184609
90,0.13020833333333331,14.987379189481425
90,0.13541666666666666,14.348557009064278
90,0.140625,10.107829340358167
90,0.14583333333333331,7.736434041385905
90,0.15104166666666666,9.599363357912987
90,0.15625,5.463877132743832
90,0.16145833333333331,8.8313028229518
90,0.16666666666666666,9.022999761861126
90,0.171875,1.8725665718429032
90,0.17708333333333331,0.8299026127684984
90,0.18229166666666666,14.864501332048736
90,0.1875,13.096742673916022
90,0.19270833333333331,4.122572347333259
90,0.19791666666666666,5.744302305950165
90,0.203125,15.346309229442076
90,0.20833333333333331,8.391155776503682
90,0.21354166666666666,8.646486866587018
90,0.21875,6.827160919392263
90,0.22395833333333331,14.273393936680176
90,0.22916666666666666,13.854794464204845
90,0.234375,19.449567232532416
90,0.23958333333333331,0.5769421904832447
90,0.24479166666666666,8.600103677471695
90,0.25,17.58592573036418
90,0.2552083333333333,5.683198118214177
90,0.26041666666666663,14.552289554873598
90,0.265625,17.697436103334866
90,0.2708333333333333,9.674527469023525
90,0.27604166666666663,7.213061283150702
90,0.28125,20.718226807027516
90,0.2864583333333333,17.69751150584549
90,0.29166666666666663,17.85288745598331
90,0.296875,21.157174028263874
90,0.3020833333333333,6.63142922677292
90,0.30729166666666663,17.681885102158812
90,0.3125,5.235241185330212
90,0.3177083333333333,24.730500798564577
90,0.32291666666666663,32.09081790439323
90,0.328125,1.0369673440015525
90,0.3333333333333333,3.0888379425337287
90,0.33854166666666663,8.344519957245996
90,0.34375,19.963064727565072
90,0.3489583333333333,20.547819267898113
90,0.35416666666666663,23.093347500847653
90,0.359375,9.738219402971888
90,0.3645833333333333,11.616449699413677
90,0.36979166666666663,17.80080882574531
90,0.375,15.561972277457887
90,0.3802083333333333,7.242422137889471
90,0.38541666666666663,21.801780607039607
90,0.390625,9.526529791822107
90,0.3958333333333333,19.190877849835022
90,0.40104166666666663,6.506351502614088
90,0.40625,2.972203937846336
90,0.4114583333333333,15.994871786404307
90,0.41666666666666663,17.814817839044576
90,0.421875,19.09142330345046
90,0.4270833333333333,4.273398579590454
90,0.43229166666666663,5.659143115288326
90,0.4375,8.344423594480205
90,0.4427083333333333,7.8794937210440885
90,0.44791666666666663,15.11053005146597
90,0.453125,24.154230269350396
90,0.4583333333333333,10.1348905638758
90,0.46354166666666663,9.872440081538038
90,0.46875,11.098982839374136
90,0.4739583333333333,12.888758541471034
90,0.47916666666666663,8.81897994217307
90,0.484375,6.0386061999794665
90,0.4895833333333333,10.966077322148491
90,0.49479166666666663,20.7968313465518
91,0.0,7.105427357601002e-15
91,0.005291005291005291,18.00559198783158
91,0.010582010582010581,9.553465226075781
91,0.015873015873015872,24.454548193922815
91,0.021164021164021163,12.69305234364083
91,0.026455026455026454,7.73820433517891
91,0.031746031746031744,14.109513634667106
91,0.037037037037037035,4.8740830819327305
91,0.042328042328042326,12.80311469760874
91,0.047619047619047616,25.030236242831887
91,0.05291005291005291,15.015401730493398
91,0.0582010582010582,33.8893737709563
91,0.06349206349206349,7.2047969876158655
91,0.06878306878306878,14.950320581393397
91,0.07407407407407407,5.2687162668577
91,0.07936507936507936,8.081200680405514
91,0.08465608465608465,28.396315843634824
91,0.08994708994708994,15.744593608892046
91,0.09523809523809523,7.913852624743554
91,0.10052910052910052,6.306499229381405
91,0.10582010582010581,17.060163993445055
91,0.1111111111111111,5.9580325585764475
91,0.1164021164021164,9.887757947736292
91,0.12169312169312169,11.246416442752063
91,0.12698412698412698,8.798422034559803
91,0.13227513227513227,12.883563305571808
91,0.13756613756613756,19.9781333290688
91,0.14285714285714285,9.954216989482736
91,0.14814814814814814,6.717694791187014
91,0.15343915343915343,7.424206918760704
91,0.15873015873015872,15.117294980746058
91,0.164021164021164,11.036394181581702
91,0.1693121693121693,14.222474301028866
91,0.1746031746031746,12.197038199150901
91,0.17989417989417988,12.537245717272743
91,0.18518518518518517,19.140250443516504
91,0.19047619047619047,5.592668558937909
91,0.19576719576719576,7.27872908862717
91,0.20105820105820105,11.93071994883952
91,0.20634920634920634,10.489593955928113
91,0.21164021164021163,12.201426825544951
91,0.21693121693121692,12.495072170489747
91,0.2222222222222222,5.948733981934035
91,0.2275132275132275,18.62586795179966
91,0.2328042328042328,10.138494337900267
91,0.23809523809523808,14.434730510989407
91,0.24338624338624337,13.305739147523143
91,0.24867724867724866,17.719853761640525
91,0.25396825396825395,21.918045576362132
91,0.25925925925925924,8.509214066710115
91,0.26455026455026454,8.93292316405163
91,0.2698412698412698,8.869549462071083
91,0.2751322751322751,10.567924226652202
91,0.2804232804232804,20.432195368326852
91,0.2857142857142857,7.548025441135772
91,0.291005291005291,13.316964539975622
91,0.2962962962962963,5.755402946366779
91,0.30158730158730157,19.665046787902543
91,0.30687830687830686,19.57845471236042
91,0.31216931216931215,7.733003064391278
91,0.31746031746031744,9.321868062761272
91,0.32275132275132273,16.29682874889838
91,0.328042328042328,20.967324792891514
91,0.3333333333333333,7.883227732084651
91,0.3386243386243386,9.49529507691575
91,0.3439153439153439,7.57317805676614
91,0.3492063492063492,9.057373400283241
91,0.3544973544973545,7.2384751828088225
91,0.35978835978835977,12.218241218644774
91,0.36507936507936506,14.620180902703657
91,0.37037037037037035,9.241700544332405
91,0.37566137566137564,1.8487992268079638
91,0.38095238095238093,7.3201847814479795
91,0.3862433862433862,14.69232534108191
91,0.3915343915343915,1.6698427340253899
91,0.3968253968253968,20.04387817679352
91,0.4021164021164021,14.166157597677236
91,0.4074074074074074,5.363955823514176
91,0.4126984126984127,10.307207123170969
91,0.41798941798941797,14.52788670622073
91,0.42328042328042326,12.113500641934918
91,0.42857142857142855,11.178908319382053
91,0.43386243386243384,24.546371920359856
91,0.43915343915343913,14.529215239266632
91,0.4444444444444444,3.6172965470153953
91,0.4497354497354497,11.602723099792914
91,0.455026455026455,12.191096888128822
91,0.4603174603174603,16.922732710748654
91,0.4656084656084656,5.392700450287599
91,0.4708994708994709,8.007449789624108
91,0.47619047619047616,13.461068869081778
91,0.48148148148148145,18.114334064028235
91,0.48677248677248675,23.986420550582487
91,0.49206349206349204,6.338552278574455
91,0.4973544973544973,15.40627446397168
92,0.0,2.1316282072803006e-14
92,0.005494505494505495,20.21391913964372
92,0.01098901098901099,13.343989419141362
92,0.016483516483516484,21.34683776752386
92,0.02197802197802198,12.493437005314258
92,0.027472527472527476,1.3693497542466002
92,0.03296703296703297,5.729849168445678
92,0.038461538461538464,4.3725293484295245
92,0.04395604395604396,7.376582143661231
92,0.049450549450549455,8.872260357254424
92,0.05494505494505495,18.820766557965747
92,0.06043956043956045,13.725870213557677
92,0.06593406593406594,6.036074833446279
92,0.07142857142857144,7.31402803114552
92,0.07692307692307693,20.149080780208052
92,0.08241758241758243,19.75952523263294
92,0.08791208791208792,13.354910741999678
92,0.09340659340659341,7.584661929133573
92,0.09890109890109891,16.77780999764213
92,0.1043956043956044,6.105472826244529
92,0.1098901098901099,2.487195592591288
92,0.11538461538461539,10.699024876861204
92,0.1208791208791209,20.66855502857225
92,0.1263736263736264,14.340781559974355
92,0.13186813186813187,5.791103447412876
92,0.13736263736263737,20.31738636934625
92,0.14285714285714288,17.538488875793178
92,0.14835164835164835,9.613124561511627
92,0.15384615384615385,14.514291618201955
92,0.15934065934065936,25.02526683412108
92,0.16483516483516486,20.5515285254361
92,0.17032967032967034,12.114762035265123
92,0.17582417582417584,20.654436707523367
92,0.18131868131868134,15.59778833099826
92,0.18681318681318682,22.706801680492998
92,0.19230769230769232,15.097389394089744
92,0.19780219780219782,19.987736829734356
92,0.20329670329670332,19.19476963701641
92,0.2087912087912088,2.6732606481024814
92,0.2142857142857143,17.31545888152477
92,0.2197802197802198,7.329252153796916
92,0.22527472527472528,2.955049741169962
92,0.23076923076923078,22.041139864927423
92,0.23626373626373628,1.4274749128573307
92,0.2417582417582418,16.946347143463445
92,0.24725274725274726,3.7557574206306814
92,0.2527472527472528,1.6594696825956925
92,0.25824175824175827,8.078446492498188
92,0.26373626373626374,9.68296063433923
92,0.2692307692307693,4.829609168796382
92,0.27472527472527475,10.822600274384868
92,0.2802197802197802,15.963149443194013
92,0.28571428571428575,11.451569992761641
92,0.29120879120879123,10.418880455992278
92,0.2967032967032967,15.399997055429056
92,0.30219780219780223,17.35578543454463
92,0.3076923076923077,10.463342881845074
92,0.3131868131868132,8.110895923213407
92,0.3186813186813187,7.809813498399041
92,0.3241758241758242,17.872586920597794
92,0.3296703296703297,4.914638500449942
92,0.3351648351648352,7.437720509533325
92,0.34065934065934067,2.379087784245105
92,0.3461538461538462,3.5506210764947292
92,0.3516483516483517,14.18502270436784
92,0.35714285714285715,17.56310258276736
92,0.3626373626373627,19.21103658322395
92,0.36813186813186816,7.988172782304275
92,0.37362637362637363,11.11499412009025
92,0.37912087912087916,7.685768120962159
92,0.38461538461538464,23.87070885798934
92,0.39010989010989017,1.8149567201043955
92,0.39560439560439564,12.06596694636639
92,0.4010989010989011,21.646269330001523
92,0.40659340659340665,11.316403796515537
92,0.4120879120879121,3.3958439256691215
92,0.4175824175824176,10.718036707095326
92,0.42307692307692313,16.92856407561881
92,0.4285714285714286,11.852585927811333
92,0.4340659340659341,11.473448514254683
92,0.4395604395604396,16.49132022977706
92,0.4450549450549451,18.604023011383937
92,0.45054945054945056,7.798560786674847
92,0.4560439560439561,13.599984740302009
92,0.46153846153846156,8.495458142340192
92,0.4670329670329671,9.018465521421177
92,0.47252747252747257,12.541734972317666
92,0.47802197802197804,6.961522966553767
92,0.4835164835164836,8.35763514996117
92,0.48901098901098905,14.865773383129401
92,0.4945054945054945,3.965219818541914
93,0.0,1.9539925233402755e-14
93,0.004878048780487805,15.57434007350832
93,0.00975609756097561,25.71820895074586
93,0.014634146341463414,13.952142483703838
93,0.01951219512195122,26.999654430416868
93,0.024390243902439025,19.16434091866781
93,0.029268292682926828,10.716840956885482
93,0.03414634146341464,5.150108812966869
93,0.03902439024390244,13.345567032426942
93,0.04390243902439024,5.8935935402845425
93,0.04878048780487805,9.31985683762919
93,0.05365853658536585,10.13064317100265
93,0.058536585365853655,20.781532843969867
93,0.06341463414634146,6.851808221447537
93,0.06829268292682927,14.23865592245362
93,0.07317073170731707,1.9232226532139323
93,0.07804878048780488,2.433690326675275
93,0.08292682926829269,5.34966844655688
93,0.08780487804878048,15.794047902998123
93,0.09268292682926829,13.727076717614848
93,0.0975609756097561,18.457277886266755
93,0.1024390243902439,6.705012990271817
93,0.1073170731707317,13.103349790425922
93,0.11219512195121951,9.216228720509454
93,0.11707317073170731,10.70105968576973
93,0.12195121951219512,9.331833568133698
93,0.12682926829268293,5.40307220079517
93,0.13170731707317074,19.689027508349604
93,0.13658536585365855,8.225595467764292
93,0.14146341463414633,6.657360103982918
93,0.14634146341463414,7.114430721400436
93,0.15121951219512195,17.075005332905437
93,0.15609756097560976,7.4784962922316165
93,0.16097560975609757,8.62691759987656
93,0.16585365853658537,27.309573818369874
93,0.17073170731707318,16.901460436788657
93,0.17560975609756097,16.402362169615223
93,0.18048780487804877,17.337483173621507
93,0.18536585365853658,19.939092977508142
93,0.1902439024390244,8.299016749289077
93,0.1951219512195122,7.0065272646329975
93,0.2,11.485550989208846
93,0.2048780487804878,5.485876647785054
93,0.2097560975609756,20.108575194118387
93,0.2146341463414634,17.14524130603449
93,0.21951219512195122,21.77825292295691
93,0.22439024390243903,17.460616646643306
93,0.22926829268292684,18.287102677094115
93,0.23414634146341462,5.08779716496455
93,0.23902439024390243,22.295602728830445
93,0.24390243902439024,20.028157208543185
93,0.24878048780487805,13.16484573280746
93,0.25365853658536586,9.171694267858628
93,0.25853658536585367,23.52748642385527
93,0.2634146341463415,20.202784811484694
93,0.2682926829268293,8.11312476833363
93,0.2731707317073171,10.288128134801322
93,0.2780487804878049,17.93378030400931
93,0.28292682926829266,8.11309019146742
93,0.28780487804878047,11.079737498941093
93,0.2926829268292683,4.370374926998844
93,0.2975609756097561,8.251016674682417
93,0.3024390243902439,3.9244340405834057
93,0.3073170731707317,9.582390368599418
93,0.3121951219512195,16.42769388796538
93,0.3170731707317073,12.888632102909266
93,0.32195121951219513,5.063158419589542
93,0.32682926829268294,21.49691561027228
93,0.33170731707317075,9.326059106369492
93,0.33658536585365856,4.467377196872648
93,0.34146341463414637,18.1691040740996
93,0.3463414634146341,2.2914221550138243
93,0.35121951219512193,10.508876062677814
93,0.35609756097560974,8.809499501501778
93,0.36097560975609755,19.757776452342803
93,0.36585365853658536,5.8954891864493675
93,0.37073170731707317,10.076232845131356
93,0.375609756097561,17.436526839000837
93,0.3804878048780488,14.357997498669357
93,0.3853658536585366,22.665567024418287
93,0.3902439024390244,25.723823146959234
93,0.3951219512195122,21.23193083506763
93,0.4,10.790123010965338
93,0.40487804878048783,13.214902842476711
93,0.4097560975609756,10.974975184746485
93,0.4146341463414634,18.65712418119211
93,0.4195121951219512,15.890844928514975
93,0.424390243902439,20.042013153749604
93,0.4292682926829268,15.505893856697572
93,0.43414634146341463,11.46188294600831
93,0.43902439024390244,9.682445537091642
93,0.44390243902439025,4.948506452403232
93,0.44878048780487806,28.29228308733696
93,0.45365853658536587,9.531452973935385
93,0.4585365853658537,4.208317211207222
93,0.4634146341463415,12.582390176983171
93,0.46829268292682924,12.059313249330394
93,0.47317073170731705,7.266559109365373
93,0.47804878048780486,6.804574614664673
93,0.48292682926829267,15.713388202690773
93,0.4878048780487805,18.6755772425823
93,0.4926829268292683,2.091478920362321
93,0.4975609756097561,11.313915095348055
94,0.0,1.4210854715202004e-14
94,0.005263157894736842,14.299846148096707
94,0.010526315789473684,4.736020094632777
94,0.015789473684210527,26.849519445484148
94,0.021052631578947368,26.551311690249896
94,0.02631578947368421,9.062490396900664
94,0.031578947368421054,23.581976512449522
94,0.03684210526315789,19.650265517934095
94,0.042105263157894736,15.314680382592915
94,0.04736842105263158,6.0480196808870765
94,0.05263157894736842,7.910277293710949
94,0.05789473684210526,17.61140202622324
94,0.06315789473684211,21.133939947618927
94,0.06842105263157895,18.22795659476072
94,0.07368421052631578,10.155710966920399
94,0.07894736842105263,9.202129203329351
94,0.08421052631578947,13.877102048502842
94,0.08947368421052632,8.902016861515985
94,0.09473684210526316,14.945582547431966
94,0.09999999999999999,22.48461345352852
94,0.10526315789473684,12.953249000609274
94,0.11052631578947368,11.364673754600283
94,0.11578947368421053,3.430824951149154
94,0.12105263157894737,6.00457220919633
94,0.12631578947368421,9.849028916838165
94,0.13157894736842105,17.588841316104972
94,0.1368421052631579,5.862137719167827
94,0.14210526315789473,15.737094419873996
94,0.14736842105263157,17.840573610893667
94,0.15263157894736842,31.428266606827147
94,0.15789473684210525,4.523155532401465
94,0.1631578947368421,10.3460583281425
94,0.16842105263157894,4.655986228304834
94,0.17368421052631577,3.883590780386358
94,0.17894736842105263,3.586466999994303
94,0.18421052631578946,6.216341338861014
94,0.18947368421052632,8.265090529852536
94,0.19473684210526315,10.975972124636519
94,0.19999999999999998,8.447869913167493
94,0.20526315789473684,11.84769579946778
94,0.21052631578947367,10.663433735729509
94,0.21578947368421053,7.567125521377404
94,0.22105263157894736,17.341874926174466
94,0.2263157894736842,11.367935564649807
94,0.23157894736842105,20.2231142486182
94,0.23684210526315788,22.561332329229216
94,0.24210526315789474,8.259810415425672
94,0.24736842105263157,18.401196609554788
94,0.25263157894736843,7.823546837900772
94,0.25789473684210523,18.222180614842042
94,0.2631578947368421,19.154292144002667
94,0.26842105263157895,0.832474058301985
94,0.2736842105263158,16.06512787351362
94,0.2789473684210526,4.240634518646505
94,0.28421052631578947,14.023551416628878
94,0.2894736842105263,6.1761404531977
94,0.29473684210526313,26.370271862531368
94,0.3,17.50776521445283
94,0.30526315789473685,6.972756898460645
94,0.31052631578947365,9.49797202687853
94,0.3157894736842105,6.275662017613341
94,0.32105263157894737,3.582628028407306
94,0.3263157894736842,4.096701126543034
94,0.33157894736842103,12.244449635208252
94,0.3368421052631579,2.295816709673946
94,0.34210526315789475,20.775067563457252
94,0.34736842105263155,14.49623544434522
94,0.3526315789473684,2.747482648039261
94,0.35789473684210527,6.959543940962569
94,0.3631578947368421,9.9332892383038
94,0.3684210526315789,7.461872233485383
94,0.3736842105263158,2.989966370114147
94,0.37894736842105264,16.946461354108315
94,0.38421052631578945,5.725177763274701
94,0.3894736842105263,26.403716796319365
94,0.39473684210526316,7.5786648788626305
94,0.39999999999999997,3.7118376837481866
94,0.4052631578947368,6.092491332359556
94,0.4105263157894737,6.369150797195188
94,0.41578947368421054,24.69760322819058
94,0.42105263157894735,5.585870953938369
94,0.4263157894736842,4.781749544191727
94,0.43157894736842106,14.335225439014941
94,0.43684210526315786,11.96036281146274
94,0.4421052631578947,2.3010143176414237
94,0.4473684210526316,12.872557449049904
94,0.4526315789473684,8.758451605411276
94,0.45789473684210524,3.405858511824359
94,0.4631578947368421,18.27146802309901
94,0.46842105263157896,5.599872910454863
94,0.47368421052631576,14.959508568903514
94,0.4789473684210526,15.457307427732598
94,0.4842105263157895,9.483351023803582
94,0.4894736842105263,29.83003053440247
94,0.49473684210526314,6.794550520552231
95,0.0,3.197442310920451e-14
95,0.004807692307692308,11.046163528401024
95,0.009615384615384616,6.240365193074651
95,0.014423076923076924,4.428728582532594
95,0.019230769230769232,2.2855763778898623
95,0.02403846153846154,4.079475498342545
95,0.028846153846153848,3.7162819408587446
95,0.03365384615384616,10.491519923080883
95,0.038461538461538464,8.991051081936227
95,0.04326923076923077,6.1555159413785345
95,0.04807692307692308,21.70253686810441
95,0.05288461538461539,11.346913184009942
95,0.057692307692307696,2.540412151357537
95,0.0625,13.745555778902398
95,0.06730769230769232,7.661570057910264
95,0.07211538461538462,23.963720256348967
95,0.07692307692307693,10.31346129236918
95,0.08173076923076923,10.78389772176136
95,0.08653846153846154,12.98556133059029
95,0.09134615384615385,13.600776081219381
95,0.09615384615384616,24.552180385092058
95,0.10096153846153846,8.221056278170511
95,0.10576923076923078,5.394587853381515
95,0.11057692307692309,11.132456408048679
95,0.11538461538461539,10.736190121971122
95,0.1201923076923077,20.050205562944075
95,0.125,5.8955161091599
95,0.12980769230769232,22.55645885213672
95,0.13461538461538464,5.379572038639564
95,0.13942307692307693,3.117105358921498
95,0.14423076923076925,13.916335062405832
95,0.14903846153846154,14.724115845445965
95,0.15384615384615385,14.429286027205722
95,0.15865384615384617,8.070418056274454
95,0.16346153846153846,11.653052039278956
95,0.16826923076923078,19.31089636660604
95,0.17307692307692307,13.538024774240297
95,0.1778846153846154,21.065463297356516
95,0.1826923076923077,17.42088942140313
95,0.1875,15.152813820590671
95,0.19230769230769232,7.863740717170767
95,0.19711538461538464,5.554294708361827
95,0.20192307692307693,21.1975651798708
95,0.20673076923076925,13.263975244443683
95,0.21153846153846156,14.624412270799429
95,0.21634615384615385,2.180722439136495
95,0.22115384615384617,16.3217151946418
95,0.22596153846153846,15.292601160901373
95,0.23076923076923078,18.544209888675148
95,0.2355769230769231,11.688542628050454
95,0.2403846153846154,17.355939856167986
95,0.2451923076923077,10.671233219716528
95,0.25,7.361799446094049
95,0.25480769230769235,7.407484320009513
95,0.25961538461538464,14.887092322333602
95,0.2644230769230769,22.06993116717579
95,0.2692307692307693,10.285355449392467
95,0.27403846153846156,9.135174087635377
95,0.27884615384615385,16.773886374137284
95,0.28365384615384615,8.858176466646187
95,0.2884615384615385,14.188285809952347
95,0.2932692307692308,13.40015441555601
95,0.2980769230769231,4.473760247916197
95,0.3028846153846154,11.004347827437227
95,0.3076923076923077,5.732818058674335
95,0.3125,7.1453595832700225
95,0.31730769230769235,17.864844461280438
95,0.32211538461538464,25.464306660083587
95,0.3269230769230769,9.607892498075591
95,0.3317307692307693,7.788457331949886
95,0.33653846153846156,17.49285864519105
95,0.34134615384615385,6.0025634725104915
95,0.34615384615384615,12.256750179493416
95,0.3509615384615385,7.72468469219603
95,0.3557692307692308,11.567026531453848
95,0.3605769230769231,23.8443044616331
95,0.3653846153846154,32.80904775657374
95,0.3701923076923077,12.933875716872722
95,0.375,10.382078942780858
95,0.37980769230769235,18.951791952572318
95,0.38461538461538464,13.312149246326635
95,0.3894230769230769,10.415722125428484
95,0.3942307692307693,9.987540342423166
95,0.39903846153846156,18.007176141797622
95,0.40384615384615385,16.809378067787414
95,0.4086538461538462,14.201178035046377
95,0.4134615384615385,9.795731365733511
95,0.4182692307692308,15.499114504813594
95,0.42307692307692313,16.1159952855074
95,0.4278846153846154,12.230121805675715
95,0.4326923076923077,11.563627008841545
95,0.4375,20.075322448531256
95,0.44230769230769235,9.237749995822657
95,0.44711538461538464,13.089477015651134
95,0.4519230769230769,9.541292695660117
95,0.4567307692307693,4.193780609206383
95,0.46153846153846156,3.1451850308876095
95,0.46634615384615385,24.597387276443264
95,0.4711538461538462,15.176705636444643
95,0.4759615384615385,19.478898607700643
95,0.4807692307692308,23.763408389712545
95,0.48557692307692313,28.271729384007457
95,0.4903846153846154,25.029913029295525
95,0.4951923076923077,18.042506739533497
96,0.0,1.021405182655144e-14
96,0.005494505494505495,16.502222982965847
96,0.01098901098901099,21.205698889913226
96,0.016483516483516484,7.937756666072192
96,0.02197802197802198,23.312869155667617
96,0.027472527472527476,4.01097922551665
96,0.03296703296703297,15.616814040451755
96,0.038461538461538464,14.266831754305436
96,0.04395604395604396,14.20175060211185
96,0.049450549450549455,8.840208557858782
96,0.05494505494505495,22.40263996155683
96,0.06043956043956045,15.523362255368202
96,0.06593406593406594,7.66679592517373
96,0.07142857142857144,8.833959230387757
96,0.07692307692307693,8.597776934294219
96,0.08241758241758243,16.47295945855617
96,0.08791208791208792,11.76673625045566
96,0.09340659340659341,8.468207627966231
96,0.09890109890109891,5.197556921862839
96,0.1043956043956044,4.888922266813964
96,0.1098901098901099,5.297895750919295
96,0.11538461538461539,13.549694950254066
96,0.1208791208791209,11.10223795079307
96,0.1263736263736264,16.16006523759889
96,0.13186813186813187,21.812141538621766
96,0.13736263736263737,11.003903318995556
96,0.14285714285714288,8.516675762117735
96,0.14835164835164835,15.536111930298864
96,0.15384615384615385,8.304735604185916
96,0.15934065934065936,7.096412164536008
96,0.16483516483516486,2.1549912608122463
96,0.17032967032967034,10.305460045226779
96,0.17582417582417584,14.976066712779035
96,0.18131868131868134,14.559093774001031
96,0.18681318681318682,4.296895270604441
96,0.19230769230769232,17.335637244229478
96,0.19780219780219782,19.25770822675345
96,0.20329670329670332,16.09580693924767
96,0.2087912087912088,16.407590676882723
96,0.2142857142857143,19.044172708007082
96,0.2197802197802198,7.3779503734647225
96,0.22527472527472528,10.321939414898575
96,0.23076923076923078,1.9921354177240531
96,0.23626373626373628,18.191249525439115
96,0.2417582417582418,5.051890024189889
96,0.24725274725274726,1.0048643024928203
96,0.2527472527472528,21.33867263070511
96,0.25824175824175827,10.944553688366044
96,0.26373626373626374,1.0835988819873799
96,0.2692307692307693,2.2282711324963986
96,0.27472527472527475,3.497857089918136
96,0.2802197802197802,6.880389693183001
96,0.28571428571428575,11.74482727550401
96,0.29120879120879123,14.107768830972889
96,0.2967032967032967,16.489364217070765
96,0.30219780219780223,6.132422621441401
96,0.3076923076923077,4.783385854564891
96,0.3131868131868132,21.731905303631436
96,0.3186813186813187,1.3809013902152973
96,0.3241758241758242,4.395860087817163
96,0.3296703296703297,12.772422675442048
96,0.3351648351648352,10.106114865291147
96,0.34065934065934067,7.0185133242097555
96,0.3461538461538462,15.50718868800824
96,0.3516483516483517,28.90756780045842
96,0.35714285714285715,12.706459841566604
96,0.3626373626373627,17.580764938729985
96,0.36813186813186816,25.023070729941743
96,0.37362637362637363,29.04796316363504
96,0.37912087912087916,10.959060826884413
96,0.38461538461538464,10.423932174021594
96,0.39010989010989017,9.301336152989194
96,0.39560439560439564,16.611060055972224
96,0.4010989010989011,6.586203206703857
96,0.40659340659340665,14.679712555630001
96,0.4120879120879121,8.308250027500378
96,0.4175824175824176,13.750556243095238
96,0.42307692307692313,9.750438928165629
96,0.4285714285714286,13.778199484075502
96,0.4340659340659341,13.154174391953369
96,0.4395604395604396,15.807906268179783
96,0.4450549450549451,13.838256059986614
96,0.45054945054945056,18.401763425918876
96,0.4560439560439561,12.937121097640347
96,0.46153846153846156,10.848822359135973
96,0.4670329670329671,6.927837120329927
96,0.47252747252747257,15.358926715152256
96,0.47802197802197804,14.76484644844798
96,0.4835164835164836,12.243103644685279
96,0.48901098901098905,14.156496555933986
96,0.4945054945054945,10.389264154938694
97,0.0,1.5987211554602254e-14
97,0.005076142131979695,7.672424480263547
97,0.01015228426395939,15.049429620744412
97,0.015228426395939085,12.470061140907521
97,0.02030456852791878,10.598915586000974
97,0.025380710659898477,13.66834237492291
97,0.03045685279187817,14.991598111968962
97,0.035532994923857864,17.254437620644207
97,0.04060913705583756,17.193318577593775
97,0.04568527918781726,14.926690749003118
97,0.050761421319796954,11.515711595418692
97,0.055837563451776644,2.771227391195021
97,0.06091370558375634,14.054228439805629
97,0.06598984771573603,8.999123858012407
97,0.07106598984771573,20.47417200828302
97,0.07614213197969542,5.212625236713042
97,0.08121827411167512,9.395999043747139
97,0.08629441624365482,2.133796457223548
97,0.09137055837563451,18.16718275211607
97,0.09644670050761421,23.749593680739373
97,0.10152284263959391,22.375935390671977
97,0.10659898477157359,4.595459571298317
97,0.11167512690355329,16.270004149672978
97,0.11675126903553298,14.440857371533015
97,0.12182741116751268,8.00359524470945
97,0.12690355329949238,27.382773018403547
97,0.13197969543147206,13.948945048376101
97,0.13705583756345177,0.8893994169253232
97,0.14213197969543145,3.4450744506558273
97,0.14720812182741116,8.790612918251144
97,0.15228426395939085,11.617613084649577
97,0.15736040609137056,12.905874087162083
97,0.16243654822335024,13.425291561407432
97,0.16751269035532992,17.032162348194404
97,0.17258883248730963,7.218099697319416
97,0.17766497461928932,16.542471274372737
97,0.18274111675126903,20.363384224104273
97,0.1878172588832487,5.104358078417012
97,0.19289340101522842,2.5219623046366517
97,0.1979695431472081,18.133242294327086
97,0.20304568527918782,13.067282777082974
97,0.2081218274111675,17.09534602726729
97,0.21319796954314718,9.002940882445598
97,0.2182741116751269,8.099699954099814
97,0.22335025380710657,9.10371008300835
97,0.22842639593908629,6.908563339249013
97,0.23350253807106597,12.904151799236818
97,0.23857868020304568,9.188020019508562
97,0.24365482233502536,20.44645064786437
97,0.24873096446700504,16.64401311562387
97,0.25380710659898476,19.413176136205582
97,0.25888324873096447,10.428126690356361
97,0.2639593908629441,11.53699334944238
97,0.26903553299492383,10.52849270140594
97,0.27411167512690354,34.14072099867859
97,0.27918781725888325,3.157610763595483
97,0.2842639593908629,8.876766447930603
97,0.2893401015228426,2.436526062467568
97,0.29441624365482233,5.416767071977172
97,0.299492385786802,8.964607561963057
97,0.3045685279187817,18.647462787628207
97,0.3096446700507614,11.816619609723153
97,0.3147208121827411,9.367610824334303
97,0.31979695431472077,14.553262562031499
97,0.3248730964467005,15.183664960770725
97,0.3299492385786802,5.715810690131654
97,0.33502538071065985,25.748724468545326
97,0.34010152284263956,4.599495359278802
97,0.34517766497461927,15.632616724294477
97,0.350253807106599,12.208772830547742
97,0.35532994923857864,12.259839132016038
97,0.36040609137055835,15.188106991448409
97,0.36548223350253806,19.361518513578883
97,0.3705583756345177,16.893672575821817
97,0.3756345177664974,17.719613586555894
97,0.38071065989847713,7.503420235851326
97,0.38578680203045684,17.106768352423355
97,0.3908629441624365,9.53883883843727
97,0.3959390862944162,13.5253760722068
97,0.4010152284263959,28.884847840998166
97,0.40609137055837563,13.373281010168464
97,0.4111675126903553,20.2665016495477
97,0.416243654822335,4.956114485100014
97,0.4213197969543147,6.469316820658703
97,0.42639593908629436,25.200174065075327
97,0.4314720812182741,15.726902834858802
97,0.4365482233502538,9.161686977470545
97,0.4416243654822335,15.801227471947223
97,0.44670050761421315,5.136725225975668
97,0.45177664974619286,9.677314805901934
97,0.45685279187817257,9.515248354110165
97,0.4619289340101522,7.742676283490924
97,0.46700507614213194,18.213568647121335
97,0.47208121827411165,10.979466682791697
97,0.47715736040609136,9.922376686448946
97,0.482233502538071,7.94391775383419
97,0.4873096446700507,7.191775234506503
97,0.49238578680203043,8.93966509431478
97,0.4974619289340101,13.804521116533024
98,0.0,3.064215547965432e-14
98,0.0051813471502590676,7.57423425293928
98,0.010362694300518135,13.685538268638108
98,0.015544041450777202,9.045181284522394
98,0.02072538860103627,15.32771741058342
98,0.02590673575129534,19.788477315067013
98,0.031088082901554404,10.538181658405245
98,0.036269430051813475,11.283860861101067
98,0.04145077720207254,13.282830549343334
98,0.046632124352331605,1.7254945020944037
98,0.05181347150259068,6.317222404748251
98,0.05699481865284974,10.261342230911461
98,0.06217616580310881,17.163011895306607
98,0.06735751295336788,16.605918746302276
98,0.07253886010362695,19.203541119948213
98,0.07772020725388601,16.8199283392946
98,0.08290155440414508,0.7521547487472214
98,0.08808290155440415,12.078513832916828
98,0.09326424870466321,6.70443069335973
98,0.09844559585492228,18.56388925860685
98,0.10362694300518135,16.26761828823241
98,0.10880829015544041,1.9171752996743487
98,0.11398963730569948,18.320795817562075
98,0.11917098445595856,31.317628578092886
98,0.12435233160621761,16.22584455956676
98,0.1295336787564767,15.066002738862842
98,0.13471502590673576,9.135357538262623
98,0.13989637305699482,24.616645543362768
98,0.1450777202072539,9.884784284437814
98,0.15025906735751296,12.577117481909129
98,0.15544041450777202,4.180694122940808
98,0.1606217616580311,12.170503546906856
98,0.16580310880829016,10.72172040484059
98,0.17098445595854922,6.7341365127000845
98,0.1761658031088083,14.217948795238343
98,0.18134715025906736,6.050652068970926
98,0.18652849740932642,6.838623541799286
98,0.1917098445595855,16.29969070410956
98,0.19689119170984457,7.828558222271279
98,0.20207253886010362,12.402057667591531
98,0.2072538860103627,5.047202788684544
98,0.21243523316062177,15.302956924074017
98,0.21761658031088082,8.811581177237608
98,0.2227979274611399,0.6113189484575108
98,0.22797927461139897,32.32596712525174
98,0.23316062176165803,14.259293726268343
98,0.2383419689119171,9.536063548234676
98,0.24352331606217617,13.690584022914942
98,0.24870466321243523,8.808333285120012
98,0.2538860103626943,2.9326547361914903
98,0.2590673575129534,5.274109938981356
98,0.26424870466321243,15.69675442012991
98,0.2694300518134715,10.705095095156814
98,0.2746113989637306,11.094789977687437
98,0.27979274611398963,9.124231706206672
98,0.2849740932642487,7.90458333201332
98,0.2901554404145078,15.26816628149972
98,0.29533678756476683,17.013658506274282
98,0.3005181347150259,8.301677611940962
98,0.305699481865285,12.419582831506805
98,0.31088082901554404,13.215853933710038
98,0.3160621761658031,6.626703243932828
98,0.3212435233160622,22.983813148840873
98,0.32642487046632124,6.549527637902476
98,0.3316062176165803,2.553408964709697
98,0.3367875647668394,22.55843746113212
98,0.34196891191709844,24.094483128859796
98,0.3471502590673575,12.128299461125994
98,0.3523316062176166,13.767447194599871
98,0.35751295336787564,16.996815729666736
98,0.3626943005181347,4.704237108408828
98,0.3678756476683938,16.666900271851866
98,0.37305699481865284,16.519432402570903
98,0.37823834196891193,6.507544779686158
98,0.383419689119171,9.235495322510936
98,0.38860103626943004,6.466073311671458
98,0.39378238341968913,4.57708099060945
98,0.3989637305699482,12.249679814069346
98,0.40414507772020725,14.79446156496214
98,0.40932642487046633,16.729354347146487
98,0.4145077720207254,9.403085831411483
98,0.41968911917098445,10.765880608595337
98,0.42487046632124353,16.806281309640518
98,0.4300518134715026,15.425618650739585
98,0.43523316062176165,20.240000845976954
98,0.44041450777202074,4.33785277984208
98,0.4455958549222798,7.240863846880773
98,0.45077720207253885,22.56876215667909
98,0.45595854922279794,16.910870476987323
98,0.461139896373057,23.554993061194786
98,0.46632124352331605,9.140882890376034
98,0.47150259067357514,12.501128400903529
98,0.4766839378238342,13.547735340908542
98,0.48186528497409326,5.557995291348136
98,0.48704663212435234,13.979409580205932
98,0.4922279792746114,16.87264112873335
98,0.49740932642487046,21.693925577855396
99,0.0,1.3322676295501878e-15
99,0.0049261083743842365,14.497851225998293
99,0.009852216748768473,16.7038686775109
99,0.014778325123152709,10.198296798847382
99,0.019704433497536946,14.061459342782813
99,0.024630541871921183,6.3855930068743145
99,0.029556650246305417,6.662685688155386
99,0.034482758620689655,7.454855981528598
99,0.03940886699507389,20.948428016843504
99,0.04433497536945813,14.265110311043532
99,0.04926108374384237,2.894222087541483
99,0.054187192118226604,6.832635207132019
99,0.059113300492610835,16.73971286029262
99,0.06403940886699508,9.28747465958836
99,0.06896551724137931,11.18556938764536
99,0.07389162561576355,13.960273041821921
99,0.07881773399014778,9.916795057287684
99,0.08374384236453201,17.649230753830018
99,0.08866995073891626,9.103325781121836
99,0.09359605911330049,16.722897473976925
99,0.09852216748768473,10.21910906172182
99,0.10344827586206896,6.937380128284801
99,0.10837438423645321,4.731379631374611
99,0.11330049261083744,11.118789833533345
99,0.11822660098522167,8.43775955353212
99,0.12315270935960591,11.462494970839424
99,0.12807881773399016,6.463398559883845
99,0.1330049261083744,22.079920879356916
99,0.13793103448275862,12.41096656362236
99,0.14285714285714285,6.560016605021572
99,0.1477832512315271,22.241451632396465
99,0.15270935960591134,20.950461749121796
99,0.15763546798029557,10.036632373052445
99,0.1625615763546798,1.7684592819320235
99,0.16748768472906403,20.389455444984268
99,0.1724137931034483,12.89963432390181
99,0.17733990147783252,6.710577981095983
99,0.18226600985221675,21.664664397146588
99,0.18719211822660098,12.903816354399147
99,0.19211822660098524,20.9919677159664
99,0.19704433497536947,23.42446061771744
99,0.2019704433497537,28.058424627889327
99,0.20689655172413793,7.606156734980344
99,0.21182266009852216,18.329751253385428
99,0.21674876847290642,5.102340350470185
99,0.22167487684729065,18.012405808786472
99,0.22660098522167488,9.128943714117293
99,0.2315270935960591,6.007331708273486
99,0.23645320197044334,14.582986824661802
99,0.2413793103448276,9.585131354322762
99,0.24630541871921183,4.051695834588684
99,0.2512315270935961,20.536312400344983
99,0.2561576354679803,9.824161721713804
99,0.26108374384236455,12.53135117137585
99,0.2660098522167488,18.15637038711487
99,0.270935960591133,5.952649560627185
99,0.27586206896551724,16.735262237646708
99,0.28078817733990147,12.67457280556261
99,0.2857142857142857,1.8858385331418042
99,0.29064039408866993,9.881520970383203
99,0.2955665024630542,16.559182083959826
99,0.30049261083743845,11.950570113481946
99,0.3054187192118227,11.388364297109748
99,0.3103448275862069,17.75565465923987
99,0.31527093596059114,12.398096181486803
99,0.32019704433497537,8.460540700692537
99,0.3251231527093596,20.770957977433767
99,0.33004926108374383,20.363919667832963
99,0.33497536945812806,13.753600814221333
99,0.33990147783251234,10.668302305551636
99,0.3448275862068966,16.016143337902434
99,0.3497536945812808,14.168799884510303
99,0.35467980295566504,28.198588612215744
99,0.35960591133004927,25.642292879261472
99,0.3645320197044335,12.866193428087968
99,0.3694581280788177,7.256746574396849
99,0.37438423645320196,19.47982292514927
99,0.3793103448275862,12.683113805088828
99,0.3842364532019705,14.042186959667683
99,0.3891625615763547,20.415168086285718
99,0.39408866995073893,12.07455508301324
99,0.39901477832512317,4.602583579452114
99,0.4039408866995074,5.022888641758937
99,0.4088669950738916,5.861782913343619
99,0.41379310344827586,12.515161387915875
99,0.4187192118226601,20.75684141562689
99,0.4236453201970443,17.64411184103828
99,0.4285714285714286,4.951428377796355
99,0.43349753694581283,2.1606920115651627
99,0.43842364532019706,9.16489404316542
99,0.4433497536945813,13.061482671589955
99,0.4482758620689655,3.819474462066483
99,0.45320197044334976,9.01463641696639
99,0.458128078817734,15.022135346815682
99,0.4630541871921182,8.65810756721731
99,0.46798029556650245,12.427102188786916
99,0.4729064039408867,6.262655198738126
99,0.47783251231527096,22.216794665061375
99,0.4827586206896552,14.306187061419337
99,0.4876847290640394,31.63771691958742
99,0.49261083743842365,13.268881903658427
99,0.4975369458128079,7.181687557473617
