sid,freq,power
0,0.0,1.5543122344752192e-15
0,0.007246376811594203,27.338047878069826
0,0.014492753623188406,25.49448276047755
0,0.021739130434782608,9.998322668403045
0,0.028985507246376812,11.014344875834198
0,0.036231884057971016,10.999552517902266
0,0.043478260869565216,15.042029920316658
0,0.050724637681159424,15.121720347323382
0,0.057971014492753624,12.728372175880747
0,0.06521739130434782,9.995867374023197
0,0.07246376811594203,5.0530378711114565
0,0.07971014492753624,8.650643876897997
0,0.08695652173913043,2.0536473027724957
0,0.09420289855072464,3.391937726007576
0,0.10144927536231885,5.720463496719363
0,0.10869565217391304,4.899241819493355
0,0.11594202898550725,10.848978203789207
0,0.12318840579710146,14.937298376380614
0,0.13043478260869565,26.77705951106357
0,0.13768115942028986,19.09797090388319
0,0.14492753623188406,12.328203496340768
0,0.15217391304347827,1.7206941629923862
0,0.15942028985507248,6.426854705828184
0,0.16666666666666666,2.9693589490058514
0,0.17391304347826086,10.047196340946073
0,0.18115942028985507,16.634862299224785
0,0.18840579710144928,5.843559288104766
0,0.1956521739130435,11.747973522226301
0,0.2028985507246377,9.047407376116666
0,0.21014492753623187,5.162484872743832
0,0.21739130434782608,7.930910218916023
0,0.2246376811594203,9.430520842332355
0,0.2318840579710145,3.4966228779795325
0,0.2391304347826087,6.233321809899068
0,0.2463768115942029,6.895484916896418
0,0.2536231884057971,8.50534215509437
0,0.2608695652173913,15.652918741618606
0,0.26811594202898553,14.923711067146293
0,0.2753623188405797,11.473522017160311
0,0.2826086956521739,6.3189018945297235
0,0.2898550724637681,7.152527899453696
0,0.2971014492753623,6.761168177676129
0,0.30434782608695654,8.472997147733528
0,0.3115942028985507,6.235610853617415
0,0.31884057971014496,10.308733231096815
0,0.32608695652173914,11.391554702890074
0,0.3333333333333333,12.51067268621381
0,0.34057971014492755,10.382097668980178
0,0.34782608695652173,15.120177550485925
0,0.35507246376811596,11.530917772808785
0,0.36231884057971014,5.136153328784256
0,0.3695652173913044,4.357101969581851
0,0.37681159420289856,7.190371090322992
0,0.38405797101449274,11.269174054333154
0,0.391304347826087,8.005818405956994
0,0.39855072463768115,14.688717867007943
0,0.4057971014492754,8.169760745906984
0,0.41304347826086957,9.677739605087119
0,0.42028985507246375,4.197218892307073
0,0.427536231884058,7.655890291387304
0,0.43478260869565216,10.266060214763614
0,0.4420289855072464,2.4454784607754565
0,0.4492753623188406,17.657934970370132
0,0.4565217391304348,17.152833490299418
0,0.463768115942029,19.39793483764522
0,0.47101449275362317,13.53405479854447
0,0.4782608695652174,19.08204338813947
0,0.4855072463768116,12.753629302812675
0,0.4927536231884058,5.13804952199446
1,0.0,6.8833827526759706e-15
1,0.007042253521126761,31.20453161993602
1,0.014084507042253521,21.154646951968537
1,0.02112676056338028,14.450612673398428
1,0.028169014084507043,9.4175619763947
1,0.035211267605633804,15.755138544768254
1,0.04225352112676056,2.197046690644298
1,0.04929577464788733,6.23809155889407
1,0.056338028169014086,9.775565664202011
1,0.06338028169014084,3.445458493904795
1,0.07042253521126761,10.836980305466055
1,0.07746478873239437,11.144149931789377
1,0.08450704225352113,6.2907357203745935
1,0.09154929577464789,7.719435431875567
1,0.09859154929577466,5.160722449580807
1,0.1056338028169014,5.0289264280927215
1,0.11267605633802817,7.558402529486135
1,0.11971830985915494,4.0971017091349395
1,0.1267605633802817,7.127902409270855
1,0.13380281690140847,15.1591713283375
1,0.14084507042253522,5.1787923569206535
1,0.14788732394366197,13.648107750113276
1,0.15492957746478875,16.344719301684975
1,0.1619718309859155,12.761848502150796
1,0.16901408450704225,21.17280231411557
1,0.17605633802816903,6.800790211904303
1,0.18309859154929578,19.56619783589147
1,0.19014084507042253,13.946608934188093
1,0.1971830985915493,6.486490149508748
1,0.20422535211267606,4.303674535965002
1,0.2112676056338028,7.645698169863278
1,0.2183098591549296,5.255461183209036
1,0.22535211267605634,8.991118442017774
1,0.2323943661971831,11.111149921501301
1,0.23943661971830987,6.20819719226272
1,0.24647887323943662,6.847228977401745
1,0.2535211267605634,3.8404031420762665
1,0.2605633802816901,12.105668642440738
1,0.26760563380281693,10.552764401930771
1,0.2746478873239437,22.870990641111945
1,0.28169014084507044,4.863501181516379
1,0.2887323943661972,4.771490519041916
1,0.29577464788732394,24.13049065994418
1,0.3028169014084507,8.182486426854032
1,0.3098591549295775,13.830176212404435
1,0.31690140845070425,4.086008320061331
1,0.323943661971831,5.6894836786732235
1,0.33098591549295775,7.734132350192636
1,0.3380281690140845,1.5717997120924245
1,0.34507042253521125,5.083326003847998
1,0.35211267605633806,10.238013400780835
1,0.3591549295774648,5.674813647236454
1,0.36619718309859156,9.226740733999337
1,0.3732394366197183,11.243899094041119
1,0.38028169014084506,16.15576500306822
1,0.3873239436619718,12.779372000533465
1,0.3943661971830986,6.550788798021987
1,0.4014084507042254,12.230164390172948
1,0.4084507042253521,16.633388606570055
1,0.4154929577464789,5.784774337230394
1,0.4225352112676056,11.406927759491587
1,0.4295774647887324,8.55251841465355
1,0.4366197183098592,9.850312823751413
1,0.44366197183098594,12.376816796981378
1,0.4507042253521127,14.473708291338339
1,0.45774647887323944,19.393152016222697
1,0.4647887323943662,18.505485209048114
1,0.471830985915493,11.903839491907979
1,0.47887323943661975,16.63958931971891
1,0.4859154929577465,10.394449318267505
1,0.49295774647887325,7.851314261483866
2,0.0,8.881784197001252e-16
2,0.007042253521126761,20.78300285293933
2,0.014084507042253521,9.075944856260119
2,0.02112676056338028,13.297181710433946
2,0.028169014084507043,11.547117533245975
2,0.035211267605633804,22.675706492407805
2,0.04225352112676056,10.735747300780869
2,0.04929577464788733,20.387878232885456
2,0.056338028169014086,22.92294345757458
2,0.06338028169014084,14.200384184765628
2,0.07042253521126761,6.648865739109974
2,0.07746478873239437,6.7008401773902975
2,0.08450704225352113,9.952537071016542
2,0.09154929577464789,11.822385041925228
2,0.09859154929577466,1.5642484618113872
2,0.1056338028169014,6.989807764169163
2,0.11267605633802817,0.9071798712661061
2,0.11971830985915494,13.269469833289753
2,0.1267605633802817,8.257744878234599
2,0.13380281690140847,11.358734475815485
2,0.14084507042253522,13.413029650099114
2,0.14788732394366197,5.329131277926181
2,0.15492957746478875,8.260037842902875
2,0.1619718309859155,25.553528869895413
2,0.16901408450704225,9.298193399215444
2,0.17605633802816903,9.176292429390287
2,0.18309859154929578,8.610124888912807
2,0.19014084507042253,14.070582937503199
2,0.1971830985915493,5.456624156423722
2,0.20422535211267606,15.170856648502133
2,0.2112676056338028,9.394642296020509
2,0.2183098591549296,16.432450785848882
2,0.22535211267605634,14.179040733682399
2,0.2323943661971831,17.438304872692353
2,0.23943661971830987,16.95177868424436
2,0.24647887323943662,4.822134488145678
2,0.2535211267605634,8.53188486444855
2,0.2605633802816901,3.6674527046658256
2,0.26760563380281693,10.370178584621405
2,0.2746478873239437,9.078193652232363
2,0.28169014084507044,7.441238063558757
2,0.2887323943661972,13.627639176556333
2,0.29577464788732394,13.361793706082066
2,0.3028169014084507,6.841740735764397
2,0.3098591549295775,12.807818788523777
2,0.31690140845070425,8.751992232170318
2,0.323943661971831,14.058917287157339
2,0.33098591549295775,9.642380491053023
2,0.3380281690140845,5.884839114809209
2,0.34507042253521125,9.199429396815688
2,0.35211267605633806,3.196945786521485
2,0.3591549295774648,4.06535749383807
2,0.36619718309859156,15.33809670789992
2,0.3732394366197183,5.2182998276768915
2,0.38028169014084506,20.622947421449723
2,0.3873239436619718,14.747656303475466
2,0.3943661971830986,8.402153457382138
2,0.4014084507042254,13.740183030477333
2,0.4084507042253521,2.466366305540393
2,0.4154929577464789,5.271427790381247
2,0.4225352112676056,3.3628200289971515
2,0.4295774647887324,5.17005323841941
2,0.4366197183098592,7.294493725988075
2,0.44366197183098594,4.4492578532269915
2,0.4507042253521127,18.325142077532423
2,0.45774647887323944,19.061282267812647
2,0.4647887323943662,1.6162984392767272
2,0.471830985915493,2.2471252905250307
2,0.47887323943661975,2.3216482789108093
2,0.4859154929577465,2.6405939985175384
2,0.49295774647887325,18.956172016107974
3,0.0,7.993605777301127e-15
3,0.007042253521126761,40.83323639591946
3,0.014084507042253521,27.973373822830933
3,0.02112676056338028,24.18888010710404
3,0.028169014084507043,14.594027629695223
3,0.035211267605633804,1.6648666428543355
3,0.04225352112676056,12.473713546627566
3,0.04929577464788733,4.557646920151313
3,0.056338028169014086,14.8186603644749
3,0.06338028169014084,16.637325347071517
3,0.07042253521126761,17.79970001630524
3,0.07746478873239437,14.127992745109019
3,0.08450704225352113,16.011788381107156
3,0.09154929577464789,11.035602468097302
3,0.09859154929577466,11.553090277043717
3,0.1056338028169014,9.929149425767502
3,0.11267605633802817,8.69807494299848
3,0.11971830985915494,12.301224578406236
3,0.1267605633802817,10.935226296758367
3,0.13380281690140847,16.682526857334008
3,0.14084507042253522,6.712032985843017
3,0.14788732394366197,1.5784044380775573
3,0.15492957746478875,6.67163838672134
3,0.1619718309859155,6.441972900958679
3,0.16901408450704225,4.59915569863602
3,0.17605633802816903,4.685062343065233
3,0.18309859154929578,3.2409378378370275
3,0.19014084507042253,8.035393790615526
3,0.1971830985915493,5.28964510349674
3,0.20422535211267606,6.316829924263493
3,0.2112676056338028,9.449513001599286
3,0.2183098591549296,4.710778670305832
3,0.22535211267605634,6.769628946794911
3,0.2323943661971831,12.343156216169092
3,0.23943661971830987,7.0442045670294515
3,0.24647887323943662,8.848906905029049
3,0.2535211267605634,5.776041654372252
3,0.2605633802816901,5.963614052030932
3,0.26760563380281693,6.350737002609915
3,0.2746478873239437,12.407983761392412
3,0.28169014084507044,8.482105611617593
3,0.2887323943661972,3.5221006715480048
3,0.29577464788732394,7.501931174407442
3,0.3028169014084507,9.100706634209
3,0.3098591549295775,3.3170730793144863
3,0.31690140845070425,6.983442508677902
3,0.323943661971831,5.711223460022607
3,0.33098591549295775,1.7810002157052276
3,0.3380281690140845,6.3460267462543305
3,0.34507042253521125,11.18485878378506
3,0.35211267605633806,6.602752008280908
3,0.3591549295774648,13.286383268290056
3,0.36619718309859156,5.091406025485511
3,0.3732394366197183,11.95505880243551
3,0.38028169014084506,2.9290143126331833
3,0.3873239436619718,8.193521880873869
3,0.3943661971830986,7.613509635558205
3,0.4014084507042254,19.599126470666484
3,0.4084507042253521,19.20648171581558
3,0.4154929577464789,11.9856296165281
3,0.4225352112676056,16.01008345855057
3,0.4295774647887324,16.18366657436156
3,0.4366197183098592,6.3246100801176075
3,0.44366197183098594,10.255702839410846
3,0.4507042253521127,13.826831500759438
3,0.45774647887323944,10.318713770342583
3,0.4647887323943662,11.99542489391435
3,0.471830985915493,5.713684428899371
3,0.47887323943661975,6.05040901275984
3,0.4859154929577465,13.715941667696335
3,0.49295774647887325,10.152578541494654
4,0.0,4.884981308350689e-15
4,0.006993006993006993,30.806255408848415
4,0.013986013986013986,27.71547873741757
4,0.02097902097902098,1.8049996383494482
4,0.027972027972027972,6.861426723714662
4,0.03496503496503497,18.60537999233059
4,0.04195804195804196,12.474726445237842
4,0.04895104895104895,5.687165100543737
4,0.055944055944055944,10.712567096147081
4,0.06293706293706294,15.347979560432726
4,0.06993006993006994,24.92135497774678
4,0.07692307692307693,22.411668111216052
4,0.08391608391608392,8.623109375496593
4,0.09090909090909091,5.949926706037574
4,0.0979020979020979,13.786382269289696
4,0.1048951048951049,8.707241256135275
4,0.11188811188811189,11.030534126130888
4,0.11888111888111888,13.160598220920095
4,0.1258741258741259,9.299070671705255
4,0.13286713286713286,10.803923138244977
4,0.13986013986013987,3.6842332899589945
4,0.14685314685314685,3.7954846297610083
4,0.15384615384615385,5.944782505791044
4,0.16083916083916083,9.45155546113629
4,0.16783216783216784,7.264040725966714
4,0.17482517482517482,11.764667450901428
4,0.18181818181818182,12.848163738876327
4,0.1888111888111888,14.125022790658512
4,0.1958041958041958,6.795006639955955
4,0.20279720279720279,13.544725340004659
4,0.2097902097902098,9.043818122303534
4,0.21678321678321677,7.711396149067189
4,0.22377622377622378,5.8694479482304915
4,0.23076923076923078,7.1987374182045585
4,0.23776223776223776,8.682243134336284
4,0.24475524475524477,5.300062952392483
4,0.2517482517482518,11.469337976585102
4,0.25874125874125875,5.406015818818329
4,0.26573426573426573,8.020064954738784
4,0.2727272727272727,1.0821305092656215
4,0.27972027972027974,9.089733487117433
4,0.2867132867132867,6.768212859979288
4,0.2937062937062937,5.691220434532346
4,0.3006993006993007,12.845753880267152
4,0.3076923076923077,7.3938867956594505
4,0.3146853146853147,13.582573737189952
4,0.32167832167832167,9.627705767322174
4,0.32867132867132864,11.53112166620799
4,0.3356643356643357,11.128822453694097
4,0.34265734265734266,6.844744503750369
4,0.34965034965034963,4.081616970275162
4,0.35664335664335667,0.41673077708076056
4,0.36363636363636365,6.526891616432212
4,0.3706293706293706,11.55307088498311
4,0.3776223776223776,7.688762172821203
4,0.38461538461538464,8.066055922793941
4,0.3916083916083916,13.78305127980904
4,0.3986013986013986,14.067390248953568
4,0.40559440559440557,16.232176076308157
4,0.4125874125874126,12.64818630563628
4,0.4195804195804196,3.99312693526212
4,0.42657342657342656,5.669048424782905
4,0.43356643356643354,18.933528255462
4,0.4405594405594406,8.718838357095139
4,0.44755244755244755,4.189313544327478
4,0.45454545454545453,5.5374758255269985
4,0.46153846153846156,17.771216505193053
4,0.46853146853146854,10.986507010215623
4,0.4755244755244755,4.3580082484240465
4,0.4825174825174825,6.852085652033471
4,0.48951048951048953,16.150434138951525
4,0.4965034965034965,26.3875680618141
5,0.0,3.1086244689504383e-15
5,0.007246376811594203,15.372354392128942
5,0.014492753623188406,23.140851171366844
5,0.021739130434782608,13.546868683887404
5,0.028985507246376812,8.410797575991042
5,0.036231884057971016,18.939583920670767
5,0.043478260869565216,20.352652557844166
5,0.050724637681159424,16.154420745866794
5,0.057971014492753624,13.293111866111872
5,0.06521739130434782,13.654452018795576
5,0.07246376811594203,5.585471268069152
5,0.07971014492753624,20.923398701584382
5,0.08695652173913043,5.640810005605214
5,0.09420289855072464,19.780382880846144
5,0.10144927536231885,17.456085017014306
5,0.10869565217391304,7.293799893750219
5,0.11594202898550725,19.92340754619121
5,0.12318840579710146,11.289622345414006
5,0.13043478260869565,8.39042895989898
5,0.13768115942028986,2.5277803617136954
5,0.14492753623188406,14.56254250586012
5,0.15217391304347827,7.787181554802095
5,0.15942028985507248,11.865700352516116
5,0.16666666666666666,10.897730029013491
5,0.17391304347826086,8.292539419908392
5,0.18115942028985507,9.522916164180131
5,0.18840579710144928,6.855844777542483
5,0.1956521739130435,8.260002012481062
5,0.2028985507246377,3.375888964990177
5,0.21014492753623187,5.984596402406719
5,0.21739130434782608,18.88440055867246
5,0.2246376811594203,5.672299614048586
5,0.2318840579710145,11.340830644669976
5,0.2391304347826087,5.286048133787115
5,0.2463768115942029,8.517463734947382
5,0.2536231884057971,4.861312558871084
5,0.2608695652173913,1.2432150859954574
5,0.26811594202898553,8.851406222428084
5,0.2753623188405797,14.223252970372643
5,0.2826086956521739,9.993908955053051
5,0.2898550724637681,8.788450493773995
5,0.2971014492753623,12.387655864482076
5,0.30434782608695654,2.5038969412088865
5,0.3115942028985507,13.594094723460275
5,0.31884057971014496,5.67141455520523
5,0.32608695652173914,16.906507090637792
5,0.3333333333333333,4.109718190121838
5,0.34057971014492755,5.153482611480473
5,0.34782608695652173,6.430523263717751
5,0.35507246376811596,12.288618956660988
5,0.36231884057971014,7.255200745953606
5,0.3695652173913044,4.751608536817901
5,0.37681159420289856,13.784527974531517
5,0.38405797101449274,17.639800724830934
5,0.391304347826087,16.809964229847523
5,0.39855072463768115,11.032244297686026
5,0.4057971014492754,17.324007444213795
5,0.41304347826086957,6.497466283585466
5,0.42028985507246375,6.68700199341235
5,0.427536231884058,12.665629524108962
5,0.43478260869565216,17.372190296423536
5,0.4420289855072464,11.27195915712782
5,0.4492753623188406,3.5601951447281492
5,0.4565217391304348,13.695316417986255
5,0.463768115942029,4.862763615029782
5,0.47101449275362317,9.764681590543086
5,0.4782608695652174,4.910986139411464
5,0.4855072463768116,8.675415927519472
5,0.4927536231884058,1.766442558866726
6,0.0,5.551115123125783e-15
6,0.007194244604316547,24.678199421748385
6,0.014388489208633094,13.622572781737153
6,0.02158273381294964,21.346211148301244
6,0.02877697841726619,9.659522125223214
6,0.03597122302158273,12.469772410823492
6,0.04316546762589928,11.214095377366071
6,0.05035971223021583,11.80509464335732
6,0.05755395683453238,4.608138454389852
6,0.06474820143884892,6.874955376544826
6,0.07194244604316546,8.413966747595442
6,0.07913669064748202,6.628401782689796
6,0.08633093525179857,5.289033583554746
6,0.09352517985611511,11.379493771638575
6,0.10071942446043167,4.22037671129253
6,0.10791366906474821,10.039346216840103
6,0.11510791366906475,13.835378459196964
6,0.1223021582733813,9.105789044159163
6,0.12949640287769784,5.9727516722799185
6,0.1366906474820144,7.8166983827100545
6,0.14388489208633093,14.86030458124667
6,0.1510791366906475,6.204343971381354
6,0.15827338129496404,0.45071188621314495
6,0.16546762589928057,13.487051445700983
6,0.17266187050359713,14.11041396964053
6,0.1798561151079137,14.739200213610795
6,0.18705035971223022,11.252139425627757
6,0.19424460431654678,11.116500369052929
6,0.20143884892086333,15.116510324177906
6,0.20863309352517986,9.305560397728735
6,0.21582733812949642,14.035468243728333
6,0.22302158273381295,2.153759280621145
6,0.2302158273381295,4.953117083824937
6,0.23741007194244607,3.7579589972749834
6,0.2446043165467626,9.446023085974582
6,0.2517985611510791,4.3146236607371105
6,0.2589928057553957,8.295170843890084
6,0.26618705035971224,10.19671585915844
6,0.2733812949640288,7.013531544547149
6,0.28057553956834536,18.370010926679665
6,0.28776978417266186,4.239038743363593
6,0.2949640287769784,2.4767204196827595
6,0.302158273381295,4.803596788901616
6,0.30935251798561153,14.427907623889093
6,0.3165467625899281,23.161246225777568
6,0.32374100719424465,7.344567416657427
6,0.33093525179856115,16.08659696650911
6,0.3381294964028777,5.374912958096781
6,0.34532374100719426,5.8427207264279355
6,0.3525179856115108,9.419582972958484
6,0.3597122302158274,4.428734748044857
6,0.3669064748201439,7.631076962162358
6,0.37410071942446044,17.294174339542717
6,0.381294964028777,20.83374381556127
6,0.38848920863309355,7.525746011421732
6,0.3956834532374101,5.924085981639149
6,0.40287769784172667,9.235577872176076
6,0.41007194244604317,15.51324879694257
6,0.4172661870503597,2.326472416643421
6,0.4244604316546763,3.5907211389863476
6,0.43165467625899284,11.4458362510655
6,0.4388489208633094,5.005903279586571
6,0.4460431654676259,5.289617593455572
6,0.45323741007194246,27.312015685280752
6,0.460431654676259,10.882639266471461
6,0.4676258992805756,20.857451755020165
6,0.47482014388489213,21.12426513419679
6,0.48201438848920863,15.305558166948401
6,0.4892086330935252,7.870994949053592
6,0.49640287769784175,2.480313064150952
7,0.0,4.440892098500626e-16
7,0.0070921985815602835,29.07882686334371
7,0.014184397163120567,16.059338018187837
7,0.02127659574468085,22.720386342442634
7,0.028368794326241134,17.734658289664143
7,0.035460992907801414,9.655391752126652
7,0.0425531914893617,5.364158268000182
7,0.04964539007092199,7.661112282915032
7,0.05673758865248227,7.774187914242545
7,0.06382978723404255,6.588358551311204
7,0.07092198581560283,3.8518612283027562
7,0.07801418439716312,6.849525010188924
7,0.0851063829787234,8.71883456169429
7,0.09219858156028368,7.367227413928827
7,0.09929078014184398,6.385674871439662
7,0.10638297872340426,16.31165572891578
7,0.11347517730496454,4.832694218813298
7,0.12056737588652482,10.324194367488547
7,0.1276595744680851,10.484909582816194
7,0.1347517730496454,23.16204762839988
7,0.14184397163120566,18.117237082911004
7,0.14893617021276595,11.464277984722901
7,0.15602836879432624,9.576148126464187
7,0.1631205673758865,15.96136952771259
7,0.1702127659574468,8.206330520811596
7,0.1773049645390071,8.031259214545226
7,0.18439716312056736,2.7471610043731074
7,0.19148936170212766,8.488848420487901
7,0.19858156028368795,17.3067096539238
7,0.20567375886524822,15.892406283715173
7,0.2127659574468085,13.477574162185254
7,0.21985815602836878,10.93507925061392
7,0.22695035460992907,9.30533312710829
7,0.23404255319148937,10.256781191163473
7,0.24113475177304963,3.8559358000596946
7,0.24822695035460993,4.1869926630745855
7,0.2553191489361702,5.0340077188359444
7,0.2624113475177305,7.938866182080326
7,0.2695035460992908,15.449198801963
7,0.2765957446808511,12.330580322617887
7,0.2836879432624113,14.029144567932285
7,0.2907801418439716,11.40642429062942
7,0.2978723404255319,8.802862316900349
7,0.3049645390070922,3.8397863228782416
7,0.3120567375886525,7.72687845522625
7,0.3191489361702128,8.389263447322111
7,0.326241134751773,4.01467737158536
7,0.3333333333333333,2.9128171213727905
7,0.3404255319148936,7.0847607841819515
7,0.3475177304964539,8.852867394633208
7,0.3546099290780142,11.144659198037424
7,0.36170212765957444,8.634451347457302
7,0.36879432624113473,21.343338921115716
7,0.375886524822695,18.279238491631542
7,0.3829787234042553,13.068772888297277
7,0.3900709219858156,12.254425423597144
7,0.3971631205673759,11.412721426138457
7,0.40425531914893614,5.3466423535284795
7,0.41134751773049644,4.512206589981442
7,0.41843971631205673,14.187046373501756
7,0.425531914893617,13.833164766754411
7,0.4326241134751773,4.382129192548314
7,0.43971631205673756,20.252806364529626
7,0.44680851063829785,10.07260921193915
7,0.45390070921985815,5.311608032629122
7,0.46099290780141844,10.180087147015929
7,0.46808510638297873,15.100073676921461
7,0.47517730496453897,3.3135112523625545
7,0.48226950354609927,16.62618803131942
7,0.48936170212765956,9.308854688956169
7,0.49645390070921985,4.891642747900785
8,0.0,0.0
8,0.006944444444444444,19.22599917345937
8,0.013888888888888888,6.947425893273622
8,0.020833333333333332,18.536753256699868
8,0.027777777777777776,8.975505923088054
8,0.034722222222222224,18.66618054177046
8,0.041666666666666664,23.659603123338222
8,0.048611111111111105,19.09725807570481
8,0.05555555555555555,18.4492473517113
8,0.0625,16.804717368381677
8,0.06944444444444445,13.683046840279047
8,0.07638888888888888,17.95021473231979
8,0.08333333333333333,20.262694865065207
8,0.09027777777777778,11.654800682087306
8,0.09722222222222221,10.852876468831253
8,0.10416666666666666,14.114318678786223
8,0.1111111111111111,14.55640331786797
8,0.11805555555555555,19.533007607540856
8,0.125,13.390195945039023
8,0.13194444444444445,17.619545289628842
8,0.1388888888888889,18.95153755915561
8,0.14583333333333331,14.752608030355578
8,0.15277777777777776,4.871936213565667
8,0.1597222222222222,11.340760748678868
8,0.16666666666666666,16.23391009691754
8,0.1736111111111111,2.8559407133692707
8,0.18055555555555555,2.76126556111176
8,0.1875,12.460165854477099
8,0.19444444444444442,13.484677494543265
8,0.20138888888888887,11.328586701084246
8,0.20833333333333331,12.947751896501202
8,0.21527777777777776,5.336403067141943
8,0.2222222222222222,9.84649896768347
8,0.22916666666666666,13.099404098472887
8,0.2361111111111111,1.7560191799818468
8,0.24305555555555555,4.379474987427301
8,0.25,1.4696319012722157
8,0.2569444444444444,3.123308944837045
8,0.2638888888888889,12.693317672136244
8,0.2708333333333333,5.58457577108659
8,0.2777777777777778,3.74834122037184
8,0.2847222222222222,12.100511733849814
8,0.29166666666666663,6.757811537815696
8,0.2986111111111111,2.7404890041966903
8,0.3055555555555555,6.160536165384154
8,0.3125,4.069805499830957
8,0.3194444444444444,16.813679136053302
8,0.3263888888888889,2.7149570569057744
8,0.3333333333333333,8.472930808608904
8,0.34027777777777773,5.055369096317989
8,0.3472222222222222,7.7817654058989465
8,0.35416666666666663,7.569231362917186
8,0.3611111111111111,12.656023854887469
8,0.3680555555555555,15.548972743368443
8,0.375,16.208303902044936
8,0.3819444444444444,6.781509733031408
8,0.38888888888888884,8.563108180184084
8,0.3958333333333333,10.715172601273583
8,0.40277777777777773,12.77217946540383
8,0.4097222222222222,5.50299906016413
8,0.41666666666666663,13.063186620872843
8,0.4236111111111111,3.699220301280022
8,0.4305555555555555,10.574852841943496
8,0.4375,3.7809636186172138
8,0.4444444444444444,5.987242432636455
8,0.45138888888888884,11.253723805367862
8,0.4583333333333333,13.933845840826532
8,0.46527777777777773,3.784097879673478
8,0.4722222222222222,11.498214817773762
8,0.47916666666666663,8.54071593540671
8,0.4861111111111111,11.580546942834742
8,0.4930555555555555,7.057339249101612
9,0.0,5.551115123125783e-16
9,0.006711409395973154,15.735088048906269
9,0.013422818791946308,46.313455782566564
9,0.020134228187919462,22.03341022632746
9,0.026845637583892617,25.164818380562963
9,0.03355704697986577,21.176761574360402
9,0.040268456375838924,10.030749213429216
9,0.04697986577181208,10.321137212977371
9,0.053691275167785234,7.449354981990171
9,0.060402684563758385,7.694663885339524
9,0.06711409395973154,18.28463382885655
9,0.0738255033557047,11.967630996748019
9,0.08053691275167785,9.150158285507139
9,0.087248322147651,15.575519473840853
9,0.09395973154362416,4.899451711884576
9,0.10067114093959731,10.897112531929722
9,0.10738255033557047,7.221467864936832
9,0.11409395973154363,3.915202603417855
9,0.12080536912751677,9.743657030902812
9,0.12751677852348994,8.274502365784686
9,0.1342281879194631,9.81329760352891
9,0.14093959731543623,4.19588430314977
9,0.1476510067114094,5.805963543743143
9,0.15436241610738255,5.900098511362445
9,0.1610738255033557,15.088841556077897
9,0.16778523489932887,8.4606470356945
9,0.174496644295302,10.487931515216438
9,0.18120805369127516,3.6218573050588905
9,0.18791946308724833,5.800286574217914
9,0.19463087248322147,6.097920972009004
9,0.20134228187919462,8.328516534634245
9,0.2080536912751678,8.401848331523738
9,0.21476510067114093,1.5903106964038085
9,0.22147651006711408,7.8439638370847
9,0.22818791946308725,2.694442884793355
9,0.2348993288590604,7.021000953641403
9,0.24161073825503354,2.4908799092426306
9,0.2483221476510067,6.254923685361926
9,0.2550335570469799,3.3364838414457507
9,0.26174496644295303,5.186887260766311
9,0.2684563758389262,10.906359901994671
9,0.2751677852348993,4.323547319748871
9,0.28187919463087246,16.355827190247567
9,0.2885906040268456,8.25009979332985
9,0.2953020134228188,19.470777631928286
9,0.30201342281879195,6.8524945050455495
9,0.3087248322147651,18.815124398932223
9,0.31543624161073824,7.57250766630226
9,0.3221476510067114,10.765112408244061
9,0.32885906040268453,18.77669681901082
9,0.33557046979865773,14.98202618979039
9,0.3422818791946309,7.907547575777132
9,0.348993288590604,16.25863023347328
9,0.35570469798657717,6.315029889425197
9,0.3624161073825503,20.091127313078868
9,0.36912751677852346,13.366949573091802
9,0.37583892617449666,14.557039649849267
9,0.3825503355704698,16.67021669966775
9,0.38926174496644295,2.9240256014902117
9,0.3959731543624161,22.938270739708948
9,0.40268456375838924,5.07756423371241
9,0.4093959731543624,5.516263362937102
9,0.4161073825503356,8.059197461239021
9,0.4228187919463087,7.392293742742738
9,0.42953020134228187,11.238958057033974
9,0.436241610738255,5.125245231243643
9,0.44295302013422816,6.728400904677404
9,0.44966442953020136,5.546105863254032
9,0.4563758389261745,5.837856990094051
9,0.46308724832214765,3.812313960939934
9,0.4697986577181208,5.14986908919644
9,0.47651006711409394,6.9481150611342875
9,0.4832214765100671,3.68195984648412
9,0.4899328859060403,7.313315528121187
9,0.4966442953020134,7.059161035243301
10,0.0,4.440892098500626e-15
10,0.006578947368421052,35.63959803446725
10,0.013157894736842105,30.081919351981618
10,0.019736842105263157,20.653437150280634
10,0.02631578947368421,11.17787481794423
10,0.03289473684210526,6.379941199421727
10,0.039473684210526314,6.547858753393582
10,0.046052631578947366,13.178897171952244
10,0.05263157894736842,9.656988645003684
10,0.05921052631578947,5.859048160109269
10,0.06578947368421052,3.9331153799743745
10,0.07236842105263158,13.303555951947828
10,0.07894736842105263,2.502334864122994
10,0.08552631578947367,4.338708937298933
10,0.09210526315789473,4.857584688045195
10,0.09868421052631579,5.1775760070366745
10,0.10526315789473684,5.7406388747952715
10,0.11184210526315788,7.115512681624753
10,0.11842105263157894,11.615029204801921
10,0.125,8.823965288548631
10,0.13157894736842105,16.091991395295146
10,0.1381578947368421,11.04215163750761
10,0.14473684210526316,17.4365738225229
10,0.1513157894736842,6.495532140631576
10,0.15789473684210525,8.305323813733494
10,0.1644736842105263,7.018381173728679
10,0.17105263157894735,9.562067487755131
10,0.17763157894736842,6.914790995993341
10,0.18421052631578946,7.796091336741298
10,0.1907894736842105,9.247417981662274
10,0.19736842105263158,13.144396903126411
10,0.20394736842105263,17.955687776564844
10,0.21052631578947367,14.74602314689435
10,0.21710526315789472,15.965440601791963
10,0.22368421052631576,20.145313734979894
10,0.23026315789473684,12.34637697103638
10,0.23684210526315788,5.661881583305458
10,0.24342105263157893,9.334694589377333
10,0.25,3.8576482004337325
10,0.256578947368421,4.521639855885094
10,0.2631578947368421,8.312458223492426
10,0.26973684210526316,14.477643920214478
10,0.2763157894736842,8.687202943641328
10,0.28289473684210525,15.151285347169441
10,0.2894736842105263,10.045767534347673
10,0.29605263157894735,19.497880801242637
10,0.3026315789473684,16.9610453182976
10,0.30921052631578944,15.127693999947036
10,0.3157894736842105,11.626892282176678
10,0.3223684210526316,17.037462020392546
10,0.3289473684210526,1.0983410652326615
10,0.3355263157894737,5.577872431261737
10,0.3421052631578947,6.255244682024414
10,0.34868421052631576,7.624182912001352
10,0.35526315789473684,8.714077874691302
10,0.36184210526315785,6.550741095942432
10,0.3684210526315789,6.6553538529886405
10,0.375,8.004411694707898
10,0.381578947368421,5.02664960017949
10,0.3881578947368421,9.907892467457561
10,0.39473684210526316,8.014394618560384
10,0.4013157894736842,5.058383704611689
10,0.40789473684210525,7.657246506037953
10,0.41447368421052627,9.577801404537569
10,0.42105263157894735,10.351964112444259
10,0.4276315789473684,2.5810715087603238
10,0.43421052631578944,6.7329715269664465
10,0.4407894736842105,15.257184912133354
10,0.4473684210526315,7.392652611182152
10,0.4539473684210526,8.45409847389563
10,0.4605263157894737,19.3038697144797
10,0.4671052631578947,8.91576213031978
10,0.47368421052631576,12.487775236896837
10,0.48026315789473684,11.748361530672668
10,0.48684210526315785,22.297812677034457
10,0.4934210526315789,22.756013431720707
11,0.0,8.881784197001252e-15
11,0.006993006993006993,37.896645757373015
11,0.013986013986013986,15.491479710650587
11,0.02097902097902098,10.206236313763142
11,0.027972027972027972,5.687816194537352
11,0.03496503496503497,4.320513473314137
11,0.04195804195804196,15.186144161729711
11,0.04895104895104895,19.148455887113442
11,0.055944055944055944,7.872337429821742
11,0.06293706293706294,14.042540797374446
11,0.06993006993006994,14.135127570312935
11,0.07692307692307693,6.504114883666714
11,0.08391608391608392,9.448929043722577
11,0.09090909090909091,11.597100065999376
11,0.0979020979020979,25.70597434389281
11,0.1048951048951049,12.238922551623421
11,0.11188811188811189,11.806476315163382
11,0.11888111888111888,8.258424615280722
11,0.1258741258741259,14.998325861401412
11,0.13286713286713286,9.42521580221373
11,0.13986013986013987,4.988961630383755
11,0.14685314685314685,9.679337781048494
11,0.15384615384615385,11.960367873666147
11,0.16083916083916083,15.729402813435641
11,0.16783216783216784,4.173300503225424
11,0.17482517482517482,2.296733190281552
11,0.18181818181818182,5.842837476355319
11,0.1888111888111888,6.401838967754558
11,0.1958041958041958,8.812064221032987
11,0.20279720279720279,7.192311657344697
11,0.2097902097902098,13.895252739105095
11,0.21678321678321677,9.811856265222625
11,0.22377622377622378,4.5547968156872
11,0.23076923076923078,9.009391551145397
11,0.23776223776223776,5.766384445927943
11,0.24475524475524477,8.919024737016084
11,0.2517482517482518,1.1648456649591392
11,0.25874125874125875,6.228847138143188
11,0.26573426573426573,10.166382826484401
11,0.2727272727272727,10.503721370460386
11,0.27972027972027974,6.110008349345711
11,0.2867132867132867,18.996809070856386
11,0.2937062937062937,11.486944463117586
11,0.3006993006993007,3.2828596201141567
11,0.3076923076923077,10.520777145325688
11,0.3146853146853147,11.175299064784873
11,0.32167832167832167,9.056710515775595
11,0.32867132867132864,11.334221024669167
11,0.3356643356643357,11.876730050816265
11,0.34265734265734266,13.906397417488003
11,0.34965034965034963,2.4805027364048566
11,0.35664335664335667,4.527855593358365
11,0.36363636363636365,5.653029990950915
11,0.3706293706293706,9.647179645588192
11,0.3776223776223776,11.047077143455068
11,0.38461538461538464,3.668028979330679
11,0.3916083916083916,14.765595716133463
11,0.3986013986013986,10.715242987059861
11,0.40559440559440557,12.108523817797186
11,0.4125874125874126,14.047149704865129
11,0.4195804195804196,11.861813912055098
11,0.42657342657342656,7.761545860797249
11,0.43356643356643354,1.5871408112703072
11,0.4405594405594406,6.777407190394886
11,0.44755244755244755,8.478794508378275
11,0.45454545454545453,8.187806825625211
11,0.46153846153846156,20.815116485701566
11,0.46853146853146854,21.679096776159184
11,0.4755244755244755,16.8601167386291
11,0.4825174825174825,11.38767002738363
11,0.48951048951048953,6.73072980464349
11,0.4965034965034965,14.43970722628762
12,0.0,1.1879386363489175e-14
12,0.0072992700729927005,24.136053025031455
12,0.014598540145985401,13.49400368451764
12,0.021897810218978103,10.443103088757319
12,0.029197080291970802,26.563046206880877
12,0.0364963503649635,25.95242459854944
12,0.043795620437956206,11.566000695937792
12,0.051094890510948905,4.633885964785937
12,0.058394160583941604,6.652785535411874
12,0.06569343065693431,15.97872013384471
12,0.072992700729927,24.684589712332198
12,0.08029197080291971,14.709089298762768
12,0.08759124087591241,5.800491965579373
12,0.0948905109489051,16.249348661187316
12,0.10218978102189781,12.755877699771082
12,0.1094890510948905,11.82809474765288
12,0.11678832116788321,6.749227338617928
12,0.12408759124087591,7.775831141840113
12,0.13138686131386862,9.711605728309726
12,0.1386861313868613,9.32125954265148
12,0.145985401459854,4.66358849340295
12,0.15328467153284672,7.22149873408643
12,0.16058394160583941,8.889456338928309
12,0.1678832116788321,12.245394258387153
12,0.17518248175182483,2.76824370839152
12,0.18248175182481752,9.020437800204057
12,0.1897810218978102,5.186928740302393
12,0.1970802919708029,9.097342092832957
12,0.20437956204379562,13.92951661308865
12,0.2116788321167883,15.97199371853306
12,0.218978102189781,16.95554035553174
12,0.22627737226277372,2.1726354223302224
12,0.23357664233576642,5.786878051446095
12,0.2408759124087591,8.805179949602536
12,0.24817518248175183,12.479973568705477
12,0.2554744525547445,9.148237826208682
12,0.26277372262773724,4.254287452578408
12,0.27007299270072993,14.336343481828953
12,0.2773722627737226,9.937938086983468
12,0.2846715328467153,16.90258934518423
12,0.291970802919708,3.2937812185170126
12,0.2992700729927007,5.191755040798985
12,0.30656934306569344,8.492519590159116
12,0.31386861313868614,11.26615819383487
12,0.32116788321167883,2.8011401565811647
12,0.3284671532846715,6.431848959667034
12,0.3357664233576642,7.850959580538816
12,0.3430656934306569,9.527744628435732
12,0.35036496350364965,7.579031565539869
12,0.35766423357664234,6.053597741439006
12,0.36496350364963503,13.97650728976715
12,0.3722627737226277,3.8295249738826227
12,0.3795620437956204,12.374761016369895
12,0.3868613138686131,7.771836601036634
12,0.3941605839416058,6.4610557100392825
12,0.40145985401459855,11.83848889134329
12,0.40875912408759124,5.874309227779214
12,0.41605839416058393,13.164714060989887
12,0.4233576642335766,9.10308244173595
12,0.4306569343065693,9.404079413119822
12,0.437956204379562,9.957083624120687
12,0.44525547445255476,2.9586298296338245
12,0.45255474452554745,16.292596690707867
12,0.45985401459854014,2.742236047757628
12,0.46715328467153283,13.472985670344723
12,0.4744525547445255,13.117294921140532
12,0.4817518248175182,8.377098730897245
12,0.4890510948905109,13.31533856708257
12,0.49635036496350365,16.220992873281556
13,0.0,7.993605777301127e-15
13,0.007042253521126761,32.3017216766668
13,0.014084507042253521,10.044701650544427
13,0.02112676056338028,8.056546813563875
13,0.028169014084507043,15.213593003587393
13,0.035211267605633804,19.706548281427686
13,0.04225352112676056,13.562159455220197
13,0.04929577464788733,4.510218503604961
13,0.056338028169014086,4.424309082916777
13,0.06338028169014084,7.999070689043362
13,0.07042253521126761,8.584096949204582
13,0.07746478873239437,11.282105840678396
13,0.08450704225352113,5.908520315295535
13,0.09154929577464789,3.7387717394625235
13,0.09859154929577466,8.926477735743997
13,0.1056338028169014,8.433958275667766
13,0.11267605633802817,15.981279225060202
13,0.11971830985915494,10.822181000762516
13,0.1267605633802817,1.4479338026898099
13,0.13380281690140847,8.566900205052763
13,0.14084507042253522,11.815016120490617
13,0.14788732394366197,6.2822865134271515
13,0.15492957746478875,6.117057492868059
13,0.1619718309859155,6.105276576927093
13,0.16901408450704225,3.3215244797702383
13,0.17605633802816903,11.102690414340502
13,0.18309859154929578,22.16066489100794
13,0.19014084507042253,24.869290028044162
13,0.1971830985915493,22.2745590559386
13,0.20422535211267606,6.640893944362377
13,0.2112676056338028,13.97553030436285
13,0.2183098591549296,15.843163169734375
13,0.22535211267605634,6.217622105207247
13,0.2323943661971831,9.600616601555922
13,0.23943661971830987,7.308951055496253
13,0.24647887323943662,3.474379555588252
13,0.2535211267605634,9.222882040322432
13,0.2605633802816901,7.32418921579834
13,0.26760563380281693,7.805013082958569
13,0.2746478873239437,10.020297917381386
13,0.28169014084507044,12.325197922777294
13,0.2887323943661972,8.893534706065063
13,0.29577464788732394,10.566211534502525
13,0.3028169014084507,11.208627127548908
13,0.3098591549295775,6.6243646034929915
13,0.31690140845070425,8.472119066177518
13,0.323943661971831,14.750492925968286
13,0.33098591549295775,8.96388586728484
13,0.3380281690140845,12.1581434873609
13,0.34507042253521125,6.977049508630626
13,0.35211267605633806,0.6657769747633923
13,0.3591549295774648,5.8950743319933006
13,0.36619718309859156,7.0217555283324025
13,0.3732394366197183,18.4658540607808
13,0.38028169014084506,15.845847514519512
13,0.3873239436619718,11.878043922308168
13,0.3943661971830986,8.034669863537006
13,0.4014084507042254,5.257697638663554
13,0.4084507042253521,12.06111149507029
13,0.4154929577464789,9.590487273584486
13,0.4225352112676056,8.171104092840272
13,0.4295774647887324,14.931113493113381
13,0.4366197183098592,16.025347036133116
13,0.44366197183098594,16.057092270585304
13,0.4507042253521127,15.092688967594679
13,0.45774647887323944,12.154236439010699
13,0.4647887323943662,5.83790646302284
13,0.471830985915493,12.57040929214988
13,0.47887323943661975,5.774559133538639
13,0.4859154929577465,19.015942309520383
13,0.49295774647887325,11.568072857972805
14,0.0,1.4210854715202004e-14
14,0.007042253521126761,31.673386057767033
14,0.014084507042253521,25.583931186534617
14,0.02112676056338028,18.07658656316905
14,0.028169014084507043,12.530103938858545
14,0.035211267605633804,7.824075079094725
14,0.04225352112676056,1.1674040155347083
14,0.04929577464788733,6.862809329582204
14,0.056338028169014086,5.544777885371074
14,0.06338028169014084,1.3180397948531921
14,0.07042253521126761,15.904878141268483
14,0.07746478873239437,7.871194175947868
14,0.08450704225352113,12.756656988628379
14,0.09154929577464789,6.5758910134688335
14,0.09859154929577466,6.015534455141389
14,0.1056338028169014,4.157573182287153
14,0.11267605633802817,10.3309920079265
14,0.11971830985915494,3.5418623655973467
14,0.1267605633802817,5.22804049608677
14,0.13380281690140847,8.075962277291145
14,0.14084507042253522,4.701487782521812
14,0.14788732394366197,2.4603515861915572
14,0.15492957746478875,11.114689556760384
14,0.1619718309859155,13.864730804811582
14,0.16901408450704225,17.748693915821843
14,0.17605633802816903,12.333886891759503
14,0.18309859154929578,9.505994861337877
14,0.19014084507042253,10.750745883323592
14,0.1971830985915493,21.734303897872238
14,0.20422535211267606,8.407366535701518
14,0.2112676056338028,4.067147746601139
14,0.2183098591549296,4.073832008523031
14,0.22535211267605634,6.63291917055472
14,0.2323943661971831,7.157227837223991
14,0.23943661971830987,9.156147696626519
14,0.24647887323943662,1.4841326323892676
14,0.2535211267605634,7.370532635194663
14,0.2605633802816901,14.746212048411165
14,0.26760563380281693,14.664735142077463
14,0.2746478873239437,8.020505801095208
14,0.28169014084507044,4.184268971840828
14,0.2887323943661972,9.475617059197855
14,0.29577464788732394,6.501258105752096
14,0.3028169014084507,9.017892806144769
14,0.3098591549295775,9.546176394616888
14,0.31690140845070425,9.511126329178841
14,0.323943661971831,4.396708178363879
14,0.33098591549295775,19.663967160878713
14,0.3380281690140845,10.592310660548051
14,0.34507042253521125,13.038034961343204
14,0.35211267605633806,17.06468783378329
14,0.3591549295774648,20.908379617666675
14,0.36619718309859156,6.340239060790837
14,0.3732394366197183,8.924741039807344
14,0.38028169014084506,1.4278462911254841
14,0.3873239436619718,6.290063399438946
14,0.3943661971830986,1.2322151422759073
14,0.4014084507042254,10.631019553514683
14,0.4084507042253521,9.93677975614606
14,0.4154929577464789,6.0566450381108865
14,0.4225352112676056,1.521987525540082
14,0.4295774647887324,7.4676337515262246
14,0.4366197183098592,2.6480737895972815
14,0.44366197183098594,13.28970493779272
14,0.4507042253521127,12.88226744281596
14,0.45774647887323944,23.54629530532411
14,0.4647887323943662,17.35490742946847
14,0.471830985915493,23.555557093094965
14,0.47887323943661975,15.858144441454069
14,0.4859154929577465,12.517387635573355
14,0.49295774647887325,13.95843658983003
15,0.0,3.552713678800501e-15
15,0.007042253521126761,9.282706452310636
15,0.014084507042253521,10.648030925569865
15,0.02112676056338028,2.3040033361180714
15,0.028169014084507043,18.860789013144515
15,0.035211267605633804,3.0260006434251916
15,0.04225352112676056,22.381863049880636
15,0.04929577464788733,14.996556952204475
15,0.056338028169014086,13.934305176300084
15,0.06338028169014084,7.407964056253928
15,0.07042253521126761,4.928034217947798
15,0.07746478873239437,14.572058784584152
15,0.08450704225352113,13.977342314453843
15,0.09154929577464789,15.707327327508297
15,0.09859154929577466,4.600708119325997
15,0.1056338028169014,2.9907326975983555
15,0.11267605633802817,5.253296506914025
15,0.11971830985915494,14.897581076840458
15,0.1267605633802817,6.478182317165738
15,0.13380281690140847,22.77938615022684
15,0.14084507042253522,6.295415215216181
15,0.14788732394366197,16.452040282442383
15,0.15492957746478875,12.799585712482186
15,0.1619718309859155,25.544280318318837
15,0.16901408450704225,4.451268647209413
15,0.17605633802816903,9.903533260803494
15,0.18309859154929578,12.34651936398283
15,0.19014084507042253,13.606256504037926
15,0.1971830985915493,7.187762358821112
15,0.20422535211267606,11.012150318009189
15,0.2112676056338028,11.8326051459633
15,0.2183098591549296,6.265138841534485
15,0.22535211267605634,3.112273772643353
15,0.2323943661971831,10.441026411693837
15,0.23943661971830987,10.143780324142796
15,0.24647887323943662,6.8751159209830615
15,0.2535211267605634,6.016964272198144
15,0.2605633802816901,9.309068710577645
15,0.26760563380281693,14.701864360046972
15,0.2746478873239437,5.064279759858454
15,0.28169014084507044,14.595952573507889
15,0.2887323943661972,11.135366993943778
15,0.29577464788732394,12.867183169814327
15,0.3028169014084507,8.06651172203196
15,0.3098591549295775,1.9526304741250957
15,0.31690140845070425,10.655714868451707
15,0.323943661971831,6.169156275644031
15,0.33098591549295775,5.726796255418039
15,0.3380281690140845,8.76053218691378
15,0.34507042253521125,3.946133170360234
15,0.35211267605633806,11.833426604438701
15,0.3591549295774648,11.28421732600457
15,0.36619718309859156,12.25103637201276
15,0.3732394366197183,4.2463194787082355
15,0.38028169014084506,19.382582060316082
15,0.3873239436619718,4.0043357302325
15,0.3943661971830986,4.1733847298999285
15,0.4014084507042254,2.1480090484685395
15,0.4084507042253521,14.671958859753332
15,0.4154929577464789,20.65780253051516
15,0.4225352112676056,23.84914777824428
15,0.4295774647887324,17.431625928755242
15,0.4366197183098592,11.367350431558346
15,0.44366197183098594,16.339100149672305
15,0.4507042253521127,10.720212566794666
15,0.45774647887323944,8.16636852883746
15,0.4647887323943662,13.319824511541656
15,0.471830985915493,13.619394796736993
15,0.47887323943661975,5.152703003327716
15,0.4859154929577465,9.081653144379779
15,0.49295774647887325,5.774275430923382
16,0.0,5.329070518200751e-15
16,0.006993006993006993,33.31687254472289
16,0.013986013986013986,18.87669518219826
16,0.02097902097902098,11.450586861200136
16,0.027972027972027972,17.205146554575396
16,0.03496503496503497,14.853105031385818
16,0.04195804195804196,13.376767732724648
16,0.04895104895104895,13.22628756467833
16,0.055944055944055944,4.220288073797773
16,0.06293706293706294,18.0878955521243
16,0.06993006993006994,8.6657123383114
16,0.07692307692307693,8.485441529093839
16,0.08391608391608392,8.166375710575654
16,0.09090909090909091,12.570084139124452
16,0.0979020979020979,3.7636153986772207
16,0.1048951048951049,12.255471353185861
16,0.11188811188811189,14.385734387055285
16,0.11888111888111888,2.5393976906060707
16,0.1258741258741259,1.622112537377091
16,0.13286713286713286,6.322311815013588
16,0.13986013986013987,19.873417370047225
16,0.14685314685314685,20.35539900108159
16,0.15384615384615385,13.46859256908652
16,0.16083916083916083,5.241485172141058
16,0.16783216783216784,17.734221702035015
16,0.17482517482517482,8.184343581883567
16,0.18181818181818182,5.411251586657308
16,0.1888111888111888,6.252832269981162
16,0.1958041958041958,12.347561019724788
16,0.20279720279720279,13.675412489740204
16,0.2097902097902098,9.563374514001064
16,0.21678321678321677,25.310432634898152
16,0.22377622377622378,12.916102394706657
16,0.23076923076923078,6.071603626048699
16,0.23776223776223776,10.19419186115861
16,0.24475524475524477,4.462341292017757
16,0.2517482517482518,4.849117873158082
16,0.25874125874125875,9.6902997392793
16,0.26573426573426573,19.027183466509527
16,0.2727272727272727,6.868709579709586
16,0.27972027972027974,7.759196728616907
16,0.2867132867132867,5.852211944163547
16,0.2937062937062937,6.352270533742045
16,0.3006993006993007,5.580631047984832
16,0.3076923076923077,7.1287651823531135
16,0.3146853146853147,10.980143114665568
16,0.32167832167832167,3.9733492826370087
16,0.32867132867132864,3.124810948394935
16,0.3356643356643357,8.371565305185243
16,0.34265734265734266,14.959105488164406
16,0.34965034965034963,19.545001576380272
16,0.35664335664335667,9.324125038516614
16,0.36363636363636365,6.925992507543169
16,0.3706293706293706,1.2248026042206022
16,0.3776223776223776,7.000855801749738
16,0.38461538461538464,11.970306159589123
16,0.3916083916083916,8.70745185608597
16,0.3986013986013986,6.044152493732988
16,0.40559440559440557,16.854574715838627
16,0.4125874125874126,9.903170901471034
16,0.4195804195804196,4.99497043013684
16,0.42657342657342656,1.296952356669571
16,0.43356643356643354,10.155362897403851
16,0.4405594405594406,21.273707966081055
16,0.44755244755244755,10.395097115756005
16,0.45454545454545453,4.074337659464511
16,0.46153846153846156,3.5101253919744932
16,0.46853146853146854,8.670322326892961
16,0.4755244755244755,3.9509333424934483
16,0.4825174825174825,13.945856832770001
16,0.48951048951048953,11.772678621049058
16,0.4965034965034965,14.849383028444336
17,0.0,1.4210854715202004e-14
17,0.007042253521126761,30.152069667722117
17,0.014084507042253521,30.658257682616853
17,0.02112676056338028,28.30865614067753
17,0.028169014084507043,16.81342137341664
17,0.035211267605633804,10.4805224141997
17,0.04225352112676056,10.02459036429757
17,0.04929577464788733,10.611257075861824
17,0.056338028169014086,14.567210476659746
17,0.06338028169014084,11.557063460418627
17,0.07042253521126761,18.215801575225242
17,0.07746478873239437,17.966100208550607
17,0.08450704225352113,9.61632543557936
17,0.09154929577464789,21.293007973568656
17,0.09859154929577466,15.10211409911057
17,0.1056338028169014,15.016424890078403
17,0.11267605633802817,18.795732393699843
17,0.11971830985915494,2.445710725213035
17,0.1267605633802817,11.459119985730586
17,0.13380281690140847,14.31327329531468
17,0.14084507042253522,8.5968750741491
17,0.14788732394366197,9.43606996317098
17,0.15492957746478875,11.201056099525472
17,0.1619718309859155,4.966741838091042
17,0.16901408450704225,10.622402855333096
17,0.17605633802816903,6.308012496338948
17,0.18309859154929578,15.582557494423076
17,0.19014084507042253,10.791641055375283
17,0.1971830985915493,9.522662807984979
17,0.20422535211267606,16.739268655135234
17,0.2112676056338028,7.533431870414299
17,0.2183098591549296,7.5326910668473825
17,0.22535211267605634,3.331566658793463
17,0.2323943661971831,15.296845511241509
17,0.23943661971830987,12.748701729977723
17,0.24647887323943662,9.26303153074265
17,0.2535211267605634,12.486079596870642
17,0.2605633802816901,11.1507865321463
17,0.26760563380281693,9.047377219768073
17,0.2746478873239437,13.743052008483842
17,0.28169014084507044,8.265754091261988
17,0.2887323943661972,7.784021862904972
17,0.29577464788732394,9.674035853251254
17,0.3028169014084507,4.993619240925307
17,0.3098591549295775,13.558518216236958
17,0.31690140845070425,1.2343878419181142
17,0.323943661971831,10.091253677694203
17,0.33098591549295775,6.354538033257898
17,0.3380281690140845,2.4541631276638114
17,0.34507042253521125,4.3115076823639065
17,0.35211267605633806,2.2397218870824407
17,0.3591549295774648,3.7178292465049507
17,0.36619718309859156,0.3899214761861008
17,0.3732394366197183,2.035718090151995
17,0.38028169014084506,6.840297742440938
17,0.3873239436619718,3.187238437644522
17,0.3943661971830986,6.695217445949762
17,0.4014084507042254,12.859309351752367
17,0.4084507042253521,5.339087634964247
17,0.4154929577464789,0.9806594123382297
17,0.4225352112676056,14.649937725252428
17,0.4295774647887324,3.558270180885088
17,0.4366197183098592,6.642472844920979
17,0.44366197183098594,12.795431824824968
17,0.4507042253521127,2.7702233407543635
17,0.45774647887323944,1.0353471855077623
17,0.4647887323943662,7.843373735583402
17,0.471830985915493,3.080665441162549
17,0.47887323943661975,11.210385079100906
17,0.4859154929577465,8.907370285268556
17,0.49295774647887325,4.280895730850134
18,0.0,3.552713678800501e-15
18,0.0072992700729927005,5.3336264210452855
18,0.014598540145985401,4.350506114411972
18,0.021897810218978103,5.9862120768250175
18,0.029197080291970802,10.330200618556137
18,0.0364963503649635,7.975870267858236
18,0.043795620437956206,8.573680908267832
18,0.051094890510948905,11.389227125740595
18,0.058394160583941604,21.10490907066506
18,0.06569343065693431,7.013925979240762
18,0.072992700729927,15.579764023527778
18,0.08029197080291971,3.394427406268727
18,0.08759124087591241,12.822621589062598
18,0.0948905109489051,18.107414757879845
18,0.10218978102189781,11.386057169890565
18,0.1094890510948905,11.15603989653215
18,0.11678832116788321,3.509323465074523
18,0.12408759124087591,21.14797043682602
18,0.13138686131386862,4.151287218877205
18,0.1386861313868613,10.383981733579018
18,0.145985401459854,13.639102329896
18,0.15328467153284672,2.725821058887032
18,0.16058394160583941,17.169818125715196
18,0.1678832116788321,4.168420120738788
18,0.17518248175182483,3.4232913386150674
18,0.18248175182481752,11.73967077261381
18,0.1897810218978102,11.590910993954056
18,0.1970802919708029,18.247988754590114
18,0.20437956204379562,0.5896411613546645
18,0.2116788321167883,1.9072194492548595
18,0.218978102189781,11.389569592768757
18,0.22627737226277372,10.073049204130037
18,0.23357664233576642,9.375991895748239
18,0.2408759124087591,11.458164841014094
18,0.24817518248175183,6.17110796155351
18,0.2554744525547445,5.040653460350966
18,0.26277372262773724,18.899268836091405
18,0.27007299270072993,14.422304938338831
18,0.2773722627737226,10.11701868263298
18,0.2846715328467153,12.011734414067917
18,0.291970802919708,10.279539582939906
18,0.2992700729927007,9.272802209652594
18,0.30656934306569344,15.151275752120744
18,0.31386861313868614,13.056328295053431
18,0.32116788321167883,21.238263303997055
18,0.3284671532846715,7.0379321531660946
18,0.3357664233576642,8.275708328905335
18,0.3430656934306569,10.574777826107768
18,0.35036496350364965,17.37873790833482
18,0.35766423357664234,12.794980824060797
18,0.36496350364963503,21.889345858090167
18,0.3722627737226277,13.19649749950322
18,0.3795620437956204,10.150940087522502
18,0.3868613138686131,5.744234616144147
18,0.3941605839416058,11.220276284897272
18,0.40145985401459855,4.723411028466264
18,0.40875912408759124,17.354202529262093
18,0.41605839416058393,11.276363119604282
18,0.4233576642335766,18.523195561658
18,0.4306569343065693,7.623719575870973
18,0.437956204379562,12.487832673783478
18,0.44525547445255476,7.3937204205208555
18,0.45255474452554745,10.93413388363103
18,0.45985401459854014,2.49257560376201
18,0.46715328467153283,16.790118234769032
18,0.4744525547445255,9.456027675493491
18,0.4817518248175182,11.346816457602385
18,0.4890510948905109,6.351610563390184
18,0.49635036496350365,3.6676895852609794
19,0.0,5.329070518200751e-15
19,0.007407407407407408,20.79455599330477
19,0.014814814814814815,13.158454126337123
19,0.022222222222222223,12.135286017955329
19,0.02962962962962963,9.217823819328855
19,0.037037037037037035,5.533319913722224
19,0.044444444444444446,20.24777215700664
19,0.05185185185185186,19.86245607063656
19,0.05925925925925926,6.618943905420291
19,0.06666666666666667,14.02023896970886
19,0.07407407407407407,6.305345007482991
19,0.08148148148148149,9.955946207843171
19,0.08888888888888889,16.74269403324333
19,0.0962962962962963,9.062674903060081
19,0.10370370370370371,4.369379772406302
19,0.11111111111111112,4.827383272362171
19,0.11851851851851852,8.180326942556352
19,0.12592592592592594,7.887679635020229
19,0.13333333333333333,17.75829264389525
19,0.14074074074074075,5.1365014565081735
19,0.14814814814814814,2.5032117176495015
19,0.15555555555555556,13.594349979059217
19,0.16296296296296298,7.385314162774893
19,0.17037037037037037,12.966314009395107
19,0.17777777777777778,7.80042330297141
19,0.1851851851851852,11.962043558771848
19,0.1925925925925926,17.288832999343896
19,0.2,14.934791187909797
19,0.20740740740740743,8.27532713910329
19,0.21481481481481482,11.732422497552093
19,0.22222222222222224,6.7727948413204295
19,0.22962962962962963,2.4900341820273995
19,0.23703703703703705,14.090399253472887
19,0.24444444444444446,2.2883252406427292
19,0.2518518518518519,14.781856620447858
19,0.25925925925925924,20.749732959814523
19,0.26666666666666666,13.240011888468546
19,0.2740740740740741,7.545677509792407
19,0.2814814814814815,4.170672701744322
19,0.2888888888888889,8.4353008938996
19,0.2962962962962963,6.629630229851206
19,0.3037037037037037,4.188219692905599
19,0.3111111111111111,0.9256782057977523
19,0.31851851851851853,11.134685911641597
19,0.32592592592592595,11.991917677183038
19,0.33333333333333337,5.6015391842519
19,0.34074074074074073,2.2678778692970543
19,0.34814814814814815,4.72561423663734
19,0.35555555555555557,11.626314985253323
19,0.362962962962963,4.672802199198194
19,0.3703703703703704,9.801856446611708
19,0.37777777777777777,3.2870496285853394
19,0.3851851851851852,22.47299236051927
19,0.3925925925925926,11.255543907617314
19,0.4,8.848927263307594
19,0.40740740740740744,12.09980182770444
19,0.41481481481481486,10.583323367247433
19,0.4222222222222222,10.606755259056689
19,0.42962962962962964,1.998316121796327
19,0.43703703703703706,16.113675747098295
19,0.4444444444444445,11.244683297209164
19,0.4518518518518519,24.868919931675435
19,0.45925925925925926,22.472946976773468
19,0.4666666666666667,10.450317379723112
19,0.4740740740740741,2.683882714121455
19,0.4814814814814815,5.397064151222286
19,0.48888888888888893,3.3994842521393216
19,0.4962962962962963,14.445573775832596
20,0.0,1.7319479184152442e-14
20,0.006993006993006993,29.733082893389973
20,0.013986013986013986,26.61564718976516
20,0.02097902097902098,18.37466426783701
20,0.027972027972027972,15.21564480759961
20,0.03496503496503497,8.697655888023139
20,0.04195804195804196,22.768585259302807
20,0.04895104895104895,25.440331878925658
20,0.055944055944055944,21.266664597995206
20,0.06293706293706294,7.764538963483427
20,0.06993006993006994,19.857625347586946
20,0.07692307692307693,8.826409022272111
20,0.08391608391608392,14.087576681869377
20,0.09090909090909091,13.972282756281286
20,0.0979020979020979,15.463238629568803
20,0.1048951048951049,8.657082394914541
20,0.11188811188811189,7.738256203204312
20,0.11888111888111888,7.2026109833371645
20,0.1258741258741259,11.13376066174639
20,0.13286713286713286,9.304653172398092
20,0.13986013986013987,6.727018908445953
20,0.14685314685314685,14.417207805316346
20,0.15384615384615385,5.5339761568925105
20,0.16083916083916083,5.2944409989095345
20,0.16783216783216784,8.991329073066112
20,0.17482517482517482,4.674532816043818
20,0.18181818181818182,1.343252684033503
20,0.1888111888111888,5.721217867905063
20,0.1958041958041958,10.262693764427539
20,0.20279720279720279,9.21496624792042
20,0.2097902097902098,2.750200261108588
20,0.21678321678321677,10.437390841266998
20,0.22377622377622378,9.934251614881498
20,0.23076923076923078,3.7647568151812245
20,0.23776223776223776,5.962098243797219
20,0.24475524475524477,11.807801401817018
20,0.2517482517482518,2.4738453191481686
20,0.25874125874125875,4.915984739844895
20,0.26573426573426573,1.3828630534656448
20,0.2727272727272727,13.834732344155722
20,0.27972027972027974,4.873005668652489
20,0.2867132867132867,12.559832417028623
20,0.2937062937062937,14.575928238585677
20,0.3006993006993007,7.920691368466104
20,0.3076923076923077,10.834819817742254
20,0.3146853146853147,6.022758085423674
20,0.32167832167832167,14.252789099055583
20,0.32867132867132864,10.999619808249934
20,0.3356643356643357,4.9580998313403235
20,0.34265734265734266,9.833981040978
20,0.34965034965034963,7.0050151568003445
20,0.35664335664335667,9.05816569886988
20,0.36363636363636365,12.499900716956292
20,0.3706293706293706,10.023374234243787
20,0.3776223776223776,10.241990491811073
20,0.38461538461538464,6.903693802175078
20,0.3916083916083916,8.386149855998555
20,0.3986013986013986,7.81825993146817
20,0.40559440559440557,10.975698332801063
20,0.4125874125874126,11.319172312805774
20,0.4195804195804196,11.167896345798674
20,0.42657342657342656,11.288280407041029
20,0.43356643356643354,11.26507898755792
20,0.4405594405594406,5.168759701963123
20,0.44755244755244755,13.505369653960294
20,0.45454545454545453,16.526099508445785
20,0.46153846153846156,14.310997251641519
20,0.46853146853146854,15.146672889229258
20,0.4755244755244755,4.931703004863623
20,0.4825174825174825,11.763377436433474
20,0.48951048951048953,9.1301750314702
20,0.4965034965034965,4.674782009343966
21,0.0,1.865174681370263e-14
21,0.006993006993006993,11.469589768562784
21,0.013986013986013986,9.947450876892738
21,0.02097902097902098,13.887936388446304
21,0.027972027972027972,16.37893188268361
21,0.03496503496503497,14.669257257593687
21,0.04195804195804196,7.584004010614532
21,0.04895104895104895,4.296583583385892
21,0.055944055944055944,33.1281795636166
21,0.06293706293706294,14.23429384721538
21,0.06993006993006994,11.615831551917688
21,0.07692307692307693,8.634796323161511
21,0.08391608391608392,11.958845602418503
21,0.09090909090909091,13.370385766980032
21,0.0979020979020979,14.12800804963657
21,0.1048951048951049,9.32650004309238
21,0.11188811188811189,11.945913604381444
21,0.11888111888111888,6.318873067445853
21,0.1258741258741259,12.395569295397502
21,0.13286713286713286,6.1655443757719794
21,0.13986013986013987,14.044150349941683
21,0.14685314685314685,1.355507229728216
21,0.15384615384615385,13.05943226069279
21,0.16083916083916083,11.846770332570541
21,0.16783216783216784,15.138824808613467
21,0.17482517482517482,1.9120765290048098
21,0.18181818181818182,12.404015679385225
21,0.1888111888111888,13.187465595525131
21,0.1958041958041958,2.5899777807920725
21,0.20279720279720279,6.8445566007078344
21,0.2097902097902098,3.1189722755618265
21,0.21678321678321677,16.278602745900567
21,0.22377622377622378,13.683804141958193
21,0.23076923076923078,7.407309712873911
21,0.23776223776223776,9.260812303275136
21,0.24475524475524477,16.827393403543592
21,0.2517482517482518,10.348907868288583
21,0.25874125874125875,11.882051547694232
21,0.26573426573426573,8.61737779817821
21,0.2727272727272727,8.992674214646513
21,0.27972027972027974,17.430911937566638
21,0.2867132867132867,4.103140017314082
21,0.2937062937062937,15.346774240125868
21,0.3006993006993007,15.426346531637758
21,0.3076923076923077,12.705590972660266
21,0.3146853146853147,14.937306831230593
21,0.32167832167832167,5.476073447566872
21,0.32867132867132864,12.525747590858938
21,0.3356643356643357,7.807511492395506
21,0.34265734265734266,1.231758597731295
21,0.34965034965034963,9.389197021321584
21,0.35664335664335667,7.140809236503135
21,0.36363636363636365,14.818792650703399
21,0.3706293706293706,10.767610382244815
21,0.3776223776223776,12.927023137414286
21,0.38461538461538464,6.014897871840288
21,0.3916083916083916,17.27085092983478
21,0.3986013986013986,2.7209600622207826
21,0.40559440559440557,17.947957733911824
21,0.4125874125874126,18.122286924160296
21,0.4195804195804196,14.039320572476901
21,0.42657342657342656,4.581114381021456
21,0.43356643356643354,1.5396525559600767
21,0.4405594405594406,6.615620744710076
21,0.44755244755244755,12.669757260317256
21,0.45454545454545453,15.778956945120862
21,0.46153846153846156,7.068056676457766
21,0.46853146853146854,11.038547771774654
21,0.4755244755244755,12.823628270772035
21,0.4825174825174825,4.130023537375099
21,0.48951048951048953,11.183542951641169
21,0.4965034965034965,11.033624530508689
22,0.0,2.6645352591003757e-15
22,0.006578947368421052,16.083370527569766
22,0.013157894736842105,19.729562006530628
22,0.019736842105263157,34.71778233706932
22,0.02631578947368421,14.409074213325606
22,0.03289473684210526,23.718013456546124
22,0.039473684210526314,12.035351550421952
22,0.046052631578947366,7.6720807289355895
22,0.05263157894736842,17.87970775872947
22,0.05921052631578947,12.498537379377973
22,0.06578947368421052,8.77221393715879
22,0.07236842105263158,11.248146691131785
22,0.07894736842105263,18.978008383884845
22,0.08552631578947367,20.093369166004024
22,0.09210526315789473,12.894423427092915
22,0.09868421052631579,14.619892723225433
22,0.10526315789473684,14.858655902900319
22,0.11184210526315788,18.18048140691755
22,0.11842105263157894,6.8928036992028305
22,0.125,1.023115072176324
22,0.13157894736842105,8.105231382715457
22,0.1381578947368421,9.754888761536685
22,0.14473684210526316,14.32585282105084
22,0.1513157894736842,4.403191227053399
22,0.15789473684210525,2.398900979916667
22,0.1644736842105263,4.981872125742624
22,0.17105263157894735,3.8216934718836786
22,0.17763157894736842,3.8971972910813717
22,0.18421052631578946,7.219103506418714
22,0.1907894736842105,12.409272538421543
22,0.19736842105263158,7.78532589501046
22,0.20394736842105263,9.582664963193173
22,0.21052631578947367,23.5689561002434
22,0.21710526315789472,9.23248315602907
22,0.22368421052631576,6.5673577834463295
22,0.23026315789473684,18.8013306752769
22,0.23684210526315788,15.739157361716108
22,0.24342105263157893,5.683803288404463
22,0.25,13.816227655710371
22,0.256578947368421,14.39939167347767
22,0.2631578947368421,11.30783397044545
22,0.26973684210526316,10.393855038989221
22,0.2763157894736842,8.97915922195275
22,0.28289473684210525,12.27883447720173
22,0.2894736842105263,11.270612854452546
22,0.29605263157894735,10.86864234596277
22,0.3026315789473684,7.011988288117767
22,0.30921052631578944,6.707859234878805
22,0.3157894736842105,14.660473671331284
22,0.3223684210526316,4.315816184399666
22,0.3289473684210526,7.005673704867969
22,0.3355263157894737,5.073661916391836
22,0.3421052631578947,10.05143811766524
22,0.34868421052631576,5.5929109931565995
22,0.35526315789473684,7.167184403559807
22,0.36184210526315785,6.827270438736472
22,0.3684210526315789,7.683469558157471
22,0.375,10.82871112629592
22,0.381578947368421,3.904867688827021
22,0.3881578947368421,6.876272999006051
22,0.39473684210526316,7.370946993627009
22,0.4013157894736842,13.655475189273506
22,0.40789473684210525,4.905995012070153
22,0.41447368421052627,9.71189023668847
22,0.42105263157894735,10.778608227092047
22,0.4276315789473684,3.319558605043779
22,0.43421052631578944,19.262522135584668
22,0.4407894736842105,8.542681337313494
22,0.4473684210526315,11.564260616266981
22,0.4539473684210526,17.09945621051535
22,0.4605263157894737,15.679968080409996
22,0.4671052631578947,8.308904190100526
22,0.47368421052631576,10.795841426718116
22,0.48026315789473684,4.7103014200747
22,0.48684210526315785,17.58041732177765
22,0.4934210526315789,8.312325086574827
23,0.0,7.993605777301127e-15
23,0.007246376811594203,36.12261161830722
23,0.014492753623188406,38.0191803934126
23,0.021739130434782608,27.94494206705347
23,0.028985507246376812,15.332402121191596
23,0.036231884057971016,5.386618294561335
23,0.043478260869565216,10.332985953181463
23,0.050724637681159424,3.7157534420523044
23,0.057971014492753624,9.625054635649464
23,0.06521739130434782,3.0536436105784706
23,0.07246376811594203,7.154521294169087
23,0.07971014492753624,7.868779024725979
23,0.08695652173913043,6.130475952800654
23,0.09420289855072464,5.0655211629124
23,0.10144927536231885,10.23491718026664
23,0.10869565217391304,3.417632123342121
23,0.11594202898550725,7.359440043483396
23,0.12318840579710146,10.60326234613276
23,0.13043478260869565,6.128715307437237
23,0.13768115942028986,3.975159427380204
23,0.14492753623188406,5.191392327344367
23,0.15217391304347827,9.150957782024705
23,0.15942028985507248,5.501134947542416
23,0.16666666666666666,7.902812895555084
23,0.17391304347826086,12.83301241027421
23,0.18115942028985507,5.483112239114327
23,0.18840579710144928,1.4277740552832108
23,0.1956521739130435,10.338266444225361
23,0.2028985507246377,10.124378257252685
23,0.21014492753623187,13.910923958856632
23,0.21739130434782608,21.23440806599187
23,0.2246376811594203,11.873286522135407
23,0.2318840579710145,1.9716355865262727
23,0.2391304347826087,4.826981358574624
23,0.2463768115942029,2.9552164033463764
23,0.2536231884057971,12.972692864683003
23,0.2608695652173913,9.71724627282903
23,0.26811594202898553,17.168954581500174
23,0.2753623188405797,17.238679816550984
23,0.2826086956521739,16.46169460520952
23,0.2898550724637681,14.377926614957566
23,0.2971014492753623,15.549925655273718
23,0.30434782608695654,10.590349076869236
23,0.3115942028985507,7.298432731732533
23,0.31884057971014496,4.114413245578515
23,0.32608695652173914,4.856661089172466
23,0.3333333333333333,14.604756052204397
23,0.34057971014492755,10.765239294800589
23,0.34782608695652173,12.454151388225855
23,0.35507246376811596,6.761424472481587
23,0.36231884057971014,20.13020566301081
23,0.3695652173913044,2.1141164206926155
23,0.37681159420289856,8.735900528159192
23,0.38405797101449274,1.2153972211418036
23,0.391304347826087,7.200096997470863
23,0.39855072463768115,4.896277323831468
23,0.4057971014492754,2.5524311093227317
23,0.41304347826086957,10.291336178704437
23,0.42028985507246375,8.063371129199297
23,0.427536231884058,12.82124099971298
23,0.43478260869565216,7.408028955362977
23,0.4420289855072464,7.775962107740922
23,0.4492753623188406,6.617029884598193
23,0.4565217391304348,7.806874697676933
23,0.463768115942029,6.1862353306285955
23,0.47101449275362317,5.767142979801836
23,0.4782608695652174,3.3958033169375734
23,0.4855072463768116,3.8316021761660024
23,0.4927536231884058,5.231806068276834
24,0.0,1.7763568394002505e-14
24,0.006896551724137931,19.922261588247054
24,0.013793103448275862,16.917925227364513
24,0.020689655172413793,16.310983225361316
24,0.027586206896551724,20.381240537187374
24,0.034482758620689655,11.309100754988476
24,0.041379310344827586,8.40877846159605
24,0.04827586206896552,20.002247151165296
24,0.05517241379310345,20.102321765318457
24,0.06206896551724138,4.323926159791944
24,0.06896551724137931,15.099096853142592
24,0.07586206896551724,6.618459075851966
24,0.08275862068965517,10.422989776043865
24,0.0896551724137931,14.197884920626114
24,0.09655172413793103,17.723306839763545
24,0.10344827586206896,0.35955204837901594
24,0.1103448275862069,3.439763584893498
24,0.11724137931034483,2.749152016228541
24,0.12413793103448276,13.52859670760674
24,0.13103448275862067,13.873091378153756
24,0.13793103448275862,17.321294896816987
24,0.14482758620689656,10.579669630229326
24,0.15172413793103448,7.053532477184703
24,0.1586206896551724,9.299010589283373
24,0.16551724137931034,6.027011569840246
24,0.1724137931034483,3.1159755932450475
24,0.1793103448275862,13.495370166405728
24,0.18620689655172412,1.92675957049877
24,0.19310344827586207,12.712405085964289
24,0.2,16.45416614586844
24,0.20689655172413793,17.812685664955314
24,0.21379310344827585,14.691672885094757
24,0.2206896551724138,15.551045689997506
24,0.22758620689655173,13.370101200667472
24,0.23448275862068965,10.862878166121034
24,0.24137931034482757,9.909302443574056
24,0.2482758620689655,7.809075708062097
24,0.25517241379310346,11.096776576020115
24,0.26206896551724135,7.110910792490782
24,0.2689655172413793,7.417237179004383
24,0.27586206896551724,10.513693936870665
24,0.2827586206896552,14.9007588791244
24,0.2896551724137931,3.5256456284603344
24,0.296551724137931,7.917323165913261
24,0.30344827586206896,7.156576220267152
24,0.3103448275862069,5.885160426882851
24,0.3172413793103448,2.958863090176488
24,0.32413793103448274,12.721573192757472
24,0.3310344827586207,14.50391447283048
24,0.33793103448275863,19.28538326431432
24,0.3448275862068966,10.504145278937582
24,0.35172413793103446,21.80739038569755
24,0.3586206896551724,5.9480698279669
24,0.36551724137931035,6.106160918484038
24,0.37241379310344824,6.69334047030271
24,0.3793103448275862,17.53175102445171
24,0.38620689655172413,12.979489777088888
24,0.3931034482758621,6.523346950260538
24,0.4,7.748969945511961
24,0.4068965517241379,9.43042280766039
24,0.41379310344827586,0.8461214595727199
24,0.4206896551724138,10.134209236353824
24,0.4275862068965517,6.363342175279655
24,0.43448275862068964,10.795548175019038
24,0.4413793103448276,7.284114677309557
24,0.4482758620689655,7.264219335706832
24,0.45517241379310347,11.349661237481682
24,0.46206896551724136,10.393768615364023
24,0.4689655172413793,11.740769374474068
24,0.47586206896551725,10.687269012418124
24,0.48275862068965514,17.7455898195345
24,0.4896551724137931,15.709479680085417
24,0.496551724137931,11.36918200248442
25,0.0,1.1213252548714081e-14
25,0.00684931506849315,33.50985587091897
25,0.0136986301369863,29.278860231860854
25,0.02054794520547945,26.637877616057526
25,0.0273972602739726,19.594899867843637
25,0.03424657534246575,10.385760747539997
25,0.0410958904109589,13.46130825944193
25,0.04794520547945205,7.089435102063954
25,0.0547945205479452,4.498973503987736
25,0.06164383561643835,3.483140869961642
25,0.0684931506849315,6.602732278513238
25,0.07534246575342465,9.250002510551024
25,0.0821917808219178,4.945917571258099
25,0.08904109589041095,6.5068913541761395
25,0.0958904109589041,0.7128856997087443
25,0.10273972602739725,5.890944312441017
25,0.1095890410958904,9.373604340038192
25,0.11643835616438356,6.903391635204838
25,0.1232876712328767,15.063149036517496
25,0.13013698630136986,12.908849169360892
25,0.136986301369863,13.682296439539034
25,0.14383561643835616,15.049191784423286
25,0.1506849315068493,21.010502275179885
25,0.15753424657534246,11.93438401251734
25,0.1643835616438356,13.988655939859646
25,0.17123287671232876,15.11248677378013
25,0.1780821917808219,13.591314776273364
25,0.18493150684931506,3.0979990669381055
25,0.1917808219178082,6.604577177292306
25,0.19863013698630136,20.290297918237734
25,0.2054794520547945,4.037442233604073
25,0.21232876712328766,5.617009235330218
25,0.2191780821917808,3.108088606254088
25,0.22602739726027396,7.83796825121912
25,0.2328767123287671,4.584923365488482
25,0.23972602739726026,4.017014340946634
25,0.2465753424657534,3.6746532246171033
25,0.2534246575342466,10.609407421203333
25,0.2602739726027397,17.035155383219625
25,0.26712328767123283,9.611362472055479
25,0.273972602739726,10.82750464483739
25,0.2808219178082192,5.9422741100041465
25,0.2876712328767123,14.972672650882807
25,0.29452054794520544,14.978828864572666
25,0.3013698630136986,5.454882722893993
25,0.3082191780821918,7.609462377874638
25,0.3150684931506849,2.3021820161571283
25,0.32191780821917804,6.295099630540836
25,0.3287671232876712,11.503279800138575
25,0.3356164383561644,9.740385954722727
25,0.3424657534246575,14.184131565984577
25,0.34931506849315064,9.734957001811702
25,0.3561643835616438,5.281253311479995
25,0.363013698630137,12.76176313016635
25,0.3698630136986301,7.125385232562584
25,0.37671232876712324,20.688679195732607
25,0.3835616438356164,6.14663759643857
25,0.3904109589041096,4.032310267232159
25,0.3972602739726027,9.81503869536809
25,0.40410958904109584,15.667794652536292
25,0.410958904109589,2.3325661245901026
25,0.4178082191780822,2.7536169149840672
25,0.4246575342465753,17.040836311277882
25,0.43150684931506844,9.070717620172958
25,0.4383561643835616,6.594820792099996
25,0.4452054794520548,5.350620596767515
25,0.4520547945205479,14.483699776316131
25,0.45890410958904104,12.741550237843509
25,0.4657534246575342,9.753173139874892
25,0.4726027397260274,15.063189373776881
25,0.4794520547945205,7.465654761996319
25,0.48630136986301364,1.6890723025072445
25,0.4931506849315068,13.510921250957544
26,0.0,6.217248937900877e-15
26,0.006802721088435374,23.54014380292857
26,0.013605442176870748,12.318849503455601
26,0.02040816326530612,7.942557643058143
26,0.027210884353741496,17.65658746009627
26,0.03401360544217687,25.26450107366973
26,0.04081632653061224,16.92134183039551
26,0.047619047619047616,5.6403274531395615
26,0.05442176870748299,12.35823110196833
26,0.061224489795918366,17.475530095706855
26,0.06802721088435373,10.491285938743507
26,0.07482993197278912,3.9699907594919375
26,0.08163265306122448,15.5077718227849
26,0.08843537414965986,14.076298376957672
26,0.09523809523809523,9.299831032304432
26,0.10204081632653061,12.343874378746548
26,0.10884353741496598,11.041708955732682
26,0.11564625850340135,16.049235952615568
26,0.12244897959183673,12.517347443977
26,0.1292517006802721,21.782477673022527
26,0.13605442176870747,11.47278752064359
26,0.14285714285714285,20.708189159597026
26,0.14965986394557823,10.81699274889735
26,0.1564625850340136,13.844292914592888
26,0.16326530612244897,20.459295140715902
26,0.17006802721088435,9.542382729003386
26,0.17687074829931973,4.1990070574411416
26,0.18367346938775508,10.86157487246899
26,0.19047619047619047,7.718416097860693
26,0.19727891156462585,20.688989489953673
26,0.20408163265306123,11.32733942794576
26,0.21088435374149658,6.320456438461488
26,0.21768707482993196,3.2618586293881657
26,0.22448979591836735,17.524100950477543
26,0.2312925170068027,12.782814776417359
26,0.23809523809523808,13.297875545727058
26,0.24489795918367346,10.78112682394088
26,0.25170068027210885,11.729667039743546
26,0.2585034013605442,15.948000247095694
26,0.2653061224489796,17.24393924684628
26,0.27210884353741494,8.965710620782575
26,0.2789115646258503,8.946520887584722
26,0.2857142857142857,13.50516969959278
26,0.2925170068027211,10.917386172593996
26,0.29931972789115646,6.525820577606454
26,0.30612244897959184,4.169278570292273
26,0.3129251700680272,6.685737923633054
26,0.31972789115646255,6.894987102749783
26,0.32653061224489793,10.950924017855545
26,0.3333333333333333,6.578140956605343
26,0.3401360544217687,1.690873166022484
26,0.3469387755102041,19.628474355580966
26,0.35374149659863946,7.42981368639535
26,0.36054421768707484,3.2587567955806276
26,0.36734693877551017,5.850577504636875
26,0.37414965986394555,6.653128610608304
26,0.38095238095238093,9.348705922803465
26,0.3877551020408163,8.412950641940373
26,0.3945578231292517,4.644415627786269
26,0.4013605442176871,2.6556510224128522
26,0.40816326530612246,5.928143704411827
26,0.4149659863945578,8.208860101543994
26,0.42176870748299317,9.398958118993905
26,0.42857142857142855,19.47668386146823
26,0.43537414965986393,8.686462396385865
26,0.4421768707482993,6.401070092413122
26,0.4489795918367347,9.333259360845558
26,0.4557823129251701,5.856150841799619
26,0.4625850340136054,8.555065192523282
26,0.4693877551020408,15.55181094385955
26,0.47619047619047616,4.741054069342521
26,0.48299319727891155,5.812072131506255
26,0.4897959183673469,13.24130860108951
26,0.4965986394557823,3.1888930246471876
27,0.0,7.105427357601002e-15
27,0.006944444444444444,27.416808378298278
27,0.013888888888888888,19.89653317458071
27,0.020833333333333332,18.715429342781796
27,0.027777777777777776,20.696365763067497
27,0.034722222222222224,28.844286351715837
27,0.041666666666666664,27.457444274097885
27,0.048611111111111105,20.120174741255124
27,0.05555555555555555,17.807847424233348
27,0.0625,24.55584541656703
27,0.06944444444444445,16.018586275577565
27,0.07638888888888888,15.160703334272887
27,0.08333333333333333,7.11364566112218
27,0.09027777777777778,15.697379059380882
27,0.09722222222222221,5.703094524548281
27,0.10416666666666666,11.29752356682057
27,0.1111111111111111,10.628473176919423
27,0.11805555555555555,8.43066173137236
27,0.125,3.0066651025859126
27,0.13194444444444445,8.117611725126073
27,0.1388888888888889,12.827670903837898
27,0.14583333333333331,4.484857374116496
27,0.15277777777777776,7.58724994147318
27,0.1597222222222222,8.334596918600049
27,0.16666666666666666,6.558210090319923
27,0.1736111111111111,9.520249341303174
27,0.18055555555555555,9.815062038237095
27,0.1875,5.191691757469351
27,0.19444444444444442,7.783999276131935
27,0.20138888888888887,5.316721341431147
27,0.20833333333333331,5.570703324639246
27,0.21527777777777776,17.03637031746732
27,0.2222222222222222,6.676127640971206
27,0.22916666666666666,8.4602531047089
27,0.2361111111111111,12.021923359428957
27,0.24305555555555555,4.605283177157789
27,0.25,9.083516779021197
27,0.2569444444444444,11.393213138539211
27,0.2638888888888889,11.077371048553436
27,0.2708333333333333,12.34090606953779
27,0.2777777777777778,12.677399360988312
27,0.2847222222222222,1.0960747236778479
27,0.29166666666666663,8.48561908971862
27,0.2986111111111111,13.664114003564828
27,0.3055555555555555,10.65433624798351
27,0.3125,10.306045821701034
27,0.3194444444444444,7.712444837805404
27,0.3263888888888889,11.319488842677607
27,0.3333333333333333,1.37177368971702
27,0.34027777777777773,10.359132436302277
27,0.3472222222222222,8.597336023444726
27,0.35416666666666663,12.265973461109725
27,0.3611111111111111,5.506272178604479
27,0.3680555555555555,1.7865040579779716
27,0.375,4.951769089434239
27,0.3819444444444444,7.314851356279559
27,0.38888888888888884,13.322083224770834
27,0.3958333333333333,6.963436865625684
27,0.40277777777777773,8.783202665420701
27,0.4097222222222222,8.817199306887986
27,0.41666666666666663,9.252579173701891
27,0.4236111111111111,4.903626554369836
27,0.4305555555555555,2.9740058487387744
27,0.4375,10.231890051551158
27,0.4444444444444444,7.248407191070973
27,0.45138888888888884,10.21434348775779
27,0.4583333333333333,11.429079980299479
27,0.46527777777777773,11.22812558751812
27,0.4722222222222222,7.255034192008885
27,0.47916666666666663,8.80664994218696
27,0.4861111111111111,6.478031853420839
27,0.4930555555555555,10.007787100878808
28,0.0,1.7763568394002505e-14
28,0.0070921985815602835,16.8350546301509
28,0.014184397163120567,18.0314691129
28,0.02127659574468085,28.855346204337035
28,0.028368794326241134,7.759759259508371
28,0.035460992907801414,17.932112196628328
28,0.0425531914893617,8.79171641410046
28,0.04964539007092199,15.458147755685621
28,0.05673758865248227,8.882933352694248
28,0.06382978723404255,15.251677479629013
28,0.07092198581560283,9.028340901616712
28,0.07801418439716312,13.923241893718183
28,0.0851063829787234,15.963433232735303
28,0.09219858156028368,18.50506802818148
28,0.09929078014184398,11.159038048726723
28,0.10638297872340426,14.242885688166647
28,0.11347517730496454,11.650403491393014
28,0.12056737588652482,10.564595453127364
28,0.1276595744680851,12.993567114931038
28,0.1347517730496454,7.423599280349608
28,0.14184397163120566,13.870661720182
28,0.14893617021276595,13.532615841280954
28,0.15602836879432624,8.359112263355007
28,0.1631205673758865,10.307745117422861
28,0.1702127659574468,14.396551018951326
28,0.1773049645390071,12.075052042699019
28,0.18439716312056736,6.08958658086783
28,0.19148936170212766,7.261226394492657
28,0.19858156028368795,1.6472442343445453
28,0.20567375886524822,3.711003481177178
28,0.2127659574468085,4.439771016828655
28,0.21985815602836878,6.978862228906067
28,0.22695035460992907,9.146714419890507
28,0.23404255319148937,6.38293926731219
28,0.24113475177304963,5.824628116210113
28,0.24822695035460993,14.08568703651001
28,0.2553191489361702,0.49770102383634457
28,0.2624113475177305,9.220463093895988
28,0.2695035460992908,8.482803793475162
28,0.2765957446808511,16.96079010163851
28,0.2836879432624113,11.229184509321986
28,0.2907801418439716,10.233496692231997
28,0.2978723404255319,21.45533593121655
28,0.3049645390070922,7.394037284909409
28,0.3120567375886525,5.956205503021511
28,0.3191489361702128,12.490493260811618
28,0.326241134751773,14.208995697028985
28,0.3333333333333333,5.272669765199435
28,0.3404255319148936,5.153023578794621
28,0.3475177304964539,7.558452937484581
28,0.3546099290780142,1.422616777560341
28,0.36170212765957444,12.413132968333146
28,0.36879432624113473,6.686407872679186
28,0.375886524822695,1.4473957396754984
28,0.3829787234042553,14.730419091100055
28,0.3900709219858156,10.67013603523053
28,0.3971631205673759,7.164863809899641
28,0.40425531914893614,14.329307177868113
28,0.41134751773049644,17.202561244319007
28,0.41843971631205673,14.45617449749241
28,0.425531914893617,10.142862695887912
28,0.4326241134751773,12.643690011190383
28,0.43971631205673756,6.7474419321043655
28,0.44680851063829785,13.892099328573831
28,0.45390070921985815,14.702939336271825
28,0.46099290780141844,7.304903982299767
28,0.46808510638297873,13.442319711087624
28,0.47517730496453897,12.645073448552118
28,0.48226950354609927,10.382240504220103
28,0.48936170212765956,11.841022755451815
28,0.49645390070921985,5.656377533152228
29,0.0,7.549516567451064e-15
29,0.006993006993006993,17.239139528686046
29,0.013986013986013986,24.617408477133534
29,0.02097902097902098,15.997645297160968
29,0.027972027972027972,22.490224487219468
29,0.03496503496503497,20.810911009228082
29,0.04195804195804196,13.59661787961303
29,0.04895104895104895,19.992831609285187
29,0.055944055944055944,18.18476834016343
29,0.06293706293706294,8.332837268451534
29,0.06993006993006994,13.673036855883224
29,0.07692307692307693,6.916121731535815
29,0.08391608391608392,6.07967899550123
29,0.09090909090909091,10.571827693797385
29,0.0979020979020979,11.420234841845375
29,0.1048951048951049,4.297742949836301
29,0.11188811188811189,19.414322600904434
29,0.11888111888111888,12.165927890278134
29,0.1258741258741259,9.971073133410682
29,0.13286713286713286,5.629032462237613
29,0.13986013986013987,11.302956512045105
29,0.14685314685314685,7.6265059743887695
29,0.15384615384615385,14.785573493248023
29,0.16083916083916083,14.381299866710847
29,0.16783216783216784,9.860164448179617
29,0.17482517482517482,1.8734413874912315
29,0.18181818181818182,8.787215050103269
29,0.1888111888111888,15.002007355727649
29,0.1958041958041958,10.55089568262296
29,0.20279720279720279,9.088722813261214
29,0.2097902097902098,5.39894686368152
29,0.21678321678321677,6.062330303017982
29,0.22377622377622378,8.121527722852077
29,0.23076923076923078,17.135300852618766
29,0.23776223776223776,12.388089769115034
29,0.24475524475524477,14.184722309173988
29,0.2517482517482518,14.355504540799732
29,0.25874125874125875,3.481980525575622
29,0.26573426573426573,16.477932828252868
29,0.2727272727272727,10.077295660587897
29,0.27972027972027974,18.424627910017772
29,0.2867132867132867,15.64808614511468
29,0.2937062937062937,16.562594982637975
29,0.3006993006993007,11.601741301758695
29,0.3076923076923077,9.655034348532169
29,0.3146853146853147,8.741070268057587
29,0.32167832167832167,14.634298563476086
29,0.32867132867132864,15.139136958111566
29,0.3356643356643357,13.371322108369323
29,0.34265734265734266,10.176477838983066
29,0.34965034965034963,13.848189858603888
29,0.35664335664335667,4.313543944879274
29,0.36363636363636365,8.405941473401176
29,0.3706293706293706,2.6508217821349107
29,0.3776223776223776,11.736026236332888
29,0.38461538461538464,11.701038459836823
29,0.3916083916083916,4.436612282203509
29,0.3986013986013986,11.379058128341278
29,0.40559440559440557,10.374968674142584
29,0.4125874125874126,3.605062451340772
29,0.4195804195804196,7.454121490099593
29,0.42657342657342656,5.868895115588655
29,0.43356643356643354,10.580406239500372
29,0.4405594405594406,0.529425913207348
29,0.44755244755244755,4.512418007213151
29,0.45454545454545453,10.184781578937828
29,0.46153846153846156,9.738935005275824
29,0.46853146853146854,8.494547188518654
29,0.4755244755244755,10.970676061268847
29,0.4825174825174825,5.678079667788509
29,0.48951048951048953,2.5347546799699217
29,0.4965034965034965,0.3833302922179075
30,0.0,7.105427357601002e-15
30,0.007407407407407408,26.586390165375455
30,0.014814814814814815,28.928922441691988
30,0.022222222222222223,21.739282677461713
30,0.02962962962962963,9.845650690990672
30,0.037037037037037035,11.62771347923465
30,0.044444444444444446,2.3882640407708347
30,0.05185185185185186,10.627168871305837
30,0.05925925925925926,7.20501166969928
30,0.06666666666666667,11.381886423822348
30,0.07407407407407407,3.8380740069843893
30,0.08148148148148149,10.287476635075686
30,0.08888888888888889,4.590291155209081
30,0.0962962962962963,1.2121435380323395
30,0.10370370370370371,7.122788952091291
30,0.11111111111111112,5.577254252653197
30,0.11851851851851852,8.911670573690637
30,0.12592592592592594,7.438701510518468
30,0.13333333333333333,5.127268109693376
30,0.14074074074074075,4.667947245274183
30,0.14814814814814814,9.58535741185123
30,0.15555555555555556,9.385778440789815
30,0.16296296296296298,5.455255212752881
30,0.17037037037037037,1.3819285169625466
30,0.17777777777777778,18.171222451474478
30,0.1851851851851852,3.1632545772178755
30,0.1925925925925926,14.088486985207837
30,0.2,15.264380680915854
30,0.20740740740740743,10.369739084809648
30,0.21481481481481482,9.582514990593145
30,0.22222222222222224,13.388060308491234
30,0.22962962962962963,10.36882867694152
30,0.23703703703703705,9.332172517406358
30,0.24444444444444446,8.114821986451293
30,0.2518518518518519,11.797455504002949
30,0.25925925925925924,4.084941208098754
30,0.26666666666666666,15.324104937066465
30,0.2740740740740741,13.663395919927918
30,0.2814814814814815,5.255033158042299
30,0.2888888888888889,1.5582276472491863
30,0.2962962962962963,0.8924201001684585
30,0.3037037037037037,9.01493089002722
30,0.3111111111111111,4.2996983747060735
30,0.31851851851851853,13.486554375806298
30,0.32592592592592595,12.882862374091193
30,0.33333333333333337,17.249639213603803
30,0.34074074074074073,8.363076559803684
30,0.34814814814814815,7.9404628690898
30,0.35555555555555557,16.576232674809827
30,0.362962962962963,3.541408864792685
30,0.3703703703703704,2.972960350558771
30,0.37777777777777777,3.7673379160249487
30,0.3851851851851852,17.219681633687518
30,0.3925925925925926,7.685619353821461
30,0.4,9.808534465053546
30,0.40740740740740744,3.0863962553794546
30,0.41481481481481486,9.356871353690229
30,0.4222222222222222,6.9111619515071085
30,0.42962962962962964,14.705597831102569
30,0.43703703703703706,6.680770684494055
30,0.4444444444444445,18.978765054000156
30,0.4518518518518519,19.632968080985357
30,0.45925925925925926,10.411547578398624
30,0.4666666666666667,23.432175090952793
30,0.4740740740740741,14.956880584047685
30,0.4814814814814815,7.4432161241601005
30,0.48888888888888893,8.689846530323324
30,0.4962962962962963,11.036567231627371
31,0.0,8.881784197001252e-15
31,0.007575757575757576,29.89326088062205
31,0.015151515151515152,27.511544397158037
31,0.022727272727272728,15.097519551674283
31,0.030303030303030304,7.211144635375509
31,0.03787878787878788,4.6527848749431024
31,0.045454545454545456,1.231948729829203
31,0.05303030303030303,1.3229931261036743
31,0.06060606060606061,9.94127437070355
31,0.06818181818181818,4.976668071755424
31,0.07575757575757576,5.610703585437226
31,0.08333333333333334,11.176448811884713
31,0.09090909090909091,6.577314925699105
31,0.09848484848484848,14.192252125402133
31,0.10606060606060606,2.879088555672866
31,0.11363636363636365,10.311245221285336
31,0.12121212121212122,3.877671810883418
31,0.12878787878787878,11.54749675541596
31,0.13636363636363635,7.0869963591919305
31,0.14393939393939395,6.794279965922916
31,0.15151515151515152,7.893994714145856
31,0.1590909090909091,9.40974888510828
31,0.16666666666666669,6.4845411095109515
31,0.17424242424242425,14.19848935447904
31,0.18181818181818182,15.460907977028443
31,0.1893939393939394,15.801475743103808
31,0.19696969696969696,13.065297476727025
31,0.20454545454545456,7.480764122643837
31,0.21212121212121213,8.093411534934884
31,0.2196969696969697,3.3011379951303765
31,0.2272727272727273,5.8048953227664875
31,0.23484848484848486,1.2784700367109936
31,0.24242424242424243,5.387821930656475
31,0.25,9.639800830271815
31,0.25757575757575757,14.83638155027306
31,0.26515151515151514,10.814368770725832
31,0.2727272727272727,17.368065950457762
31,0.28030303030303033,13.637561396513066
31,0.2878787878787879,4.69549526524303
31,0.29545454545454547,9.089418542528445
31,0.30303030303030304,2.4620646315745227
31,0.3106060606060606,4.516876751898928
31,0.3181818181818182,3.2856218273796682
31,0.32575757575757575,5.00060944044796
31,0.33333333333333337,18.041446864975306
31,0.34090909090909094,11.472104578957467
31,0.3484848484848485,10.240965965115207
31,0.3560606060606061,15.840939828993859
31,0.36363636363636365,8.621588944481054
31,0.3712121212121212,5.210753112628887
31,0.3787878787878788,7.110821441064537
31,0.38636363636363635,13.853301372142894
31,0.3939393939393939,4.918259303459401
31,0.40151515151515155,14.235288426909543
31,0.4090909090909091,11.325586931540654
31,0.4166666666666667,9.929597191021077
31,0.42424242424242425,12.426122446579065
31,0.4318181818181818,12.124176597471067
31,0.4393939393939394,12.43936344367534
31,0.44696969696969696,18.831429367434822
31,0.4545454545454546,16.911470088195767
31,0.46212121212121215,16.943235009453034
31,0.4696969696969697,13.994477906194009
31,0.4772727272727273,6.09974131486568
31,0.48484848484848486,6.756665601678696
31,0.49242424242424243,8.271852858099608
32,0.0,1.7763568394002505e-15
32,0.006944444444444444,9.371557490086918
32,0.013888888888888888,19.507322025616226
32,0.020833333333333332,7.643435750854702
32,0.027777777777777776,15.757224989119171
32,0.034722222222222224,5.161311055401867
32,0.041666666666666664,3.6206643965790044
32,0.048611111111111105,16.10880923670082
32,0.05555555555555555,11.414417020172388
32,0.0625,15.955620654695913
32,0.06944444444444445,3.3264989894881283
32,0.07638888888888888,19.06078983798447
32,0.08333333333333333,9.503414056345733
32,0.09027777777777778,12.008440363518325
32,0.09722222222222221,8.835055872950008
32,0.10416666666666666,22.635591597388938
32,0.1111111111111111,13.087765645379971
32,0.11805555555555555,12.131134997970719
32,0.125,9.39551217820432
32,0.13194444444444445,5.382311796995345
32,0.1388888888888889,17.52528837477589
32,0.14583333333333331,8.662865320286443
32,0.15277777777777776,14.690362799080132
32,0.1597222222222222,7.069746630469844
32,0.16666666666666666,19.419023540325345
32,0.1736111111111111,3.835115693600445
32,0.18055555555555555,11.410220222922893
32,0.1875,4.831195001594577
32,0.19444444444444442,3.1892660020499446
32,0.20138888888888887,3.984032492955704
32,0.20833333333333331,7.61202106578617
32,0.21527777777777776,3.0339309504513507
32,0.2222222222222222,7.029227214117322
32,0.22916666666666666,13.52388527856032
32,0.2361111111111111,10.062763617598383
32,0.24305555555555555,18.05870290825726
32,0.25,14.45506781395876
32,0.2569444444444444,11.041519682605113
32,0.2638888888888889,20.19360806821893
32,0.2708333333333333,5.493251746602653
32,0.2777777777777778,10.296834706670964
32,0.2847222222222222,10.971565999230048
32,0.29166666666666663,1.4192237666204908
32,0.2986111111111111,2.958598622458805
32,0.3055555555555555,6.564754249897543
32,0.3125,12.87193732505487
32,0.3194444444444444,7.35066317129475
32,0.3263888888888889,18.57170443655308
32,0.3333333333333333,3.790504621834203
32,0.34027777777777773,8.625168960839092
32,0.3472222222222222,6.9577934755112665
32,0.35416666666666663,11.590376976015675
32,0.3611111111111111,5.537653312957772
32,0.3680555555555555,10.138265159679738
32,0.375,9.52074348851165
32,0.3819444444444444,7.82844614837556
32,0.38888888888888884,19.535391759933592
32,0.3958333333333333,5.215445931478708
32,0.40277777777777773,13.265669091190775
32,0.4097222222222222,8.003687259478024
32,0.41666666666666663,16.911780473964026
32,0.4236111111111111,7.667470782191486
32,0.4305555555555555,16.228709569827387
32,0.4375,15.085321385003235
32,0.4444444444444444,19.290640429960533
32,0.45138888888888884,14.36965842203233
32,0.4583333333333333,6.20034659823624
32,0.46527777777777773,21.697847304091233
32,0.4722222222222222,3.9992401995609947
32,0.47916666666666663,15.413809658514632
32,0.4861111111111111,6.121493628485314
32,0.4930555555555555,16.69430540429505
33,0.0,5.329070518200751e-15
33,0.00684931506849315,24.59410441199358
33,0.0136986301369863,20.873704325833195
33,0.02054794520547945,15.071804221771314
33,0.0273972602739726,16.373576954360047
33,0.03424657534246575,26.11422652651529
33,0.0410958904109589,25.696403366673028
33,0.04794520547945205,13.480827376815745
33,0.0547945205479452,8.074615184745461
33,0.06164383561643835,19.13581002923342
33,0.0684931506849315,13.330139337485976
33,0.07534246575342465,9.741760285872322
33,0.0821917808219178,15.761881294353229
33,0.08904109589041095,10.95871987066952
33,0.0958904109589041,5.760880452473493
33,0.10273972602739725,11.127625158499262
33,0.1095890410958904,5.311293769745058
33,0.11643835616438356,8.39036494450162
33,0.1232876712328767,18.580650549192498
33,0.13013698630136986,10.416033752452782
33,0.136986301369863,8.106738422187815
33,0.14383561643835616,10.154900186375079
33,0.1506849315068493,12.784808215730912
33,0.15753424657534246,16.58620561269371
33,0.1643835616438356,17.904937552502933
33,0.17123287671232876,13.306244610994682
33,0.1780821917808219,20.79106018312774
33,0.18493150684931506,11.315741580448696
33,0.1917808219178082,13.289853958678757
33,0.19863013698630136,11.970159201536186
33,0.2054794520547945,12.541451010201243
33,0.21232876712328766,14.329519784630325
33,0.2191780821917808,15.468037406120821
33,0.22602739726027396,8.078031643376027
33,0.2328767123287671,8.8760335730919
33,0.23972602739726026,6.137217135714537
33,0.2465753424657534,3.422494335393424
33,0.2534246575342466,9.070798937450455
33,0.2602739726027397,10.810678992481987
33,0.26712328767123283,13.293304920280661
33,0.273972602739726,12.999976566444872
33,0.2808219178082192,0.0912429293057744
33,0.2876712328767123,7.465845151567598
33,0.29452054794520544,5.677208701460623
33,0.3013698630136986,2.166718518160221
33,0.3082191780821918,6.139534256456278
33,0.3150684931506849,4.749875367431537
33,0.32191780821917804,3.6046566473829484
33,0.3287671232876712,9.854031667966234
33,0.3356164383561644,10.475648127642886
33,0.3424657534246575,6.140041010983299
33,0.34931506849315064,4.241646262811752
33,0.3561643835616438,10.840975455188877
33,0.363013698630137,5.046296752612312
33,0.3698630136986301,1.5105945606200977
33,0.37671232876712324,8.99695121592489
33,0.3835616438356164,8.131041737519089
33,0.3904109589041096,8.446916241610817
33,0.3972602739726027,16.51303159062868
33,0.40410958904109584,11.850888817219227
33,0.410958904109589,11.477778470802914
33,0.4178082191780822,15.86697169395762
33,0.4246575342465753,11.346151062239457
33,0.43150684931506844,15.466226354996675
33,0.4383561643835616,3.7361321883667173
33,0.4452054794520548,7.291592916121887
33,0.4520547945205479,10.722080470709429
33,0.45890410958904104,8.987107167002966
33,0.4657534246575342,5.334279274703973
33,0.4726027397260274,3.404756934252878
33,0.4794520547945205,8.782371198253236
33,0.48630136986301364,8.645320864093431
33,0.4931506849315068,8.050381382943522
34,0.0,1.1546319456101628e-14
34,0.006993006993006993,31.837674799151912
34,0.013986013986013986,23.919259801327144
34,0.02097902097902098,25.293421084789355
34,0.027972027972027972,19.014304434207936
34,0.03496503496503497,20.225599726132266
34,0.04195804195804196,12.774693777473093
34,0.04895104895104895,10.752845180161666
34,0.055944055944055944,6.681462123518677
34,0.06293706293706294,1.4079638938026948
34,0.06993006993006994,5.927272213778318
34,0.07692307692307693,10.018271427772603
34,0.08391608391608392,7.359470837305369
34,0.09090909090909091,3.3197548518270628
34,0.0979020979020979,2.1342580604955756
34,0.1048951048951049,2.715625330332575
34,0.11188811188811189,7.992318151404512
34,0.11888111888111888,15.329025129922414
34,0.1258741258741259,12.009466782636643
34,0.13286713286713286,17.479814970036443
34,0.13986013986013987,7.465517733963161
34,0.14685314685314685,12.263168845231826
34,0.15384615384615385,17.092521837383874
34,0.16083916083916083,7.047871180533416
34,0.16783216783216784,8.112135739528807
34,0.17482517482517482,10.793739599383066
34,0.18181818181818182,15.26059631387569
34,0.1888111888111888,3.811414775114033
34,0.1958041958041958,10.232901001641194
34,0.20279720279720279,16.870135182795792
34,0.2097902097902098,23.51961262647688
34,0.21678321678321677,19.801891263935023
34,0.22377622377622378,5.515593369832798
34,0.23076923076923078,15.736937915280414
34,0.23776223776223776,8.438181402014596
34,0.24475524475524477,7.869797230319649
34,0.2517482517482518,11.726288267885744
34,0.25874125874125875,5.700388552577585
34,0.26573426573426573,6.7595590772463785
34,0.2727272727272727,7.167554004706084
34,0.27972027972027974,3.5107657179383898
34,0.2867132867132867,10.030914049069033
34,0.2937062937062937,5.622488773705949
34,0.3006993006993007,9.781606696333174
34,0.3076923076923077,2.344714426107925
34,0.3146853146853147,6.780826417344141
34,0.32167832167832167,0.9983083176545654
34,0.32867132867132864,7.127843058766714
34,0.3356643356643357,9.744759021605905
34,0.34265734265734266,5.182850411849014
34,0.34965034965034963,9.898284131024294
34,0.35664335664335667,11.863941138675038
34,0.36363636363636365,20.662074908983953
34,0.3706293706293706,8.076244419826425
34,0.3776223776223776,8.936731677848048
34,0.38461538461538464,0.9442069028464367
34,0.3916083916083916,3.5819573832836964
34,0.3986013986013986,6.102855867637123
34,0.40559440559440557,12.386672093083844
34,0.4125874125874126,11.159703219187229
34,0.4195804195804196,15.654009616212868
34,0.42657342657342656,10.751481774180824
34,0.43356643356643354,14.127898531587432
34,0.4405594405594406,3.633570659065949
34,0.44755244755244755,0.5541426682388377
34,0.45454545454545453,4.987725495030188
34,0.46153846153846156,2.4932416718380863
34,0.46853146853146854,4.780576109857176
34,0.4755244755244755,15.09160721756853
34,0.4825174825174825,13.276213833266537
34,0.48951048951048953,14.882776172956047
34,0.4965034965034965,9.638215193463987
35,0.0,1.0658141036401503e-14
35,0.007142857142857143,32.46946996892693
35,0.014285714285714285,13.060743649645035
35,0.02142857142857143,5.9652267059778135
35,0.02857142857142857,9.164261641094265
35,0.03571428571428571,10.88844137801665
35,0.04285714285714286,11.708744047211782
35,0.049999999999999996,2.9781624552273844
35,0.05714285714285714,11.887624206960588
35,0.06428571428571428,26.82087990414245
35,0.07142857142857142,4.8683038884541405
35,0.07857142857142857,6.819697639880345
35,0.08571428571428572,2.935372481460356
35,0.09285714285714286,8.82450273831243
35,0.09999999999999999,13.805665117613593
35,0.10714285714285714,3.143029086667782
35,0.11428571428571428,4.0868301139632415
35,0.12142857142857143,12.186170393401989
35,0.12857142857142856,7.898589134801441
35,0.1357142857142857,10.827895022825851
35,0.14285714285714285,1.796568685286059
35,0.15,7.6628546118457255
35,0.15714285714285714,7.479737905891518
35,0.16428571428571428,19.011573710079336
35,0.17142857142857143,8.634830764389648
35,0.17857142857142858,11.398467498514568
35,0.18571428571428572,7.7423656351127566
35,0.19285714285714284,10.364990008027755
35,0.19999999999999998,25.439061059454172
35,0.20714285714285713,12.864475943042947
35,0.21428571428571427,5.241850833087252
35,0.22142857142857142,11.513914932942608
35,0.22857142857142856,17.746916744831488
35,0.2357142857142857,12.841624743362086
35,0.24285714285714285,17.85232987517906
35,0.25,14.254277519670307
35,0.2571428571428571,5.567416915486142
35,0.2642857142857143,11.808131806007385
35,0.2714285714285714,6.590368336391979
35,0.2785714285714286,6.733815376710152
35,0.2857142857142857,11.50175423113866
35,0.29285714285714287,14.921498324578412
35,0.3,8.588858735834192
35,0.3071428571428571,19.08874102825585
35,0.3142857142857143,10.75002814454297
35,0.3214285714285714,13.1034480884126
35,0.32857142857142857,10.229053396638731
35,0.3357142857142857,18.01297985673855
35,0.34285714285714286,5.4475232216180425
35,0.35,16.10722924175472
35,0.35714285714285715,10.868814816042267
35,0.36428571428571427,8.129832786238019
35,0.37142857142857144,1.840373392288931
35,0.37857142857142856,3.8250487745221537
35,0.3857142857142857,5.65243030603772
35,0.39285714285714285,7.279447967995806
35,0.39999999999999997,11.819879245427442
35,0.40714285714285714,11.302356768496837
35,0.41428571428571426,1.1816839093381435
35,0.42142857142857143,13.850009118448313
35,0.42857142857142855,9.325192742460274
35,0.4357142857142857,4.77920672050363
35,0.44285714285714284,10.164503437061622
35,0.45,12.839426832310293
35,0.45714285714285713,3.6210586312066377
35,0.46428571428571425,3.6520826553527588
35,0.4714285714285714,3.838424582558072
35,0.47857142857142854,12.236571559462858
35,0.4857142857142857,9.42458165721957
35,0.4928571428571428,13.022025150011784
36,0.0,1.3322676295501878e-15
36,0.00684931506849315,37.64913089727272
36,0.0136986301369863,26.669589006452867
36,0.02054794520547945,24.23992572200985
36,0.0273972602739726,3.787051903233598
36,0.03424657534246575,6.472473070469274
36,0.0410958904109589,8.761580305695732
36,0.04794520547945205,2.472256763611732
36,0.0547945205479452,5.538435767200042
36,0.06164383561643835,9.46470917680951
36,0.0684931506849315,14.16913483640449
36,0.07534246575342465,7.17216998072536
36,0.0821917808219178,20.846896576731904
36,0.08904109589041095,16.329353084946945
36,0.0958904109589041,13.149649526881939
36,0.10273972602739725,15.486057685517132
36,0.1095890410958904,8.511737665227166
36,0.11643835616438356,11.014642258291179
36,0.1232876712328767,11.73820890270187
36,0.13013698630136986,12.567683698899446
36,0.136986301369863,2.1314374085279035
36,0.14383561643835616,9.184219297122171
36,0.1506849315068493,3.3875074280888007
36,0.15753424657534246,10.180412602694167
36,0.1643835616438356,13.678697737956417
36,0.17123287671232876,10.281468146876973
36,0.1780821917808219,14.543400683844151
36,0.18493150684931506,8.82070577068138
36,0.1917808219178082,12.30223453975995
36,0.19863013698630136,10.486323173128369
36,0.2054794520547945,10.149612234860312
36,0.21232876712328766,2.6808252109221327
36,0.2191780821917808,9.597276767552538
36,0.22602739726027396,10.639010656111326
36,0.2328767123287671,4.719371240833182
36,0.23972602739726026,1.499577755859282
36,0.2465753424657534,7.015484789755643
36,0.2534246575342466,1.3455511651709435
36,0.2602739726027397,3.168920835547648
36,0.26712328767123283,5.721477587367651
36,0.273972602739726,2.3847507529337997
36,0.2808219178082192,8.432298539766643
36,0.2876712328767123,6.481181869483017
36,0.29452054794520544,4.264334007006422
36,0.3013698630136986,10.800788000254535
36,0.3082191780821918,6.363515868489754
36,0.3150684931506849,12.234320182290782
36,0.32191780821917804,6.756669439105206
36,0.3287671232876712,8.666963638437903
36,0.3356164383561644,4.818744914456246
36,0.3424657534246575,5.319856658982169
36,0.34931506849315064,7.913312119391321
36,0.3561643835616438,16.091539669556752
36,0.363013698630137,6.007150646734106
36,0.3698630136986301,14.078889135890398
36,0.37671232876712324,14.140550728586206
36,0.3835616438356164,7.851072916265674
36,0.3904109589041096,12.136664999146026
36,0.3972602739726027,9.309274868197058
36,0.40410958904109584,9.283606376001536
36,0.410958904109589,9.14494611666109
36,0.4178082191780822,7.738624381511038
36,0.4246575342465753,9.095758255543533
36,0.43150684931506844,7.1423537377771344
36,0.4383561643835616,17.471793157385445
36,0.4452054794520548,19.425574261880005
36,0.4520547945205479,22.418508781174804
36,0.45890410958904104,23.906429332073667
36,0.4657534246575342,8.279512148795892
36,0.4726027397260274,9.51665490540442
36,0.4794520547945205,1.9412989076980132
36,0.48630136986301364,9.804607575800047
36,0.4931506849315068,16.534289894112625
37,0.0,9.18709552877317e-15
37,0.007633587786259542,33.593766758006815
37,0.015267175572519083,20.849528048092957
37,0.022900763358778626,4.263818547263584
37,0.030534351145038167,14.927431768470095
37,0.03816793893129771,25.32946037100443
37,0.04580152671755725,28.743095725251546
37,0.05343511450381679,21.9915502284912
37,0.061068702290076333,23.296586008699098
37,0.06870229007633588,11.868924524711112
37,0.07633587786259542,5.629912788420204
37,0.08396946564885496,4.268468895195874
37,0.0916030534351145,11.499597568068337
37,0.09923664122137404,15.490840691068811
37,0.10687022900763359,15.243630967395486
37,0.11450381679389313,12.487215104651755
37,0.12213740458015267,7.914998168869091
37,0.1297709923664122,4.958907598863283
37,0.13740458015267176,0.732226822355138
37,0.1450381679389313,5.5385458586554
37,0.15267175572519084,2.7284837062579825
37,0.16030534351145037,2.55496465451715
37,0.16793893129770993,3.012818022713823
37,0.17557251908396945,1.2404862760472237
37,0.183206106870229,6.232444159439125
37,0.19083969465648853,5.062252487981553
37,0.1984732824427481,4.916819839243807
37,0.20610687022900762,4.75979110925388
37,0.21374045801526717,9.987538779052464
37,0.2213740458015267,7.816651847588137
37,0.22900763358778625,7.48183204769332
37,0.23664122137404578,1.8844898851907523
37,0.24427480916030533,3.0069080306526175
37,0.25190839694656486,9.924029547193182
37,0.2595419847328244,14.780931697898428
37,0.26717557251908397,8.654286512878851
37,0.2748091603053435,9.322115512696328
37,0.282442748091603,3.2120590113873226
37,0.2900763358778626,6.311562598136061
37,0.29770992366412213,6.812952565986844
37,0.3053435114503817,6.665654990207989
37,0.3129770992366412,6.072347017385957
37,0.32061068702290074,5.2929458459793866
37,0.3282442748091603,7.304128436400914
37,0.33587786259541985,8.93564338670304
37,0.34351145038167935,2.9199897752723856
37,0.3511450381679389,4.9214859811510845
37,0.35877862595419846,7.108953161578666
37,0.366412213740458,13.435513467544059
37,0.37404580152671757,14.047963426298072
37,0.38167938931297707,10.102327188436758
37,0.3893129770992366,11.403059337941855
37,0.3969465648854962,9.39551743245141
37,0.40458015267175573,8.510642933545133
37,0.41221374045801523,11.381587443767838
37,0.4198473282442748,12.527009011460883
37,0.42748091603053434,13.596260755086156
37,0.4351145038167939,13.301191663704891
37,0.4427480916030534,3.592772479584777
37,0.45038167938931295,6.721016194027337
37,0.4580152671755725,10.48405068090288
37,0.46564885496183206,12.4084177178291
37,0.47328244274809156,8.99222049176421
37,0.4809160305343511,4.3812477085758195
37,0.48854961832061067,5.160426197538367
37,0.4961832061068702,8.854569132726745
38,0.0,1.5987211554602254e-14
38,0.006756756756756757,31.60985262277946
38,0.013513513513513514,22.57329863318824
38,0.02027027027027027,22.545933888948465
38,0.02702702702702703,18.87160026709904
38,0.033783783783783786,8.004110361059405
38,0.04054054054054054,1.7586790536214154
38,0.0472972972972973,4.476752590229817
38,0.05405405405405406,8.813301421099963
38,0.060810810810810814,6.01600449678537
38,0.06756756756756757,8.864767240453123
38,0.07432432432432433,24.978060935203807
38,0.08108108108108109,9.242208018003973
38,0.08783783783783784,8.491801119713642
38,0.0945945945945946,22.713903227181262
38,0.10135135135135136,11.307290696975906
38,0.10810810810810811,16.460981220791815
38,0.11486486486486487,9.90279360117482
38,0.12162162162162163,13.349966913145531
38,0.1283783783783784,10.337855924213322
38,0.13513513513513514,13.026958633035346
38,0.14189189189189189,6.658906988514361
38,0.14864864864864866,7.438456104500144
38,0.15540540540540543,7.731863306214532
38,0.16216216216216217,13.339414198055604
38,0.16891891891891891,14.661536803017432
38,0.17567567567567569,5.943756340292243
38,0.18243243243243246,13.89133773621338
38,0.1891891891891892,2.4904289958639168
38,0.19594594594594594,5.797315060036572
38,0.20270270270270271,7.191851748960441
38,0.20945945945945948,4.232202400330737
38,0.21621621621621623,3.7718879806478856
38,0.22297297297297297,3.887142854014341
38,0.22972972972972974,5.999463871473509
38,0.2364864864864865,14.1831502406068
38,0.24324324324324326,3.685113778128001
38,0.25,8.636136428628678
38,0.2567567567567568,7.161452628600304
38,0.26351351351351354,12.69657976484153
38,0.2702702702702703,10.926857111704516
38,0.27702702702702703,8.417362191838729
38,0.28378378378378377,7.817979025882954
38,0.29054054054054057,4.558002136336949
38,0.2972972972972973,9.984220007204476
38,0.30405405405405406,7.332277699275025
38,0.31081081081081086,16.05385053548045
38,0.3175675675675676,16.68731021088378
38,0.32432432432432434,16.911373643259527
38,0.3310810810810811,18.877880862392715
38,0.33783783783783783,8.935687988963323
38,0.3445945945945946,20.22020719167785
38,0.35135135135135137,10.197134501584475
38,0.3581081081081081,4.300090164274938
38,0.3648648648648649,8.143030026275609
38,0.37162162162162166,2.488380148090583
38,0.3783783783783784,7.447745118372013
38,0.38513513513513514,0.5662628319208193
38,0.3918918918918919,7.147237671475821
38,0.3986486486486487,1.7379858711662037
38,0.40540540540540543,10.89701082068235
38,0.41216216216216217,15.295074673285399
38,0.41891891891891897,23.586287389149735
38,0.4256756756756757,10.574273996296677
38,0.43243243243243246,11.392350085333542
38,0.4391891891891892,16.331963060235893
38,0.44594594594594594,4.785171092462834
38,0.45270270270270274,11.085609145543854
38,0.4594594594594595,4.703095706990455
38,0.46621621621621623,4.319735355624876
38,0.472972972972973,8.178632541295311
38,0.47972972972972977,8.054009108386264
38,0.4864864864864865,12.414762920936255
38,0.49324324324324326,11.435755860838615
39,0.0,6.217248937900877e-15
39,0.007042253521126761,27.144780499506563
39,0.014084507042253521,24.49510762247481
39,0.02112676056338028,18.681498571891066
39,0.028169014084507043,25.643292644330735
39,0.035211267605633804,15.090226855460415
39,0.04225352112676056,21.45767892726635
39,0.04929577464788733,11.282808054118204
39,0.056338028169014086,14.217460024130924
39,0.06338028169014084,13.666029795306448
39,0.07042253521126761,16.927667430235804
39,0.07746478873239437,4.908046332872982
39,0.08450704225352113,6.228322927813855
39,0.09154929577464789,18.686091795857305
39,0.09859154929577466,22.520570055336105
39,0.1056338028169014,15.80945500227032
39,0.11267605633802817,15.91463087193885
39,0.11971830985915494,11.06623604168938
39,0.1267605633802817,4.965903413346727
39,0.13380281690140847,7.701351109545834
39,0.14084507042253522,7.846453958718186
39,0.14788732394366197,17.401221728361516
39,0.15492957746478875,7.977689167871649
39,0.1619718309859155,5.160552707998601
39,0.16901408450704225,8.26001740461014
39,0.17605633802816903,10.511855100658336
39,0.18309859154929578,6.148409078272101
39,0.19014084507042253,7.14677456073209
39,0.1971830985915493,3.796575437090165
39,0.20422535211267606,2.3118533209705934
39,0.2112676056338028,9.905084162947414
39,0.2183098591549296,12.071809621807297
39,0.22535211267605634,8.581995231796629
39,0.2323943661971831,11.060597381221086
39,0.23943661971830987,16.97925738217403
39,0.24647887323943662,5.699936280338446
39,0.2535211267605634,11.149710623146097
39,0.2605633802816901,10.983886671601665
39,0.26760563380281693,11.987185157450202
39,0.2746478873239437,7.362949671905746
39,0.28169014084507044,11.644332428819974
39,0.2887323943661972,9.954538619685374
39,0.29577464788732394,11.208107254882272
39,0.3028169014084507,11.725565286118588
39,0.3098591549295775,7.447097822656749
39,0.31690140845070425,2.518206251120075
39,0.323943661971831,2.951453599601463
39,0.33098591549295775,5.4509009988041
39,0.3380281690140845,6.097026145297098
39,0.34507042253521125,7.290921152692353
39,0.35211267605633806,13.369655971917206
39,0.3591549295774648,3.2996096042076153
39,0.36619718309859156,1.4198993882186464
39,0.3732394366197183,10.192826028049092
39,0.38028169014084506,10.23739283524765
39,0.3873239436619718,13.774274265097654
39,0.3943661971830986,18.04151360014494
39,0.4014084507042254,10.323972455733001
39,0.4084507042253521,10.372028493437156
39,0.4154929577464789,3.5095840081821046
39,0.4225352112676056,11.381134418872875
39,0.4295774647887324,3.516441310171046
39,0.4366197183098592,7.038905736333831
39,0.44366197183098594,7.643481165204175
39,0.4507042253521127,10.852908376248799
39,0.45774647887323944,11.768242676282068
39,0.4647887323943662,11.615341029970635
39,0.471830985915493,7.666484450672987
39,0.47887323943661975,4.561286020849813
39,0.4859154929577465,7.038975751782418
39,0.49295774647887325,4.965892459442384
40,0.0,4.218847493575595e-15
40,0.006993006993006993,32.148584357192625
40,0.013986013986013986,21.862659764367987
40,0.02097902097902098,24.3593491698789
40,0.027972027972027972,14.59158069020747
40,0.03496503496503497,16.728864000273436
40,0.04195804195804196,8.258325707804289
40,0.04895104895104895,9.292901917761867
40,0.055944055944055944,4.116115418426089
40,0.06293706293706294,11.96267718629054
40,0.06993006993006994,9.676994563899797
40,0.07692307692307693,3.9566887654140213
40,0.08391608391608392,12.261106112145006
40,0.09090909090909091,6.49272980116663
40,0.0979020979020979,5.425133434451019
40,0.1048951048951049,6.722121969986959
40,0.11188811188811189,3.350204145807205
40,0.11888111888111888,5.354688575544042
40,0.1258741258741259,1.935230389310743
40,0.13286713286713286,14.909696896812065
40,0.13986013986013987,15.908115684780181
40,0.14685314685314685,16.78239741651793
40,0.15384615384615385,21.455377725593564
40,0.16083916083916083,16.201458144738123
40,0.16783216783216784,17.43756282851725
40,0.17482517482517482,17.730206209016135
40,0.18181818181818182,12.277388881179517
40,0.1888111888111888,17.733538808037153
40,0.1958041958041958,12.85867230345979
40,0.20279720279720279,16.320267645800705
40,0.2097902097902098,18.63883926142076
40,0.21678321678321677,13.805123799475732
40,0.22377622377622378,13.835081429287651
40,0.23076923076923078,16.551025133228954
40,0.23776223776223776,11.493190190678105
40,0.24475524475524477,4.53524494234847
40,0.2517482517482518,10.410482954650435
40,0.25874125874125875,4.678807286309772
40,0.26573426573426573,4.071745715993863
40,0.2727272727272727,5.665984773619311
40,0.27972027972027974,2.7299852349778173
40,0.2867132867132867,8.716271946695343
40,0.2937062937062937,7.845413535933582
40,0.3006993006993007,7.020302588559543
40,0.3076923076923077,8.14846718200504
40,0.3146853146853147,11.00675966355892
40,0.32167832167832167,7.282602825557652
40,0.32867132867132864,2.008110573850535
40,0.3356643356643357,6.8541788292904835
40,0.34265734265734266,8.986566694117561
40,0.34965034965034963,2.217686924813202
40,0.35664335664335667,6.394749406000945
40,0.36363636363636365,7.680558803469277
40,0.3706293706293706,8.026193632650696
40,0.3776223776223776,8.904581454174481
40,0.38461538461538464,4.12115249764356
40,0.3916083916083916,9.970033757283316
40,0.3986013986013986,5.251834033439626
40,0.40559440559440557,9.519024876727736
40,0.4125874125874126,10.021122787035345
40,0.4195804195804196,5.108774039413476
40,0.42657342657342656,4.775939142287854
40,0.43356643356643354,12.527523648197544
40,0.4405594405594406,17.68134406316981
40,0.44755244755244755,6.178218342890115
40,0.45454545454545453,14.593171259554648
40,0.46153846153846156,14.225873164333043
40,0.46853146853146854,13.120070885688456
40,0.4755244755244755,12.41010237145423
40,0.4825174825174825,4.448457032426663
40,0.48951048951048953,8.796872116330738
40,0.4965034965034965,4.076900584949506
41,0.0,6.217248937900877e-15
41,0.006896551724137931,19.67950302621765
41,0.013793103448275862,14.478874977475803
41,0.020689655172413793,8.75230877137334
41,0.027586206896551724,9.595317840583084
41,0.034482758620689655,10.93476363551411
41,0.041379310344827586,16.96473532144428
41,0.04827586206896552,8.73473413360885
41,0.05517241379310345,16.980859814359928
41,0.06206896551724138,7.9935728429113935
41,0.06896551724137931,7.122750336254515
41,0.07586206896551724,19.345049004588482
41,0.08275862068965517,13.932147453884957
41,0.0896551724137931,23.146127210102755
41,0.09655172413793103,17.077562196983337
41,0.10344827586206896,6.996654310220291
41,0.1103448275862069,16.76155493393827
41,0.11724137931034483,5.440351384687329
41,0.12413793103448276,11.281194367496884
41,0.13103448275862067,7.193768350481996
41,0.13793103448275862,18.670518340520207
41,0.14482758620689656,11.685638394852928
41,0.15172413793103448,0.43751727284462943
41,0.1586206896551724,12.852338555588783
41,0.16551724137931034,7.3453538307661335
41,0.1724137931034483,12.150813735899531
41,0.1793103448275862,10.218927457408432
41,0.18620689655172412,8.215786952038437
41,0.19310344827586207,11.632356875319147
41,0.2,10.650537797296199
41,0.20689655172413793,5.958032918842799
41,0.21379310344827585,10.707084954907625
41,0.2206896551724138,3.5472979973556464
41,0.22758620689655173,12.793732563162273
41,0.23448275862068965,11.720594374894619
41,0.24137931034482757,6.445705356997688
41,0.2482758620689655,5.9606827409760745
41,0.25517241379310346,6.727197295704455
41,0.26206896551724135,14.677322217055417
41,0.2689655172413793,10.426937767392275
41,0.27586206896551724,2.6416802289887706
41,0.2827586206896552,0.9407518992310353
41,0.2896551724137931,13.802900189696398
41,0.296551724137931,9.229152165630753
41,0.30344827586206896,3.903245905078564
41,0.3103448275862069,10.431419277238398
41,0.3172413793103448,9.033465220979418
41,0.32413793103448274,8.96398911660692
41,0.3310344827586207,10.765980996278818
41,0.33793103448275863,7.5237443182805315
41,0.3448275862068966,8.594879376792
41,0.35172413793103446,3.98551285451952
41,0.3586206896551724,2.991301685411931
41,0.36551724137931035,5.510227176633217
41,0.37241379310344824,26.356925957024558
41,0.3793103448275862,7.702681318543843
41,0.38620689655172413,17.994184482413676
41,0.3931034482758621,13.593511963451594
41,0.4,13.659415402224596
41,0.4068965517241379,18.68200238908664
41,0.41379310344827586,8.769878959140785
41,0.4206896551724138,7.2279758278746815
41,0.4275862068965517,16.034934957719617
41,0.43448275862068964,6.095812752428646
41,0.4413793103448276,3.134370147890615
41,0.4482758620689655,7.435566487085766
41,0.45517241379310347,11.989328195785257
41,0.46206896551724136,16.44016838460639
41,0.4689655172413793,10.660964144606206
41,0.47586206896551725,4.100111750660423
41,0.48275862068965514,24.918058372856386
41,0.4896551724137931,18.898933613417825
41,0.496551724137931,7.907099006075731
42,0.0,1.7319479184152442e-14
42,0.00684931506849315,20.360598901115427
42,0.0136986301369863,16.484125400283865
42,0.02054794520547945,25.07607839136977
42,0.0273972602739726,7.9293766649552495
42,0.03424657534246575,24.61925944450452
42,0.0410958904109589,18.389680435331684
42,0.04794520547945205,16.981161820168786
42,0.0547945205479452,14.18333082715062
42,0.06164383561643835,4.629239833824701
42,0.0684931506849315,13.725254835696433
42,0.07534246575342465,11.863987459003175
42,0.0821917808219178,12.277134771618103
42,0.08904109589041095,3.9450310687011716
42,0.0958904109589041,10.914587234957152
42,0.10273972602739725,2.2447246366642273
42,0.1095890410958904,17.19626761265805
42,0.11643835616438356,3.0669769084888374
42,0.1232876712328767,7.015374421807486
42,0.13013698630136986,5.606432799435646
42,0.136986301369863,10.152835599052603
42,0.14383561643835616,15.903904910156143
42,0.1506849315068493,16.831083148781307
42,0.15753424657534246,8.087781823866177
42,0.1643835616438356,4.280548182031803
42,0.17123287671232876,17.206153630932306
42,0.1780821917808219,2.7104547561733745
42,0.18493150684931506,10.188748681201634
42,0.1917808219178082,7.8769596252539476
42,0.19863013698630136,8.115382426833284
42,0.2054794520547945,5.762966194274647
42,0.21232876712328766,11.070111137501401
42,0.2191780821917808,6.117582826407464
42,0.22602739726027396,12.985163312441536
42,0.2328767123287671,7.031406279569714
42,0.23972602739726026,12.993332416126574
42,0.2465753424657534,2.8715440936371026
42,0.2534246575342466,24.88214148346793
42,0.2602739726027397,11.225181803044192
42,0.26712328767123283,10.553538512956575
42,0.273972602739726,5.929164205537455
42,0.2808219178082192,16.034583286444025
42,0.2876712328767123,8.497834588195758
42,0.29452054794520544,4.412446836716954
42,0.3013698630136986,5.871509073153368
42,0.3082191780821918,2.4071090320015713
42,0.3150684931506849,14.241383615169402
42,0.32191780821917804,3.620514857624876
42,0.3287671232876712,9.186835428377142
42,0.3356164383561644,3.7807124155389586
42,0.3424657534246575,1.7548283523916488
42,0.34931506849315064,7.69467567386914
42,0.3561643835616438,9.297529830953422
42,0.363013698630137,2.6179727862985875
42,0.3698630136986301,2.514652128035599
42,0.37671232876712324,16.18112021549505
42,0.3835616438356164,13.146752754200083
42,0.3904109589041096,20.30456870848208
42,0.3972602739726027,18.042423652000075
42,0.40410958904109584,28.767457464181334
42,0.410958904109589,7.411969180141623
42,0.4178082191780822,2.143221788419696
42,0.4246575342465753,14.499103927589804
42,0.43150684931506844,3.036683516801532
42,0.4383561643835616,11.052661429402743
42,0.4452054794520548,8.195778953095136
42,0.4520547945205479,11.678764035363391
42,0.45890410958904104,9.46372165898554
42,0.4657534246575342,5.300231730023175
42,0.4726027397260274,4.9746658852872745
42,0.4794520547945205,6.399389405096424
42,0.48630136986301364,19.57638325004665
42,0.4931506849315068,6.400721460467574
43,0.0,7.327471962526033e-15
43,0.0072992700729927005,30.96739492641136
43,0.014598540145985401,17.548970007396598
43,0.021897810218978103,14.815206160932151
43,0.029197080291970802,21.68605001417934
43,0.0364963503649635,16.407097728811596
43,0.043795620437956206,9.185206570662183
43,0.051094890510948905,11.517665010322874
43,0.058394160583941604,10.531626781501178
43,0.06569343065693431,6.245361794484163
43,0.072992700729927,12.331548669596977
43,0.08029197080291971,7.367692854241468
43,0.08759124087591241,12.045129211664149
43,0.0948905109489051,11.59862978725437
43,0.10218978102189781,2.1622946115579733
43,0.1094890510948905,11.455317002210313
43,0.11678832116788321,9.782183799888102
43,0.12408759124087591,5.412820703416187
43,0.13138686131386862,5.120830389150634
43,0.1386861313868613,7.764351914231949
43,0.145985401459854,8.897806430337653
43,0.15328467153284672,3.6020164116926727
43,0.16058394160583941,4.149799622029579
43,0.1678832116788321,11.701432544335525
43,0.17518248175182483,10.14179303611626
43,0.18248175182481752,11.040354735880493
43,0.1897810218978102,9.766911241505419
43,0.1970802919708029,6.307365085397113
43,0.20437956204379562,9.378649846623455
43,0.2116788321167883,8.508500603013278
43,0.218978102189781,8.822385939239114
43,0.22627737226277372,12.88316170425296
43,0.23357664233576642,15.742276910550466
43,0.2408759124087591,7.4175324145560575
43,0.24817518248175183,5.366550413035199
43,0.2554744525547445,4.98729809364989
43,0.26277372262773724,3.6571429137431437
43,0.27007299270072993,14.386095818609634
43,0.2773722627737226,2.0030051460514096
43,0.2846715328467153,8.408487430070135
43,0.291970802919708,7.450170800198987
43,0.2992700729927007,7.176633011353789
43,0.30656934306569344,6.7678487851160956
43,0.31386861313868614,4.982681818875542
43,0.32116788321167883,7.486529350710199
43,0.3284671532846715,1.7569377773861035
43,0.3357664233576642,11.615330529602465
43,0.3430656934306569,23.94001721478577
43,0.35036496350364965,6.102801510338577
43,0.35766423357664234,12.365538321131789
43,0.36496350364963503,18.672803386863244
43,0.3722627737226277,16.369407801666593
43,0.3795620437956204,9.17611834182481
43,0.3868613138686131,4.083364658353962
43,0.3941605839416058,8.448184149400449
43,0.40145985401459855,15.335990152009076
43,0.40875912408759124,12.402284076656256
43,0.41605839416058393,9.49735154923452
43,0.4233576642335766,17.814423584700148
43,0.4306569343065693,19.00320574300557
43,0.437956204379562,7.305109502942403
43,0.44525547445255476,6.101002766601066
43,0.45255474452554745,21.63961703526966
43,0.45985401459854014,16.534404667557794
43,0.46715328467153283,7.264140299763789
43,0.4744525547445255,4.605207298515068
43,0.4817518248175182,8.777699813348299
43,0.4890510948905109,10.218797034842497
43,0.49635036496350365,11.274419033879509
44,0.0,9.769962616701378e-15
44,0.006896551724137931,20.676357454927473
44,0.013793103448275862,24.744375618700918
44,0.020689655172413793,21.68623593059852
44,0.027586206896551724,7.5062296754683056
44,0.034482758620689655,17.28777107306753
44,0.041379310344827586,10.082289604794214
44,0.04827586206896552,4.49693193494578
44,0.05517241379310345,10.484626203446348
44,0.06206896551724138,10.085747246819954
44,0.06896551724137931,7.707001598740719
44,0.07586206896551724,8.070616513244657
44,0.08275862068965517,3.9645289398845893
44,0.0896551724137931,9.523644758326924
44,0.09655172413793103,2.015485060945412
44,0.10344827586206896,11.435467519551597
44,0.1103448275862069,10.115369340617898
44,0.11724137931034483,7.632930685637534
44,0.12413793103448276,17.130955336875328
44,0.13103448275862067,8.71112055503172
44,0.13793103448275862,9.643031025984786
44,0.14482758620689656,13.353051124946193
44,0.15172413793103448,11.69975500910197
44,0.1586206896551724,20.24037561179098
44,0.16551724137931034,3.942449734693143
44,0.1724137931034483,8.559301877322165
44,0.1793103448275862,15.137243538644178
44,0.18620689655172412,12.308074938787492
44,0.19310344827586207,5.869514095225352
44,0.2,10.828805977235682
44,0.20689655172413793,9.929874437095116
44,0.21379310344827585,13.39877232323973
44,0.2206896551724138,11.342045451314213
44,0.22758620689655173,5.740751073116735
44,0.23448275862068965,4.57461055892878
44,0.24137931034482757,9.80407031640406
44,0.2482758620689655,13.141413079536264
44,0.25517241379310346,12.816739193451943
44,0.26206896551724135,3.0776437359255016
44,0.2689655172413793,15.263688898747235
44,0.27586206896551724,10.368753168846895
44,0.2827586206896552,10.371365879320422
44,0.2896551724137931,1.0320676968360538
44,0.296551724137931,6.347936014092484
44,0.30344827586206896,5.539732824186297
44,0.3103448275862069,11.77968021353591
44,0.3172413793103448,21.26307439828457
44,0.32413793103448274,12.170521444619382
44,0.3310344827586207,6.39450734885884
44,0.33793103448275863,16.215918112541797
44,0.3448275862068966,21.938511762275
44,0.35172413793103446,10.641868230210296
44,0.3586206896551724,16.879645214862798
44,0.36551724137931035,4.339689996743434
44,0.37241379310344824,14.334338479336123
44,0.3793103448275862,2.621074885248597
44,0.38620689655172413,10.374296947343904
44,0.3931034482758621,8.48026114007463
44,0.4,8.935697407226105
44,0.4068965517241379,7.490047567887131
44,0.41379310344827586,22.65777551546512
44,0.4206896551724138,9.536408471910288
44,0.4275862068965517,2.9038809120567035
44,0.43448275862068964,6.943091345407428
44,0.4413793103448276,14.35073466578655
44,0.4482758620689655,10.329310494946244
44,0.45517241379310347,5.925868042584685
44,0.46206896551724136,12.597210268059175
44,0.4689655172413793,9.419399173210543
44,0.47586206896551725,15.615294930022637
44,0.48275862068965514,17.13485692551418
44,0.4896551724137931,10.544341583385775
44,0.496551724137931,13.487264614422383
45,0.0,3.552713678800501e-15
45,0.006944444444444444,7.487835403916622
45,0.013888888888888888,9.14408234389826
45,0.020833333333333332,8.978324734659408
45,0.027777777777777776,10.412247514941408
45,0.034722222222222224,19.17913562634515
45,0.041666666666666664,12.485301264277576
45,0.048611111111111105,21.240357941599857
45,0.05555555555555555,2.633078443173198
45,0.0625,16.340801923101388
45,0.06944444444444445,15.935401836360437
45,0.07638888888888888,14.206934598812987
45,0.08333333333333333,4.892584006618066
45,0.09027777777777778,5.925364322565707
45,0.09722222222222221,10.916605900096311
45,0.10416666666666666,10.962383947662232
45,0.1111111111111111,10.141261683130505
45,0.11805555555555555,15.502622568220852
45,0.125,4.988926379207265
45,0.13194444444444445,3.9275764586676054
45,0.1388888888888889,25.249614073120007
45,0.14583333333333331,12.216880870598313
45,0.15277777777777776,2.7547238748381506
45,0.1597222222222222,6.2374193049901425
45,0.16666666666666666,21.90045011317658
45,0.1736111111111111,3.819065922296941
45,0.18055555555555555,10.860329987024572
45,0.1875,13.66417617205282
45,0.19444444444444442,9.745185115519249
45,0.20138888888888887,11.23782228598379
45,0.20833333333333331,9.816498956560741
45,0.21527777777777776,19.217897818085948
45,0.2222222222222222,11.560097373447451
45,0.22916666666666666,10.291528676433062
45,0.2361111111111111,21.85085870989276
45,0.24305555555555555,5.7956580805379545
45,0.25,8.233361879274655
45,0.2569444444444444,9.896686346578917
45,0.2638888888888889,14.475817557588316
45,0.2708333333333333,20.906138068773483
45,0.2777777777777778,16.7435915769825
45,0.2847222222222222,12.803182294857269
45,0.29166666666666663,7.888631938954181
45,0.2986111111111111,2.835960175299551
45,0.3055555555555555,10.838767062390698
45,0.3125,4.451682232890114
45,0.3194444444444444,7.146650055783491
45,0.3263888888888889,3.31797402821209
45,0.3333333333333333,19.9677228850643
45,0.34027777777777773,3.402478194858412
45,0.3472222222222222,5.233887601025091
45,0.35416666666666663,14.394855544873801
45,0.3611111111111111,13.945421029363136
45,0.3680555555555555,10.581632297357878
45,0.375,9.596627672928395
45,0.3819444444444444,14.130832957958516
45,0.38888888888888884,12.669178978565482
45,0.3958333333333333,11.243079299891164
45,0.40277777777777773,7.242475235098862
45,0.4097222222222222,9.573700068369757
45,0.41666666666666663,11.58339922828888
45,0.4236111111111111,5.788593782923985
45,0.4305555555555555,8.90023318380649
45,0.4375,7.09925261329508
45,0.4444444444444444,8.575579285709303
45,0.45138888888888884,5.079658162192406
45,0.4583333333333333,10.292042784366645
45,0.46527777777777773,8.068963200665369
45,0.4722222222222222,11.960145910777621
45,0.47916666666666663,19.028414970283848
45,0.4861111111111111,3.056879145555682
45,0.4930555555555555,5.304253705823676
46,0.0,6.217248937900877e-15
46,0.006756756756756757,14.171112509639686
46,0.013513513513513514,25.079354855467585
46,0.02027027027027027,20.565981268557465
46,0.02702702702702703,8.955032805504505
46,0.033783783783783786,14.910224832207145
46,0.04054054054054054,13.652903104868152
46,0.0472972972972973,7.429457022681374
46,0.05405405405405406,10.737173946790511
46,0.060810810810810814,22.404223252938948
46,0.06756756756756757,14.997177256389023
46,0.07432432432432433,8.322249732586894
46,0.08108108108108109,8.729677283957452
46,0.08783783783783784,21.236459906438117
46,0.0945945945945946,9.308375089964319
46,0.10135135135135136,14.497586268072828
46,0.10810810810810811,16.42942160212401
46,0.11486486486486487,10.608168466591982
46,0.12162162162162163,23.79501733310761
46,0.1283783783783784,15.668976159206911
46,0.13513513513513514,8.638535854372748
46,0.14189189189189189,8.500505767402393
46,0.14864864864864866,13.196612545951114
46,0.15540540540540543,2.9889154236498996
46,0.16216216216216217,3.7339298059231503
46,0.16891891891891891,14.849235059825835
46,0.17567567567567569,13.025930685828286
46,0.18243243243243246,7.84998516827863
46,0.1891891891891892,8.711870760185278
46,0.19594594594594594,19.7134608438473
46,0.20270270270270271,2.061653633152567
46,0.20945945945945948,8.595646799866701
46,0.21621621621621623,2.2816446551815686
46,0.22297297297297297,6.582037654667155
46,0.22972972972972974,7.569980215572181
46,0.2364864864864865,5.128356993595568
46,0.24324324324324326,9.844938978698718
46,0.25,0.7320711578156188
46,0.2567567567567568,5.248449081642259
46,0.26351351351351354,3.256162121886864
46,0.2702702702702703,12.032433409510979
46,0.27702702702702703,7.75851545818264
46,0.28378378378378377,7.817060623669758
46,0.29054054054054057,9.169050122470024
46,0.2972972972972973,16.445482787511686
46,0.30405405405405406,3.7756408901232112
46,0.31081081081081086,11.982300465385373
46,0.3175675675675676,7.1618275511385425
46,0.32432432432432434,18.34864384624245
46,0.3310810810810811,8.02669528306891
46,0.33783783783783783,14.785204780260337
46,0.3445945945945946,1.5393449544853839
46,0.35135135135135137,18.427229262487497
46,0.3581081081081081,17.498410532935935
46,0.3648648648648649,10.593634288792034
46,0.37162162162162166,6.59517276152063
46,0.3783783783783784,0.5538255482441364
46,0.38513513513513514,18.206255642150094
46,0.3918918918918919,5.630762497063299
46,0.3986486486486487,2.6892854079489177
46,0.40540540540540543,12.214784142355882
46,0.41216216216216217,7.674064295550359
46,0.41891891891891897,12.447382742869657
46,0.4256756756756757,6.557542259845493
46,0.43243243243243246,10.92568400552649
46,0.4391891891891892,5.006927164886431
46,0.44594594594594594,15.488685843954455
46,0.45270270270270274,17.3123126221649
46,0.4594594594594595,3.164611037778734
46,0.46621621621621623,19.333991753407563
46,0.472972972972973,8.319914267700103
46,0.47972972972972977,12.393302028124978
46,0.4864864864864865,9.371265190974583
46,0.49324324324324326,10.945618481895474
47,0.0,9.325873406851315e-15
47,0.006622516556291391,9.518079186610022
47,0.013245033112582781,21.333108871912128
47,0.019867549668874173,20.42582147123461
47,0.026490066225165563,23.325283142461867
47,0.033112582781456956,8.832678282683903
47,0.039735099337748346,27.893618770452804
47,0.046357615894039736,20.050450181169023
47,0.052980132450331126,2.69442602197149
47,0.059602649006622516,7.769349517235469
47,0.06622516556291391,14.98729866631265
47,0.0728476821192053,2.909823224216905
47,0.07947019867549669,5.51215970876616
47,0.08609271523178808,5.12608392619571
47,0.09271523178807947,12.960209151632903
47,0.09933774834437085,9.089481815597443
47,0.10596026490066225,5.019279875906625
47,0.11258278145695365,2.8776902569201024
47,0.11920529801324503,14.400898554706874
47,0.12582781456953643,10.691346641408082
47,0.13245033112582782,11.66482640452609
47,0.1390728476821192,13.095298092671198
47,0.1456953642384106,5.786754154907585
47,0.152317880794702,17.64363785800007
47,0.15894039735099338,16.313102353719113
47,0.16556291390728478,21.047741954792503
47,0.17218543046357615,13.52128788562646
47,0.17880794701986755,13.13810302080006
47,0.18543046357615894,26.171914281826048
47,0.19205298013245034,11.488650400777168
47,0.1986754966887417,7.678895245683437
47,0.2052980132450331,1.4540017293969625
47,0.2119205298013245,12.976817360778846
47,0.2185430463576159,17.60758206504283
47,0.2251655629139073,3.77258057535345
47,0.23178807947019867,0.3290627734513289
47,0.23841059602649006,3.3008644263961946
47,0.24503311258278146,4.184728122866129
47,0.25165562913907286,4.928098498761352
47,0.2582781456953642,4.251796277547321
47,0.26490066225165565,17.300209562366636
47,0.271523178807947,5.689872314159699
47,0.2781456953642384,5.177651216237339
47,0.2847682119205298,13.750313197394004
47,0.2913907284768212,7.963005724914443
47,0.2980132450331126,1.4076875954526524
47,0.304635761589404,7.341886123519833
47,0.31125827814569534,8.40079551995955
47,0.31788079470198677,7.172931484416099
47,0.32450331125827814,3.5911423770523556
47,0.33112582781456956,8.464830864610294
47,0.33774834437086093,16.640167220508243
47,0.3443708609271523,13.181322089515103
47,0.3509933774834437,22.75541234528306
47,0.3576158940397351,17.682439897585272
47,0.36423841059602646,7.2120545023234355
47,0.3708609271523179,17.766675820646032
47,0.37748344370860926,6.4605482433689225
47,0.3841059602649007,5.336749317674654
47,0.39072847682119205,3.953898268178211
47,0.3973509933774834,14.13403418234951
47,0.40397350993377484,5.411364574549995
47,0.4105960264900662,0.8081026388857152
47,0.41721854304635764,3.0645398306939446
47,0.423841059602649,9.903076958486267
47,0.4304635761589404,13.862209287549993
47,0.4370860927152318,7.11034008087725
47,0.44370860927152317,2.020782088069976
47,0.4503311258278146,18.976621041125675
47,0.45695364238410596,6.726309906145592
47,0.46357615894039733,7.280951900331425
47,0.47019867549668876,15.649634610954301
47,0.4768211920529801,5.771463127496844
47,0.48344370860927155,15.821697660145585
47,0.4900662251655629,13.8720833101984
47,0.4966887417218543,11.934933256940532
48,0.0,8.881784197001252e-16
48,0.007142857142857143,27.521083326902918
48,0.014285714285714285,21.590775256487277
48,0.02142857142857143,24.477468514229585
48,0.02857142857142857,23.67498561494238
48,0.03571428571428571,14.500506611978025
48,0.04285714285714286,13.784088615796088
48,0.049999999999999996,6.042837698839328
48,0.05714285714285714,12.735274432175103
48,0.06428571428571428,6.802660162457174
48,0.07142857142857142,17.539514834058245
48,0.07857142857142857,11.417038692075264
48,0.08571428571428572,8.913810298876054
48,0.09285714285714286,9.753151400633717
48,0.09999999999999999,19.22345176626855
48,0.10714285714285714,9.94183020854694
48,0.11428571428571428,10.257459773701935
48,0.12142857142857143,16.23240249698909
48,0.12857142857142856,25.410665386687615
48,0.1357142857142857,23.915304669944312
48,0.14285714285714285,8.888138740594218
48,0.15,7.27755438636576
48,0.15714285714285714,6.014852277539336
48,0.16428571428571428,3.9425455620848475
48,0.17142857142857143,2.3298902793932874
48,0.17857142857142858,6.472902052273538
48,0.18571428571428572,4.990788532158994
48,0.19285714285714284,4.824736448933002
48,0.19999999999999998,14.986710940366567
48,0.20714285714285713,16.49438108327558
48,0.21428571428571427,12.466602447666839
48,0.22142857142857142,3.1659343311291193
48,0.22857142857142856,13.274461831132202
48,0.2357142857142857,15.486673322558806
48,0.24285714285714285,8.750327343157505
48,0.25,3.1695359040746083
48,0.2571428571428571,13.29483430891436
48,0.2642857142857143,13.352446253435861
48,0.2714285714285714,15.356757319211749
48,0.2785714285714286,9.701032870524879
48,0.2857142857142857,1.590677562828917
48,0.29285714285714287,5.156171761550945
48,0.3,12.131955600362645
48,0.3071428571428571,5.506055358872073
48,0.3142857142857143,3.8612039919404895
48,0.3214285714285714,1.3605138196328344
48,0.32857142857142857,8.039917555366516
48,0.3357142857142857,8.613164341535057
48,0.34285714285714286,5.11919345280953
48,0.35,11.056501133655063
48,0.35714285714285715,3.242186415693379
48,0.36428571428571427,6.15998534617509
48,0.37142857142857144,5.443536861306667
48,0.37857142857142856,5.554989519541749
48,0.3857142857142857,6.573100718914881
48,0.39285714285714285,2.0860482456137084
48,0.39999999999999997,8.552364187211815
48,0.40714285714285714,7.119179798496564
48,0.41428571428571426,4.861112361584165
48,0.42142857142857143,10.874022961643462
48,0.42857142857142855,8.587631438913562
48,0.4357142857142857,13.785839836429755
48,0.44285714285714284,5.663495106152209
48,0.45,6.1302326739391555
48,0.45714285714285713,11.834148455246952
48,0.46428571428571425,6.6021896355071155
48,0.4714285714285714,17.04803523407293
48,0.47857142857142854,11.792517640345055
48,0.4857142857142857,2.7357713923157796
48,0.4928571428571428,4.644298032921651
49,0.0,1.4210854715202004e-14
49,0.00684931506849315,31.226653013461984
49,0.0136986301369863,23.52612158148349
49,0.02054794520547945,15.886888619873643
49,0.0273972602739726,14.616361412880279
49,0.03424657534246575,15.014369260447177
49,0.0410958904109589,12.494100372877547
49,0.04794520547945205,22.211061149548225
49,0.0547945205479452,18.23013618763511
49,0.06164383561643835,12.937405341358394
49,0.0684931506849315,4.670267210273319
49,0.07534246575342465,1.8661882731713821
49,0.0821917808219178,8.367954451394695
49,0.08904109589041095,6.385521301089827
49,0.0958904109589041,1.5217907435500555
49,0.10273972602739725,1.75610879857663
49,0.1095890410958904,12.07525281750021
49,0.11643835616438356,19.017022422749164
49,0.1232876712328767,17.58784346775747
49,0.13013698630136986,8.902208921912042
49,0.136986301369863,1.8232284242783834
49,0.14383561643835616,0.44949922814584864
49,0.1506849315068493,7.379719466073825
49,0.15753424657534246,5.23940956590992
49,0.1643835616438356,16.786540639710225
49,0.17123287671232876,20.10184860301605
49,0.1780821917808219,10.432919085292825
49,0.18493150684931506,7.788938749311487
49,0.1917808219178082,3.1835246255983156
49,0.19863013698630136,17.68357055402548
49,0.2054794520547945,7.424890711475244
49,0.21232876712328766,10.63990962679047
49,0.2191780821917808,19.687043317190952
49,0.22602739726027396,6.429133288443545
49,0.2328767123287671,14.602177274196587
49,0.23972602739726026,12.104289096726978
49,0.2465753424657534,4.468999634446906
49,0.2534246575342466,6.111714141327008
49,0.2602739726027397,2.20997664803965
49,0.26712328767123283,8.691455560846821
49,0.273972602739726,8.450944674429548
49,0.2808219178082192,13.535680629860154
49,0.2876712328767123,9.726012611013797
49,0.29452054794520544,2.289382163148184
49,0.3013698630136986,5.264518241122783
49,0.3082191780821918,9.318342971351207
49,0.3150684931506849,10.333487697583507
49,0.32191780821917804,11.759214871495459
49,0.3287671232876712,14.266814066563308
49,0.3356164383561644,10.804761231653693
49,0.3424657534246575,10.938008730399533
49,0.34931506849315064,9.384468567876215
49,0.3561643835616438,7.9204452503619045
49,0.363013698630137,7.9743613817667445
49,0.3698630136986301,8.655766301003014
49,0.37671232876712324,10.425948467986036
49,0.3835616438356164,18.573822970621343
49,0.3904109589041096,13.345886181537104
49,0.3972602739726027,16.771822962281846
49,0.40410958904109584,14.611667831537524
49,0.410958904109589,7.160255751437527
49,0.4178082191780822,6.33405896537981
49,0.4246575342465753,2.1447173072128543
49,0.43150684931506844,14.45332035227409
49,0.4383561643835616,10.181063455856881
49,0.4452054794520548,13.353689095975778
49,0.4520547945205479,16.784242309822815
49,0.45890410958904104,4.059169771366117
49,0.4657534246575342,7.426177728382189
49,0.4726027397260274,4.680085533868741
49,0.4794520547945205,9.782970286893468
49,0.48630136986301364,5.553255392823338
49,0.4931506849315068,12.984624401265368
50,0.0,8.881784197001252e-15
50,0.006802721088435374,25.751049277093724
50,0.013605442176870748,14.026327940203714
50,0.02040816326530612,25.247690702549
50,0.027210884353741496,10.175478932992387
50,0.03401360544217687,18.41478521353784
50,0.04081632653061224,23.873361115240034
50,0.047619047619047616,11.30708341969668
50,0.05442176870748299,11.494042810275392
50,0.061224489795918366,7.465306486165524
50,0.06802721088435373,6.352200022878646
50,0.07482993197278912,2.8896167732678393
50,0.08163265306122448,6.701815379151665
50,0.08843537414965986,30.137880703053234
50,0.09523809523809523,9.223465131410359
50,0.10204081632653061,3.6008005617796393
50,0.10884353741496598,8.253435709910114
50,0.11564625850340135,5.874064970250407
50,0.12244897959183673,6.153633766518078
50,0.1292517006802721,16.991297183369056
50,0.13605442176870747,2.7966445538039917
50,0.14285714285714285,6.30859059303178
50,0.14965986394557823,17.014983821698085
50,0.1564625850340136,4.937001351170515
50,0.16326530612244897,16.825914858185392
50,0.17006802721088435,10.823002624876711
50,0.17687074829931973,5.901677718880349
50,0.18367346938775508,13.937394363623527
50,0.19047619047619047,10.204663362150209
50,0.19727891156462585,7.431976473041945
50,0.20408163265306123,7.9044611600782115
50,0.21088435374149658,11.332493314510108
50,0.21768707482993196,9.664378402490579
50,0.22448979591836735,7.352540649914069
50,0.2312925170068027,5.118833955329497
50,0.23809523809523808,3.93321862604053
50,0.24489795918367346,2.627829101507633
50,0.25170068027210885,4.299435430090864
50,0.2585034013605442,9.23932162228684
50,0.2653061224489796,6.255643701954861
50,0.27210884353741494,11.835106703964065
50,0.2789115646258503,3.8942389320800324
50,0.2857142857142857,9.928623018476884
50,0.2925170068027211,14.330229886794742
50,0.29931972789115646,15.989908824947618
50,0.30612244897959184,5.9468624086173545
50,0.3129251700680272,6.426561408742697
50,0.31972789115646255,3.3073121374010808
50,0.32653061224489793,9.772636052347089
50,0.3333333333333333,18.246097908956845
50,0.3401360544217687,10.901412265583643
50,0.3469387755102041,6.903971525830935
50,0.35374149659863946,4.873571052842455
50,0.36054421768707484,11.584156134525065
50,0.36734693877551017,1.482399371130006
50,0.37414965986394555,11.515546324600981
50,0.38095238095238093,11.86762530525022
50,0.3877551020408163,18.879161123896196
50,0.3945578231292517,1.3888018209074
50,0.4013605442176871,8.415300690318343
50,0.40816326530612246,16.609415553517927
50,0.4149659863945578,9.238351280287086
50,0.42176870748299317,14.24835822036931
50,0.42857142857142855,2.955336193030356
50,0.43537414965986393,11.306940940825916
50,0.4421768707482993,12.4376376290958
50,0.4489795918367347,10.789288628231116
50,0.4557823129251701,11.105321232792262
50,0.4625850340136054,9.168183278019944
50,0.4693877551020408,2.3621925451722534
50,0.47619047619047616,23.075557495129964
50,0.48299319727891155,4.178160884683903
50,0.4897959183673469,15.037711144888219
50,0.4965986394557823,23.42115652110628
51,0.0,1.7763568394002505e-15
51,0.007042253521126761,40.481883273816536
51,0.014084507042253521,18.976033456981025
51,0.02112676056338028,8.74638543433361
51,0.028169014084507043,6.5749294044516455
51,0.035211267605633804,17.073282339582782
51,0.04225352112676056,14.408727744162949
51,0.04929577464788733,20.55783165836071
51,0.056338028169014086,7.215034722801343
51,0.06338028169014084,4.574829245327741
51,0.07042253521126761,7.566591232550114
51,0.07746478873239437,14.273862008416321
51,0.08450704225352113,19.14197156719868
51,0.09154929577464789,8.780339406898154
51,0.09859154929577466,9.801966330477336
51,0.1056338028169014,7.494612202991765
51,0.11267605633802817,11.429168106569984
51,0.11971830985915494,15.930542818573224
51,0.1267605633802817,6.945003792014505
51,0.13380281690140847,12.187357293395705
51,0.14084507042253522,9.44240595448681
51,0.14788732394366197,13.516190947135836
51,0.15492957746478875,14.359551523167793
51,0.1619718309859155,11.145572712681398
51,0.16901408450704225,12.538116462667592
51,0.17605633802816903,10.18258870242038
51,0.18309859154929578,4.613667407608829
51,0.19014084507042253,1.002672090661356
51,0.1971830985915493,6.818047041272284
51,0.20422535211267606,7.640054270710928
51,0.2112676056338028,7.344516427651632
51,0.2183098591549296,5.827741046244176
51,0.22535211267605634,10.661716711739475
51,0.2323943661971831,11.131403254495465
51,0.23943661971830987,6.968027712991149
51,0.24647887323943662,14.950192240150022
51,0.2535211267605634,11.798398953842222
51,0.2605633802816901,10.797274788730437
51,0.26760563380281693,6.920222207807902
51,0.2746478873239437,5.98908288361126
51,0.28169014084507044,7.704410648628912
51,0.2887323943661972,9.09678145828692
51,0.29577464788732394,16.605541616232166
51,0.3028169014084507,23.32070574208896
51,0.3098591549295775,10.238471205201643
51,0.31690140845070425,10.792486753402256
51,0.323943661971831,5.783775048184794
51,0.33098591549295775,7.816763862800636
51,0.3380281690140845,5.4690907397793955
51,0.34507042253521125,4.892170151905892
51,0.35211267605633806,4.424641656558711
51,0.3591549295774648,1.7882463159687803
51,0.36619718309859156,1.7925439118321953
51,0.3732394366197183,3.8700628311728216
51,0.38028169014084506,9.670836888506237
51,0.3873239436619718,14.580614122081286
51,0.3943661971830986,17.978432204192295
51,0.4014084507042254,19.966485841123
51,0.4084507042253521,14.877475437407023
51,0.4154929577464789,8.729837789632354
51,0.4225352112676056,5.947352877040651
51,0.4295774647887324,4.134441646707463
51,0.4366197183098592,15.759355482588862
51,0.44366197183098594,13.227136132412397
51,0.4507042253521127,7.320179443473114
51,0.45774647887323944,11.956499336782787
51,0.4647887323943662,7.21735744145508
51,0.471830985915493,4.872280563769504
51,0.47887323943661975,6.626685216798279
51,0.4859154929577465,4.817922810215301
51,0.49295774647887325,7.168624523827434
52,0.0,1.7763568394002505e-15
52,0.006802721088435374,19.230941303534333
52,0.013605442176870748,10.220311675762883
52,0.02040816326530612,6.1426843238737
52,0.027210884353741496,16.592850228185537
52,0.03401360544217687,20.813067518531653
52,0.04081632653061224,25.347434887524205
52,0.047619047619047616,13.499463886923257
52,0.05442176870748299,7.2305846956599344
52,0.061224489795918366,12.068819829791154
52,0.06802721088435373,10.733271167055886
52,0.07482993197278912,26.043398746382284
52,0.08163265306122448,12.991295456275248
52,0.08843537414965986,11.435275955200543
52,0.09523809523809523,10.102839641041658
52,0.10204081632653061,22.398803963787504
52,0.10884353741496598,19.128535342555804
52,0.11564625850340135,14.993115649434717
52,0.12244897959183673,3.6051262982664602
52,0.1292517006802721,6.744863584448568
52,0.13605442176870747,9.375197580545327
52,0.14285714285714285,15.83852406538722
52,0.14965986394557823,19.850074592047847
52,0.1564625850340136,7.849191438101238
52,0.16326530612244897,4.925660138005849
52,0.17006802721088435,4.259488223624327
52,0.17687074829931973,10.195008823881095
52,0.18367346938775508,12.765958979383432
52,0.19047619047619047,13.452373495164908
52,0.19727891156462585,12.707675693326125
52,0.20408163265306123,11.372624867290545
52,0.21088435374149658,16.486068666306224
52,0.21768707482993196,8.95297022778562
52,0.22448979591836735,6.83126412174092
52,0.2312925170068027,2.616843169039034
52,0.23809523809523808,9.866573470037036
52,0.24489795918367346,8.742718192927944
52,0.25170068027210885,16.781754203621816
52,0.2585034013605442,11.102143200650042
52,0.2653061224489796,3.8918752160076515
52,0.27210884353741494,8.019594059702357
52,0.2789115646258503,4.1524575741015815
52,0.2857142857142857,9.782754967679148
52,0.2925170068027211,15.409462867454797
52,0.29931972789115646,12.841015525711917
52,0.30612244897959184,12.86684877587962
52,0.3129251700680272,2.491855269235483
52,0.31972789115646255,8.985698830774195
52,0.32653061224489793,16.00025783752168
52,0.3333333333333333,13.384484513096927
52,0.3401360544217687,3.8907747540034627
52,0.3469387755102041,11.068319081563214
52,0.35374149659863946,13.664574827713365
52,0.36054421768707484,11.324060043759756
52,0.36734693877551017,11.381538275892382
52,0.37414965986394555,5.30415293274611
52,0.38095238095238093,5.148530967309041
52,0.3877551020408163,11.187162699030358
52,0.3945578231292517,19.89723952371171
52,0.4013605442176871,5.031171051356747
52,0.40816326530612246,3.3906486815621366
52,0.4149659863945578,5.747232954309527
52,0.42176870748299317,2.276670992768991
52,0.42857142857142855,3.2771305672564788
52,0.43537414965986393,15.421975785924335
52,0.4421768707482993,4.63526501775279
52,0.4489795918367347,11.27417385454163
52,0.4557823129251701,5.808315801405334
52,0.4625850340136054,6.819695429846885
52,0.4693877551020408,12.562581984008398
52,0.47619047619047616,8.369798125815377
52,0.48299319727891155,3.035116220689848
52,0.4897959183673469,7.121998102939604
52,0.4965986394557823,19.37093788601196
53,0.0,3.552713678800501e-15
53,0.007246376811594203,29.505720669210923
53,0.014492753623188406,23.577231941474615
53,0.021739130434782608,25.521785695392076
53,0.028985507246376812,15.031218640992316
53,0.036231884057971016,6.272535587958655
53,0.043478260869565216,7.629407905599447
53,0.050724637681159424,17.003784569249262
53,0.057971014492753624,6.98722224940276
53,0.06521739130434782,9.249051945223783
53,0.07246376811594203,15.263335276066371
53,0.07971014492753624,4.31096639037734
53,0.08695652173913043,17.224371473733928
53,0.09420289855072464,22.197053543612103
53,0.10144927536231885,8.908940613681489
53,0.10869565217391304,12.594989191668327
53,0.11594202898550725,15.63134750344065
53,0.12318840579710146,10.482391893965355
53,0.13043478260869565,15.569892800708686
53,0.13768115942028986,6.465788034902943
53,0.14492753623188406,9.429347045350173
53,0.15217391304347827,1.5214881229086898
53,0.15942028985507248,2.174323956964988
53,0.16666666666666666,8.532823771345335
53,0.17391304347826086,13.351300436703221
53,0.18115942028985507,6.06815094928916
53,0.18840579710144928,13.822945130314263
53,0.1956521739130435,15.91937029064582
53,0.2028985507246377,2.9865419287059587
53,0.21014492753623187,7.05617254015906
53,0.21739130434782608,4.570377034927406
53,0.2246376811594203,18.334102514352498
53,0.2318840579710145,9.09048911433207
53,0.2391304347826087,7.178134992046677
53,0.2463768115942029,7.156280651004746
53,0.2536231884057971,6.490119680441326
53,0.2608695652173913,7.702309172789364
53,0.26811594202898553,3.7612853165686713
53,0.2753623188405797,17.473916130244383
53,0.2826086956521739,10.954641214827964
53,0.2898550724637681,2.674171252155592
53,0.2971014492753623,7.109290262315553
53,0.30434782608695654,9.297061220218797
53,0.3115942028985507,6.06845232865692
53,0.31884057971014496,5.863777373111937
53,0.32608695652173914,13.263315843333144
53,0.3333333333333333,11.457455042117534
53,0.34057971014492755,7.3260682537618615
53,0.34782608695652173,6.805519524424552
53,0.35507246376811596,12.961645739318495
53,0.36231884057971014,7.254131645785552
53,0.3695652173913044,12.40403262271979
53,0.37681159420289856,5.034517592485421
53,0.38405797101449274,4.493057597258679
53,0.391304347826087,6.840601649047516
53,0.39855072463768115,5.515443572489307
53,0.4057971014492754,9.673011220687593
53,0.41304347826086957,8.83736580960238
53,0.42028985507246375,2.238878545895721
53,0.427536231884058,9.54583061115223
53,0.43478260869565216,7.294139795495807
53,0.4420289855072464,18.780980036390186
53,0.4492753623188406,8.458694154683634
53,0.4565217391304348,3.1651655741545137
53,0.463768115942029,9.703173054900434
53,0.47101449275362317,4.174284920939955
53,0.4782608695652174,13.870495978357894
53,0.4855072463768116,8.721924095763102
53,0.4927536231884058,14.822215046896233
54,0.0,3.552713678800501e-15
54,0.007142857142857143,23.647286268619197
54,0.014285714285714285,7.902675515202974
54,0.02142857142857143,4.860097935617177
54,0.02857142857142857,15.062595899004267
54,0.03571428571428571,17.85657108058608
54,0.04285714285714286,28.351699745282943
54,0.049999999999999996,12.234229992599635
54,0.05714285714285714,21.30041411289355
54,0.06428571428571428,7.0394617393164305
54,0.07142857142857142,24.2715191905745
54,0.07857142857142857,14.540271141399018
54,0.08571428571428572,11.537142358203425
54,0.09285714285714286,4.925957270063557
54,0.09999999999999999,0.7350382628971762
54,0.10714285714285714,9.186095168106023
54,0.11428571428571428,21.12120585580657
54,0.12142857142857143,11.528699409524922
54,0.12857142857142856,7.834758342155823
54,0.1357142857142857,7.177255692649159
54,0.14285714285714285,14.218650577004155
54,0.15,5.268563501969299
54,0.15714285714285714,8.887732189254173
54,0.16428571428571428,14.378747652132898
54,0.17142857142857143,4.6198538205761315
54,0.17857142857142858,7.14074275248906
54,0.18571428571428572,12.84874835955317
54,0.19285714285714284,4.687606342249756
54,0.19999999999999998,10.567735878697215
54,0.20714285714285713,8.880243915811434
54,0.21428571428571427,8.132938434160916
54,0.22142857142857142,5.00434275355399
54,0.22857142857142856,8.544688652967054
54,0.2357142857142857,8.279388487018949
54,0.24285714285714285,10.006177471935393
54,0.25,15.189539028974757
54,0.2571428571428571,7.778511053022553
54,0.2642857142857143,6.945247517631082
54,0.2714285714285714,9.052102050647692
54,0.2785714285714286,11.069206621187009
54,0.2857142857142857,0.6714592931746945
54,0.29285714285714287,11.12567445574148
54,0.3,3.733810538995322
54,0.3071428571428571,6.537524088201204
54,0.3142857142857143,16.212794747367713
54,0.3214285714285714,5.966191073568951
54,0.32857142857142857,3.7816080764804973
54,0.3357142857142857,4.620952764027555
54,0.34285714285714286,4.481026730635955
54,0.35,14.247985678879239
54,0.35714285714285715,21.437618087164935
54,0.36428571428571427,6.624023218579808
54,0.37142857142857144,7.805977835588298
54,0.37857142857142856,6.399764994292631
54,0.3857142857142857,13.850753609459911
54,0.39285714285714285,10.980016080684527
54,0.39999999999999997,8.381464051298183
54,0.40714285714285714,16.27021584335553
54,0.41428571428571426,7.712713627878241
54,0.42142857142857143,7.859855017896973
54,0.42857142857142855,23.022841286552772
54,0.4357142857142857,11.999865073061262
54,0.44285714285714284,13.123215990325901
54,0.45,5.5206823564659135
54,0.45714285714285713,11.729677592335035
54,0.46428571428571425,7.411477851232396
54,0.4714285714285714,11.60436265644733
54,0.47857142857142854,4.212055498862073
54,0.4857142857142857,12.925716253753956
54,0.4928571428571428,3.3613145252829217
55,0.0,1.2434497875801753e-14
55,0.006666666666666667,14.563819265075349
55,0.013333333333333334,4.687071247301821
55,0.02,3.8004672201303737
55,0.02666666666666667,16.53076732880328
55,0.03333333333333333,11.706653853143699
55,0.04,8.541125693044624
55,0.04666666666666667,18.067942975196846
55,0.05333333333333334,6.691280942464571
55,0.060000000000000005,19.143152101384377
55,0.06666666666666667,13.374547407250933
55,0.07333333333333333,12.847185363669729
55,0.08,15.217294018146765
55,0.08666666666666667,21.468682324015322
55,0.09333333333333334,21.29563887432132
55,0.1,14.068238925256683
55,0.10666666666666667,19.604495605410047
55,0.11333333333333334,14.198898208742005
55,0.12000000000000001,9.524232523415955
55,0.12666666666666668,4.657197998810743
55,0.13333333333333333,9.156042779961775
55,0.14,9.060879699865623
55,0.14666666666666667,6.598349985078759
55,0.15333333333333335,4.149230356116543
55,0.16,7.1559161661020525
55,0.16666666666666669,14.91752124383394
55,0.17333333333333334,7.967369042062193
55,0.18000000000000002,11.012170151950173
55,0.18666666666666668,4.413629421536918
55,0.19333333333333336,3.0338767124031296
55,0.2,7.377107744557315
55,0.2066666666666667,1.835733380194587
55,0.21333333333333335,4.034825920030373
55,0.22,3.7301684759569294
55,0.22666666666666668,1.7454111239826433
55,0.23333333333333334,9.20133915556391
55,0.24000000000000002,4.182273532745865
55,0.24666666666666667,10.203105114358195
55,0.25333333333333335,3.733322666375665
55,0.26,10.153275453666579
55,0.26666666666666666,10.007164020404556
55,0.2733333333333334,3.265981693247167
55,0.28,8.801913005863465
55,0.2866666666666667,4.589201662478717
55,0.29333333333333333,3.350344266278424
55,0.30000000000000004,12.070568275955527
55,0.3066666666666667,5.79179077832719
55,0.31333333333333335,13.946020074007361
55,0.32,4.107964024584208
55,0.32666666666666666,7.7595110004673495
55,0.33333333333333337,18.203666465837664
55,0.34,6.713553116793752
55,0.3466666666666667,7.477426652289068
55,0.35333333333333333,2.016115106777467
55,0.36000000000000004,12.398561917405477
55,0.3666666666666667,10.590115016995286
55,0.37333333333333335,13.273052305830918
55,0.38,8.122357435882073
55,0.3866666666666667,7.6972050250620665
55,0.39333333333333337,27.708329080189696
55,0.4,7.061277786918906
55,0.4066666666666667,15.180151344286179
55,0.4133333333333334,11.994824579494002
55,0.42000000000000004,18.197710196134736
55,0.4266666666666667,17.904257207082015
55,0.43333333333333335,8.881155559436689
55,0.44,18.112156505559593
55,0.4466666666666667,10.442047349146085
55,0.45333333333333337,9.151463570109492
55,0.46,13.79393348902275
55,0.4666666666666667,18.278792244837806
55,0.4733333333333334,23.399706542822642
55,0.48000000000000004,15.2012350678966
55,0.4866666666666667,13.70324322964253
55,0.49333333333333335,12.637639037448263
56,0.0,1.687538997430238e-14
56,0.007936507936507936,28.61968327687636
56,0.015873015873015872,9.126431272058433
56,0.023809523809523808,7.8097531392612645
56,0.031746031746031744,15.955542484025084
56,0.03968253968253968,15.297273123090115
56,0.047619047619047616,18.37453347494537
56,0.05555555555555555,23.01052580119541
56,0.06349206349206349,7.131685001939366
56,0.07142857142857142,9.444146189558142
56,0.07936507936507936,10.725079078022318
56,0.0873015873015873,17.500142646914558
56,0.09523809523809523,20.80110588280413
56,0.10317460317460317,10.727619840458138
56,0.1111111111111111,3.0228757005505598
56,0.11904761904761904,11.140732863181343
56,0.12698412698412698,8.472701721612234
56,0.1349206349206349,11.350364179939826
56,0.14285714285714285,10.660608871248938
56,0.15079365079365079,5.094772986646209
56,0.15873015873015872,8.715217546756904
56,0.16666666666666666,2.805631077070328
56,0.1746031746031746,15.01070019028394
56,0.18253968253968253,9.223802369981467
56,0.19047619047619047,12.559298193497682
56,0.1984126984126984,6.220591143298164
56,0.20634920634920634,11.108322331066303
56,0.21428571428571427,3.593795419066729
56,0.2222222222222222,9.159512699882903
56,0.23015873015873015,13.777680526130077
56,0.23809523809523808,13.359960260610245
56,0.24603174603174602,7.626813656647547
56,0.25396825396825395,2.635518369953254
56,0.26190476190476186,6.712334505839925
56,0.2698412698412698,9.079420128065802
56,0.2777777777777778,6.855519740091571
56,0.2857142857142857,3.500584794861964
56,0.2936507936507936,2.4796978551001088
56,0.30158730158730157,8.876161780522663
56,0.30952380952380953,1.9154243656354804
56,0.31746031746031744,12.82809046790253
56,0.32539682539682535,9.693457729351076
56,0.3333333333333333,14.220777395649323
56,0.3412698412698413,6.998664662831176
56,0.3492063492063492,6.805476289238654
56,0.3571428571428571,7.974129073696036
56,0.36507936507936506,7.824402938538791
56,0.373015873015873,8.327191796104826
56,0.38095238095238093,3.5625775429837545
56,0.38888888888888884,7.359891363419309
56,0.3968253968253968,7.946612351755604
56,0.40476190476190477,18.755850796416333
56,0.4126984126984127,19.731371692295752
56,0.4206349206349206,5.015751796492638
56,0.42857142857142855,3.645166794454479
56,0.4365079365079365,6.4638629951892534
56,0.4444444444444444,5.24461899102694
56,0.45238095238095233,11.980636001199771
56,0.4603174603174603,18.723479864953738
56,0.46825396825396826,9.632254611640983
56,0.47619047619047616,7.521712923027716
56,0.4841269841269841,5.819384281926651
56,0.49206349206349204,6.311272100875038
57,0.0,8.881784197001252e-16
57,0.007194244604316547,21.552234879676483
57,0.014388489208633094,10.628155350541185
57,0.02158273381294964,18.229726651920416
57,0.02877697841726619,9.828479080801667
57,0.03597122302158273,3.6507314458464135
57,0.04316546762589928,18.314651763021196
57,0.05035971223021583,10.263678205333155
57,0.05755395683453238,10.123731963131517
57,0.06474820143884892,10.253564873635511
57,0.07194244604316546,18.19609218268946
57,0.07913669064748202,9.54780913734349
57,0.08633093525179857,2.6649909701147183
57,0.09352517985611511,3.7528154587807694
57,0.10071942446043167,6.532897045918201
57,0.10791366906474821,16.675084711745626
57,0.11510791366906475,5.802786524705621
57,0.1223021582733813,21.390638321612638
57,0.12949640287769784,12.915776068773694
57,0.1366906474820144,3.374278628167572
57,0.14388489208633093,9.378512886078825
57,0.1510791366906475,15.39169416995095
57,0.15827338129496404,19.219932662427404
57,0.16546762589928057,1.5994522145276653
57,0.17266187050359713,9.677146699895905
57,0.1798561151079137,8.051258956702483
57,0.18705035971223022,7.098208774339659
57,0.19424460431654678,12.912821526281588
57,0.20143884892086333,11.760413808236073
57,0.20863309352517986,5.41276297341689
57,0.21582733812949642,2.811067662802894
57,0.22302158273381295,10.153108754685874
57,0.2302158273381295,7.089934053189047
57,0.23741007194244607,16.26353684837345
57,0.2446043165467626,2.3658544360607525
57,0.2517985611510791,12.51857162434441
57,0.2589928057553957,14.694458531332998
57,0.26618705035971224,9.019335535040343
57,0.2733812949640288,10.33999043688736
57,0.28057553956834536,19.26181061211956
57,0.28776978417266186,10.585841962006977
57,0.2949640287769784,10.754236589700616
57,0.302158273381295,18.982839587121433
57,0.30935251798561153,12.358174417645424
57,0.3165467625899281,2.5091916194268977
57,0.32374100719424465,7.918734465116452
57,0.33093525179856115,6.508625665669541
57,0.3381294964028777,9.522477288301522
57,0.34532374100719426,9.640648677640517
57,0.3525179856115108,1.3695615139021629
57,0.3597122302158274,12.219234997047806
57,0.3669064748201439,1.3157572188220081
57,0.37410071942446044,3.401946380364948
57,0.381294964028777,8.471241198154571
57,0.38848920863309355,3.78668200720953
57,0.3956834532374101,6.865535850321476
57,0.40287769784172667,19.393148709011
57,0.41007194244604317,14.89896371267428
57,0.4172661870503597,16.95966989383101
57,0.4244604316546763,24.287339021323408
57,0.43165467625899284,21.762635323416625
57,0.4388489208633094,5.065883186320579
57,0.4460431654676259,3.4231363172524554
57,0.45323741007194246,5.247813575332805
57,0.460431654676259,17.258298520109857
57,0.4676258992805756,3.23351621697611
57,0.47482014388489213,7.278407240945019
57,0.48201438848920863,4.353257952969903
57,0.4892086330935252,4.566857027194168
57,0.49640287769784175,14.379691098244585
58,0.0,1.7763568394002505e-15
58,0.007042253521126761,41.39903016425461
58,0.014084507042253521,32.93732527817837
58,0.02112676056338028,24.799347818943108
58,0.028169014084507043,12.481882843842804
58,0.035211267605633804,7.7445677873222625
58,0.04225352112676056,7.740638115280564
58,0.04929577464788733,19.74075289812038
58,0.056338028169014086,13.29352887704009
58,0.06338028169014084,15.322615570226365
58,0.07042253521126761,6.018703430138725
58,0.07746478873239437,5.822388568814566
58,0.08450704225352113,5.165523728225799
58,0.09154929577464789,7.6494407686671195
58,0.09859154929577466,4.796853449628688
58,0.1056338028169014,11.52649542224393
58,0.11267605633802817,18.97640142984463
58,0.11971830985915494,11.948997659528194
58,0.1267605633802817,10.987334886672443
58,0.13380281690140847,5.642945296162786
58,0.14084507042253522,7.578818797513984
58,0.14788732394366197,2.6171833586228566
58,0.15492957746478875,12.30750457480784
58,0.1619718309859155,10.611690457559646
58,0.16901408450704225,14.44247211100333
58,0.17605633802816903,23.174110703782112
58,0.18309859154929578,18.417379829084744
58,0.19014084507042253,14.402263483402434
58,0.1971830985915493,12.769631203069807
58,0.20422535211267606,10.933562445378293
58,0.2112676056338028,12.916447928913506
58,0.2183098591549296,7.989245050956637
58,0.22535211267605634,9.386259682741692
58,0.2323943661971831,8.095352656547533
58,0.23943661971830987,4.3321850040587595
58,0.24647887323943662,1.830513458955626
58,0.2535211267605634,5.954637177300804
58,0.2605633802816901,2.6627521256536557
58,0.26760563380281693,10.32626025873705
58,0.2746478873239437,15.56640563314995
58,0.28169014084507044,11.073718981913439
58,0.2887323943661972,9.586260953348564
58,0.29577464788732394,11.635938018146973
58,0.3028169014084507,9.03464823132394
58,0.3098591549295775,2.5427230130637697
58,0.31690140845070425,2.3150985100056216
58,0.323943661971831,5.331662262627494
58,0.33098591549295775,9.586534379005855
58,0.3380281690140845,7.119056725755252
58,0.34507042253521125,10.169584640327914
58,0.35211267605633806,8.71587251159552
58,0.3591549295774648,8.324982610582433
58,0.36619718309859156,3.087333634418517
58,0.3732394366197183,11.93982680063921
58,0.38028169014084506,4.423762557656123
58,0.3873239436619718,7.728052996184402
58,0.3943661971830986,9.614132660839456
58,0.4014084507042254,7.308219600978067
58,0.4084507042253521,3.078424799267658
58,0.4154929577464789,7.684377230687368
58,0.4225352112676056,8.38044015133863
58,0.4295774647887324,3.5955303368726383
58,0.4366197183098592,9.774771036071364
58,0.44366197183098594,3.431477320800725
58,0.4507042253521127,9.463785181963875
58,0.45774647887323944,6.639081220657661
58,0.4647887323943662,9.047898422746288
58,0.471830985915493,8.746130891001934
58,0.47887323943661975,4.213662214143796
58,0.4859154929577465,6.796711895159434
58,0.49295774647887325,3.9444407723569483
59,0.0,5.329070518200751e-15
59,0.007142857142857143,26.492600904264215
59,0.014285714285714285,14.703127675679815
59,0.02142857142857143,28.018715939106407
59,0.02857142857142857,13.360576977312196
59,0.03571428571428571,20.545653720212513
59,0.04285714285714286,16.786616864709526
59,0.049999999999999996,20.984251734421075
59,0.05714285714285714,14.393746116009375
59,0.06428571428571428,1.3063634096065693
59,0.07142857142857142,9.056576251224199
59,0.07857142857142857,6.731159644905568
59,0.08571428571428572,9.69866480226809
59,0.09285714285714286,6.610214740574311
59,0.09999999999999999,3.730162701209099
59,0.10714285714285714,12.138157273280443
59,0.11428571428571428,15.079810215938707
59,0.12142857142857143,15.579655192270225
59,0.12857142857142856,4.305744589463094
59,0.1357142857142857,7.371997558664086
59,0.14285714285714285,4.3630145866917065
59,0.15,2.8242669673053036
59,0.15714285714285714,3.5253138262790253
59,0.16428571428571428,11.166511240066377
59,0.17142857142857143,2.5205161431816046
59,0.17857142857142858,3.841548638620702
59,0.18571428571428572,8.559481954179448
59,0.19285714285714284,6.3871680920552105
59,0.19999999999999998,8.706663162950509
59,0.20714285714285713,5.994933956998717
59,0.21428571428571427,3.0217201526510875
59,0.22142857142857142,16.294862419831134
59,0.22857142857142856,5.950068082289479
59,0.2357142857142857,12.406878192265296
59,0.24285714285714285,11.694789977531675
59,0.25,9.136707867026354
59,0.2571428571428571,12.250443944964475
59,0.2642857142857143,10.778028513005209
59,0.2714285714285714,6.520369537204069
59,0.2785714285714286,6.141240904760868
59,0.2857142857142857,14.366287007527273
59,0.29285714285714287,4.958528775139008
59,0.3,10.74647543365868
59,0.3071428571428571,5.7486012614546
59,0.3142857142857143,11.02335574376867
59,0.3214285714285714,11.45903115130288
59,0.32857142857142857,6.0051356535193205
59,0.3357142857142857,13.308365974767552
59,0.34285714285714286,11.408965017558387
59,0.35,9.0517863462886
59,0.35714285714285715,7.821079519650031
59,0.36428571428571427,13.56254458498431
59,0.37142857142857144,18.449667005909927
59,0.37857142857142856,5.741562107864334
59,0.3857142857142857,11.19926653632844
59,0.39285714285714285,11.254264527696854
59,0.39999999999999997,14.56058562774138
59,0.40714285714285714,16.81652798405429
59,0.41428571428571426,10.797695670757056
59,0.42142857142857143,12.551017788539694
59,0.42857142857142855,5.988667096791308
59,0.4357142857142857,2.2669046529569963
59,0.44285714285714284,25.941395778288637
59,0.45,14.690184187420238
59,0.45714285714285713,10.917422955571451
59,0.46428571428571425,9.939809736388922
59,0.4714285714285714,2.1956375206610605
59,0.47857142857142854,11.617234707099353
59,0.4857142857142857,6.643571241077661
59,0.4928571428571428,3.168791015219157
60,0.0,3.552713678800501e-15
60,0.007042253521126761,19.46762636350424
60,0.014084507042253521,21.342073978428456
60,0.02112676056338028,7.808735063169164
60,0.028169014084507043,2.8918496829100238
60,0.035211267605633804,17.562495524201076
60,0.04225352112676056,20.364632119716102
60,0.04929577464788733,19.997361675035464
60,0.056338028169014086,11.742875808583626
60,0.06338028169014084,14.562063587901614
60,0.07042253521126761,9.676564273608301
60,0.07746478873239437,21.52968244450793
60,0.08450704225352113,5.9753966655240625
60,0.09154929577464789,2.2933093791821526
60,0.09859154929577466,10.41258764834357
60,0.1056338028169014,18.201907025439642
60,0.11267605633802817,8.539516383425253
60,0.11971830985915494,9.794371599134793
60,0.1267605633802817,10.61702740750438
60,0.13380281690140847,11.654337604545086
60,0.14084507042253522,2.6402906084448876
60,0.14788732394366197,12.714608572036433
60,0.15492957746478875,8.36741002442777
60,0.1619718309859155,1.9382294854853832
60,0.16901408450704225,8.661016634779404
60,0.17605633802816903,2.9578800972489505
60,0.18309859154929578,10.232895848023722
60,0.19014084507042253,10.512886525430192
60,0.1971830985915493,5.876210327639441
60,0.20422535211267606,6.919452467456927
60,0.2112676056338028,9.934153680032043
60,0.2183098591549296,3.9542588574915136
60,0.22535211267605634,18.087583139645623
60,0.2323943661971831,12.914016978841865
60,0.23943661971830987,8.985635290167709
60,0.24647887323943662,9.768815311592878
60,0.2535211267605634,5.198201354075089
60,0.2605633802816901,15.416458065173591
60,0.26760563380281693,17.390796788566945
60,0.2746478873239437,7.281969146195118
60,0.28169014084507044,3.3182166283792274
60,0.2887323943661972,5.526197645797632
60,0.29577464788732394,5.493677920105069
60,0.3028169014084507,11.89152284618776
60,0.3098591549295775,10.220919482472931
60,0.31690140845070425,7.398441621498416
60,0.323943661971831,4.166982199578056
60,0.33098591549295775,10.328914741610188
60,0.3380281690140845,13.347807397156739
60,0.34507042253521125,14.719451390289134
60,0.35211267605633806,2.759356202453835
60,0.3591549295774648,14.88908540476071
60,0.36619718309859156,13.377231416282777
60,0.3732394366197183,23.008861836854337
60,0.38028169014084506,11.707765674305554
60,0.3873239436619718,15.860276951252409
60,0.3943661971830986,8.802321146739672
60,0.4014084507042254,1.9518186361396923
60,0.4084507042253521,10.414776722426948
60,0.4154929577464789,8.529484930962111
60,0.4225352112676056,13.771566801910188
60,0.4295774647887324,4.8416555825045275
60,0.4366197183098592,12.82728659998608
60,0.44366197183098594,8.094683010647081
60,0.4507042253521127,17.86871343138823
60,0.45774647887323944,11.877299183331843
60,0.4647887323943662,2.1419399466959317
60,0.471830985915493,6.9785263397453
60,0.47887323943661975,6.945587317793189
60,0.4859154929577465,20.54455821178284
60,0.49295774647887325,12.213445305085642
61,0.0,9.769962616701378e-15
61,0.00684931506849315,12.149616286047635
61,0.0136986301369863,14.52770779782719
61,0.02054794520547945,11.263168551790596
61,0.0273972602739726,21.01322968012957
61,0.03424657534246575,13.431827254108072
61,0.0410958904109589,12.612029905248571
61,0.04794520547945205,26.447286219996656
61,0.0547945205479452,16.03056316901884
61,0.06164383561643835,2.627719189273835
61,0.0684931506849315,11.37517044328726
61,0.07534246575342465,16.009813648538504
61,0.0821917808219178,1.2969866024763705
61,0.08904109589041095,19.14617463475434
61,0.0958904109589041,16.279444857200136
61,0.10273972602739725,15.968501409517936
61,0.1095890410958904,8.982335390685275
61,0.11643835616438356,5.675400132602628
61,0.1232876712328767,7.22542006662065
61,0.13013698630136986,13.741673879336869
61,0.136986301369863,10.478539779240158
61,0.14383561643835616,7.328359282067156
61,0.1506849315068493,13.341531770922458
61,0.15753424657534246,15.396949871747497
61,0.1643835616438356,11.398998438821426
61,0.17123287671232876,10.035031493006432
61,0.1780821917808219,3.370367650257458
61,0.18493150684931506,8.317438341969941
61,0.1917808219178082,6.393301503871194
61,0.19863013698630136,10.65749156896064
61,0.2054794520547945,9.040130955912502
61,0.21232876712328766,12.619889248235204
61,0.2191780821917808,12.539899880092053
61,0.22602739726027396,9.490153622537758
61,0.2328767123287671,11.62407192452227
61,0.23972602739726026,6.419508563544662
61,0.2465753424657534,7.7694882700436025
61,0.2534246575342466,5.467391676004277
61,0.2602739726027397,6.886049233441971
61,0.26712328767123283,19.511647516203748
61,0.273972602739726,9.190853376720646
61,0.2808219178082192,12.415123572161079
61,0.2876712328767123,15.42491403451183
61,0.29452054794520544,19.548337593765453
61,0.3013698630136986,10.238841422417275
61,0.3082191780821918,6.551279804124463
61,0.3150684931506849,13.826227272613156
61,0.32191780821917804,3.3264920070589925
61,0.3287671232876712,11.962427533142211
61,0.3356164383561644,9.429327667613615
61,0.3424657534246575,2.729132642558674
61,0.34931506849315064,18.896281422026863
61,0.3561643835616438,11.245545667459014
61,0.363013698630137,15.53966626009909
61,0.3698630136986301,8.389602549841392
61,0.37671232876712324,11.16178318706606
61,0.3835616438356164,13.577529594893193
61,0.3904109589041096,11.294459061933397
61,0.3972602739726027,7.766324872828995
61,0.40410958904109584,14.53771001396389
61,0.410958904109589,9.74632568398544
61,0.4178082191780822,16.218634236403137
61,0.4246575342465753,3.1331594781092025
61,0.43150684931506844,1.1191446621891934
61,0.4383561643835616,9.673748773210187
61,0.4452054794520548,12.382146045347797
61,0.4520547945205479,4.639488521371741
61,0.45890410958904104,8.704866506270308
61,0.4657534246575342,15.954347475648413
61,0.4726027397260274,10.963196490255246
61,0.4794520547945205,12.339035603065792
61,0.48630136986301364,17.602799304802463
61,0.4931506849315068,8.328493968892134
62,0.0,1.0658141036401503e-14
62,0.007142857142857143,20.93943490738412
62,0.014285714285714285,29.548580463676362
62,0.02142857142857143,17.154602679909864
62,0.02857142857142857,8.454242688738375
62,0.03571428571428571,12.905175310430277
62,0.04285714285714286,12.355041134197853
62,0.049999999999999996,13.649791135124524
62,0.05714285714285714,10.610117634858208
62,0.06428571428571428,6.6584570174279305
62,0.07142857142857142,9.771953386483617
62,0.07857142857142857,9.911566015542665
62,0.08571428571428572,4.518746917343397
62,0.09285714285714286,10.375077086701143
62,0.09999999999999999,5.561554075954923
62,0.10714285714285714,6.149630794267679
62,0.11428571428571428,12.323487981814159
62,0.12142857142857143,11.149175892205875
62,0.12857142857142856,6.248352512651369
62,0.1357142857142857,11.258461933862083
62,0.14285714285714285,13.786916079984849
62,0.15,11.612268546633496
62,0.15714285714285714,6.554575033098861
62,0.16428571428571428,17.762235422201943
62,0.17142857142857143,9.336167282520378
62,0.17857142857142858,7.821866777057141
62,0.18571428571428572,7.344352228256589
62,0.19285714285714284,13.25445769082632
62,0.19999999999999998,7.372121934891623
62,0.20714285714285713,5.891342362319838
62,0.21428571428571427,5.503819188348976
62,0.22142857142857142,7.979133422512341
62,0.22857142857142856,10.597873892592766
62,0.2357142857142857,10.728983735935325
62,0.24285714285714285,1.8557927751763592
62,0.25,8.414911185908762
62,0.2571428571428571,4.928305859097302
62,0.2642857142857143,9.157404506161315
62,0.2714285714285714,12.635506517314477
62,0.2785714285714286,16.369295240801907
62,0.2857142857142857,11.960995078712825
62,0.29285714285714287,15.13536463389718
62,0.3,9.008573026794174
62,0.3071428571428571,17.896131721936936
62,0.3142857142857143,8.004328624362678
62,0.3214285714285714,15.76929067825655
62,0.32857142857142857,5.4430753789135276
62,0.3357142857142857,23.943971548534442
62,0.34285714285714286,7.19288600256663
62,0.35,10.53296837659285
62,0.35714285714285715,13.909077749098268
62,0.36428571428571427,13.36439128339302
62,0.37142857142857144,20.953147644886943
62,0.37857142857142856,4.0456959491644575
62,0.3857142857142857,15.215969310132133
62,0.39285714285714285,13.032745427049463
62,0.39999999999999997,10.948287918759362
62,0.40714285714285714,4.439197975794153
62,0.41428571428571426,7.884164555400316
62,0.42142857142857143,4.873580385783237
62,0.42857142857142855,8.924287491331434
62,0.4357142857142857,12.984891257144346
62,0.44285714285714284,14.13083101757269
62,0.45,10.54197404848173
62,0.45714285714285713,6.116947027761181
62,0.46428571428571425,11.543819194398905
62,0.4714285714285714,8.326991603386707
62,0.47857142857142854,18.881734018054125
62,0.4857142857142857,1.4219755384001354
62,0.4928571428571428,5.788926585483738
63,0.0,1.84297022087776e-14
63,0.0072992700729927005,22.529891310202814
63,0.014598540145985401,19.03948113793273
63,0.021897810218978103,20.3367444644167
63,0.029197080291970802,6.126887540732385
63,0.0364963503649635,8.278033677006452
63,0.043795620437956206,5.025124539605225
63,0.051094890510948905,22.418330247870635
63,0.058394160583941604,12.705754933104844
63,0.06569343065693431,19.263320773542883
63,0.072992700729927,21.22814891958283
63,0.08029197080291971,3.080887048092704
63,0.08759124087591241,2.264513026166173
63,0.0948905109489051,3.68785618155419
63,0.10218978102189781,17.578730188615893
63,0.1094890510948905,1.1408196111172906
63,0.11678832116788321,9.53084166442771
63,0.12408759124087591,13.49993326840683
63,0.13138686131386862,11.344611308032656
63,0.1386861313868613,10.978412999944956
63,0.145985401459854,6.7138202897278525
63,0.15328467153284672,12.005505808639859
63,0.16058394160583941,9.409334906161446
63,0.1678832116788321,10.361830516962698
63,0.17518248175182483,12.637352331276245
63,0.18248175182481752,6.559997206560891
63,0.1897810218978102,9.5579169609557
63,0.1970802919708029,9.953293019466207
63,0.20437956204379562,16.36107108856456
63,0.2116788321167883,6.342527369458775
63,0.218978102189781,4.253354280753051
63,0.22627737226277372,8.239739487312384
63,0.23357664233576642,9.24832852907907
63,0.2408759124087591,12.120962439436676
63,0.24817518248175183,16.55347388412986
63,0.2554744525547445,20.3986792592271
63,0.26277372262773724,23.44039347003323
63,0.27007299270072993,8.77439206091613
63,0.2773722627737226,16.220964241413547
63,0.2846715328467153,10.196708964235013
63,0.291970802919708,8.62340491661948
63,0.2992700729927007,10.811041710621868
63,0.30656934306569344,8.649674785550317
63,0.31386861313868614,11.16983131364038
63,0.32116788321167883,5.883346734015792
63,0.3284671532846715,22.08996910044348
63,0.3357664233576642,9.067281106703529
63,0.3430656934306569,6.587695926245475
63,0.35036496350364965,4.940811032606369
63,0.35766423357664234,15.859463302325075
63,0.36496350364963503,6.233780511739571
63,0.3722627737226277,5.752867017734667
63,0.3795620437956204,7.003833568174715
63,0.3868613138686131,1.6502713855663027
63,0.3941605839416058,11.83809671412638
63,0.40145985401459855,1.59096688581843
63,0.40875912408759124,6.613038356082873
63,0.41605839416058393,10.013122597149884
63,0.4233576642335766,9.404501700507685
63,0.4306569343065693,10.956318258526665
63,0.437956204379562,6.946203892419459
63,0.44525547445255476,5.214323754788988
63,0.45255474452554745,9.432769898429889
63,0.45985401459854014,2.010408447389193
63,0.46715328467153283,7.7065988401918375
63,0.4744525547445255,16.697095877554002
63,0.4817518248175182,6.571283643560094
63,0.4890510948905109,7.035283639710689
63,0.49635036496350365,1.2225308912895405
64,0.0,4.440892098500626e-15
64,0.0070921985815602835,15.804682340071837
64,0.014184397163120567,26.911049572865764
64,0.02127659574468085,20.299074250559276
64,0.028368794326241134,4.837166770941695
64,0.035460992907801414,16.932444915541303
64,0.0425531914893617,7.870622309656348
64,0.04964539007092199,14.212879902753116
64,0.05673758865248227,18.955369635064894
64,0.06382978723404255,15.621765408004572
64,0.07092198581560283,9.584823382521446
64,0.07801418439716312,15.209225908269046
64,0.0851063829787234,2.5496810515627897
64,0.09219858156028368,6.877466903747453
64,0.09929078014184398,11.294924144540193
64,0.10638297872340426,17.233434556057816
64,0.11347517730496454,8.53057338711616
64,0.12056737588652482,12.55843053750272
64,0.1276595744680851,6.896438643891081
64,0.1347517730496454,9.287305503165916
64,0.14184397163120566,8.390795353353816
64,0.14893617021276595,6.60492159240658
64,0.15602836879432624,16.258615647030066
64,0.1631205673758865,14.135271963689734
64,0.1702127659574468,8.672572993810784
64,0.1773049645390071,4.943789217592658
64,0.18439716312056736,13.870106526585785
64,0.19148936170212766,4.525211891503931
64,0.19858156028368795,10.456497767173655
64,0.20567375886524822,15.609204351697473
64,0.2127659574468085,1.9291654847534245
64,0.21985815602836878,13.865623113776754
64,0.22695035460992907,5.771248648274526
64,0.23404255319148937,6.966244657495761
64,0.24113475177304963,4.820994294621572
64,0.24822695035460993,12.648250257908774
64,0.2553191489361702,5.992385202463756
64,0.2624113475177305,13.728447984866165
64,0.2695035460992908,12.910155403642586
64,0.2765957446808511,2.844604445092112
64,0.2836879432624113,6.658872699327333
64,0.2907801418439716,11.788120911586072
64,0.2978723404255319,2.9460848797652313
64,0.3049645390070922,10.338315428685464
64,0.3120567375886525,11.005461575630394
64,0.3191489361702128,9.460897442994911
64,0.326241134751773,4.150726842068281
64,0.3333333333333333,7.715918005515489
64,0.3404255319148936,11.900049438736703
64,0.3475177304964539,5.694580225012996
64,0.3546099290780142,6.187715678077731
64,0.36170212765957444,4.7175101968054145
64,0.36879432624113473,8.609801531395496
64,0.375886524822695,7.577551571968898
64,0.3829787234042553,16.180134994617372
64,0.3900709219858156,13.716016122061449
64,0.3971631205673759,18.29810240338737
64,0.40425531914893614,18.48407262761401
64,0.41134751773049644,12.068352320408847
64,0.41843971631205673,16.157699278773087
64,0.425531914893617,3.974213067230187
64,0.4326241134751773,17.6696431091534
64,0.43971631205673756,10.576854633632466
64,0.44680851063829785,11.757413540426308
64,0.45390070921985815,6.12004172730492
64,0.46099290780141844,11.285001356968351
64,0.46808510638297873,5.879170595201752
64,0.47517730496453897,13.458829134589838
64,0.48226950354609927,13.064187917649724
64,0.48936170212765956,16.571813821251574
64,0.49645390070921985,14.761487378349422
65,0.0,8.881784197001252e-16
65,0.006802721088435374,9.349620797006876
65,0.013605442176870748,26.54126500501514
65,0.02040816326530612,15.265552222543484
65,0.027210884353741496,27.623146860272154
65,0.03401360544217687,22.405576759930383
65,0.04081632653061224,16.475606799833233
65,0.047619047619047616,19.685524396640567
65,0.05442176870748299,15.105139681177922
65,0.061224489795918366,15.13623511097662
65,0.06802721088435373,20.971502421323123
65,0.07482993197278912,4.074629123352556
65,0.08163265306122448,14.260050494843457
65,0.08843537414965986,8.55199835005672
65,0.09523809523809523,19.60298397042794
65,0.10204081632653061,5.988307315008535
65,0.10884353741496598,8.756150040586885
65,0.11564625850340135,2.204772158314821
65,0.12244897959183673,7.3494325216852845
65,0.1292517006802721,7.294284687149393
65,0.13605442176870747,11.705987000180205
65,0.14285714285714285,5.3830923654708585
65,0.14965986394557823,12.153226372895865
65,0.1564625850340136,20.337492286899977
65,0.16326530612244897,14.917826009622106
65,0.17006802721088435,14.526586678637374
65,0.17687074829931973,8.937641089312436
65,0.18367346938775508,8.172544612506476
65,0.19047619047619047,5.345114944733555
65,0.19727891156462585,11.421535589553121
65,0.20408163265306123,12.527591615516346
65,0.21088435374149658,3.6987271575395178
65,0.21768707482993196,2.7235487393148867
65,0.22448979591836735,9.975264500730153
65,0.2312925170068027,3.760373461727961
65,0.23809523809523808,10.508233276249324
65,0.24489795918367346,6.515653954306662
65,0.25170068027210885,7.653061291528711
65,0.2585034013605442,13.568633271407101
65,0.2653061224489796,3.660897515290886
65,0.27210884353741494,5.110559262909642
65,0.2789115646258503,2.5834166793277604
65,0.2857142857142857,10.056355655242555
65,0.2925170068027211,13.665067474162846
65,0.29931972789115646,8.171928526185887
65,0.30612244897959184,9.040142248834698
65,0.3129251700680272,10.776147906675805
65,0.31972789115646255,14.466677393177086
65,0.32653061224489793,10.301264722733238
65,0.3333333333333333,13.5719225266302
65,0.3401360544217687,8.476181975487135
65,0.3469387755102041,7.806852369707172
65,0.35374149659863946,12.849722659012407
65,0.36054421768707484,9.764471142228167
65,0.36734693877551017,6.106473330028108
65,0.37414965986394555,7.264523410606784
65,0.38095238095238093,2.224197246417992
65,0.3877551020408163,5.848600339812538
65,0.3945578231292517,1.8728804877189589
65,0.4013605442176871,25.047645922460084
65,0.40816326530612246,16.518607305825245
65,0.4149659863945578,6.938382572081795
65,0.42176870748299317,10.594488556657188
65,0.42857142857142855,13.041453811778661
65,0.43537414965986393,5.102204771718569
65,0.4421768707482993,9.977854668653606
65,0.4489795918367347,9.496915281690635
65,0.4557823129251701,12.405336634690075
65,0.4625850340136054,6.782440126898333
65,0.4693877551020408,11.235507111546436
65,0.47619047619047616,5.00282695688944
65,0.48299319727891155,20.95997878460437
65,0.4897959183673469,3.017787179200941
65,0.4965986394557823,5.689446545199036
66,0.0,1.1546319456101628e-14
66,0.006578947368421052,27.767702111240887
66,0.013157894736842105,10.306934168796587
66,0.019736842105263157,22.818716715281916
66,0.02631578947368421,21.976449549650386
66,0.03289473684210526,21.65299960631621
66,0.039473684210526314,8.286179154346089
66,0.046052631578947366,24.931449827482115
66,0.05263157894736842,16.5728776603623
66,0.05921052631578947,11.987816139272063
66,0.06578947368421052,8.209428267596317
66,0.07236842105263158,15.541533104199576
66,0.07894736842105263,20.7527432511504
66,0.08552631578947367,11.0487936350864
66,0.09210526315789473,11.597475335210312
66,0.09868421052631579,22.93869027866995
66,0.10526315789473684,2.627502942286792
66,0.11184210526315788,8.574356023955609
66,0.11842105263157894,10.215560161531412
66,0.125,12.55046720237769
66,0.13157894736842105,14.287728938455334
66,0.1381578947368421,15.660363702606585
66,0.14473684210526316,11.291901830909293
66,0.1513157894736842,8.658199476828878
66,0.15789473684210525,0.6263596396214217
66,0.1644736842105263,11.414747442066652
66,0.17105263157894735,9.954993504646922
66,0.17763157894736842,0.7538372017970256
66,0.18421052631578946,10.914185217140396
66,0.1907894736842105,9.91686906899649
66,0.19736842105263158,11.874718578109816
66,0.20394736842105263,8.085822690525132
66,0.21052631578947367,8.462250071337685
66,0.21710526315789472,6.955753944458384
66,0.22368421052631576,14.067464469787666
66,0.23026315789473684,3.770043209880149
66,0.23684210526315788,6.0370316769559915
66,0.24342105263157893,7.1906582459575965
66,0.25,16.59626150083523
66,0.256578947368421,2.1707367750516777
66,0.2631578947368421,8.666578651007052
66,0.26973684210526316,15.951221427513916
66,0.2763157894736842,1.9510795403228136
66,0.28289473684210525,4.602889388359785
66,0.2894736842105263,7.88387670974514
66,0.29605263157894735,12.54418112308386
66,0.3026315789473684,6.1536664192482675
66,0.30921052631578944,9.159218610382855
66,0.3157894736842105,9.779283972354765
66,0.3223684210526316,6.535778984693157
66,0.3289473684210526,6.236066079015271
66,0.3355263157894737,4.93802823842729
66,0.3421052631578947,17.80960994676379
66,0.34868421052631576,14.330277970535779
66,0.35526315789473684,3.4542102057651154
66,0.36184210526315785,12.351376416680363
66,0.3684210526315789,17.728762821196742
66,0.375,6.8490317562821605
66,0.381578947368421,2.8440042239201797
66,0.3881578947368421,10.013356613028689
66,0.39473684210526316,22.26408103987807
66,0.4013157894736842,8.101157298674442
66,0.40789473684210525,4.372302135495555
66,0.41447368421052627,11.172044261963524
66,0.42105263157894735,20.887661619447943
66,0.4276315789473684,11.416897745845036
66,0.43421052631578944,3.525503654109353
66,0.4407894736842105,11.511641635481393
66,0.4473684210526315,14.74455835697686
66,0.4539473684210526,2.9927022076524032
66,0.4605263157894737,3.633948370858074
66,0.4671052631578947,10.796670614091047
66,0.47368421052631576,3.977340866909375
66,0.48026315789473684,11.211101371280865
66,0.48684210526315785,8.028571306793621
66,0.4934210526315789,9.064404017419875
67,0.0,7.993605777301127e-15
67,0.006993006993006993,28.810685189718846
67,0.013986013986013986,26.87016807581834
67,0.02097902097902098,16.02148072643115
67,0.027972027972027972,26.110991246537484
67,0.03496503496503497,16.16824700314803
67,0.04195804195804196,17.65066115853287
67,0.04895104895104895,7.161364980024567
67,0.055944055944055944,11.040462215091397
67,0.06293706293706294,11.968760369758812
67,0.06993006993006994,19.509411957469503
67,0.07692307692307693,19.13536581326972
67,0.08391608391608392,11.53918602771968
67,0.09090909090909091,14.249537124215953
67,0.0979020979020979,12.947273113057884
67,0.1048951048951049,9.529214573372212
67,0.11188811188811189,9.926353989766492
67,0.11888111888111888,4.69642538807467
67,0.1258741258741259,5.54531801933068
67,0.13286713286713286,8.088254742421851
67,0.13986013986013987,18.563989866857852
67,0.14685314685314685,6.072848758170963
67,0.15384615384615385,8.954376856158625
67,0.16083916083916083,10.52745758222624
67,0.16783216783216784,9.532914225351863
67,0.17482517482517482,6.821399517031679
67,0.18181818181818182,5.360546543033525
67,0.1888111888111888,10.182793148397844
67,0.1958041958041958,8.42690517393696
67,0.20279720279720279,6.682712164543841
67,0.2097902097902098,22.05540938108144
67,0.21678321678321677,15.29895241744111
67,0.22377622377622378,1.559206339860453
67,0.23076923076923078,6.661926307394995
67,0.23776223776223776,5.953879165563131
67,0.24475524475524477,16.416163482971836
67,0.2517482517482518,7.63467961292035
67,0.25874125874125875,3.3339896971352103
67,0.26573426573426573,13.418431832797138
67,0.2727272727272727,10.522062528973274
67,0.27972027972027974,12.002430568263739
67,0.2867132867132867,5.826337935235788
67,0.2937062937062937,10.233054531571579
67,0.3006993006993007,4.048521458836384
67,0.3076923076923077,10.000770931325528
67,0.3146853146853147,1.9273841849725541
67,0.32167832167832167,10.998967220304644
67,0.32867132867132864,4.577889064266489
67,0.3356643356643357,15.106894728091545
67,0.34265734265734266,3.3724864373667938
67,0.34965034965034963,21.17239795811799
67,0.35664335664335667,10.209566263163536
67,0.36363636363636365,9.744976024009123
67,0.3706293706293706,5.024533513406842
67,0.3776223776223776,9.627317020921698
67,0.38461538461538464,4.505901485747624
67,0.3916083916083916,3.8251573378733337
67,0.3986013986013986,7.642231527778224
67,0.40559440559440557,6.382699236652365
67,0.4125874125874126,12.585787126029034
67,0.4195804195804196,12.232317774383336
67,0.42657342657342656,3.783787304132381
67,0.43356643356643354,5.603782363350316
67,0.4405594405594406,13.242913896133544
67,0.44755244755244755,12.46003952601437
67,0.45454545454545453,9.55849747136343
67,0.46153846153846156,3.895770771893207
67,0.46853146853146854,8.2898127345868
67,0.4755244755244755,10.144211162696761
67,0.4825174825174825,4.841292902753639
67,0.48951048951048953,13.845709205813764
67,0.4965034965034965,5.867045931421433
68,0.0,1.3322676295501878e-15
68,0.00684931506849315,20.615768795987695
68,0.0136986301369863,19.056532566501257
68,0.02054794520547945,24.250337936900305
68,0.0273972602739726,13.30188273988532
68,0.03424657534246575,17.75044663067344
68,0.0410958904109589,29.946540111895626
68,0.04794520547945205,11.965955236266675
68,0.0547945205479452,20.658499390812327
68,0.06164383561643835,15.651990327103569
68,0.0684931506849315,7.440346675809628
68,0.07534246575342465,6.194492661532022
68,0.0821917808219178,11.37602339556231
68,0.08904109589041095,14.69273238863283
68,0.0958904109589041,19.941991423752302
68,0.10273972602739725,5.912100899727682
68,0.1095890410958904,8.52064182376107
68,0.11643835616438356,11.06080875217162
68,0.1232876712328767,8.35717953940407
68,0.13013698630136986,3.976194766973156
68,0.136986301369863,7.629961394121784
68,0.14383561643835616,5.663996017161889
68,0.1506849315068493,7.0945056742539405
68,0.15753424657534246,5.678045393130745
68,0.1643835616438356,11.334386334601586
68,0.17123287671232876,8.687584828542892
68,0.1780821917808219,14.39530128374763
68,0.18493150684931506,7.453089667657598
68,0.1917808219178082,10.557113752820406
68,0.19863013698630136,7.189760102834168
68,0.2054794520547945,6.416780808286308
68,0.21232876712328766,5.635973366633381
68,0.2191780821917808,10.710449663153895
68,0.22602739726027396,8.979219114285293
68,0.2328767123287671,17.315987706823933
68,0.23972602739726026,6.294353455821911
68,0.2465753424657534,12.259512620861024
68,0.2534246575342466,12.31726912633645
68,0.2602739726027397,4.384648047598397
68,0.26712328767123283,5.326258383930179
68,0.273972602739726,16.6899126892055
68,0.2808219178082192,15.87851248114153
68,0.2876712328767123,3.641807436128653
68,0.29452054794520544,11.155688070712781
68,0.3013698630136986,13.291463273829246
68,0.3082191780821918,6.072692109939413
68,0.3150684931506849,22.42268173177806
68,0.32191780821917804,6.838672086292995
68,0.3287671232876712,0.6403537884806884
68,0.3356164383561644,20.521335425609305
68,0.3424657534246575,15.962414536584625
68,0.34931506849315064,6.184110444553885
68,0.3561643835616438,13.947363675056375
68,0.363013698630137,7.0913916799584085
68,0.3698630136986301,6.940587123304881
68,0.37671232876712324,14.115819100798646
68,0.3835616438356164,5.55045355986661
68,0.3904109589041096,4.495260195374761
68,0.3972602739726027,14.65717718415143
68,0.40410958904109584,10.158149219845406
68,0.410958904109589,14.296725453674444
68,0.4178082191780822,1.4947033171818738
68,0.4246575342465753,8.770391355628602
68,0.43150684931506844,15.586733713078829
68,0.4383561643835616,11.946430125855102
68,0.4452054794520548,8.289037369082303
68,0.4520547945205479,11.492625107632321
68,0.45890410958904104,7.129905588832315
68,0.4657534246575342,4.868731043727757
68,0.4726027397260274,1.9416274551633295
68,0.4794520547945205,5.103112047333373
68,0.48630136986301364,11.279934514666028
68,0.4931506849315068,7.173286320747215
69,0.0,8.881784197001252e-16
69,0.006802721088435374,29.289066224945216
69,0.013605442176870748,35.24679827924807
69,0.02040816326530612,10.407302206852288
69,0.027210884353741496,18.029186832960615
69,0.03401360544217687,9.041494664071257
69,0.04081632653061224,9.219844460478377
69,0.047619047619047616,11.54559632990351
69,0.05442176870748299,16.162732768737353
69,0.061224489795918366,8.873340930944591
69,0.06802721088435373,17.474416113140105
69,0.07482993197278912,8.024800443293689
69,0.08163265306122448,13.875146394321991
69,0.08843537414965986,14.038546581023423
69,0.09523809523809523,18.995817669864078
69,0.10204081632653061,13.293892084558271
69,0.10884353741496598,10.88719501263676
69,0.11564625850340135,11.081849688088024
69,0.12244897959183673,17.75357832564634
69,0.1292517006802721,2.3950508972182196
69,0.13605442176870747,13.135494020593685
69,0.14285714285714285,11.157393931674438
69,0.14965986394557823,11.807511614938958
69,0.1564625850340136,9.620467705463293
69,0.16326530612244897,3.1037178427742917
69,0.17006802721088435,14.215107833359223
69,0.17687074829931973,8.629142491516287
69,0.18367346938775508,19.033664020760963
69,0.19047619047619047,6.1599667832082226
69,0.19727891156462585,13.641417615960044
69,0.20408163265306123,1.6560271807471239
69,0.21088435374149658,2.883968665224531
69,0.21768707482993196,10.560903959378935
69,0.22448979591836735,4.397812484991207
69,0.2312925170068027,4.681397530410543
69,0.23809523809523808,15.769191147169847
69,0.24489795918367346,2.1660134210642985
69,0.25170068027210885,14.553594430862685
69,0.2585034013605442,12.103442441885502
69,0.2653061224489796,22.06396790559305
69,0.27210884353741494,6.851993581861398
69,0.2789115646258503,5.632569109161325
69,0.2857142857142857,14.317975544318225
69,0.2925170068027211,8.960274145091395
69,0.29931972789115646,12.936876357345955
69,0.30612244897959184,14.509445289807179
69,0.3129251700680272,3.796675203234509
69,0.31972789115646255,3.3733233141270613
69,0.32653061224489793,13.545169155775406
69,0.3333333333333333,11.985983696405404
69,0.3401360544217687,6.747495647544553
69,0.3469387755102041,9.285907338799518
69,0.35374149659863946,8.8249731183535
69,0.36054421768707484,9.2655318242896
69,0.36734693877551017,11.671037269210608
69,0.37414965986394555,5.9452899019828855
69,0.38095238095238093,7.517008233518369
69,0.3877551020408163,11.544066556112933
69,0.3945578231292517,5.683970824424516
69,0.4013605442176871,3.361103619893525
69,0.40816326530612246,20.946267895684915
69,0.4149659863945578,3.533727919660365
69,0.42176870748299317,9.78547511340565
69,0.42857142857142855,11.292013026305243
69,0.43537414965986393,5.7206049124344975
69,0.4421768707482993,9.534808200782072
69,0.4489795918367347,1.7843443435515445
69,0.4557823129251701,9.716618638927272
69,0.4625850340136054,8.682467052066384
69,0.4693877551020408,7.036536389396855
69,0.47619047619047616,14.222155826095873
69,0.48299319727891155,0.819370065103263
69,0.4897959183673469,5.364389528225281
69,0.4965986394557823,7.769727121304864
70,0.0,7.105427357601002e-15
70,0.006993006993006993,17.052119075765113
70,0.013986013986013986,22.33234459369072
70,0.02097902097902098,8.766656033224333
70,0.027972027972027972,13.71867795868899
70,0.03496503496503497,20.232706905912096
70,0.04195804195804196,18.103312056837183
70,0.04895104895104895,20.172707125393888
70,0.055944055944055944,13.55910981980248
70,0.06293706293706294,4.155529870023341
70,0.06993006993006994,14.493446279264193
70,0.07692307692307693,1.4403747965335822
70,0.08391608391608392,6.454765621283619
70,0.09090909090909091,10.08207728888401
70,0.0979020979020979,10.773476709336862
70,0.1048951048951049,5.573876536593754
70,0.11188811188811189,5.335599233123352
70,0.11888111888111888,3.129323645135731
70,0.1258741258741259,4.527622537693184
70,0.13286713286713286,16.481287422100575
70,0.13986013986013987,3.2100464068604975
70,0.14685314685314685,10.444412250829853
70,0.15384615384615385,11.053424699796118
70,0.16083916083916083,4.665996388603994
70,0.16783216783216784,12.837465096447547
70,0.17482517482517482,3.911916183477094
70,0.18181818181818182,15.074230601425205
70,0.1888111888111888,20.503138336116763
70,0.1958041958041958,3.043085955611723
70,0.20279720279720279,7.039932747535523
70,0.2097902097902098,11.48697367860777
70,0.21678321678321677,12.821557352021804
70,0.22377622377622378,11.571667531648425
70,0.23076923076923078,2.8636436727154218
70,0.23776223776223776,4.078935438677067
70,0.24475524475524477,8.984717395299167
70,0.2517482517482518,17.587265722283995
70,0.25874125874125875,16.344176006205632
70,0.26573426573426573,8.606882133664145
70,0.2727272727272727,10.68404258892246
70,0.27972027972027974,16.708817095605447
70,0.2867132867132867,13.308098877061141
70,0.2937062937062937,15.630172187574766
70,0.3006993006993007,4.465951865548168
70,0.3076923076923077,13.385294992505697
70,0.3146853146853147,1.6127293047406266
70,0.32167832167832167,10.27559741987698
70,0.32867132867132864,15.331937803672163
70,0.3356643356643357,11.303284385511313
70,0.34265734265734266,17.33087331953852
70,0.34965034965034963,9.072233612397484
70,0.35664335664335667,2.3126009521399693
70,0.36363636363636365,8.059733945322206
70,0.3706293706293706,16.405165192809903
70,0.3776223776223776,17.38995389384154
70,0.38461538461538464,4.194510520916989
70,0.3916083916083916,6.642876243028979
70,0.3986013986013986,17.694814373128544
70,0.40559440559440557,19.563643117523164
70,0.4125874125874126,12.84649717585586
70,0.4195804195804196,6.560526158943801
70,0.42657342657342656,13.613818176960903
70,0.43356643356643354,11.48867722050427
70,0.4405594405594406,15.284790085996903
70,0.44755244755244755,6.681737974236938
70,0.45454545454545453,11.23358707062843
70,0.46153846153846156,5.4174894527387885
70,0.46853146853146854,6.727824723565939
70,0.4755244755244755,9.031101942208156
70,0.4825174825174825,1.7490306555086637
70,0.48951048951048953,2.2091613891887256
70,0.4965034965034965,17.16589754218593
71,0.0,1.1102230246251565e-16
71,0.006993006993006993,15.803011765804579
71,0.013986013986013986,14.64626345337772
71,0.02097902097902098,12.932542340709501
71,0.027972027972027972,4.686081830983435
71,0.03496503496503497,10.65843504454366
71,0.04195804195804196,3.469378675862117
71,0.04895104895104895,16.145433017576863
71,0.055944055944055944,17.359819629678565
71,0.06293706293706294,4.211029470979566
71,0.06993006993006994,12.305661882453329
71,0.07692307692307693,7.9910383367190425
71,0.08391608391608392,9.397957969438766
71,0.09090909090909091,5.36595756231316
71,0.0979020979020979,16.868885693982605
71,0.1048951048951049,2.7673877488556258
71,0.11188811188811189,18.65126448805776
71,0.11888111888111888,9.033746694188443
71,0.1258741258741259,5.968698267081155
71,0.13286713286713286,2.979115033470701
71,0.13986013986013987,18.211918767347562
71,0.14685314685314685,6.560919752288585
71,0.15384615384615385,14.889840389824222
71,0.16083916083916083,14.110510973781354
71,0.16783216783216784,9.31123839861438
71,0.17482517482517482,14.387083628607721
71,0.18181818181818182,16.800176073358102
71,0.1888111888111888,3.9085031779088135
71,0.1958041958041958,8.958621330502762
71,0.20279720279720279,2.9622096436052865
71,0.2097902097902098,12.962923900898941
71,0.21678321678321677,6.205411296200965
71,0.22377622377622378,12.346647332456335
71,0.23076923076923078,6.869815806096959
71,0.23776223776223776,12.378396402343034
71,0.24475524475524477,3.290184197648639
71,0.2517482517482518,18.077355193826893
71,0.25874125874125875,5.806655940864448
71,0.26573426573426573,14.941848671064264
71,0.2727272727272727,4.019622658920024
71,0.27972027972027974,9.74579098571478
71,0.2867132867132867,8.66352372387417
71,0.2937062937062937,6.984728381895941
71,0.3006993006993007,13.598513252436401
71,0.3076923076923077,10.660476291533605
71,0.3146853146853147,13.972794494021384
71,0.32167832167832167,26.344860469896297
71,0.32867132867132864,5.709604317958222
71,0.3356643356643357,15.362252747676761
71,0.34265734265734266,13.515053509381227
71,0.34965034965034963,10.36971916374772
71,0.35664335664335667,2.8843146239194914
71,0.36363636363636365,12.48159123510858
71,0.3706293706293706,5.79714098189573
71,0.3776223776223776,2.909854643737692
71,0.38461538461538464,5.502503029107444
71,0.3916083916083916,9.93233595674713
71,0.3986013986013986,8.54456987479604
71,0.40559440559440557,6.128838262837812
71,0.4125874125874126,8.199028133786685
71,0.4195804195804196,14.22201403678199
71,0.42657342657342656,22.22134977895406
71,0.43356643356643354,19.817559392073075
71,0.4405594405594406,13.85562288085019
71,0.44755244755244755,14.628580691611344
71,0.45454545454545453,9.551818376281023
71,0.46153846153846156,11.93118124650758
71,0.46853146853146854,9.515867612032384
71,0.4755244755244755,5.78037092381093
71,0.4825174825174825,6.865106358438519
71,0.48951048951048953,12.43081630146941
71,0.4965034965034965,24.264204731659962
72,0.0,1.509903313490213e-14
72,0.0070921985815602835,20.084550848044742
72,0.014184397163120567,18.702338384270146
72,0.02127659574468085,7.992491604962968
72,0.028368794326241134,9.340548327367408
72,0.035460992907801414,22.167047512616712
72,0.0425531914893617,6.69605372033928
72,0.04964539007092199,21.62272675208573
72,0.05673758865248227,2.3887826570288513
72,0.06382978723404255,7.980957947906232
72,0.07092198581560283,18.126916486007648
72,0.07801418439716312,13.247507164411543
72,0.0851063829787234,21.961119097302305
72,0.09219858156028368,7.233000486659721
72,0.09929078014184398,17.226197056317236
72,0.10638297872340426,8.439748704494763
72,0.11347517730496454,12.05892782070544
72,0.12056737588652482,18.94630074075904
72,0.1276595744680851,4.742320935476358
72,0.1347517730496454,6.3186538271824935
72,0.14184397163120566,6.774411990709365
72,0.14893617021276595,10.67975402597799
72,0.15602836879432624,12.400517721431523
72,0.1631205673758865,10.932038889517791
72,0.1702127659574468,9.430129766793282
72,0.1773049645390071,7.332214930359448
72,0.18439716312056736,5.659473445139654
72,0.19148936170212766,24.8320467762466
72,0.19858156028368795,4.036642160504482
72,0.20567375886524822,12.42715764902832
72,0.2127659574468085,6.747447109689694
72,0.21985815602836878,6.977183418986336
72,0.22695035460992907,9.868865247066621
72,0.23404255319148937,4.44899514112178
72,0.24113475177304963,8.72727358099399
72,0.24822695035460993,15.176918162546325
72,0.2553191489361702,7.415641431106752
72,0.2624113475177305,6.433354760112908
72,0.2695035460992908,9.534830720067271
72,0.2765957446808511,1.7516163256747541
72,0.2836879432624113,17.604235810133083
72,0.2907801418439716,10.51673803623941
72,0.2978723404255319,7.422021651001905
72,0.3049645390070922,5.78534389371694
72,0.3120567375886525,15.310482181498214
72,0.3191489361702128,2.2492624424775625
72,0.326241134751773,11.759160712662261
72,0.3333333333333333,13.33547357842217
72,0.3404255319148936,11.21677492125748
72,0.3475177304964539,8.995185790843733
72,0.3546099290780142,16.279381986193503
72,0.36170212765957444,5.190362360002822
72,0.36879432624113473,5.466983395933643
72,0.375886524822695,11.962236515626545
72,0.3829787234042553,2.8222525981300217
72,0.3900709219858156,7.247223658537743
72,0.3971631205673759,11.148858640650548
72,0.40425531914893614,14.542058612937053
72,0.41134751773049644,9.227175378402105
72,0.41843971631205673,1.5480444759339822
72,0.425531914893617,8.105577702696452
72,0.4326241134751773,7.364937323954763
72,0.43971631205673756,16.745703162283085
72,0.44680851063829785,10.72361571365648
72,0.45390070921985815,21.799249284414596
72,0.46099290780141844,11.940985237296866
72,0.46808510638297873,2.5360711189972394
72,0.47517730496453897,10.293994090741652
72,0.48226950354609927,11.691744969780386
72,0.48936170212765956,8.263830137298017
72,0.49645390070921985,14.675116037315314
73,0.0,4.440892098500626e-16
73,0.006666666666666667,29.00031295152983
73,0.013333333333333334,25.75130929523385
73,0.02,32.579095874969134
73,0.02666666666666667,18.792482697769877
73,0.03333333333333333,16.505811850516917
73,0.04,13.780038238237694
73,0.04666666666666667,6.8465656479708015
73,0.05333333333333334,9.367589501428919
73,0.060000000000000005,2.6780281061788034
73,0.06666666666666667,10.093995633988701
73,0.07333333333333333,10.875171856673358
73,0.08,5.265670096737467
73,0.08666666666666667,11.3120256953466
73,0.09333333333333334,13.976078277724893
73,0.1,10.17228436350703
73,0.10666666666666667,16.656579341756014
73,0.11333333333333334,3.8624241173328664
73,0.12000000000000001,6.830052047904619
73,0.12666666666666668,6.24168030790744
73,0.13333333333333333,8.064519193659752
73,0.14,3.9503529781535973
73,0.14666666666666667,17.47367118187297
73,0.15333333333333335,15.474967159245653
73,0.16,14.196002415423978
73,0.16666666666666669,19.15535878129967
73,0.17333333333333334,10.538154348502069
73,0.18000000000000002,10.51373174599
73,0.18666666666666668,8.787442993065744
73,0.19333333333333336,7.855324962919331
73,0.2,6.465294145770166
73,0.2066666666666667,13.42596892727236
73,0.21333333333333335,6.270577322052767
73,0.22,9.332059049455857
73,0.22666666666666668,4.091256347053737
73,0.23333333333333334,6.981010370290175
73,0.24000000000000002,15.589435654665978
73,0.24666666666666667,9.212481252017417
73,0.25333333333333335,9.569496231377096
73,0.26,9.091120220823107
73,0.26666666666666666,1.1859043114863557
73,0.2733333333333334,3.3176630718116034
73,0.28,3.5977674683806184
73,0.2866666666666667,9.697138791615728
73,0.29333333333333333,11.513134404700992
73,0.30000000000000004,4.060724529843842
73,0.3066666666666667,8.374572551891026
73,0.31333333333333335,15.77660418758687
73,0.32,16.194587456208684
73,0.32666666666666666,18.989295003868232
73,0.33333333333333337,10.726044488077935
73,0.34,4.16597226718339
73,0.3466666666666667,11.85622021710882
73,0.35333333333333333,16.362913077787475
73,0.36000000000000004,2.680382058359008
73,0.3666666666666667,10.31456224883557
73,0.37333333333333335,10.851557392522167
73,0.38,10.16000417715985
73,0.3866666666666667,10.255672140708318
73,0.39333333333333337,8.437219368359548
73,0.4,7.930106814626803
73,0.4066666666666667,1.345665990758802
73,0.4133333333333334,10.13862851511771
73,0.42000000000000004,10.414946856599686
73,0.4266666666666667,7.764674538580346
73,0.43333333333333335,13.340807517359455
73,0.44,12.059194475340787
73,0.4466666666666667,16.341909696595376
73,0.45333333333333337,20.8348727647523
73,0.46,4.819667576423133
73,0.4666666666666667,14.17536743226209
73,0.4733333333333334,9.02604009239224
73,0.48000000000000004,9.127648913512745
73,0.4866666666666667,5.0081693828143345
73,0.49333333333333335,12.887195434002257
74,0.0,8.881784197001252e-16
74,0.006802721088435374,53.70980158899658
74,0.013605442176870748,31.783599698764636
74,0.02040816326530612,21.137901202244723
74,0.027210884353741496,6.228915338850234
74,0.03401360544217687,11.057222568946823
74,0.04081632653061224,16.26747855921868
74,0.047619047619047616,18.53621161044856
74,0.05442176870748299,19.631729885300622
74,0.061224489795918366,6.660527962335783
74,0.06802721088435373,8.497250259449963
74,0.07482993197278912,6.06145825959289
74,0.08163265306122448,4.916164951476659
74,0.08843537414965986,8.252085603549792
74,0.09523809523809523,4.41497271648985
74,0.10204081632653061,6.934702007997797
74,0.10884353741496598,4.817622466532568
74,0.11564625850340135,3.5600495848817775
74,0.12244897959183673,8.426218399395754
74,0.1292517006802721,10.757252183081409
74,0.13605442176870747,0.8195685454254105
74,0.14285714285714285,2.738966928741454
74,0.14965986394557823,12.40207208137741
74,0.1564625850340136,8.34806344319115
74,0.16326530612244897,3.8288622769409306
74,0.17006802721088435,6.142944148172588
74,0.17687074829931973,7.311312140581997
74,0.18367346938775508,12.447640338341596
74,0.19047619047619047,13.565182655692784
74,0.19727891156462585,3.3554855594456825
74,0.20408163265306123,0.886481319270703
74,0.21088435374149658,12.000802743216996
74,0.21768707482993196,10.121009914337138
74,0.22448979591836735,6.707223600519852
74,0.2312925170068027,8.991841687641884
74,0.23809523809523808,8.40420576683798
74,0.24489795918367346,12.840182803898246
74,0.25170068027210885,6.2973649488095536
74,0.2585034013605442,17.85319548869895
74,0.2653061224489796,15.915303053224765
74,0.27210884353741494,9.34692057807836
74,0.2789115646258503,12.400516169881044
74,0.2857142857142857,6.414737895665519
74,0.2925170068027211,3.096460856366314
74,0.29931972789115646,7.915616034586684
74,0.30612244897959184,13.459680402945173
74,0.3129251700680272,14.739497952965623
74,0.31972789115646255,9.677760324432148
74,0.32653061224489793,6.176327351119376
74,0.3333333333333333,10.170265870539486
74,0.3401360544217687,13.402360898821229
74,0.3469387755102041,8.750176424647062
74,0.35374149659863946,6.195792891107494
74,0.36054421768707484,3.8219095151425355
74,0.36734693877551017,8.837418997299558
74,0.37414965986394555,6.254076103266776
74,0.38095238095238093,5.253611217018235
74,0.3877551020408163,13.24323030012578
74,0.3945578231292517,12.180687506604807
74,0.4013605442176871,9.828870993115517
74,0.40816326530612246,5.123569333795013
74,0.4149659863945578,2.3147600647434365
74,0.42176870748299317,4.221305614761829
74,0.42857142857142855,2.8914705842945096
74,0.43537414965986393,8.699964711676156
74,0.4421768707482993,11.066284146624353
74,0.4489795918367347,11.283350545365883
74,0.4557823129251701,4.569654781640496
74,0.4625850340136054,7.553399607305344
74,0.4693877551020408,10.398329573760767
74,0.47619047619047616,4.953806435073788
74,0.48299319727891155,7.454702164976763
74,0.4897959183673469,10.497985675637489
74,0.4965986394557823,15.559509746038378
75,0.0,9.769962616701378e-15
75,0.0078125,11.426324792629513
75,0.015625,23.689770518787487
75,0.0234375,6.799063864895618
75,0.03125,6.31372014302939
75,0.0390625,14.613512321412353
75,0.046875,1.7227421882008809
75,0.0546875,6.940146566387274
75,0.0625,1.9188794891316214
75,0.0703125,10.189394203238113
75,0.078125,14.14552311701811
75,0.0859375,2.893856358020549
75,0.09375,21.66343979839512
75,0.1015625,8.292358395787218
75,0.109375,8.949931445645097
75,0.1171875,6.237689770830812
75,0.125,6.506443063564818
75,0.1328125,13.706913932600212
75,0.140625,9.830046973412779
75,0.1484375,15.296051526442023
75,0.15625,10.119136862269489
75,0.1640625,11.267610291654597
75,0.171875,12.109172902927012
75,0.1796875,11.546549836756318
75,0.1875,8.451815389833971
75,0.1953125,14.114471110283686
75,0.203125,4.207456219348594
75,0.2109375,15.433155542287086
75,0.21875,8.135892202682873
75,0.2265625,17.3357555613314
75,0.234375,9.891278874946975
75,0.2421875,14.733100172960379
75,0.25,2.2826212180846372
75,0.2578125,8.512371382755349
75,0.265625,9.219011467338444
75,0.2734375,10.221035737421744
75,0.28125,6.655982299459733
75,0.2890625,2.430808717776561
75,0.296875,4.296224758809907
75,0.3046875,16.558136008023443
75,0.3125,7.118394598517189
75,0.3203125,15.135174427263795
75,0.328125,10.13940947964904
75,0.3359375,9.033027809237966
75,0.34375,8.153494600153484
75,0.3515625,10.163551505833142
75,0.359375,12.028332216940306
75,0.3671875,7.318093117081736
75,0.375,24.304384480983945
75,0.3828125,13.499112470378654
75,0.390625,1.1369317092481708
75,0.3984375,17.005853809532997
75,0.40625,10.159667809547912
75,0.4140625,11.746867365722224
75,0.421875,9.650504696645935
75,0.4296875,15.522610977343206
75,0.4375,1.3461518042414842
75,0.4453125,19.777107215423538
75,0.453125,6.63824980150425
75,0.4609375,2.3632109813987254
75,0.46875,10.386490861080274
75,0.4765625,7.750092301273041
75,0.484375,4.547117144884877
75,0.4921875,8.759437644061494
76,0.0,8.881784197001252e-16
76,0.007751937984496124,31.78742371719015
76,0.015503875968992248,27.38706306489145
76,0.023255813953488372,17.451847000670664
76,0.031007751937984496,16.939686906031692
76,0.03875968992248062,8.02092993633506
76,0.046511627906976744,14.219663614717739
76,0.05426356589147287,6.29257876918326
76,0.06201550387596899,7.53113182728492
76,0.06976744186046512,17.209745825167644
76,0.07751937984496124,19.634106362210613
76,0.08527131782945736,13.392049310256137
76,0.09302325581395349,8.924308893499964
76,0.10077519379844961,7.216761351806449
76,0.10852713178294573,3.436422828675591
76,0.11627906976744186,6.104628653609585
76,0.12403100775193798,3.4791964355550675
76,0.13178294573643412,10.778095145123405
76,0.13953488372093023,9.17988300336257
76,0.14728682170542634,8.725793526116409
76,0.15503875968992248,10.430612649455675
76,0.16279069767441862,6.4456094764337095
76,0.17054263565891473,2.8167734647785507
76,0.17829457364341084,8.029289893961453
76,0.18604651162790697,5.689463256084794
76,0.1937984496124031,6.677976970251626
76,0.20155038759689922,7.805374238720774
76,0.20930232558139533,11.908552974668211
76,0.21705426356589147,5.655300629591315
76,0.2248062015503876,6.238648244141742
76,0.23255813953488372,6.027210319602609
76,0.24031007751937983,12.048935975706597
76,0.24806201550387597,6.0015549360457845
76,0.2558139534883721,5.459484821356077
76,0.26356589147286824,2.188451570956139
76,0.2713178294573643,8.304343595899132
76,0.27906976744186046,6.683582575830197
76,0.2868217054263566,8.785613090119883
76,0.2945736434108527,3.3644904407133556
76,0.3023255813953488,5.428593840013564
76,0.31007751937984496,5.098905759888321
76,0.3178294573643411,11.24930856163577
76,0.32558139534883723,14.4112673723388
76,0.3333333333333333,10.011917361671063
76,0.34108527131782945,7.099154432387959
76,0.3488372093023256,11.91220358075444
76,0.3565891472868217,6.247168658634411
76,0.3643410852713178,15.499517879254782
76,0.37209302325581395,11.76305258387711
76,0.3798449612403101,13.95348116984499
76,0.3875968992248062,8.616525177154038
76,0.3953488372093023,4.830093737083491
76,0.40310077519379844,1.5631467199413154
76,0.4108527131782946,11.716841563046707
76,0.41860465116279066,3.8894568341604803
76,0.4263565891472868,5.677555439570029
76,0.43410852713178294,17.119163596929358
76,0.4418604651162791,15.677377894343447
76,0.4496124031007752,9.899464485922561
76,0.4573643410852713,16.508170526885255
76,0.46511627906976744,15.185195519370565
76,0.4728682170542636,8.291414270270225
76,0.48062015503875966,16.993762732690023
76,0.4883720930232558,12.691961654161567
76,0.49612403100775193,3.116138874404313
77,0.0,9.103828801926284e-15
77,0.007633587786259542,23.677788652970897
77,0.015267175572519083,10.291297971665069
77,0.022900763358778626,25.553517334109998
77,0.030534351145038167,24.16660447407323
77,0.03816793893129771,7.66943861527088
77,0.04580152671755725,11.326076411126193
77,0.05343511450381679,10.683916880902865
77,0.061068702290076333,1.086488838085059
77,0.06870229007633588,12.22037082889189
77,0.07633587786259542,16.407077730731604
77,0.08396946564885496,6.286621130976832
77,0.0916030534351145,17.424177695247742
77,0.09923664122137404,21.978794252339657
77,0.10687022900763359,15.774970704564371
77,0.11450381679389313,7.346395317620923
77,0.12213740458015267,9.097596262214916
77,0.1297709923664122,3.2521508426773647
77,0.13740458015267176,1.6402036856208493
77,0.1450381679389313,7.26107706342106
77,0.15267175572519084,8.689027007501203
77,0.16030534351145037,12.603457605794809
77,0.16793893129770993,10.894027639735674
77,0.17557251908396945,14.412329417594586
77,0.183206106870229,3.98291043668062
77,0.19083969465648853,16.07397359453068
77,0.1984732824427481,8.624776268151972
77,0.20610687022900762,8.761748401769008
77,0.21374045801526717,10.253695832923608
77,0.2213740458015267,13.91775404725737
77,0.22900763358778625,10.209532460642752
77,0.23664122137404578,13.605342393204213
77,0.24427480916030533,14.766001729975272
77,0.25190839694656486,11.29915376943723
77,0.2595419847328244,10.610484501242844
77,0.26717557251908397,13.080332043549774
77,0.2748091603053435,13.357478819630776
77,0.282442748091603,4.55635641244345
77,0.2900763358778626,9.050127310561992
77,0.29770992366412213,12.34907846364801
77,0.3053435114503817,13.053557372242594
77,0.3129770992366412,14.184681204146186
77,0.32061068702290074,14.884150511536173
77,0.3282442748091603,10.819677834192351
77,0.33587786259541985,9.186203026599918
77,0.34351145038167935,4.409400562170983
77,0.3511450381679389,10.792272095878795
77,0.35877862595419846,5.523044323289807
77,0.366412213740458,8.139349669276331
77,0.37404580152671757,9.856614643265114
77,0.38167938931297707,1.837186430241629
77,0.3893129770992366,2.957012752247177
77,0.3969465648854962,4.694419213476989
77,0.40458015267175573,5.736760972483071
77,0.41221374045801523,4.133085923385566
77,0.4198473282442748,4.326984459017897
77,0.42748091603053434,9.159767338013483
77,0.4351145038167939,0.9830453729787196
77,0.4427480916030534,6.380521455124123
77,0.45038167938931295,5.903139947960419
77,0.4580152671755725,13.92809284317175
77,0.46564885496183206,8.488008595231353
77,0.47328244274809156,4.746323119815779
77,0.4809160305343511,5.722706858695125
77,0.48854961832061067,10.269572462492775
77,0.4961832061068702,15.04793893335972
78,0.0,5.329070518200751e-15
78,0.006896551724137931,21.995445585636237
78,0.013793103448275862,13.862142774696382
78,0.020689655172413793,19.27685214310931
78,0.027586206896551724,8.423723741383636
78,0.034482758620689655,8.907334097219962
78,0.041379310344827586,20.958225627817885
78,0.04827586206896552,25.083593857954575
78,0.05517241379310345,15.390049028137696
78,0.06206896551724138,16.49488237204896
78,0.06896551724137931,10.808501361062158
78,0.07586206896551724,21.286131760011813
78,0.08275862068965517,2.2030664507043265
78,0.0896551724137931,6.396747863649203
78,0.09655172413793103,11.884254539097647
78,0.10344827586206896,7.575714680358695
78,0.1103448275862069,5.019157479941607
78,0.11724137931034483,4.493469202818867
78,0.12413793103448276,14.27355979914999
78,0.13103448275862067,6.4832071462375325
78,0.13793103448275862,9.514369502283502
78,0.14482758620689656,9.930656507386837
78,0.15172413793103448,7.802656206723717
78,0.1586206896551724,14.161408635033114
78,0.16551724137931034,8.474893224109236
78,0.1724137931034483,11.921628504717058
78,0.1793103448275862,10.517660770783346
78,0.18620689655172412,5.880181327475585
78,0.19310344827586207,13.563217015602296
78,0.2,15.943104023731317
78,0.20689655172413793,2.4317530245236028
78,0.21379310344827585,15.459349324635886
78,0.2206896551724138,3.540708507182638
78,0.22758620689655173,8.651985705051027
78,0.23448275862068965,14.318370561829445
78,0.24137931034482757,14.144099133672144
78,0.2482758620689655,21.856942158642546
78,0.25517241379310346,19.59955905278933
78,0.26206896551724135,13.01641393310076
78,0.2689655172413793,10.028711951574016
78,0.27586206896551724,12.52427344192151
78,0.2827586206896552,8.07447709283833
78,0.2896551724137931,10.843360243656134
78,0.296551724137931,18.26854760518184
78,0.30344827586206896,4.797559381522726
78,0.3103448275862069,3.485998857057529
78,0.3172413793103448,15.913414104132354
78,0.32413793103448274,13.465591520224804
78,0.3310344827586207,12.710379008942317
78,0.33793103448275863,10.279189441123435
78,0.3448275862068966,2.9045174116095716
78,0.35172413793103446,5.410269324480703
78,0.3586206896551724,8.972626607719901
78,0.36551724137931035,7.28424898453532
78,0.37241379310344824,9.040649357468137
78,0.3793103448275862,6.783209850581246
78,0.38620689655172413,4.114572319335584
78,0.3931034482758621,6.24217919998126
78,0.4,2.086505095684988
78,0.4068965517241379,10.158828407270622
78,0.41379310344827586,2.474064837325594
78,0.4206896551724138,9.97369011834895
78,0.4275862068965517,6.474831639687623
78,0.43448275862068964,13.512652774476901
78,0.4413793103448276,5.568595590847789
78,0.4482758620689655,11.657894846464533
78,0.45517241379310347,9.52210095187108
78,0.46206896551724136,7.635475612312762
78,0.4689655172413793,10.37199482826621
78,0.47586206896551725,6.03067476250084
78,0.48275862068965514,4.854189908053831
78,0.4896551724137931,24.65422091407597
78,0.496551724137931,14.851548425651687
79,0.0,1.454392162258955e-14
79,0.006756756756756757,26.501917854568784
79,0.013513513513513514,19.426244986028962
79,0.02027027027027027,15.34271143940161
79,0.02702702702702703,12.58678004423814
79,0.033783783783783786,9.489627330597324
79,0.04054054054054054,13.468572642224544
79,0.0472972972972973,21.231026051212957
79,0.05405405405405406,7.866884227022186
79,0.060810810810810814,6.706565865055047
79,0.06756756756756757,7.274719264943815
79,0.07432432432432433,19.019889398049422
79,0.08108108108108109,15.88955439765904
79,0.08783783783783784,13.163488988393546
79,0.0945945945945946,6.014899698410653
79,0.10135135135135136,11.350969717582139
79,0.10810810810810811,15.73295154263538
79,0.11486486486486487,8.733452052944894
79,0.12162162162162163,17.769354612162196
79,0.1283783783783784,3.2265094840213475
79,0.13513513513513514,11.929247672942875
79,0.14189189189189189,1.9993320752519343
79,0.14864864864864866,9.349541744085885
79,0.15540540540540543,11.591872331400126
79,0.16216216216216217,8.96545201020144
79,0.16891891891891891,8.050841812295683
79,0.17567567567567569,1.0723900585723756
79,0.18243243243243246,4.931694170006206
79,0.1891891891891892,0.9350692692334677
79,0.19594594594594594,5.520186951947013
79,0.20270270270270271,6.326178045229585
79,0.20945945945945948,13.921427206540667
79,0.21621621621621623,2.133732080077587
79,0.22297297297297297,3.3098409713443644
79,0.22972972972972974,5.583457548964346
79,0.2364864864864865,16.100294942784192
79,0.24324324324324326,7.0110954783518205
79,0.25,19.778041586782464
79,0.2567567567567568,5.633018265945211
79,0.26351351351351354,7.235354094525727
79,0.2702702702702703,11.155876681149
79,0.27702702702702703,15.62460937877825
79,0.28378378378378377,9.386033971769299
79,0.29054054054054057,3.4291518708279947
79,0.2972972972972973,11.695161743224828
79,0.30405405405405406,10.814913459914925
79,0.31081081081081086,14.550707920946914
79,0.3175675675675676,26.996480137548257
79,0.32432432432432434,12.154729349976906
79,0.3310810810810811,14.431381917020625
79,0.33783783783783783,6.665749687467577
79,0.3445945945945946,6.163849216347926
79,0.35135135135135137,10.2073185134568
79,0.3581081081081081,8.446791480016456
79,0.3648648648648649,10.484737816133716
79,0.37162162162162166,5.554399802311572
79,0.3783783783783784,14.485998820454299
79,0.38513513513513514,19.4787437224683
79,0.3918918918918919,8.012952939787713
79,0.3986486486486487,9.301359630969035
79,0.40540540540540543,15.986564424212537
79,0.41216216216216217,11.308629535070065
79,0.41891891891891897,4.378483669379236
79,0.4256756756756757,13.814060647766944
79,0.43243243243243246,12.673024536600863
79,0.4391891891891892,9.720104849454968
79,0.44594594594594594,15.736935006840833
79,0.45270270270270274,12.885166660983014
79,0.4594594594594595,17.858825676772735
79,0.46621621621621623,9.077875514351186
79,0.472972972972973,11.006346476039381
79,0.47972972972972977,6.475969020336465
79,0.4864864864864865,16.234518983498987
79,0.49324324324324326,10.575327766391185
80,0.0,8.881784197001252e-15
80,0.0070921985815602835,6.63578934190245
80,0.014184397163120567,16.18196219832593
80,0.02127659574468085,14.638802549389988
80,0.028368794326241134,11.105289300796356
80,0.035460992907801414,19.763880814601443
80,0.0425531914893617,20.069414533282064
80,0.04964539007092199,13.976903066699782
80,0.05673758865248227,5.19566082647118
80,0.06382978723404255,9.785634706050685
80,0.07092198581560283,8.215384201779948
80,0.07801418439716312,3.6577275337715793
80,0.0851063829787234,11.133981411655506
80,0.09219858156028368,15.389452308535516
80,0.09929078014184398,17.032530931064322
80,0.10638297872340426,9.309438577464615
80,0.11347517730496454,14.13224523238621
80,0.12056737588652482,14.34060490629247
80,0.1276595744680851,24.51352732630198
80,0.1347517730496454,10.033291333297122
80,0.14184397163120566,6.884905996420988
80,0.14893617021276595,5.737177873524488
80,0.15602836879432624,8.068774383623946
80,0.1631205673758865,11.063480177453211
80,0.1702127659574468,1.4516803284634359
80,0.1773049645390071,9.0819997910306
80,0.18439716312056736,8.102744211768705
80,0.19148936170212766,12.323323213427443
80,0.19858156028368795,10.347230753064233
80,0.20567375886524822,6.006009517490252
80,0.2127659574468085,10.09042455785134
80,0.21985815602836878,8.997223082548404
80,0.22695035460992907,8.66004382823413
80,0.23404255319148937,5.807043217989492
80,0.24113475177304963,9.880492849432272
80,0.24822695035460993,3.3481419839345667
80,0.2553191489361702,19.89294005804135
80,0.2624113475177305,7.5723998296583215
80,0.2695035460992908,13.029573372580764
80,0.2765957446808511,11.179743550143465
80,0.2836879432624113,16.35921720234506
80,0.2907801418439716,17.52647740692899
80,0.2978723404255319,7.2942421777399185
80,0.3049645390070922,14.09193285674291
80,0.3120567375886525,4.864429137263751
80,0.3191489361702128,4.439148798420137
80,0.326241134751773,8.33988352851399
80,0.3333333333333333,21.888364984803342
80,0.3404255319148936,7.074555667350854
80,0.3475177304964539,10.406507314655894
80,0.3546099290780142,7.504883843011546
80,0.36170212765957444,2.669425219641111
80,0.36879432624113473,4.24109784110311
80,0.375886524822695,14.229254387575445
80,0.3829787234042553,0.8106036658250384
80,0.3900709219858156,1.9510962979519508
80,0.3971631205673759,14.21028046618717
80,0.40425531914893614,5.77953104749012
80,0.41134751773049644,16.741642177275676
80,0.41843971631205673,10.861676136908624
80,0.425531914893617,13.207482743079693
80,0.4326241134751773,2.6875195653847315
80,0.43971631205673756,23.53962089328077
80,0.44680851063829785,10.115559609160435
80,0.45390070921985815,16.013121859043288
80,0.46099290780141844,21.473583169693452
80,0.46808510638297873,3.2600576646652875
80,0.47517730496453897,7.473141817851998
80,0.48226950354609927,10.361852905070405
80,0.48936170212765956,5.518441364069641
80,0.49645390070921985,11.832647045152408
81,0.0,2.886579864025407e-15
81,0.007692307692307693,22.31381318405186
81,0.015384615384615385,17.827061426849927
81,0.023076923076923078,20.332936596631566
81,0.03076923076923077,20.15194411979913
81,0.038461538461538464,7.241101228968062
81,0.046153846153846156,13.66872607286262
81,0.05384615384615385,12.506143449550576
81,0.06153846153846154,10.280214707952823
81,0.06923076923076923,12.884077580760708
81,0.07692307692307693,15.583588280550982
81,0.08461538461538462,5.538469519707081
81,0.09230769230769231,6.769310477941227
81,0.1,8.05159847381918
81,0.1076923076923077,11.718281695453708
81,0.11538461538461539,6.556193296736108
81,0.12307692307692308,7.593413019479051
81,0.13076923076923078,14.805736116381617
81,0.13846153846153847,9.00029035153445
81,0.14615384615384616,11.373966332111284
81,0.15384615384615385,7.026171916126695
81,0.16153846153846155,10.717610931562852
81,0.16923076923076924,7.972940842356617
81,0.17692307692307693,13.8997548641689
81,0.18461538461538463,3.8465198464375043
81,0.19230769230769232,14.075353492396694
81,0.2,12.998740830746227
81,0.2076923076923077,7.468311019261196
81,0.2153846153846154,21.28710302184529
81,0.2230769230769231,17.159199567613484
81,0.23076923076923078,2.738018573708067
81,0.23846153846153847,6.641285235675813
81,0.24615384615384617,13.22885528857236
81,0.25384615384615383,11.58582209264601
81,0.26153846153846155,6.517686513351524
81,0.2692307692307693,10.736209788321554
81,0.27692307692307694,11.286531951514425
81,0.2846153846153846,4.6501731549125385
81,0.2923076923076923,16.627603309167423
81,0.30000000000000004,4.9215213535609905
81,0.3076923076923077,4.393767190385744
81,0.3153846153846154,3.8695703681269498
81,0.3230769230769231,8.012587366776255
81,0.3307692307692308,5.597686738500073
81,0.3384615384615385,12.03247978701128
81,0.34615384615384615,2.2266551171624656
81,0.35384615384615387,2.5498963765258105
81,0.3615384615384616,3.5318379284321995
81,0.36923076923076925,12.013376148905653
81,0.3769230769230769,4.006897272825192
81,0.38461538461538464,10.093135340464693
81,0.39230769230769236,2.138702959193333
81,0.4,10.295333069588327
81,0.4076923076923077,9.210569521130534
81,0.4153846153846154,9.319954815804909
81,0.42307692307692313,5.464578378103907
81,0.4307692307692308,6.562269697565039
81,0.43846153846153846,11.343221885696792
81,0.4461538461538462,16.396140277600118
81,0.4538461538461539,12.454697187587238
81,0.46153846153846156,20.24671931187759
81,0.46923076923076923,15.039852733562004
81,0.47692307692307695,12.700083907715618
81,0.48461538461538467,9.91155044232139
81,0.49230769230769234,12.519191989007991
82,0.0,5.773159728050814e-15
82,0.007042253521126761,32.652382253322024
82,0.014084507042253521,22.256057537744674
82,0.02112676056338028,9.746666673172172
82,0.028169014084507043,1.7432481927676218
82,0.035211267605633804,7.810584967457214
82,0.04225352112676056,13.169169515713977
82,0.04929577464788733,11.982084665163686
82,0.056338028169014086,19.568399592391593
82,0.06338028169014084,11.172115516529296
82,0.07042253521126761,7.461705389753644
82,0.07746478873239437,3.592329754517556
82,0.08450704225352113,7.142178459931474
82,0.09154929577464789,8.731338795486353
82,0.09859154929577466,5.180588337418779
82,0.1056338028169014,1.9754075466206424
82,0.11267605633802817,0.48784247905598777
82,0.11971830985915494,6.274116005177502
82,0.1267605633802817,12.90523894266943
82,0.13380281690140847,7.209426919826226
82,0.14084507042253522,14.465747010155784
82,0.14788732394366197,3.0350375102499707
82,0.15492957746478875,5.2169174557092814
82,0.1619718309859155,8.298666814515611
82,0.16901408450704225,7.8291229036128085
82,0.17605633802816903,21.199217642482633
82,0.18309859154929578,20.422876764532063
82,0.19014084507042253,15.688264203327682
82,0.1971830985915493,17.433482337344635
82,0.20422535211267606,7.3826709811084505
82,0.2112676056338028,16.839441599864166
82,0.2183098591549296,7.348292854766591
82,0.22535211267605634,2.811437498811192
82,0.2323943661971831,4.318767560749342
82,0.23943661971830987,11.573733977856664
82,0.24647887323943662,11.773900533703122
82,0.2535211267605634,21.671968745529888
82,0.2605633802816901,5.08641522160165
82,0.26760563380281693,6.3008374010074375
82,0.2746478873239437,11.557289163568186
82,0.28169014084507044,18.094472150455463
82,0.2887323943661972,14.51445751931056
82,0.29577464788732394,12.206319987299944
82,0.3028169014084507,0.8940047632914948
82,0.3098591549295775,10.007506829854044
82,0.31690140845070425,4.603365237958505
82,0.323943661971831,7.920306032600847
82,0.33098591549295775,2.4309202612942196
82,0.3380281690140845,10.934392786081927
82,0.34507042253521125,13.42686197901665
82,0.35211267605633806,8.237747150906893
82,0.3591549295774648,10.314232522053725
82,0.36619718309859156,15.06782354088945
82,0.3732394366197183,16.058571639986184
82,0.38028169014084506,3.980320610542954
82,0.3873239436619718,5.717611598216416
82,0.3943661971830986,6.757924829037846
82,0.4014084507042254,7.470347353869398
82,0.4084507042253521,13.649364567357084
82,0.4154929577464789,12.667530805975293
82,0.4225352112676056,13.274046319100327
82,0.4295774647887324,9.980356496029696
82,0.4366197183098592,4.320213094862075
82,0.44366197183098594,7.879771433309662
82,0.4507042253521127,11.818944437545124
82,0.45774647887323944,13.082460311923663
82,0.4647887323943662,15.233319206403843
82,0.471830985915493,16.45655092666864
82,0.47887323943661975,13.723315327639389
82,0.4859154929577465,10.405762277639136
82,0.49295774647887325,9.629955889317658
83,0.0,3.552713678800501e-15
83,0.007407407407407408,37.14578073757478
83,0.014814814814814815,30.60598602104051
83,0.022222222222222223,15.58753715145791
83,0.02962962962962963,14.324431420451365
83,0.037037037037037035,8.340190805629591
83,0.044444444444444446,12.380322655979592
83,0.05185185185185186,6.2421293157795805
83,0.05925925925925926,5.199843847781566
83,0.06666666666666667,6.262705624304694
83,0.07407407407407407,9.013289547976608
83,0.08148148148148149,9.747247231272373
83,0.08888888888888889,13.641965581663118
83,0.0962962962962963,10.68003542433434
83,0.10370370370370371,10.157510413073735
83,0.11111111111111112,5.708894751823079
83,0.11851851851851852,11.43011989728906
83,0.12592592592592594,4.088700874836036
83,0.13333333333333333,1.6641301984308534
83,0.14074074074074075,5.027435454824226
83,0.14814814814814814,8.7371883529929
83,0.15555555555555556,8.429315731736368
83,0.16296296296296298,9.788008660939456
83,0.17037037037037037,13.707902764300897
83,0.17777777777777778,5.21935574976768
83,0.1851851851851852,5.854977581809068
83,0.1925925925925926,7.127321928911866
83,0.2,2.47941241855113
83,0.20740740740740743,3.1238801271870784
83,0.21481481481481482,3.3858176496771923
83,0.22222222222222224,11.752768653059903
83,0.22962962962962963,10.297619810206163
83,0.23703703703703705,10.279662829521463
83,0.24444444444444446,1.8351694736595388
83,0.2518518518518519,14.812162206515037
83,0.25925925925925924,6.184613837490811
83,0.26666666666666666,12.622576663622326
83,0.2740740740740741,6.669343806200135
83,0.2814814814814815,16.86773767859831
83,0.2888888888888889,17.01680536665147
83,0.2962962962962963,12.350359830904003
83,0.3037037037037037,22.883528708526274
83,0.3111111111111111,18.31530799128499
83,0.31851851851851853,12.217083586048439
83,0.32592592592592595,3.33210450667222
83,0.33333333333333337,6.229719227198069
83,0.34074074074074073,11.490194213549405
83,0.34814814814814815,11.388825048653684
83,0.35555555555555557,7.497492868216107
83,0.362962962962963,11.77858720254802
83,0.3703703703703704,7.476611155770908
83,0.37777777777777777,7.45937322787594
83,0.3851851851851852,11.28754271931408
83,0.3925925925925926,10.089911586430025
83,0.4,16.731272532577783
83,0.40740740740740744,10.299053368591224
83,0.41481481481481486,7.7964782799542975
83,0.4222222222222222,4.772704814894497
83,0.42962962962962964,12.607239584172651
83,0.43703703703703706,5.520592312597745
83,0.4444444444444445,10.250391724035802
83,0.4518518518518519,3.5560701268360377
83,0.45925925925925926,8.255245512562672
83,0.4666666666666667,15.654529104579655
83,0.4740740740740741,6.990331596669334
83,0.4814814814814815,1.2814904328819452
83,0.48888888888888893,6.0096592158594015
83,0.4962962962962963,9.370896086136629
84,0.0,1.7763568394002505e-15
84,0.007142857142857143,27.571849058403068
84,0.014285714285714285,11.547699502226495
84,0.02142857142857143,14.13868624863754
84,0.02857142857142857,1.4253931080154039
84,0.03571428571428571,13.076809151827861
84,0.04285714285714286,13.493145813754316
84,0.049999999999999996,19.885476621395885
84,0.05714285714285714,19.93489334637523
84,0.06428571428571428,13.061528872445999
84,0.07142857142857142,12.175617806922926
84,0.07857142857142857,7.281612836173912
84,0.08571428571428572,25.323629126959673
84,0.09285714285714286,13.419770941901922
84,0.09999999999999999,13.498381555819433
84,0.10714285714285714,14.98146855010188
84,0.11428571428571428,16.879900244810752
84,0.12142857142857143,20.29096776606555
84,0.12857142857142856,7.171177245749214
84,0.1357142857142857,13.632059973168383
84,0.14285714285714285,8.563887590307681
84,0.15,16.67753676125193
84,0.15714285714285714,14.165635096091103
84,0.16428571428571428,11.415361105673814
84,0.17142857142857143,9.334744296549488
84,0.17857142857142858,6.610332134482355
84,0.18571428571428572,1.0787471206615649
84,0.19285714285714284,2.7703977277645246
84,0.19999999999999998,15.881910688540902
84,0.20714285714285713,14.388109197249861
84,0.21428571428571427,7.696351657292355
84,0.22142857142857142,10.932428959596608
84,0.22857142857142856,0.8285121555322424
84,0.2357142857142857,12.666288527646374
84,0.24285714285714285,9.822331577800984
84,0.25,12.807278331979331
84,0.2571428571428571,11.656480037098017
84,0.2642857142857143,10.459593713438839
84,0.2714285714285714,11.412434727813155
84,0.2785714285714286,6.322505340809495
84,0.2857142857142857,10.561567705616214
84,0.29285714285714287,6.792213556110204
84,0.3,7.371402267597282
84,0.3071428571428571,11.644694329635922
84,0.3142857142857143,3.3438230257055106
84,0.3214285714285714,9.398541267562567
84,0.32857142857142857,0.526024415771715
84,0.3357142857142857,12.21860501053408
84,0.34285714285714286,10.123877148379345
84,0.35,17.34287622630644
84,0.35714285714285715,16.93684722849034
84,0.36428571428571427,8.707324760589795
84,0.37142857142857144,6.932934636852001
84,0.37857142857142856,0.7323037518103753
84,0.3857142857142857,7.520449419254022
84,0.39285714285714285,6.940491565470411
84,0.39999999999999997,4.241791434926029
84,0.40714285714285714,11.271075440992083
84,0.41428571428571426,6.519601209623283
84,0.42142857142857143,2.5495611326221788
84,0.42857142857142855,10.793459615833248
84,0.4357142857142857,8.316120115996311
84,0.44285714285714284,6.715601371262863
84,0.45,13.24231537889308
84,0.45714285714285713,3.173581640696619
84,0.46428571428571425,11.452731270204263
84,0.4714285714285714,10.286637870503908
84,0.47857142857142854,11.051951253210346
84,0.4857142857142857,12.885191116920671
84,0.4928571428571428,7.665756969080578
85,0.0,6.217248937900877e-15
85,0.006944444444444444,17.43913309096859
85,0.013888888888888888,13.198793218430103
85,0.020833333333333332,18.97600055812266
85,0.027777777777777776,18.543417390551998
85,0.034722222222222224,18.305633227112875
85,0.041666666666666664,22.55064706677124
85,0.048611111111111105,18.916027922911766
85,0.05555555555555555,15.18601986412873
85,0.0625,22.58406405855935
85,0.06944444444444445,1.9952047865907843
85,0.07638888888888888,20.993029167796205
85,0.08333333333333333,17.07440835068616
85,0.09027777777777778,20.495301592203568
85,0.09722222222222221,7.893300253897185
85,0.10416666666666666,5.551908111020643
85,0.1111111111111111,13.497361481424013
85,0.11805555555555555,18.771593911678384
85,0.125,17.682227949298884
85,0.13194444444444445,8.99097338454967
85,0.1388888888888889,16.75948660612792
85,0.14583333333333331,4.874583247997292
85,0.15277777777777776,11.21924801163491
85,0.1597222222222222,5.531836248678534
85,0.16666666666666666,14.442095748877747
85,0.1736111111111111,3.1808084065662974
85,0.18055555555555555,7.520433425459888
85,0.1875,4.233880777332943
85,0.19444444444444442,19.459311883655545
85,0.20138888888888887,10.965182049504884
85,0.20833333333333331,5.7029459414287045
85,0.21527777777777776,5.231833117602972
85,0.2222222222222222,8.145077910752782
85,0.22916666666666666,15.07427806156988
85,0.2361111111111111,13.176240282810557
85,0.24305555555555555,6.19408921703986
85,0.25,1.9202564352054456
85,0.2569444444444444,15.111599019170326
85,0.2638888888888889,12.206558440047138
85,0.2708333333333333,15.686887177373233
85,0.2777777777777778,5.552965787211711
85,0.2847222222222222,8.702276317547645
85,0.29166666666666663,11.289400419413926
85,0.2986111111111111,3.9478827856406618
85,0.3055555555555555,8.190712877738441
85,0.3125,11.338244575915075
85,0.3194444444444444,12.584375777425622
85,0.3263888888888889,10.60034949074064
85,0.3333333333333333,14.105247806712637
85,0.34027777777777773,0.8555409972270361
85,0.3472222222222222,8.059901524943509
85,0.35416666666666663,9.535638991360956
85,0.3611111111111111,12.380530686526722
85,0.3680555555555555,12.767748784905748
85,0.375,3.594996309847315
85,0.3819444444444444,12.790577737352706
85,0.38888888888888884,10.05343663472193
85,0.3958333333333333,4.567857763806427
85,0.40277777777777773,7.341207404324951
85,0.4097222222222222,4.768848714020949
85,0.41666666666666663,9.168115377704618
85,0.4236111111111111,4.772119955125707
85,0.4305555555555555,6.663957453312753
85,0.4375,2.4624269779702
85,0.4444444444444444,13.891296349917953
85,0.45138888888888884,9.46920687051236
85,0.4583333333333333,9.62535403974103
85,0.46527777777777773,5.614138419240868
85,0.4722222222222222,6.485629472424649
85,0.47916666666666663,10.026543069992417
85,0.4861111111111111,3.2058543320983635
85,0.4930555555555555,10.784290647438581
86,0.0,3.9968028886505635e-15
86,0.006896551724137931,34.53460360920922
86,0.013793103448275862,19.74857213859637
86,0.020689655172413793,22.671294345052992
86,0.027586206896551724,25.733594730764587
86,0.034482758620689655,20.967204794831915
86,0.041379310344827586,2.2678993122805373
86,0.04827586206896552,10.356334202354168
86,0.05517241379310345,8.35578535990252
86,0.06206896551724138,15.092724315012727
86,0.06896551724137931,12.253385546701294
86,0.07586206896551724,12.071140844142342
86,0.08275862068965517,3.838813978243378
86,0.0896551724137931,8.044703584944479
86,0.09655172413793103,12.82100383700808
86,0.10344827586206896,2.0297148887538445
86,0.1103448275862069,6.45738895933444
86,0.11724137931034483,6.166775123077719
86,0.12413793103448276,1.5569775905314531
86,0.13103448275862067,5.76704852524186
86,0.13793103448275862,8.021851483923909
86,0.14482758620689656,13.521087216387349
86,0.15172413793103448,7.904907917325855
86,0.1586206896551724,6.543391388943987
86,0.16551724137931034,3.24388130275187
86,0.1724137931034483,14.214353777412567
86,0.1793103448275862,7.117824886513407
86,0.18620689655172412,12.881426499683823
86,0.19310344827586207,2.634010026219845
86,0.2,8.456998835886722
86,0.20689655172413793,19.33420241023238
86,0.21379310344827585,8.87305026430843
86,0.2206896551724138,8.270218412853524
86,0.22758620689655173,2.118511546587606
86,0.23448275862068965,3.8016539800769644
86,0.24137931034482757,12.361713444691844
86,0.2482758620689655,8.101546376684004
86,0.25517241379310346,13.640916978526263
86,0.26206896551724135,7.37691736724873
86,0.2689655172413793,5.609257184065673
86,0.27586206896551724,6.041722901090256
86,0.2827586206896552,14.689093313033489
86,0.2896551724137931,10.809730936008398
86,0.296551724137931,11.213591294224873
86,0.30344827586206896,19.870082341123233
86,0.3103448275862069,14.39193349471814
86,0.3172413793103448,2.0179739952720546
86,0.32413793103448274,10.177886951693676
86,0.3310344827586207,11.152596759074283
86,0.33793103448275863,2.9012632384278927
86,0.3448275862068966,6.816516570262109
86,0.35172413793103446,16.015362754164073
86,0.3586206896551724,10.598603789752174
86,0.36551724137931035,9.208361203312233
86,0.37241379310344824,2.248471982611713
86,0.3793103448275862,16.877002569807612
86,0.38620689655172413,3.65234096300301
86,0.3931034482758621,14.604628383503703
86,0.4,1.2044575399951993
86,0.4068965517241379,6.179726962801251
86,0.41379310344827586,20.75403025546052
86,0.4206896551724138,7.118455737628283
86,0.4275862068965517,3.640629961992969
86,0.43448275862068964,15.055449891505058
86,0.4413793103448276,15.533571966503963
86,0.4482758620689655,1.839395654077111
86,0.45517241379310347,13.116862031420018
86,0.46206896551724136,9.841503932218115
86,0.4689655172413793,9.749604469946663
86,0.47586206896551725,16.293843477016996
86,0.48275862068965514,13.751478897196227
86,0.4896551724137931,11.921935880148478
86,0.496551724137931,5.848541808752813
87,0.0,7.993605777301127e-15
87,0.00684931506849315,26.169814912392084
87,0.0136986301369863,2.793738837248556
87,0.02054794520547945,15.123828486682955
87,0.0273972602739726,14.214005187175625
87,0.03424657534246575,8.758839478331065
87,0.0410958904109589,13.33588609773136
87,0.04794520547945205,6.539224071625781
87,0.0547945205479452,12.854526823333824
87,0.06164383561643835,28.762645551558492
87,0.0684931506849315,30.619316446708957
87,0.07534246575342465,10.935132351877858
87,0.0821917808219178,7.652755993444247
87,0.08904109589041095,8.27703291273209
87,0.0958904109589041,7.951160139076029
87,0.10273972602739725,15.861413389056626
87,0.1095890410958904,9.55372092151372
87,0.11643835616438356,4.881749953550956
87,0.1232876712328767,13.350663778876376
87,0.13013698630136986,25.881361218881413
87,0.136986301369863,12.022572266677656
87,0.14383561643835616,10.850595605251714
87,0.1506849315068493,4.547460066249589
87,0.15753424657534246,7.498589381889497
87,0.1643835616438356,7.42206366317583
87,0.17123287671232876,10.47939786959933
87,0.1780821917808219,14.837766804504865
87,0.18493150684931506,13.133645340321058
87,0.1917808219178082,15.797845518839967
87,0.19863013698630136,3.7638759663200574
87,0.2054794520547945,16.13368357599292
87,0.21232876712328766,20.41050042950967
87,0.2191780821917808,12.410657065655842
87,0.22602739726027396,9.554701885763935
87,0.2328767123287671,8.687077126040666
87,0.23972602739726026,6.544092675246261
87,0.2465753424657534,12.78849130554156
87,0.2534246575342466,11.957469999174728
87,0.2602739726027397,18.064146179520858
87,0.26712328767123283,7.6625521796471325
87,0.273972602739726,13.097972061416804
87,0.2808219178082192,4.494627551935145
87,0.2876712328767123,10.534187955836503
87,0.29452054794520544,11.432385887289543
87,0.3013698630136986,6.550297863673586
87,0.3082191780821918,13.89756192837613
87,0.3150684931506849,10.193498911453034
87,0.32191780821917804,11.33815017885347
87,0.3287671232876712,8.361787907309163
87,0.3356164383561644,3.9689314381599003
87,0.3424657534246575,8.833743628417356
87,0.34931506849315064,2.570706237268104
87,0.3561643835616438,2.621793620816189
87,0.363013698630137,8.508881135160788
87,0.3698630136986301,5.283806069103892
87,0.37671232876712324,2.002417653173495
87,0.3835616438356164,10.294502617636535
87,0.3904109589041096,10.579273453133569
87,0.3972602739726027,9.940947310189005
87,0.40410958904109584,11.610272072876526
87,0.410958904109589,9.889655333412623
87,0.4178082191780822,19.916334213878088
87,0.4246575342465753,8.318049397131718
87,0.43150684931506844,10.922255190886373
87,0.4383561643835616,13.433544630178455
87,0.4452054794520548,2.4661802748214465
87,0.4520547945205479,6.547873758383185
87,0.45890410958904104,4.34314280299528
87,0.4657534246575342,2.4317617876529516
87,0.4726027397260274,7.585104208077233
87,0.4794520547945205,2.8651650698528837
87,0.48630136986301364,6.267500049692223
87,0.4931506849315068,13.859143754686903
88,0.0,1.0658141036401503e-14
88,0.007575757575757576,19.855868020499077
88,0.015151515151515152,12.189782211198624
88,0.022727272727272728,18.52343985162067
88,0.030303030303030304,2.7536947991136325
88,0.03787878787878788,25.495983030898937
88,0.045454545454545456,10.836901267922263
88,0.05303030303030303,3.4899647816650132
88,0.06060606060606061,9.449007645651635
88,0.06818181818181818,4.9751468634621885
88,0.07575757575757576,20.00232606525674
88,0.08333333333333334,11.917071811676974
88,0.09090909090909091,10.753889503849916
88,0.09848484848484848,15.119804838332803
88,0.10606060606060606,8.234874432695507
88,0.11363636363636365,8.2803151343758
88,0.12121212121212122,15.326332160910896
88,0.12878787878787878,23.13682615863356
88,0.13636363636363635,4.880571958087165
88,0.14393939393939395,2.9358503828554636
88,0.15151515151515152,7.115525290306705
88,0.1590909090909091,13.724056879951712
88,0.16666666666666669,11.487674559343043
88,0.17424242424242425,3.453596832338956
88,0.18181818181818182,8.483735478728548
88,0.1893939393939394,12.580609925840799
88,0.19696969696969696,19.83013622491343
88,0.20454545454545456,10.60768122479649
88,0.21212121212121213,2.7076906731009953
88,0.2196969696969697,8.593093801629907
88,0.2272727272727273,7.214456941761952
88,0.23484848484848486,16.206749583678484
88,0.24242424242424243,8.124179528646899
88,0.25,9.260026505370025
88,0.25757575757575757,2.458891440184777
88,0.26515151515151514,7.305255101500146
88,0.2727272727272727,18.591182514078533
88,0.28030303030303033,10.839836200353705
88,0.2878787878787879,8.865326014062111
88,0.29545454545454547,12.502571977432035
88,0.30303030303030304,5.628401131007298
88,0.3106060606060606,1.9775865730982678
88,0.3181818181818182,13.049858215703852
88,0.32575757575757575,15.555945435401531
88,0.33333333333333337,6.735218514526685
88,0.34090909090909094,8.090736466596613
88,0.3484848484848485,6.778197835236333
88,0.3560606060606061,18.805420547245223
88,0.36363636363636365,15.71076881458821
88,0.3712121212121212,6.172530283523886
88,0.3787878787878788,5.391610201339267
88,0.38636363636363635,7.481084293867143
88,0.3939393939393939,15.802919291990305
88,0.40151515151515155,20.50598267196885
88,0.4090909090909091,7.976284681668348
88,0.4166666666666667,3.690154683898537
88,0.42424242424242425,5.392354552637481
88,0.4318181818181818,4.6233838650498456
88,0.4393939393939394,2.7686223890121227
88,0.44696969696969696,4.679440208140112
88,0.4545454545454546,3.2329701950086447
88,0.46212121212121215,1.475653100377677
88,0.4696969696969697,9.992025344283142
88,0.4772727272727273,15.568418221268196
88,0.48484848484848486,10.536421750142885
88,0.49242424242424243,5.856215189519076
89,0.0,7.105427357601002e-15
89,0.006802721088435374,26.055057648929044
89,0.013605442176870748,13.30481348178301
89,0.02040816326530612,26.09565302087198
89,0.027210884353741496,16.33923625607984
89,0.03401360544217687,10.139720833749745
89,0.04081632653061224,21.129501747336494
89,0.047619047619047616,12.290715078736909
89,0.05442176870748299,20.604058545755564
89,0.061224489795918366,21.696576210086498
89,0.06802721088435373,13.723565170316263
89,0.07482993197278912,11.83529715041295
89,0.08163265306122448,14.342849844702977
89,0.08843537414965986,12.1534424290557
89,0.09523809523809523,23.93910817574736
89,0.10204081632653061,18.30469584720281
89,0.10884353741496598,14.840044509000133
89,0.11564625850340135,9.660361416449572
89,0.12244897959183673,15.511311790716496
89,0.1292517006802721,15.917682186858913
89,0.13605442176870747,4.4854154054745425
89,0.14285714285714285,7.869568317077026
89,0.14965986394557823,14.58016214266593
89,0.1564625850340136,15.382983750788426
89,0.16326530612244897,9.038368731797204
89,0.17006802721088435,8.50569398572707
89,0.17687074829931973,3.087110018172158
89,0.18367346938775508,5.130224110213078
89,0.19047619047619047,12.465809034299875
89,0.19727891156462585,4.454175232925616
89,0.20408163265306123,14.518817474101507
89,0.21088435374149658,5.968987354514379
89,0.21768707482993196,4.736827383080988
89,0.22448979591836735,4.615211517321088
89,0.2312925170068027,10.979311608049608
89,0.23809523809523808,8.092657328407094
89,0.24489795918367346,14.465301544809044
89,0.25170068027210885,7.0700474212626405
89,0.2585034013605442,1.5642000586372906
89,0.2653061224489796,9.553931946480812
89,0.27210884353741494,11.488690013641376
89,0.2789115646258503,10.797062317022473
89,0.2857142857142857,8.439118877464274
89,0.2925170068027211,10.805824088658943
89,0.29931972789115646,5.546934033674046
89,0.30612244897959184,4.71812396810829
89,0.3129251700680272,3.032130225535904
89,0.31972789115646255,4.555053897407085
89,0.32653061224489793,7.467603084704659
89,0.3333333333333333,5.8382040633361525
89,0.3401360544217687,16.84921717903332
89,0.3469387755102041,17.29279847619245
89,0.35374149659863946,10.420586476596695
89,0.36054421768707484,8.654157799340794
89,0.36734693877551017,7.902523015348087
89,0.37414965986394555,11.891099855879268
89,0.38095238095238093,5.0359623293645
89,0.3877551020408163,8.458975806871731
89,0.3945578231292517,6.702891623408321
89,0.4013605442176871,11.39529221465275
89,0.40816326530612246,6.932450608584569
89,0.4149659863945578,9.44383979185858
89,0.42176870748299317,8.59255233976947
89,0.42857142857142855,0.6705425326785973
89,0.43537414965986393,9.242654024081375
89,0.4421768707482993,5.24804035627299
89,0.4489795918367347,13.62105002585744
89,0.4557823129251701,18.61524810108924
89,0.4625850340136054,13.586849263867034
89,0.4693877551020408,8.065016584136556
89,0.47619047619047616,11.836161769933831
89,0.48299319727891155,9.510197491250446
89,0.4897959183673469,5.9741008872425505
89,0.4965986394557823,7.631422059846802
90,0.0,6.661338147750939e-15
90,0.006944444444444444,17.769344342646896
90,0.013888888888888888,23.804888815507343
90,0.020833333333333332,11.566655131283797
90,0.027777777777777776,27.873858178859564
90,0.034722222222222224,3.5896670356515523
90,0.041666666666666664,13.10791799373147
90,0.048611111111111105,8.801231427517463
90,0.05555555555555555,11.356490578033126
90,0.0625,4.442342705730111
90,0.06944444444444445,11.77696605864041
90,0.07638888888888888,13.53974675875969
90,0.08333333333333333,10.680813017621773
90,0.09027777777777778,10.426645752680495
90,0.09722222222222221,7.168079305255066
90,0.10416666666666666,13.628598869012736
90,0.1111111111111111,7.234432570388361
90,0.11805555555555555,4.960027324221878
90,0.125,11.630278226732516
90,0.13194444444444445,11.53953590222651
90,0.1388888888888889,8.683702781010005
90,0.14583333333333331,11.986905444073
90,0.15277777777777776,10.1498806812711
90,0.1597222222222222,9.48578919394503
90,0.16666666666666666,10.416007186116262
90,0.1736111111111111,15.09875567717551
90,0.18055555555555555,13.028085621258661
90,0.1875,19.834730772262393
90,0.19444444444444442,15.354609319751118
90,0.20138888888888887,2.2612966547221873
90,0.20833333333333331,8.752879119559777
90,0.21527777777777776,5.464154601033452
90,0.2222222222222222,13.681983226323238
90,0.22916666666666666,7.271732399737701
90,0.2361111111111111,11.014428393026213
90,0.24305555555555555,4.08427147363751
90,0.25,8.325288282036453
90,0.2569444444444444,19.784365395445406
90,0.2638888888888889,13.736604865036266
90,0.2708333333333333,10.266433656508793
90,0.2777777777777778,16.33164403772265
90,0.2847222222222222,7.840687325297818
90,0.29166666666666663,18.228088622543975
90,0.2986111111111111,7.927991586136543
90,0.3055555555555555,3.0244819908325002
90,0.3125,9.118003210438536
90,0.3194444444444444,3.793377105310575
90,0.3263888888888889,5.856798480869382
90,0.3333333333333333,3.014372845142366
90,0.34027777777777773,12.762964347231405
90,0.3472222222222222,8.231121850555526
90,0.35416666666666663,21.03467813097215
90,0.3611111111111111,13.049289819840832
90,0.3680555555555555,23.75250482736488
90,0.375,11.48769145937105
90,0.3819444444444444,6.829654187478885
90,0.38888888888888884,11.33100707507856
90,0.3958333333333333,7.74954647769639
90,0.40277777777777773,1.2090230546689054
90,0.4097222222222222,10.029439675385866
90,0.41666666666666663,8.703618680416767
90,0.4236111111111111,14.328282180359674
90,0.4305555555555555,5.170600393976243
90,0.4375,15.488710650707672
90,0.4444444444444444,8.319368174596276
90,0.45138888888888884,18.016921593233654
90,0.4583333333333333,9.039320231103595
90,0.46527777777777773,12.8768860536277
90,0.4722222222222222,8.248207773086643
90,0.47916666666666663,2.4628755611320963
90,0.4861111111111111,10.407098369151921
90,0.4930555555555555,10.188698538960677
91,0.0,1.5543122344752192e-15
91,0.007142857142857143,12.136320713568423
91,0.014285714285714285,15.08239311745463
91,0.02142857142857143,6.66546858775925
91,0.02857142857142857,8.765575763528167
91,0.03571428571428571,16.09543410279122
91,0.04285714285714286,7.455399429530543
91,0.049999999999999996,7.461626826235561
91,0.05714285714285714,6.637610941152285
91,0.06428571428571428,18.925401505504137
91,0.07142857142857142,6.122674274659871
91,0.07857142857142857,4.4281082407206
91,0.08571428571428572,4.638627294094494
91,0.09285714285714286,20.374137065163268
91,0.09999999999999999,6.325534145593348
91,0.10714285714285714,13.131563020102481
91,0.11428571428571428,14.33561083646618
91,0.12142857142857143,12.860222755357407
91,0.12857142857142856,8.515080388114914
91,0.1357142857142857,10.995539166551419
91,0.14285714285714285,14.710169516136945
91,0.15,9.449898227102516
91,0.15714285714285714,12.979419529549318
91,0.16428571428571428,5.704381175988128
91,0.17142857142857143,6.842446413267402
91,0.17857142857142858,4.717661386816522
91,0.18571428571428572,11.8122813620736
91,0.19285714285714284,18.155393738367945
91,0.19999999999999998,10.751837497174755
91,0.20714285714285713,20.88468229832098
91,0.21428571428571427,5.4158956400996
91,0.22142857142857142,2.2611624749223176
91,0.22857142857142856,11.049091295976815
91,0.2357142857142857,3.8862808294684426
91,0.24285714285714285,5.814246722791198
91,0.25,5.726038143594733
91,0.2571428571428571,13.714749650076596
91,0.2642857142857143,13.503438797624685
91,0.2714285714285714,13.847237890792528
91,0.2785714285714286,3.83506916002565
91,0.2857142857142857,17.39505306308231
91,0.29285714285714287,9.948572748527848
91,0.3,13.012160149233114
91,0.3071428571428571,5.964054898389018
91,0.3142857142857143,14.696125092108653
91,0.3214285714285714,9.568742884742614
91,0.32857142857142857,6.2994871984946
91,0.3357142857142857,13.751382178597158
91,0.34285714285714286,1.696052575369969
91,0.35,24.29492667742155
91,0.35714285714285715,9.198349529874266
91,0.36428571428571427,2.2992046903159173
91,0.37142857142857144,9.527692945571522
91,0.37857142857142856,15.202264012393218
91,0.3857142857142857,10.776662336638998
91,0.39285714285714285,6.882546365264893
91,0.39999999999999997,18.073593778347576
91,0.40714285714285714,8.499531957233714
91,0.41428571428571426,20.63063752223295
91,0.42142857142857143,10.09254285336882
91,0.42857142857142855,10.938731843076374
91,0.4357142857142857,7.041458065353004
91,0.44285714285714284,16.239713712054158
91,0.45,3.637105490528947
91,0.45714285714285713,9.978305706541763
91,0.46428571428571425,18.095005318919082
91,0.4714285714285714,13.271358473220783
91,0.47857142857142854,13.713534080768797
91,0.4857142857142857,13.535611870712748
91,0.4928571428571428,13.639188495427748
92,0.0,2.6645352591003757e-15
92,0.006944444444444444,17.937181345411386
92,0.013888888888888888,14.316020147144357
92,0.020833333333333332,6.655314890345153
92,0.027777777777777776,17.245001813301904
92,0.034722222222222224,9.86231402906014
92,0.041666666666666664,20.97935142042718
92,0.048611111111111105,12.736520665579853
92,0.05555555555555555,15.671374108266088
92,0.0625,18.795888251978255
92,0.06944444444444445,17.701110947973415
92,0.07638888888888888,14.065383759659516
92,0.08333333333333333,13.306150902026777
92,0.09027777777777778,16.283256503935913
92,0.09722222222222221,5.732331643382309
92,0.10416666666666666,15.42799111893421
92,0.1111111111111111,8.915960276023807
92,0.11805555555555555,19.412832364826567
92,0.125,2.8760528966747003
92,0.13194444444444445,15.899703229730271
92,0.1388888888888889,12.55679414637819
92,0.14583333333333331,8.027970494524881
92,0.15277777777777776,12.893948940347219
92,0.1597222222222222,13.761006717570774
92,0.16666666666666666,5.674253879547548
92,0.1736111111111111,6.96990261291811
92,0.18055555555555555,6.898218963554631
92,0.1875,4.9583461065277055
92,0.19444444444444442,4.0127875478672665
92,0.20138888888888887,10.527132978968092
92,0.20833333333333331,13.769630120371804
92,0.21527777777777776,11.187243018498084
92,0.2222222222222222,16.877787844163038
92,0.22916666666666666,8.552910969368865
92,0.2361111111111111,9.112298152326659
92,0.24305555555555555,18.664369566904295
92,0.25,18.777210578395746
92,0.2569444444444444,3.4707099030059774
92,0.2638888888888889,9.407231131935603
92,0.2708333333333333,6.036060875184957
92,0.2777777777777778,7.287976715541546
92,0.2847222222222222,8.143919402589981
92,0.29166666666666663,8.09371026786587
92,0.2986111111111111,1.0452785225804353
92,0.3055555555555555,12.582996795645904
92,0.3125,13.964685299169753
92,0.3194444444444444,4.110111056821492
92,0.3263888888888889,8.147352833817816
92,0.3333333333333333,2.617134081690001
92,0.34027777777777773,7.362409890825642
92,0.3472222222222222,6.012551820313808
92,0.35416666666666663,16.969590992981622
92,0.3611111111111111,3.4281472202615935
92,0.3680555555555555,9.09704549700829
92,0.375,8.983795208179172
92,0.3819444444444444,7.621199499235106
92,0.38888888888888884,5.475196930440723
92,0.3958333333333333,11.726276667581718
92,0.40277777777777773,14.432350598629403
92,0.4097222222222222,1.1856333729437487
92,0.41666666666666663,5.597067840481373
92,0.4236111111111111,2.0437703622760117
92,0.4305555555555555,15.817800719450165
92,0.4375,14.639544747522978
92,0.4444444444444444,8.719244065932134
92,0.45138888888888884,16.3598979227387
92,0.4583333333333333,7.45826185267025
92,0.46527777777777773,7.830471105930614
92,0.4722222222222222,21.059701461534086
92,0.47916666666666663,23.335313896032222
92,0.4861111111111111,11.075641465632563
92,0.4930555555555555,6.37099095581997
93,0.0,7.105427357601002e-15
93,0.007194244604316547,16.87494832334374
93,0.014388489208633094,21.151076854390904
93,0.02158273381294964,15.252406668991334
93,0.02877697841726619,8.612932913363942
93,0.03597122302158273,11.041909532233628
93,0.04316546762589928,16.1909431835066
93,0.05035971223021583,11.538506661277863
93,0.05755395683453238,14.217645664448039
93,0.06474820143884892,7.438880968638657
93,0.07194244604316546,17.119975656126414
93,0.07913669064748202,6.7163191768007255
93,0.08633093525179857,9.821591463055093
93,0.09352517985611511,3.1786893520357777
93,0.10071942446043167,14.30872475452316
93,0.10791366906474821,2.554914884428217
93,0.11510791366906475,6.133305631400867
93,0.1223021582733813,4.073352986927184
93,0.12949640287769784,13.699024129855639
93,0.1366906474820144,4.701842291627942
93,0.14388489208633093,20.282277914806134
93,0.1510791366906475,2.7806986835254826
93,0.15827338129496404,14.458578295186598
93,0.16546762589928057,25.33418272745293
93,0.17266187050359713,6.909165370747604
93,0.1798561151079137,12.547075202092467
93,0.18705035971223022,3.835130081289757
93,0.19424460431654678,13.030938204302355
93,0.20143884892086333,7.907034779377995
93,0.20863309352517986,15.000825655763368
93,0.21582733812949642,2.4182525465544242
93,0.22302158273381295,20.43917500198398
93,0.2302158273381295,3.9113838938114185
93,0.23741007194244607,7.238515300094227
93,0.2446043165467626,15.840010587355959
93,0.2517985611510791,7.824547838020492
93,0.2589928057553957,11.17344358184964
93,0.26618705035971224,4.853012789407565
93,0.2733812949640288,8.742015612748459
93,0.28057553956834536,7.985023469086815
93,0.28776978417266186,7.914743132472491
93,0.2949640287769784,23.09743535494567
93,0.302158273381295,8.92514809315971
93,0.30935251798561153,9.917226350793449
93,0.3165467625899281,14.131712924771561
93,0.32374100719424465,10.999499343858309
93,0.33093525179856115,11.581646954217408
93,0.3381294964028777,7.143824598604718
93,0.34532374100719426,10.61938932654199
93,0.3525179856115108,7.47933467508954
93,0.3597122302158274,11.464248114576039
93,0.3669064748201439,13.038853145369911
93,0.37410071942446044,9.297499490764878
93,0.381294964028777,15.778506327145212
93,0.38848920863309355,14.102485231609196
93,0.3956834532374101,9.333572040306072
93,0.40287769784172667,0.2717286395307033
93,0.41007194244604317,7.88173326715838
93,0.4172661870503597,10.87214420368828
93,0.4244604316546763,12.077215331960915
93,0.43165467625899284,6.854122542146567
93,0.4388489208633094,5.696751718817292
93,0.4460431654676259,18.690879919438945
93,0.45323741007194246,2.6278759479418694
93,0.460431654676259,7.392728197010053
93,0.4676258992805756,3.6844023418710883
93,0.47482014388489213,10.122904974460464
93,0.48201438848920863,16.974303179494786
93,0.4892086330935252,16.636043297159798
93,0.49640287769784175,4.305159506929046
94,0.0,1.3322676295501878e-15
94,0.007246376811594203,1.7093715963018228
94,0.014492753623188406,16.369910587893592
94,0.021739130434782608,7.747773483054582
94,0.028985507246376812,15.162773226251788
94,0.036231884057971016,4.186073976771841
94,0.043478260869565216,7.973335168982561
94,0.050724637681159424,6.501653384844337
94,0.057971014492753624,9.087624892473087
94,0.06521739130434782,22.809655025359433
94,0.07246376811594203,23.49485489410417
94,0.07971014492753624,15.901235273470508
94,0.08695652173913043,5.702551684836328
94,0.09420289855072464,8.14845976813248
94,0.10144927536231885,1.6452963376213
94,0.10869565217391304,7.904168479166427
94,0.11594202898550725,6.235440228797868
94,0.12318840579710146,11.779776869788032
94,0.13043478260869565,8.128097922750948
94,0.13768115942028986,9.467304709692872
94,0.14492753623188406,9.004777866812804
94,0.15217391304347827,25.042520733671473
94,0.15942028985507248,13.772529481805392
94,0.16666666666666666,12.551929579415287
94,0.17391304347826086,4.827326741451553
94,0.18115942028985507,4.112987037329815
94,0.18840579710144928,2.9835342164966554
94,0.1956521739130435,3.188904690604543
94,0.2028985507246377,5.798140513215607
94,0.21014492753623187,8.66662372876361
94,0.21739130434782608,9.24847078719383
94,0.2246376811594203,20.98167421724318
94,0.2318840579710145,10.32467783480503
94,0.2391304347826087,10.406414704561444
94,0.2463768115942029,3.2217761460589447
94,0.2536231884057971,11.734970052541934
94,0.2608695652173913,5.192937588127132
94,0.26811594202898553,2.8905238736219956
94,0.2753623188405797,13.004241680780044
94,0.2826086956521739,11.447205277082155
94,0.2898550724637681,20.837902646353474
94,0.2971014492753623,4.322878015346619
94,0.30434782608695654,4.847285583314717
94,0.3115942028985507,2.753797863170247
94,0.31884057971014496,15.364399231695305
94,0.32608695652173914,6.320584600796259
94,0.3333333333333333,6.274766109973882
94,0.34057971014492755,14.524860733106394
94,0.34782608695652173,7.987375696902084
94,0.35507246376811596,6.314636294574931
94,0.36231884057971014,15.490275708091731
94,0.3695652173913044,9.507542633735467
94,0.37681159420289856,6.584520988836554
94,0.38405797101449274,5.242868965042516
94,0.391304347826087,13.359038171572063
94,0.39855072463768115,12.00385658940383
94,0.4057971014492754,9.858043816696476
94,0.41304347826086957,16.284280306383348
94,0.42028985507246375,15.192039099092678
94,0.427536231884058,13.244299112777092
94,0.43478260869565216,14.799730788863561
94,0.4420289855072464,5.235048473417855
94,0.4492753623188406,10.48085627817224
94,0.4565217391304348,21.742526305374987
94,0.463768115942029,7.6762670903803745
94,0.47101449275362317,16.334261667282487
94,0.4782608695652174,18.486394763399048
94,0.4855072463768116,8.185141901720398
94,0.4927536231884058,17.15462795639108
95,0.0,1.021405182655144e-14
95,0.007142857142857143,14.52792438952979
95,0.014285714285714285,19.188047641378258
95,0.02142857142857143,14.91893624364686
95,0.02857142857142857,4.871362673893997
95,0.03571428571428571,13.090415189844604
95,0.04285714285714286,21.02724232373161
95,0.049999999999999996,6.577653771008859
95,0.05714285714285714,12.200369688303951
95,0.06428571428571428,14.402529980870765
95,0.07142857142857142,9.523159476884473
95,0.07857142857142857,12.071236838575931
95,0.08571428571428572,16.07873786799837
95,0.09285714285714286,22.021419511277475
95,0.09999999999999999,17.74838722490129
95,0.10714285714285714,13.022428529007547
95,0.11428571428571428,3.6314542393284386
95,0.12142857142857143,14.911631396838512
95,0.12857142857142856,12.610590424143044
95,0.1357142857142857,4.031410570243727
95,0.14285714285714285,11.649695211915523
95,0.15,7.4367502695099
95,0.15714285714285714,16.97360992225131
95,0.16428571428571428,15.99803759450543
95,0.17142857142857143,9.189172009113461
95,0.17857142857142858,7.643129193241975
95,0.18571428571428572,9.338374059231697
95,0.19285714285714284,9.540457716372615
95,0.19999999999999998,2.9361405307975925
95,0.20714285714285713,8.23394617904887
95,0.21428571428571427,15.017690761029385
95,0.22142857142857142,15.143837150265142
95,0.22857142857142856,3.885794751356465
95,0.2357142857142857,13.831777973545357
95,0.24285714285714285,6.483768408369488
95,0.25,11.257093823891784
95,0.2571428571428571,16.662186297150978
95,0.2642857142857143,20.36642580065155
95,0.2714285714285714,11.538279418856428
95,0.2785714285714286,1.9821613080040172
95,0.2857142857142857,7.054037667272689
95,0.29285714285714287,3.180991085494179
95,0.3,13.876510802893572
95,0.3071428571428571,8.125328938898408
95,0.3142857142857143,10.731184585550755
95,0.3214285714285714,14.620309641457688
95,0.32857142857142857,16.287121786431705
95,0.3357142857142857,4.321205812647531
95,0.34285714285714286,2.190194849602494
95,0.35,11.078730562794867
95,0.35714285714285715,8.54528341505535
95,0.36428571428571427,18.387185871383714
95,0.37142857142857144,10.374267458386084
95,0.37857142857142856,6.032478142462584
95,0.3857142857142857,8.127486082143225
95,0.39285714285714285,2.4522548923104206
95,0.39999999999999997,12.13153259168273
95,0.40714285714285714,9.997892671560454
95,0.41428571428571426,20.494464844612022
95,0.42142857142857143,7.994846981057648
95,0.42857142857142855,16.774658331780245
95,0.4357142857142857,4.000150933731153
95,0.44285714285714284,11.13496807964881
95,0.45,2.2666628493037817
95,0.45714285714285713,1.3093081869846441
95,0.46428571428571425,9.189751298149153
95,0.4714285714285714,9.770641147891412
95,0.47857142857142854,13.799314660466656
95,0.4857142857142857,6.972764162124778
95,0.4928571428571428,4.570796952863909
96,0.0,3.3306690738754696e-15
96,0.007633587786259542,22.03660760668933
96,0.015267175572519083,7.824651875668804
96,0.022900763358778626,14.047723026107924
96,0.030534351145038167,7.349003643824378
96,0.03816793893129771,3.7684520359599865
96,0.04580152671755725,11.259239351106732
96,0.05343511450381679,19.472713707548404
96,0.061068702290076333,15.682332932018198
96,0.06870229007633588,3.53240227891293
96,0.07633587786259542,16.459728525947714
96,0.08396946564885496,2.3100587814500124
96,0.0916030534351145,10.988183528453424
96,0.09923664122137404,11.089576182275474
96,0.10687022900763359,8.159866970886013
96,0.11450381679389313,8.46218887583471
96,0.12213740458015267,3.8342796574518454
96,0.1297709923664122,19.92862495849765
96,0.13740458015267176,21.142609784033905
96,0.1450381679389313,21.629891318028292
96,0.15267175572519084,2.7140932730250986
96,0.16030534351145037,6.330351044881962
96,0.16793893129770993,16.764546873475993
96,0.17557251908396945,2.711820837787428
96,0.183206106870229,4.2776044622188065
96,0.19083969465648853,5.810840820916384
96,0.1984732824427481,8.070720864104837
96,0.20610687022900762,0.9148727949452835
96,0.21374045801526717,14.321922098509058
96,0.2213740458015267,10.064346016403496
96,0.22900763358778625,7.225149389728644
96,0.23664122137404578,3.9928335229525076
96,0.24427480916030533,8.488241048510965
96,0.25190839694656486,11.170101942176501
96,0.2595419847328244,9.749338664466901
96,0.26717557251908397,7.212623410357873
96,0.2748091603053435,13.31412401110371
96,0.282442748091603,14.256877350795902
96,0.2900763358778626,22.43118421617847
96,0.29770992366412213,13.883973747598798
96,0.3053435114503817,11.615305970514113
96,0.3129770992366412,11.810530206944836
96,0.32061068702290074,9.816694054568051
96,0.3282442748091603,2.2369168271330704
96,0.33587786259541985,5.2409793065081365
96,0.34351145038167935,15.865515817676389
96,0.3511450381679389,12.184620507447788
96,0.35877862595419846,14.149261336609397
96,0.366412213740458,13.916287387083658
96,0.37404580152671757,2.7015320214521705
96,0.38167938931297707,12.721441982998762
96,0.3893129770992366,12.63035631617503
96,0.3969465648854962,8.86723882549216
96,0.40458015267175573,13.117153819687566
96,0.41221374045801523,4.6321414457020955
96,0.4198473282442748,10.26756023878895
96,0.42748091603053434,6.253684130823548
96,0.4351145038167939,5.7735441338870706
96,0.4427480916030534,12.769858419160379
96,0.45038167938931295,12.769287472318217
96,0.4580152671755725,10.411035482789142
96,0.46564885496183206,7.513011949846362
96,0.47328244274809156,8.268967542794842
96,0.4809160305343511,9.547921487729383
96,0.48854961832061067,6.7450488486086355
96,0.4961832061068702,9.906009623522685
97,0.0,1.3988810110276972e-14
97,0.00684931506849315,41.423927839746376
97,0.0136986301369863,21.424079027854933
97,0.02054794520547945,5.355307534710101
97,0.0273972602739726,8.5682527385838
97,0.03424657534246575,7.797019696830249
97,0.0410958904109589,8.210039963114104
97,0.04794520547945205,10.57602526056688
97,0.0547945205479452,17.74288988452648
97,0.06164383561643835,12.853401114858352
97,0.0684931506849315,1.6371130726937897
97,0.07534246575342465,4.674791056105319
97,0.0821917808219178,16.185557398983327
97,0.08904109589041095,10.107163151531347
97,0.0958904109589041,12.624604573615102
97,0.10273972602739725,8.23995926018563
97,0.1095890410958904,11.406116621856718
97,0.11643835616438356,9.309948652153924
97,0.1232876712328767,9.112361531422996
97,0.13013698630136986,7.800774010371654
97,0.136986301369863,11.311618153534734
97,0.14383561643835616,9.515211389889764
97,0.1506849315068493,10.365748077529119
97,0.15753424657534246,5.132055509342143
97,0.1643835616438356,4.1733413506865675
97,0.17123287671232876,14.489651014899886
97,0.1780821917808219,11.174061961746364
97,0.18493150684931506,5.826769190283518
97,0.1917808219178082,4.787540976370261
97,0.19863013698630136,8.76210688139616
97,0.2054794520547945,17.37092019602525
97,0.21232876712328766,6.878743178096831
97,0.2191780821917808,2.267659386557089
97,0.22602739726027396,8.424384485102983
97,0.2328767123287671,14.80934207890764
97,0.23972602739726026,5.771097215634987
97,0.2465753424657534,10.905852686061513
97,0.2534246575342466,19.011897743268545
97,0.2602739726027397,13.356664257248966
97,0.26712328767123283,9.367801807332397
97,0.273972602739726,16.62044091511415
97,0.2808219178082192,3.1519730817580722
97,0.2876712328767123,16.96909110152266
97,0.29452054794520544,9.63956228487371
97,0.3013698630136986,24.57569828614813
97,0.3082191780821918,11.61797847764158
97,0.3150684931506849,1.8403765026351075
97,0.32191780821917804,7.917956512248029
97,0.3287671232876712,6.291339477680654
97,0.3356164383561644,9.697168395450163
97,0.3424657534246575,10.934464371105834
97,0.34931506849315064,9.386511465358813
97,0.3561643835616438,12.989890792291442
97,0.363013698630137,10.882351312683308
97,0.3698630136986301,7.138978334031871
97,0.37671232876712324,6.82790893215863
97,0.3835616438356164,10.468239584673219
97,0.3904109589041096,4.662461939349908
97,0.3972602739726027,25.903411225766746
97,0.40410958904109584,19.551286801665988
97,0.410958904109589,9.269270071044712
97,0.4178082191780822,5.688755711232484
97,0.4246575342465753,10.697607700737633
97,0.43150684931506844,3.789458034580266
97,0.4383561643835616,0.8498923803118643
97,0.4452054794520548,8.209813714025392
97,0.4520547945205479,13.405155575598286
97,0.45890410958904104,7.020089470976261
97,0.4657534246575342,2.7377428592344013
97,0.4726027397260274,12.320811668924305
97,0.4794520547945205,14.325786035264352
97,0.48630136986301364,11.010375416419215
97,0.4931506849315068,2.7970020490701604
98,0.0,7.105427357601002e-15
98,0.007462686567164179,10.642040849253837
98,0.014925373134328358,35.524094960412114
98,0.022388059701492536,12.808864233986418
98,0.029850746268656716,10.294528004598556
98,0.03731343283582089,13.101061983048927
98,0.04477611940298507,4.631683614420219
98,0.05223880597014925,13.410484470879622
98,0.05970149253731343,7.898952505778205
98,0.06716417910447761,14.001652543955256
98,0.07462686567164178,7.388901485507929
98,0.08208955223880597,12.770508177197492
98,0.08955223880597014,6.021428598711829
98,0.09701492537313433,11.228103313431061
98,0.1044776119402985,8.854861059336796
98,0.11194029850746269,8.893996608285677
98,0.11940298507462686,8.06045810441928
98,0.12686567164179105,7.169090017875535
98,0.13432835820895522,7.900387671660051
98,0.1417910447761194,6.45107445704296
98,0.14925373134328357,10.609923356307059
98,0.15671641791044777,7.08172226141077
98,0.16417910447761194,14.567303146220697
98,0.17164179104477612,24.712209929134943
98,0.1791044776119403,22.73940129940088
98,0.18656716417910446,13.07204395537458
98,0.19402985074626866,9.627373309622934
98,0.20149253731343283,14.215087671301328
98,0.208955223880597,4.1712291779605914
98,0.21641791044776118,13.108260905180796
98,0.22388059701492538,5.744919832061345
98,0.23134328358208955,11.219007679773371
98,0.23880597014925373,2.118269532676389
98,0.2462686567164179,11.258945375348429
98,0.2537313432835821,0.821989984955628
98,0.26119402985074625,5.281545356779543
98,0.26865671641791045,16.922206353263114
98,0.27611940298507465,8.893055348294935
98,0.2835820895522388,19.360797667449965
98,0.291044776119403,10.126738286969442
98,0.29850746268656714,14.046046162574767
98,0.30597014925373134,2.5189231743445992
98,0.31343283582089554,7.321093133040756
98,0.3208955223880597,7.800082880611544
98,0.3283582089552239,3.7406917780402775
98,0.33582089552238803,8.20202629784286
98,0.34328358208955223,1.0763238200555354
98,0.35074626865671643,12.166710955582879
98,0.3582089552238806,8.839118760686596
98,0.3656716417910448,2.8540958758556885
98,0.3731343283582089,5.853842284903487
98,0.3805970149253731,14.448301335856145
98,0.3880597014925373,9.635445429389256
98,0.39552238805970147,6.524910425498965
98,0.40298507462686567,13.572236139526497
98,0.41044776119402987,14.682875939439715
98,0.417910447761194,8.440643523435055
98,0.4253731343283582,17.98560850716106
98,0.43283582089552236,3.2197985119584964
98,0.44029850746268656,7.193651125123237
98,0.44776119402985076,15.699664207219259
98,0.4552238805970149,6.44358994755302
98,0.4626865671641791,14.316139563269806
98,0.47014925373134325,7.852923478742783
98,0.47761194029850745,5.442110207511806
98,0.48507462686567165,2.093248049956348
98,0.4925373134328358,1.3154857309428425
99,0.0,6.217248937900877e-15
99,0.006944444444444444,39.187305105541334
99,0.013888888888888888,27.6497055584052
99,0.020833333333333332,27.358928869640582
99,0.027777777777777776,20.246235514686898
99,0.034722222222222224,10.223378913939255
99,0.041666666666666664,4.33727029489131
99,0.048611111111111105,5.243898934518989
99,0.05555555555555555,3.934363107654008
99,0.0625,10.234104055734617
99,0.06944444444444445,16.017114487626845
99,0.07638888888888888,12.260941549331818
99,0.08333333333333333,4.225366077178058
99,0.09027777777777778,1.9771012797368117
99,0.09722222222222221,5.826043882627893
99,0.10416666666666666,1.497648169927518
99,0.1111111111111111,19.99300915729425
99,0.11805555555555555,9.317965756768498
99,0.125,17.0476205908494
99,0.13194444444444445,5.973083739684817
99,0.1388888888888889,4.926992483633425
99,0.14583333333333331,11.704706507002959
99,0.15277777777777776,7.747243900991543
99,0.1597222222222222,2.411809732492296
99,0.16666666666666666,1.3575742591867566
99,0.1736111111111111,6.07946290529232
99,0.18055555555555555,2.839364090976345
99,0.1875,5.773008453408997
99,0.19444444444444442,6.834602129696386
99,0.20138888888888887,11.419947224130178
99,0.20833333333333331,14.842958912159451
99,0.21527777777777776,5.243177421050389
99,0.2222222222222222,8.371182106165978
99,0.22916666666666666,6.956019252676374
99,0.2361111111111111,2.8813585244307114
99,0.24305555555555555,1.6558119151824584
99,0.25,11.697335961974153
99,0.2569444444444444,7.487751528602268
99,0.2638888888888889,4.134368880309292
99,0.2708333333333333,5.958872887287361
99,0.2777777777777778,3.9932598833529456
99,0.2847222222222222,9.081444671595523
99,0.29166666666666663,5.020416641284985
99,0.2986111111111111,5.169298252029042
99,0.3055555555555555,4.554372964546036
99,0.3125,12.578162600335869
99,0.3194444444444444,13.773703515774137
99,0.3263888888888889,13.142503387067725
99,0.3333333333333333,13.07465931875378
99,0.34027777777777773,15.996677635194024
99,0.3472222222222222,19.554292866910394
99,0.35416666666666663,13.139464366897254
99,0.3611111111111111,4.156267447017595
99,0.3680555555555555,8.450031796520257
99,0.375,6.439749711463893
99,0.3819444444444444,7.424889659704557
99,0.38888888888888884,5.148796786062058
99,0.3958333333333333,5.348360446889914
99,0.40277777777777773,9.37687377815041
99,0.4097222222222222,4.104110225524196
99,0.41666666666666663,11.63798624078897
99,0.4236111111111111,1.0764251859608351
99,0.4305555555555555,3.8587432671366355
99,0.4375,6.861268951481348
99,0.4444444444444444,8.812773562414153
99,0.45138888888888884,8.742621885066688
99,0.4583333333333333,8.690643962792596
99,0.46527777777777773,16.658528366408387
99,0.4722222222222222,17.3684653211045
99,0.47916666666666663,19.36288128709052
99,0.4861111111111111,14.958596507580136
99,0.4930555555555555,22.963643512024955
