sid,freq,power
0,0.0,3.552713678800501e-15
0,0.006172839506172839,13.50656245190474
0,0.012345679012345678,15.240088918076815
0,0.018518518518518517,12.726816684821086
0,0.024691358024691357,15.106821504536398
0,0.030864197530864196,16.151487911135106
0,0.037037037037037035,7.588106887095513
0,0.043209876543209874,9.039020737940778
0,0.04938271604938271,10.055298361708232
0,0.05555555555555555,3.879073627760693
0,0.06172839506172839,5.775625321387018
0,0.06790123456790123,11.071178562971332
0,0.07407407407407407,3.3584809597716148
0,0.08024691358024691,20.009475123555024
0,0.08641975308641975,16.579246004254752
0,0.09259259259259259,9.981731676889266
0,0.09876543209876543,13.433200781149818
0,0.10493827160493827,9.722145943889354
0,0.1111111111111111,12.132366479485388
0,0.11728395061728394,4.5720701417733105
0,0.12345679012345678,15.021218217940342
0,0.12962962962962962,10.366534309804047
0,0.13580246913580246,3.93224152496723
0,0.1419753086419753,19.846121155951163
0,0.14814814814814814,12.970166801180811
0,0.15432098765432098,15.18642481080342
0,0.16049382716049382,8.793196044781299
0,0.16666666666666666,15.740731209547684
0,0.1728395061728395,6.841310924946266
0,0.17901234567901234,14.063966014835964
0,0.18518518518518517,11.053331042060455
0,0.19135802469135801,3.9072688055475737
0,0.19753086419753085,4.991301046479851
0,0.2037037037037037,7.00740185087642
0,0.20987654320987653,8.832594939102293
0,0.21604938271604937,6.69953229413226
0,0.2222222222222222,19.301765403172816
0,0.22839506172839505,9.749785509138643
0,0.2345679012345679,7.136959407250471
0,0.24074074074074073,16.952880939316756
0,0.24691358024691357,10.690978671400778
0,0.25308641975308643,4.717750661295107
0,0.25925925925925924,13.780086878554194
0,0.26543209876543206,8.163143462330371
0,0.2716049382716049,25.068320896712912
0,0.2777777777777778,9.304639889605797
0,0.2839506172839506,9.54429368543569
0,0.2901234567901234,7.436148453927784
0,0.2962962962962963,13.110192905609136
0,0.30246913580246915,18.3646991816697
0,0.30864197530864196,10.247970999777497
0,0.31481481481481477,6.207668455777677
0,0.32098765432098764,24.476031533412616
0,0.3271604938271605,26.97964573237876
0,0.3333333333333333,19.16829897021201
0,0.3395061728395061,10.781628009757679
0,0.345679012345679,17.528368589700527
0,0.35185185185185186,17.256803061243506
0,0.35802469135802467,15.037116180114284
0,0.3641975308641975,15.720340978413931
0,0.37037037037037035,14.69955223590596
0,0.3765432098765432,10.418948759222333
0,0.38271604938271603,2.2710627116128896
0,0.38888888888888884,6.494771171094391
0,0.3950617283950617,10.04700015831029
0,0.4012345679012346,8.17881158277228
0,0.4074074074074074,18.73848304252391
0,0.4135802469135802,6.281636135662132
0,0.41975308641975306,13.665234299109553
0,0.42592592592592593,20.692644692791532
0,0.43209876543209874,15.553401809167667
0,0.43827160493827155,6.688091820817555
0,0.4444444444444444,15.992646241694525
0,0.4506172839506173,6.937382141161921
0,0.4567901234567901,1.243998900579736
0,0.4629629629629629,8.201367097451678
0,0.4691358024691358,11.494826809439575
0,0.47530864197530864,17.09489464772532
0,0.48148148148148145,6.691687045399503
0,0.48765432098765427,1.5403482359435314
0,0.49382716049382713,9.560366859383672
1,0.0,1.7763568394002505e-15
1,0.006578947368421052,6.99219681091052
1,0.013157894736842105,8.545605709384533
1,0.019736842105263157,18.978209369619425
1,0.02631578947368421,18.381064398147352
1,0.03289473684210526,13.37923211641217
1,0.039473684210526314,9.395699883078136
1,0.046052631578947366,7.886651886468367
1,0.05263157894736842,12.48081024125912
1,0.05921052631578947,2.866668202566544
1,0.06578947368421052,12.278502948554205
1,0.07236842105263158,12.597711917931322
1,0.07894736842105263,8.865082515330538
1,0.08552631578947367,11.427621149360139
1,0.09210526315789473,5.002312159017789
1,0.09868421052631579,7.871131325473216
1,0.10526315789473684,6.015907703511998
1,0.11184210526315788,18.713565746268422
1,0.11842105263157894,4.536815266896371
1,0.125,10.08049665359153
1,0.13157894736842105,12.100360524637454
1,0.1381578947368421,8.312808583461756
1,0.14473684210526316,2.5010366019305468
1,0.1513157894736842,16.620483708880823
1,0.15789473684210525,13.419470500003799
1,0.1644736842105263,4.7893059387250725
1,0.17105263157894735,16.639259722093563
1,0.17763157894736842,13.297308261600545
1,0.18421052631578946,9.765283516112083
1,0.1907894736842105,4.8347344278276045
1,0.19736842105263158,12.820653177387292
1,0.20394736842105263,11.557171448351884
1,0.21052631578947367,21.078215284984097
1,0.21710526315789472,16.76263040890057
1,0.22368421052631576,11.980155035729709
1,0.23026315789473684,24.93291622492164
1,0.23684210526315788,2.0937304272764115
1,0.24342105263157893,12.409983656387794
1,0.25,14.231882982641363
1,0.256578947368421,15.677144295971633
1,0.2631578947368421,7.66878385148349
1,0.26973684210526316,16.079920729830913
1,0.2763157894736842,10.887878647873142
1,0.28289473684210525,17.60836283295402
1,0.2894736842105263,16.0080615330151
1,0.29605263157894735,5.557328453260709
1,0.3026315789473684,8.857402127190122
1,0.30921052631578944,6.047738342736419
1,0.3157894736842105,5.853845158714385
1,0.3223684210526316,12.10256863904932
1,0.3289473684210526,17.685278025877665
1,0.3355263157894737,2.0150253767573663
1,0.3421052631578947,17.094365730350685
1,0.34868421052631576,12.64286751728263
1,0.35526315789473684,12.526735571408988
1,0.36184210526315785,14.87122821930948
1,0.3684210526315789,16.989938722053378
1,0.375,10.1428773586047
1,0.381578947368421,22.09653235066082
1,0.3881578947368421,11.64928334959782
1,0.39473684210526316,9.485921031574739
1,0.4013157894736842,14.363559445986757
1,0.40789473684210525,23.488454605705062
1,0.41447368421052627,10.339492746572914
1,0.42105263157894735,5.408374879559709
1,0.4276315789473684,15.899135109393004
1,0.43421052631578944,13.41262832800048
1,0.4407894736842105,7.36937190863813
1,0.4473684210526315,10.723954705452735
1,0.4539473684210526,3.970090619440536
1,0.4605263157894737,5.685244678487722
1,0.4671052631578947,10.943544848102476
1,0.47368421052631576,1.4656879374345955
1,0.48026315789473684,9.84314371204907
1,0.48684210526315785,6.708924041117655
1,0.4934210526315789,5.720058422901899
2,0.0,7.105427357601002e-15
2,0.006756756756756757,1.2622341011676323
2,0.013513513513513514,14.651703799536765
2,0.02027027027027027,20.30624129172208
2,0.02702702702702703,14.131608394597297
2,0.033783783783783786,10.52738306665023
2,0.04054054054054054,16.493095733695682
2,0.0472972972972973,9.780957870707102
2,0.05405405405405406,1.2909728991595366
2,0.060810810810810814,8.790754322999367
2,0.06756756756756757,8.684521937459568
2,0.07432432432432433,12.344053249438856
2,0.08108108108108109,7.614561718329744
2,0.08783783783783784,10.67048306265333
2,0.0945945945945946,7.760928904662695
2,0.10135135135135136,14.259806897971435
2,0.10810810810810811,4.011978478822961
2,0.11486486486486487,5.872768658607618
2,0.12162162162162163,12.871215503566647
2,0.1283783783783784,20.200372501406697
2,0.13513513513513514,17.209177225427027
2,0.14189189189189189,7.106170658989129
2,0.14864864864864866,14.127498978687132
2,0.15540540540540543,9.917979952889254
2,0.16216216216216217,19.27368677245536
2,0.16891891891891891,14.457560252018002
2,0.17567567567567569,8.755767621867522
2,0.18243243243243246,10.638929908807324
2,0.1891891891891892,10.246553800671478
2,0.19594594594594594,6.628959840565768
2,0.20270270270270271,9.645393260839013
2,0.20945945945945948,9.789756223897314
2,0.21621621621621623,9.94008641648353
2,0.22297297297297297,11.84168751138095
2,0.22972972972972974,15.074844299759375
2,0.2364864864864865,8.839167125914727
2,0.24324324324324326,9.866141217664493
2,0.25,0.5697873490123385
2,0.2567567567567568,6.86851246348687
2,0.26351351351351354,9.246325662327411
2,0.2702702702702703,7.725866484424124
2,0.27702702702702703,0.7742417778079626
2,0.28378378378378377,25.57076364657846
2,0.29054054054054057,10.459163871283385
2,0.2972972972972973,6.220944019890399
2,0.30405405405405406,11.498888364749726
2,0.31081081081081086,16.74727311872576
2,0.3175675675675676,13.407539850873938
2,0.32432432432432434,18.054947815715263
2,0.3310810810810811,2.0232703431562418
2,0.33783783783783783,8.131915173480285
2,0.3445945945945946,13.5638559897502
2,0.35135135135135137,11.084910055112369
2,0.3581081081081081,18.56057500237862
2,0.3648648648648649,3.4306004067680953
2,0.37162162162162166,29.833128833359492
2,0.3783783783783784,0.7322228608192337
2,0.38513513513513514,7.831144005624443
2,0.3918918918918919,10.149329260699796
2,0.3986486486486487,15.038029617641063
2,0.40540540540540543,19.349297148056287
2,0.41216216216216217,0.4247185259633859
2,0.41891891891891897,2.9115839490779525
2,0.4256756756756757,6.775135574326182
2,0.43243243243243246,6.739480600824008
2,0.4391891891891892,4.8127018331112845
2,0.44594594594594594,17.409226573530862
2,0.45270270270270274,16.326722808566092
2,0.4594594594594595,7.060351483199474
2,0.46621621621621623,21.21716594690918
2,0.472972972972973,6.104852290446848
2,0.47972972972972977,10.619324231429013
2,0.4864864864864865,1.2118517551929398
2,0.49324324324324326,9.699636299662064
3,0.0,0.0
3,0.006289308176100629,22.51769225927721
3,0.012578616352201259,28.17052501606438
3,0.01886792452830189,1.8698662012205773
3,0.025157232704402517,6.8827957054168944
3,0.031446540880503145,7.876410356786761
3,0.03773584905660378,7.87450110934134
3,0.04402515723270441,7.8603909664293345
3,0.050314465408805034,3.0355121316893925
3,0.05660377358490566,4.09543733337463
3,0.06289308176100629,8.843148440784804
3,0.06918238993710692,15.818546117773435
3,0.07547169811320756,20.560934324022114
3,0.08176100628930819,2.3301703811866976
3,0.08805031446540881,9.923126866420409
3,0.09433962264150944,12.141170223817866
3,0.10062893081761007,10.893581977504335
3,0.1069182389937107,9.335358741951433
3,0.11320754716981132,13.505457856177216
3,0.11949685534591195,3.4832480114891875
3,0.12578616352201258,14.335280423549294
3,0.1320754716981132,8.641077586590567
3,0.13836477987421383,8.132895690198605
3,0.14465408805031446,15.561862951814772
3,0.15094339622641512,13.742134487178744
3,0.15723270440251574,14.020006844038422
3,0.16352201257861637,10.422715695367426
3,0.169811320754717,0.8302568265430134
3,0.17610062893081763,5.854895075498442
3,0.18238993710691825,12.056291181188854
3,0.18867924528301888,26.983617812983535
3,0.1949685534591195,12.930445646109181
3,0.20125786163522014,8.498349573735839
3,0.20754716981132076,7.496342284538301
3,0.2138364779874214,5.928492986692781
3,0.22012578616352202,19.849894088719797
3,0.22641509433962265,9.93776632767195
3,0.23270440251572327,6.002699810926646
3,0.2389937106918239,18.77242811842652
3,0.24528301886792453,17.842152411531817
3,0.25157232704402516,6.048239652781409
3,0.2578616352201258,3.0623695620062135
3,0.2641509433962264,10.16368289607402
3,0.27044025157232704,14.646129941090518
3,0.27672955974842767,16.735535317463558
3,0.2830188679245283,4.8434894371670145
3,0.2893081761006289,9.535066643779116
3,0.29559748427672955,23.08212469721248
3,0.30188679245283023,13.49559953535956
3,0.30817610062893086,3.3230008228843166
3,0.3144654088050315,17.21187575551129
3,0.3207547169811321,13.646064994000458
3,0.32704402515723274,12.711093042327526
3,0.33333333333333337,11.83584535957435
3,0.339622641509434,9.65946066611199
3,0.3459119496855346,12.073167772524133
3,0.35220125786163525,17.09286983773051
3,0.3584905660377359,10.396948457964394
3,0.3647798742138365,9.681321004394785
3,0.37106918238993714,16.83934489894365
3,0.37735849056603776,11.619970227293855
3,0.3836477987421384,14.523076051026857
3,0.389937106918239,17.490136473049063
3,0.39622641509433965,14.149446466568849
3,0.4025157232704403,8.183601948387379
3,0.4088050314465409,7.693468019350702
3,0.41509433962264153,10.192509567261762
3,0.42138364779874216,13.757359604339586
3,0.4276729559748428,8.156868514999283
3,0.4339622641509434,8.124359331506035
3,0.44025157232704404,5.99338437188739
3,0.44654088050314467,8.256825146753032
3,0.4528301886792453,16.349372646590375
3,0.4591194968553459,7.755318308266504
3,0.46540880503144655,14.480296039955777
3,0.4716981132075472,6.294457968000842
3,0.4779874213836478,20.49149793528435
3,0.48427672955974843,17.9406913016203
3,0.49056603773584906,6.397907077164274
3,0.4968553459119497,0.8260788010307615
4,0.0,5.773159728050814e-15
4,0.006896551724137931,23.083380705028237
4,0.013793103448275862,22.955571868284757
4,0.020689655172413793,9.231570686706664
4,0.027586206896551724,24.7368232567612
4,0.034482758620689655,5.545570878279088
4,0.041379310344827586,7.458894271419912
4,0.04827586206896552,17.72021064281639
4,0.05517241379310345,12.341561995092613
4,0.06206896551724138,7.246950486115289
4,0.06896551724137931,10.071356604591108
4,0.07586206896551724,15.360546445568124
4,0.08275862068965517,9.171884032663694
4,0.0896551724137931,11.202936539129029
4,0.09655172413793103,12.59382759627013
4,0.10344827586206896,6.247514068223528
4,0.1103448275862069,8.011154694028804
4,0.11724137931034483,11.26519834579557
4,0.12413793103448276,17.687327040481406
4,0.13103448275862067,15.171307062142937
4,0.13793103448275862,4.739172347757939
4,0.14482758620689656,11.459882440014205
4,0.15172413793103448,3.383081901342536
4,0.1586206896551724,16.144389059271383
4,0.16551724137931034,12.959352973313429
4,0.1724137931034483,13.201724254891472
4,0.1793103448275862,7.846790163963075
4,0.18620689655172412,12.96230861552513
4,0.19310344827586207,4.151557834917768
4,0.2,2.5415724438536835
4,0.20689655172413793,12.544085769366426
4,0.21379310344827585,20.80211040567615
4,0.2206896551724138,8.075137909975881
4,0.22758620689655173,8.206178304928049
4,0.23448275862068965,12.274249446269508
4,0.24137931034482757,13.163933922534568
4,0.2482758620689655,9.337294191841725
4,0.25517241379310346,3.657798396659487
4,0.26206896551724135,11.152689136836623
4,0.2689655172413793,10.007802614957303
4,0.27586206896551724,11.489743658877941
4,0.2827586206896552,11.788052318724297
4,0.2896551724137931,27.20073476528909
4,0.296551724137931,8.320606071179252
4,0.30344827586206896,15.877501621905717
4,0.3103448275862069,11.41340992776297
4,0.3172413793103448,5.254148890060681
4,0.32413793103448274,14.142617741483988
4,0.3310344827586207,9.35788329358037
4,0.33793103448275863,6.238621429361471
4,0.3448275862068966,11.308104134398203
4,0.35172413793103446,3.8718538287080104
4,0.3586206896551724,12.84040075121987
4,0.36551724137931035,5.965745546010655
4,0.37241379310344824,10.241596251840875
4,0.3793103448275862,7.387792604932599
4,0.38620689655172413,11.627099811683046
4,0.3931034482758621,8.253157148339723
4,0.4,17.241813353551485
4,0.4068965517241379,8.260154489862652
4,0.41379310344827586,3.689613848758478
4,0.4206896551724138,2.353533983819931
4,0.4275862068965517,10.847277277854108
4,0.43448275862068964,8.302317091567312
4,0.4413793103448276,14.94866603238504
4,0.4482758620689655,14.802547720696952
4,0.45517241379310347,14.501821132947002
4,0.46206896551724136,5.129816565435735
4,0.4689655172413793,10.113929443853491
4,0.47586206896551725,2.5317133164078176
4,0.48275862068965514,9.105332043529362
4,0.4896551724137931,9.945920841500097
4,0.496551724137931,14.658761187240092
5,0.0,5.773159728050814e-15
5,0.006329113924050633,22.811607039528923
5,0.012658227848101266,27.183855251539384
5,0.0189873417721519,10.745798603647462
5,0.02531645569620253,7.656035873191433
5,0.03164556962025317,5.043265921325521
5,0.0379746835443038,9.289925207523314
5,0.04430379746835443,11.309614078816828
5,0.05063291139240506,1.0520526724364068
5,0.056962025316455694,6.52348275076592
5,0.06329113924050633,7.478278490540161
5,0.06962025316455696,5.177852363695626
5,0.0759493670886076,9.046830100439424
5,0.08227848101265822,12.998089835140647
5,0.08860759493670886,15.267196361858037
5,0.09493670886075949,31.62482855474462
5,0.10126582278481013,20.78983963302768
5,0.10759493670886076,3.4487454788694
5,0.11392405063291139,8.956270241587664
5,0.12025316455696203,20.54598277517544
5,0.12658227848101267,8.922974367433863
5,0.13291139240506328,11.364223898446188
5,0.13924050632911392,6.173001310505286
5,0.14556962025316456,14.206500625246381
5,0.1518987341772152,4.510399330541199
5,0.15822784810126583,2.298766855191643
5,0.16455696202531644,21.081741185072186
5,0.17088607594936708,10.36295231214605
5,0.17721518987341772,3.0742857533120276
5,0.18354430379746836,1.935810705803383
5,0.18987341772151897,18.198638655693472
5,0.1962025316455696,7.545873125057049
5,0.20253164556962025,18.318332482671103
5,0.2088607594936709,14.555760540346949
5,0.21518987341772153,15.060836290230208
5,0.22151898734177214,18.057104680904406
5,0.22784810126582278,12.049706673786382
5,0.23417721518987342,17.607777224661955
5,0.24050632911392406,16.024131258643205
5,0.24683544303797467,8.791403391091952
5,0.25316455696202533,8.3109646111042
5,0.25949367088607594,5.113631367972971
5,0.26582278481012656,4.825330527171245
5,0.2721518987341772,8.766211385923611
5,0.27848101265822783,14.495329971625113
5,0.2848101265822785,1.3008042695813709
5,0.2911392405063291,13.665616188587032
5,0.2974683544303797,17.02274303234522
5,0.3037974683544304,9.308726892264595
5,0.310126582278481,16.34669064822192
5,0.31645569620253167,12.451227288356923
5,0.3227848101265823,8.115775773363676
5,0.3291139240506329,6.526375557680067
5,0.33544303797468356,7.683720552964137
5,0.34177215189873417,10.251746378420263
5,0.3481012658227848,5.617054229137549
5,0.35443037974683544,14.652251218703304
5,0.36075949367088606,5.741994140924368
5,0.3670886075949367,6.825861763935861
5,0.37341772151898733,2.895905021851408
5,0.37974683544303794,11.530455346645748
5,0.3860759493670886,3.3966489273567015
5,0.3924050632911392,3.8032702430153167
5,0.3987341772151899,17.476250879927097
5,0.4050632911392405,17.09406410508541
5,0.4113924050632911,14.163404438000347
5,0.4177215189873418,18.2687745899862
5,0.4240506329113924,11.683416733486899
5,0.43037974683544306,10.649983956725057
5,0.43670886075949367,12.883083258160601
5,0.4430379746835443,15.44195157592846
5,0.44936708860759494,6.545468535760093
5,0.45569620253164556,12.645346807090958
5,0.4620253164556962,7.301698736755318
5,0.46835443037974683,13.3091865750021
5,0.47468354430379744,10.991773432916183
5,0.4810126582278481,1.8705086143851664
5,0.4873417721518987,13.015565267092157
5,0.49367088607594933,15.31677272987943
6,0.0,9.43689570931383e-16
6,0.006134969325153374,7.729055331637637
6,0.012269938650306749,11.468326986096255
6,0.018404907975460124,19.40074544533124
6,0.024539877300613498,3.386398739539518
6,0.03067484662576687,14.911227839230449
6,0.03680981595092025,4.096783489089186
6,0.04294478527607362,7.5752274075315
6,0.049079754601226995,20.239552706111628
6,0.05521472392638037,16.783775717886922
6,0.06134969325153374,8.651021773711847
6,0.06748466257668712,18.282523556805174
6,0.0736196319018405,11.301266240691572
6,0.07975460122699386,4.229726197710537
6,0.08588957055214724,7.025842398450725
6,0.09202453987730061,21.668598593594957
6,0.09815950920245399,10.768304889296523
6,0.10429447852760737,16.078186663745672
6,0.11042944785276074,16.89957017941695
6,0.11656441717791412,9.643332065639559
6,0.12269938650306748,11.934291552117926
6,0.12883435582822086,27.687604298638995
6,0.13496932515337423,21.84523320954464
6,0.1411042944785276,3.421211784793063
6,0.147239263803681,9.278388003862485
6,0.15337423312883436,7.1353708958292845
6,0.15950920245398773,17.25086573941311
6,0.16564417177914112,10.574621792741825
6,0.17177914110429449,11.870723564768594
6,0.17791411042944785,29.152720000783965
6,0.18404907975460122,1.8931385529078266
6,0.1901840490797546,3.1844106337606894
6,0.19631901840490798,23.06149563933229
6,0.20245398773006135,18.32980224026288
6,0.20858895705521474,6.694064055328659
6,0.2147239263803681,7.301597787713301
6,0.22085889570552147,5.326001239132007
6,0.22699386503067484,8.397898339825156
6,0.23312883435582823,13.041798460238436
6,0.2392638036809816,11.042364527977531
6,0.24539877300613497,15.349029036438047
6,0.25153374233128833,16.15312233805751
6,0.25766871165644173,3.0099493412344964
6,0.2638036809815951,15.755350940132848
6,0.26993865030674846,16.944307907376608
6,0.27607361963190186,3.5435649227743107
6,0.2822085889570552,10.464603786213408
6,0.2883435582822086,12.318354337322086
6,0.294478527607362,4.5474873562688
6,0.3006134969325153,7.379616600942372
6,0.3067484662576687,6.778391043188141
6,0.3128834355828221,8.846911132564243
6,0.31901840490797545,9.972682320491737
6,0.32515337423312884,5.447493686648452
6,0.33128834355828224,11.246061073008688
6,0.3374233128834356,4.755968528743646
6,0.34355828220858897,5.698862408416806
6,0.34969325153374237,7.566343996229797
6,0.3558282208588957,20.564192399095695
6,0.3619631901840491,4.234529997671686
6,0.36809815950920244,3.9475328097759106
6,0.37423312883435583,13.49575473424205
6,0.3803680981595092,14.355911345431167
6,0.38650306748466257,3.500069703758696
6,0.39263803680981596,19.935917286999658
6,0.39877300613496935,9.698856046348958
6,0.4049079754601227,11.696116497957712
6,0.4110429447852761,1.1094339075647268
6,0.4171779141104295,17.32760143191099
6,0.4233128834355828,11.856091811925003
6,0.4294478527607362,3.107491246289891
6,0.43558282208588955,8.291904000571295
6,0.44171779141104295,10.049190725938221
6,0.44785276073619634,12.290969378096259
6,0.4539877300613497,12.12798862258031
6,0.4601226993865031,8.38000053755347
6,0.46625766871165647,10.650828887745211
6,0.4723926380368098,25.14431575427338
6,0.4785276073619632,7.662055351300541
6,0.4846625766871166,12.422780128032972
6,0.49079754601226994,7.542091228211098
6,0.49693251533742333,14.577880951376288
7,0.0,7.105427357601002e-15
7,0.00625,26.995341095744525
7,0.0125,37.43410854319323
7,0.018750000000000003,10.11867288509078
7,0.025,5.45990031164427
7,0.03125,12.963344515645792
7,0.037500000000000006,7.697068157228801
7,0.043750000000000004,12.247047914513823
7,0.05,11.178020939370088
7,0.05625,14.2963674231564
7,0.0625,9.496302785859674
7,0.06875,7.109675483903579
7,0.07500000000000001,15.260205733272393
7,0.08125,17.476865065657964
7,0.08750000000000001,7.688479759596051
7,0.09375,11.275249126880901
7,0.1,7.865616356686283
7,0.10625000000000001,5.6578076256177905
7,0.1125,9.122863874654147
7,0.11875000000000001,12.42266196288131
7,0.125,13.712359341506252
7,0.13125,5.94452378367915
7,0.1375,4.160597559615857
7,0.14375000000000002,11.675175413348024
7,0.15000000000000002,7.15821906672028
7,0.15625,17.76686012105766
7,0.1625,4.423248235121316
7,0.16875,5.863663209411899
7,0.17500000000000002,13.847386985812792
7,0.18125000000000002,11.060349380062755
7,0.1875,6.3542018100212605
7,0.19375,1.418235094725878
7,0.2,6.945822170451253
7,0.20625000000000002,9.007779909840307
7,0.21250000000000002,5.579743342298227
7,0.21875,8.930739494693606
7,0.225,9.198607288938724
7,0.23125,7.66776091032869
7,0.23750000000000002,4.343580003312575
7,0.24375000000000002,13.911843921764897
7,0.25,12.18869249313041
7,0.25625000000000003,15.277953899295339
7,0.2625,9.88614915271514
7,0.26875,23.766996988912005
7,0.275,5.117946916141602
7,0.28125,14.519667594567357
7,0.28750000000000003,20.107274166678593
7,0.29375,14.761304006066185
7,0.30000000000000004,15.322333403123993
7,0.30625,3.09145368886082
7,0.3125,7.250811346757692
7,0.31875000000000003,7.674717936378381
7,0.325,9.491243873176527
7,0.33125000000000004,9.395306119814522
7,0.3375,1.494166579226237
7,0.34375,10.829548673169304
7,0.35000000000000003,9.981442047032965
7,0.35625,1.52743751334078
7,0.36250000000000004,7.720081418862694
7,0.36875,6.559785188933903
7,0.375,14.044112272371704
7,0.38125000000000003,15.546616728640599
7,0.3875,10.416404017719588
7,0.39375000000000004,2.7168878224464614
7,0.4,4.647667702986593
7,0.40625,7.917651453782268
7,0.41250000000000003,8.588139384611985
7,0.41875,24.100739534830698
7,0.42500000000000004,18.924768584316187
7,0.43125,9.038902560248653
7,0.4375,22.682793896500048
7,0.44375000000000003,10.332347534223334
7,0.45,15.397556825853213
7,0.45625000000000004,21.83591770056792
7,0.4625,12.894914147510164
7,0.46875,11.005536053485905
7,0.47500000000000003,9.664542526409646
7,0.48125,18.436588293014612
7,0.48750000000000004,8.269968694250132
7,0.49375,13.675316005208211
8,0.0,1.0658141036401503e-14
8,0.006369426751592357,9.018936594028544
8,0.012738853503184714,10.604148658427235
8,0.019108280254777073,3.198840676346244
8,0.025477707006369428,3.679147375032262
8,0.03184713375796178,12.343995934769515
8,0.038216560509554146,13.45784825272935
8,0.0445859872611465,18.917812423546707
8,0.050955414012738856,15.528152057788075
8,0.05732484076433121,10.422378322569848
8,0.06369426751592357,9.09582011096856
8,0.07006369426751592,7.499144424299103
8,0.07643312101910829,28.205239278646037
8,0.08280254777070065,15.641028270526336
8,0.089171974522293,22.96606205185796
8,0.09554140127388536,3.9512495367427056
8,0.10191082802547771,18.309107301717773
8,0.10828025477707007,9.084725215971467
8,0.11464968152866242,14.02120601073178
8,0.12101910828025478,16.84052730750509
8,0.12738853503184713,4.549022226368744
8,0.1337579617834395,18.490066281574993
8,0.14012738853503184,13.234345416828065
8,0.1464968152866242,22.09484581172013
8,0.15286624203821658,3.3354894158560553
8,0.15923566878980894,16.216473038247386
8,0.1656050955414013,4.295288138975026
8,0.17197452229299365,15.472035407010727
8,0.178343949044586,5.160918775148849
8,0.18471337579617836,5.704980065855197
8,0.1910828025477707,1.1467065811986252
8,0.19745222929936307,15.660155517812338
8,0.20382165605095542,14.099316374665296
8,0.21019108280254778,2.154480217655985
8,0.21656050955414013,6.920814079344649
8,0.2229299363057325,4.053160713314492
8,0.22929936305732485,8.068584491968437
8,0.2356687898089172,6.997300503901718
8,0.24203821656050956,18.035969109553715
8,0.2484076433121019,10.445281318090942
8,0.25477707006369427,17.266738290379028
8,0.2611464968152866,7.647230391068966
8,0.267515923566879,8.958100936399527
8,0.27388535031847133,9.575901705429581
8,0.2802547770700637,2.900090532927079
8,0.28662420382165604,15.651824895890094
8,0.2929936305732484,17.907962326606086
8,0.29936305732484075,11.788031606877977
8,0.30573248407643316,12.676286744184248
8,0.3121019108280255,5.981072748058085
8,0.3184713375796179,16.221856829184762
8,0.32484076433121023,5.584864593341936
8,0.3312101910828026,16.357642905020636
8,0.33757961783439494,9.807185257758885
8,0.3439490445859873,15.903297592011334
8,0.35031847133757965,9.532158472954958
8,0.356687898089172,11.816199402708405
8,0.36305732484076436,19.759737744266644
8,0.3694267515923567,16.67657447703943
8,0.37579617834394907,13.012889870701525
8,0.3821656050955414,10.126965030312277
8,0.3885350318471338,12.935627813067676
8,0.39490445859872614,19.417881093591657
8,0.4012738853503185,5.88475783386258
8,0.40764331210191085,11.006440529579542
8,0.4140127388535032,6.878814706648563
8,0.42038216560509556,6.959427113697329
8,0.4267515923566879,6.66894823930817
8,0.43312101910828027,13.797759701221361
8,0.4394904458598726,5.305125818050109
8,0.445859872611465,16.995891754692142
8,0.45222929936305734,5.338558778184013
8,0.4585987261146497,17.538912451946302
8,0.46496815286624205,12.083655881622386
8,0.4713375796178344,7.096990270162461
8,0.47770700636942676,14.391134988016397
8,0.4840764331210191,11.166534385412392
8,0.49044585987261147,5.690894658939455
8,0.4968152866242038,1.1856343089196217
9,0.0,1.532107773982716e-14
9,0.006369426751592357,13.915087018539808
9,0.012738853503184714,10.37109571300068
9,0.019108280254777073,16.02983067145587
9,0.025477707006369428,5.726954805331402
9,0.03184713375796178,14.361614781013108
9,0.038216560509554146,10.123660943899743
9,0.0445859872611465,11.386396874531705
9,0.050955414012738856,19.987288231433617
9,0.05732484076433121,1.48577322695183
9,0.06369426751592357,13.786111646647077
9,0.07006369426751592,4.079557471250689
9,0.07643312101910829,9.779628856067848
9,0.08280254777070065,6.016121167802612
9,0.089171974522293,15.667408998963861
9,0.09554140127388536,7.883043575815304
9,0.10191082802547771,9.26241726537965
9,0.10828025477707007,17.34563990432553
9,0.11464968152866242,19.01322541414272
9,0.12101910828025478,6.082527392698827
9,0.12738853503184713,7.427590585405411
9,0.1337579617834395,9.769501320838907
9,0.14012738853503184,12.427608499710177
9,0.1464968152866242,13.538110370202329
9,0.15286624203821658,1.203321507119121
9,0.15923566878980894,8.217022013187192
9,0.1656050955414013,6.508870745484114
9,0.17197452229299365,19.795521515064888
9,0.178343949044586,17.521087680407437
9,0.18471337579617836,17.477973843763266
9,0.1910828025477707,9.50308192172455
9,0.19745222929936307,8.932978510938145
9,0.20382165605095542,5.860526714477654
9,0.21019108280254778,9.375166724743844
9,0.21656050955414013,14.85333316834252
9,0.2229299363057325,25.326856615975018
9,0.22929936305732485,10.72076138648481
9,0.2356687898089172,13.643309390312286
9,0.24203821656050956,21.680557932343373
9,0.2484076433121019,6.765931057855725
9,0.25477707006369427,28.257567214459204
9,0.2611464968152866,10.926466375913785
9,0.267515923566879,8.74503821779675
9,0.27388535031847133,14.721434875605038
9,0.2802547770700637,6.93485848924902
9,0.28662420382165604,5.974364857621154
9,0.2929936305732484,7.807499638485138
9,0.29936305732484075,4.172015057531772
9,0.30573248407643316,18.956947655907513
9,0.3121019108280255,20.8910095589983
9,0.3184713375796179,3.9765331540946725
9,0.32484076433121023,8.741050005080224
9,0.3312101910828026,19.492712942997024
9,0.33757961783439494,5.322596822235763
9,0.3439490445859873,0.9947125676047963
9,0.35031847133757965,17.896089931716702
9,0.356687898089172,2.257487578588769
9,0.36305732484076436,9.926244350318134
9,0.3694267515923567,9.759692752813493
9,0.37579617834394907,7.707928632185362
9,0.3821656050955414,6.55428582556571
9,0.3885350318471338,7.669724372443392
9,0.39490445859872614,7.526158717692512
9,0.4012738853503185,13.769784309822334
9,0.40764331210191085,15.598265001233422
9,0.4140127388535032,7.270745074965855
9,0.42038216560509556,11.075671656283134
9,0.4267515923566879,15.341374742193283
9,0.43312101910828027,12.661828853072654
9,0.4394904458598726,2.151562934073916
9,0.445859872611465,20.834906137259896
9,0.45222929936305734,5.900832512525444
9,0.4585987261146497,4.441006603440342
9,0.46496815286624205,6.440719400149708
9,0.4713375796178344,8.429043253210148
9,0.47770700636942676,6.810589413369756
9,0.4840764331210191,3.811537077013525
9,0.49044585987261147,21.54865434936237
9,0.4968152866242038,18.550880731126615
10,0.0,8.881784197001252e-15
10,0.006172839506172839,40.06581206378782
10,0.012345679012345678,32.75342230150061
10,0.018518518518518517,17.64922862001003
10,0.024691358024691357,10.988391899584352
10,0.030864197530864196,5.641078127822359
10,0.037037037037037035,2.1406869049179678
10,0.043209876543209874,11.094213760078427
10,0.04938271604938271,11.054647411476616
10,0.05555555555555555,10.128641319103831
10,0.06172839506172839,8.15162254849163
10,0.06790123456790123,12.410038993888811
10,0.07407407407407407,11.057419191939411
10,0.08024691358024691,6.756298318102323
10,0.08641975308641975,12.552588117519287
10,0.09259259259259259,12.861347819216439
10,0.09876543209876543,18.084570980353696
10,0.10493827160493827,12.05761737866479
10,0.1111111111111111,9.907681563835407
10,0.11728395061728394,12.004681626788566
10,0.12345679012345678,6.3468337076825065
10,0.12962962962962962,3.6531503352037378
10,0.13580246913580246,4.288075611076633
10,0.1419753086419753,9.659358272105004
10,0.14814814814814814,12.893390308779159
10,0.15432098765432098,4.02702035525058
10,0.16049382716049382,0.7599457248006425
10,0.16666666666666666,1.8464763424386825
10,0.1728395061728395,9.257962612727065
10,0.17901234567901234,2.192966773036646
10,0.18518518518518517,10.155708216155586
10,0.19135802469135801,18.05146671175346
10,0.19753086419753085,13.62829101666592
10,0.2037037037037037,15.198324173434328
10,0.20987654320987653,5.923487352636833
10,0.21604938271604937,3.25774856489132
10,0.2222222222222222,5.674990508158766
10,0.22839506172839505,15.711993687306878
10,0.2345679012345679,20.781778541351912
10,0.24074074074074073,16.62378433696691
10,0.24691358024691357,10.926873775442889
10,0.25308641975308643,6.132231014274857
10,0.25925925925925924,6.0367517558194255
10,0.26543209876543206,14.928232882332921
10,0.2716049382716049,17.885405351353157
10,0.2777777777777778,22.458984076204644
10,0.2839506172839506,25.074372573320936
10,0.2901234567901234,10.18306608287691
10,0.2962962962962963,7.351699877562528
10,0.30246913580246915,12.166702858188469
10,0.30864197530864196,8.140496203721797
10,0.31481481481481477,3.0901454517138367
10,0.32098765432098764,3.890483838655549
10,0.3271604938271605,8.666367390880037
10,0.3333333333333333,15.672937820100431
10,0.3395061728395061,3.3643562830034006
10,0.345679012345679,7.047097501076952
10,0.35185185185185186,5.653253165232207
10,0.35802469135802467,3.2177018999534326
10,0.3641975308641975,3.398590239909647
10,0.37037037037037035,12.039899190613328
10,0.3765432098765432,16.773969921060115
10,0.38271604938271603,7.650282167758453
10,0.38888888888888884,12.496090517392938
10,0.3950617283950617,5.20168434145663
10,0.4012345679012346,8.994406705229027
10,0.4074074074074074,14.740963785930465
10,0.4135802469135802,6.589932053425735
10,0.41975308641975306,10.889231461407324
10,0.42592592592592593,11.037232983576724
10,0.43209876543209874,11.296146480286398
10,0.43827160493827155,11.749798949689064
10,0.4444444444444444,19.67082245691036
10,0.4506172839506173,14.974725664579884
10,0.4567901234567901,12.427266269203123
10,0.4629629629629629,9.786871398102615
10,0.4691358024691358,18.95776626743667
10,0.47530864197530864,11.196972371872707
10,0.48148148148148145,5.569607484297456
10,0.48765432098765427,8.6267834959951
10,0.49382716049382713,11.853392025387592
11,0.0,8.881784197001252e-16
11,0.006289308176100629,25.174827788383524
11,0.012578616352201259,18.17326523345481
11,0.01886792452830189,26.229515052886804
11,0.025157232704402517,19.477821791045184
11,0.031446540880503145,13.042873059906023
11,0.03773584905660378,7.578183927101659
11,0.04402515723270441,7.898007044141454
11,0.050314465408805034,8.240484533455966
11,0.05660377358490566,11.630309791137593
11,0.06289308176100629,7.669105665285419
11,0.06918238993710692,13.695728378706786
11,0.07547169811320756,25.471189241512967
11,0.08176100628930819,14.36659202720695
11,0.08805031446540881,6.336462576577257
11,0.09433962264150944,12.984027230503829
11,0.10062893081761007,10.402761191141474
11,0.1069182389937107,5.535251773903439
11,0.11320754716981132,10.007949697865376
11,0.11949685534591195,6.55548102121095
11,0.12578616352201258,6.0112462440342505
11,0.1320754716981132,11.798381747441107
11,0.13836477987421383,13.146149255649641
11,0.14465408805031446,4.658762683413483
11,0.15094339622641512,15.557844666025428
11,0.15723270440251574,15.4200265860896
11,0.16352201257861637,14.841009380190894
11,0.169811320754717,18.027926853136318
11,0.17610062893081763,6.1216410370487
11,0.18238993710691825,9.866471221605623
11,0.18867924528301888,2.1345860248220325
11,0.1949685534591195,3.752330704837366
11,0.20125786163522014,3.3829284259430397
11,0.20754716981132076,10.486863056940225
11,0.2138364779874214,11.146716789545684
11,0.22012578616352202,15.83202134563396
11,0.22641509433962265,4.793536250082172
11,0.23270440251572327,8.006764539553087
11,0.2389937106918239,2.889341042873697
11,0.24528301886792453,7.4465812310820825
11,0.25157232704402516,2.6196128339836826
11,0.2578616352201258,10.199741041821472
11,0.2641509433962264,11.503233941737417
11,0.27044025157232704,3.974672989730999
11,0.27672955974842767,7.026446592755903
11,0.2830188679245283,8.834796287793095
11,0.2893081761006289,16.896264367509083
11,0.29559748427672955,13.672398065791397
11,0.30188679245283023,9.468666899791872
11,0.30817610062893086,4.03697656073703
11,0.3144654088050315,16.415318587463805
11,0.3207547169811321,7.131587212614246
11,0.32704402515723274,10.666358927005904
11,0.33333333333333337,7.5188029890594175
11,0.339622641509434,2.6140931580756566
11,0.3459119496855346,8.635594894026719
11,0.35220125786163525,3.88078614584995
11,0.3584905660377359,13.740737069395818
11,0.3647798742138365,3.626236656842913
11,0.37106918238993714,16.84676428613478
11,0.37735849056603776,14.57710083670423
11,0.3836477987421384,20.42163638689048
11,0.389937106918239,14.857737732602557
11,0.39622641509433965,5.375813646510421
11,0.4025157232704403,12.665453722593439
11,0.4088050314465409,20.473427538074127
11,0.41509433962264153,11.934586183173968
11,0.42138364779874216,1.1374472338095787
11,0.4276729559748428,13.09902087647464
11,0.4339622641509434,8.306650513923882
11,0.44025157232704404,3.998468057640577
11,0.44654088050314467,13.022844310587365
11,0.4528301886792453,11.576199668671997
11,0.4591194968553459,14.182136123447524
11,0.46540880503144655,13.93054142817025
11,0.4716981132075472,29.645721120584817
11,0.4779874213836478,14.429816898023454
11,0.48427672955974843,4.643833243127389
11,0.49056603773584906,18.978605468475042
11,0.4968553459119497,16.238735578341448
12,0.0,0.0
12,0.006493506493506494,23.825505860905754
12,0.012987012987012988,17.64227795570203
12,0.01948051948051948,21.806210920214298
12,0.025974025974025976,6.303462665141113
12,0.03246753246753247,4.12652126331607
12,0.03896103896103896,10.700075661786242
12,0.045454545454545456,13.65354963462263
12,0.05194805194805195,10.867535113451684
12,0.05844155844155845,35.28012863782766
12,0.06493506493506494,16.13132574971887
12,0.07142857142857144,17.18015162759981
12,0.07792207792207792,10.083992114382708
12,0.08441558441558442,5.462273371924506
12,0.09090909090909091,13.510075772902619
12,0.09740259740259741,13.845763184690064
12,0.1038961038961039,6.80775668091271
12,0.1103896103896104,16.312264622902543
12,0.1168831168831169,7.367304762685485
12,0.12337662337662339,9.323688418448448
12,0.12987012987012989,10.834778666344365
12,0.13636363636363638,12.518800881216976
12,0.14285714285714288,7.080224872542485
12,0.14935064935064937,13.334793842819119
12,0.15584415584415584,10.76164148393645
12,0.16233766233766234,4.384180857308787
12,0.16883116883116883,5.492996308327136
12,0.17532467532467533,5.276934758163315
12,0.18181818181818182,7.663590796156024
12,0.18831168831168832,17.247551489126998
12,0.19480519480519481,10.544161777996228
12,0.2012987012987013,10.329950676162698
12,0.2077922077922078,1.968453393537207
12,0.2142857142857143,10.029632782521547
12,0.2207792207792208,16.17781687284545
12,0.2272727272727273,6.978110204892074
12,0.2337662337662338,12.143223553764624
12,0.24025974025974028,2.8804475389707562
12,0.24675324675324678,17.470412348712504
12,0.2532467532467533,16.574661662847205
12,0.25974025974025977,11.410804301810648
12,0.26623376623376627,10.779061275886079
12,0.27272727272727276,12.198590235775777
12,0.27922077922077926,11.380088349537774
12,0.28571428571428575,4.929732041561525
12,0.29220779220779225,5.283910189177731
12,0.29870129870129875,17.933728702483407
12,0.30519480519480524,15.982801753194702
12,0.3116883116883117,12.44221993677246
12,0.3181818181818182,16.935113861879408
12,0.3246753246753247,14.197812949978363
12,0.33116883116883117,12.733004158541195
12,0.33766233766233766,4.7195828239406525
12,0.34415584415584416,14.062136005996775
12,0.35064935064935066,9.489173814374427
12,0.35714285714285715,9.611781621383512
12,0.36363636363636365,5.758797106213179
12,0.37012987012987014,8.406344406098647
12,0.37662337662337664,7.274095147805926
12,0.38311688311688313,15.462559037605084
12,0.38961038961038963,9.143509112220029
12,0.3961038961038961,1.7722552143541184
12,0.4025974025974026,10.912183611376797
12,0.4090909090909091,1.537701837960218
12,0.4155844155844156,10.651708387816543
12,0.4220779220779221,19.95337241103965
12,0.4285714285714286,11.40175055162455
12,0.4350649350649351,8.274636752003909
12,0.4415584415584416,12.546653943567858
12,0.4480519480519481,9.414186532600128
12,0.4545454545454546,9.213171466804274
12,0.4610389610389611,7.312366596933807
12,0.4675324675324676,5.211835110589773
12,0.4740259740259741,16.267979496974565
12,0.48051948051948057,11.701218097268137
12,0.48701298701298706,10.00923877898147
12,0.49350649350649356,12.727308466563866
13,0.0,1.1102230246251565e-14
13,0.00625,6.228940852400095
13,0.0125,11.46807538726319
13,0.018750000000000003,11.900022655087854
13,0.025,14.851909152521257
13,0.03125,5.58676670258592
13,0.037500000000000006,24.191389924456153
13,0.043750000000000004,25.519343414422718
13,0.05,11.378535561108366
13,0.05625,4.72201653386286
13,0.0625,9.201919652579036
13,0.06875,25.05866776080634
13,0.07500000000000001,15.281725460869188
13,0.08125,17.532343205908642
13,0.08750000000000001,11.149318968237084
13,0.09375,4.953012806578036
13,0.1,5.223730297610866
13,0.10625000000000001,0.3218439535271783
13,0.1125,15.064565259653307
13,0.11875000000000001,13.186763948963387
13,0.125,26.284313843253816
13,0.13125,5.279883071461311
13,0.1375,11.05888623670978
13,0.14375000000000002,14.60485541513617
13,0.15000000000000002,12.339619459950253
13,0.15625,8.626397165784837
13,0.1625,9.804726358344285
13,0.16875,4.018746397043639
13,0.17500000000000002,13.033994669099389
13,0.18125000000000002,10.054178021438375
13,0.1875,13.750684203644838
13,0.19375,9.699776888859795
13,0.2,7.173146508312819
13,0.20625000000000002,18.68016311078245
13,0.21250000000000002,18.45884993571413
13,0.21875,8.477550522245823
13,0.225,4.876983187489579
13,0.23125,18.602085170391685
13,0.23750000000000002,8.411903535698915
13,0.24375000000000002,18.163216350620242
13,0.25,6.006727612125926
13,0.25625000000000003,11.48417874589058
13,0.2625,21.66342948795091
13,0.26875,5.2739163472697905
13,0.275,13.200707025975268
13,0.28125,13.675201593594219
13,0.28750000000000003,18.67170570860491
13,0.29375,3.7261495595961858
13,0.30000000000000004,17.33407909702195
13,0.30625,9.792298501094534
13,0.3125,17.21292041070597
13,0.31875000000000003,9.789667161869602
13,0.325,3.7849858116638044
13,0.33125000000000004,10.748441265673687
13,0.3375,10.629986172323695
13,0.34375,8.04680586219678
13,0.35000000000000003,19.63722025158832
13,0.35625,12.102552974280755
13,0.36250000000000004,5.052923494851681
13,0.36875,13.246509851560326
13,0.375,10.198967052126651
13,0.38125000000000003,9.17821150164877
13,0.3875,8.945922790377187
13,0.39375000000000004,6.252078609026855
13,0.4,3.474128230383079
13,0.40625,11.035726826593635
13,0.41250000000000003,11.252734204886973
13,0.41875,6.072964002419868
13,0.42500000000000004,7.681843183923121
13,0.43125,4.88466131154962
13,0.4375,15.295472123278756
13,0.44375000000000003,15.760880513012903
13,0.45,6.298861151117658
13,0.45625000000000004,15.093342235563206
13,0.4625,7.4555122369627576
13,0.46875,9.27321329549511
13,0.47500000000000003,19.31053569369581
13,0.48125,12.604061936887174
13,0.48750000000000004,10.117479019741102
13,0.49375,7.424236042886859
14,0.0,1.7763568394002505e-15
14,0.00641025641025641,16.638316289869323
14,0.01282051282051282,17.62951185183761
14,0.019230769230769232,6.964510393095872
14,0.02564102564102564,12.751753832280789
14,0.03205128205128205,21.24219104659533
14,0.038461538461538464,12.862980511894687
14,0.04487179487179487,7.760711104784385
14,0.05128205128205128,8.863025967885896
14,0.05769230769230769,7.999034710026228
14,0.0641025641025641,5.222304372733369
14,0.07051282051282051,11.08714321333978
14,0.07692307692307693,25.450597807306092
14,0.08333333333333333,19.792207495698992
14,0.08974358974358974,5.2879863578398725
14,0.09615384615384615,1.9123612014469165
14,0.10256410256410256,28.73552925947656
14,0.10897435897435898,15.430672236196996
14,0.11538461538461538,12.87750560062768
14,0.12179487179487179,22.79182151392238
14,0.1282051282051282,21.554157551266293
14,0.1346153846153846,5.6955910701688985
14,0.14102564102564102,3.4454705323139807
14,0.14743589743589744,9.790654500632794
14,0.15384615384615385,9.004637285722678
14,0.16025641025641024,12.56124146255414
14,0.16666666666666666,15.912429293940352
14,0.17307692307692307,11.452777529942685
14,0.1794871794871795,24.57634235281067
14,0.1858974358974359,2.9621003566689885
14,0.1923076923076923,5.419500420954806
14,0.1987179487179487,11.53960909738521
14,0.20512820512820512,26.386450065982768
14,0.21153846153846154,8.297482075184057
14,0.21794871794871795,2.1021462964696127
14,0.22435897435897434,13.640035123167875
14,0.23076923076923075,9.267802215432635
14,0.23717948717948717,2.2501772281801347
14,0.24358974358974358,11.936565992057524
14,0.25,9.439289360627832
14,0.2564102564102564,19.41378337208022
14,0.26282051282051283,5.057192776526662
14,0.2692307692307692,3.947088648820334
14,0.2756410256410256,4.4258132437239315
14,0.28205128205128205,18.15059336614927
14,0.28846153846153844,11.811950148918989
14,0.2948717948717949,3.2432011372140757
14,0.30128205128205127,14.878501430671651
14,0.3076923076923077,4.0080698984126935
14,0.3141025641025641,15.518298612836631
14,0.3205128205128205,15.41486716839502
14,0.3269230769230769,9.819930298944485
14,0.3333333333333333,13.398462174434655
14,0.33974358974358976,5.960272060112152
14,0.34615384615384615,2.3401846955820265
14,0.35256410256410253,8.16227086525754
14,0.358974358974359,18.912568162336303
14,0.36538461538461536,4.940563694662372
14,0.3717948717948718,12.594329874401565
14,0.3782051282051282,16.71318498683616
14,0.3846153846153846,13.534323056391056
14,0.391025641025641,7.226155622088795
14,0.3974358974358974,3.7142749378024558
14,0.40384615384615385,9.670063491078874
14,0.41025641025641024,4.160649044202619
14,0.41666666666666663,13.23681383086766
14,0.4230769230769231,5.422847543889985
14,0.42948717948717946,14.479789789120705
14,0.4358974358974359,7.591621632565197
14,0.4423076923076923,4.743237140717964
14,0.4487179487179487,1.249558304529041
14,0.4551282051282051,12.826403779546236
14,0.4615384615384615,6.165650909283482
14,0.46794871794871795,9.408983717651358
14,0.47435897435897434,5.099072258295369
14,0.4807692307692307,2.8511591571768515
14,0.48717948717948717,4.483095367280572
14,0.49358974358974356,6.488388657302376
15,0.0,1.0658141036401503e-14
15,0.006211180124223602,6.015197525354196
15,0.012422360248447204,14.387323297053838
15,0.018633540372670808,4.971368404277357
15,0.024844720496894408,16.654129269115227
15,0.03105590062111801,7.291848565716338
15,0.037267080745341616,9.652127300537414
15,0.043478260869565216,6.254267599877096
15,0.049689440993788817,7.833044828349797
15,0.05590062111801242,2.8063330874821855
15,0.06211180124223602,12.242539646207254
15,0.06832298136645962,6.167491069570725
15,0.07453416149068323,18.955062973429314
15,0.08074534161490683,10.386994259798847
15,0.08695652173913043,11.526385540652287
15,0.09316770186335403,17.515243092686394
15,0.09937888198757763,9.866171685864762
15,0.10559006211180123,13.277232928141226
15,0.11180124223602483,6.8866047865162905
15,0.11801242236024843,13.475680023630197
15,0.12422360248447203,6.967508451628043
15,0.13043478260869565,15.199853381117084
15,0.13664596273291924,27.85032483747989
15,0.14285714285714285,15.474438840984192
15,0.14906832298136646,2.4000128353617547
15,0.15527950310559005,8.534204588312335
15,0.16149068322981366,7.5001458391082885
15,0.16770186335403725,21.919048682946954
15,0.17391304347826086,29.447030755887106
15,0.18012422360248445,17.95790877116884
15,0.18633540372670807,11.97155011782048
15,0.19254658385093165,7.2264350175490115
15,0.19875776397515527,15.95333204440585
15,0.20496894409937888,10.255327230591679
15,0.21118012422360247,10.472922584953894
15,0.21739130434782608,2.3012578977971425
15,0.22360248447204967,14.638511763787234
15,0.22981366459627328,12.545362992387005
15,0.23602484472049687,2.3826247965945253
15,0.24223602484472048,16.410750677494647
15,0.24844720496894407,12.324722245421414
15,0.2546583850931677,6.8581608814253805
15,0.2608695652173913,26.045214117287184
15,0.2670807453416149,4.797892286502731
15,0.27329192546583847,3.252300413636809
15,0.2795031055900621,6.332527306189704
15,0.2857142857142857,9.451410320806435
15,0.2919254658385093,14.407997420664332
15,0.2981366459627329,4.426324186004212
15,0.3043478260869565,8.200492193351648
15,0.3105590062111801,17.71138684670377
15,0.3167701863354037,15.967895799763372
15,0.32298136645962733,16.205418524431074
15,0.3291925465838509,10.967703768636442
15,0.3354037267080745,6.82951479904286
15,0.3416149068322981,6.934286946246959
15,0.34782608695652173,7.001817267199384
15,0.35403726708074534,13.605761482243105
15,0.3602484472049689,4.7540974418224815
15,0.3664596273291925,10.336774312059843
15,0.37267080745341613,9.260359298388515
15,0.37888198757763975,14.424745101728536
15,0.3850931677018633,5.741084870120486
15,0.3913043478260869,11.654759243121008
15,0.39751552795031053,7.6919189695723205
15,0.40372670807453415,8.066738595925868
15,0.40993788819875776,13.591828559174148
15,0.4161490683229813,15.499333154386116
15,0.42236024844720493,15.716722558851464
15,0.42857142857142855,3.8938059174046002
15,0.43478260869565216,20.219930879374914
15,0.4409937888198757,12.393101579573925
15,0.44720496894409933,8.196644978405429
15,0.45341614906832295,26.47220620866294
15,0.45962732919254656,13.813910308264452
15,0.4658385093167702,5.27177054598563
15,0.47204968944099374,20.383887128918033
15,0.47826086956521735,7.044017428661528
15,0.48447204968944096,8.149207132862706
15,0.4906832298136646,5.320863252320672
15,0.49689440993788814,4.385015636372132
16,0.0,3.552713678800501e-15
16,0.00641025641025641,21.40443479938549
16,0.01282051282051282,1.7703154638910723
16,0.019230769230769232,20.16012851636988
16,0.02564102564102564,3.0238055371882533
16,0.03205128205128205,2.123935995129611
16,0.038461538461538464,13.123633213458286
16,0.04487179487179487,7.120747232647795
16,0.05128205128205128,14.722501350386784
16,0.05769230769230769,1.6926732534983766
16,0.0641025641025641,0.9324544627022943
16,0.07051282051282051,12.299738313460914
16,0.07692307692307693,2.40008150648958
16,0.08333333333333333,17.353590364229316
16,0.08974358974358974,13.526530812035753
16,0.09615384615384615,10.212247404589693
16,0.10256410256410256,8.048482317598912
16,0.10897435897435898,13.692869020155038
16,0.11538461538461538,19.449715129666508
16,0.12179487179487179,12.108837297577885
16,0.1282051282051282,19.11430860175905
16,0.1346153846153846,2.44922524192726
16,0.14102564102564102,7.4359539274594
16,0.14743589743589744,9.713293585552075
16,0.15384615384615385,9.090495895014048
16,0.16025641025641024,10.966677068101992
16,0.16666666666666666,9.872727933412634
16,0.17307692307692307,13.871144144656265
16,0.1794871794871795,15.222973870126733
16,0.1858974358974359,16.074153901274983
16,0.1923076923076923,24.13912873682594
16,0.1987179487179487,16.189201159421906
16,0.20512820512820512,12.14191144691694
16,0.21153846153846154,14.521424394339363
16,0.21794871794871795,9.33545693412634
16,0.22435897435897434,18.21895715854085
16,0.23076923076923075,7.0835091809189
16,0.23717948717948717,14.859575606266137
16,0.24358974358974358,3.991042041676172
16,0.25,18.100109276760545
16,0.2564102564102564,7.072353859891821
16,0.26282051282051283,10.65040726456383
16,0.2692307692307692,9.172468790394774
16,0.2756410256410256,0.3227038508292531
16,0.28205128205128205,14.541975691006185
16,0.28846153846153844,1.9675566231761747
16,0.2948717948717949,5.907927972336467
16,0.30128205128205127,19.361676077118574
16,0.3076923076923077,8.986167947783064
16,0.3141025641025641,3.6313140941308784
16,0.3205128205128205,9.370416446322928
16,0.3269230769230769,3.463416833364751
16,0.3333333333333333,4.782887874507564
16,0.33974358974358976,6.342131908197301
16,0.34615384615384615,13.00894646892561
16,0.35256410256410253,7.363869139180396
16,0.358974358974359,13.192978689505223
16,0.36538461538461536,11.681113660789036
16,0.3717948717948718,21.151996462082135
16,0.3782051282051282,25.910713638542973
16,0.3846153846153846,10.245037186772452
16,0.391025641025641,6.124380387717987
16,0.3974358974358974,18.53929547963751
16,0.40384615384615385,8.498879145489383
16,0.41025641025641024,20.08993879413415
16,0.41666666666666663,10.039253554962453
16,0.4230769230769231,6.610125730715894
16,0.42948717948717946,22.771992063310122
16,0.4358974358974359,11.466057436099891
16,0.4423076923076923,18.063585264587164
16,0.4487179487179487,4.591690775283053
16,0.4551282051282051,7.198694437512594
16,0.4615384615384615,13.03673887218702
16,0.46794871794871795,5.133796074031578
16,0.47435897435897434,11.635441164194871
16,0.4807692307692307,5.759972309099961
16,0.48717948717948717,7.1069171025723925
16,0.49358974358974356,5.316894341838418
17,0.0,7.438494264988549e-15
17,0.006134969325153374,13.237077662014487
17,0.012269938650306749,15.48555697792377
17,0.018404907975460124,15.826631655950337
17,0.024539877300613498,11.438725466271341
17,0.03067484662576687,17.101865730526786
17,0.03680981595092025,2.4618416202595945
17,0.04294478527607362,11.489484752808865
17,0.049079754601226995,6.592173651498664
17,0.05521472392638037,6.033297014215465
17,0.06134969325153374,14.741726872524266
17,0.06748466257668712,28.479520352330628
17,0.0736196319018405,7.972362376795962
17,0.07975460122699386,4.802252878297419
17,0.08588957055214724,13.505951931909289
17,0.09202453987730061,15.469373472465486
17,0.09815950920245399,10.624300448230994
17,0.10429447852760737,1.8443683136183096
17,0.11042944785276074,10.248902195902977
17,0.11656441717791412,4.785622806354105
17,0.12269938650306748,6.483217188849435
17,0.12883435582822086,7.188282342963184
17,0.13496932515337423,16.812082519268294
17,0.1411042944785276,18.502026043414734
17,0.147239263803681,13.744130621359984
17,0.15337423312883436,1.9082073244582587
17,0.15950920245398773,8.641680552963885
17,0.16564417177914112,14.385516053414985
17,0.17177914110429449,9.315155924600997
17,0.17791411042944785,6.388081731519709
17,0.18404907975460122,15.932468830996413
17,0.1901840490797546,5.060313183969177
17,0.19631901840490798,16.566110451737337
17,0.20245398773006135,4.586287042364131
17,0.20858895705521474,16.549063338919975
17,0.2147239263803681,14.834626204420449
17,0.22085889570552147,2.2561892862300317
17,0.22699386503067484,4.443135230418681
17,0.23312883435582823,8.6939142526346
17,0.2392638036809816,15.611359844825671
17,0.24539877300613497,12.400359202858398
17,0.25153374233128833,6.537952181006935
17,0.25766871165644173,16.55978238241613
17,0.2638036809815951,13.070856819302
17,0.26993865030674846,10.139316783947208
17,0.27607361963190186,13.984290326856957
17,0.2822085889570552,21.025546490266123
17,0.2883435582822086,24.41845449289038
17,0.294478527607362,8.570949729277523
17,0.3006134969325153,8.519182839205834
17,0.3067484662576687,8.273399839015006
17,0.3128834355828221,11.180567830974597
17,0.31901840490797545,13.42957285284251
17,0.32515337423312884,12.986502537286231
17,0.33128834355828224,7.235097072662802
17,0.3374233128834356,3.3010080128419514
17,0.34355828220858897,6.407050559916999
17,0.34969325153374237,12.99834097065921
17,0.3558282208588957,30.780738770316123
17,0.3619631901840491,18.43464021900002
17,0.36809815950920244,14.900769253438412
17,0.37423312883435583,12.743678347049698
17,0.3803680981595092,21.153100490699902
17,0.38650306748466257,5.669325037800269
17,0.39263803680981596,0.7389138038316586
17,0.39877300613496935,13.43188422863303
17,0.4049079754601227,19.057116745684716
17,0.4110429447852761,1.7703923185197747
17,0.4171779141104295,12.638772201665795
17,0.4233128834355828,2.360366717101671
17,0.4294478527607362,18.812769704493547
17,0.43558282208588955,9.648715266254072
17,0.44171779141104295,10.914782549314166
17,0.44785276073619634,11.998084999836756
17,0.4539877300613497,8.003928379776426
17,0.4601226993865031,5.615113665218874
17,0.46625766871165647,13.198221302703914
17,0.4723926380368098,13.452294858543414
17,0.4785276073619632,16.982441060351622
17,0.4846625766871166,3.5911142251333903
17,0.49079754601226994,11.836723814533453
17,0.49693251533742333,7.562104663382405
18,0.0,1.9984014443252818e-14
18,0.006172839506172839,5.615895514556161
18,0.012345679012345678,7.029925776856511
18,0.018518518518518517,17.09576032407464
18,0.024691358024691357,9.680323536979294
18,0.030864197530864196,17.593415912616482
18,0.037037037037037035,6.427186429458792
18,0.043209876543209874,7.44191383499394
18,0.04938271604938271,13.936042552620364
18,0.05555555555555555,8.344915306768215
18,0.06172839506172839,3.3946909615317473
18,0.06790123456790123,16.049331252602954
18,0.07407407407407407,15.967913996414294
18,0.08024691358024691,4.543969250537788
18,0.08641975308641975,4.967919429991971
18,0.09259259259259259,10.939726939692605
18,0.09876543209876543,10.335104834688575
18,0.10493827160493827,10.12906396519874
18,0.1111111111111111,19.71944949435341
18,0.11728395061728394,4.256244407410759
18,0.12345679012345678,5.970763221189666
18,0.12962962962962962,12.842989708782051
18,0.13580246913580246,12.486541004323517
18,0.1419753086419753,5.927493649383783
18,0.14814814814814814,14.143610052884664
18,0.15432098765432098,7.587394035175578
18,0.16049382716049382,5.542510370011154
18,0.16666666666666666,11.582696274705706
18,0.1728395061728395,21.626788474752797
18,0.17901234567901234,18.407674699671166
18,0.18518518518518517,7.2759394654729235
18,0.19135802469135801,11.954966348333794
18,0.19753086419753085,3.211594725084475
18,0.2037037037037037,5.771744108397173
18,0.20987654320987653,11.853611436438909
18,0.21604938271604937,9.852341738811084
18,0.2222222222222222,8.083895352196874
18,0.22839506172839505,9.653215806196581
18,0.2345679012345679,10.250293499162968
18,0.24074074074074073,12.79024461464065
18,0.24691358024691357,12.535254357229134
18,0.25308641975308643,21.06860440143953
18,0.25925925925925924,3.9547805387352635
18,0.26543209876543206,14.941177271831748
18,0.2716049382716049,15.98414277064945
18,0.2777777777777778,11.956509322329763
18,0.2839506172839506,7.040877713605832
18,0.2901234567901234,15.46019154043978
18,0.2962962962962963,12.669217205708359
18,0.30246913580246915,14.518913008566551
18,0.30864197530864196,8.671510617805433
18,0.31481481481481477,4.287543227838769
18,0.32098765432098764,8.129670345045554
18,0.3271604938271605,21.958592139452875
18,0.3333333333333333,6.726707819043981
18,0.3395061728395061,14.169789419666984
18,0.345679012345679,11.705856435696758
18,0.35185185185185186,8.058266652643596
18,0.35802469135802467,11.76146823619415
18,0.3641975308641975,11.988722689336994
18,0.37037037037037035,16.477209106351822
18,0.3765432098765432,25.94374736827087
18,0.38271604938271603,16.628981281053875
18,0.38888888888888884,7.01753901142697
18,0.3950617283950617,18.138381611171614
18,0.4012345679012346,15.870858154293195
18,0.4074074074074074,13.206397133081905
18,0.4135802469135802,11.302520520982059
18,0.41975308641975306,10.53092989637081
18,0.42592592592592593,8.498991488402462
18,0.43209876543209874,13.329618470267302
18,0.43827160493827155,6.13421855405216
18,0.4444444444444444,13.442119129357486
18,0.4506172839506173,15.983108346147837
18,0.4567901234567901,26.925995466717747
18,0.4629629629629629,10.15218689050838
18,0.4691358024691358,16.533503442944358
18,0.47530864197530864,19.771683135292793
18,0.48148148148148145,4.396264998547065
18,0.48765432098765427,7.066758682653496
18,0.49382716049382713,18.22124826891305
19,0.0,4.884981308350689e-15
19,0.00641025641025641,8.80312606173496
19,0.01282051282051282,20.599520801163433
19,0.019230769230769232,9.458927263034264
19,0.02564102564102564,12.935324249283378
19,0.03205128205128205,15.78940484897708
19,0.038461538461538464,15.59014317101864
19,0.04487179487179487,19.08069944807979
19,0.05128205128205128,2.3473250974063706
19,0.05769230769230769,18.709794395066517
19,0.0641025641025641,3.431919452215413
19,0.07051282051282051,6.449411675945304
19,0.07692307692307693,13.750878966197956
19,0.08333333333333333,14.453803383578505
19,0.08974358974358974,3.1143392407935577
19,0.09615384615384615,16.34520402152691
19,0.10256410256410256,17.586948466540264
19,0.10897435897435898,4.204754529960919
19,0.11538461538461538,19.752935932787388
19,0.12179487179487179,3.249301696968346
19,0.1282051282051282,5.18655879150929
19,0.1346153846153846,16.741365061349345
19,0.14102564102564102,6.368161286894744
19,0.14743589743589744,9.739199110852157
19,0.15384615384615385,2.0654147214577736
19,0.16025641025641024,8.882021222889096
19,0.16666666666666666,10.392312445151209
19,0.17307692307692307,19.38895414439435
19,0.1794871794871795,10.746989874683777
19,0.1858974358974359,6.238571928122122
19,0.1923076923076923,8.163749685708488
19,0.1987179487179487,17.816117351970764
19,0.20512820512820512,4.0078177254395095
19,0.21153846153846154,4.385903918457847
19,0.21794871794871795,14.119246681610731
19,0.22435897435897434,10.040971237050652
19,0.23076923076923075,11.976772550218286
19,0.23717948717948717,3.4927408648015206
19,0.24358974358974358,10.8232366757582
19,0.25,9.78360852526591
19,0.2564102564102564,9.243915099340605
19,0.26282051282051283,18.43760741199225
19,0.2692307692307692,11.971299965449216
19,0.2756410256410256,20.973770807051608
19,0.28205128205128205,13.546397865987315
19,0.28846153846153844,6.723825426795819
19,0.2948717948717949,19.846621276603123
19,0.30128205128205127,9.08349324940937
19,0.3076923076923077,6.725508832186015
19,0.3141025641025641,15.868633621569277
19,0.3205128205128205,6.586712941269225
19,0.3269230769230769,5.544616359264595
19,0.3333333333333333,11.421829368040772
19,0.33974358974358976,6.943725214870866
19,0.34615384615384615,5.532879575532637
19,0.35256410256410253,10.451512716950141
19,0.358974358974359,17.798095406351422
19,0.36538461538461536,10.664840691080606
19,0.3717948717948718,15.077547419196428
19,0.3782051282051282,8.850115299558258
19,0.3846153846153846,2.4462011269746338
19,0.391025641025641,5.957244297766879
19,0.3974358974358974,5.758458021595219
19,0.40384615384615385,9.241206728464354
19,0.41025641025641024,12.946611211038256
19,0.41666666666666663,17.64808974932886
19,0.4230769230769231,8.230700445719881
19,0.42948717948717946,15.055092837320489
19,0.4358974358974359,7.508659594188468
19,0.4423076923076923,21.13686863088018
19,0.4487179487179487,7.992334141220083
19,0.4551282051282051,5.519518466205422
19,0.4615384615384615,13.381309899674196
19,0.46794871794871795,9.680299506270543
19,0.47435897435897434,13.768879992592037
19,0.4807692307692307,27.942919058072086
19,0.48717948717948717,7.661095976380623
19,0.49358974358974356,22.460500965066622
20,0.0,8.881784197001252e-16
20,0.00641025641025641,14.853802110511028
20,0.01282051282051282,1.3682879668935193
20,0.019230769230769232,15.406151507306587
20,0.02564102564102564,13.893907788088375
20,0.03205128205128205,26.7079051880882
20,0.038461538461538464,13.324395102471748
20,0.04487179487179487,11.495544176534944
20,0.05128205128205128,14.000650821240045
20,0.05769230769230769,16.28224131840465
20,0.0641025641025641,22.69902928837021
20,0.07051282051282051,13.601010369062104
20,0.07692307692307693,14.403370192555466
20,0.08333333333333333,13.271406565210526
20,0.08974358974358974,11.459058495282234
20,0.09615384615384615,14.115155409545753
20,0.10256410256410256,15.616866254254191
20,0.10897435897435898,3.8999184084255236
20,0.11538461538461538,22.207977802508065
20,0.12179487179487179,10.369697881829355
20,0.1282051282051282,14.331352168097865
20,0.1346153846153846,18.232617209637276
20,0.14102564102564102,19.016891681931913
20,0.14743589743589744,12.170403564215475
20,0.15384615384615385,14.956479975232638
20,0.16025641025641024,6.742019663329675
20,0.16666666666666666,8.756462949792134
20,0.17307692307692307,6.979500464094333
20,0.1794871794871795,1.231233409013948
20,0.1858974358974359,20.56840270891917
20,0.1923076923076923,7.14734603516892
20,0.1987179487179487,13.383444820880671
20,0.20512820512820512,3.7159863892998612
20,0.21153846153846154,13.847849921303686
20,0.21794871794871795,13.031754122198642
20,0.22435897435897434,8.509690941366975
20,0.23076923076923075,5.376045946019891
20,0.23717948717948717,6.8254389845843475
20,0.24358974358974358,8.315789260474487
20,0.25,11.48163943615129
20,0.2564102564102564,9.254007430841714
20,0.26282051282051283,13.743359947640716
20,0.2692307692307692,16.76268284297846
20,0.2756410256410256,19.81751662026988
20,0.28205128205128205,9.244902136929925
20,0.28846153846153844,12.259690497326856
20,0.2948717948717949,10.367610196843899
20,0.30128205128205127,3.708443763333323
20,0.3076923076923077,13.339688740980346
20,0.3141025641025641,10.667892525357328
20,0.3205128205128205,8.044609633564711
20,0.3269230769230769,15.556459964160917
20,0.3333333333333333,14.633409934861541
20,0.33974358974358976,16.576143285682868
20,0.34615384615384615,11.697305864379414
20,0.35256410256410253,8.964106885960085
20,0.358974358974359,11.917785909082152
20,0.36538461538461536,7.059230167826291
20,0.3717948717948718,8.257913583188786
20,0.3782051282051282,18.495070049597864
20,0.3846153846153846,7.281589177355479
20,0.391025641025641,15.604085176307663
20,0.3974358974358974,12.60712647536713
20,0.40384615384615385,11.642341963967533
20,0.41025641025641024,2.7803414282240646
20,0.41666666666666663,7.664398340077934
20,0.4230769230769231,9.352159507772367
20,0.42948717948717946,12.42790292127532
20,0.4358974358974359,6.794782660012586
20,0.4423076923076923,4.902118949342993
20,0.4487179487179487,15.87776605901154
20,0.4551282051282051,7.641131513208582
20,0.4615384615384615,8.815369513348415
20,0.46794871794871795,11.87099067546905
20,0.47435897435897434,6.74276558977949
20,0.4807692307692307,3.4561221283044365
20,0.48717948717948717,3.6866773220152744
20,0.49358974358974356,5.860861830208791
21,0.0,2.042810365310288e-14
21,0.0064516129032258064,34.11822299285689
21,0.012903225806451613,25.95450542588996
21,0.01935483870967742,25.926766718804142
21,0.025806451612903226,15.384307193211644
21,0.03225806451612903,23.95678868709945
21,0.03870967741935484,6.199849263711462
21,0.04516129032258064,4.685495289118486
21,0.05161290322580645,11.871527353819854
21,0.05806451612903226,15.66361990642621
21,0.06451612903225806,6.882965575081383
21,0.07096774193548387,6.314637425187853
21,0.07741935483870968,9.343069545442725
21,0.08387096774193549,13.926632580136179
21,0.09032258064516129,8.49027487445917
21,0.0967741935483871,16.850423751353826
21,0.1032258064516129,11.067887708806166
21,0.10967741935483871,6.463019978055674
21,0.11612903225806452,6.653353792596428
21,0.12258064516129032,6.839246881774327
21,0.12903225806451613,14.587505328840969
21,0.13548387096774195,5.707378673358862
21,0.14193548387096774,4.2679042431670515
21,0.14838709677419354,10.346976615560418
21,0.15483870967741936,1.3840887936348933
21,0.16129032258064516,8.781989873643303
21,0.16774193548387098,10.220042143974617
21,0.17419354838709677,13.506070149790649
21,0.18064516129032257,7.510235218202747
21,0.1870967741935484,4.889353287473182
21,0.1935483870967742,6.593690267087138
21,0.2,6.54118180193079
21,0.2064516129032258,3.8542023495025064
21,0.2129032258064516,9.309505092163237
21,0.21935483870967742,9.523239962356124
21,0.22580645161290322,8.031639581022088
21,0.23225806451612904,10.905596982343665
21,0.23870967741935484,29.097207944420827
21,0.24516129032258063,11.240430479644875
21,0.25161290322580643,12.239878777179342
21,0.25806451612903225,5.471162387396139
21,0.2645161290322581,11.232150742246311
21,0.2709677419354839,16.774557698882735
21,0.27741935483870966,10.649693914411898
21,0.2838709677419355,3.030703500186825
21,0.2903225806451613,9.116057638684769
21,0.2967741935483871,9.193978946632393
21,0.3032258064516129,3.694675731236549
21,0.3096774193548387,6.620156962851261
21,0.3161290322580645,6.493750958638925
21,0.3225806451612903,7.644591899203321
21,0.32903225806451614,3.411902055920167
21,0.33548387096774196,15.706492177119042
21,0.3419354838709677,21.204966038825013
21,0.34838709677419355,4.039111491958288
21,0.3548387096774194,8.103386588050054
21,0.36129032258064514,9.916748346311284
21,0.36774193548387096,13.643859518444666
21,0.3741935483870968,11.345001710647947
21,0.38064516129032255,10.267493624280608
21,0.3870967741935484,9.668504793575858
21,0.3935483870967742,6.134328868294483
21,0.4,9.525599702512507
21,0.4064516129032258,15.380753270870201
21,0.4129032258064516,27.526273502594705
21,0.41935483870967744,19.847021847748945
21,0.4258064516129032,8.45846372133362
21,0.432258064516129,18.494687596341986
21,0.43870967741935485,5.844428190969708
21,0.44516129032258067,10.61311525926824
21,0.45161290322580644,9.959253033997634
21,0.45806451612903226,8.033311780201958
21,0.4645161290322581,8.835814277910389
21,0.47096774193548385,3.7776088888672725
21,0.4774193548387097,10.012009987539846
21,0.4838709677419355,4.5522058005895305
21,0.49032258064516127,10.691688320145628
21,0.4967741935483871,2.7888780115315672
22,0.0,3.552713678800501e-15
22,0.006578947368421052,19.55073224979878
22,0.013157894736842105,3.81515728370445
22,0.019736842105263157,10.152994493338698
22,0.02631578947368421,20.887510677238648
22,0.03289473684210526,15.942328110801371
22,0.039473684210526314,4.287026857991165
22,0.046052631578947366,14.3514596588858
22,0.05263157894736842,11.004325728339133
22,0.05921052631578947,3.515988804120592
22,0.06578947368421052,3.987869805579271
22,0.07236842105263158,5.400866850423785
22,0.07894736842105263,8.897403129896157
22,0.08552631578947367,16.700908133444372
22,0.09210526315789473,12.309848794846186
22,0.09868421052631579,17.35361782828671
22,0.10526315789473684,25.02204579885223
22,0.11184210526315788,12.846122320176992
22,0.11842105263157894,12.549224462354617
22,0.125,2.363715330422019
22,0.13157894736842105,11.371391093127912
22,0.1381578947368421,20.631733291572733
22,0.14473684210526316,12.97135937773381
22,0.1513157894736842,22.568091336101087
22,0.15789473684210525,4.735438573369309
22,0.1644736842105263,9.712934919915632
22,0.17105263157894735,17.693254800949667
22,0.17763157894736842,21.98802145648964
22,0.18421052631578946,15.710787314754226
22,0.1907894736842105,5.323414929179015
22,0.19736842105263158,5.000358100846302
22,0.20394736842105263,3.732249561537863
22,0.21052631578947367,13.186420720565225
22,0.21710526315789472,5.734894276072261
22,0.22368421052631576,4.160728847866404
22,0.23026315789473684,4.113847433871835
22,0.23684210526315788,6.699240640832112
22,0.24342105263157893,3.654656750327988
22,0.25,5.353291769873216
22,0.256578947368421,8.713897182170575
22,0.2631578947368421,11.935820137199164
22,0.26973684210526316,5.302597576005627
22,0.2763157894736842,17.393830763862216
22,0.28289473684210525,17.49951234408233
22,0.2894736842105263,26.181072560135878
22,0.29605263157894735,11.851578605645356
22,0.3026315789473684,3.2795514535411794
22,0.30921052631578944,4.314146763528739
22,0.3157894736842105,8.169914059249956
22,0.3223684210526316,12.04522584162331
22,0.3289473684210526,19.155653607931725
22,0.3355263157894737,7.083140911316547
22,0.3421052631578947,5.015010848900984
22,0.34868421052631576,5.9177711551471806
22,0.35526315789473684,3.5689648313188216
22,0.36184210526315785,3.6495849311067032
22,0.3684210526315789,8.748067808738508
22,0.375,16.568306299344645
22,0.381578947368421,17.70107918022382
22,0.3881578947368421,27.776766844147925
22,0.39473684210526316,13.76119701438527
22,0.4013157894736842,6.016749840515017
22,0.40789473684210525,8.878633514006374
22,0.41447368421052627,12.201809850852104
22,0.42105263157894735,9.606793394013353
22,0.4276315789473684,6.3430366311915
22,0.43421052631578944,4.54174528119857
22,0.4407894736842105,8.29362167428937
22,0.4473684210526315,6.349995204340917
22,0.4539473684210526,7.626537344089079
22,0.4605263157894737,12.062521813324414
22,0.4671052631578947,4.315141324078336
22,0.47368421052631576,17.22810322142833
22,0.48026315789473684,8.102745937423897
22,0.48684210526315785,10.006863700037929
22,0.4934210526315789,7.829549023713391
23,0.0,1.4210854715202004e-14
23,0.006289308176100629,2.81256244675014
23,0.012578616352201259,8.501795932286779
23,0.01886792452830189,7.771617068689446
23,0.025157232704402517,3.110888145848321
23,0.031446540880503145,12.210765673129286
23,0.03773584905660378,9.802680252704164
23,0.04402515723270441,10.23166557172424
23,0.050314465408805034,15.10016373794501
23,0.05660377358490566,15.104013228510418
23,0.06289308176100629,3.983132589575561
23,0.06918238993710692,9.87402015654257
23,0.07547169811320756,23.72080047378158
23,0.08176100628930819,7.169312161284132
23,0.08805031446540881,15.23776103046832
23,0.09433962264150944,15.28333316299758
23,0.10062893081761007,4.027231448314654
23,0.1069182389937107,16.629992145844398
23,0.11320754716981132,4.048051546036641
23,0.11949685534591195,10.758839845256587
23,0.12578616352201258,6.656766608873669
23,0.1320754716981132,7.538868664441007
23,0.13836477987421383,6.75796566280404
23,0.14465408805031446,11.088549172200512
23,0.15094339622641512,5.831410303270027
23,0.15723270440251574,5.8309906184024545
23,0.16352201257861637,4.661338384768753
23,0.169811320754717,4.765063125663829
23,0.17610062893081763,7.538046146341198
23,0.18238993710691825,10.433808963936436
23,0.18867924528301888,12.676268467539282
23,0.1949685534591195,6.460267239656129
23,0.20125786163522014,28.5481600913321
23,0.20754716981132076,5.86962446952206
23,0.2138364779874214,12.037806342290114
23,0.22012578616352202,23.438171819542855
23,0.22641509433962265,4.849642286212385
23,0.23270440251572327,27.851489966824676
23,0.2389937106918239,13.832548023980427
23,0.24528301886792453,17.78637144288617
23,0.25157232704402516,18.903170117364112
23,0.2578616352201258,5.575754308703349
23,0.2641509433962264,6.89602638368054
23,0.27044025157232704,5.602972481305057
23,0.27672955974842767,20.988417303620064
23,0.2830188679245283,3.636644624159397
23,0.2893081761006289,15.095231402306581
23,0.29559748427672955,13.814133264198198
23,0.30188679245283023,9.215053223951623
23,0.30817610062893086,19.619394156186953
23,0.3144654088050315,12.19079985633497
23,0.3207547169811321,7.5993369987964225
23,0.32704402515723274,16.090712873929945
23,0.33333333333333337,11.869679584941808
23,0.339622641509434,17.331829044315608
23,0.3459119496855346,6.436913311224896
23,0.35220125786163525,7.59205154713451
23,0.3584905660377359,15.563094906531788
23,0.3647798742138365,2.9691202288328324
23,0.37106918238993714,6.269859220215446
23,0.37735849056603776,6.972757150905499
23,0.3836477987421384,10.972267425028411
23,0.389937106918239,5.951121223290694
23,0.39622641509433965,20.346166257913882
23,0.4025157232704403,14.077195505238285
23,0.4088050314465409,16.179275179461314
23,0.41509433962264153,9.759748047239563
23,0.42138364779874216,8.721352158495453
23,0.4276729559748428,9.83101034713854
23,0.4339622641509434,19.11127191604013
23,0.44025157232704404,16.88729992724882
23,0.44654088050314467,20.509589359809272
23,0.4528301886792453,12.068712877416436
23,0.4591194968553459,16.029980554227922
23,0.46540880503144655,7.822736011785023
23,0.4716981132075472,10.718475910613
23,0.4779874213836478,1.932025726697473
23,0.48427672955974843,2.6947396577345466
23,0.49056603773584906,17.556958901202346
23,0.4968553459119497,6.650098407664837
24,0.0,1.0658141036401503e-14
24,0.006211180124223602,22.810003534063103
24,0.012422360248447204,10.097260468914687
24,0.018633540372670808,15.549727854562198
24,0.024844720496894408,15.265419963421488
24,0.03105590062111801,32.91326479705879
24,0.037267080745341616,23.98856985999961
24,0.043478260869565216,7.588451884601664
24,0.049689440993788817,5.9602882486277515
24,0.05590062111801242,19.247294341058346
24,0.06211180124223602,16.33289487322541
24,0.06832298136645962,6.223580327322466
24,0.07453416149068323,6.514693208974084
24,0.08074534161490683,6.651673642457197
24,0.08695652173913043,13.751014922678547
24,0.09316770186335403,17.018058116862477
24,0.09937888198757763,10.096871927996196
24,0.10559006211180123,8.002517767045356
24,0.11180124223602483,11.574429319586367
24,0.11801242236024843,4.650940238528993
24,0.12422360248447203,11.205565292428831
24,0.13043478260869565,16.80853930954775
24,0.13664596273291924,4.225269975582039
24,0.14285714285714285,20.25207097380611
24,0.14906832298136646,13.098789420150062
24,0.15527950310559005,10.579109751887831
24,0.16149068322981366,12.270778061341659
24,0.16770186335403725,5.428848832833161
24,0.17391304347826086,5.981594494102917
24,0.18012422360248445,12.462100689029729
24,0.18633540372670807,6.155011486512663
24,0.19254658385093165,13.842063860832713
24,0.19875776397515527,9.381678788869865
24,0.20496894409937888,4.122292512463583
24,0.21118012422360247,9.172219999015784
24,0.21739130434782608,4.581414016413173
24,0.22360248447204967,12.796856051265056
24,0.22981366459627328,17.017259552062658
24,0.23602484472049687,18.573586569304254
24,0.24223602484472048,8.169258218277239
24,0.24844720496894407,13.981627498125492
24,0.2546583850931677,4.061589091220661
24,0.2608695652173913,19.55531828834026
24,0.2670807453416149,11.979603666562499
24,0.27329192546583847,13.419382995765861
24,0.2795031055900621,6.498189342710197
24,0.2857142857142857,12.849214279777437
24,0.2919254658385093,6.91496662470744
24,0.2981366459627329,2.356569136060803
24,0.3043478260869565,4.532138778598668
24,0.3105590062111801,1.7517313119662723
24,0.3167701863354037,8.358922005624319
24,0.32298136645962733,12.250270116168846
24,0.3291925465838509,9.267196366373847
24,0.3354037267080745,4.842737026314093
24,0.3416149068322981,8.11715404873669
24,0.34782608695652173,7.408447640026577
24,0.35403726708074534,6.273466135930211
24,0.3602484472049689,10.61905105173857
24,0.3664596273291925,22.882999435517856
24,0.37267080745341613,9.639863106207404
24,0.37888198757763975,12.514354468742477
24,0.3850931677018633,8.431449711379026
24,0.3913043478260869,10.406116415095257
24,0.39751552795031053,2.874427879788088
24,0.40372670807453415,11.741030358796618
24,0.40993788819875776,4.6723190572645334
24,0.4161490683229813,10.212245914470353
24,0.42236024844720493,20.433205092254223
24,0.42857142857142855,18.34060485707652
24,0.43478260869565216,14.900315429072698
24,0.4409937888198757,15.226645050860471
24,0.44720496894409933,8.897700678142746
24,0.45341614906832295,6.23005319693348
24,0.45962732919254656,3.8619551797020213
24,0.4658385093167702,26.51157699909355
24,0.47204968944099374,17.179105126497088
24,0.47826086956521735,10.616501554790974
24,0.48447204968944096,3.3109382224022923
24,0.4906832298136646,14.864327719083636
24,0.49689440993788814,6.382504613112471
25,0.0,2.7977620220553945e-14
25,0.006289308176100629,1.7358223689881112
25,0.012578616352201259,5.092888656566373
25,0.01886792452830189,10.171047707804187
25,0.025157232704402517,22.792627726723047
25,0.031446540880503145,16.256896174181872
25,0.03773584905660378,15.7386987032628
25,0.04402515723270441,11.486114982225057
25,0.050314465408805034,8.749106024905478
25,0.05660377358490566,8.315850586956568
25,0.06289308176100629,7.7145807315204795
25,0.06918238993710692,12.962792184265577
25,0.07547169811320756,14.397472918657094
25,0.08176100628930819,13.399872082440094
25,0.08805031446540881,4.617262822474208
25,0.09433962264150944,12.535980434881598
25,0.10062893081761007,2.9390350387074906
25,0.1069182389937107,12.042885743624486
25,0.11320754716981132,15.586693930721186
25,0.11949685534591195,7.445947666151321
25,0.12578616352201258,19.51772597290565
25,0.1320754716981132,3.6851736794436207
25,0.13836477987421383,11.865080113421028
25,0.14465408805031446,10.809592219457366
25,0.15094339622641512,14.517817604531393
25,0.15723270440251574,9.291821083002429
25,0.16352201257861637,5.042322055503216
25,0.169811320754717,18.847409908413557
25,0.17610062893081763,14.786962162563002
25,0.18238993710691825,7.636667601090636
25,0.18867924528301888,11.574807611527968
25,0.1949685534591195,8.8711351224032
25,0.20125786163522014,8.803367910260798
25,0.20754716981132076,8.94289426769669
25,0.2138364779874214,4.82652738183764
25,0.22012578616352202,5.541695868266208
25,0.22641509433962265,16.670245555642303
25,0.23270440251572327,15.717924503589222
25,0.2389937106918239,4.68578934267875
25,0.24528301886792453,4.564193887751086
25,0.25157232704402516,5.897022843470919
25,0.2578616352201258,8.362372453434357
25,0.2641509433962264,3.5130620844867857
25,0.27044025157232704,7.924407947617824
25,0.27672955974842767,13.128411350988404
25,0.2830188679245283,15.434125212210683
25,0.2893081761006289,3.9920607172506553
25,0.29559748427672955,29.959035332239498
25,0.30188679245283023,11.036530176223097
25,0.30817610062893086,10.490293496260419
25,0.3144654088050315,9.387413020220215
25,0.3207547169811321,8.248029522806311
25,0.32704402515723274,14.477328513095692
25,0.33333333333333337,6.978486086459585
25,0.339622641509434,13.378200736661233
25,0.3459119496855346,6.005651624376677
25,0.35220125786163525,8.867271855993353
25,0.3584905660377359,6.904245984194722
25,0.3647798742138365,15.7154775699173
25,0.37106918238993714,5.994427620483163
25,0.37735849056603776,16.463419138585436
25,0.3836477987421384,16.573485659334356
25,0.389937106918239,9.940220893703303
25,0.39622641509433965,15.537996679832283
25,0.4025157232704403,18.05889825838005
25,0.4088050314465409,1.8575431516034886
25,0.41509433962264153,13.339343832703543
25,0.42138364779874216,16.90513804301833
25,0.4276729559748428,26.04529967252609
25,0.4339622641509434,15.09844395534515
25,0.44025157232704404,16.50239788544847
25,0.44654088050314467,17.859034666113097
25,0.4528301886792453,11.64205478659653
25,0.4591194968553459,15.139952082226156
25,0.46540880503144655,6.632410783131209
25,0.4716981132075472,19.437203751116368
25,0.4779874213836478,16.02464736766564
25,0.48427672955974843,0.11229192362895561
25,0.49056603773584906,7.995921113404522
25,0.4968553459119497,17.22482028816357
26,0.0,3.552713678800501e-15
26,0.00625,12.852967348466793
26,0.0125,18.511890480542874
26,0.018750000000000003,26.61762686883467
26,0.025,11.605630224553869
26,0.03125,28.85979387996731
26,0.037500000000000006,3.6657176167980468
26,0.043750000000000004,13.459370949887845
26,0.05,17.330062226972725
26,0.05625,13.513338377860524
26,0.0625,14.96797994598157
26,0.06875,12.148242635310353
26,0.07500000000000001,15.746607293752229
26,0.08125,13.779552830607821
26,0.08750000000000001,12.69044103139912
26,0.09375,4.245385191112898
26,0.1,16.041837457601172
26,0.10625000000000001,1.9581559828569315
26,0.1125,12.124171582643722
26,0.11875000000000001,13.614651398808073
26,0.125,10.306243236081011
26,0.13125,7.596477968348234
26,0.1375,5.7618537220504304
26,0.14375000000000002,14.012411375443955
26,0.15000000000000002,3.9925396065026435
26,0.15625,1.988614982620371
26,0.1625,8.445678030919835
26,0.16875,18.16115572797389
26,0.17500000000000002,2.2555829791731923
26,0.18125000000000002,12.12915970542786
26,0.1875,5.71895160353253
26,0.19375,10.552560802260368
26,0.2,8.582135893542905
26,0.20625000000000002,3.5843730444238218
26,0.21250000000000002,0.750331722735364
26,0.21875,9.227608528982042
26,0.225,12.842993301976342
26,0.23125,6.0746449436504735
26,0.23750000000000002,27.120092158552335
26,0.24375000000000002,10.802477303499236
26,0.25,4.171296895406799
26,0.25625000000000003,24.78127082283985
26,0.2625,14.940134400082101
26,0.26875,20.422497144314182
26,0.275,4.714689164508819
26,0.28125,4.047039223835711
26,0.28750000000000003,9.650398162265487
26,0.29375,1.9571835544688045
26,0.30000000000000004,12.702636312277182
26,0.30625,5.937077340009282
26,0.3125,11.165144865718593
26,0.31875000000000003,8.137690943791943
26,0.325,10.25961101873419
26,0.33125000000000004,15.406172066942101
26,0.3375,19.834666627861775
26,0.34375,9.025434091146284
26,0.35000000000000003,12.586409256192633
26,0.35625,5.938520123193512
26,0.36250000000000004,18.356208129855908
26,0.36875,6.803085451854649
26,0.375,18.53015684775516
26,0.38125000000000003,22.239478455430163
26,0.3875,13.70638776685963
26,0.39375000000000004,6.512770796504354
26,0.4,11.44706726676332
26,0.40625,1.8046868252471957
26,0.41250000000000003,13.487524957819183
26,0.41875,15.932810293540374
26,0.42500000000000004,8.72845365475976
26,0.43125,6.693703579613421
26,0.4375,7.436581439374382
26,0.44375000000000003,17.63848311977941
26,0.45,6.901928319436965
26,0.45625000000000004,11.150304413232062
26,0.4625,8.463831716747032
26,0.46875,10.249036527768464
26,0.47500000000000003,7.405522308654206
26,0.48125,11.245815989959407
26,0.48750000000000004,7.503392607362475
26,0.49375,8.246019439867563
27,0.0,1.509903313490213e-14
27,0.00641025641025641,26.521934608657823
27,0.01282051282051282,15.08740044380045
27,0.019230769230769232,24.000335757841636
27,0.02564102564102564,5.427299985508197
27,0.03205128205128205,14.809730656584284
27,0.038461538461538464,13.527877372715459
27,0.04487179487179487,8.971679049749469
27,0.05128205128205128,27.340537219142664
27,0.05769230769230769,7.265556618001588
27,0.0641025641025641,5.053742392311998
27,0.07051282051282051,19.651557052969498
27,0.07692307692307693,13.829628217588546
27,0.08333333333333333,13.707595461889065
27,0.08974358974358974,16.716446947647185
27,0.09615384615384615,13.004489034205948
27,0.10256410256410256,19.9224899284684
27,0.10897435897435898,4.089900924149061
27,0.11538461538461538,14.078983566636909
27,0.12179487179487179,13.420477544586452
27,0.1282051282051282,8.157801707069911
27,0.1346153846153846,13.15077049088986
27,0.14102564102564102,16.436902493726244
27,0.14743589743589744,11.630237281650018
27,0.15384615384615385,16.66612516465694
27,0.16025641025641024,2.4913232364706848
27,0.16666666666666666,10.005282203830632
27,0.17307692307692307,12.56650001204645
27,0.1794871794871795,7.32224975548909
27,0.1858974358974359,13.901302173248512
27,0.1923076923076923,7.330050500315289
27,0.1987179487179487,10.16175247130241
27,0.20512820512820512,2.708224053717065
27,0.21153846153846154,14.178843232986383
27,0.21794871794871795,4.688892692294833
27,0.22435897435897434,9.91789334429481
27,0.23076923076923075,13.70876440878698
27,0.23717948717948717,19.283227678607908
27,0.24358974358974358,9.184989914522143
27,0.25,11.273516020326896
27,0.2564102564102564,6.01686831952947
27,0.26282051282051283,5.356022363349541
27,0.2692307692307692,2.775663170494574
27,0.2756410256410256,28.332105575973436
27,0.28205128205128205,9.3246760696507
27,0.28846153846153844,9.036320485072654
27,0.2948717948717949,3.267815166511561
27,0.30128205128205127,4.914783733720374
27,0.3076923076923077,11.73583613372046
27,0.3141025641025641,6.690100874351952
27,0.3205128205128205,21.02216123004465
27,0.3269230769230769,9.558681526300965
27,0.3333333333333333,8.117971926038257
27,0.33974358974358976,7.076917313378405
27,0.34615384615384615,9.009889452379737
27,0.35256410256410253,10.589196523971728
27,0.358974358974359,8.70712861548462
27,0.36538461538461536,7.281940796926024
27,0.3717948717948718,3.227048380824886
27,0.3782051282051282,8.880162836688006
27,0.3846153846153846,11.018370332533147
27,0.391025641025641,6.895583573668749
27,0.3974358974358974,8.167534506567105
27,0.40384615384615385,9.050461699090233
27,0.41025641025641024,19.22285803408841
27,0.41666666666666663,4.181673042024472
27,0.4230769230769231,12.296233302114565
27,0.42948717948717946,1.0493738558759556
27,0.4358974358974359,3.365932844919001
27,0.4423076923076923,11.636305355537342
27,0.4487179487179487,11.864930002795301
27,0.4551282051282051,11.536137704366821
27,0.4615384615384615,18.945088659883584
27,0.46794871794871795,10.680803622566883
27,0.47435897435897434,18.189606493746528
27,0.4807692307692307,2.7966042048856745
27,0.48717948717948717,5.275504180418822
27,0.49358974358974356,12.625568692909777
28,0.0,4.440892098500626e-15
28,0.006756756756756757,10.94961069274037
28,0.013513513513513514,7.848185275526028
28,0.02027027027027027,15.59664922674569
28,0.02702702702702703,9.66437024549053
28,0.033783783783783786,5.950272083501217
28,0.04054054054054054,11.216478080520536
28,0.0472972972972973,12.821416975430058
28,0.05405405405405406,10.893660422366821
28,0.060810810810810814,15.915320643904591
28,0.06756756756756757,7.93315443381512
28,0.07432432432432433,12.512194174645082
28,0.08108108108108109,14.548624959268526
28,0.08783783783783784,9.954649341576852
28,0.0945945945945946,5.795742271438353
28,0.10135135135135136,13.547734696344584
28,0.10810810810810811,15.314234686761626
28,0.11486486486486487,12.883175724979624
28,0.12162162162162163,7.76784873394901
28,0.1283783783783784,16.78921704337669
28,0.13513513513513514,17.520310314197314
28,0.14189189189189189,8.170492854680276
28,0.14864864864864866,6.015621110605219
28,0.15540540540540543,7.920497467088083
28,0.16216216216216217,11.03046764158505
28,0.16891891891891891,13.576110253011887
28,0.17567567567567569,13.221318431670928
28,0.18243243243243246,1.6150526464313781
28,0.1891891891891892,10.293104851789602
28,0.19594594594594594,10.52677945068861
28,0.20270270270270271,10.342387399889754
28,0.20945945945945948,10.964954822600474
28,0.21621621621621623,5.8525856976930015
28,0.22297297297297297,6.317458099446277
28,0.22972972972972974,12.07156363836901
28,0.2364864864864865,10.563208248629165
28,0.24324324324324326,10.647591749159652
28,0.25,19.491218167095063
28,0.2567567567567568,19.24530234785703
28,0.26351351351351354,19.038725515182747
28,0.2702702702702703,4.876044781669657
28,0.27702702702702703,7.999681163996513
28,0.28378378378378377,7.7897187498077765
28,0.29054054054054057,13.301358904054505
28,0.2972972972972973,2.4357343165002288
28,0.30405405405405406,4.247007080454202
28,0.31081081081081086,13.173320233048528
28,0.3175675675675676,22.623194694591824
28,0.32432432432432434,12.806483417660985
28,0.3310810810810811,21.14319819842769
28,0.33783783783783783,3.230031037692892
28,0.3445945945945946,12.999525740464925
28,0.35135135135135137,18.282958428063957
28,0.3581081081081081,14.321271883923384
28,0.3648648648648649,10.220711147735328
28,0.37162162162162166,19.45727690586362
28,0.3783783783783784,8.09072535355671
28,0.38513513513513514,5.619729065118318
28,0.3918918918918919,15.009680029471326
28,0.3986486486486487,10.340319840817036
28,0.40540540540540543,10.926115732419118
28,0.41216216216216217,5.180968750838861
28,0.41891891891891897,19.329897912716458
28,0.4256756756756757,16.221539763972885
28,0.43243243243243246,5.233342798828066
28,0.4391891891891892,9.775213396062474
28,0.44594594594594594,9.48210741077032
28,0.45270270270270274,8.157097335883511
28,0.4594594594594595,14.221892743687642
28,0.46621621621621623,6.5767797440879106
28,0.472972972972973,8.65909924390148
28,0.47972972972972977,7.851692611274116
28,0.4864864864864865,5.096511061289355
28,0.49324324324324326,22.87870053762613
29,0.0,1.5987211554602254e-14
29,0.00641025641025641,12.452226665839405
29,0.01282051282051282,10.411788630529092
29,0.019230769230769232,14.290196423272361
29,0.02564102564102564,12.335254645607083
29,0.03205128205128205,16.14618208622887
29,0.038461538461538464,17.407744559427528
29,0.04487179487179487,8.031462249826083
29,0.05128205128205128,9.793762372114005
29,0.05769230769230769,10.570222065631675
29,0.0641025641025641,16.598449456484083
29,0.07051282051282051,6.604809579938209
29,0.07692307692307693,3.1321871540866093
29,0.08333333333333333,2.7015476902910445
29,0.08974358974358974,8.42311313694791
29,0.09615384615384615,15.680822580912196
29,0.10256410256410256,3.605112855291832
29,0.10897435897435898,4.73300323835759
29,0.11538461538461538,14.015824440656845
29,0.12179487179487179,14.927604179129853
29,0.1282051282051282,13.174974483177056
29,0.1346153846153846,18.00330871740946
29,0.14102564102564102,3.7836314394100543
29,0.14743589743589744,19.793678244379688
29,0.15384615384615385,3.9243339415653398
29,0.16025641025641024,13.47681585330651
29,0.16666666666666666,2.38467866889543
29,0.17307692307692307,12.47119398927357
29,0.1794871794871795,7.455723308097255
29,0.1858974358974359,10.307804744551904
29,0.1923076923076923,11.553149432136914
29,0.1987179487179487,23.946523301204433
29,0.20512820512820512,11.53625955199108
29,0.21153846153846154,12.630303176308475
29,0.21794871794871795,3.9887490184999668
29,0.22435897435897434,2.516065582292047
29,0.23076923076923075,15.378584327962365
29,0.23717948717948717,4.007338762337795
29,0.24358974358974358,5.383615348016645
29,0.25,17.868296935541153
29,0.2564102564102564,11.869288453766789
29,0.26282051282051283,16.659363965458397
29,0.2692307692307692,2.5434066812085705
29,0.2756410256410256,13.423998052658337
29,0.28205128205128205,15.641413204225081
29,0.28846153846153844,15.582360889521627
29,0.2948717948717949,7.400809086589417
29,0.30128205128205127,17.41137942796652
29,0.3076923076923077,4.429906320780855
29,0.3141025641025641,20.66571687467111
29,0.3205128205128205,12.20799075087275
29,0.3269230769230769,18.666650358888894
29,0.3333333333333333,8.981934701213584
29,0.33974358974358976,6.512994035476721
29,0.34615384615384615,17.07480360887149
29,0.35256410256410253,17.527722798488174
29,0.358974358974359,10.203461252532437
29,0.36538461538461536,25.455067879526776
29,0.3717948717948718,11.262138075295063
29,0.3782051282051282,6.167364446888888
29,0.3846153846153846,13.844511792860104
29,0.391025641025641,5.503365816815148
29,0.3974358974358974,13.878058476619406
29,0.40384615384615385,12.494348741657845
29,0.41025641025641024,4.587934643909637
29,0.41666666666666663,5.255765487010056
29,0.4230769230769231,11.613934684948246
29,0.42948717948717946,12.99627695681686
29,0.4358974358974359,9.89015477350447
29,0.4423076923076923,17.964868897744765
29,0.4487179487179487,20.285033564980782
29,0.4551282051282051,7.521735775129771
29,0.4615384615384615,6.04126708267913
29,0.46794871794871795,1.844092570651061
29,0.47435897435897434,13.620075063720797
29,0.4807692307692307,10.558429439927682
29,0.48717948717948717,18.88590978635572
29,0.49358974358974356,2.7686572845214483
30,0.0,1.176836406102666e-14
30,0.006369426751592357,28.115235352241463
30,0.012738853503184714,13.724775590609674
30,0.019108280254777073,7.694413752312507
30,0.025477707006369428,22.032287864470117
30,0.03184713375796178,14.392541753737019
30,0.038216560509554146,16.163721147221963
30,0.0445859872611465,8.345810316587261
30,0.050955414012738856,18.82883935282704
30,0.05732484076433121,6.626154602397883
30,0.06369426751592357,7.738593725210846
30,0.07006369426751592,20.167324781185204
30,0.07643312101910829,8.209535365596002
30,0.08280254777070065,6.046982622974923
30,0.089171974522293,4.665149837294779
30,0.09554140127388536,10.208053395817593
30,0.10191082802547771,10.945174553487238
30,0.10828025477707007,12.205809979313834
30,0.11464968152866242,7.41806295812289
30,0.12101910828025478,14.870770136006843
30,0.12738853503184713,11.96680456296364
30,0.1337579617834395,4.048071731628939
30,0.14012738853503184,13.607204548811199
30,0.1464968152866242,19.11404157028365
30,0.15286624203821658,8.861427938057071
30,0.15923566878980894,10.137475037924688
30,0.1656050955414013,11.449250310645771
30,0.17197452229299365,11.547497278846222
30,0.178343949044586,19.487026503116205
30,0.18471337579617836,6.273551623011384
30,0.1910828025477707,8.789307708201106
30,0.19745222929936307,14.165696750673915
30,0.20382165605095542,11.225419007984298
30,0.21019108280254778,6.205372360576445
30,0.21656050955414013,11.163202406768832
30,0.2229299363057325,17.039212179955914
30,0.22929936305732485,10.814556520199599
30,0.2356687898089172,13.316557396931056
30,0.24203821656050956,14.535191502390804
30,0.2484076433121019,14.861432460170526
30,0.25477707006369427,9.669827777114971
30,0.2611464968152866,14.56327560803324
30,0.267515923566879,22.596698670192474
30,0.27388535031847133,6.0734250933044756
30,0.2802547770700637,3.7685754711450596
30,0.28662420382165604,5.309372572507336
30,0.2929936305732484,7.278233128370744
30,0.29936305732484075,6.788401228240512
30,0.30573248407643316,12.526419996323394
30,0.3121019108280255,3.200901748504454
30,0.3184713375796179,14.314167773153475
30,0.32484076433121023,13.58811739873712
30,0.3312101910828026,1.557726893049018
30,0.33757961783439494,12.09990805774925
30,0.3439490445859873,4.516045004020643
30,0.35031847133757965,13.540196346129923
30,0.356687898089172,2.952372325478291
30,0.36305732484076436,10.302047179829218
30,0.3694267515923567,4.297774268866441
30,0.37579617834394907,12.477724843819168
30,0.3821656050955414,12.698700385470131
30,0.3885350318471338,5.163755229101148
30,0.39490445859872614,5.105776616876914
30,0.4012738853503185,2.957228507457017
30,0.40764331210191085,17.316754406025357
30,0.4140127388535032,16.821791780140092
30,0.42038216560509556,12.86490884220665
30,0.4267515923566879,20.88438915484682
30,0.43312101910828027,8.428590435914742
30,0.4394904458598726,3.7400166974904683
30,0.445859872611465,15.565494298985271
30,0.45222929936305734,8.231252156202535
30,0.4585987261146497,22.744866058300502
30,0.46496815286624205,14.598540039762128
30,0.4713375796178344,3.3967269063448446
30,0.47770700636942676,8.5056144033653
30,0.4840764331210191,8.424490286849773
30,0.49044585987261147,13.314362212500312
30,0.4968152866242038,20.16517694207488
31,0.0,1.7763568394002505e-15
31,0.006211180124223602,26.744368981254134
31,0.012422360248447204,2.746481176679256
31,0.018633540372670808,17.418681050580847
31,0.024844720496894408,21.95831601340585
31,0.03105590062111801,2.0572115544530223
31,0.037267080745341616,15.841549489139167
31,0.043478260869565216,15.803341410722199
31,0.049689440993788817,26.513421382255608
31,0.05590062111801242,19.247488903981345
31,0.06211180124223602,22.141795779848387
31,0.06832298136645962,15.407429489016277
31,0.07453416149068323,3.1562437549487345
31,0.08074534161490683,4.396335205938741
31,0.08695652173913043,5.584730293945457
31,0.09316770186335403,15.450247696885036
31,0.09937888198757763,16.41521731113532
31,0.10559006211180123,11.060764490264466
31,0.11180124223602483,6.157630779771986
31,0.11801242236024843,13.0462567748875
31,0.12422360248447203,12.18708112847949
31,0.13043478260869565,6.465285630995311
31,0.13664596273291924,2.4803673550264147
31,0.14285714285714285,7.99591576987379
31,0.14906832298136646,14.14152350998021
31,0.15527950310559005,1.0832594885285385
31,0.16149068322981366,5.546129750599372
31,0.16770186335403725,3.046448321804494
31,0.17391304347826086,12.411492241055553
31,0.18012422360248445,20.012283836637117
31,0.18633540372670807,10.45083937996164
31,0.19254658385093165,7.048480627657559
31,0.19875776397515527,10.425329132234683
31,0.20496894409937888,5.921298176770312
31,0.21118012422360247,7.348595248795729
31,0.21739130434782608,5.519328437976707
31,0.22360248447204967,1.5954959105778153
31,0.22981366459627328,14.209574101996502
31,0.23602484472049687,12.263560928510456
31,0.24223602484472048,21.323464390364496
31,0.24844720496894407,10.180632617069964
31,0.2546583850931677,4.495844658436384
31,0.2608695652173913,3.808982580746332
31,0.2670807453416149,7.145340047959598
31,0.27329192546583847,6.698275915101533
31,0.2795031055900621,5.09503108837716
31,0.2857142857142857,9.112983380165907
31,0.2919254658385093,4.230239931939997
31,0.2981366459627329,4.889944548850229
31,0.3043478260869565,14.534064426770252
31,0.3105590062111801,20.653891532271626
31,0.3167701863354037,10.695384976138849
31,0.32298136645962733,10.385675375390193
31,0.3291925465838509,20.229071368089
31,0.3354037267080745,3.2056315489545364
31,0.3416149068322981,11.827980913698115
31,0.34782608695652173,18.279093723745497
31,0.35403726708074534,5.953623969607665
31,0.3602484472049689,19.41280317241911
31,0.3664596273291925,20.523465150760195
31,0.37267080745341613,22.13212556154383
31,0.37888198757763975,12.938393086297296
31,0.3850931677018633,2.049773962676507
31,0.3913043478260869,4.118522821446722
31,0.39751552795031053,24.196787793456778
31,0.40372670807453415,23.700114224655067
31,0.40993788819875776,7.317880987181048
31,0.4161490683229813,5.936612653464358
31,0.42236024844720493,7.267253805010418
31,0.42857142857142855,3.1107170019962855
31,0.43478260869565216,13.752761941505616
31,0.4409937888198757,6.937672849141967
31,0.44720496894409933,15.422732525884832
31,0.45341614906832295,6.181241443656914
31,0.45962732919254656,6.491165745095715
31,0.4658385093167702,13.833410944653261
31,0.47204968944099374,7.609933152021686
31,0.47826086956521735,4.903903873835276
31,0.48447204968944096,3.798672158432065
31,0.4906832298136646,9.687009489851363
31,0.49689440993788814,10.394797188410804
32,0.0,9.325873406851315e-15
32,0.006329113924050633,1.4499127734260067
32,0.012658227848101266,12.798172042063449
32,0.0189873417721519,8.172275383877954
32,0.02531645569620253,17.375767440478256
32,0.03164556962025317,16.195415663699652
32,0.0379746835443038,11.511330002457592
32,0.04430379746835443,14.173097531735714
32,0.05063291139240506,1.3274903359518546
32,0.056962025316455694,25.880098159607968
32,0.06329113924050633,12.865828903789359
32,0.06962025316455696,17.51161545721535
32,0.0759493670886076,13.710746556468834
32,0.08227848101265822,8.424885420260203
32,0.08860759493670886,16.506077110688178
32,0.09493670886075949,6.385052612428253
32,0.10126582278481013,8.918334572102246
32,0.10759493670886076,7.0978640658118595
32,0.11392405063291139,3.539326484650358
32,0.12025316455696203,9.722680643148058
32,0.12658227848101267,7.2930230870301855
32,0.13291139240506328,18.412265832678724
32,0.13924050632911392,6.9906182617335695
32,0.14556962025316456,8.217079435722313
32,0.1518987341772152,7.756211755303372
32,0.15822784810126583,11.426078639710374
32,0.16455696202531644,1.537411854272886
32,0.17088607594936708,13.48843788875347
32,0.17721518987341772,8.28255694285367
32,0.18354430379746836,10.900899480417307
32,0.18987341772151897,19.861801749335257
32,0.1962025316455696,9.650562430574544
32,0.20253164556962025,20.772248400819564
32,0.2088607594936709,22.507182969547753
32,0.21518987341772153,11.38856302699183
32,0.22151898734177214,11.24168170817742
32,0.22784810126582278,8.816776532309433
32,0.23417721518987342,11.396546332637946
32,0.24050632911392406,11.244656516595846
32,0.24683544303797467,10.842878487602771
32,0.25316455696202533,7.983411709083299
32,0.25949367088607594,14.523660296433642
32,0.26582278481012656,9.647823104159436
32,0.2721518987341772,9.265632382929452
32,0.27848101265822783,10.961194953692146
32,0.2848101265822785,7.9382603549615895
32,0.2911392405063291,11.94569746418019
32,0.2974683544303797,9.714067259515824
32,0.3037974683544304,14.534408782128505
32,0.310126582278481,6.699435223140519
32,0.31645569620253167,13.121433688922865
32,0.3227848101265823,5.069653707378657
32,0.3291139240506329,2.0837654789078734
32,0.33544303797468356,12.277551519197894
32,0.34177215189873417,11.242625048769721
32,0.3481012658227848,5.013072977370043
32,0.35443037974683544,9.59746571176124
32,0.36075949367088606,9.33200822099307
32,0.3670886075949367,9.214848973211247
32,0.37341772151898733,15.868278482372292
32,0.37974683544303794,4.024211034164794
32,0.3860759493670886,13.884191944100563
32,0.3924050632911392,7.139545936026143
32,0.3987341772151899,7.695284300014605
32,0.4050632911392405,11.365512812368724
32,0.4113924050632911,23.044715631449534
32,0.4177215189873418,20.5327843969181
32,0.4240506329113924,7.292607864069391
32,0.43037974683544306,7.234652336895535
32,0.43670886075949367,13.70654809510169
32,0.4430379746835443,13.670327032845826
32,0.44936708860759494,12.629749732427033
32,0.45569620253164556,15.507764131557177
32,0.4620253164556962,2.6584730993374732
32,0.46835443037974683,19.141518282786304
32,0.47468354430379744,26.06311045328213
32,0.4810126582278481,4.68812841755316
32,0.4873417721518987,5.058405883853148
32,0.49367088607594933,25.432734613158594
33,0.0,4.884981308350689e-15
33,0.006289308176100629,14.739811913077162
33,0.012578616352201259,17.012133722485952
33,0.01886792452830189,7.038935942123127
33,0.025157232704402517,28.82887193075571
33,0.031446540880503145,13.187623938851388
33,0.03773584905660378,13.807484131493938
33,0.04402515723270441,23.961396582754354
33,0.050314465408805034,8.833582635724644
33,0.05660377358490566,10.241633585640571
33,0.06289308176100629,18.804685336999338
33,0.06918238993710692,6.764866055780429
33,0.07547169811320756,3.867252620063761
33,0.08176100628930819,12.204351810169213
33,0.08805031446540881,20.459717814476434
33,0.09433962264150944,5.340078671461282
33,0.10062893081761007,5.381638782059531
33,0.1069182389937107,14.776641747623682
33,0.11320754716981132,2.3447352699897106
33,0.11949685534591195,16.614156160686186
33,0.12578616352201258,6.330623625628071
33,0.1320754716981132,2.5597396057522683
33,0.13836477987421383,12.113228758684912
33,0.14465408805031446,8.668034665655519
33,0.15094339622641512,11.1478819781934
33,0.15723270440251574,11.268671342429899
33,0.16352201257861637,7.2696268563628115
33,0.169811320754717,1.1831592198676348
33,0.17610062893081763,7.560846890389611
33,0.18238993710691825,11.38140173103606
33,0.18867924528301888,5.500453268933996
33,0.1949685534591195,3.9650786984569737
33,0.20125786163522014,17.950449316794227
33,0.20754716981132076,7.709681769965329
33,0.2138364779874214,12.466580520013085
33,0.22012578616352202,20.93902030855161
33,0.22641509433962265,19.852745317391097
33,0.23270440251572327,11.056593629524148
33,0.2389937106918239,11.29717225840059
33,0.24528301886792453,22.119648361140193
33,0.25157232704402516,17.021578006669678
33,0.2578616352201258,12.969156067633502
33,0.2641509433962264,7.525280672190133
33,0.27044025157232704,13.035655122990597
33,0.27672955974842767,4.340704401784582
33,0.2830188679245283,5.088040336794112
33,0.2893081761006289,9.115809259287044
33,0.29559748427672955,1.9658019111899985
33,0.30188679245283023,4.068930525438167
33,0.30817610062893086,2.365984054601888
33,0.3144654088050315,13.72713733903962
33,0.3207547169811321,6.547150258109107
33,0.32704402515723274,8.681469091956385
33,0.33333333333333337,7.208731259997146
33,0.339622641509434,12.799750934706118
33,0.3459119496855346,9.198160864256176
33,0.35220125786163525,3.995360844560718
33,0.3584905660377359,9.051252560113632
33,0.3647798742138365,8.534372112947104
33,0.37106918238993714,8.104384204907342
33,0.37735849056603776,20.9775869338523
33,0.3836477987421384,2.4317971434997996
33,0.389937106918239,15.747086215217482
33,0.39622641509433965,9.204769640446317
33,0.4025157232704403,10.7687677193299
33,0.4088050314465409,8.311378034344076
33,0.41509433962264153,14.12185515793859
33,0.42138364779874216,28.182813747542376
33,0.4276729559748428,6.455492829741378
33,0.4339622641509434,8.712250752493667
33,0.44025157232704404,16.81824228368659
33,0.44654088050314467,9.180043815711828
33,0.4528301886792453,15.119351735318704
33,0.4591194968553459,9.609728523946055
33,0.46540880503144655,23.827234012897755
33,0.4716981132075472,16.751726693984924
33,0.4779874213836478,8.734915299773512
33,0.48427672955974843,9.162358087031718
33,0.49056603773584906,7.776280427864599
33,0.4968553459119497,12.761864266193982
34,0.0,1.7763568394002505e-15
34,0.006896551724137931,19.282797578621423
34,0.013793103448275862,18.675440441652775
34,0.020689655172413793,17.578379716153936
34,0.027586206896551724,9.747087356348393
34,0.034482758620689655,5.237167622579216
34,0.041379310344827586,13.504572492567675
34,0.04827586206896552,9.581334103095104
34,0.05517241379310345,4.034180921618165
34,0.06206896551724138,12.782368583544043
34,0.06896551724137931,8.005104971588272
34,0.07586206896551724,14.271185290726322
34,0.08275862068965517,11.792866808095294
34,0.0896551724137931,1.5016773319063945
34,0.09655172413793103,18.933058759725736
34,0.10344827586206896,3.5706283667781844
34,0.1103448275862069,10.276886976441176
34,0.11724137931034483,4.626468162220623
34,0.12413793103448276,19.289880538012643
34,0.13103448275862067,8.858462274283198
34,0.13793103448275862,14.607629678523441
34,0.14482758620689656,15.042849154635649
34,0.15172413793103448,5.451072778190246
34,0.1586206896551724,10.093335968155083
34,0.16551724137931034,8.211218045250526
34,0.1724137931034483,13.08821828700746
34,0.1793103448275862,1.1108904149429029
34,0.18620689655172412,20.95149563453203
34,0.19310344827586207,12.438253695307157
34,0.2,19.56994224029955
34,0.20689655172413793,8.434052130896456
34,0.21379310344827585,7.944119405439846
34,0.2206896551724138,4.128572644309336
34,0.22758620689655173,7.285743175244346
34,0.23448275862068965,8.576257796520142
34,0.24137931034482757,3.9843352459455774
34,0.2482758620689655,17.401508785205344
34,0.25517241379310346,8.264463666414352
34,0.26206896551724135,10.332599896995472
34,0.2689655172413793,22.955897344678636
34,0.27586206896551724,6.395349584371823
34,0.2827586206896552,13.21592416321663
34,0.2896551724137931,20.347364469564283
34,0.296551724137931,14.688930372641728
34,0.30344827586206896,10.410137743034978
34,0.3103448275862069,14.195302036626897
34,0.3172413793103448,6.460053841567241
34,0.32413793103448274,15.677517354852327
34,0.3310344827586207,5.351297714320395
34,0.33793103448275863,6.293680315847801
34,0.3448275862068966,16.86605684525322
34,0.35172413793103446,10.518369401213393
34,0.3586206896551724,6.353433914894763
34,0.36551724137931035,9.189406908178304
34,0.37241379310344824,13.763982685311372
34,0.3793103448275862,10.162768238985109
34,0.38620689655172413,15.755261969926819
34,0.3931034482758621,3.8698978846874073
34,0.4,2.8546958052457754
34,0.4068965517241379,8.02182749501289
34,0.41379310344827586,2.813092533749198
34,0.4206896551724138,12.249505583538387
34,0.4275862068965517,8.889074233997384
34,0.43448275862068964,18.478950002197127
34,0.4413793103448276,6.896721884843869
34,0.4482758620689655,21.27707741877978
34,0.45517241379310347,1.901713601091929
34,0.46206896551724136,10.440697321582006
34,0.4689655172413793,10.69348905674689
34,0.47586206896551725,7.125411715004746
34,0.48275862068965514,14.133313874368811
34,0.4896551724137931,12.071697561807886
34,0.496551724137931,10.04700725544268
35,0.0,7.549516567451064e-15
35,0.006369426751592357,8.30208985960285
35,0.012738853503184714,21.197834075843875
35,0.019108280254777073,19.297288711238963
35,0.025477707006369428,16.118600301051547
35,0.03184713375796178,10.901319801536026
35,0.038216560509554146,10.409795270404807
35,0.0445859872611465,17.945105709081222
35,0.050955414012738856,6.93507379534939
35,0.05732484076433121,22.5546695775524
35,0.06369426751592357,7.24716168422396
35,0.07006369426751592,9.697748796785381
35,0.07643312101910829,17.63255134160453
35,0.08280254777070065,10.62355463881896
35,0.089171974522293,8.82955165942298
35,0.09554140127388536,13.321193256189007
35,0.10191082802547771,15.7699516773099
35,0.10828025477707007,8.617779634172887
35,0.11464968152866242,16.92548663929812
35,0.12101910828025478,5.946479495525389
35,0.12738853503184713,6.865443923290777
35,0.1337579617834395,2.492537332256549
35,0.14012738853503184,5.391493058980642
35,0.1464968152866242,16.267176692295692
35,0.15286624203821658,5.709158880246926
35,0.15923566878980894,16.593398463131166
35,0.1656050955414013,5.457544339723965
35,0.17197452229299365,1.7860178199145385
35,0.178343949044586,13.32142953732602
35,0.18471337579617836,13.83355749366182
35,0.1910828025477707,6.304622295576901
35,0.19745222929936307,5.402811268869032
35,0.20382165605095542,19.269798111924757
35,0.21019108280254778,21.136312843956592
35,0.21656050955414013,14.672310575337168
35,0.2229299363057325,7.0842672141488
35,0.22929936305732485,5.514696688883743
35,0.2356687898089172,8.786783711710369
35,0.24203821656050956,18.47099614319722
35,0.2484076433121019,10.357043219678426
35,0.25477707006369427,17.495271076174046
35,0.2611464968152866,2.458753952720187
35,0.267515923566879,17.97198177360205
35,0.27388535031847133,5.393537449122897
35,0.2802547770700637,9.699837942567429
35,0.28662420382165604,5.043196639824892
35,0.2929936305732484,6.891311482702064
35,0.29936305732484075,13.337063213205528
35,0.30573248407643316,8.170246604244946
35,0.3121019108280255,7.518643219293762
35,0.3184713375796179,22.22421162680697
35,0.32484076433121023,21.257654533566512
35,0.3312101910828026,15.685989626701804
35,0.33757961783439494,4.8167413466868645
35,0.3439490445859873,10.563422588275143
35,0.35031847133757965,9.291846824901787
35,0.356687898089172,12.42357245075074
35,0.36305732484076436,14.307605697253713
35,0.3694267515923567,10.786703077891024
35,0.37579617834394907,11.334563499389617
35,0.3821656050955414,8.277094291862953
35,0.3885350318471338,1.3878894467223748
35,0.39490445859872614,10.579542610938203
35,0.4012738853503185,13.700722593326425
35,0.40764331210191085,15.459346290924806
35,0.4140127388535032,15.829168605853049
35,0.42038216560509556,9.074273184656526
35,0.4267515923566879,1.628821212850621
35,0.43312101910828027,7.037046186662199
35,0.4394904458598726,22.709805050687386
35,0.445859872611465,11.25997074316789
35,0.45222929936305734,6.5939481652993575
35,0.4585987261146497,14.276792550807905
35,0.46496815286624205,15.886481636685719
35,0.4713375796178344,13.170975939668839
35,0.47770700636942676,14.556361556457539
35,0.4840764331210191,3.1639040351448844
35,0.49044585987261147,1.117313978266013
35,0.4968152866242038,12.24425774057255
36,0.0,6.217248937900877e-15
36,0.006369426751592357,11.406968563334209
36,0.012738853503184714,26.48224509762544
36,0.019108280254777073,14.4858633265992
36,0.025477707006369428,13.731476239965726
36,0.03184713375796178,16.03441753585065
36,0.038216560509554146,15.33041817012914
36,0.0445859872611465,12.207630638885945
36,0.050955414012738856,8.565425143464907
36,0.05732484076433121,9.400613482748033
36,0.06369426751592357,13.770480792575832
36,0.07006369426751592,9.564254128743498
36,0.07643312101910829,11.92877995843503
36,0.08280254777070065,16.14930225103387
36,0.089171974522293,24.575220400817955
36,0.09554140127388536,16.505850147809344
36,0.10191082802547771,15.15225799318408
36,0.10828025477707007,17.136587580634895
36,0.11464968152866242,7.216679348575889
36,0.12101910828025478,17.332287283822115
36,0.12738853503184713,8.408058965299276
36,0.1337579617834395,18.01769447575683
36,0.14012738853503184,7.086007651659438
36,0.1464968152866242,3.9628070875596135
36,0.15286624203821658,9.710943111387808
36,0.15923566878980894,1.8082797267362787
36,0.1656050955414013,4.802343101524931
36,0.17197452229299365,7.909931284845008
36,0.178343949044586,2.4932837744085177
36,0.18471337579617836,7.138760461929959
36,0.1910828025477707,10.379387075070067
36,0.19745222929936307,23.243967827864097
36,0.20382165605095542,9.17749179687607
36,0.21019108280254778,11.496669567414562
36,0.21656050955414013,17.837501692446722
36,0.2229299363057325,11.719322079680317
36,0.22929936305732485,14.27282536323983
36,0.2356687898089172,17.238851648652243
36,0.24203821656050956,7.620940703694828
36,0.2484076433121019,8.146475519406769
36,0.25477707006369427,10.230779009634196
36,0.2611464968152866,4.523907087576813
36,0.267515923566879,7.909552503400969
36,0.27388535031847133,9.844462335326307
36,0.2802547770700637,8.337511767681635
36,0.28662420382165604,3.805945582668762
36,0.2929936305732484,16.56959194099388
36,0.29936305732484075,17.64053417934337
36,0.30573248407643316,5.611824922116732
36,0.3121019108280255,8.271142234516377
36,0.3184713375796179,11.820785179936017
36,0.32484076433121023,14.916331410815143
36,0.3312101910828026,4.534272357300081
36,0.33757961783439494,3.8445856899074995
36,0.3439490445859873,11.439325558024368
36,0.35031847133757965,6.740514314863491
36,0.356687898089172,10.941191085790287
36,0.36305732484076436,7.073064966912735
36,0.3694267515923567,2.691033160499422
36,0.37579617834394907,11.303264381959975
36,0.3821656050955414,4.750133572170737
36,0.3885350318471338,3.6856893549958216
36,0.39490445859872614,21.54690513907152
36,0.4012738853503185,7.338647772773378
36,0.40764331210191085,14.059789757116109
36,0.4140127388535032,17.493851183050356
36,0.42038216560509556,19.66921430072845
36,0.4267515923566879,16.937174454896297
36,0.43312101910828027,13.628193005685247
36,0.4394904458598726,18.74119802978213
36,0.445859872611465,4.290665379622203
36,0.45222929936305734,10.356577216661831
36,0.4585987261146497,6.035350219036724
36,0.46496815286624205,16.640307455109212
36,0.4713375796178344,13.574371960265857
36,0.47770700636942676,12.530655114328088
36,0.4840764331210191,5.775070713393738
36,0.49044585987261147,7.5053372727989425
36,0.4968152866242038,11.707117878600089
37,0.0,1.4210854715202004e-14
37,0.0064516129032258064,32.3757685024313
37,0.012903225806451613,3.9906475209384498
37,0.01935483870967742,15.334440883344739
37,0.025806451612903226,13.721577341660002
37,0.03225806451612903,4.2043449350110755
37,0.03870967741935484,13.20142484138796
37,0.04516129032258064,11.388065473060593
37,0.05161290322580645,12.285223622750069
37,0.05806451612903226,4.494825600908996
37,0.06451612903225806,19.04396930864391
37,0.07096774193548387,18.178751289948103
37,0.07741935483870968,14.530834043274057
37,0.08387096774193549,15.11300089226263
37,0.09032258064516129,8.793194452646013
37,0.0967741935483871,6.109483644141538
37,0.1032258064516129,10.824747008188368
37,0.10967741935483871,14.169014415572079
37,0.11612903225806452,14.054741439846294
37,0.12258064516129032,7.187925327183593
37,0.12903225806451613,3.3605492424208308
37,0.13548387096774195,17.027717194946042
37,0.14193548387096774,8.26206605248068
37,0.14838709677419354,7.175405578653658
37,0.15483870967741936,6.070398443903805
37,0.16129032258064516,3.6236624439204266
37,0.16774193548387098,10.141657846830375
37,0.17419354838709677,4.828094858942795
37,0.18064516129032257,2.7850790602178694
37,0.1870967741935484,8.803055742784688
37,0.1935483870967742,17.206546194666764
37,0.2,18.70412006333235
37,0.2064516129032258,2.711941703039968
37,0.2129032258064516,17.163123599555362
37,0.21935483870967742,11.602059581711856
37,0.22580645161290322,2.53764315704433
37,0.23225806451612904,16.755040486732923
37,0.23870967741935484,2.8975147419268756
37,0.24516129032258063,9.971077484672355
37,0.25161290322580643,8.308058045474688
37,0.25806451612903225,12.301190866517775
37,0.2645161290322581,7.6015312044496355
37,0.2709677419354839,17.768639911724005
37,0.27741935483870966,12.881462022090183
37,0.2838709677419355,19.954245951044655
37,0.2903225806451613,11.542217275198245
37,0.2967741935483871,5.326034827101214
37,0.3032258064516129,14.497624361987317
37,0.3096774193548387,4.754872518806346
37,0.3161290322580645,1.0267607859365655
37,0.3225806451612903,8.74594281096448
37,0.32903225806451614,21.491766330923404
37,0.33548387096774196,18.197929667526516
37,0.3419354838709677,2.680132131283006
37,0.34838709677419355,6.018772032436763
37,0.3548387096774194,6.022138608985522
37,0.36129032258064514,4.971835427855706
37,0.36774193548387096,5.311807669752925
37,0.3741935483870968,2.8031809076996312
37,0.38064516129032255,13.53859240817936
37,0.3870967741935484,8.459549374172994
37,0.3935483870967742,22.34502650283768
37,0.4,10.267513050209411
37,0.4064516129032258,19.77538605509482
37,0.4129032258064516,19.72101350293893
37,0.41935483870967744,13.26077278318527
37,0.4258064516129032,7.281990477918407
37,0.432258064516129,6.954986726250056
37,0.43870967741935485,2.2684757163053106
37,0.44516129032258067,0.9855296029242808
37,0.45161290322580644,1.9245866934453428
37,0.45806451612903226,5.034117708429349
37,0.4645161290322581,17.8212572911292
37,0.47096774193548385,21.642054665530228
37,0.4774193548387097,2.200136039958427
37,0.4838709677419355,19.43660868493847
37,0.49032258064516127,15.97846086578947
37,0.4967741935483871,10.890372681147262
38,0.0,8.881784197001252e-15
38,0.0064516129032258064,9.86091797404619
38,0.012903225806451613,10.68788088952014
38,0.01935483870967742,0.9171659549453368
38,0.025806451612903226,18.787390774300093
38,0.03225806451612903,9.894838377334105
38,0.03870967741935484,2.9795400918928183
38,0.04516129032258064,7.97527102352868
38,0.05161290322580645,12.193146002116178
38,0.05806451612903226,8.652266946315638
38,0.06451612903225806,5.815532053841841
38,0.07096774193548387,8.726868864689802
38,0.07741935483870968,13.608627515787225
38,0.08387096774193549,18.011733697352728
38,0.09032258064516129,23.659046870954977
38,0.0967741935483871,13.373537160916841
38,0.1032258064516129,10.846434481240593
38,0.10967741935483871,3.481756850386847
38,0.11612903225806452,4.434653675587794
38,0.12258064516129032,17.803122488913335
38,0.12903225806451613,5.9916783676743615
38,0.13548387096774195,16.13293102938402
38,0.14193548387096774,17.141167648527205
38,0.14838709677419354,19.43307738300661
38,0.15483870967741936,3.673090639727312
38,0.16129032258064516,10.75096393570578
38,0.16774193548387098,7.439533225086189
38,0.17419354838709677,2.3899010845020827
38,0.18064516129032257,16.45189549697764
38,0.1870967741935484,8.597809109308038
38,0.1935483870967742,3.9042312088943776
38,0.2,13.245757892567562
38,0.2064516129032258,9.497064649079629
38,0.2129032258064516,18.13858764722306
38,0.21935483870967742,7.544295760665679
38,0.22580645161290322,6.170530842536465
38,0.23225806451612904,10.881616803741942
38,0.23870967741935484,7.586045697336901
38,0.24516129032258063,11.163255931678203
38,0.25161290322580643,20.903746694163395
38,0.25806451612903225,9.329146973167823
38,0.2645161290322581,12.044438090666247
38,0.2709677419354839,9.87202474552214
38,0.27741935483870966,2.1397434280929333
38,0.2838709677419355,15.93504553009754
38,0.2903225806451613,12.829902751139294
38,0.2967741935483871,8.01961775700285
38,0.3032258064516129,15.332937721370294
38,0.3096774193548387,5.366872581370595
38,0.3161290322580645,10.485190593500523
38,0.3225806451612903,3.654928289167096
38,0.32903225806451614,9.819732522651016
38,0.33548387096774196,4.562165071883891
38,0.3419354838709677,10.835332667604652
38,0.34838709677419355,18.565566607887344
38,0.3548387096774194,9.308755248680749
38,0.36129032258064514,15.50280489155907
38,0.36774193548387096,13.207566806547915
38,0.3741935483870968,24.58527665398277
38,0.38064516129032255,18.156991528708048
38,0.3870967741935484,2.8169116990979997
38,0.3935483870967742,8.84428315594371
38,0.4,3.4791278099014207
38,0.4064516129032258,35.153989061025996
38,0.4129032258064516,12.49887958906601
38,0.41935483870967744,8.409178809849136
38,0.4258064516129032,4.988750783420244
38,0.432258064516129,17.319538361670133
38,0.43870967741935485,3.499951081821324
38,0.44516129032258067,6.868850678254231
38,0.45161290322580644,16.514515525077304
38,0.45806451612903226,17.324516486114884
38,0.4645161290322581,9.722813392665069
38,0.47096774193548385,5.229010437001619
38,0.4774193548387097,15.611443411892932
38,0.4838709677419355,6.747009810375308
38,0.49032258064516127,3.1655662255055996
38,0.4967741935483871,11.20632388293281
39,0.0,1.0658141036401503e-14
39,0.006493506493506494,3.6981473024310993
39,0.012987012987012988,3.5122573486468998
39,0.01948051948051948,10.805800602938922
39,0.025974025974025976,9.454432852115373
39,0.03246753246753247,11.956921730168856
39,0.03896103896103896,10.177597148983086
39,0.045454545454545456,3.2098905845232153
39,0.05194805194805195,8.708356754776254
39,0.05844155844155845,14.138312447307948
39,0.06493506493506494,1.2556290405587185
39,0.07142857142857144,12.901018054326522
39,0.07792207792207792,19.671403772727313
39,0.08441558441558442,5.603621132300998
39,0.09090909090909091,13.560398583991816
39,0.09740259740259741,6.5318907394442505
39,0.1038961038961039,2.1682640918473672
39,0.1103896103896104,11.847923210101456
39,0.1168831168831169,11.064893404037885
39,0.12337662337662339,13.078750521904999
39,0.12987012987012989,4.402061024402191
39,0.13636363636363638,8.371521718709737
39,0.14285714285714288,18.88528096559304
39,0.14935064935064937,12.542216236954129
39,0.15584415584415584,3.2626164264497395
39,0.16233766233766234,11.717143177545397
39,0.16883116883116883,1.5822995566420461
39,0.17532467532467533,4.901789622983251
39,0.18181818181818182,5.546246322107232
39,0.18831168831168832,10.84973338897883
39,0.19480519480519481,17.321028855615857
39,0.2012987012987013,13.786870822560436
39,0.2077922077922078,19.355373625616366
39,0.2142857142857143,8.279315798287948
39,0.2207792207792208,16.193590648623765
39,0.2272727272727273,15.258676301814287
39,0.2337662337662338,7.8718700421302525
39,0.24025974025974028,13.70337723086697
39,0.24675324675324678,10.863203429473849
39,0.2532467532467533,13.022142072559754
39,0.25974025974025977,1.6726986899843916
39,0.26623376623376627,21.353818796450266
39,0.27272727272727276,10.692541824195345
39,0.27922077922077926,15.067693235701528
39,0.28571428571428575,20.44379849152012
39,0.29220779220779225,2.6342347187899597
39,0.29870129870129875,12.812835350343377
39,0.30519480519480524,8.91909440748179
39,0.3116883116883117,16.65901976194983
39,0.3181818181818182,4.9122050170872535
39,0.3246753246753247,5.890582139849452
39,0.33116883116883117,8.552041613600366
39,0.33766233766233766,14.166855520977828
39,0.34415584415584416,16.04967074522114
39,0.35064935064935066,8.4066605366281
39,0.35714285714285715,1.4440239317367454
39,0.36363636363636365,18.972872383658725
39,0.37012987012987014,15.328875267228817
39,0.37662337662337664,14.866943681671296
39,0.38311688311688313,10.462278403741383
39,0.38961038961038963,18.82171172118373
39,0.3961038961038961,9.961115700887179
39,0.4025974025974026,19.554396629487517
39,0.4090909090909091,7.483378891727904
39,0.4155844155844156,10.666121591604345
39,0.4220779220779221,17.269017520648507
39,0.4285714285714286,15.89676200762885
39,0.4350649350649351,4.476375245533264
39,0.4415584415584416,17.141077056106777
39,0.4480519480519481,9.454043358841268
39,0.4545454545454546,4.276352349552722
39,0.4610389610389611,21.234032094986947
39,0.4675324675324676,20.981181911912877
39,0.4740259740259741,12.182861139442767
39,0.48051948051948057,16.112084866597346
39,0.48701298701298706,1.1789292713070845
39,0.49350649350649356,11.540572264070681
40,0.0,5.329070518200751e-15
40,0.006329113924050633,23.428398299684723
40,0.012658227848101266,17.00902089840364
40,0.0189873417721519,14.138812137746072
40,0.02531645569620253,5.045963547018659
40,0.03164556962025317,18.895788011333035
40,0.0379746835443038,10.799594979225061
40,0.04430379746835443,22.58573716810832
40,0.05063291139240506,7.0464883211267555
40,0.056962025316455694,15.513290776065999
40,0.06329113924050633,10.70194175042569
40,0.06962025316455696,14.423919938340468
40,0.0759493670886076,5.414595336030894
40,0.08227848101265822,10.575629725304728
40,0.08860759493670886,5.843797127396873
40,0.09493670886075949,7.848804272855598
40,0.10126582278481013,5.893361232964645
40,0.10759493670886076,2.018785018945363
40,0.11392405063291139,11.141472142862662
40,0.12025316455696203,14.39254294825294
40,0.12658227848101267,12.369238238257374
40,0.13291139240506328,13.6764344784256
40,0.13924050632911392,7.7663525426664375
40,0.14556962025316456,2.873531211319098
40,0.1518987341772152,16.198794147894525
40,0.15822784810126583,19.963219777656033
40,0.16455696202531644,13.961105094971174
40,0.17088607594936708,7.550800100137426
40,0.17721518987341772,11.747938869085397
40,0.18354430379746836,29.768861827024477
40,0.18987341772151897,22.209751811043212
40,0.1962025316455696,10.267941083595227
40,0.20253164556962025,17.31240744873048
40,0.2088607594936709,13.22266620290984
40,0.21518987341772153,17.51472056766474
40,0.22151898734177214,13.040998164693148
40,0.22784810126582278,24.95362152773038
40,0.23417721518987342,8.263749956050853
40,0.24050632911392406,5.50471185685053
40,0.24683544303797467,2.8557237820095773
40,0.25316455696202533,18.568358849552137
40,0.25949367088607594,13.69625736125721
40,0.26582278481012656,5.298237378418405
40,0.2721518987341772,11.432055213231843
40,0.27848101265822783,4.676933811223452
40,0.2848101265822785,6.39260249316873
40,0.2911392405063291,14.573657026542996
40,0.2974683544303797,5.234929790211685
40,0.3037974683544304,2.9184293184802637
40,0.310126582278481,6.080216882775602
40,0.31645569620253167,1.3591553511040344
40,0.3227848101265823,3.6323802404195518
40,0.3291139240506329,20.225096767678348
40,0.33544303797468356,6.92507769427447
40,0.34177215189873417,5.8603975505545085
40,0.3481012658227848,7.452395450188297
40,0.35443037974683544,12.638968013945428
40,0.36075949367088606,5.415679673051642
40,0.3670886075949367,6.859982517047622
40,0.37341772151898733,13.146321923155188
40,0.37974683544303794,12.61986891944841
40,0.3860759493670886,4.624455085206476
40,0.3924050632911392,7.044688110275108
40,0.3987341772151899,20.63818206506956
40,0.4050632911392405,9.30762374441772
40,0.4113924050632911,8.83517949653876
40,0.4177215189873418,9.065493789815408
40,0.4240506329113924,12.276817308422347
40,0.43037974683544306,3.2317297698321097
40,0.43670886075949367,2.485063512220466
40,0.4430379746835443,31.366971090325734
40,0.44936708860759494,5.037278655431803
40,0.45569620253164556,11.302110073578959
40,0.4620253164556962,11.326292081439364
40,0.46835443037974683,10.889525269136044
40,0.47468354430379744,3.614310886720902
40,0.4810126582278481,1.9322958057997022
40,0.4873417721518987,7.208767216842412
40,0.49367088607594933,3.232439112981892
41,0.0,3.186340080674199e-14
41,0.006329113924050633,19.688965873457096
41,0.012658227848101266,7.264368937127142
41,0.0189873417721519,8.93869588178474
41,0.02531645569620253,4.512337197096005
41,0.03164556962025317,19.03165406595519
41,0.0379746835443038,22.529421165672417
41,0.04430379746835443,15.951775744500395
41,0.05063291139240506,12.126789408764415
41,0.056962025316455694,15.08378121116121
41,0.06329113924050633,4.133928778030936
41,0.06962025316455696,7.222015045998212
41,0.0759493670886076,14.600177959725814
41,0.08227848101265822,15.76812661639287
41,0.08860759493670886,14.697960893177699
41,0.09493670886075949,6.147548726218169
41,0.10126582278481013,7.096148960342959
41,0.10759493670886076,6.029075866742956
41,0.11392405063291139,8.95025589432901
41,0.12025316455696203,4.325891206158123
41,0.12658227848101267,5.8193184255283095
41,0.13291139240506328,11.112769025646648
41,0.13924050632911392,10.383214017590497
41,0.14556962025316456,8.618191153221211
41,0.1518987341772152,25.19617244081783
41,0.15822784810126583,15.756184876611083
41,0.16455696202531644,22.44171116326555
41,0.17088607594936708,21.026589909038464
41,0.17721518987341772,11.306984827306726
41,0.18354430379746836,1.672646458606708
41,0.18987341772151897,20.763449176257325
41,0.1962025316455696,7.572392978505974
41,0.20253164556962025,13.566723891742075
41,0.2088607594936709,10.233483986037042
41,0.21518987341772153,4.9982205621659554
41,0.22151898734177214,2.556076570980172
41,0.22784810126582278,17.43392652634738
41,0.23417721518987342,18.35256849844777
41,0.24050632911392406,10.919708001800265
41,0.24683544303797467,10.91418740666936
41,0.25316455696202533,18.57786401760463
41,0.25949367088607594,9.756083143010482
41,0.26582278481012656,5.9316584015115845
41,0.2721518987341772,12.645788141599263
41,0.27848101265822783,12.316409058395188
41,0.2848101265822785,18.449556391178312
41,0.2911392405063291,5.111023396770316
41,0.2974683544303797,9.565564834929573
41,0.3037974683544304,6.397972207633966
41,0.310126582278481,17.11951329362198
41,0.31645569620253167,7.187534602232986
41,0.3227848101265823,4.347994854730162
41,0.3291139240506329,9.12838990880188
41,0.33544303797468356,14.274435461315532
41,0.34177215189873417,13.815975997985378
41,0.3481012658227848,3.0034913555707634
41,0.35443037974683544,10.728810238925599
41,0.36075949367088606,12.38335329336586
41,0.3670886075949367,9.36668833965022
41,0.37341772151898733,5.342328043089566
41,0.37974683544303794,9.680949386134488
41,0.3860759493670886,2.3244905509960043
41,0.3924050632911392,10.766309463266825
41,0.3987341772151899,22.247264455326405
41,0.4050632911392405,20.9468073748231
41,0.4113924050632911,7.6169866761544744
41,0.4177215189873418,11.659661550742445
41,0.4240506329113924,7.841014371736803
41,0.43037974683544306,11.628303260637685
41,0.43670886075949367,12.467461058494013
41,0.4430379746835443,1.0355079814209305
41,0.44936708860759494,22.19233792962957
41,0.45569620253164556,6.914239642811917
41,0.4620253164556962,8.0408088366757
41,0.46835443037974683,6.269054909166225
41,0.47468354430379744,9.160109339351274
41,0.4810126582278481,14.061826668754136
41,0.4873417721518987,17.38579347446753
41,0.49367088607594933,6.291167358147216
42,0.0,1.2434497875801753e-14
42,0.006289308176100629,25.797974292609887
42,0.012578616352201259,7.538868030079814
42,0.01886792452830189,17.0347809031062
42,0.025157232704402517,8.585636392662662
42,0.031446540880503145,26.422636427647866
42,0.03773584905660378,12.02842829604216
42,0.04402515723270441,18.02691149096948
42,0.050314465408805034,13.999075179584146
42,0.05660377358490566,4.360236574059293
42,0.06289308176100629,8.282648600617893
42,0.06918238993710692,1.9701607413858995
42,0.07547169811320756,4.866419286294948
42,0.08176100628930819,10.926008156954627
42,0.08805031446540881,11.804331622164188
42,0.09433962264150944,6.594161864460193
42,0.10062893081761007,12.23368617596243
42,0.1069182389937107,13.321244657017244
42,0.11320754716981132,11.53227081499581
42,0.11949685534591195,3.48648285872395
42,0.12578616352201258,11.253878159489066
42,0.1320754716981132,20.96326389032094
42,0.13836477987421383,3.1814071026442146
42,0.14465408805031446,6.83345339642799
42,0.15094339622641512,22.590031052193595
42,0.15723270440251574,11.803711759107088
42,0.16352201257861637,2.4463785445910227
42,0.169811320754717,14.080599591614142
42,0.17610062893081763,14.820820419881771
42,0.18238993710691825,9.57521340689206
42,0.18867924528301888,5.2288798447181675
42,0.1949685534591195,9.312165777964633
42,0.20125786163522014,14.438754661841461
42,0.20754716981132076,1.3857549411719157
42,0.2138364779874214,9.76778020947098
42,0.22012578616352202,6.199958382889185
42,0.22641509433962265,10.825159597250593
42,0.23270440251572327,9.17666510573619
42,0.2389937106918239,15.487221424065785
42,0.24528301886792453,13.809009371928413
42,0.25157232704402516,4.788615632255947
42,0.2578616352201258,12.943702375040514
42,0.2641509433962264,8.988191064742802
42,0.27044025157232704,7.9993828962593705
42,0.27672955974842767,7.956415738867561
42,0.2830188679245283,29.691057012081153
42,0.2893081761006289,8.190193361259842
42,0.29559748427672955,5.218026892658967
42,0.30188679245283023,9.41600759459603
42,0.30817610062893086,3.085123762313001
42,0.3144654088050315,6.2299418174378705
42,0.3207547169811321,10.027083015908657
42,0.32704402515723274,11.0274810096675
42,0.33333333333333337,21.395900257784316
42,0.339622641509434,11.460241618638568
42,0.3459119496855346,19.277358974112808
42,0.35220125786163525,15.170263082897392
42,0.3584905660377359,1.814193228624766
42,0.3647798742138365,8.924786664033089
42,0.37106918238993714,7.711287042157534
42,0.37735849056603776,13.712535776468126
42,0.3836477987421384,20.144308534990632
42,0.389937106918239,21.254217219646765
42,0.39622641509433965,7.352441166202013
42,0.4025157232704403,1.0104329353884056
42,0.4088050314465409,12.030022399176627
42,0.41509433962264153,11.921078328632747
42,0.42138364779874216,14.189288327535328
42,0.4276729559748428,12.382031914924319
42,0.4339622641509434,14.832095140660185
42,0.44025157232704404,11.931337300957663
42,0.44654088050314467,12.959097718766786
42,0.4528301886792453,14.04360719649891
42,0.4591194968553459,17.01580732950533
42,0.46540880503144655,7.022050755564634
42,0.4716981132075472,12.664742671929655
42,0.4779874213836478,8.062518294741098
42,0.48427672955974843,9.548513608892238
42,0.49056603773584906,11.334201796170838
42,0.4968553459119497,10.100960345235254
43,0.0,1.7763568394002505e-15
43,0.006211180124223602,9.643927924908077
43,0.012422360248447204,11.563639504357608
43,0.018633540372670808,16.60361681268042
43,0.024844720496894408,11.706361719370754
43,0.03105590062111801,17.86978295532812
43,0.037267080745341616,4.536621321622364
43,0.043478260869565216,11.556756921545036
43,0.049689440993788817,19.179949272479117
43,0.05590062111801242,6.558391097224858
43,0.06211180124223602,15.907611034539803
43,0.06832298136645962,6.4727545824992685
43,0.07453416149068323,12.613884206856023
43,0.08074534161490683,15.560022647847632
43,0.08695652173913043,14.925857086831657
43,0.09316770186335403,6.126644978243643
43,0.09937888198757763,15.557378872478607
43,0.10559006211180123,9.62376329201779
43,0.11180124223602483,7.739082409616776
43,0.11801242236024843,16.041987756774134
43,0.12422360248447203,5.14374371915027
43,0.13043478260869565,19.08672617124445
43,0.13664596273291924,12.93144644232493
43,0.14285714285714285,9.352353674296078
43,0.14906832298136646,3.249345910307528
43,0.15527950310559005,9.568953478372123
43,0.16149068322981366,8.748568213771081
43,0.16770186335403725,12.852408264395866
43,0.17391304347826086,10.798044526603178
43,0.18012422360248445,19.598526843140984
43,0.18633540372670807,18.85769841015752
43,0.19254658385093165,19.950145231040466
43,0.19875776397515527,10.72167057108103
43,0.20496894409937888,21.72653939523821
43,0.21118012422360247,7.40485551060947
43,0.21739130434782608,8.624290752539066
43,0.22360248447204967,7.712765792658842
43,0.22981366459627328,17.778570873483066
43,0.23602484472049687,6.742683093298285
43,0.24223602484472048,16.913987153521415
43,0.24844720496894407,18.452754013664073
43,0.2546583850931677,2.357565259384734
43,0.2608695652173913,2.972731709807223
43,0.2670807453416149,16.548411099974732
43,0.27329192546583847,11.025793438571158
43,0.2795031055900621,7.565965159301474
43,0.2857142857142857,19.37456674926744
43,0.2919254658385093,20.698928232641002
43,0.2981366459627329,18.48184836622146
43,0.3043478260869565,6.853476682612708
43,0.3105590062111801,6.547710544149141
43,0.3167701863354037,11.148267425300974
43,0.32298136645962733,6.488669465459347
43,0.3291925465838509,4.494127976207028
43,0.3354037267080745,18.12215583262587
43,0.3416149068322981,1.3929837367033753
43,0.34782608695652173,10.82903557658511
43,0.35403726708074534,7.0738026939263525
43,0.3602484472049689,19.436600831981004
43,0.3664596273291925,21.307521820521327
43,0.37267080745341613,7.670124003575451
43,0.37888198757763975,8.30898506996011
43,0.3850931677018633,4.144488849308215
43,0.3913043478260869,12.567776872428507
43,0.39751552795031053,16.57418469262108
43,0.40372670807453415,17.558611806699194
43,0.40993788819875776,4.369895205398164
43,0.4161490683229813,9.76039642564721
43,0.42236024844720493,3.674668397323324
43,0.42857142857142855,12.883755892037675
43,0.43478260869565216,14.447989315145403
43,0.4409937888198757,6.500834868902467
43,0.44720496894409933,11.319157908662236
43,0.45341614906832295,11.909450908076535
43,0.45962732919254656,13.614099840689672
43,0.4658385093167702,14.198891937390583
43,0.47204968944099374,8.118783488657064
43,0.47826086956521735,10.178588694294374
43,0.48447204968944096,12.925375882525612
43,0.4906832298136646,3.9592078777660995
43,0.49689440993788814,12.74803795922841
44,0.0,5.329070518200751e-15
44,0.006535947712418301,16.351172272267576
44,0.013071895424836602,14.938457428144423
44,0.0196078431372549,15.742313587088425
44,0.026143790849673203,16.034148210371633
44,0.032679738562091505,9.701918008127052
44,0.0392156862745098,17.3917404656433
44,0.04575163398692811,16.98425710497137
44,0.05228758169934641,2.5906903239851204
44,0.058823529411764705,9.672340172002121
44,0.06535947712418301,15.368417013296304
44,0.07189542483660132,6.079685859982984
44,0.0784313725490196,9.714315749509648
44,0.08496732026143791,7.667284451043781
44,0.09150326797385622,15.435031885157164
44,0.09803921568627451,12.979880223431977
44,0.10457516339869281,4.789366056062961
44,0.11111111111111112,6.507506112616048
44,0.11764705882352941,19.42000924492262
44,0.12418300653594772,20.396135206494826
44,0.13071895424836602,14.50330734688171
44,0.13725490196078433,14.617881331655608
44,0.14379084967320263,15.448672354782165
44,0.1503267973856209,14.513329015770687
44,0.1568627450980392,6.4320490149906835
44,0.16339869281045752,27.856117757024354
44,0.16993464052287582,13.459931363816539
44,0.17647058823529413,7.098980574650727
44,0.18300653594771243,7.430446299109518
44,0.1895424836601307,16.13487377242813
44,0.19607843137254902,6.257754377184428
44,0.20261437908496732,3.1696328459097756
44,0.20915032679738563,15.41493932976939
44,0.21568627450980393,2.608915690912047
44,0.22222222222222224,13.14726066324508
44,0.22875816993464054,14.55763288268453
44,0.23529411764705882,13.59210049796529
44,0.24183006535947713,7.605728666879354
44,0.24836601307189543,11.91954058269368
44,0.2549019607843137,8.492077514640046
44,0.26143790849673204,6.633883522336306
44,0.2679738562091503,16.9501190661044
44,0.27450980392156865,13.997287794584059
44,0.28104575163398693,5.459802041010953
44,0.28758169934640526,13.858903722908464
44,0.29411764705882354,8.946050717765123
44,0.3006535947712418,11.086786622386299
44,0.30718954248366015,11.512912237475446
44,0.3137254901960784,8.111524712376498
44,0.32026143790849676,14.788920360085077
44,0.32679738562091504,16.47994679663179
44,0.33333333333333337,3.4516863663223174
44,0.33986928104575165,18.041608268780287
44,0.3464052287581699,3.84853302476199
44,0.35294117647058826,5.879234172427844
44,0.35947712418300654,5.873412272482334
44,0.36601307189542487,11.649429208844627
44,0.37254901960784315,15.089971618500458
44,0.3790849673202614,15.516535975551172
44,0.38562091503267976,4.046096534590731
44,0.39215686274509803,4.748754753721592
44,0.39869281045751637,17.716229238148763
44,0.40522875816993464,1.816772050252366
44,0.411764705882353,6.839125096043676
44,0.41830065359477125,7.506660470068508
44,0.42483660130718953,16.385567090873202
44,0.43137254901960786,6.371607422358887
44,0.43790849673202614,13.032241852024155
44,0.4444444444444445,5.041077932090899
44,0.45098039215686275,8.875814244011861
44,0.4575163398692811,12.988944951465509
44,0.46405228758169936,9.12500901077204
44,0.47058823529411764,13.852168650313683
44,0.477124183006536,2.5221362591157086
44,0.48366013071895425,13.88979379747605
44,0.4901960784313726,13.159012417825313
44,0.49673202614379086,18.28933118385516
45,0.0,3.241851231905457e-14
45,0.006329113924050633,5.259728063277011
45,0.012658227848101266,25.966606882752803
45,0.0189873417721519,12.118942065957226
45,0.02531645569620253,18.244948866929164
45,0.03164556962025317,4.666049490283256
45,0.0379746835443038,21.913271425040346
45,0.04430379746835443,16.290172023149395
45,0.05063291139240506,20.37135351128723
45,0.056962025316455694,23.250218989662738
45,0.06329113924050633,8.647146924442229
45,0.06962025316455696,14.142540042696602
45,0.0759493670886076,5.340071535946812
45,0.08227848101265822,17.5184301982137
45,0.08860759493670886,7.79727449381689
45,0.09493670886075949,14.427408212553285
45,0.10126582278481013,11.82795638870924
45,0.10759493670886076,14.306309587571032
45,0.11392405063291139,1.934538256273209
45,0.12025316455696203,6.669087936641206
45,0.12658227848101267,14.234196029780465
45,0.13291139240506328,10.034329361167071
45,0.13924050632911392,16.544101772767938
45,0.14556962025316456,13.904907849566884
45,0.1518987341772152,14.508988295110543
45,0.15822784810126583,20.72860249409103
45,0.16455696202531644,5.135081600484591
45,0.17088607594936708,8.078420694207235
45,0.17721518987341772,11.199178299768445
45,0.18354430379746836,14.374973978225366
45,0.18987341772151897,5.170922132099844
45,0.1962025316455696,14.329836161680555
45,0.20253164556962025,16.710487911194353
45,0.2088607594936709,10.323372931078449
45,0.21518987341772153,4.092503435586737
45,0.22151898734177214,7.396037095157806
45,0.22784810126582278,11.90760204874618
45,0.23417721518987342,4.727802525520315
45,0.24050632911392406,2.148564791741666
45,0.24683544303797467,12.435345411662494
45,0.25316455696202533,6.412493441518026
45,0.25949367088607594,8.10552376667403
45,0.26582278481012656,8.874341644273287
45,0.2721518987341772,12.718797356090969
45,0.27848101265822783,21.135075365435085
45,0.2848101265822785,11.045555009152704
45,0.2911392405063291,17.325336571898845
45,0.2974683544303797,10.051745507532704
45,0.3037974683544304,10.758411984757869
45,0.310126582278481,10.14470573019611
45,0.31645569620253167,7.607296592456524
45,0.3227848101265823,5.158488020123043
45,0.3291139240506329,12.547888577265725
45,0.33544303797468356,16.109199863973238
45,0.34177215189873417,5.9453229049252
45,0.3481012658227848,11.749971900306809
45,0.35443037974683544,14.927843025451473
45,0.36075949367088606,13.379692145105356
45,0.3670886075949367,5.094329491750998
45,0.37341772151898733,11.312240898920356
45,0.37974683544303794,11.192633385051808
45,0.3860759493670886,8.343461688901488
45,0.3924050632911392,7.548243925431963
45,0.3987341772151899,23.777272498567193
45,0.4050632911392405,11.017426560315641
45,0.4113924050632911,4.860848629561953
45,0.4177215189873418,18.436430755609422
45,0.4240506329113924,17.8292429258646
45,0.43037974683544306,15.451712682121668
45,0.43670886075949367,14.151980309251952
45,0.4430379746835443,14.671509903735448
45,0.44936708860759494,7.99170048128219
45,0.45569620253164556,4.749614928123917
45,0.4620253164556962,10.36159612990871
45,0.46835443037974683,4.3616328559933
45,0.47468354430379744,10.163181374347875
45,0.4810126582278481,8.049725650737495
45,0.4873417721518987,5.379926848171895
45,0.49367088607594933,2.667715655876345
46,0.0,1.3322676295501878e-14
46,0.006211180124223602,27.185563627291444
46,0.012422360248447204,23.99967091667865
46,0.018633540372670808,8.463643512482486
46,0.024844720496894408,27.96770712579159
46,0.03105590062111801,10.519558532742533
46,0.037267080745341616,7.817633101804356
46,0.043478260869565216,7.743520102635941
46,0.049689440993788817,15.87441418376114
46,0.05590062111801242,8.721191094873507
46,0.06211180124223602,14.216346862476726
46,0.06832298136645962,5.251574245553613
46,0.07453416149068323,16.555204594458047
46,0.08074534161490683,10.48856809932099
46,0.08695652173913043,15.092833587648439
46,0.09316770186335403,12.070924479517174
46,0.09937888198757763,7.168572259236183
46,0.10559006211180123,5.336723081328834
46,0.11180124223602483,16.45551090392975
46,0.11801242236024843,7.237127177904598
46,0.12422360248447203,9.07442478943686
46,0.13043478260869565,20.74487520547115
46,0.13664596273291924,20.16288333646374
46,0.14285714285714285,5.943117881461201
46,0.14906832298136646,0.9633107859443067
46,0.15527950310559005,6.845652970085118
46,0.16149068322981366,3.0647730725672453
46,0.16770186335403725,8.772682095591767
46,0.17391304347826086,14.342433732488638
46,0.18012422360248445,6.780518219473928
46,0.18633540372670807,11.443985925507993
46,0.19254658385093165,13.623373832593549
46,0.19875776397515527,14.863406781136959
46,0.20496894409937888,15.270717585657538
46,0.21118012422360247,15.685241180856266
46,0.21739130434782608,5.686693585363663
46,0.22360248447204967,3.8722875003434942
46,0.22981366459627328,4.852884563672745
46,0.23602484472049687,7.675006373124916
46,0.24223602484472048,14.399365452396863
46,0.24844720496894407,9.683398621342409
46,0.2546583850931677,5.171143345811254
46,0.2608695652173913,10.972356424482566
46,0.2670807453416149,10.880532990097134
46,0.27329192546583847,20.49817568706343
46,0.2795031055900621,15.285825941283823
46,0.2857142857142857,14.28101595574903
46,0.2919254658385093,19.145700901840275
46,0.2981366459627329,6.980934663660936
46,0.3043478260869565,6.450190885249362
46,0.3105590062111801,16.24433326951715
46,0.3167701863354037,10.774416321567301
46,0.32298136645962733,17.925185327792786
46,0.3291925465838509,6.621948609278629
46,0.3354037267080745,18.32444065832201
46,0.3416149068322981,21.305836961704596
46,0.34782608695652173,3.3622184694060415
46,0.35403726708074534,12.022622275660781
46,0.3602484472049689,5.879030614707857
46,0.3664596273291925,10.8909874433039
46,0.37267080745341613,8.575600197797737
46,0.37888198757763975,11.186463607086402
46,0.3850931677018633,5.408166284525404
46,0.3913043478260869,8.241365502628092
46,0.39751552795031053,12.719898472335114
46,0.40372670807453415,20.122331735336363
46,0.40993788819875776,14.863669093791396
46,0.4161490683229813,11.767390291092058
46,0.42236024844720493,6.752191332491369
46,0.42857142857142855,12.685699090764581
46,0.43478260869565216,5.878071047499851
46,0.4409937888198757,3.7644365479892397
46,0.44720496894409933,16.616346002186432
46,0.45341614906832295,15.871117946004244
46,0.45962732919254656,10.57419237273374
46,0.4658385093167702,3.454481785439127
46,0.47204968944099374,16.359198139714255
46,0.47826086956521735,6.604524481566914
46,0.48447204968944096,6.491143251266003
46,0.4906832298136646,9.628038287811336
46,0.49689440993788814,7.379834647704803
47,0.0,1.7763568394002505e-15
47,0.00625,19.735017359607358
47,0.0125,11.643855799917434
47,0.018750000000000003,18.890809740998918
47,0.025,24.201874359989798
47,0.03125,11.410111135784597
47,0.037500000000000006,18.139991255915252
47,0.043750000000000004,12.002199166162805
47,0.05,12.356005564068615
47,0.05625,22.617036175214242
47,0.0625,17.12407318254089
47,0.06875,3.231522731004637
47,0.07500000000000001,6.148071544353676
47,0.08125,4.336853931194377
47,0.08750000000000001,17.668191298182528
47,0.09375,13.386227549300935
47,0.1,2.938625883845215
47,0.10625000000000001,12.650740858700864
47,0.1125,6.4584478330129045
47,0.11875000000000001,13.05405139831528
47,0.125,6.090370512020758
47,0.13125,7.306104096047361
47,0.1375,7.3156768398507355
47,0.14375000000000002,18.070103860629036
47,0.15000000000000002,14.826734220862262
47,0.15625,8.873930857283595
47,0.1625,21.89122485353041
47,0.16875,15.481318031352814
47,0.17500000000000002,20.360787287950977
47,0.18125000000000002,20.688827324827678
47,0.1875,12.382144461452953
47,0.19375,11.72501280577535
47,0.2,14.88461392793602
47,0.20625000000000002,20.876519980234207
47,0.21250000000000002,21.904189556772113
47,0.21875,12.899866860057532
47,0.225,10.83131738653799
47,0.23125,12.88946345384204
47,0.23750000000000002,11.581518045334196
47,0.24375000000000002,18.397492220600434
47,0.25,13.80837961543841
47,0.25625000000000003,9.227455491351538
47,0.2625,4.816695386709237
47,0.26875,3.7487457278001663
47,0.275,3.568317682129101
47,0.28125,3.7173751924922778
47,0.28750000000000003,7.360854191932144
47,0.29375,11.8332265126119
47,0.30000000000000004,3.8592189309146954
47,0.30625,9.140187746475979
47,0.3125,17.651355575727283
47,0.31875000000000003,9.28517493891366
47,0.325,15.243382045701853
47,0.33125000000000004,10.432459519555978
47,0.3375,6.093817098701716
47,0.34375,9.02934397179335
47,0.35000000000000003,14.03602670861754
47,0.35625,0.21489605228773187
47,0.36250000000000004,6.926042464688151
47,0.36875,5.527727025904025
47,0.375,3.6620653117556095
47,0.38125000000000003,8.74459350894599
47,0.3875,6.760479682511858
47,0.39375000000000004,14.4550723750127
47,0.4,4.801961446802416
47,0.40625,7.39914958046487
47,0.41250000000000003,14.598913169882731
47,0.41875,6.807770549944032
47,0.42500000000000004,16.952680263699072
47,0.43125,5.8173945955907005
47,0.4375,1.5164500790778115
47,0.44375000000000003,5.851962581973628
47,0.45,13.529156571401034
47,0.45625000000000004,3.5612887383543606
47,0.4625,3.2168902819582468
47,0.46875,6.412413889524376
47,0.47500000000000003,16.270606691301044
47,0.48125,7.955399593151991
47,0.48750000000000004,22.44857009913252
47,0.49375,8.33027374168231
48,0.0,6.8833827526759706e-15
48,0.006289308176100629,26.782212323867167
48,0.012578616352201259,30.74660681600633
48,0.01886792452830189,24.53858010253938
48,0.025157232704402517,7.210834810584648
48,0.031446540880503145,25.33940022409026
48,0.03773584905660378,0.8082373716737256
48,0.04402515723270441,16.09555822654705
48,0.050314465408805034,15.014406153106135
48,0.05660377358490566,18.639486778378544
48,0.06289308176100629,8.726043318830932
48,0.06918238993710692,8.983406123688424
48,0.07547169811320756,15.472616017639837
48,0.08176100628930819,12.11934986270459
48,0.08805031446540881,11.930148603791823
48,0.09433962264150944,3.6666131005598617
48,0.10062893081761007,16.073174673498844
48,0.1069182389937107,22.10481955903757
48,0.11320754716981132,13.409674862074745
48,0.11949685534591195,8.509237603222386
48,0.12578616352201258,8.487492074768234
48,0.1320754716981132,14.634152949925495
48,0.13836477987421383,16.450862515590416
48,0.14465408805031446,5.606836198409094
48,0.15094339622641512,13.904498047917064
48,0.15723270440251574,13.67102178340338
48,0.16352201257861637,12.278731738891532
48,0.169811320754717,15.044328501553483
48,0.17610062893081763,6.273602234141161
48,0.18238993710691825,8.26137967911747
48,0.18867924528301888,14.044728370702348
48,0.1949685534591195,10.881270921369143
48,0.20125786163522014,13.441017216626138
48,0.20754716981132076,3.0956581622461754
48,0.2138364779874214,8.703717935704738
48,0.22012578616352202,11.667829528686045
48,0.22641509433962265,16.17034872706594
48,0.23270440251572327,6.626116140071486
48,0.2389937106918239,20.601476313036986
48,0.24528301886792453,11.25132449191074
48,0.25157232704402516,8.290345972687314
48,0.2578616352201258,22.343983044218852
48,0.2641509433962264,11.629991951034098
48,0.27044025157232704,4.47579050759717
48,0.27672955974842767,9.283855543565844
48,0.2830188679245283,5.442613893316624
48,0.2893081761006289,13.819731437312944
48,0.29559748427672955,16.245356633430905
48,0.30188679245283023,7.832503963277256
48,0.30817610062893086,7.682429872240412
48,0.3144654088050315,0.6961175803709638
48,0.3207547169811321,7.276397510938756
48,0.32704402515723274,8.355922103899019
48,0.33333333333333337,6.219101645984786
48,0.339622641509434,8.263824310466058
48,0.3459119496855346,6.108699697427514
48,0.35220125786163525,5.995412638213595
48,0.3584905660377359,5.922356732824354
48,0.3647798742138365,13.376063010845721
48,0.37106918238993714,10.61531324144919
48,0.37735849056603776,5.7433731347906605
48,0.3836477987421384,10.974336858530238
48,0.389937106918239,4.312593961096057
48,0.39622641509433965,1.143522811302486
48,0.4025157232704403,8.648115066561063
48,0.4088050314465409,10.61901227372249
48,0.41509433962264153,7.043754635007157
48,0.42138364779874216,13.396124989063926
48,0.4276729559748428,14.673136724096967
48,0.4339622641509434,3.7384374641775744
48,0.44025157232704404,8.396409755515878
48,0.44654088050314467,9.135913974003202
48,0.4528301886792453,10.895126198477877
48,0.4591194968553459,11.134323133370495
48,0.46540880503144655,8.493981712112502
48,0.4716981132075472,10.218757784666947
48,0.4779874213836478,14.169625241148331
48,0.48427672955974843,3.463471167543197
48,0.49056603773584906,8.941108455153241
48,0.4968553459119497,19.8465492110304
49,0.0,1.4210854715202004e-14
49,0.0064516129032258064,11.42624014910098
49,0.012903225806451613,12.382379764536118
49,0.01935483870967742,4.117250032346712
49,0.025806451612903226,24.41776255362419
49,0.03225806451612903,5.344281974179121
49,0.03870967741935484,26.7402957311095
49,0.04516129032258064,4.922635912418119
49,0.05161290322580645,18.818599040339862
49,0.05806451612903226,10.698129672269484
49,0.06451612903225806,14.927275241736448
49,0.07096774193548387,11.075220671470849
49,0.07741935483870968,11.054773526856374
49,0.08387096774193549,3.8551243876646533
49,0.09032258064516129,19.516538385315013
49,0.0967741935483871,4.084587196726236
49,0.1032258064516129,20.9806779974217
49,0.10967741935483871,4.49113343938382
49,0.11612903225806452,15.982323885352953
49,0.12258064516129032,5.286866136200572
49,0.12903225806451613,11.988762025134362
49,0.13548387096774195,26.27910746536866
49,0.14193548387096774,8.22097701132302
49,0.14838709677419354,4.464194990931049
49,0.15483870967741936,15.01868936351432
49,0.16129032258064516,10.257157479553204
49,0.16774193548387098,9.072830248667673
49,0.17419354838709677,13.10777425415725
49,0.18064516129032257,7.573761031916431
49,0.1870967741935484,16.775145733266033
49,0.1935483870967742,15.486323951898557
49,0.2,8.204359171496774
49,0.2064516129032258,8.00079876599318
49,0.2129032258064516,18.5102969982803
49,0.21935483870967742,8.298187205340849
49,0.22580645161290322,14.925840909192704
49,0.23225806451612904,7.500552890840596
49,0.23870967741935484,13.052815040900352
49,0.24516129032258063,17.550283642715186
49,0.25161290322580643,9.941409335454683
49,0.25806451612903225,9.066267869475087
49,0.2645161290322581,10.041443457967405
49,0.2709677419354839,12.668369960428116
49,0.27741935483870966,13.705467598442326
49,0.2838709677419355,20.114464710443734
49,0.2903225806451613,8.594993206575108
49,0.2967741935483871,10.222296571052032
49,0.3032258064516129,16.8817719825126
49,0.3096774193548387,12.25679835757581
49,0.3161290322580645,9.205842943335634
49,0.3225806451612903,5.262240245461951
49,0.32903225806451614,12.234125170167362
49,0.33548387096774196,9.131106194143761
49,0.3419354838709677,3.9441857681135097
49,0.34838709677419355,3.121594863316933
49,0.3548387096774194,3.479756351239135
49,0.36129032258064514,17.20585561801051
49,0.36774193548387096,16.062301578902783
49,0.3741935483870968,6.905390552095188
49,0.38064516129032255,9.490540596465928
49,0.3870967741935484,9.90884854291161
49,0.3935483870967742,6.264326397036496
49,0.4,9.607393605448712
49,0.4064516129032258,18.97340039042012
49,0.4129032258064516,18.319784396703785
49,0.41935483870967744,7.592420989790351
49,0.4258064516129032,10.977972859184273
49,0.432258064516129,3.846290711483055
49,0.43870967741935485,14.092672790768153
49,0.44516129032258067,10.388382359102238
49,0.45161290322580644,14.277456583398791
49,0.45806451612903226,4.875282236914351
49,0.4645161290322581,12.93468328078614
49,0.47096774193548385,4.206348478508139
49,0.4774193548387097,7.556800401363913
49,0.4838709677419355,6.894322112260767
49,0.49032258064516127,12.39357087564098
49,0.4967741935483871,7.129287246192402
50,0.0,4.440892098500626e-15
50,0.006369426751592357,22.027524651851685
50,0.012738853503184714,1.8749586542266934
50,0.019108280254777073,16.14261326256632
50,0.025477707006369428,4.890444839410771
50,0.03184713375796178,9.212666524235793
50,0.038216560509554146,5.602346145983632
50,0.0445859872611465,13.150200881965764
50,0.050955414012738856,4.673893645973532
50,0.05732484076433121,10.566609048909022
50,0.06369426751592357,8.182619302308627
50,0.07006369426751592,5.200280506565097
50,0.07643312101910829,7.668046776953209
50,0.08280254777070065,9.5935500335783
50,0.089171974522293,12.836396492373568
50,0.09554140127388536,6.09530124013421
50,0.10191082802547771,22.23663775863883
50,0.10828025477707007,20.801677324370598
50,0.11464968152866242,11.090332578316488
50,0.12101910828025478,16.302531017293745
50,0.12738853503184713,5.762747975522207
50,0.1337579617834395,3.418259916115394
50,0.14012738853503184,1.487089754011494
50,0.1464968152866242,11.016700239079457
50,0.15286624203821658,9.461859810169656
50,0.15923566878980894,7.496264295298057
50,0.1656050955414013,22.661353538775327
50,0.17197452229299365,6.0407601866302825
50,0.178343949044586,12.397212944429622
50,0.18471337579617836,2.3077199711850334
50,0.1910828025477707,10.794792161791806
50,0.19745222929936307,10.746732947983176
50,0.20382165605095542,18.686426623040614
50,0.21019108280254778,16.19156395657907
50,0.21656050955414013,18.591029035800723
50,0.2229299363057325,11.994517630513121
50,0.22929936305732485,19.42772189330686
50,0.2356687898089172,17.275774464698685
50,0.24203821656050956,7.048027250347248
50,0.2484076433121019,11.41635721947359
50,0.25477707006369427,18.132844400527983
50,0.2611464968152866,6.2078699215599915
50,0.267515923566879,25.617754212849462
50,0.27388535031847133,20.233552412372333
50,0.2802547770700637,15.95217049608846
50,0.28662420382165604,12.626887290123939
50,0.2929936305732484,5.416794990931496
50,0.29936305732484075,5.195648899876441
50,0.30573248407643316,15.219588386557692
50,0.3121019108280255,13.553179102050855
50,0.3184713375796179,11.886392281270172
50,0.32484076433121023,14.066305844234652
50,0.3312101910828026,18.91404931351859
50,0.33757961783439494,19.576005328584642
50,0.3439490445859873,3.1068298812224207
50,0.35031847133757965,1.102919862727388
50,0.356687898089172,8.650432251839696
50,0.36305732484076436,17.218337058360692
50,0.3694267515923567,4.220746913278787
50,0.37579617834394907,20.314889487446585
50,0.3821656050955414,11.61731766934439
50,0.3885350318471338,9.75103647979912
50,0.39490445859872614,9.157245289047735
50,0.4012738853503185,4.522332321800059
50,0.40764331210191085,16.38927861514827
50,0.4140127388535032,10.584017351175987
50,0.42038216560509556,7.095770809580444
50,0.4267515923566879,8.513994038762487
50,0.43312101910828027,7.1309966274115215
50,0.4394904458598726,9.058616213232975
50,0.445859872611465,14.704159051789057
50,0.45222929936305734,2.1482592357924495
50,0.4585987261146497,14.738953319297279
50,0.46496815286624205,11.001607400300951
50,0.4713375796178344,4.548387568978843
50,0.47770700636942676,12.679639779653826
50,0.4840764331210191,9.080951496903111
50,0.49044585987261147,6.691838874596897
50,0.4968152866242038,10.196884972962442
51,0.0,4.884981308350689e-15
51,0.00625,10.282265512085006
51,0.0125,9.425292145681489
51,0.018750000000000003,12.034408503344343
51,0.025,15.977932625482929
51,0.03125,19.65227546009419
51,0.037500000000000006,11.254231018276005
51,0.043750000000000004,23.605339027620435
51,0.05,27.784289630037534
51,0.05625,16.10592332287911
51,0.0625,20.77658938238651
51,0.06875,18.795708309778124
51,0.07500000000000001,19.726920324184135
51,0.08125,5.361804105497051
51,0.08750000000000001,7.3323160141009165
51,0.09375,10.498098048631412
51,0.1,19.98614833156322
51,0.10625000000000001,5.377466191406961
51,0.1125,11.07933314975982
51,0.11875000000000001,16.23715292538035
51,0.125,5.638039966255894
51,0.13125,3.2299559641645352
51,0.1375,7.585145517194486
51,0.14375000000000002,9.496877905363199
51,0.15000000000000002,14.01911401799359
51,0.15625,4.990449938514375
51,0.1625,14.132141804716207
51,0.16875,25.293323544882814
51,0.17500000000000002,8.36840723737029
51,0.18125000000000002,10.114802945473766
51,0.1875,5.747585250048175
51,0.19375,4.18981120584596
51,0.2,2.3167973311581282
51,0.20625000000000002,13.308713890973065
51,0.21250000000000002,9.910874584484818
51,0.21875,8.340763996216268
51,0.225,10.985591963613805
51,0.23125,2.5824944913387706
51,0.23750000000000002,6.116867364995238
51,0.24375000000000002,6.041724343396489
51,0.25,23.910604463882667
51,0.25625000000000003,3.4949660568219896
51,0.2625,17.81073450388286
51,0.26875,11.125723850654264
51,0.275,9.248296565548396
51,0.28125,15.171399549983722
51,0.28750000000000003,7.378455652585942
51,0.29375,13.63863757148182
51,0.30000000000000004,21.481710253600376
51,0.30625,8.909926214737455
51,0.3125,6.609720421895499
51,0.31875000000000003,6.753932489734488
51,0.325,5.0422322476719055
51,0.33125000000000004,3.3845796474366305
51,0.3375,14.420376893892993
51,0.34375,18.93995658931798
51,0.35000000000000003,7.543604462552635
51,0.35625,4.4887655164616
51,0.36250000000000004,8.308863962319004
51,0.36875,8.080886802668534
51,0.375,11.931782619969706
51,0.38125000000000003,5.915556577181136
51,0.3875,16.389313851097345
51,0.39375000000000004,13.885511964411569
51,0.4,14.133115289581813
51,0.40625,14.359127588220503
51,0.41250000000000003,20.66409410276984
51,0.41875,3.5447895540772185
51,0.42500000000000004,9.213621855521842
51,0.43125,1.9910020358146796
51,0.4375,18.042742961521068
51,0.44375000000000003,9.1889534692218
51,0.45,9.006781839981077
51,0.45625000000000004,10.370138858560567
51,0.4625,11.714458822655338
51,0.46875,8.011238508249415
51,0.47500000000000003,8.98440797411576
51,0.48125,12.4931978191269
51,0.48750000000000004,9.230446848332036
51,0.49375,13.145234627036738
52,0.0,2.398081733190338e-14
52,0.00641025641025641,27.65323488528532
52,0.01282051282051282,8.200432524048518
52,0.019230769230769232,1.6017157374836395
52,0.02564102564102564,14.960657196692189
52,0.03205128205128205,23.85803298556129
52,0.038461538461538464,2.902539304819426
52,0.04487179487179487,8.298837181930038
52,0.05128205128205128,20.39617191202994
52,0.05769230769230769,12.423117134325887
52,0.0641025641025641,23.261051040371648
52,0.07051282051282051,6.116105794193138
52,0.07692307692307693,6.127991508879628
52,0.08333333333333333,13.847794756031737
52,0.08974358974358974,7.560040637914755
52,0.09615384615384615,18.031872445429965
52,0.10256410256410256,4.0018212827998
52,0.10897435897435898,7.843298034200477
52,0.11538461538461538,5.059975500277914
52,0.12179487179487179,11.127738438774031
52,0.1282051282051282,22.20379290516524
52,0.1346153846153846,12.925315323165526
52,0.14102564102564102,6.2023146144374595
52,0.14743589743589744,10.074528694021671
52,0.15384615384615385,4.408294956755294
52,0.16025641025641024,6.632338533548879
52,0.16666666666666666,12.077913859941857
52,0.17307692307692307,2.4461192008571886
52,0.1794871794871795,15.595038696740907
52,0.1858974358974359,4.9138681616363336
52,0.1923076923076923,13.921504994977619
52,0.1987179487179487,11.9171840616577
52,0.20512820512820512,19.091722745993078
52,0.21153846153846154,12.682670158980741
52,0.21794871794871795,12.024049595507202
52,0.22435897435897434,13.625145562050548
52,0.23076923076923075,17.265153617883737
52,0.23717948717948717,18.7978150770477
52,0.24358974358974358,4.405137994257798
52,0.25,15.94809520368077
52,0.2564102564102564,7.58678310604471
52,0.26282051282051283,9.680104121766789
52,0.2692307692307692,8.587008161123583
52,0.2756410256410256,0.7713386570325201
52,0.28205128205128205,9.554780504964087
52,0.28846153846153844,6.021281424006684
52,0.2948717948717949,15.475633005588612
52,0.30128205128205127,18.604859636303235
52,0.3076923076923077,21.88902989684326
52,0.3141025641025641,6.823741546164468
52,0.3205128205128205,10.806808740913329
52,0.3269230769230769,10.969541004324869
52,0.3333333333333333,15.740709536954654
52,0.33974358974358976,4.076477664430118
52,0.34615384615384615,4.804071088206379
52,0.35256410256410253,13.803382215816661
52,0.358974358974359,6.573822077174437
52,0.36538461538461536,9.731023251421133
52,0.3717948717948718,9.084424245146765
52,0.3782051282051282,7.460907169714449
52,0.3846153846153846,8.469415276950071
52,0.391025641025641,5.886598748987909
52,0.3974358974358974,7.087674997328459
52,0.40384615384615385,24.094807980774384
52,0.41025641025641024,14.421911033358434
52,0.41666666666666663,7.353080369061451
52,0.4230769230769231,4.560715006491562
52,0.42948717948717946,19.83595100864049
52,0.4358974358974359,14.330050395771867
52,0.4423076923076923,11.583053110030688
52,0.4487179487179487,12.891241003764096
52,0.4551282051282051,6.102296523330282
52,0.4615384615384615,6.850467573132252
52,0.46794871794871795,5.144124613785808
52,0.47435897435897434,13.18002899497417
52,0.4807692307692307,9.767879664885728
52,0.48717948717948717,14.955143383525115
52,0.49358974358974356,6.512842105588629
53,0.0,8.43769498715119e-15
53,0.006578947368421052,30.610225026164926
53,0.013157894736842105,14.361916508782107
53,0.019736842105263157,14.14718381853361
53,0.02631578947368421,15.471577566522951
53,0.03289473684210526,6.832860445684778
53,0.039473684210526314,11.450631651014817
53,0.046052631578947366,8.782318230825515
53,0.05263157894736842,8.771275868163471
53,0.05921052631578947,5.4551178767335005
53,0.06578947368421052,9.79958683113919
53,0.07236842105263158,9.712473162998023
53,0.07894736842105263,18.788534408442754
53,0.08552631578947367,11.48312008852317
53,0.09210526315789473,13.491721845588643
53,0.09868421052631579,5.243116568188352
53,0.10526315789473684,17.560890186986526
53,0.11184210526315788,16.748792249258926
53,0.11842105263157894,9.579666778086638
53,0.125,8.891798335179944
53,0.13157894736842105,9.062026043353564
53,0.1381578947368421,4.7106817040241955
53,0.14473684210526316,9.861748184924117
53,0.1513157894736842,9.833434754726664
53,0.15789473684210525,0.9419494880222675
53,0.1644736842105263,7.810769319951809
53,0.17105263157894735,8.258170561846331
53,0.17763157894736842,13.355209985123315
53,0.18421052631578946,23.68819900728202
53,0.1907894736842105,19.502021960161716
53,0.19736842105263158,7.328881173794687
53,0.20394736842105263,6.731840404756718
53,0.21052631578947367,2.0533158700902954
53,0.21710526315789472,6.985318020479741
53,0.22368421052631576,20.929316388291195
53,0.23026315789473684,13.31168280956342
53,0.23684210526315788,7.5719632468140405
53,0.24342105263157893,7.515734076004145
53,0.25,4.404052124729133
53,0.256578947368421,19.35996462577734
53,0.2631578947368421,18.83404984748269
53,0.26973684210526316,11.797498159887192
53,0.2763157894736842,2.661990947656673
53,0.28289473684210525,7.0316258697511556
53,0.2894736842105263,10.784977035530872
53,0.29605263157894735,9.23814949065604
53,0.3026315789473684,19.656996336839345
53,0.30921052631578944,10.573193619880922
53,0.3157894736842105,4.771990808018609
53,0.3223684210526316,5.915422285488612
53,0.3289473684210526,5.079337780051383
53,0.3355263157894737,9.36808301412962
53,0.3421052631578947,18.799123060580165
53,0.34868421052631576,9.582102811928024
53,0.35526315789473684,10.991850299318255
53,0.36184210526315785,15.737969876759239
53,0.3684210526315789,13.97316806287978
53,0.375,19.318815455988556
53,0.381578947368421,10.003485768912007
53,0.3881578947368421,6.351562756785599
53,0.39473684210526316,14.350692160242858
53,0.4013157894736842,25.838480616508008
53,0.40789473684210525,15.828396706598145
53,0.41447368421052627,4.880527726346752
53,0.42105263157894735,7.561718706292291
53,0.4276315789473684,7.394166168644745
53,0.43421052631578944,7.300577106353872
53,0.4407894736842105,8.513275241513568
53,0.4473684210526315,5.806616689196692
53,0.4539473684210526,4.399340819067144
53,0.4605263157894737,11.66734110544226
53,0.4671052631578947,1.950089144717234
53,0.47368421052631576,9.789973136179638
53,0.48026315789473684,1.0736431030361
53,0.48684210526315785,15.391655151225875
53,0.4934210526315789,16.55605817550695
54,0.0,3.1502578323738817e-14
54,0.006369426751592357,27.245238837795807
54,0.012738853503184714,28.324786936861923
54,0.019108280254777073,16.697491568992657
54,0.025477707006369428,11.000032035528871
54,0.03184713375796178,18.884473403225797
54,0.038216560509554146,11.245976185200176
54,0.0445859872611465,17.075741772823225
54,0.050955414012738856,5.800044542854059
54,0.05732484076433121,5.463273551389713
54,0.06369426751592357,14.503599747810583
54,0.07006369426751592,19.65268284251689
54,0.07643312101910829,5.974382010876223
54,0.08280254777070065,8.558673759367467
54,0.089171974522293,23.036781142938025
54,0.09554140127388536,6.226295689469545
54,0.10191082802547771,4.759505213668461
54,0.10828025477707007,5.995869590628574
54,0.11464968152866242,7.321421576982168
54,0.12101910828025478,19.720402665430647
54,0.12738853503184713,12.041013332880345
54,0.1337579617834395,14.333995307020775
54,0.14012738853503184,16.739714989352425
54,0.1464968152866242,7.861114089401318
54,0.15286624203821658,15.813101311571478
54,0.15923566878980894,17.078646037626
54,0.1656050955414013,16.03522943197361
54,0.17197452229299365,3.9196042513643623
54,0.178343949044586,16.282873924862045
54,0.18471337579617836,12.356685264824055
54,0.1910828025477707,2.293931817578544
54,0.19745222929936307,6.851663883632502
54,0.20382165605095542,20.551253495498184
54,0.21019108280254778,8.800280860855768
54,0.21656050955414013,14.719330012668998
54,0.2229299363057325,11.505378499386467
54,0.22929936305732485,13.987453445302997
54,0.2356687898089172,5.797592064839245
54,0.24203821656050956,2.0663202957891373
54,0.2484076433121019,11.19199299748014
54,0.25477707006369427,11.5543069492312
54,0.2611464968152866,4.311759385103221
54,0.267515923566879,18.13591289983007
54,0.27388535031847133,5.130107100817299
54,0.2802547770700637,2.156494120366664
54,0.28662420382165604,3.3035506202540637
54,0.2929936305732484,13.104118271571625
54,0.29936305732484075,8.885819520458893
54,0.30573248407643316,13.21608465941093
54,0.3121019108280255,20.901630691050165
54,0.3184713375796179,6.652271714361439
54,0.32484076433121023,8.88257732377576
54,0.3312101910828026,9.57451520799503
54,0.33757961783439494,10.230435731361737
54,0.3439490445859873,5.561374823176622
54,0.35031847133757965,4.100864114391227
54,0.356687898089172,10.837627043986647
54,0.36305732484076436,5.935313822932602
54,0.3694267515923567,19.611830390927807
54,0.37579617834394907,4.444506640245743
54,0.3821656050955414,16.624321999533084
54,0.3885350318471338,8.61004239688561
54,0.39490445859872614,17.572168049517817
54,0.4012738853503185,4.6122155272657315
54,0.40764331210191085,16.329794988309768
54,0.4140127388535032,12.40915829184039
54,0.42038216560509556,7.085370662281724
54,0.4267515923566879,6.183357472090259
54,0.43312101910828027,21.846842570920654
54,0.4394904458598726,4.737970082596314
54,0.445859872611465,5.7559477396101455
54,0.45222929936305734,8.902942602792924
54,0.4585987261146497,2.1714318994973665
54,0.46496815286624205,5.957363804269887
54,0.4713375796178344,8.623470536738708
54,0.47770700636942676,3.9970467845589113
54,0.4840764331210191,12.100451302056861
54,0.49044585987261147,6.310225064254197
54,0.4968152866242038,12.391371047597437
55,0.0,8.881784197001252e-16
55,0.0064516129032258064,15.931294999302006
55,0.012903225806451613,14.388731606142336
55,0.01935483870967742,15.44117604165074
55,0.025806451612903226,12.472920757267225
55,0.03225806451612903,4.4157388987922195
55,0.03870967741935484,20.411855830396053
55,0.04516129032258064,31.00490305256077
55,0.05161290322580645,17.279172592447182
55,0.05806451612903226,10.46666122041741
55,0.06451612903225806,12.666441021557269
55,0.07096774193548387,12.57197344331426
55,0.07741935483870968,9.31716477249384
55,0.08387096774193549,14.325363902697012
55,0.09032258064516129,16.43573665722308
55,0.0967741935483871,8.297350546426097
55,0.1032258064516129,3.953614026368126
55,0.10967741935483871,17.03678945408226
55,0.11612903225806452,11.49222037015187
55,0.12258064516129032,6.9743196126211915
55,0.12903225806451613,10.729233311510548
55,0.13548387096774195,6.766116970008734
55,0.14193548387096774,3.083694563145158
55,0.14838709677419354,10.489833652308647
55,0.15483870967741936,6.936381577098817
55,0.16129032258064516,13.209870582945262
55,0.16774193548387098,20.010694100089182
55,0.17419354838709677,5.352765302718135
55,0.18064516129032257,10.673744097872792
55,0.1870967741935484,10.8384033530015
55,0.1935483870967742,11.72040333177979
55,0.2,8.229615248367029
55,0.2064516129032258,20.425348572723646
55,0.2129032258064516,7.049250288285452
55,0.21935483870967742,17.576274331914245
55,0.22580645161290322,12.664947317918461
55,0.23225806451612904,10.941196855780541
55,0.23870967741935484,5.590154870100988
55,0.24516129032258063,10.670931341503694
55,0.25161290322580643,10.20711301910024
55,0.25806451612903225,9.07536046939594
55,0.2645161290322581,18.07981339031099
55,0.2709677419354839,15.92857347395461
55,0.27741935483870966,8.754419956176042
55,0.2838709677419355,4.779068118606315
55,0.2903225806451613,9.426469885027727
55,0.2967741935483871,8.388762391171717
55,0.3032258064516129,5.78956164191277
55,0.3096774193548387,17.88266690752322
55,0.3161290322580645,6.619388687284031
55,0.3225806451612903,12.849957089816792
55,0.32903225806451614,9.05807467250197
55,0.33548387096774196,14.866861394166035
55,0.3419354838709677,14.13503081656224
55,0.34838709677419355,5.052552880785268
55,0.3548387096774194,15.88859745545797
55,0.36129032258064514,19.369427726155017
55,0.36774193548387096,9.610063669037048
55,0.3741935483870968,1.7186964862189704
55,0.38064516129032255,8.136544807909244
55,0.3870967741935484,7.137504162540297
55,0.3935483870967742,17.2971405823679
55,0.4,14.070838060990543
55,0.4064516129032258,14.690105733938271
55,0.4129032258064516,21.107624319727456
55,0.41935483870967744,4.135991951981953
55,0.4258064516129032,10.962254744403287
55,0.432258064516129,11.448956698342895
55,0.43870967741935485,11.503653464964895
55,0.44516129032258067,3.459470337330818
55,0.45161290322580644,4.811979215168384
55,0.45806451612903226,0.4890461834285784
55,0.4645161290322581,10.662577593954662
55,0.47096774193548385,3.0451097928359823
55,0.4774193548387097,18.921824788668516
55,0.4838709677419355,11.013682367373823
55,0.49032258064516127,9.141545156733201
55,0.4967741935483871,10.454776380688303
56,0.0,1.687538997430238e-14
56,0.006329113924050633,28.65121570073168
56,0.012658227848101266,22.22754706221117
56,0.0189873417721519,29.826949570494666
56,0.02531645569620253,12.624168497965282
56,0.03164556962025317,8.163145458356498
56,0.0379746835443038,3.5959440834651635
56,0.04430379746835443,11.446942243600644
56,0.05063291139240506,10.039539867372476
56,0.056962025316455694,16.469395284029822
56,0.06329113924050633,19.600641516086974
56,0.06962025316455696,10.42643157056875
56,0.0759493670886076,16.37339353976243
56,0.08227848101265822,19.59749277141266
56,0.08860759493670886,4.851384208291826
56,0.09493670886075949,22.358482036761306
56,0.10126582278481013,13.119574768664801
56,0.10759493670886076,12.497213524160163
56,0.11392405063291139,8.942193525518157
56,0.12025316455696203,3.131493414972341
56,0.12658227848101267,6.449493600831281
56,0.13291139240506328,2.368705016419385
56,0.13924050632911392,3.4624317643430906
56,0.14556962025316456,10.562681622303124
56,0.1518987341772152,7.694337524183163
56,0.15822784810126583,15.5008664919485
56,0.16455696202531644,4.514464656796245
56,0.17088607594936708,19.023398830828157
56,0.17721518987341772,5.505607544916959
56,0.18354430379746836,6.416589181444238
56,0.18987341772151897,3.0546968887772254
56,0.1962025316455696,7.900560243381847
56,0.20253164556962025,1.4317778171888285
56,0.2088607594936709,16.273204077097702
56,0.21518987341772153,7.2347965990826255
56,0.22151898734177214,3.6810418960206714
56,0.22784810126582278,10.836530238662355
56,0.23417721518987342,7.449111744405644
56,0.24050632911392406,10.66885891680331
56,0.24683544303797467,13.36472231198042
56,0.25316455696202533,6.985244729390578
56,0.25949367088607594,17.554799976835003
56,0.26582278481012656,9.905016249480388
56,0.2721518987341772,10.101976148824388
56,0.27848101265822783,15.60168363911234
56,0.2848101265822785,13.043846689786852
56,0.2911392405063291,7.467514466092473
56,0.2974683544303797,8.110769391260302
56,0.3037974683544304,9.391578469631964
56,0.310126582278481,8.208785280516162
56,0.31645569620253167,7.944619108554371
56,0.3227848101265823,6.655939850338111
56,0.3291139240506329,6.842579761080892
56,0.33544303797468356,14.308603074957167
56,0.34177215189873417,9.755216667867147
56,0.3481012658227848,2.0451852033282414
56,0.35443037974683544,7.245830061791569
56,0.36075949367088606,1.7225563381574531
56,0.3670886075949367,19.60629859674845
56,0.37341772151898733,14.28467297976235
56,0.37974683544303794,8.591483291411869
56,0.3860759493670886,19.385636155033197
56,0.3924050632911392,1.0963394229799
56,0.3987341772151899,9.73006418828044
56,0.4050632911392405,13.987878315193678
56,0.4113924050632911,14.73678091727823
56,0.4177215189873418,15.674431731556455
56,0.4240506329113924,14.908841522716477
56,0.43037974683544306,13.17824748163977
56,0.43670886075949367,9.76941241036992
56,0.4430379746835443,24.27625533117338
56,0.44936708860759494,17.797702487957835
56,0.45569620253164556,3.8338721252933157
56,0.4620253164556962,7.285849781641601
56,0.46835443037974683,19.345885332482627
56,0.47468354430379744,7.595157040641423
56,0.4810126582278481,5.100538356999026
56,0.4873417721518987,10.311574506958385
56,0.49367088607594933,8.073864375140033
57,0.0,1.3322676295501878e-15
57,0.041666666666666664,6.891625047852539
57,0.08333333333333333,6.698250465290864
57,0.125,2.885562432987778
57,0.16666666666666666,0.8660200907974521
57,0.20833333333333331,5.5811230596721035
57,0.25,6.053572296507708
57,0.29166666666666663,5.639820412064947
57,0.3333333333333333,3.324247369057916
57,0.375,2.087208195759571
57,0.41666666666666663,3.4434988927377654
57,0.4583333333333333,6.6577367933136005
58,0.0,3.1086244689504383e-15
58,0.006329113924050633,5.035289163906399
58,0.012658227848101266,17.692877390689226
58,0.0189873417721519,5.0559040094421075
58,0.02531645569620253,8.772531015078224
58,0.03164556962025317,12.297892260220268
58,0.0379746835443038,20.612394970841386
58,0.04430379746835443,9.599234208463418
58,0.05063291139240506,16.161550083195262
58,0.056962025316455694,16.240990946163326
58,0.06329113924050633,23.94994437015185
58,0.06962025316455696,9.438292297297378
58,0.0759493670886076,8.30151559426542
58,0.08227848101265822,3.5104298507007563
58,0.08860759493670886,8.352059866125941
58,0.09493670886075949,14.213745438334843
58,0.10126582278481013,17.983711649362125
58,0.10759493670886076,20.564501367400123
58,0.11392405063291139,13.48825691333
58,0.12025316455696203,7.770316664143475
58,0.12658227848101267,3.851645369667415
58,0.13291139240506328,5.253482714885006
58,0.13924050632911392,14.590955341394004
58,0.14556962025316456,13.879062242629345
58,0.1518987341772152,6.222273847759337
58,0.15822784810126583,30.306991028518684
58,0.16455696202531644,9.599522934916646
58,0.17088607594936708,12.842622037935888
58,0.17721518987341772,8.45866692300979
58,0.18354430379746836,5.048862145940538
58,0.18987341772151897,5.617237175411207
58,0.1962025316455696,13.972001647120058
58,0.20253164556962025,12.541785204040643
58,0.2088607594936709,8.188424038599074
58,0.21518987341772153,13.590281476492576
58,0.22151898734177214,18.014763121316527
58,0.22784810126582278,9.36138217744159
58,0.23417721518987342,7.1300128697540694
58,0.24050632911392406,4.974932332299561
58,0.24683544303797467,9.869683625735926
58,0.25316455696202533,22.50300847605154
58,0.25949367088607594,4.879619242924344
58,0.26582278481012656,17.85743521802374
58,0.2721518987341772,7.774250009086217
58,0.27848101265822783,16.12287013165283
58,0.2848101265822785,4.984453367484498
58,0.2911392405063291,1.9621541503897895
58,0.2974683544303797,24.64274003839202
58,0.3037974683544304,17.80610453177609
58,0.310126582278481,6.168647883892736
58,0.31645569620253167,11.403028715772555
58,0.3227848101265823,17.51924698518251
58,0.3291139240506329,5.352723001144006
58,0.33544303797468356,12.189680026373031
58,0.34177215189873417,7.525549764421153
58,0.3481012658227848,5.871907528916699
58,0.35443037974683544,2.7634389238865467
58,0.36075949367088606,11.928726911740386
58,0.3670886075949367,13.994228887173803
58,0.37341772151898733,10.741675771695967
58,0.37974683544303794,6.18726681869539
58,0.3860759493670886,14.620167703898648
58,0.3924050632911392,11.36975198370939
58,0.3987341772151899,14.557249610204334
58,0.4050632911392405,7.269139906876831
58,0.4113924050632911,7.958198380550861
58,0.4177215189873418,11.611017549617683
58,0.4240506329113924,12.977123380701226
58,0.43037974683544306,15.04696865158367
58,0.43670886075949367,11.27629926553728
58,0.4430379746835443,4.7076640436706025
58,0.44936708860759494,8.83021681885935
58,0.45569620253164556,17.623615702941297
58,0.4620253164556962,13.493322117239085
58,0.46835443037974683,16.096155709710725
58,0.47468354430379744,2.715451724977161
58,0.4810126582278481,9.87267122131723
58,0.4873417721518987,12.788138569014645
58,0.49367088607594933,6.139944600860488
59,0.0,9.547918011776346e-15
59,0.00625,28.69088392925725
59,0.0125,12.596682976717183
59,0.018750000000000003,5.710129997228571
59,0.025,11.84499212825919
59,0.03125,11.977589938567807
59,0.037500000000000006,10.3391124964138
59,0.043750000000000004,7.761660537144556
59,0.05,12.08487232281406
59,0.05625,15.762332610938865
59,0.0625,10.056829314569548
59,0.06875,8.712668610869674
59,0.07500000000000001,9.960601522848984
59,0.08125,3.4913280413374586
59,0.08750000000000001,12.76681444913304
59,0.09375,10.910327062918062
59,0.1,6.070371058649503
59,0.10625000000000001,3.589564764072937
59,0.1125,14.670591179271348
59,0.11875000000000001,12.464514033369886
59,0.125,5.036129358266992
59,0.13125,10.621709782075914
59,0.1375,19.09221396231377
59,0.14375000000000002,8.268125944477674
59,0.15000000000000002,17.851057817052872
59,0.15625,4.174042388129652
59,0.1625,6.857366697017189
59,0.16875,10.742667234767055
59,0.17500000000000002,3.4787289156410512
59,0.18125000000000002,10.042169370008494
59,0.1875,12.767506653835552
59,0.19375,18.01701022903756
59,0.2,11.693626261971032
59,0.20625000000000002,7.54940866550037
59,0.21250000000000002,21.255648410209016
59,0.21875,15.741079305192844
59,0.225,15.16376658921131
59,0.23125,8.341673106760519
59,0.23750000000000002,11.18284786027625
59,0.24375000000000002,0.5998165292111647
59,0.25,10.51651347764841
59,0.25625000000000003,6.646651972019022
59,0.2625,5.316738430882722
59,0.26875,10.959369523225735
59,0.275,24.421588217096907
59,0.28125,6.002801728836085
59,0.28750000000000003,3.6317435633437345
59,0.29375,10.5988470813882
59,0.30000000000000004,17.244983761761837
59,0.30625,8.49028311144877
59,0.3125,5.141299853371295
59,0.31875000000000003,6.126718410773326
59,0.325,9.049739723151696
59,0.33125000000000004,17.946893292223212
59,0.3375,8.710962551432813
59,0.34375,4.5356567355971
59,0.35000000000000003,8.710494329665499
59,0.35625,13.225138477964999
59,0.36250000000000004,13.266604200813287
59,0.36875,3.84087363450878
59,0.375,7.96199198121918
59,0.38125000000000003,12.187722719313765
59,0.3875,2.4653265482347626
59,0.39375000000000004,16.44383760312659
59,0.4,11.686640782309494
59,0.40625,19.37590309685047
59,0.41250000000000003,8.104723872216953
59,0.41875,24.871887685226977
59,0.42500000000000004,33.37550882809695
59,0.43125,23.192206255062107
59,0.4375,10.89012659717575
59,0.44375000000000003,2.976216322935021
59,0.45,4.122438864076835
59,0.45625000000000004,9.07072779240057
59,0.4625,7.989303652752515
59,0.46875,12.753422719528634
59,0.47500000000000003,16.316435623519627
59,0.48125,17.538343104786527
59,0.48750000000000004,5.767796593461812
59,0.49375,11.080999869243328
60,0.0,7.993605777301127e-15
60,0.006211180124223602,10.102806214239191
60,0.012422360248447204,21.007212602599854
60,0.018633540372670808,19.631676144711935
60,0.024844720496894408,11.543105532640318
60,0.03105590062111801,16.667896122559377
60,0.037267080745341616,10.66448113329225
60,0.043478260869565216,9.568814084913708
60,0.049689440993788817,15.767787824599036
60,0.05590062111801242,9.950468828417295
60,0.06211180124223602,18.172089011509083
60,0.06832298136645962,16.60397110122422
60,0.07453416149068323,7.221087391808975
60,0.08074534161490683,10.029290787765648
60,0.08695652173913043,18.997491596107416
60,0.09316770186335403,18.064921282767102
60,0.09937888198757763,2.7518824764084213
60,0.10559006211180123,19.824320864273044
60,0.11180124223602483,14.5017739889135
60,0.11801242236024843,18.898210782750382
60,0.12422360248447203,2.569866039339098
60,0.13043478260869565,12.382069269049014
60,0.13664596273291924,10.458358293341169
60,0.14285714285714285,5.505925328640785
60,0.14906832298136646,24.700723236984526
60,0.15527950310559005,5.973391072413835
60,0.16149068322981366,8.690965290796496
60,0.16770186335403725,3.6271794695922988
60,0.17391304347826086,11.367549146098021
60,0.18012422360248445,9.580482654694329
60,0.18633540372670807,4.585794569942169
60,0.19254658385093165,19.347282417041196
60,0.19875776397515527,13.096334545911882
60,0.20496894409937888,14.365427503396969
60,0.21118012422360247,28.555912863426013
60,0.21739130434782608,9.193494804585043
60,0.22360248447204967,14.80593071619689
60,0.22981366459627328,13.627961742959576
60,0.23602484472049687,11.203477056034604
60,0.24223602484472048,11.173219737621041
60,0.24844720496894407,11.336093488850768
60,0.2546583850931677,13.133523313797479
60,0.2608695652173913,4.131025744510969
60,0.2670807453416149,7.68685400210771
60,0.27329192546583847,8.81278900102658
60,0.2795031055900621,6.6993594992265635
60,0.2857142857142857,9.607347335651246
60,0.2919254658385093,6.32377018202703
60,0.2981366459627329,11.999975052025968
60,0.3043478260869565,11.492599179715093
60,0.3105590062111801,18.360264264548498
60,0.3167701863354037,14.88114498645409
60,0.32298136645962733,4.42566231488541
60,0.3291925465838509,8.458493397139243
60,0.3354037267080745,5.018183990077616
60,0.3416149068322981,9.139788184159904
60,0.34782608695652173,5.40762468108958
60,0.35403726708074534,4.959402937303566
60,0.3602484472049689,8.746523632594954
60,0.3664596273291925,12.88956349502762
60,0.37267080745341613,7.7505336743928925
60,0.37888198757763975,11.639560876813755
60,0.3850931677018633,5.362322533905861
60,0.3913043478260869,9.608511288506362
60,0.39751552795031053,11.506736029851133
60,0.40372670807453415,13.046213149914646
60,0.40993788819875776,11.84360503853626
60,0.4161490683229813,18.324189494372277
60,0.42236024844720493,14.177095158592016
60,0.42857142857142855,11.647986245901226
60,0.43478260869565216,7.817895694989574
60,0.4409937888198757,16.95001896978943
60,0.44720496894409933,19.98623954554977
60,0.45341614906832295,9.93196740976715
60,0.45962732919254656,7.873320492144375
60,0.4658385093167702,4.033050428276712
60,0.47204968944099374,7.077178280607595
60,0.47826086956521735,13.93250803497197
60,0.48447204968944096,11.245595384707823
60,0.4906832298136646,18.360857297416935
60,0.49689440993788814,6.539299520008611
61,0.0,9.769962616701378e-15
61,0.00641025641025641,8.24352018998164
61,0.01282051282051282,15.80730857672765
61,0.019230769230769232,13.405096589978239
61,0.02564102564102564,15.114257641776637
61,0.03205128205128205,5.5260330275690785
61,0.038461538461538464,6.356002755049734
61,0.04487179487179487,14.44414650092475
61,0.05128205128205128,10.195190019878236
61,0.05769230769230769,15.364448107265162
61,0.0641025641025641,10.695911629151048
61,0.07051282051282051,11.940441355528701
61,0.07692307692307693,16.071534173007464
61,0.08333333333333333,6.584591126356798
61,0.08974358974358974,17.238321915446935
61,0.09615384615384615,14.875682899620557
61,0.10256410256410256,15.959281938073639
61,0.10897435897435898,17.15370096630972
61,0.11538461538461538,16.30502682571784
61,0.12179487179487179,10.875197936983358
61,0.1282051282051282,25.294916868477447
61,0.1346153846153846,9.054421031533725
61,0.14102564102564102,14.07174516797542
61,0.14743589743589744,15.332710761889105
61,0.15384615384615385,19.871532450031
61,0.16025641025641024,9.20973616256097
61,0.16666666666666666,14.983300206636747
61,0.17307692307692307,9.141664287529077
61,0.1794871794871795,8.825225018583621
61,0.1858974358974359,5.312125057857415
61,0.1923076923076923,10.715680899318604
61,0.1987179487179487,7.522176850698706
61,0.20512820512820512,6.917702678214002
61,0.21153846153846154,18.39464959495902
61,0.21794871794871795,14.577093352205987
61,0.22435897435897434,8.330789888799321
61,0.23076923076923075,6.503553853252407
61,0.23717948717948717,10.724266187312722
61,0.24358974358974358,16.917442227885775
61,0.25,11.123534748062113
61,0.2564102564102564,12.228103576894647
61,0.26282051282051283,25.928185856908264
61,0.2692307692307692,21.99658688924963
61,0.2756410256410256,9.281569595008627
61,0.28205128205128205,10.240055836793475
61,0.28846153846153844,1.1478734527919918
61,0.2948717948717949,12.163640077693957
61,0.30128205128205127,8.35478799991962
61,0.3076923076923077,8.61655017652247
61,0.3141025641025641,8.081411634763134
61,0.3205128205128205,7.473030244861637
61,0.3269230769230769,7.424636687353807
61,0.3333333333333333,8.795184447503162
61,0.33974358974358976,7.878190045079633
61,0.34615384615384615,9.844797399696674
61,0.35256410256410253,19.86393346829388
61,0.358974358974359,7.554619447692228
61,0.36538461538461536,5.975197097835716
61,0.3717948717948718,23.154006445868124
61,0.3782051282051282,4.754005162757792
61,0.3846153846153846,8.272420399766881
61,0.391025641025641,5.99653302240283
61,0.3974358974358974,10.825271503940904
61,0.40384615384615385,22.553689558146164
61,0.41025641025641024,8.638693258252024
61,0.41666666666666663,11.81821824734686
61,0.4230769230769231,6.6815333155951455
61,0.42948717948717946,3.412748062771386
61,0.4358974358974359,9.294622581395146
61,0.4423076923076923,9.52115135282149
61,0.4487179487179487,4.874636971283792
61,0.4551282051282051,17.16261774621696
61,0.4615384615384615,10.05084866461708
61,0.46794871794871795,9.173109206309585
61,0.47435897435897434,7.5678026493941255
61,0.4807692307692307,14.951153209923582
61,0.48717948717948717,8.799330345107508
61,0.49358974358974356,7.097804201287493
62,0.0,1.0658141036401503e-14
62,0.006289308176100629,8.149933750391604
62,0.012578616352201259,11.622615096245424
62,0.01886792452830189,13.704721419866454
62,0.025157232704402517,3.5337095184973957
62,0.031446540880503145,9.963321867249993
62,0.03773584905660378,7.456539717428182
62,0.04402515723270441,6.201283812504009
62,0.050314465408805034,4.827486234425438
62,0.05660377358490566,13.440315674752421
62,0.06289308176100629,20.499238324836536
62,0.06918238993710692,18.031301065093064
62,0.07547169811320756,23.93554482493259
62,0.08176100628930819,19.52652153674789
62,0.08805031446540881,10.711555322375515
62,0.09433962264150944,8.79535790259147
62,0.10062893081761007,12.462031902762673
62,0.1069182389937107,7.8973513756415334
62,0.11320754716981132,4.3700712040181475
62,0.11949685534591195,9.372120616558197
62,0.12578616352201258,6.296139013657786
62,0.1320754716981132,12.004854951728326
62,0.13836477987421383,17.36606322973416
62,0.14465408805031446,17.71602895237524
62,0.15094339622641512,4.732498785200764
62,0.15723270440251574,3.4152156509616334
62,0.16352201257861637,12.319729500126334
62,0.169811320754717,5.04938750928174
62,0.17610062893081763,4.6009081449531255
62,0.18238993710691825,13.88763662731931
62,0.18867924528301888,11.67278896086225
62,0.1949685534591195,19.909226723316653
62,0.20125786163522014,1.043823259502633
62,0.20754716981132076,14.151028086059318
62,0.2138364779874214,15.684029313622192
62,0.22012578616352202,17.908376845645297
62,0.22641509433962265,20.295226643184638
62,0.23270440251572327,8.429793484529867
62,0.2389937106918239,17.554283247408947
62,0.24528301886792453,9.198548856163242
62,0.25157232704402516,9.206120008487876
62,0.2578616352201258,18.551300621756788
62,0.2641509433962264,16.455303670706677
62,0.27044025157232704,9.08802765708255
62,0.27672955974842767,15.456153752259924
62,0.2830188679245283,8.730910695976304
62,0.2893081761006289,8.778473060070388
62,0.29559748427672955,9.642577408430377
62,0.30188679245283023,9.898214887667235
62,0.30817610062893086,18.317510780188027
62,0.3144654088050315,8.125460353098278
62,0.3207547169811321,17.427171442360745
62,0.32704402515723274,11.433352962986355
62,0.33333333333333337,9.154775280954713
62,0.339622641509434,17.639218628564954
62,0.3459119496855346,13.730598753632675
62,0.35220125786163525,14.503195328182233
62,0.3584905660377359,17.57652053346594
62,0.3647798742138365,9.962020087553014
62,0.37106918238993714,4.031817795584406
62,0.37735849056603776,9.28463573539974
62,0.3836477987421384,20.050135384997102
62,0.389937106918239,6.558639560806184
62,0.39622641509433965,4.96271772211992
62,0.4025157232704403,13.007911883727564
62,0.4088050314465409,16.913285204880008
62,0.41509433962264153,10.751001251830598
62,0.42138364779874216,1.5394713107394111
62,0.4276729559748428,14.025412835876791
62,0.4339622641509434,23.802932308955405
62,0.44025157232704404,13.02315381840495
62,0.44654088050314467,6.843545334949032
62,0.4528301886792453,15.256237807825721
62,0.4591194968553459,5.1228421498989904
62,0.46540880503144655,6.086154285205672
62,0.4716981132075472,8.110773653432117
62,0.4779874213836478,14.782915874192529
62,0.48427672955974843,5.145060741625589
62,0.49056603773584906,3.9125283227692447
62,0.4968553459119497,8.580197729093145
63,0.0,2.6645352591003757e-15
63,0.006369426751592357,16.133632520808504
63,0.012738853503184714,4.977833943154494
63,0.019108280254777073,16.252394522087716
63,0.025477707006369428,9.395693424627098
63,0.03184713375796178,6.509040021904753
63,0.038216560509554146,16.268326349615997
63,0.0445859872611465,4.024424901548393
63,0.050955414012738856,15.630269364848473
63,0.05732484076433121,17.147869511766864
63,0.06369426751592357,10.845983483240312
63,0.07006369426751592,13.44478480555393
63,0.07643312101910829,14.639007823190365
63,0.08280254777070065,3.4954116452253468
63,0.089171974522293,14.537991467322959
63,0.09554140127388536,19.7396968517482
63,0.10191082802547771,19.791889699322347
63,0.10828025477707007,14.4481638404086
63,0.11464968152866242,20.637429359771566
63,0.12101910828025478,13.840637259425566
63,0.12738853503184713,8.960779528296248
63,0.1337579617834395,1.987391201327141
63,0.14012738853503184,3.1647111996811894
63,0.1464968152866242,2.1762760768189295
63,0.15286624203821658,14.388507424421492
63,0.15923566878980894,14.276815058674657
63,0.1656050955414013,20.395780425303723
63,0.17197452229299365,4.543561118863134
63,0.178343949044586,14.111243843633408
63,0.18471337579617836,6.270502524574695
63,0.1910828025477707,18.05279898455838
63,0.19745222929936307,9.270094290987476
63,0.20382165605095542,6.539178401732526
63,0.21019108280254778,15.796209654690092
63,0.21656050955414013,14.489933561437658
63,0.2229299363057325,10.383772692636413
63,0.22929936305732485,7.8368890464157115
63,0.2356687898089172,5.985020141711412
63,0.24203821656050956,9.03577048556191
63,0.2484076433121019,18.90414711121084
63,0.25477707006369427,12.562862926215116
63,0.2611464968152866,15.406785712586839
63,0.267515923566879,15.224495110885885
63,0.27388535031847133,4.996472945607334
63,0.2802547770700637,17.459850035983372
63,0.28662420382165604,5.933274746838859
63,0.2929936305732484,3.582964359773938
63,0.29936305732484075,15.564680210303468
63,0.30573248407643316,4.744947785447074
63,0.3121019108280255,11.329040837380369
63,0.3184713375796179,1.2191365462063417
63,0.32484076433121023,4.189023589523269
63,0.3312101910828026,7.536985214195325
63,0.33757961783439494,15.807750386707541
63,0.3439490445859873,2.4353967167217
63,0.35031847133757965,10.870223921820564
63,0.356687898089172,0.933433937498011
63,0.36305732484076436,4.6242373310337115
63,0.3694267515923567,18.29290000908634
63,0.37579617834394907,3.7481748801520496
63,0.3821656050955414,19.005253955635173
63,0.3885350318471338,3.7528524204754294
63,0.39490445859872614,9.853539238168084
63,0.4012738853503185,19.802625214113196
63,0.40764331210191085,8.327778252748214
63,0.4140127388535032,5.163378924891698
63,0.42038216560509556,21.122564059694405
63,0.4267515923566879,20.143817527254715
63,0.43312101910828027,16.661125923061647
63,0.4394904458598726,20.045899410889586
63,0.445859872611465,7.317440713880077
63,0.45222929936305734,8.948110739099665
63,0.4585987261146497,10.37167259684346
63,0.46496815286624205,2.7191831167955263
63,0.4713375796178344,11.099856374997334
63,0.47770700636942676,13.147850453215396
63,0.4840764331210191,4.887616610376845
63,0.49044585987261147,4.636447765577569
63,0.4968152866242038,20.924559537520203
64,0.0,5.329070518200751e-15
64,0.00625,18.576479309095212
64,0.0125,14.363432869427617
64,0.018750000000000003,3.4286047824484975
64,0.025,5.717300689609902
64,0.03125,9.104480741065295
64,0.037500000000000006,13.091572604877959
64,0.043750000000000004,12.998722395854022
64,0.05,12.989983897903883
64,0.05625,18.53244094117396
64,0.0625,12.782481129155977
64,0.06875,9.023124337123077
64,0.07500000000000001,13.085668622875973
64,0.08125,10.69495098271769
64,0.08750000000000001,5.867302889286386
64,0.09375,11.741967428879509
64,0.1,4.378478558739124
64,0.10625000000000001,6.247771753946079
64,0.1125,9.178630547739262
64,0.11875000000000001,5.822689849808295
64,0.125,9.260266197865125
64,0.13125,15.817160981924955
64,0.1375,9.035301826368698
64,0.14375000000000002,12.355618601909638
64,0.15000000000000002,3.911379366374463
64,0.15625,11.04758242051445
64,0.1625,8.34656930153792
64,0.16875,1.205013531847679
64,0.17500000000000002,8.616097046455806
64,0.18125000000000002,12.592418847345098
64,0.1875,12.787572972903398
64,0.19375,7.463361251882531
64,0.2,5.695680756032218
64,0.20625000000000002,6.915885368048584
64,0.21250000000000002,15.056926577247319
64,0.21875,27.243402144204225
64,0.225,12.859406437935716
64,0.23125,4.053941168655478
64,0.23750000000000002,8.191391760641837
64,0.24375000000000002,11.514054122898424
64,0.25,10.23576663183345
64,0.25625000000000003,4.950468381387767
64,0.2625,12.705805375953311
64,0.26875,11.640148066190065
64,0.275,19.08913028414882
64,0.28125,16.061623723414066
64,0.28750000000000003,10.212922910481792
64,0.29375,21.345331105461785
64,0.30000000000000004,15.957607205191591
64,0.30625,13.527884773758519
64,0.3125,6.675265652574156
64,0.31875000000000003,9.945948432216428
64,0.325,11.258432803717943
64,0.33125000000000004,6.0347428233567335
64,0.3375,16.560708761830995
64,0.34375,11.730985780943774
64,0.35000000000000003,8.866740251466656
64,0.35625,14.37542877342541
64,0.36250000000000004,5.696360529765805
64,0.36875,4.0353781336882415
64,0.375,13.029074297730668
64,0.38125000000000003,12.292389170639826
64,0.3875,6.088485329822461
64,0.39375000000000004,14.784219474801414
64,0.4,3.601883255819361
64,0.40625,14.358101866364969
64,0.41250000000000003,19.812243852105343
64,0.41875,12.229415426805472
64,0.42500000000000004,20.974965404554116
64,0.43125,18.31860665761499
64,0.4375,12.469119946230691
64,0.44375000000000003,2.7180625449805134
64,0.45,6.080294111419824
64,0.45625000000000004,11.344947182442153
64,0.4625,3.144817425464407
64,0.46875,29.935775829260685
64,0.47500000000000003,16.08058094879086
64,0.48125,11.634493004975695
64,0.48750000000000004,21.62469991736187
64,0.49375,16.068691860205455
65,0.0,7.105427357601002e-15
65,0.006578947368421052,22.9904795971533
65,0.013157894736842105,11.93780246206996
65,0.019736842105263157,11.472065575781967
65,0.02631578947368421,7.936157343763912
65,0.03289473684210526,10.266760155157485
65,0.039473684210526314,29.352630590050335
65,0.046052631578947366,4.247180585987128
65,0.05263157894736842,17.278273016918202
65,0.05921052631578947,4.629377862212839
65,0.06578947368421052,19.09091809433453
65,0.07236842105263158,9.91043856297592
65,0.07894736842105263,11.460587610715438
65,0.08552631578947367,12.474648178350888
65,0.09210526315789473,5.6829420966254425
65,0.09868421052631579,10.03465913561018
65,0.10526315789473684,6.821416778115156
65,0.11184210526315788,10.387209065585933
65,0.11842105263157894,21.463698557337437
65,0.125,19.115875247584473
65,0.13157894736842105,10.377817472500357
65,0.1381578947368421,15.404370515855568
65,0.14473684210526316,7.85407581335542
65,0.1513157894736842,4.405547175598424
65,0.15789473684210525,12.997295366169677
65,0.1644736842105263,10.370917993819129
65,0.17105263157894735,3.6137041294272536
65,0.17763157894736842,7.855540761814828
65,0.18421052631578946,8.302180144485071
65,0.1907894736842105,11.934950115996683
65,0.19736842105263158,9.864908442914315
65,0.20394736842105263,8.191903203999185
65,0.21052631578947367,8.834784330551658
65,0.21710526315789472,7.036894685087894
65,0.22368421052631576,10.84533107530983
65,0.23026315789473684,19.43885269477488
65,0.23684210526315788,12.547841597381879
65,0.24342105263157893,16.491502686525724
65,0.25,14.371006380222724
65,0.256578947368421,9.907544728361302
65,0.2631578947368421,9.034752985814324
65,0.26973684210526316,0.6151768042081646
65,0.2763157894736842,7.538621911023234
65,0.28289473684210525,9.938637205240882
65,0.2894736842105263,17.80568966371609
65,0.29605263157894735,17.647726918380943
65,0.3026315789473684,13.56984922050008
65,0.30921052631578944,8.311946030794712
65,0.3157894736842105,18.245397799729716
65,0.3223684210526316,4.696129833813286
65,0.3289473684210526,21.506985445414845
65,0.3355263157894737,13.186912839009628
65,0.3421052631578947,8.176297143028055
65,0.34868421052631576,7.524145014590384
65,0.35526315789473684,4.624360073831389
65,0.36184210526315785,10.776394746032581
65,0.3684210526315789,11.616897409679549
65,0.375,5.54892737514959
65,0.381578947368421,12.862095366144944
65,0.3881578947368421,9.107964694819362
65,0.39473684210526316,9.983012789542231
65,0.4013157894736842,8.11861721799635
65,0.40789473684210525,7.84392277186655
65,0.41447368421052627,12.317629041446672
65,0.42105263157894735,5.304732872936292
65,0.4276315789473684,5.372890249969774
65,0.43421052631578944,14.717323792466633
65,0.4407894736842105,3.738104537527823
65,0.4473684210526315,8.35681190170831
65,0.4539473684210526,11.795470353653297
65,0.4605263157894737,7.061252538183379
65,0.4671052631578947,9.26341571160737
65,0.47368421052631576,11.807059254222018
65,0.48026315789473684,22.62808811936421
65,0.48684210526315785,8.557551918117731
65,0.4934210526315789,16.513241020019517
66,0.0,1.3322676295501878e-14
66,0.006711409395973154,2.1417840263882266
66,0.013422818791946308,17.5699483167613
66,0.020134228187919462,15.866614049401806
66,0.026845637583892617,0.3638963465201257
66,0.03355704697986577,8.1601036097745
66,0.040268456375838924,5.394379391269993
66,0.04697986577181208,32.282377025687566
66,0.053691275167785234,12.46928764405717
66,0.060402684563758385,17.038279483801524
66,0.06711409395973154,7.0382956487807125
66,0.0738255033557047,8.645200678647694
66,0.08053691275167785,1.5243321097760634
66,0.087248322147651,14.195598603808783
66,0.09395973154362416,14.686249896389935
66,0.10067114093959731,12.378108260006188
66,0.10738255033557047,11.84119433177217
66,0.11409395973154363,23.63194172210186
66,0.12080536912751677,9.287499889115024
66,0.12751677852348994,10.94171441453494
66,0.1342281879194631,9.69885135996776
66,0.14093959731543623,13.769817061235491
66,0.1476510067114094,11.307696951102308
66,0.15436241610738255,20.76459677838838
66,0.1610738255033557,4.39941453296437
66,0.16778523489932887,1.2231012294329424
66,0.174496644295302,11.871716682964784
66,0.18120805369127516,9.684844031233562
66,0.18791946308724833,9.754833441359057
66,0.19463087248322147,5.386642197789882
66,0.20134228187919462,16.441914312882673
66,0.2080536912751678,11.898303793112616
66,0.21476510067114093,3.52467025453913
66,0.22147651006711408,13.723668446597443
66,0.22818791946308725,6.788569589134642
66,0.2348993288590604,3.122204903892217
66,0.24161073825503354,8.57635930242914
66,0.2483221476510067,16.830625881590684
66,0.2550335570469799,4.593264228592075
66,0.26174496644295303,11.12617097300245
66,0.2684563758389262,3.0192422086680777
66,0.2751677852348993,5.993899352046985
66,0.28187919463087246,3.938884735033611
66,0.2885906040268456,11.015352432363649
66,0.2953020134228188,7.727617893055744
66,0.30201342281879195,10.333746002669441
66,0.3087248322147651,12.256503420124593
66,0.31543624161073824,14.058854971409604
66,0.3221476510067114,8.420587647422474
66,0.32885906040268453,12.39067525228064
66,0.33557046979865773,21.237299606355073
66,0.3422818791946309,3.1530766241834054
66,0.348993288590604,4.899726488017376
66,0.35570469798657717,6.076880358687113
66,0.3624161073825503,7.936299684419006
66,0.36912751677852346,13.731613688959259
66,0.37583892617449666,7.188571997872294
66,0.3825503355704698,6.489982171140126
66,0.38926174496644295,2.4801270566156153
66,0.3959731543624161,3.8841016942230007
66,0.40268456375838924,11.17415802165122
66,0.4093959731543624,11.40154646606216
66,0.4161073825503356,8.879187665568786
66,0.4228187919463087,22.046662277875043
66,0.42953020134228187,2.37762555595322
66,0.436241610738255,16.056635044285656
66,0.44295302013422816,10.228830642264205
66,0.44966442953020136,19.359050170213468
66,0.4563758389261745,16.566558382388028
66,0.46308724832214765,13.14282814101787
66,0.4697986577181208,7.289877671892894
66,0.47651006711409394,7.5762500103694
66,0.4832214765100671,21.65175351554645
66,0.4899328859060403,9.990518916477392
66,0.4966442953020134,21.428821248068544
67,0.0,1.2434497875801753e-14
67,0.006329113924050633,12.312218486607941
67,0.012658227848101266,6.95604951218239
67,0.0189873417721519,7.058986266197997
67,0.02531645569620253,13.477866817041999
67,0.03164556962025317,12.967455608989935
67,0.0379746835443038,9.764305361166876
67,0.04430379746835443,16.69865872453677
67,0.05063291139240506,11.623939320300238
67,0.056962025316455694,9.219767003829562
67,0.06329113924050633,3.2305031512156512
67,0.06962025316455696,27.954870227411558
67,0.0759493670886076,14.402118625965697
67,0.08227848101265822,7.263886080434381
67,0.08860759493670886,3.211200961283058
67,0.09493670886075949,12.100594559469915
67,0.10126582278481013,18.04770003649658
67,0.10759493670886076,8.114658006188048
67,0.11392405063291139,10.10120460523465
67,0.12025316455696203,11.385795034321811
67,0.12658227848101267,1.9999081634759632
67,0.13291139240506328,0.7529573696271318
67,0.13924050632911392,8.201377164051694
67,0.14556962025316456,15.463716827230833
67,0.1518987341772152,4.630417202405943
67,0.15822784810126583,10.617511078443204
67,0.16455696202531644,17.74575368750607
67,0.17088607594936708,24.753057035473113
67,0.17721518987341772,5.46809059591124
67,0.18354430379746836,18.612619298393554
67,0.18987341772151897,12.079789034274297
67,0.1962025316455696,12.43211369099323
67,0.20253164556962025,15.279690539549978
67,0.2088607594936709,11.006691241671474
67,0.21518987341772153,16.84371574960337
67,0.22151898734177214,8.971217758693632
67,0.22784810126582278,17.11383998462959
67,0.23417721518987342,6.202936358337974
67,0.24050632911392406,20.750378217835628
67,0.24683544303797467,20.62549026920007
67,0.25316455696202533,13.677345392191866
67,0.25949367088607594,7.4180801301836174
67,0.26582278481012656,0.5468170897355875
67,0.2721518987341772,11.159252777010089
67,0.27848101265822783,16.24669634623498
67,0.2848101265822785,12.000084713685334
67,0.2911392405063291,5.23717993274359
67,0.2974683544303797,18.206116756874316
67,0.3037974683544304,3.57714070804035
67,0.310126582278481,24.82158126556003
67,0.31645569620253167,13.988866332742194
67,0.3227848101265823,5.564363333098207
67,0.3291139240506329,8.72182718491467
67,0.33544303797468356,3.964436576795681
67,0.34177215189873417,5.800225264640029
67,0.3481012658227848,14.129040830880477
67,0.35443037974683544,14.18294165538437
67,0.36075949367088606,10.881141701115707
67,0.3670886075949367,6.990831457153842
67,0.37341772151898733,15.293253443210709
67,0.37974683544303794,9.154305538006597
67,0.3860759493670886,7.5217100309180065
67,0.3924050632911392,8.758705104105909
67,0.3987341772151899,14.141580849877975
67,0.4050632911392405,13.030957793533446
67,0.4113924050632911,11.374520397008771
67,0.4177215189873418,3.664709671496201
67,0.4240506329113924,18.857749675117013
67,0.43037974683544306,10.557354123588414
67,0.43670886075949367,8.055890243346427
67,0.4430379746835443,14.125096609109125
67,0.44936708860759494,7.8988033464372425
67,0.45569620253164556,15.17576013405671
67,0.4620253164556962,15.058944326010412
67,0.46835443037974683,12.243110599750437
67,0.47468354430379744,10.087850261124885
67,0.4810126582278481,4.721413246733155
67,0.4873417721518987,5.275460126020788
67,0.49367088607594933,9.694619781076845
68,0.0,1.9761969838327786e-14
68,0.006289308176100629,9.97080034057953
68,0.012578616352201259,17.30179265574868
68,0.01886792452830189,12.059356174335036
68,0.025157232704402517,11.957246115948811
68,0.031446540880503145,14.676270692086788
68,0.03773584905660378,8.293009215367269
68,0.04402515723270441,23.57206012343845
68,0.050314465408805034,4.916769573827999
68,0.05660377358490566,5.084322186943527
68,0.06289308176100629,11.613987230454999
68,0.06918238993710692,7.277386121330754
68,0.07547169811320756,14.312104703802184
68,0.08176100628930819,6.852417593750908
68,0.08805031446540881,9.586826680965686
68,0.09433962264150944,12.277423062244312
68,0.10062893081761007,6.2119622188512835
68,0.1069182389937107,17.89024688049206
68,0.11320754716981132,9.675204401268365
68,0.11949685534591195,5.898116111873484
68,0.12578616352201258,8.39981932836804
68,0.1320754716981132,10.510285637869032
68,0.13836477987421383,4.53153402573234
68,0.14465408805031446,3.3852455641959276
68,0.15094339622641512,1.990600389055906
68,0.15723270440251574,10.207458072529745
68,0.16352201257861637,6.090133359559728
68,0.169811320754717,8.993097484592512
68,0.17610062893081763,5.415178873072919
68,0.18238993710691825,8.74179279604701
68,0.18867924528301888,5.444769510224415
68,0.1949685534591195,5.762573409716714
68,0.20125786163522014,6.749370045799009
68,0.20754716981132076,2.5773220753007764
68,0.2138364779874214,15.399202880217917
68,0.22012578616352202,10.913557795862813
68,0.22641509433962265,17.036884239077647
68,0.23270440251572327,7.227315994219908
68,0.2389937106918239,19.53025744846296
68,0.24528301886792453,4.726339961705004
68,0.25157232704402516,17.12598187495059
68,0.2578616352201258,16.77301744450637
68,0.2641509433962264,14.84095095692579
68,0.27044025157232704,14.009327311848384
68,0.27672955974842767,5.5364731935955245
68,0.2830188679245283,10.322364092140795
68,0.2893081761006289,13.49130685535027
68,0.29559748427672955,36.1033025164919
68,0.30188679245283023,3.056382336414969
68,0.30817610062893086,14.291756087456273
68,0.3144654088050315,13.381407840646268
68,0.3207547169811321,21.59606310987178
68,0.32704402515723274,18.433469031893026
68,0.33333333333333337,4.210863799875085
68,0.339622641509434,14.421090310285244
68,0.3459119496855346,11.447557162306575
68,0.35220125786163525,11.807092903879791
68,0.3584905660377359,7.08337369117721
68,0.3647798742138365,16.15244208072472
68,0.37106918238993714,12.67581111692505
68,0.37735849056603776,7.478187788987741
68,0.3836477987421384,20.377865201878333
68,0.389937106918239,12.52769750993654
68,0.39622641509433965,17.905747091500128
68,0.4025157232704403,4.3025434910622105
68,0.4088050314465409,20.30321378186909
68,0.41509433962264153,7.308998681046195
68,0.42138364779874216,9.051301283275256
68,0.4276729559748428,18.315569461471107
68,0.4339622641509434,2.683398540369683
68,0.44025157232704404,10.227831401153466
68,0.44654088050314467,11.054120837957326
68,0.4528301886792453,19.563125959346376
68,0.4591194968553459,5.357522409984891
68,0.46540880503144655,12.690064593052231
68,0.4716981132075472,9.323659940115945
68,0.4779874213836478,16.413060176171097
68,0.48427672955974843,11.376825642280211
68,0.49056603773584906,11.590042998223014
68,0.4968553459119497,8.622433832355474
69,0.0,7.105427357601002e-15
69,0.006289308176100629,14.242998466521964
69,0.012578616352201259,11.910461123372476
69,0.01886792452830189,17.047226466765643
69,0.025157232704402517,2.2287299055588896
69,0.031446540880503145,26.239331996942198
69,0.03773584905660378,14.133410177834183
69,0.04402515723270441,19.27354589628402
69,0.050314465408805034,4.892468074071087
69,0.05660377358490566,7.85468645537668
69,0.06289308176100629,18.029392401343138
69,0.06918238993710692,10.950766717377512
69,0.07547169811320756,3.5347148983365893
69,0.08176100628930819,21.820053623181735
69,0.08805031446540881,6.189437096326824
69,0.09433962264150944,12.172561811431265
69,0.10062893081761007,5.132630219945904
69,0.1069182389937107,12.814150868574632
69,0.11320754716981132,18.4513870476465
69,0.11949685534591195,5.653251430741985
69,0.12578616352201258,9.679760161620473
69,0.1320754716981132,14.146673800373705
69,0.13836477987421383,5.11926935458517
69,0.14465408805031446,8.908489958812032
69,0.15094339622641512,9.56644825364224
69,0.15723270440251574,6.714600437844214
69,0.16352201257861637,20.701729864980283
69,0.169811320754717,1.5440281488706644
69,0.17610062893081763,5.8310390717750575
69,0.18238993710691825,6.886058170787961
69,0.18867924528301888,6.933244630806263
69,0.1949685534591195,4.905330947973866
69,0.20125786163522014,7.902300779875951
69,0.20754716981132076,23.800517216294608
69,0.2138364779874214,14.732973289186212
69,0.22012578616352202,2.6296006153913116
69,0.22641509433962265,5.7001907249005965
69,0.23270440251572327,3.001430991648872
69,0.2389937106918239,9.183172264881053
69,0.24528301886792453,17.06242030682974
69,0.25157232704402516,1.076493096314963
69,0.2578616352201258,10.558181481997105
69,0.2641509433962264,11.331449942740761
69,0.27044025157232704,29.268826606168318
69,0.27672955974842767,11.171795866475694
69,0.2830188679245283,11.966763255231143
69,0.2893081761006289,9.400263431499738
69,0.29559748427672955,4.90770207285979
69,0.30188679245283023,7.526790678771565
69,0.30817610062893086,19.331753708940063
69,0.3144654088050315,24.172253612482628
69,0.3207547169811321,13.772239456971137
69,0.32704402515723274,16.898335448361564
69,0.33333333333333337,14.290873610207512
69,0.339622641509434,11.29556735720472
69,0.3459119496855346,1.5299661004334562
69,0.35220125786163525,6.8373908095584675
69,0.3584905660377359,16.522610351561443
69,0.3647798742138365,5.322105916370405
69,0.37106918238993714,3.1473212611127006
69,0.37735849056603776,6.56443884894441
69,0.3836477987421384,11.10256433479578
69,0.389937106918239,5.954995236238322
69,0.39622641509433965,11.311189520140417
69,0.4025157232704403,12.652309399966661
69,0.4088050314465409,9.916196931812797
69,0.41509433962264153,9.338050175315873
69,0.42138364779874216,21.157414651752717
69,0.4276729559748428,16.835879405724864
69,0.4339622641509434,6.3729360686935905
69,0.44025157232704404,11.921212612029898
69,0.44654088050314467,11.860512463654135
69,0.4528301886792453,15.39483845757332
69,0.4591194968553459,17.1055736563066
69,0.46540880503144655,10.836140370243939
69,0.4716981132075472,12.490505739914612
69,0.4779874213836478,13.450130012159557
69,0.48427672955974843,9.024079014286897
69,0.49056603773584906,8.221528230495238
69,0.4968553459119497,7.645048464594764
70,0.0,3.774758283725532e-15
70,0.006134969325153374,11.551403333436308
70,0.012269938650306749,16.20688145616623
70,0.018404907975460124,21.318851453450304
70,0.024539877300613498,17.97553824625803
70,0.03067484662576687,16.980904328894514
70,0.03680981595092025,19.97802356125131
70,0.04294478527607362,5.5844906387140645
70,0.049079754601226995,15.001169518677349
70,0.05521472392638037,13.452310433733874
70,0.06134969325153374,19.70589030421551
70,0.06748466257668712,2.443974092070896
70,0.0736196319018405,18.97760990644874
70,0.07975460122699386,9.958102004219379
70,0.08588957055214724,12.934003719184007
70,0.09202453987730061,20.482408209774604
70,0.09815950920245399,9.549117626945286
70,0.10429447852760737,13.766260050972134
70,0.11042944785276074,2.0651999007899233
70,0.11656441717791412,4.839650353298435
70,0.12269938650306748,20.56398740768087
70,0.12883435582822086,16.30041257094576
70,0.13496932515337423,0.6272193372150527
70,0.1411042944785276,8.245673431394088
70,0.147239263803681,12.416334522502844
70,0.15337423312883436,12.316848301295794
70,0.15950920245398773,15.755412650228715
70,0.16564417177914112,16.07802072329513
70,0.17177914110429449,2.7843311064130516
70,0.17791411042944785,5.81050919315676
70,0.18404907975460122,8.528151001496326
70,0.1901840490797546,3.3408804263691447
70,0.19631901840490798,6.171134952481997
70,0.20245398773006135,9.115646547563939
70,0.20858895705521474,7.4722620327378815
70,0.2147239263803681,5.484948951186749
70,0.22085889570552147,7.534258471374601
70,0.22699386503067484,9.271149985639097
70,0.23312883435582823,13.445719922497812
70,0.2392638036809816,8.0532527527469
70,0.24539877300613497,9.146561141226805
70,0.25153374233128833,12.23184444321612
70,0.25766871165644173,8.12650572443828
70,0.2638036809815951,15.95790236088192
70,0.26993865030674846,9.35599803145766
70,0.27607361963190186,10.575059005445377
70,0.2822085889570552,8.641277805339426
70,0.2883435582822086,4.768594882800262
70,0.294478527607362,16.408574243225754
70,0.3006134969325153,15.234482320838092
70,0.3067484662576687,23.71116105824533
70,0.3128834355828221,11.65835785187158
70,0.31901840490797545,8.111151024251463
70,0.32515337423312884,13.639644285785828
70,0.33128834355828224,15.325064641163051
70,0.3374233128834356,2.0889442863950407
70,0.34355828220858897,8.780379031789362
70,0.34969325153374237,13.233012589193036
70,0.3558282208588957,16.269559262620376
70,0.3619631901840491,11.116547046243662
70,0.36809815950920244,15.966971399546358
70,0.37423312883435583,10.607220794151749
70,0.3803680981595092,14.454501671683362
70,0.38650306748466257,12.977741533224307
70,0.39263803680981596,27.271668575039214
70,0.39877300613496935,15.64876529788
70,0.4049079754601227,10.925978251190047
70,0.4110429447852761,15.502117151323215
70,0.4171779141104295,6.7043863949454705
70,0.4233128834355828,7.472025627180247
70,0.4294478527607362,17.117326769941346
70,0.43558282208588955,11.288879640648782
70,0.44171779141104295,5.7953282784076
70,0.44785276073619634,15.127671387315932
70,0.4539877300613497,11.037982015498306
70,0.4601226993865031,11.862804962529227
70,0.46625766871165647,6.614411525885546
70,0.4723926380368098,14.741220093059919
70,0.4785276073619632,16.468769923906443
70,0.4846625766871166,4.507168058614123
70,0.49079754601226994,4.920339806161242
70,0.49693251533742333,6.998031152524003
71,0.0,0.0
71,0.00641025641025641,17.6381393642128
71,0.01282051282051282,7.444230025177552
71,0.019230769230769232,16.2606454524884
71,0.02564102564102564,11.48769632701526
71,0.03205128205128205,16.18781261119619
71,0.038461538461538464,6.827302148683064
71,0.04487179487179487,9.089958878184841
71,0.05128205128205128,12.828040354060867
71,0.05769230769230769,12.304634490772425
71,0.0641025641025641,8.732914423898075
71,0.07051282051282051,13.46241468542392
71,0.07692307692307693,10.801839906499275
71,0.08333333333333333,4.794153979888567
71,0.08974358974358974,8.516693239550113
71,0.09615384615384615,4.866276192828131
71,0.10256410256410256,7.686044150684831
71,0.10897435897435898,4.9698000190792895
71,0.11538461538461538,5.16474025547328
71,0.12179487179487179,16.135944628795563
71,0.1282051282051282,4.493462619281994
71,0.1346153846153846,8.583652361507353
71,0.14102564102564102,11.34152876897119
71,0.14743589743589744,7.450506907028631
71,0.15384615384615385,11.752705868079248
71,0.16025641025641024,0.5371169276473414
71,0.16666666666666666,20.30381952448029
71,0.17307692307692307,7.532262857447465
71,0.1794871794871795,13.664990911707232
71,0.1858974358974359,12.035009785965231
71,0.1923076923076923,7.078420391703237
71,0.1987179487179487,15.467683265766448
71,0.20512820512820512,4.699087390069051
71,0.21153846153846154,11.37869722190477
71,0.21794871794871795,14.695976928665932
71,0.22435897435897434,12.045368099488773
71,0.23076923076923075,13.383023843323421
71,0.23717948717948717,16.966543846628277
71,0.24358974358974358,16.33791826246497
71,0.25,10.163372934768436
71,0.2564102564102564,13.339964172018545
71,0.26282051282051283,7.2645402568800534
71,0.2692307692307692,15.273697854063988
71,0.2756410256410256,17.743547420353647
71,0.28205128205128205,9.038646005079212
71,0.28846153846153844,14.76882792745705
71,0.2948717948717949,20.812742224597915
71,0.30128205128205127,11.24901307930725
71,0.3076923076923077,18.587491852240838
71,0.3141025641025641,18.51800680685753
71,0.3205128205128205,14.00352917375594
71,0.3269230769230769,7.092971334396739
71,0.3333333333333333,2.867135963387128
71,0.33974358974358976,6.685714840340236
71,0.34615384615384615,7.7113014407749
71,0.35256410256410253,20.457835747826163
71,0.358974358974359,20.704499585932183
71,0.36538461538461536,17.364204354095214
71,0.3717948717948718,16.62512314531375
71,0.3782051282051282,8.15640701013623
71,0.3846153846153846,10.486008594339413
71,0.391025641025641,7.629301046006696
71,0.3974358974358974,6.04384536203974
71,0.40384615384615385,10.929838680443357
71,0.41025641025641024,20.604736341305053
71,0.41666666666666663,5.379843991855992
71,0.4230769230769231,6.1766722724630565
71,0.42948717948717946,4.363221424105635
71,0.4358974358974359,14.514862822483549
71,0.4423076923076923,19.002631384815974
71,0.4487179487179487,10.474943481116188
71,0.4551282051282051,15.280925945952239
71,0.4615384615384615,7.898202036263796
71,0.46794871794871795,5.0629081730358525
71,0.47435897435897434,18.236355781876302
71,0.4807692307692307,17.30154586314163
71,0.48717948717948717,4.854314611584849
71,0.49358974358974356,11.073373312634878
72,0.0,1.3766765505351941e-14
72,0.006535947712418301,21.549890068882796
72,0.013071895424836602,5.683376438784638
72,0.0196078431372549,8.47366321394002
72,0.026143790849673203,13.62037783101742
72,0.032679738562091505,24.196943422838984
72,0.0392156862745098,12.03119019643609
72,0.04575163398692811,11.221125737900792
72,0.05228758169934641,6.748822592390693
72,0.058823529411764705,23.480215970285894
72,0.06535947712418301,15.450973809328367
72,0.07189542483660132,4.298780409725183
72,0.0784313725490196,4.155094112375698
72,0.08496732026143791,6.899861841910797
72,0.09150326797385622,20.690452956538014
72,0.09803921568627451,12.627922560361718
72,0.10457516339869281,8.675371379892951
72,0.11111111111111112,5.992677690690427
72,0.11764705882352941,5.163022745400612
72,0.12418300653594772,13.195487804257766
72,0.13071895424836602,7.103073171247972
72,0.13725490196078433,23.86301568014314
72,0.14379084967320263,7.060350583319128
72,0.1503267973856209,13.595446187864217
72,0.1568627450980392,7.46356398656926
72,0.16339869281045752,3.8393737304670754
72,0.16993464052287582,10.043251702701795
72,0.17647058823529413,12.882932290373544
72,0.18300653594771243,7.858857408070466
72,0.1895424836601307,12.152538273921888
72,0.19607843137254902,11.30554038839605
72,0.20261437908496732,3.002825674321377
72,0.20915032679738563,9.889005990069874
72,0.21568627450980393,8.552461529337492
72,0.22222222222222224,9.659695397665082
72,0.22875816993464054,15.746811171766105
72,0.23529411764705882,16.642936811988534
72,0.24183006535947713,3.927132473847806
72,0.24836601307189543,22.51413542719288
72,0.2549019607843137,18.34233917168087
72,0.26143790849673204,10.443269159270761
72,0.2679738562091503,9.128163441757675
72,0.27450980392156865,11.009475167883016
72,0.28104575163398693,9.241908404805754
72,0.28758169934640526,6.480070043504121
72,0.29411764705882354,14.191133328848307
72,0.3006535947712418,11.71700162626393
72,0.30718954248366015,8.635897653484536
72,0.3137254901960784,12.502293499704832
72,0.32026143790849676,16.142918401766025
72,0.32679738562091504,12.292371879288249
72,0.33333333333333337,9.454616987276939
72,0.33986928104575165,2.451029984239367
72,0.3464052287581699,13.75386919583822
72,0.35294117647058826,18.1117981844228
72,0.35947712418300654,4.689489070111964
72,0.36601307189542487,9.701790286312033
72,0.37254901960784315,7.4469988164781205
72,0.3790849673202614,13.212357520514832
72,0.38562091503267976,17.25866099238928
72,0.39215686274509803,9.674319630035964
72,0.39869281045751637,6.449050978460108
72,0.40522875816993464,16.732796796685417
72,0.411764705882353,3.600393456151621
72,0.41830065359477125,18.70823370855022
72,0.42483660130718953,11.35571036710831
72,0.43137254901960786,11.928479019353976
72,0.43790849673202614,6.3803950511867304
72,0.4444444444444445,23.770090560872536
72,0.45098039215686275,11.89420605739137
72,0.4575163398692811,11.803929791962702
72,0.46405228758169936,4.947526132056393
72,0.47058823529411764,9.441888115008048
72,0.477124183006536,13.19026534682946
72,0.48366013071895425,1.4415660896901341
72,0.4901960784313726,10.417991942630957
72,0.49673202614379086,8.762429396199117
73,0.0,4.496403249731884e-15
73,0.006289308176100629,16.118541722768995
73,0.012578616352201259,25.594602607882905
73,0.01886792452830189,8.959666563180448
73,0.025157232704402517,11.26639026552878
73,0.031446540880503145,1.9516749847208354
73,0.03773584905660378,8.358334568816137
73,0.04402515723270441,10.308549743626275
73,0.050314465408805034,9.225059988855701
73,0.05660377358490566,9.719532676780554
73,0.06289308176100629,4.410505334253949
73,0.06918238993710692,9.47450500917729
73,0.07547169811320756,4.520343156237113
73,0.08176100628930819,19.01512854893762
73,0.08805031446540881,15.703322093251527
73,0.09433962264150944,7.954869236419113
73,0.10062893081761007,12.376321700652015
73,0.1069182389937107,9.577733415638717
73,0.11320754716981132,5.122338359805628
73,0.11949685534591195,11.6704716183832
73,0.12578616352201258,12.004093704641148
73,0.1320754716981132,16.51736482986695
73,0.13836477987421383,7.243411929550846
73,0.14465408805031446,12.044502402083824
73,0.15094339622641512,0.5707043548278135
73,0.15723270440251574,11.88758117645623
73,0.16352201257861637,10.875274689578132
73,0.169811320754717,9.500408169458742
73,0.17610062893081763,15.136168547869012
73,0.18238993710691825,19.567901317840477
73,0.18867924528301888,19.567377723881723
73,0.1949685534591195,18.49196641309311
73,0.20125786163522014,7.920570686048026
73,0.20754716981132076,10.083428273473725
73,0.2138364779874214,8.531323415034732
73,0.22012578616352202,0.9157122737610197
73,0.22641509433962265,16.853342021533116
73,0.23270440251572327,11.026662975133283
73,0.2389937106918239,18.740739114719787
73,0.24528301886792453,8.656782568908687
73,0.25157232704402516,15.677721302923269
73,0.2578616352201258,1.6252834062290384
73,0.2641509433962264,15.844314643311339
73,0.27044025157232704,2.9210215126013703
73,0.27672955974842767,0.6015692186212687
73,0.2830188679245283,10.186428299726478
73,0.2893081761006289,1.8055534011343977
73,0.29559748427672955,7.773091268774452
73,0.30188679245283023,10.674932042477904
73,0.30817610062893086,22.68982734044668
73,0.3144654088050315,21.46408948274313
73,0.3207547169811321,17.557838743595074
73,0.32704402515723274,22.594715916467976
73,0.33333333333333337,5.379538177127905
73,0.339622641509434,12.38377724978474
73,0.3459119496855346,11.904432174709074
73,0.35220125786163525,11.9968404262898
73,0.3584905660377359,4.124921996213423
73,0.3647798742138365,3.8831261557268393
73,0.37106918238993714,14.663259104879035
73,0.37735849056603776,15.69351005660365
73,0.3836477987421384,4.356821835998544
73,0.389937106918239,1.8104470807643778
73,0.39622641509433965,8.303273544854866
73,0.4025157232704403,14.72672747499741
73,0.4088050314465409,9.926662266984417
73,0.41509433962264153,8.979215524129517
73,0.42138364779874216,27.11660275774942
73,0.4276729559748428,12.823040938901194
73,0.4339622641509434,7.163639787509964
73,0.44025157232704404,7.152665059705601
73,0.44654088050314467,16.876692800945825
73,0.4528301886792453,17.76573430875917
73,0.4591194968553459,15.65544181680984
73,0.46540880503144655,21.24239185453352
73,0.4716981132075472,4.113635543785772
73,0.4779874213836478,4.677408740193811
73,0.48427672955974843,10.018434845422167
73,0.49056603773584906,7.6523015605479
73,0.4968553459119497,7.053986447215032
74,0.0,1.7763568394002505e-15
74,0.006369426751592357,26.193912311904455
74,0.012738853503184714,8.61610829618018
74,0.019108280254777073,6.153479701943394
74,0.025477707006369428,32.884492849987666
74,0.03184713375796178,17.366575699673337
74,0.038216560509554146,12.94530979434491
74,0.0445859872611465,15.8622123212301
74,0.050955414012738856,12.558205494082458
74,0.05732484076433121,24.177492071321634
74,0.06369426751592357,6.533870332685761
74,0.07006369426751592,4.831173666333603
74,0.07643312101910829,17.691181817848623
74,0.08280254777070065,9.353629489011958
74,0.089171974522293,8.038286118995439
74,0.09554140127388536,9.992601165826878
74,0.10191082802547771,4.434224166701349
74,0.10828025477707007,14.033421406865733
74,0.11464968152866242,13.82012035184257
74,0.12101910828025478,4.92650985132036
74,0.12738853503184713,5.329423942208236
74,0.1337579617834395,2.9644154212692264
74,0.14012738853503184,12.725182237910763
74,0.1464968152866242,10.832572726594117
74,0.15286624203821658,0.8990054943773341
74,0.15923566878980894,9.54250961829733
74,0.1656050955414013,7.2351545435082825
74,0.17197452229299365,3.714128047948001
74,0.178343949044586,4.867797821481332
74,0.18471337579617836,11.19905483823288
74,0.1910828025477707,7.101626946442682
74,0.19745222929936307,3.647913169396836
74,0.20382165605095542,7.055985167815963
74,0.21019108280254778,5.759190238030759
74,0.21656050955414013,8.544517681237027
74,0.2229299363057325,10.787763964068475
74,0.22929936305732485,8.132136328095525
74,0.2356687898089172,4.24198772487377
74,0.24203821656050956,10.363685041265331
74,0.2484076433121019,13.925144344241708
74,0.25477707006369427,11.708626875810412
74,0.2611464968152866,4.855601531657894
74,0.267515923566879,9.540211019871942
74,0.27388535031847133,3.0168722346271655
74,0.2802547770700637,1.680029040192553
74,0.28662420382165604,5.088598088022049
74,0.2929936305732484,8.744062395833728
74,0.29936305732484075,10.049822607779186
74,0.30573248407643316,22.386084380336726
74,0.3121019108280255,11.509466862217602
74,0.3184713375796179,8.835180298122436
74,0.32484076433121023,8.559927901764997
74,0.3312101910828026,21.801776383414808
74,0.33757961783439494,14.880050687528007
74,0.3439490445859873,14.126704082326253
74,0.35031847133757965,12.241118690997208
74,0.356687898089172,5.633349200780745
74,0.36305732484076436,3.979845959502707
74,0.3694267515923567,8.203618944615354
74,0.37579617834394907,16.244038387896783
74,0.3821656050955414,22.116938061516137
74,0.3885350318471338,4.390500548743429
74,0.39490445859872614,12.90790557810451
74,0.4012738853503185,13.810204762635541
74,0.40764331210191085,17.593875996573153
74,0.4140127388535032,13.45048837827088
74,0.42038216560509556,18.02960261055685
74,0.4267515923566879,10.187111313356983
74,0.43312101910828027,10.711869732409575
74,0.4394904458598726,22.60888803549225
74,0.445859872611465,16.701396764858295
74,0.45222929936305734,9.625138774984187
74,0.4585987261146497,8.034806781312069
74,0.46496815286624205,8.304776802584765
74,0.4713375796178344,11.461402251683644
74,0.47770700636942676,6.040619526028839
74,0.4840764331210191,18.91927769785416
74,0.49044585987261147,17.382202963545144
74,0.4968152866242038,12.372609410652798
75,0.0,2.0872192862952943e-14
75,0.006369426751592357,25.55541497660832
75,0.012738853503184714,15.809019280527664
75,0.019108280254777073,11.049516514532558
75,0.025477707006369428,15.000105505821436
75,0.03184713375796178,9.633650296045516
75,0.038216560509554146,21.530340405708856
75,0.0445859872611465,24.46384471993205
75,0.050955414012738856,20.0804993328234
75,0.05732484076433121,5.840087437940386
75,0.06369426751592357,2.20375854145937
75,0.07006369426751592,15.920148967407593
75,0.07643312101910829,17.239266608556928
75,0.08280254777070065,4.987400152316768
75,0.089171974522293,8.368798703879346
75,0.09554140127388536,7.020671788823409
75,0.10191082802547771,8.377139827947612
75,0.10828025477707007,2.6750532608789883
75,0.11464968152866242,23.58385125062389
75,0.12101910828025478,5.741364279440839
75,0.12738853503184713,6.9761340541194485
75,0.1337579617834395,18.077695126706196
75,0.14012738853503184,3.6497573840990767
75,0.1464968152866242,4.525856954714513
75,0.15286624203821658,18.077716877137163
75,0.15923566878980894,8.649554497573295
75,0.1656050955414013,14.650823811799048
75,0.17197452229299365,21.170155619424136
75,0.178343949044586,8.629850564438856
75,0.18471337579617836,12.119813842290501
75,0.1910828025477707,8.679796381917674
75,0.19745222929936307,6.979103870777102
75,0.20382165605095542,12.631684694925644
75,0.21019108280254778,6.928484417270286
75,0.21656050955414013,10.677998597401087
75,0.2229299363057325,11.204287255459338
75,0.22929936305732485,3.2632781754270574
75,0.2356687898089172,6.705882175874956
75,0.24203821656050956,8.427468354114602
75,0.2484076433121019,21.46626326381838
75,0.25477707006369427,6.490390961585296
75,0.2611464968152866,13.370695302806721
75,0.267515923566879,4.291182399593875
75,0.27388535031847133,9.447443016911484
75,0.2802547770700637,5.464481662741981
75,0.28662420382165604,14.589873400275609
75,0.2929936305732484,11.507972759199342
75,0.29936305732484075,17.434347170552527
75,0.30573248407643316,6.2425189408742705
75,0.3121019108280255,5.172283468798161
75,0.3184713375796179,8.345442994063285
75,0.32484076433121023,7.8622392511476225
75,0.3312101910828026,17.816212186705496
75,0.33757961783439494,5.3140291844997645
75,0.3439490445859873,11.34548623291031
75,0.35031847133757965,21.611755897950065
75,0.356687898089172,4.033047698879725
75,0.36305732484076436,7.069609943628402
75,0.3694267515923567,6.571613160436127
75,0.37579617834394907,6.233194435417411
75,0.3821656050955414,22.705011332390548
75,0.3885350318471338,7.725557434136354
75,0.39490445859872614,15.706371350474381
75,0.4012738853503185,14.88448481292295
75,0.40764331210191085,7.220722856473218
75,0.4140127388535032,1.1916310033955722
75,0.42038216560509556,22.020702647797165
75,0.4267515923566879,7.949546726262642
75,0.43312101910828027,6.471463200929003
75,0.4394904458598726,12.56407539845642
75,0.445859872611465,2.882961367541483
75,0.45222929936305734,10.340580294621065
75,0.4585987261146497,7.970816906177264
75,0.46496815286624205,16.14821153521372
75,0.4713375796178344,4.475618744879458
75,0.47770700636942676,5.037208410605567
75,0.4840764331210191,18.109899438308034
75,0.49044585987261147,6.87600956221632
75,0.4968152866242038,16.208344449228257
76,0.0,5.329070518200751e-15
76,0.006493506493506494,5.689775886882916
76,0.012987012987012988,26.235103047236645
76,0.01948051948051948,11.484956608135983
76,0.025974025974025976,32.19537425884043
76,0.03246753246753247,1.9554021206865637
76,0.03896103896103896,11.982119167182898
76,0.045454545454545456,10.08229618189114
76,0.05194805194805195,2.5847501190132562
76,0.05844155844155845,15.626223070581167
76,0.06493506493506494,8.219907226724926
76,0.07142857142857144,7.304390852368433
76,0.07792207792207792,3.8053474626667434
76,0.08441558441558442,6.610284047224017
76,0.09090909090909091,9.899978253871906
76,0.09740259740259741,8.57598365454532
76,0.1038961038961039,14.2488489353706
76,0.1103896103896104,18.248747375779303
76,0.1168831168831169,22.78212104305778
76,0.12337662337662339,21.074572429355957
76,0.12987012987012989,11.721909608581644
76,0.13636363636363638,14.116878481168397
76,0.14285714285714288,8.789950794559063
76,0.14935064935064937,10.497129680659437
76,0.15584415584415584,8.473996484802589
76,0.16233766233766234,4.125175909935087
76,0.16883116883116883,15.145048295099642
76,0.17532467532467533,15.94526082758927
76,0.18181818181818182,17.498692095740978
76,0.18831168831168832,9.535152220502289
76,0.19480519480519481,9.25589783926986
76,0.2012987012987013,4.451800576475925
76,0.2077922077922078,11.565970021350848
76,0.2142857142857143,10.008514708521341
76,0.2207792207792208,3.7809700363414827
76,0.2272727272727273,12.286278977134161
76,0.2337662337662338,8.134895099710677
76,0.24025974025974028,7.3869451851113155
76,0.24675324675324678,10.009818547976131
76,0.2532467532467533,12.071304882351066
76,0.25974025974025977,7.354912261713625
76,0.26623376623376627,11.434318842680185
76,0.27272727272727276,9.319118163780306
76,0.27922077922077926,24.65705393461784
76,0.28571428571428575,8.673775576521052
76,0.29220779220779225,1.9708381741581615
76,0.29870129870129875,3.201386678320801
76,0.30519480519480524,9.625569913659513
76,0.3116883116883117,23.87005298291864
76,0.3181818181818182,5.773778313513935
76,0.3246753246753247,2.116726542827113
76,0.33116883116883117,14.705062642790729
76,0.33766233766233766,10.395188947499731
76,0.34415584415584416,9.21472260594972
76,0.35064935064935066,3.7075198188984997
76,0.35714285714285715,24.154562735329126
76,0.36363636363636365,16.018200736379644
76,0.37012987012987014,6.169358498809034
76,0.37662337662337664,17.340399573005776
76,0.38311688311688313,2.143852246045317
76,0.38961038961038963,5.212061874591526
76,0.3961038961038961,13.833123588185487
76,0.4025974025974026,7.89443723697041
76,0.4090909090909091,0.9513870787751969
76,0.4155844155844156,14.949414428868062
76,0.4220779220779221,5.844124699606828
76,0.4285714285714286,7.869747450389097
76,0.4350649350649351,12.317394292992551
76,0.4415584415584416,5.672209901150067
76,0.4480519480519481,23.920310495289954
76,0.4545454545454546,12.690545122647189
76,0.4610389610389611,11.641711912231882
76,0.4675324675324676,6.3453300971637665
76,0.4740259740259741,6.136564688104159
76,0.48051948051948057,6.590469492960018
76,0.48701298701298706,4.479702557136601
76,0.49350649350649356,13.46812203494919
77,0.0,1.0658141036401503e-14
77,0.0064516129032258064,17.966545987129617
77,0.012903225806451613,11.456113575381307
77,0.01935483870967742,8.57631688798545
77,0.025806451612903226,10.473389730864016
77,0.03225806451612903,12.908869147210675
77,0.03870967741935484,16.968252912851177
77,0.04516129032258064,19.71925966452988
77,0.05161290322580645,8.834374288243565
77,0.05806451612903226,12.804695236889689
77,0.06451612903225806,12.420088553597962
77,0.07096774193548387,12.862995730884338
77,0.07741935483870968,4.861557241829407
77,0.08387096774193549,12.59551991754919
77,0.09032258064516129,17.265408212404015
77,0.0967741935483871,15.500048721513966
77,0.1032258064516129,11.400633056533405
77,0.10967741935483871,10.847401919903012
77,0.11612903225806452,7.728407643666735
77,0.12258064516129032,12.543048940496783
77,0.12903225806451613,11.47524201834558
77,0.13548387096774195,9.040051533272484
77,0.14193548387096774,4.675423944403293
77,0.14838709677419354,13.598003257919787
77,0.15483870967741936,5.100112145071763
77,0.16129032258064516,19.304203940396448
77,0.16774193548387098,4.1629954618979506
77,0.17419354838709677,16.68394667000824
77,0.18064516129032257,11.787405979384378
77,0.1870967741935484,8.949472550997175
77,0.1935483870967742,11.519958761198387
77,0.2,13.782370408957627
77,0.2064516129032258,6.126304731523123
77,0.2129032258064516,1.4181455470786668
77,0.21935483870967742,6.2121389486011065
77,0.22580645161290322,5.558966810164327
77,0.23225806451612904,7.690759836127196
77,0.23870967741935484,12.81694284942888
77,0.24516129032258063,19.48892079461856
77,0.25161290322580643,22.39135802749288
77,0.25806451612903225,8.150464012944543
77,0.2645161290322581,17.525123406624576
77,0.2709677419354839,4.984570491656287
77,0.27741935483870966,2.813001866854277
77,0.2838709677419355,13.427712654116375
77,0.2903225806451613,6.493515694899858
77,0.2967741935483871,20.309549039831694
77,0.3032258064516129,21.546599356190693
77,0.3096774193548387,9.263381378681936
77,0.3161290322580645,9.53075642374473
77,0.3225806451612903,8.489207729028957
77,0.32903225806451614,13.86011825745199
77,0.33548387096774196,16.499784664225178
77,0.3419354838709677,8.893955197070461
77,0.34838709677419355,13.689008535001419
77,0.3548387096774194,9.941946095097252
77,0.36129032258064514,4.452928466699831
77,0.36774193548387096,15.157234541359154
77,0.3741935483870968,1.7066640874416563
77,0.38064516129032255,2.6155029161099184
77,0.3870967741935484,14.572807672660055
77,0.3935483870967742,9.092717383983775
77,0.4,15.893324411699256
77,0.4064516129032258,6.643684039260233
77,0.4129032258064516,15.703132728058028
77,0.41935483870967744,4.077237044099346
77,0.4258064516129032,8.20954229556658
77,0.432258064516129,14.705156961259624
77,0.43870967741935485,8.242680775276767
77,0.44516129032258067,23.343395314006205
77,0.45161290322580644,9.752257812383212
77,0.45806451612903226,16.632006935725766
77,0.4645161290322581,20.762331770811816
77,0.47096774193548385,9.398824466896246
77,0.4774193548387097,4.469779073564141
77,0.4838709677419355,16.93937505729427
77,0.49032258064516127,4.040674707979863
77,0.4967741935483871,10.284365452628071
78,0.0,1.7763568394002505e-15
78,0.006329113924050633,11.249714592922825
78,0.012658227848101266,6.119513555879703
78,0.0189873417721519,20.47841159718322
78,0.02531645569620253,22.015912983819803
78,0.03164556962025317,10.385324844734754
78,0.0379746835443038,9.801365212606939
78,0.04430379746835443,19.436710509313677
78,0.05063291139240506,15.47673277035926
78,0.056962025316455694,5.161516506844474
78,0.06329113924050633,4.414139828356006
78,0.06962025316455696,14.39267561030351
78,0.0759493670886076,5.153554448154615
78,0.08227848101265822,3.1668066098022005
78,0.08860759493670886,12.898076861335007
78,0.09493670886075949,3.8092554550663724
78,0.10126582278481013,13.001655926081915
78,0.10759493670886076,3.845126904447711
78,0.11392405063291139,5.742413456665428
78,0.12025316455696203,8.020697899322347
78,0.12658227848101267,3.9333448707772076
78,0.13291139240506328,10.695236031902219
78,0.13924050632911392,10.951469044216099
78,0.14556962025316456,12.993152098093542
78,0.1518987341772152,2.1828086747694275
78,0.15822784810126583,11.83855633294474
78,0.16455696202531644,21.785713523330635
78,0.17088607594936708,19.4941203323297
78,0.17721518987341772,17.63956800483486
78,0.18354430379746836,11.55090676195453
78,0.18987341772151897,6.372508119966058
78,0.1962025316455696,7.126842137582496
78,0.20253164556962025,4.109523305830409
78,0.2088607594936709,7.860606975692945
78,0.21518987341772153,19.10345053766488
78,0.22151898734177214,18.886396022052086
78,0.22784810126582278,8.841490862223324
78,0.23417721518987342,21.700931645419967
78,0.24050632911392406,9.902871535655077
78,0.24683544303797467,9.598482073378285
78,0.25316455696202533,15.977865581569791
78,0.25949367088607594,3.009797891290439
78,0.26582278481012656,24.634014627354144
78,0.2721518987341772,10.942795945317643
78,0.27848101265822783,10.983281412346026
78,0.2848101265822785,12.963966858185184
78,0.2911392405063291,15.116962888111178
78,0.2974683544303797,9.178524410106135
78,0.3037974683544304,12.416813439424377
78,0.310126582278481,20.733983415332098
78,0.31645569620253167,5.500127830160211
78,0.3227848101265823,15.128673928841282
78,0.3291139240506329,17.073661979041127
78,0.33544303797468356,12.099831021438014
78,0.34177215189873417,12.356893533172475
78,0.3481012658227848,6.114212729854381
78,0.35443037974683544,23.775987892690594
78,0.36075949367088606,5.894128340875473
78,0.3670886075949367,10.314368928653009
78,0.37341772151898733,15.646626150810231
78,0.37974683544303794,11.177138232436297
78,0.3860759493670886,0.9822513032476792
78,0.3924050632911392,3.515344042453866
78,0.3987341772151899,2.571262678509275
78,0.4050632911392405,8.850174053898
78,0.4113924050632911,17.491612043074063
78,0.4177215189873418,6.3678212111239745
78,0.4240506329113924,16.753563919035646
78,0.43037974683544306,3.6871393300640958
78,0.43670886075949367,19.460483308761756
78,0.4430379746835443,10.646924307541948
78,0.44936708860759494,12.466503650372035
78,0.45569620253164556,15.563556311385906
78,0.4620253164556962,7.642671254205524
78,0.46835443037974683,6.5226366228579815
78,0.47468354430379744,13.546701715900682
78,0.4810126582278481,4.683791990601527
78,0.4873417721518987,3.5390976583325755
78,0.49367088607594933,15.267489551936135
79,0.0,1.4210854715202004e-14
79,0.006060606060606061,13.943235975256185
79,0.012121212121212121,21.54604456694221
79,0.01818181818181818,9.900554683298575
79,0.024242424242424242,22.12596988053669
79,0.030303030303030304,28.79921107335115
79,0.03636363636363636,4.116741145308422
79,0.04242424242424243,29.085784676599566
79,0.048484848484848485,1.6058424125944595
79,0.05454545454545454,22.951254848220625
79,0.06060606060606061,18.45957547132827
79,0.06666666666666667,19.91301286520732
79,0.07272727272727272,19.71261819790709
79,0.07878787878787878,2.733560018913925
79,0.08484848484848485,13.319173479928546
79,0.09090909090909091,4.452598340311395
79,0.09696969696969697,18.26497018780353
79,0.10303030303030303,8.736404072689266
79,0.10909090909090909,16.67948311186038
79,0.11515151515151516,15.49769092113612
79,0.12121212121212122,5.778732501423919
79,0.12727272727272726,8.846793148096099
79,0.13333333333333333,5.0190516062106365
79,0.1393939393939394,18.613542062360317
79,0.14545454545454545,10.329221977044705
79,0.15151515151515152,11.973353281558477
79,0.15757575757575756,8.342675494637922
79,0.16363636363636364,13.233479522142282
79,0.1696969696969697,12.646195864135525
79,0.17575757575757575,6.525598839785372
79,0.18181818181818182,4.611797154748502
79,0.18787878787878787,5.516202544216577
79,0.19393939393939394,17.634025092745375
79,0.2,16.049084170980585
79,0.20606060606060606,9.872383442001887
79,0.21212121212121213,17.201453790583415
79,0.21818181818181817,7.532259706379647
79,0.22424242424242424,2.7379015845470684
79,0.23030303030303031,1.7652747782664144
79,0.23636363636363636,2.189116537584527
79,0.24242424242424243,12.495048931797957
79,0.24848484848484848,10.19008029281063
79,0.2545454545454545,17.160603535090942
79,0.2606060606060606,2.8053714210862126
79,0.26666666666666666,24.051012767872837
79,0.2727272727272727,9.041073932229104
79,0.2787878787878788,12.591454652809617
79,0.28484848484848485,4.981230211685304
79,0.2909090909090909,7.757758590533676
79,0.296969696969697,19.566669462315375
79,0.30303030303030304,1.9644825446649379
79,0.3090909090909091,17.924081217559774
79,0.3151515151515151,10.440364335950106
79,0.3212121212121212,17.04032187666924
79,0.32727272727272727,16.721419566328464
79,0.3333333333333333,13.716190932592381
79,0.3393939393939394,6.5690747612764095
79,0.34545454545454546,10.824857939291727
79,0.3515151515151515,11.99356005123137
79,0.3575757575757576,4.413140394003994
79,0.36363636363636365,16.9870899477878
79,0.3696969696969697,13.618221931182255
79,0.37575757575757573,8.161098043157361
79,0.38181818181818183,13.388838182228936
79,0.3878787878787879,17.170773845467373
79,0.3939393939393939,17.513990682945387
79,0.4,5.773877534289091
79,0.40606060606060607,12.430485237748318
79,0.4121212121212121,4.742271101974101
79,0.41818181818181815,1.539133867237964
79,0.42424242424242425,6.214784185425839
79,0.4303030303030303,3.9462075928145275
79,0.43636363636363634,3.7389098714028646
79,0.44242424242424244,4.013644170101495
79,0.4484848484848485,4.441959154163282
79,0.45454545454545453,11.005446574066857
79,0.46060606060606063,9.471670382668668
79,0.4666666666666667,5.809060832298532
79,0.4727272727272727,8.799680676754493
79,0.47878787878787876,11.958997907062995
79,0.48484848484848486,4.3484120178359955
79,0.4909090909090909,10.774017652960293
79,0.49696969696969695,4.046675073269237
80,0.0,1.687538997430238e-14
80,0.006329113924050633,14.228147266848149
80,0.012658227848101266,22.362116118884526
80,0.0189873417721519,4.4406754651587645
80,0.02531645569620253,17.085910668044324
80,0.03164556962025317,18.593485883366665
80,0.0379746835443038,13.737478017583848
80,0.04430379746835443,7.40340101952149
80,0.05063291139240506,16.155527090939106
80,0.056962025316455694,8.072909894453913
80,0.06329113924050633,17.70856360315957
80,0.06962025316455696,10.689731904913685
80,0.0759493670886076,16.838106073004145
80,0.08227848101265822,6.53604809060522
80,0.08860759493670886,16.281284424520905
80,0.09493670886075949,4.148637344695677
80,0.10126582278481013,14.91411548899498
80,0.10759493670886076,16.828284615713823
80,0.11392405063291139,16.542966925311617
80,0.12025316455696203,8.25306254423314
80,0.12658227848101267,20.406416071970124
80,0.13291139240506328,20.081112972609603
80,0.13924050632911392,19.74121245651206
80,0.14556962025316456,4.443855208812719
80,0.1518987341772152,14.986313926132834
80,0.15822784810126583,10.336745719039998
80,0.16455696202531644,11.738337228167607
80,0.17088607594936708,8.285637852258914
80,0.17721518987341772,21.11239307036579
80,0.18354430379746836,12.686904182731276
80,0.18987341772151897,4.936624874227358
80,0.1962025316455696,18.966779979478716
80,0.20253164556962025,8.26982305508681
80,0.2088607594936709,22.75982614422453
80,0.21518987341772153,6.045562102578691
80,0.22151898734177214,3.1248609700973566
80,0.22784810126582278,2.7696487363494042
80,0.23417721518987342,2.8555110412257068
80,0.24050632911392406,7.418469506145454
80,0.24683544303797467,8.946982987389646
80,0.25316455696202533,17.332237351008704
80,0.25949367088607594,13.5851394198201
80,0.26582278481012656,12.846806044596145
80,0.2721518987341772,10.282345733212471
80,0.27848101265822783,5.07381877428572
80,0.2848101265822785,10.409166516063909
80,0.2911392405063291,5.6660907629540445
80,0.2974683544303797,9.515918928554898
80,0.3037974683544304,14.026350063438121
80,0.310126582278481,13.505195666851842
80,0.31645569620253167,6.922889949534843
80,0.3227848101265823,11.24959138669291
80,0.3291139240506329,16.409812780420516
80,0.33544303797468356,11.435670226518802
80,0.34177215189873417,11.445065653914554
80,0.3481012658227848,7.061325937042951
80,0.35443037974683544,15.287817933005533
80,0.36075949367088606,14.638558855298184
80,0.3670886075949367,17.747342352794192
80,0.37341772151898733,17.709272261866367
80,0.37974683544303794,11.61456425141082
80,0.3860759493670886,9.035215619076903
80,0.3924050632911392,7.770590106034431
80,0.3987341772151899,19.172562042161278
80,0.4050632911392405,8.538379984913197
80,0.4113924050632911,5.731242607858999
80,0.4177215189873418,10.242409428677913
80,0.4240506329113924,3.7609215432147516
80,0.43037974683544306,7.528505197950983
80,0.43670886075949367,8.934788366038628
80,0.4430379746835443,8.831090626176497
80,0.44936708860759494,6.948694425026486
80,0.45569620253164556,9.806257941730479
80,0.4620253164556962,11.021696510228844
80,0.46835443037974683,4.676372703917248
80,0.47468354430379744,13.201840978694415
80,0.4810126582278481,14.241604436635896
80,0.4873417721518987,8.536442092195527
80,0.49367088607594933,9.055963639584316
81,0.0,7.105427357601002e-15
81,0.006578947368421052,17.696838374480613
81,0.013157894736842105,23.823095536162768
81,0.019736842105263157,14.85003065542126
81,0.02631578947368421,12.466583314868789
81,0.03289473684210526,13.737191834368844
81,0.039473684210526314,7.261962693760652
81,0.046052631578947366,11.869436245482923
81,0.05263157894736842,8.3843779331539
81,0.05921052631578947,12.62819187663514
81,0.06578947368421052,26.83482629716408
81,0.07236842105263158,8.660422212335266
81,0.07894736842105263,8.152067974571622
81,0.08552631578947367,21.49300462538272
81,0.09210526315789473,0.5456437441951083
81,0.09868421052631579,10.503757388603837
81,0.10526315789473684,6.200059909366687
81,0.11184210526315788,4.570183785097798
81,0.11842105263157894,8.290645669296707
81,0.125,18.311164804589588
81,0.13157894736842105,9.709197100193276
81,0.1381578947368421,14.305059204677113
81,0.14473684210526316,13.144572238264512
81,0.1513157894736842,4.283965743573586
81,0.15789473684210525,26.08748920649889
81,0.1644736842105263,10.389710144826253
81,0.17105263157894735,5.883960473007739
81,0.17763157894736842,5.8581542300933815
81,0.18421052631578946,17.398665431791738
81,0.1907894736842105,9.867272575906892
81,0.19736842105263158,6.071768009064801
81,0.20394736842105263,9.664786946305986
81,0.21052631578947367,8.426638664932403
81,0.21710526315789472,12.4089121732393
81,0.22368421052631576,6.111684287033224
81,0.23026315789473684,9.545635622970968
81,0.23684210526315788,12.36380963677533
81,0.24342105263157893,10.234007505202941
81,0.25,13.263077062631275
81,0.256578947368421,7.96319560162891
81,0.2631578947368421,12.770578151707731
81,0.26973684210526316,4.458740598527333
81,0.2763157894736842,9.542110194065298
81,0.28289473684210525,10.310954553816032
81,0.2894736842105263,8.540916118102864
81,0.29605263157894735,14.875686545716762
81,0.3026315789473684,10.009562783600922
81,0.30921052631578944,11.336001510408382
81,0.3157894736842105,9.122473936340114
81,0.3223684210526316,7.347455402754139
81,0.3289473684210526,20.87293244707441
81,0.3355263157894737,15.965775325590668
81,0.3421052631578947,14.492748573806804
81,0.34868421052631576,18.8551106659308
81,0.35526315789473684,14.736158105055917
81,0.36184210526315785,5.147152741799141
81,0.3684210526315789,18.31263135497466
81,0.375,6.204060755439769
81,0.381578947368421,17.595356412562644
81,0.3881578947368421,8.640113483095048
81,0.39473684210526316,8.031784827308527
81,0.4013157894736842,10.498548764761388
81,0.40789473684210525,12.129722503701254
81,0.41447368421052627,15.435504780879784
81,0.42105263157894735,7.651960400453266
81,0.4276315789473684,4.601760021670385
81,0.43421052631578944,17.84129440966422
81,0.4407894736842105,12.827087537908223
81,0.4473684210526315,5.871441527050111
81,0.4539473684210526,7.538814294200374
81,0.4605263157894737,14.985575410389997
81,0.4671052631578947,11.5267414049637
81,0.47368421052631576,6.526979361197935
81,0.48026315789473684,5.043052365795871
81,0.48684210526315785,8.65513542294788
81,0.4934210526315789,4.345531176075316
82,0.0,1.509903313490213e-14
82,0.006578947368421052,26.271083268947844
82,0.013157894736842105,15.074866567255183
82,0.019736842105263157,9.759874916477719
82,0.02631578947368421,17.706252765378057
82,0.03289473684210526,18.602589753908223
82,0.039473684210526314,16.3766279695982
82,0.046052631578947366,17.25537133194476
82,0.05263157894736842,11.340759960703934
82,0.05921052631578947,14.636805170788229
82,0.06578947368421052,9.961921490888038
82,0.07236842105263158,13.348725574320769
82,0.07894736842105263,10.983541509229255
82,0.08552631578947367,10.707408880408572
82,0.09210526315789473,13.633711383196658
82,0.09868421052631579,9.905299524452197
82,0.10526315789473684,11.283277443011526
82,0.11184210526315788,17.611766931623315
82,0.11842105263157894,20.238335726863955
82,0.125,12.417104422738985
82,0.13157894736842105,17.62824490456755
82,0.1381578947368421,5.311655751813606
82,0.14473684210526316,3.6014676458034605
82,0.1513157894736842,12.491269870164825
82,0.15789473684210525,10.361971490618433
82,0.1644736842105263,4.931630145624041
82,0.17105263157894735,13.40798002224715
82,0.17763157894736842,14.097563355740322
82,0.18421052631578946,16.740338117359695
82,0.1907894736842105,11.020976708124069
82,0.19736842105263158,15.198105008989002
82,0.20394736842105263,7.875962575383003
82,0.21052631578947367,6.8952918788962245
82,0.21710526315789472,8.850872203707686
82,0.22368421052631576,17.10820447206182
82,0.23026315789473684,3.6931266090989507
82,0.23684210526315788,10.051239865523273
82,0.24342105263157893,8.586820475231702
82,0.25,16.761946224274375
82,0.256578947368421,9.827967055182274
82,0.2631578947368421,7.217006490338223
82,0.26973684210526316,12.952326721583988
82,0.2763157894736842,12.252199365474588
82,0.28289473684210525,9.18932935784463
82,0.2894736842105263,13.385959980747133
82,0.29605263157894735,8.92398833660158
82,0.3026315789473684,11.2977849574113
82,0.30921052631578944,13.757446966022506
82,0.3157894736842105,6.076504400090519
82,0.3223684210526316,9.837157711909782
82,0.3289473684210526,16.562949471091713
82,0.3355263157894737,11.049689933951525
82,0.3421052631578947,4.008937955451035
82,0.34868421052631576,6.811132668214469
82,0.35526315789473684,0.6871642858528114
82,0.36184210526315785,19.19107319464172
82,0.3684210526315789,9.288016265942327
82,0.375,7.932156049146012
82,0.381578947368421,7.444053535204459
82,0.3881578947368421,22.268579988582182
82,0.39473684210526316,13.716739203295425
82,0.4013157894736842,2.530392610521633
82,0.40789473684210525,4.020213070557279
82,0.41447368421052627,12.850973681708393
82,0.42105263157894735,8.903241540017703
82,0.4276315789473684,9.984539561802237
82,0.43421052631578944,9.204373661580181
82,0.4407894736842105,12.659128343364188
82,0.4473684210526315,15.145268059442161
82,0.4539473684210526,9.402844055367034
82,0.4605263157894737,6.744825106323232
82,0.4671052631578947,10.261993742261506
82,0.47368421052631576,3.6943672450604117
82,0.48026315789473684,10.996057756943344
82,0.48684210526315785,8.938364515474937
82,0.4934210526315789,16.33896220622713
83,0.0,8.104628079763643e-15
83,0.006289308176100629,6.934326922328096
83,0.012578616352201259,20.901477434732023
83,0.01886792452830189,15.160806801041787
83,0.025157232704402517,25.724125107905344
83,0.031446540880503145,14.334425545791559
83,0.03773584905660378,21.269070260619444
83,0.04402515723270441,22.296200208770564
83,0.050314465408805034,8.156178213970149
83,0.05660377358490566,11.330593759387106
83,0.06289308176100629,11.19627171982676
83,0.06918238993710692,26.242232293050634
83,0.07547169811320756,13.38035262750184
83,0.08176100628930819,16.8922753810736
83,0.08805031446540881,11.89280661382084
83,0.09433962264150944,7.834204880574403
83,0.10062893081761007,13.614178805258328
83,0.1069182389937107,13.183200245434065
83,0.11320754716981132,14.166059363631891
83,0.11949685534591195,9.472301061178637
83,0.12578616352201258,3.016291958265385
83,0.1320754716981132,8.302536697553903
83,0.13836477987421383,9.300041787398701
83,0.14465408805031446,9.321937966221993
83,0.15094339622641512,13.209561744790784
83,0.15723270440251574,5.49272092328025
83,0.16352201257861637,8.094952108213187
83,0.169811320754717,0.5340025439118503
83,0.17610062893081763,19.851796217734
83,0.18238993710691825,1.733043871753011
83,0.18867924528301888,7.738764073825407
83,0.1949685534591195,21.04374342050595
83,0.20125786163522014,5.610889311761535
83,0.20754716981132076,10.704305269769993
83,0.2138364779874214,6.318876896097297
83,0.22012578616352202,9.168461372225352
83,0.22641509433962265,7.446976030622893
83,0.23270440251572327,10.412642520925791
83,0.2389937106918239,14.16562915964699
83,0.24528301886792453,22.8243342299594
83,0.25157232704402516,10.62082154512581
83,0.2578616352201258,16.43414824874028
83,0.2641509433962264,12.50395467388607
83,0.27044025157232704,3.8624933962460974
83,0.27672955974842767,11.888440640911849
83,0.2830188679245283,17.41782080549473
83,0.2893081761006289,13.5633510845895
83,0.29559748427672955,12.024706322214977
83,0.30188679245283023,6.153859872796909
83,0.30817610062893086,16.28235674408539
83,0.3144654088050315,23.693343666803077
83,0.3207547169811321,11.016791677524685
83,0.32704402515723274,11.808885152040562
83,0.33333333333333337,3.9597756548435115
83,0.339622641509434,12.299824553286754
83,0.3459119496855346,20.489517213849904
83,0.35220125786163525,9.551814813236875
83,0.3584905660377359,9.702025732121294
83,0.3647798742138365,7.074833861804424
83,0.37106918238993714,5.009093995344504
83,0.37735849056603776,10.86538170455357
83,0.3836477987421384,2.7527949956721383
83,0.389937106918239,15.914299139258189
83,0.39622641509433965,9.822976285099463
83,0.4025157232704403,5.98968410947265
83,0.4088050314465409,4.122328527248902
83,0.41509433962264153,18.589363905515025
83,0.42138364779874216,4.687487644547658
83,0.4276729559748428,9.208760579656342
83,0.4339622641509434,1.9194770213195227
83,0.44025157232704404,4.483206304956384
83,0.44654088050314467,17.571694790204788
83,0.4528301886792453,5.081431905885964
83,0.4591194968553459,8.14896003983935
83,0.46540880503144655,12.206722832235801
83,0.4716981132075472,6.570930567728563
83,0.4779874213836478,7.498964804868371
83,0.48427672955974843,14.467175107963248
83,0.49056603773584906,4.535599700948948
83,0.4968553459119497,4.7429286132402195
84,0.0,5.551115123125783e-15
84,0.006134969325153374,28.8698594895725
84,0.012269938650306749,7.035205401632109
84,0.018404907975460124,9.06316770971476
84,0.024539877300613498,28.314829516831345
84,0.03067484662576687,8.342782997020938
84,0.03680981595092025,19.496083468763487
84,0.04294478527607362,24.976481391031676
84,0.049079754601226995,9.046159144862273
84,0.05521472392638037,7.57986014699781
84,0.06134969325153374,11.288770367864789
84,0.06748466257668712,9.120706963630697
84,0.0736196319018405,15.597366934444864
84,0.07975460122699386,7.92376415128714
84,0.08588957055214724,8.999086624149065
84,0.09202453987730061,6.641480143153386
84,0.09815950920245399,13.843675659829506
84,0.10429447852760737,12.667689619583637
84,0.11042944785276074,15.398162863800719
84,0.11656441717791412,6.562433453417901
84,0.12269938650306748,15.509696299719256
84,0.12883435582822086,10.903459252440639
84,0.13496932515337423,6.025883664353071
84,0.1411042944785276,15.929812128624496
84,0.147239263803681,23.936441592231947
84,0.15337423312883436,4.734127670199496
84,0.15950920245398773,4.404568712521042
84,0.16564417177914112,25.57828210070395
84,0.17177914110429449,8.736260688741599
84,0.17791411042944785,7.04046242473462
84,0.18404907975460122,2.4975046055076056
84,0.1901840490797546,19.751976476075043
84,0.19631901840490798,9.815033613617624
84,0.20245398773006135,9.448568774722533
84,0.20858895705521474,5.485721229120863
84,0.2147239263803681,2.6548554307886296
84,0.22085889570552147,10.194473148342484
84,0.22699386503067484,8.803210413835352
84,0.23312883435582823,15.01777961462091
84,0.2392638036809816,9.800018283721085
84,0.24539877300613497,6.532112453652541
84,0.25153374233128833,2.936432525216775
84,0.25766871165644173,13.550388208804176
84,0.2638036809815951,24.87803132322154
84,0.26993865030674846,12.925918822296781
84,0.27607361963190186,5.143333933784347
84,0.2822085889570552,9.192597382269769
84,0.2883435582822086,7.1610645098166055
84,0.294478527607362,1.9352084931188631
84,0.3006134969325153,13.044414541838458
84,0.3067484662576687,12.713378560984752
84,0.3128834355828221,18.181399510011612
84,0.31901840490797545,1.1751652577720348
84,0.32515337423312884,13.875566604083511
84,0.33128834355828224,14.125063971050178
84,0.3374233128834356,13.541748624460586
84,0.34355828220858897,13.561039260739571
84,0.34969325153374237,12.854535980939103
84,0.3558282208588957,13.18548169811304
84,0.3619631901840491,14.935821152124038
84,0.36809815950920244,19.37446275609835
84,0.37423312883435583,16.62831631884695
84,0.3803680981595092,8.294058221316023
84,0.38650306748466257,12.155865464055912
84,0.39263803680981596,9.36374457849879
84,0.39877300613496935,5.981228999254148
84,0.4049079754601227,7.927841672648845
84,0.4110429447852761,8.018852960130618
84,0.4171779141104295,5.699584601441937
84,0.4233128834355828,13.243934088210466
84,0.4294478527607362,7.277377087277035
84,0.43558282208588955,8.152306999026298
84,0.44171779141104295,2.0279519741701715
84,0.44785276073619634,15.893325368384296
84,0.4539877300613497,9.401677495273374
84,0.4601226993865031,5.982404214794739
84,0.46625766871165647,14.279504918082894
84,0.4723926380368098,12.653513589609185
84,0.4785276073619632,5.392157002257916
84,0.4846625766871166,11.98205813330478
84,0.49079754601226994,15.970038882516832
84,0.49693251533742333,8.554591000969948
85,0.0,7.549516567451064e-15
85,0.006329113924050633,4.224603228851464
85,0.012658227848101266,15.698326382604955
85,0.0189873417721519,2.7102472945982576
85,0.02531645569620253,13.092077986394257
85,0.03164556962025317,16.101962252643787
85,0.0379746835443038,19.64130652013219
85,0.04430379746835443,8.8830192847162
85,0.05063291139240506,10.127667448766557
85,0.056962025316455694,14.46153234380443
85,0.06329113924050633,12.88781110309679
85,0.06962025316455696,13.445176621756648
85,0.0759493670886076,6.855127501063799
85,0.08227848101265822,5.109989311030363
85,0.08860759493670886,6.028506458991036
85,0.09493670886075949,7.252416629694287
85,0.10126582278481013,28.366619642229008
85,0.10759493670886076,2.5189898901560466
85,0.11392405063291139,11.145295282182607
85,0.12025316455696203,4.98430720698621
85,0.12658227848101267,13.039624069598458
85,0.13291139240506328,13.451633490939338
85,0.13924050632911392,6.658021100028841
85,0.14556962025316456,12.44579534345319
85,0.1518987341772152,7.377552271724559
85,0.15822784810126583,3.475539189977912
85,0.16455696202531644,12.355694609322956
85,0.17088607594936708,12.247940294183316
85,0.17721518987341772,6.934950518328654
85,0.18354430379746836,3.2722443597943314
85,0.18987341772151897,17.128084684602094
85,0.1962025316455696,10.345883889374475
85,0.20253164556962025,9.515980141819782
85,0.2088607594936709,24.449487288915403
85,0.21518987341772153,12.605269855505655
85,0.22151898734177214,7.415734423705713
85,0.22784810126582278,10.005755690129423
85,0.23417721518987342,5.964621352431651
85,0.24050632911392406,7.664960511866976
85,0.24683544303797467,8.88472208054665
85,0.25316455696202533,8.740896170245502
85,0.25949367088607594,25.693424698288453
85,0.26582278481012656,3.106413795111715
85,0.2721518987341772,11.288371696934856
85,0.27848101265822783,16.09032173089268
85,0.2848101265822785,23.21589659582417
85,0.2911392405063291,21.03575767735215
85,0.2974683544303797,10.325990098101832
85,0.3037974683544304,11.97536560343246
85,0.310126582278481,6.4539904554248
85,0.31645569620253167,10.384087360213236
85,0.3227848101265823,2.982229455336067
85,0.3291139240506329,10.368094042349787
85,0.33544303797468356,4.40127639995464
85,0.34177215189873417,17.182537111857776
85,0.3481012658227848,7.182894411383933
85,0.35443037974683544,14.31482447119957
85,0.36075949367088606,5.690573414053028
85,0.3670886075949367,16.158631685940968
85,0.37341772151898733,4.438054705604217
85,0.37974683544303794,18.31364578908329
85,0.3860759493670886,22.264485465939924
85,0.3924050632911392,9.910171840508639
85,0.3987341772151899,10.591380485332728
85,0.4050632911392405,4.171073236348527
85,0.4113924050632911,11.417370512788196
85,0.4177215189873418,10.565799795738343
85,0.4240506329113924,13.139756445444394
85,0.43037974683544306,4.323487217092072
85,0.43670886075949367,13.193834446508228
85,0.4430379746835443,24.393379834058567
85,0.44936708860759494,15.237169861174486
85,0.45569620253164556,16.619595590245986
85,0.4620253164556962,1.7865689219836396
85,0.46835443037974683,9.36666736816842
85,0.47468354430379744,8.024377473403321
85,0.4810126582278481,2.5952552782291245
85,0.4873417721518987,20.09086826605129
85,0.49367088607594933,11.262541827615706
86,0.0,1.2434497875801753e-14
86,0.006172839506172839,34.4942783393188
86,0.012345679012345678,39.564486549274086
86,0.018518518518518517,18.06877309471026
86,0.024691358024691357,3.255783249761306
86,0.030864197530864196,5.905134233381482
86,0.037037037037037035,8.217694692302453
86,0.043209876543209874,4.298887865608258
86,0.04938271604938271,18.34065079264954
86,0.05555555555555555,12.411079303135622
86,0.06172839506172839,6.246358650427466
86,0.06790123456790123,15.92758516590548
86,0.07407407407407407,16.976126498671253
86,0.08024691358024691,3.4281472078196367
86,0.08641975308641975,12.157267746541601
86,0.09259259259259259,6.879885087965129
86,0.09876543209876543,8.280793612093856
86,0.10493827160493827,4.600427355718973
86,0.1111111111111111,9.566275563749203
86,0.11728395061728394,3.926098387318635
86,0.12345679012345678,9.098920865134723
86,0.12962962962962962,13.878678437298982
86,0.13580246913580246,8.291088609533347
86,0.1419753086419753,8.147188056905078
86,0.14814814814814814,8.559580910495598
86,0.15432098765432098,19.665597757358224
86,0.16049382716049382,1.9191864450815752
86,0.16666666666666666,14.591948777656533
86,0.1728395061728395,2.459019651736887
86,0.17901234567901234,7.884704693429595
86,0.18518518518518517,20.88844883093198
86,0.19135802469135801,20.076645823776328
86,0.19753086419753085,17.028878446709673
86,0.2037037037037037,19.920256542250993
86,0.20987654320987653,22.637478563770237
86,0.21604938271604937,15.365932233501018
86,0.2222222222222222,1.8484944534515573
86,0.22839506172839505,11.985772601620184
86,0.2345679012345679,14.65290754405309
86,0.24074074074074073,13.391390135764754
86,0.24691358024691357,12.783528635870244
86,0.25308641975308643,14.590729141914702
86,0.25925925925925924,15.978810690728524
86,0.26543209876543206,15.681822863558558
86,0.2716049382716049,8.263389595230533
86,0.2777777777777778,3.732588437730762
86,0.2839506172839506,6.67648731261503
86,0.2901234567901234,6.765157733211519
86,0.2962962962962963,8.151028465275138
86,0.30246913580246915,1.5966528483139482
86,0.30864197530864196,10.809571957058427
86,0.31481481481481477,8.835342370463582
86,0.32098765432098764,16.317978247574978
86,0.3271604938271605,6.817803257741773
86,0.3333333333333333,4.003226475225898
86,0.3395061728395061,5.904355839036366
86,0.345679012345679,8.226107630246142
86,0.35185185185185186,18.70088396744622
86,0.35802469135802467,1.4928780069671275
86,0.3641975308641975,6.935189474223372
86,0.37037037037037035,2.7070434487655404
86,0.3765432098765432,9.665906327788724
86,0.38271604938271603,10.605385625308633
86,0.38888888888888884,14.276696980071602
86,0.3950617283950617,12.662703447629104
86,0.4012345679012346,8.96651176849569
86,0.4074074074074074,11.864857436216399
86,0.4135802469135802,10.788407828417508
86,0.41975308641975306,8.646034245271984
86,0.42592592592592593,4.071841323345634
86,0.43209876543209874,4.174858501457214
86,0.43827160493827155,3.462956589164742
86,0.4444444444444444,5.17077404180387
86,0.4506172839506173,6.860454348049809
86,0.4567901234567901,12.31130498517592
86,0.4629629629629629,4.538990702498165
86,0.4691358024691358,9.124003618060488
86,0.47530864197530864,6.2243263462183425
86,0.48148148148148145,16.97854035837975
86,0.48765432098765427,15.048686413163383
86,0.49382716049382713,18.615699422532984
87,0.0,0.0
87,0.006666666666666667,28.975929732357184
87,0.013333333333333334,21.916799489426843
87,0.02,22.493763944542767
87,0.02666666666666667,13.983124180385463
87,0.03333333333333333,4.0834542715460005
87,0.04,15.148444426189641
87,0.04666666666666667,16.518378515519757
87,0.05333333333333334,22.709970891941303
87,0.060000000000000005,5.029290592516446
87,0.06666666666666667,10.598625935014796
87,0.07333333333333333,20.84843201577495
87,0.08,2.106714772760854
87,0.08666666666666667,7.278156289029589
87,0.09333333333333334,4.145687933475166
87,0.1,11.001925956154997
87,0.10666666666666667,8.396970696369541
87,0.11333333333333334,6.88373633692335
87,0.12000000000000001,3.6799443381261283
87,0.12666666666666668,8.266718281558395
87,0.13333333333333333,2.719612321956267
87,0.14,4.3117644481302975
87,0.14666666666666667,7.373731535328454
87,0.15333333333333335,6.577457907612988
87,0.16,17.15293306426052
87,0.16666666666666669,6.233990845941948
87,0.17333333333333334,20.030388869917317
87,0.18000000000000002,15.070370148093048
87,0.18666666666666668,14.116924740085349
87,0.19333333333333336,10.05703098942568
87,0.2,2.7879523607166554
87,0.2066666666666667,13.387650037755382
87,0.21333333333333335,15.132913760018726
87,0.22,14.119889473177953
87,0.22666666666666668,5.191318381552911
87,0.23333333333333334,13.315582316329458
87,0.24000000000000002,13.593209327307203
87,0.24666666666666667,5.7590839460026375
87,0.25333333333333335,1.5457303081205154
87,0.26,12.462561859131808
87,0.26666666666666666,14.546466975937149
87,0.2733333333333334,7.5972043394300455
87,0.28,7.208204455657506
87,0.2866666666666667,10.245105311514983
87,0.29333333333333333,4.253158316570017
87,0.30000000000000004,20.66052283531489
87,0.3066666666666667,14.357861340836978
87,0.31333333333333335,8.402941280089719
87,0.32,16.987464330234864
87,0.32666666666666666,9.250865550575917
87,0.33333333333333337,9.298944209443667
87,0.34,4.482627395428122
87,0.3466666666666667,7.453767182712191
87,0.35333333333333333,13.244874546949857
87,0.36000000000000004,3.355679333644004
87,0.3666666666666667,15.031140291203233
87,0.37333333333333335,9.818119813200495
87,0.38,7.571391708704472
87,0.3866666666666667,9.091373494991057
87,0.39333333333333337,8.098823410722028
87,0.4,11.00846974823064
87,0.4066666666666667,3.7875157398101975
87,0.4133333333333334,1.7323035206902264
87,0.42000000000000004,23.22456651437766
87,0.4266666666666667,13.115507927277825
87,0.43333333333333335,8.273566851081144
87,0.44,11.662024391646852
87,0.4466666666666667,9.252666462212904
87,0.45333333333333337,11.376143082255302
87,0.46,21.23468669849392
87,0.4666666666666667,17.48710369007337
87,0.4733333333333334,1.5253845549153924
87,0.48000000000000004,10.673322633866782
87,0.4866666666666667,2.708402476880257
87,0.49333333333333335,6.085386571778958
88,0.0,2.708944180085382e-14
88,0.006289308176100629,3.39165155317176
88,0.012578616352201259,13.069376564448067
88,0.01886792452830189,6.338557671543829
88,0.025157232704402517,17.680809777604157
88,0.031446540880503145,15.75848474357333
88,0.03773584905660378,3.477313284112668
88,0.04402515723270441,2.535728694934399
88,0.050314465408805034,19.505473258564702
88,0.05660377358490566,6.291117500053525
88,0.06289308176100629,7.2106181812082095
88,0.06918238993710692,7.465209360599232
88,0.07547169811320756,17.794164196130627
88,0.08176100628930819,17.498326261299646
88,0.08805031446540881,20.773964908678884
88,0.09433962264150944,25.695394267134755
88,0.10062893081761007,11.941285341530724
88,0.1069182389937107,20.417337433192102
88,0.11320754716981132,7.515565102164233
88,0.11949685534591195,19.58948952631915
88,0.12578616352201258,16.78177128778026
88,0.1320754716981132,6.13960680016659
88,0.13836477987421383,8.613881108035734
88,0.14465408805031446,7.637824372570673
88,0.15094339622641512,5.774751406480377
88,0.15723270440251574,8.392232388628274
88,0.16352201257861637,5.310821311019422
88,0.169811320754717,3.0218829268230376
88,0.17610062893081763,23.12335159113483
88,0.18238993710691825,23.843776921716174
88,0.18867924528301888,14.054760580342059
88,0.1949685534591195,14.430817932315703
88,0.20125786163522014,7.511211972955937
88,0.20754716981132076,19.042161910518708
88,0.2138364779874214,4.399084753608729
88,0.22012578616352202,10.319003460232302
88,0.22641509433962265,8.796370114590477
88,0.23270440251572327,3.0059574565449343
88,0.2389937106918239,9.35637215189083
88,0.24528301886792453,11.168683465781166
88,0.25157232704402516,15.613712209824754
88,0.2578616352201258,7.976892139836881
88,0.2641509433962264,13.592996145511655
88,0.27044025157232704,12.569206373903503
88,0.27672955974842767,10.988943258632139
88,0.2830188679245283,12.973875332692689
88,0.2893081761006289,15.852511964922627
88,0.29559748427672955,9.918607147390194
88,0.30188679245283023,12.472383655180293
88,0.30817610062893086,9.641575131501574
88,0.3144654088050315,4.328270952364451
88,0.3207547169811321,6.438700829364214
88,0.32704402515723274,21.739512893397166
88,0.33333333333333337,13.702744341688764
88,0.339622641509434,17.044416692280542
88,0.3459119496855346,2.3028596068267215
88,0.35220125786163525,15.311879401012067
88,0.3584905660377359,2.657526767681285
88,0.3647798742138365,10.96363844430575
88,0.37106918238993714,4.232416236431757
88,0.37735849056603776,14.443527945421383
88,0.3836477987421384,15.877686564891476
88,0.389937106918239,2.7280214132318106
88,0.39622641509433965,3.4961746348769998
88,0.4025157232704403,11.76116503524222
88,0.4088050314465409,4.917979154844342
88,0.41509433962264153,6.22058938612101
88,0.42138364779874216,16.980121075911494
88,0.4276729559748428,18.15718994606631
88,0.4339622641509434,17.101423060517632
88,0.44025157232704404,5.2582879031837235
88,0.44654088050314467,2.3950341953619474
88,0.4528301886792453,10.829196041700158
88,0.4591194968553459,12.003915813475283
88,0.46540880503144655,12.393190354087539
88,0.4716981132075472,9.639745984173613
88,0.4779874213836478,9.359463967430699
88,0.48427672955974843,9.584583942851342
88,0.49056603773584906,19.212770193777406
88,0.4968553459119497,5.961989779146333
89,0.0,3.552713678800501e-15
89,0.006134969325153374,14.964151379180647
89,0.012269938650306749,12.97793845227881
89,0.018404907975460124,11.487664510955765
89,0.024539877300613498,21.136936007529258
89,0.03067484662576687,8.68365976536387
89,0.03680981595092025,12.607405031628597
89,0.04294478527607362,3.715653163384202
89,0.049079754601226995,19.73608791686555
89,0.05521472392638037,13.40216820964803
89,0.06134969325153374,9.783045815088823
89,0.06748466257668712,4.521902717494002
89,0.0736196319018405,20.48454754115309
89,0.07975460122699386,6.3647228411028705
89,0.08588957055214724,15.039017891433804
89,0.09202453987730061,12.650956051099033
89,0.09815950920245399,8.000999593253098
89,0.10429447852760737,17.27990202394355
89,0.11042944785276074,4.104516500490764
89,0.11656441717791412,18.06109830232364
89,0.12269938650306748,13.625929031837604
89,0.12883435582822086,1.939912898399888
89,0.13496932515337423,11.865722476099323
89,0.1411042944785276,16.272640937059766
89,0.147239263803681,22.62516064508274
89,0.15337423312883436,12.064706626109215
89,0.15950920245398773,11.774187187762326
89,0.16564417177914112,11.902663219574839
89,0.17177914110429449,19.088157565185686
89,0.17791411042944785,11.468880873084164
89,0.18404907975460122,18.69097324985531
89,0.1901840490797546,9.631508685550916
89,0.19631901840490798,8.225578541550961
89,0.20245398773006135,14.579027064547367
89,0.20858895705521474,13.319661107656476
89,0.2147239263803681,16.348442678000886
89,0.22085889570552147,3.7180343618292393
89,0.22699386503067484,6.43523618346734
89,0.23312883435582823,7.432151733308773
89,0.2392638036809816,5.782056217179638
89,0.24539877300613497,12.368395788826795
89,0.25153374233128833,4.4821836840306615
89,0.25766871165644173,11.86853274327279
89,0.2638036809815951,10.115486432302518
89,0.26993865030674846,17.70586003727072
89,0.27607361963190186,10.771484171504111
89,0.2822085889570552,13.780201340930716
89,0.2883435582822086,16.101507572998617
89,0.294478527607362,16.77948349775656
89,0.3006134969325153,12.782830291541416
89,0.3067484662576687,6.208506723879494
89,0.3128834355828221,18.831628707181686
89,0.31901840490797545,6.143782882990273
89,0.32515337423312884,15.356886837203096
89,0.33128834355828224,4.725137950074799
89,0.3374233128834356,19.307112403732873
89,0.34355828220858897,8.465815127169892
89,0.34969325153374237,6.428507974010556
89,0.3558282208588957,10.819340416748773
89,0.3619631901840491,9.758194948236264
89,0.36809815950920244,2.217891193422769
89,0.37423312883435583,2.406723278835886
89,0.3803680981595092,8.407464783090683
89,0.38650306748466257,3.5091043968061593
89,0.39263803680981596,5.167728033943228
89,0.39877300613496935,16.805187268988316
89,0.4049079754601227,11.86396560221737
89,0.4110429447852761,11.456127150431985
89,0.4171779141104295,5.90588923469197
89,0.4233128834355828,11.640524759379376
89,0.4294478527607362,11.609737974010523
89,0.43558282208588955,11.52829187550148
89,0.44171779141104295,19.93574854865777
89,0.44785276073619634,4.796566406954522
89,0.4539877300613497,9.201895381309523
89,0.4601226993865031,2.9094255253137935
89,0.46625766871165647,8.992176022309968
89,0.4723926380368098,11.049382255374221
89,0.4785276073619632,20.695293094572587
89,0.4846625766871166,23.216916267355536
89,0.49079754601226994,16.709353718782847
89,0.49693251533742333,16.89390586489975
90,0.0,7.216449660063518e-15
90,0.006622516556291391,3.5042393376245715
90,0.013245033112582781,11.100859604566203
90,0.019867549668874173,10.969488803685598
90,0.026490066225165563,19.122579775560034
90,0.033112582781456956,9.333862617637331
90,0.039735099337748346,10.480237388447792
90,0.046357615894039736,13.57789284637454
90,0.052980132450331126,11.911064907426917
90,0.059602649006622516,15.025738700674486
90,0.06622516556291391,10.890153160154142
90,0.0728476821192053,11.44810309451623
90,0.07947019867549669,10.378518583786128
90,0.08609271523178808,3.9484845582883095
90,0.09271523178807947,15.21699550220895
90,0.09933774834437085,9.443601895348097
90,0.10596026490066225,16.15656744940467
90,0.11258278145695365,4.523227061630309
90,0.11920529801324503,12.179825308851653
90,0.12582781456953643,17.901433402309095
90,0.13245033112582782,2.9326370781915303
90,0.1390728476821192,13.961544506566556
90,0.1456953642384106,11.7041239196192
90,0.152317880794702,24.80711474381099
90,0.15894039735099338,10.183388128506545
90,0.16556291390728478,10.70001346198324
90,0.17218543046357615,10.915803205313367
90,0.17880794701986755,5.304379914875221
90,0.18543046357615894,15.558700312696772
90,0.19205298013245034,22.885975373059676
90,0.1986754966887417,11.07573550073826
90,0.2052980132450331,18.29361776302293
90,0.2119205298013245,15.434566965471296
90,0.2185430463576159,10.45227897095924
90,0.2251655629139073,10.471197959156294
90,0.23178807947019867,17.318163754999357
90,0.23841059602649006,4.430617438474062
90,0.24503311258278146,14.917201724227315
90,0.25165562913907286,7.5356955527464144
90,0.2582781456953642,14.915225557409984
90,0.26490066225165565,8.195866050066227
90,0.271523178807947,7.494852729054116
90,0.2781456953642384,10.657769932653391
90,0.2847682119205298,12.932165365704542
90,0.2913907284768212,9.561093687950986
90,0.2980132450331126,7.921339000995756
90,0.304635761589404,6.176112221929409
90,0.31125827814569534,7.135397089006894
90,0.31788079470198677,21.62064336865483
90,0.32450331125827814,3.270886421279731
90,0.33112582781456956,2.9222227488970214
90,0.33774834437086093,23.497599754014846
90,0.3443708609271523,5.525189524128826
90,0.3509933774834437,15.575783491996384
90,0.3576158940397351,12.748930906753072
90,0.36423841059602646,15.296612095008816
90,0.3708609271523179,6.6213507168835815
90,0.37748344370860926,9.696275969709106
90,0.3841059602649007,2.41189517467855
90,0.39072847682119205,9.71061100136008
90,0.3973509933774834,12.899885538038124
90,0.40397350993377484,10.458885539639889
90,0.4105960264900662,9.316500864802839
90,0.41721854304635764,18.51780256771887
90,0.423841059602649,5.189458047669703
90,0.4304635761589404,21.088942761021112
90,0.4370860927152318,10.508004335560685
90,0.44370860927152317,6.486347055879497
90,0.4503311258278146,5.648587240273447
90,0.45695364238410596,12.410879659837716
90,0.46357615894039733,12.591240259485053
90,0.47019867549668876,8.95919571836124
90,0.4768211920529801,12.36475568096646
90,0.48344370860927155,14.220856231624643
90,0.4900662251655629,3.0662661390132295
90,0.4966887417218543,7.087579811971408
91,0.0,1.3322676295501878e-14
91,0.006329113924050633,13.427763703255211
91,0.012658227848101266,12.385030704774625
91,0.0189873417721519,13.397613976552758
91,0.02531645569620253,17.501884189143304
91,0.03164556962025317,10.191871448802718
91,0.0379746835443038,16.299730186554108
91,0.04430379746835443,7.660398835172507
91,0.05063291139240506,18.353517830269283
91,0.056962025316455694,4.357144183013221
91,0.06329113924050633,14.008406859418132
91,0.06962025316455696,12.015227702634437
91,0.0759493670886076,10.369518307968276
91,0.08227848101265822,30.15470980491189
91,0.08860759493670886,11.284933584563746
91,0.09493670886075949,14.000745901020412
91,0.10126582278481013,21.515391587847052
91,0.10759493670886076,24.309399354580723
91,0.11392405063291139,17.130386933861942
91,0.12025316455696203,5.624142776586669
91,0.12658227848101267,6.218840072696362
91,0.13291139240506328,9.951528138845532
91,0.13924050632911392,6.532386639619845
91,0.14556962025316456,8.354115840209932
91,0.1518987341772152,16.399954670703696
91,0.15822784810126583,11.222318845902121
91,0.16455696202531644,13.926049790932769
91,0.17088607594936708,15.370555091532577
91,0.17721518987341772,8.671411986670497
91,0.18354430379746836,1.0649290877189501
91,0.18987341772151897,10.240149066683639
91,0.1962025316455696,10.27635707049519
91,0.20253164556962025,18.48860573996489
91,0.2088607594936709,7.325508797533171
91,0.21518987341772153,21.030977700592587
91,0.22151898734177214,7.7772099830075945
91,0.22784810126582278,10.676051430079044
91,0.23417721518987342,9.207355390776915
91,0.24050632911392406,16.453794427741467
91,0.24683544303797467,8.758834466138298
91,0.25316455696202533,17.93817500758938
91,0.25949367088607594,9.169927984880395
91,0.26582278481012656,8.747190017928297
91,0.2721518987341772,17.431149117774144
91,0.27848101265822783,11.05180993173989
91,0.2848101265822785,5.627639758149197
91,0.2911392405063291,2.3858586753866424
91,0.2974683544303797,8.570741188804972
91,0.3037974683544304,5.203956360023337
91,0.310126582278481,20.432859063935723
91,0.31645569620253167,11.331092287133359
91,0.3227848101265823,11.03903437176244
91,0.3291139240506329,17.056841255264082
91,0.33544303797468356,11.826234939812638
91,0.34177215189873417,5.876588072430112
91,0.3481012658227848,1.3669123732904291
91,0.35443037974683544,15.572780276636745
91,0.36075949367088606,7.286642111555344
91,0.3670886075949367,14.059119365823044
91,0.37341772151898733,13.50256040876773
91,0.37974683544303794,9.274701713365015
91,0.3860759493670886,8.747504024434825
91,0.3924050632911392,11.495791854960714
91,0.3987341772151899,8.082421631373487
91,0.4050632911392405,13.529917523109743
91,0.4113924050632911,7.748036830893994
91,0.4177215189873418,11.344026619289169
91,0.4240506329113924,2.6396624017676658
91,0.43037974683544306,11.015181703856125
91,0.43670886075949367,6.212761162536204
91,0.4430379746835443,16.861953895442518
91,0.44936708860759494,7.814022735826977
91,0.45569620253164556,16.667384231772434
91,0.4620253164556962,11.547227274188996
91,0.46835443037974683,16.706240311976625
91,0.47468354430379744,3.1804247820986284
91,0.4810126582278481,10.754696761059527
91,0.4873417721518987,2.914496021660466
91,0.49367088607594933,7.189334674696247
92,0.0,4.440892098500626e-15
92,0.006329113924050633,16.976198584703898
92,0.012658227848101266,15.359069085376275
92,0.0189873417721519,15.163338107206693
92,0.02531645569620253,7.863535191429802
92,0.03164556962025317,4.777176244539907
92,0.0379746835443038,11.259042385945238
92,0.04430379746835443,11.890319643046503
92,0.05063291139240506,14.217468970058617
92,0.056962025316455694,8.820516739223235
92,0.06329113924050633,4.8855989363441665
92,0.06962025316455696,1.5768204695558719
92,0.0759493670886076,5.250251065197323
92,0.08227848101265822,3.750953485297203
92,0.08860759493670886,16.859353451238544
92,0.09493670886075949,9.871740899163035
92,0.10126582278481013,3.4866575090854384
92,0.10759493670886076,11.851231395167614
92,0.11392405063291139,20.089295303009663
92,0.12025316455696203,20.210936518190596
92,0.12658227848101267,15.132602364702128
92,0.13291139240506328,21.937032354275157
92,0.13924050632911392,24.71003572203924
92,0.14556962025316456,6.99490307666979
92,0.1518987341772152,7.278477958079216
92,0.15822784810126583,3.958766212450097
92,0.16455696202531644,10.049795515966444
92,0.17088607594936708,8.630008057129302
92,0.17721518987341772,8.146268984043154
92,0.18354430379746836,8.370832335676816
92,0.18987341772151897,4.292308561651764
92,0.1962025316455696,14.25206126998626
92,0.20253164556962025,12.028507470371963
92,0.2088607594936709,8.313393861955142
92,0.21518987341772153,15.254923550843541
92,0.22151898734177214,5.370084760121686
92,0.22784810126582278,10.86901270259253
92,0.23417721518987342,10.52521633178252
92,0.24050632911392406,8.012983816916938
92,0.24683544303797467,4.511465817237883
92,0.25316455696202533,15.718547683052966
92,0.25949367088607594,18.383861608138755
92,0.26582278481012656,3.363178852355425
92,0.2721518987341772,7.574755800018729
92,0.27848101265822783,5.573187726828211
92,0.2848101265822785,20.813822333792416
92,0.2911392405063291,16.496829704970164
92,0.2974683544303797,12.723826081174298
92,0.3037974683544304,4.48612017098516
92,0.310126582278481,14.135360584843779
92,0.31645569620253167,10.911407677437863
92,0.3227848101265823,13.21583899623416
92,0.3291139240506329,8.405384984800945
92,0.33544303797468356,6.043165542504282
92,0.34177215189873417,8.30441315316348
92,0.3481012658227848,3.3495666705485645
92,0.35443037974683544,4.942400299987249
92,0.36075949367088606,2.333282157776146
92,0.3670886075949367,6.40210793838999
92,0.37341772151898733,10.50436365685218
92,0.37974683544303794,11.854061127518374
92,0.3860759493670886,2.670690105556656
92,0.3924050632911392,12.374914266176875
92,0.3987341772151899,14.726903234772612
92,0.4050632911392405,11.998733730212997
92,0.4113924050632911,23.40387399237016
92,0.4177215189873418,16.919128624749643
92,0.4240506329113924,19.352661562584032
92,0.43037974683544306,18.13477519580424
92,0.43670886075949367,28.629609179068694
92,0.4430379746835443,11.276783917130274
92,0.44936708860759494,21.477016490472824
92,0.45569620253164556,15.179697072037472
92,0.4620253164556962,8.91017326732137
92,0.46835443037974683,8.578251667489768
92,0.47468354430379744,10.142454366134151
92,0.4810126582278481,14.509554551550602
92,0.4873417721518987,5.195645864086853
92,0.49367088607594933,10.818677643003937
93,0.0,8.881784197001252e-16
93,0.00625,9.270107247890202
93,0.0125,19.50364680882494
93,0.018750000000000003,20.04000301711099
93,0.025,15.835673841936325
93,0.03125,5.488305200615766
93,0.037500000000000006,7.616513004714765
93,0.043750000000000004,12.414687040054858
93,0.05,8.367900703472346
93,0.05625,2.384256317138864
93,0.0625,16.72003836509487
93,0.06875,16.183893643479852
93,0.07500000000000001,8.1646998507954
93,0.08125,5.28271537809991
93,0.08750000000000001,10.26252703175358
93,0.09375,8.045132923540898
93,0.1,12.395543319844053
93,0.10625000000000001,12.307815929166027
93,0.1125,5.464685388433329
93,0.11875000000000001,26.055674303454257
93,0.125,8.555665067760625
93,0.13125,15.928775888686225
93,0.1375,11.697131843248973
93,0.14375000000000002,10.690818748160806
93,0.15000000000000002,5.102489250631264
93,0.15625,24.114599850932954
93,0.1625,20.120475384437917
93,0.16875,16.981169297428536
93,0.17500000000000002,11.374445512915461
93,0.18125000000000002,24.33477095729644
93,0.1875,12.22768557329327
93,0.19375,7.698840814826969
93,0.2,0.9617579298494372
93,0.20625000000000002,7.358948910182852
93,0.21250000000000002,10.702272279598313
93,0.21875,4.216164400484269
93,0.225,11.854264551030287
93,0.23125,12.86932210589777
93,0.23750000000000002,7.323124183288236
93,0.24375000000000002,11.989500465611057
93,0.25,7.3329159753141795
93,0.25625000000000003,7.313705245475341
93,0.2625,9.884208883466274
93,0.26875,14.114645566196849
93,0.275,8.586054214094736
93,0.28125,5.978948450059953
93,0.28750000000000003,7.0003917648622025
93,0.29375,15.744272897035678
93,0.30000000000000004,6.123242095245761
93,0.30625,16.119050402792404
93,0.3125,21.610336507594063
93,0.31875000000000003,10.947787848915137
93,0.325,15.965205872045269
93,0.33125000000000004,14.562397967475329
93,0.3375,5.925384431799547
93,0.34375,9.342148087097064
93,0.35000000000000003,8.093150166066666
93,0.35625,11.199939123185908
93,0.36250000000000004,11.66110221034942
93,0.36875,16.96523605932718
93,0.375,13.457605055781624
93,0.38125000000000003,10.141723608341126
93,0.3875,10.415678952484948
93,0.39375000000000004,17.011369259876485
93,0.4,5.068024016608387
93,0.40625,13.53770299237237
93,0.41250000000000003,19.35887380434153
93,0.41875,9.315624127235662
93,0.42500000000000004,4.572455003815839
93,0.43125,11.3506548627519
93,0.4375,15.044919452236337
93,0.44375000000000003,15.723649628404571
93,0.45,16.982754868769735
93,0.45625000000000004,17.594953441074914
93,0.4625,2.709738334127744
93,0.46875,12.204493222423322
93,0.47500000000000003,5.056385120001888
93,0.48125,6.10049471435688
93,0.48750000000000004,14.271200934438081
93,0.49375,7.446275537438626
94,0.0,7.549516567451064e-15
94,0.006329113924050633,5.256706129162936
94,0.012658227848101266,14.814198919598045
94,0.0189873417721519,5.818852540338267
94,0.02531645569620253,18.83884194663138
94,0.03164556962025317,12.481190066658995
94,0.0379746835443038,13.372703999021422
94,0.04430379746835443,17.481676353102092
94,0.05063291139240506,2.995872437607778
94,0.056962025316455694,20.02469371902517
94,0.06329113924050633,21.866221663677
94,0.06962025316455696,11.007956111151683
94,0.0759493670886076,8.744910830102011
94,0.08227848101265822,3.441560533265434
94,0.08860759493670886,6.470312183783748
94,0.09493670886075949,5.502818934753576
94,0.10126582278481013,15.992114316507633
94,0.10759493670886076,12.68069729442831
94,0.11392405063291139,5.183911013391828
94,0.12025316455696203,14.273483861969309
94,0.12658227848101267,9.19324628882872
94,0.13291139240506328,5.4752165604562
94,0.13924050632911392,2.802868414881447
94,0.14556962025316456,6.713843784026902
94,0.1518987341772152,17.661074975013808
94,0.15822784810126583,9.653029121723016
94,0.16455696202531644,6.653004094901878
94,0.17088607594936708,5.642857879536092
94,0.17721518987341772,16.332867896332246
94,0.18354430379746836,14.483949564763034
94,0.18987341772151897,7.92571102373505
94,0.1962025316455696,25.196108448414435
94,0.20253164556962025,14.184363927296632
94,0.2088607594936709,7.050662953514954
94,0.21518987341772153,11.561811093674596
94,0.22151898734177214,12.909022486189217
94,0.22784810126582278,4.33153904111111
94,0.23417721518987342,13.879209260294063
94,0.24050632911392406,5.834361564364944
94,0.24683544303797467,16.083813110370066
94,0.25316455696202533,5.774861902695651
94,0.25949367088607594,12.406995385806015
94,0.26582278481012656,4.588669264866041
94,0.2721518987341772,9.139746223578948
94,0.27848101265822783,7.143379800465072
94,0.2848101265822785,6.9907019416467975
94,0.2911392405063291,15.102923889673033
94,0.2974683544303797,14.766117592277968
94,0.3037974683544304,3.964530497783625
94,0.310126582278481,20.171414959060556
94,0.31645569620253167,17.236550806391904
94,0.3227848101265823,10.961457553928488
94,0.3291139240506329,3.1421601711092197
94,0.33544303797468356,7.720224058696038
94,0.34177215189873417,13.991632032065604
94,0.3481012658227848,20.4881371547722
94,0.35443037974683544,10.995448232623088
94,0.36075949367088606,4.081926354613132
94,0.3670886075949367,17.508157007350192
94,0.37341772151898733,4.9143088839302935
94,0.37974683544303794,14.23865610613424
94,0.3860759493670886,11.69571865426975
94,0.3924050632911392,9.475469067023957
94,0.3987341772151899,23.487641604864226
94,0.4050632911392405,8.407080496914903
94,0.4113924050632911,24.25445415125813
94,0.4177215189873418,10.988709930315313
94,0.4240506329113924,19.190451500507848
94,0.43037974683544306,10.544752174732789
94,0.43670886075949367,17.904732568809024
94,0.4430379746835443,8.718705236451438
94,0.44936708860759494,16.357236742650617
94,0.45569620253164556,6.43914566992472
94,0.4620253164556962,9.572372091285855
94,0.46835443037974683,6.999151710722277
94,0.47468354430379744,16.15275443746691
94,0.4810126582278481,2.9139180701760896
94,0.4873417721518987,15.756783050858267
94,0.49367088607594933,7.84408987561661
95,0.0,1.1546319456101628e-14
95,0.006289308176100629,7.735957778869539
95,0.012578616352201259,1.0540489241122315
95,0.01886792452830189,15.370862429651172
95,0.025157232704402517,9.291419378810083
95,0.031446540880503145,14.653960225352147
95,0.03773584905660378,17.082274114593577
95,0.04402515723270441,9.786470341601602
95,0.050314465408805034,19.94273918881924
95,0.05660377358490566,4.834737499359139
95,0.06289308176100629,20.140058153938234
95,0.06918238993710692,7.728694306980957
95,0.07547169811320756,12.374998296773041
95,0.08176100628930819,6.967254367021837
95,0.08805031446540881,6.5897133931892595
95,0.09433962264150944,7.3515006300979
95,0.10062893081761007,7.66769093461927
95,0.1069182389937107,13.26167614492596
95,0.11320754716981132,20.12832021721097
95,0.11949685534591195,15.347886449737599
95,0.12578616352201258,14.281232571628928
95,0.1320754716981132,14.280812126275203
95,0.13836477987421383,6.3675144412253335
95,0.14465408805031446,17.03394199128509
95,0.15094339622641512,12.16042041305971
95,0.15723270440251574,13.291963144880231
95,0.16352201257861637,11.708636342237615
95,0.169811320754717,16.2701685992998
95,0.17610062893081763,8.10110359791102
95,0.18238993710691825,10.074634589615211
95,0.18867924528301888,10.46512108607755
95,0.1949685534591195,21.392387676623642
95,0.20125786163522014,8.701109990194615
95,0.20754716981132076,23.8588415412627
95,0.2138364779874214,16.913249807662243
95,0.22012578616352202,7.020478150039672
95,0.22641509433962265,18.249144425687675
95,0.23270440251572327,5.89916701582367
95,0.2389937106918239,15.246623281848292
95,0.24528301886792453,7.093055316744797
95,0.25157232704402516,12.504202181673035
95,0.2578616352201258,12.748426786932965
95,0.2641509433962264,6.8975680240323
95,0.27044025157232704,25.922556440858557
95,0.27672955974842767,4.347309008478322
95,0.2830188679245283,7.10580751654276
95,0.2893081761006289,10.270266271874943
95,0.29559748427672955,11.220390217240842
95,0.30188679245283023,8.80798673180681
95,0.30817610062893086,5.4837402984830605
95,0.3144654088050315,2.9578804707634436
95,0.3207547169811321,5.6055270215985535
95,0.32704402515723274,18.721188728292812
95,0.33333333333333337,10.801474630742572
95,0.339622641509434,2.7050961774972335
95,0.3459119496855346,4.009118815359566
95,0.35220125786163525,13.333733745529594
95,0.3584905660377359,7.758142206435734
95,0.3647798742138365,8.32467273497917
95,0.37106918238993714,13.278373359842847
95,0.37735849056603776,11.95813769864235
95,0.3836477987421384,6.153532504790335
95,0.389937106918239,10.008010060911529
95,0.39622641509433965,10.271840655700895
95,0.4025157232704403,14.921680035603925
95,0.4088050314465409,15.741823769418717
95,0.41509433962264153,14.78817891769605
95,0.42138364779874216,14.519765464171691
95,0.4276729559748428,2.5146348422547717
95,0.4339622641509434,15.366622202716593
95,0.44025157232704404,16.645066413404958
95,0.44654088050314467,12.875834264053756
95,0.4528301886792453,18.765310339573468
95,0.4591194968553459,16.391883067028527
95,0.46540880503144655,14.82323388179887
95,0.4716981132075472,9.150746307301972
95,0.4779874213836478,15.284779048374226
95,0.48427672955974843,6.603487413621984
95,0.49056603773584906,3.7015680846343524
95,0.4968553459119497,10.738546162413556
96,0.0,1.3322676295501878e-15
96,0.0064516129032258064,21.514121437931625
96,0.012903225806451613,11.962405920969873
96,0.01935483870967742,5.819335880708243
96,0.025806451612903226,18.036513456164947
96,0.03225806451612903,10.698137931855522
96,0.03870967741935484,23.87714418529669
96,0.04516129032258064,11.755542253856294
96,0.05161290322580645,15.871684038873129
96,0.05806451612903226,7.322569931819378
96,0.06451612903225806,7.349897361157944
96,0.07096774193548387,13.212615495029533
96,0.07741935483870968,2.119587066348532
96,0.08387096774193549,14.897549645502654
96,0.09032258064516129,18.58919459526395
96,0.0967741935483871,13.50843694469224
96,0.1032258064516129,9.914466901802856
96,0.10967741935483871,8.741557519661102
96,0.11612903225806452,6.48876672419661
96,0.12258064516129032,9.349811369783412
96,0.12903225806451613,6.453575096914659
96,0.13548387096774195,17.81717518512366
96,0.14193548387096774,4.741828664362374
96,0.14838709677419354,1.622742891855482
96,0.15483870967741936,4.071265324315154
96,0.16129032258064516,9.826621986039562
96,0.16774193548387098,20.6494848130132
96,0.17419354838709677,10.316280042812979
96,0.18064516129032257,11.8243497949856
96,0.1870967741935484,14.424891178884108
96,0.1935483870967742,23.06563927936439
96,0.2,2.3667782949172578
96,0.2064516129032258,7.8548238445461065
96,0.2129032258064516,3.2181998211042036
96,0.21935483870967742,4.738351323027808
96,0.22580645161290322,15.540304420939803
96,0.23225806451612904,7.176339745525356
96,0.23870967741935484,9.521177297070325
96,0.24516129032258063,8.167728178030547
96,0.25161290322580643,27.38185151274708
96,0.25806451612903225,20.076080664383714
96,0.2645161290322581,10.512491086591899
96,0.2709677419354839,8.518441134990752
96,0.27741935483870966,23.304448707181756
96,0.2838709677419355,9.03668702205578
96,0.2903225806451613,6.39922948148051
96,0.2967741935483871,11.513111413866422
96,0.3032258064516129,10.195259498971536
96,0.3096774193548387,18.883209245038785
96,0.3161290322580645,13.93976618275037
96,0.3225806451612903,8.21650628727195
96,0.32903225806451614,11.73496904506686
96,0.33548387096774196,6.7971284382886115
96,0.3419354838709677,9.594216219401408
96,0.34838709677419355,12.303442815389195
96,0.3548387096774194,1.7951234578984259
96,0.36129032258064514,8.756964568170792
96,0.36774193548387096,21.401611136493386
96,0.3741935483870968,10.398623372321444
96,0.38064516129032255,18.149919909754793
96,0.3870967741935484,6.4716554100369965
96,0.3935483870967742,3.0360019769118876
96,0.4,4.80485786180092
96,0.4064516129032258,8.483186088763045
96,0.4129032258064516,6.317006806319531
96,0.41935483870967744,13.994362796891496
96,0.4258064516129032,16.7703523753082
96,0.432258064516129,17.384090505463927
96,0.43870967741935485,3.561974311895064
96,0.44516129032258067,8.638289570439756
96,0.45161290322580644,8.738565622460303
96,0.45806451612903226,3.873244181774585
96,0.4645161290322581,5.95133043986783
96,0.47096774193548385,8.883771103707154
96,0.4774193548387097,14.144228089417869
96,0.4838709677419355,5.196049235854095
96,0.49032258064516127,7.633642545519384
96,0.4967741935483871,19.18809645614163
97,0.0,1.554312234475219e-14
97,0.006289308176100629,15.908043309723382
97,0.012578616352201259,9.255454401496255
97,0.01886792452830189,12.441680368593374
97,0.025157232704402517,22.33932874662692
97,0.031446540880503145,5.872128695230336
97,0.03773584905660378,16.411964154428514
97,0.04402515723270441,25.301977416231882
97,0.050314465408805034,14.553825831849963
97,0.05660377358490566,12.933977071912851
97,0.06289308176100629,11.617431169599321
97,0.06918238993710692,19.876748507498284
97,0.07547169811320756,9.460589960716794
97,0.08176100628930819,7.357832482794355
97,0.08805031446540881,15.084060622122747
97,0.09433962264150944,7.359743077603069
97,0.10062893081761007,8.415396632709385
97,0.1069182389937107,17.06719962174505
97,0.11320754716981132,17.435746976422323
97,0.11949685534591195,8.05004169974886
97,0.12578616352201258,6.577266318627497
97,0.1320754716981132,13.513275734122042
97,0.13836477987421383,6.353499638369679
97,0.14465408805031446,6.157324266405668
97,0.15094339622641512,12.020126834333741
97,0.15723270440251574,11.981864946808232
97,0.16352201257861637,4.47432887418207
97,0.169811320754717,10.946313059364865
97,0.17610062893081763,2.3393558941341146
97,0.18238993710691825,19.327606875121365
97,0.18867924528301888,7.900144749600596
97,0.1949685534591195,1.1421534003897507
97,0.20125786163522014,4.25252915159772
97,0.20754716981132076,8.972908097741954
97,0.2138364779874214,13.07840349925306
97,0.22012578616352202,12.94503651348683
97,0.22641509433962265,16.005096612089673
97,0.23270440251572327,8.407560647435307
97,0.2389937106918239,12.997722034061661
97,0.24528301886792453,15.205858510857237
97,0.25157232704402516,8.725817093314564
97,0.2578616352201258,12.198757600277203
97,0.2641509433962264,20.253694725053652
97,0.27044025157232704,3.625540014975991
97,0.27672955974842767,19.51189649415895
97,0.2830188679245283,5.094451529735475
97,0.2893081761006289,1.2319588353024682
97,0.29559748427672955,5.547489395366392
97,0.30188679245283023,2.9528428603887997
97,0.30817610062893086,10.837333511074831
97,0.3144654088050315,12.083764958430068
97,0.3207547169811321,21.070915198299925
97,0.32704402515723274,10.27553898592452
97,0.33333333333333337,4.868442573291207
97,0.339622641509434,15.936100086879165
97,0.3459119496855346,18.57922522226397
97,0.35220125786163525,23.615421716085876
97,0.3584905660377359,5.202599320372318
97,0.3647798742138365,19.3190265115561
97,0.37106918238993714,14.87816249289838
97,0.37735849056603776,5.263530434154446
97,0.3836477987421384,10.302353402707885
97,0.389937106918239,11.051271315223145
97,0.39622641509433965,7.92015106456153
97,0.4025157232704403,6.848094608347926
97,0.4088050314465409,15.030024589526096
97,0.41509433962264153,4.654579309585774
97,0.42138364779874216,6.947966199455818
97,0.4276729559748428,9.052408440739319
97,0.4339622641509434,24.07213723959412
97,0.44025157232704404,12.422861828683784
97,0.44654088050314467,11.78384388511116
97,0.4528301886792453,12.463836260533721
97,0.4591194968553459,7.159707891571786
97,0.46540880503144655,7.7554969038163115
97,0.4716981132075472,10.761461401809235
97,0.4779874213836478,16.616811685415644
97,0.48427672955974843,2.3188892121263676
97,0.49056603773584906,7.8141695448599
97,0.4968553459119497,15.719768143905574
98,0.0,5.773159728050814e-15
98,0.006493506493506494,21.69042165699334
98,0.012987012987012988,20.244924449377628
98,0.01948051948051948,3.127651281241198
98,0.025974025974025976,9.589201003824764
98,0.03246753246753247,7.559878896062542
98,0.03896103896103896,2.8526282081585297
98,0.045454545454545456,11.737974818679424
98,0.05194805194805195,6.072852018126189
98,0.05844155844155845,20.175981221164864
98,0.06493506493506494,6.683787270275506
98,0.07142857142857144,3.920566922004933
98,0.07792207792207792,13.481601278972969
98,0.08441558441558442,2.506568052210187
98,0.09090909090909091,12.339220671723222
98,0.09740259740259741,14.147374294511156
98,0.1038961038961039,5.388316385432936
98,0.1103896103896104,13.938693089529282
98,0.1168831168831169,7.472612852826313
98,0.12337662337662339,9.03371151592866
98,0.12987012987012989,9.236836586042534
98,0.13636363636363638,6.716926632594153
98,0.14285714285714288,12.978136587399552
98,0.14935064935064937,3.04369795196479
98,0.15584415584415584,13.31594985169732
98,0.16233766233766234,11.958166658703586
98,0.16883116883116883,8.492769984860544
98,0.17532467532467533,11.127266170176885
98,0.18181818181818182,5.7127709888047296
98,0.18831168831168832,9.152865197119246
98,0.19480519480519481,11.123637365139643
98,0.2012987012987013,8.392684789709008
98,0.2077922077922078,12.098588853337864
98,0.2142857142857143,9.550230935347496
98,0.2207792207792208,12.749279663170832
98,0.2272727272727273,20.24254544833007
98,0.2337662337662338,2.705473778446584
98,0.24025974025974028,2.697008791199078
98,0.24675324675324678,6.902021671976301
98,0.2532467532467533,13.822168724837043
98,0.25974025974025977,5.667234928151591
98,0.26623376623376627,11.362217447184902
98,0.27272727272727276,24.13219446255959
98,0.27922077922077926,3.305478395223693
98,0.28571428571428575,4.551603413223921
98,0.29220779220779225,4.128047692531078
98,0.29870129870129875,32.702424444883164
98,0.30519480519480524,23.766431245326164
98,0.3116883116883117,14.04339056608142
98,0.3181818181818182,7.030830762855679
98,0.3246753246753247,10.576100467030143
98,0.33116883116883117,13.321378861432224
98,0.33766233766233766,14.425317924917076
98,0.34415584415584416,15.012283970500963
98,0.35064935064935066,6.327723987975852
98,0.35714285714285715,14.608671420186626
98,0.36363636363636365,8.588255817803065
98,0.37012987012987014,6.46972500022243
98,0.37662337662337664,11.020097637019006
98,0.38311688311688313,9.62984497848039
98,0.38961038961038963,7.983835761281266
98,0.3961038961038961,28.559298730063524
98,0.4025974025974026,17.677169843540227
98,0.4090909090909091,12.928440302693692
98,0.4155844155844156,5.930585071082182
98,0.4220779220779221,15.953933758987377
98,0.4285714285714286,9.848852078932529
98,0.4350649350649351,11.777004137510312
98,0.4415584415584416,14.765080874435291
98,0.4480519480519481,9.332048142600945
98,0.4545454545454546,13.404126085663373
98,0.4610389610389611,13.902743484172548
98,0.4675324675324676,19.330815520049157
98,0.4740259740259741,7.638916040247777
98,0.48051948051948057,3.191011367299749
98,0.48701298701298706,5.763432243397558
98,0.49350649350649356,5.246235716832068
