sid,freq,power
0,0.0,5.079270337660091e-15
0,0.007194244604316547,21.097793895090366
0,0.014388489208633094,14.95392610801838
0,0.02158273381294964,5.865728449934185
0,0.02877697841726619,11.936828522586996
0,0.03597122302158273,17.16546998221785
0,0.04316546762589928,10.984523177502489
0,0.05035971223021583,17.19342124907436
0,0.05755395683453238,20.077103715320987
0,0.06474820143884892,7.685678757757037
0,0.07194244604316546,2.6324585217232457
0,0.07913669064748202,2.584457927636059
0,0.08633093525179857,10.860464558841555
0,0.09352517985611511,9.583560598083363
0,0.10071942446043167,13.903984714275454
0,0.10791366906474821,12.506449236560414
0,0.11510791366906475,13.836513254574012
0,0.1223021582733813,6.290052701090646
0,0.12949640287769784,8.340825978042657
0,0.1366906474820144,16.08468692711086
0,0.14388489208633093,23.42734711554441
0,0.1510791366906475,12.176795655301355
0,0.15827338129496404,5.438299684864171
0,0.16546762589928057,5.943629328146668
0,0.17266187050359713,4.104433123916229
0,0.1798561151079137,5.764028604923149
0,0.18705035971223022,8.278360527227054
0,0.19424460431654678,10.387062438164783
0,0.20143884892086333,10.53778669815824
0,0.20863309352517986,12.363512869188462
0,0.21582733812949642,3.145499668783152
0,0.22302158273381295,7.652077863716111
0,0.2302158273381295,5.579800717344901
0,0.23741007194244607,10.155330567038046
0,0.2446043165467626,8.57117701605057
0,0.2517985611510791,9.85580965263183
0,0.2589928057553957,5.231724346400167
0,0.26618705035971224,4.498999504020108
0,0.2733812949640288,9.473210828383243
0,0.28057553956834536,14.739544664824358
0,0.28776978417266186,3.3284472048241085
0,0.2949640287769784,11.473334120848508
0,0.302158273381295,13.640020976586682
0,0.30935251798561153,13.394061398801037
0,0.3165467625899281,11.306937858362476
0,0.32374100719424465,12.896407005324132
0,0.33093525179856115,3.9210100308855944
0,0.3381294964028777,0.6208029085684937
0,0.34532374100719426,9.470458850938137
0,0.3525179856115108,29.245103806762398
0,0.3597122302158274,19.13699169640536
0,0.3669064748201439,13.797187811871762
0,0.37410071942446044,12.864634659719247
0,0.381294964028777,6.763638659495204
0,0.38848920863309355,9.361031894221501
0,0.3956834532374101,8.664593156509092
0,0.40287769784172667,8.4157461036325
0,0.41007194244604317,20.37952533169301
0,0.4172661870503597,19.722917726219748
0,0.4244604316546763,5.288985571859437
0,0.43165467625899284,12.846954179242351
0,0.4388489208633094,14.401376981744555
0,0.4460431654676259,4.420181277336362
0,0.45323741007194246,16.76846869611752
0,0.460431654676259,7.635858018009811
0,0.4676258992805756,9.409803705613077
0,0.47482014388489213,6.299435621815137
0,0.48201438848920863,4.938972137379513
0,0.4892086330935252,6.527988558213716
0,0.49640287769784175,2.364142394025194
1,0.0,1.7763568394002505e-15
1,0.006993006993006993,7.210560038675878
1,0.013986013986013986,22.749449568524792
1,0.02097902097902098,15.30214713047627
1,0.027972027972027972,18.121275406984992
1,0.03496503496503497,23.33288145876638
1,0.04195804195804196,13.19743431445962
1,0.04895104895104895,6.2827171965629915
1,0.055944055944055944,7.839813732672291
1,0.06293706293706294,12.894236671420373
1,0.06993006993006994,5.012598144694242
1,0.07692307692307693,11.763361160294542
1,0.08391608391608392,4.288649925853688
1,0.09090909090909091,6.957549615272807
1,0.0979020979020979,10.662205642813591
1,0.1048951048951049,2.856342140317134
1,0.11188811188811189,9.778612182254161
1,0.11888111888111888,7.52038318268581
1,0.1258741258741259,22.680142056863797
1,0.13286713286713286,10.30192474136954
1,0.13986013986013987,22.342035630901513
1,0.14685314685314685,21.909994193029476
1,0.15384615384615385,13.497607920183027
1,0.16083916083916083,20.04658495060911
1,0.16783216783216784,9.393981149019904
1,0.17482517482517482,10.713247856610018
1,0.18181818181818182,5.126727910399331
1,0.1888111888111888,20.149318533359853
1,0.1958041958041958,7.3839104610701165
1,0.20279720279720279,20.53337886538348
1,0.2097902097902098,6.262158578980742
1,0.21678321678321677,12.038159478646866
1,0.22377622377622378,15.477859502595706
1,0.23076923076923078,10.441702083933665
1,0.23776223776223776,4.353067458062816
1,0.24475524475524477,11.646714368312821
1,0.2517482517482518,10.214180080043743
1,0.25874125874125875,9.078253430929847
1,0.26573426573426573,4.844506754036738
1,0.2727272727272727,10.898498189393075
1,0.27972027972027974,2.833818305185071
1,0.2867132867132867,6.229114853274944
1,0.2937062937062937,8.23004206097054
1,0.3006993006993007,7.504705679950749
1,0.3076923076923077,14.77098635129226
1,0.3146853146853147,5.664726412850669
1,0.32167832167832167,5.804787714725062
1,0.32867132867132864,8.484640465531854
1,0.3356643356643357,15.42033253306902
1,0.34265734265734266,5.33709488319984
1,0.34965034965034963,10.218310369071808
1,0.35664335664335667,9.050954134209332
1,0.36363636363636365,19.170311212436207
1,0.3706293706293706,6.380112626606795
1,0.3776223776223776,6.894775683422668
1,0.38461538461538464,2.411072314681083
1,0.3916083916083916,12.426332559998547
1,0.3986013986013986,19.71185369522426
1,0.40559440559440557,12.760300402911437
1,0.4125874125874126,7.477417843273482
1,0.4195804195804196,6.103983220386109
1,0.42657342657342656,4.530647653219534
1,0.43356643356643354,12.149570414544705
1,0.4405594405594406,9.886698189574606
1,0.44755244755244755,5.557801012005209
1,0.45454545454545453,2.1966396218371966
1,0.46153846153846156,8.97357255335223
1,0.46853146853146854,3.737173786336095
1,0.4755244755244755,6.694648661550239
1,0.4825174825174825,12.079707636016714
1,0.48951048951048953,15.400766373652223
1,0.4965034965034965,15.059533760167728
2,0.0,1.865174681370263e-14
2,0.0070921985815602835,24.984538680011976
2,0.014184397163120567,20.578344498853333
2,0.02127659574468085,14.83431215783559
2,0.028368794326241134,23.14974673534345
2,0.035460992907801414,9.043174577237272
2,0.0425531914893617,5.36707073539442
2,0.04964539007092199,7.265489224159426
2,0.05673758865248227,4.162212459422132
2,0.06382978723404255,8.594738424164746
2,0.07092198581560283,14.733201115444412
2,0.07801418439716312,14.419105061696317
2,0.0851063829787234,5.022324208708992
2,0.09219858156028368,7.713975594038269
2,0.09929078014184398,8.940405323886242
2,0.10638297872340426,15.785659027887853
2,0.11347517730496454,6.169823175476867
2,0.12056737588652482,5.776034311520386
2,0.1276595744680851,14.243498922290343
2,0.1347517730496454,19.107816612904937
2,0.14184397163120566,8.320585486539267
2,0.14893617021276595,2.5914383903359264
2,0.15602836879432624,1.4698006108860286
2,0.1631205673758865,19.509408890553043
2,0.1702127659574468,20.504430198131278
2,0.1773049645390071,14.70780985238069
2,0.18439716312056736,9.286124317254663
2,0.19148936170212766,3.3190158552354747
2,0.19858156028368795,8.910625192600746
2,0.20567375886524822,15.612172707907837
2,0.2127659574468085,7.0755125139021215
2,0.21985815602836878,2.875523068104606
2,0.22695035460992907,11.185884309890243
2,0.23404255319148937,3.2849756995598973
2,0.24113475177304963,2.948485298770215
2,0.24822695035460993,14.36923727427736
2,0.2553191489361702,20.783503996039585
2,0.2624113475177305,5.017731941538589
2,0.2695035460992908,3.456942075709018
2,0.2765957446808511,16.93136258889434
2,0.2836879432624113,17.29780539991713
2,0.2907801418439716,8.646879471833241
2,0.2978723404255319,9.348141719096784
2,0.3049645390070922,7.190740948969148
2,0.3120567375886525,13.920325958939522
2,0.3191489361702128,4.893575326271657
2,0.326241134751773,2.2144714988315646
2,0.3333333333333333,14.911048428185785
2,0.3404255319148936,6.472429169492616
2,0.3475177304964539,15.537093128773291
2,0.3546099290780142,1.6341242485095906
2,0.36170212765957444,13.13779848836557
2,0.36879432624113473,12.482393082698517
2,0.375886524822695,8.884139408664495
2,0.3829787234042553,7.9519008977332675
2,0.3900709219858156,7.072066939695056
2,0.3971631205673759,18.432395874544056
2,0.40425531914893614,6.099006171730142
2,0.41134751773049644,10.81560160995885
2,0.41843971631205673,22.542947207735722
2,0.425531914893617,12.870502577975035
2,0.4326241134751773,6.404119151776835
2,0.43971631205673756,1.8147380063082557
2,0.44680851063829785,5.375679566884397
2,0.45390070921985815,7.072657143722768
2,0.46099290780141844,10.517549471634256
2,0.46808510638297873,14.972267119281508
2,0.47517730496453897,12.028692503466322
2,0.48226950354609927,10.494549349336623
2,0.48936170212765956,2.445271548751975
2,0.49645390070921985,8.474456467475306
3,0.0,1.1546319456101628e-14
3,0.007042253521126761,29.939093366514875
3,0.014084507042253521,21.54651269104292
3,0.02112676056338028,16.815331496044397
3,0.028169014084507043,15.880689890506344
3,0.035211267605633804,0.816755745582369
3,0.04225352112676056,5.313929987587288
3,0.04929577464788733,11.616794074541739
3,0.056338028169014086,16.764204602930242
3,0.06338028169014084,15.84027504087444
3,0.07042253521126761,7.503507879890612
3,0.07746478873239437,18.061225911273855
3,0.08450704225352113,18.494988212171755
3,0.09154929577464789,5.052330185241702
3,0.09859154929577466,7.710233764197575
3,0.1056338028169014,13.143640324350685
3,0.11267605633802817,9.701384287367837
3,0.11971830985915494,6.430118216063234
3,0.1267605633802817,15.52384816826393
3,0.13380281690140847,12.855837189911458
3,0.14084507042253522,7.589195086967634
3,0.14788732394366197,15.207480184261456
3,0.15492957746478875,9.24032862284417
3,0.1619718309859155,2.464468188270016
3,0.16901408450704225,7.721856746995662
3,0.17605633802816903,8.929944491569431
3,0.18309859154929578,14.51486930034702
3,0.19014084507042253,14.597616746438927
3,0.1971830985915493,7.678340958375665
3,0.20422535211267606,10.579072426423751
3,0.2112676056338028,10.183694341088634
3,0.2183098591549296,13.789703059392806
3,0.22535211267605634,5.051128687556042
3,0.2323943661971831,9.779270965063944
3,0.23943661971830987,13.489661651588918
3,0.24647887323943662,7.290524952168713
3,0.2535211267605634,2.876681578797825
3,0.2605633802816901,12.065067317155421
3,0.26760563380281693,13.640527778976047
3,0.2746478873239437,7.705303898961827
3,0.28169014084507044,4.862607365025012
3,0.2887323943661972,4.413562144909999
3,0.29577464788732394,4.8943953847414985
3,0.3028169014084507,12.603679946764954
3,0.3098591549295775,8.919636417101097
3,0.31690140845070425,20.782791577452738
3,0.323943661971831,7.85534182236332
3,0.33098591549295775,10.016742770922429
3,0.3380281690140845,4.551319584335838
3,0.34507042253521125,14.449378450294196
3,0.35211267605633806,2.870527347755775
3,0.3591549295774648,14.018096570278155
3,0.36619718309859156,7.229942289706268
3,0.3732394366197183,2.7528810148045832
3,0.38028169014084506,10.00536062821833
3,0.3873239436619718,6.212051210884026
3,0.3943661971830986,14.073164577125278
3,0.4014084507042254,10.633520853447104
3,0.4084507042253521,17.040602908388024
3,0.4154929577464789,16.572695085686956
3,0.4225352112676056,10.178736184718526
3,0.4295774647887324,13.466339806300367
3,0.4366197183098592,10.208306471633776
3,0.44366197183098594,10.215780683579224
3,0.4507042253521127,7.36633620621894
3,0.45774647887323944,10.730969242990891
3,0.4647887323943662,9.739680252296811
3,0.471830985915493,14.883130656347372
3,0.47887323943661975,1.6054612956877476
3,0.4859154929577465,15.208822580435376
3,0.49295774647887325,12.452695816832264
4,0.0,1.0658141036401503e-14
4,0.0070921985815602835,16.916473615266902
4,0.014184397163120567,11.523016282167116
4,0.02127659574468085,16.68883469419982
4,0.028368794326241134,11.807702508671172
4,0.035460992907801414,7.002652193459942
4,0.0425531914893617,6.443273798060566
4,0.04964539007092199,8.148631405910246
4,0.05673758865248227,4.913992826294652
4,0.06382978723404255,16.60929659217385
4,0.07092198581560283,17.219681037707094
4,0.07801418439716312,10.505572833357718
4,0.0851063829787234,14.654249708680524
4,0.09219858156028368,18.735624891436682
4,0.09929078014184398,15.258977704315825
4,0.10638297872340426,14.576600046090755
4,0.11347517730496454,8.949969378909504
4,0.12056737588652482,3.1840169424783284
4,0.1276595744680851,14.574021792913394
4,0.1347517730496454,6.09293288444001
4,0.14184397163120566,1.8017065374204577
4,0.14893617021276595,6.08367839824505
4,0.15602836879432624,19.606577867356563
4,0.1631205673758865,10.870636151602268
4,0.1702127659574468,10.56192660750154
4,0.1773049645390071,4.1039816196265795
4,0.18439716312056736,4.749786040723364
4,0.19148936170212766,11.262892303949041
4,0.19858156028368795,6.618745279891085
4,0.20567375886524822,6.645832538896836
4,0.2127659574468085,9.359666306356392
4,0.21985815602836878,18.04219774419454
4,0.22695035460992907,16.674644122021945
4,0.23404255319148937,7.784885351726622
4,0.24113475177304963,16.55331565036081
4,0.24822695035460993,7.431059078641213
4,0.2553191489361702,11.703064955981128
4,0.2624113475177305,8.469385561469394
4,0.2695035460992908,9.51670776567386
4,0.2765957446808511,14.338181613891814
4,0.2836879432624113,11.074675930510098
4,0.2907801418439716,13.601902962909893
4,0.2978723404255319,21.190801668764063
4,0.3049645390070922,9.55145363646697
4,0.3120567375886525,7.302761367607124
4,0.3191489361702128,10.253089278275311
4,0.326241134751773,9.761722087125898
4,0.3333333333333333,4.177944225455941
4,0.3404255319148936,16.951698798415006
4,0.3475177304964539,7.612734278595934
4,0.3546099290780142,15.602812814380519
4,0.36170212765957444,19.882542575704537
4,0.36879432624113473,12.844655325609398
4,0.375886524822695,9.475986191881347
4,0.3829787234042553,12.59503524191327
4,0.3900709219858156,5.779356592035188
4,0.3971631205673759,24.554031654297585
4,0.40425531914893614,3.8066879196696766
4,0.41134751773049644,14.999300782392575
4,0.41843971631205673,12.998004476179569
4,0.425531914893617,4.354905958330292
4,0.4326241134751773,14.017267489134662
4,0.43971631205673756,6.523795309823431
4,0.44680851063829785,8.645165979414292
4,0.45390070921985815,7.1121134661007375
4,0.46099290780141844,8.673241771171698
4,0.46808510638297873,6.160391039802279
4,0.47517730496453897,14.441938479508098
4,0.48226950354609927,6.208688574365274
4,0.48936170212765956,3.6957192520706488
4,0.49645390070921985,8.705615763544682
5,0.0,6.661338147750939e-16
5,0.007194244604316547,10.639225668564315
5,0.014388489208633094,14.767797090985846
5,0.02158273381294964,15.278126284560614
5,0.02877697841726619,25.144816334561863
5,0.03597122302158273,4.769065372325643
5,0.04316546762589928,12.523808893158296
5,0.05035971223021583,9.547746842521354
5,0.05755395683453238,6.320625041158132
5,0.06474820143884892,7.512642693207642
5,0.07194244604316546,5.942957841773063
5,0.07913669064748202,5.583986460328986
5,0.08633093525179857,9.553510107271746
5,0.09352517985611511,2.6041926637124497
5,0.10071942446043167,12.270855237298434
5,0.10791366906474821,2.962981329665271
5,0.11510791366906475,11.685685343218644
5,0.1223021582733813,11.571002761198319
5,0.12949640287769784,7.7982847379861155
5,0.1366906474820144,11.038759638940425
5,0.14388489208633093,12.110507110865862
5,0.1510791366906475,14.854194533424531
5,0.15827338129496404,7.826797739861576
5,0.16546762589928057,12.330887999805707
5,0.17266187050359713,2.1448612139472565
5,0.1798561151079137,9.016504421037569
5,0.18705035971223022,7.126980839281896
5,0.19424460431654678,19.71965650979883
5,0.20143884892086333,7.811410256874654
5,0.20863309352517986,8.411680723982101
5,0.21582733812949642,6.198528718123705
5,0.22302158273381295,6.246577431393216
5,0.2302158273381295,7.451908995355128
5,0.23741007194244607,17.042127268164386
5,0.2446043165467626,10.53498421983053
5,0.2517985611510791,10.832542234329857
5,0.2589928057553957,15.198724572319655
5,0.26618705035971224,22.401530050571797
5,0.2733812949640288,3.5511282773765003
5,0.28057553956834536,29.785634143507217
5,0.28776978417266186,0.7648672271257096
5,0.2949640287769784,9.054017268261564
5,0.302158273381295,3.3323337639372825
5,0.30935251798561153,9.165183239110931
5,0.3165467625899281,7.030623568477448
5,0.32374100719424465,15.30138323439733
5,0.33093525179856115,11.55917507578174
5,0.3381294964028777,7.403461922399824
5,0.34532374100719426,14.599744890989276
5,0.3525179856115108,7.6138623807819705
5,0.3597122302158274,4.29091243957599
5,0.3669064748201439,12.674879705464573
5,0.37410071942446044,18.215979203208736
5,0.381294964028777,12.872178083880842
5,0.38848920863309355,10.170855647941199
5,0.3956834532374101,9.737759248420243
5,0.40287769784172667,5.3651094111586355
5,0.41007194244604317,4.551949003246102
5,0.4172661870503597,4.194195578006312
5,0.4244604316546763,13.35771301466761
5,0.43165467625899284,16.661042630131423
5,0.4388489208633094,16.959757417188715
5,0.4460431654676259,9.126907545172823
5,0.45323741007194246,5.85077507799482
5,0.460431654676259,18.57640218007702
5,0.4676258992805756,6.898787319137951
5,0.47482014388489213,16.37130208806193
5,0.48201438848920863,10.521509808818152
5,0.4892086330935252,11.918034609241861
5,0.49640287769784175,12.637941643168302
6,0.0,2.6645352591003757e-15
6,0.007462686567164179,9.815705050263784
6,0.014925373134328358,19.14444066766197
6,0.022388059701492536,17.519639921965414
6,0.029850746268656716,19.404649507426274
6,0.03731343283582089,12.81146882626606
6,0.04477611940298507,10.266912967267974
6,0.05223880597014925,19.40237850153176
6,0.05970149253731343,12.188339765256762
6,0.06716417910447761,12.361200528240024
6,0.07462686567164178,14.27717781421245
6,0.08208955223880597,7.182419617265145
6,0.08955223880597014,12.863488272852804
6,0.09701492537313433,12.546081971344654
6,0.1044776119402985,4.8669336806346815
6,0.11194029850746269,6.020020284488582
6,0.11940298507462686,3.1365480032181554
6,0.12686567164179105,14.741118023918501
6,0.13432835820895522,14.995907656069452
6,0.1417910447761194,17.47532983891263
6,0.14925373134328357,1.9751312273448094
6,0.15671641791044777,23.35646663059504
6,0.16417910447761194,8.056048473719901
6,0.17164179104477612,22.237497690596765
6,0.1791044776119403,17.45783975938399
6,0.18656716417910446,11.155544269837485
6,0.19402985074626866,10.457423022441038
6,0.20149253731343283,6.520459831433722
6,0.208955223880597,18.143480260923177
6,0.21641791044776118,5.13431216591316
6,0.22388059701492538,11.065095330389319
6,0.23134328358208955,2.5413276954396697
6,0.23880597014925373,3.377276635446616
6,0.2462686567164179,17.455229846811918
6,0.2537313432835821,9.800272887110703
6,0.26119402985074625,16.03733816719943
6,0.26865671641791045,5.542461175506722
6,0.27611940298507465,5.645537169538559
6,0.2835820895522388,12.946628923830016
6,0.291044776119403,16.152758927175043
6,0.29850746268656714,11.799780771126851
6,0.30597014925373134,6.54853540233346
6,0.31343283582089554,2.367951691176034
6,0.3208955223880597,1.4872125728064218
6,0.3283582089552239,3.4923448719846
6,0.33582089552238803,6.599967581264253
6,0.34328358208955223,7.0834694600770804
6,0.35074626865671643,10.723657526661544
6,0.3582089552238806,18.308274730692126
6,0.3656716417910448,7.597133127488275
6,0.3731343283582089,4.869105442131365
6,0.3805970149253731,14.760356385951768
6,0.3880597014925373,11.274677983553289
6,0.39552238805970147,0.5326955240810146
6,0.40298507462686567,3.186138517272034
6,0.41044776119402987,10.440666877465162
6,0.417910447761194,1.6043791127946014
6,0.4253731343283582,8.922147223563195
6,0.43283582089552236,5.376840469721243
6,0.44029850746268656,11.726769843398152
6,0.44776119402985076,7.408188007498852
6,0.4552238805970149,7.686252048218279
6,0.4626865671641791,10.939333492345398
6,0.47014925373134325,17.382417210054083
6,0.47761194029850745,5.657927373652146
6,0.48507462686567165,3.840383497535987
6,0.4925373134328358,4.76516066206665
7,0.0,5.88418203051333e-15
7,0.007194244604316547,14.03854548274927
7,0.014388489208633094,10.85037520440984
7,0.02158273381294964,22.08520669418578
7,0.02877697841726619,8.345818513812686
7,0.03597122302158273,10.468372652333766
7,0.04316546762589928,17.366775829000662
7,0.05035971223021583,18.815022598566227
7,0.05755395683453238,2.650064267677638
7,0.06474820143884892,13.183229723909413
7,0.07194244604316546,8.276295923046566
7,0.07913669064748202,8.983652335574854
7,0.08633093525179857,10.474928625917837
7,0.09352517985611511,3.4737216851783037
7,0.10071942446043167,19.659149567688708
7,0.10791366906474821,2.1898948891162697
7,0.11510791366906475,13.248749072965667
7,0.1223021582733813,11.612840656735559
7,0.12949640287769784,3.685691120678761
7,0.1366906474820144,15.441006826499686
7,0.14388489208633093,10.127556119553338
7,0.1510791366906475,12.187955212142082
7,0.15827338129496404,0.44766791782558085
7,0.16546762589928057,6.026421582446974
7,0.17266187050359713,1.84913430765367
7,0.1798561151079137,3.5330087459113932
7,0.18705035971223022,4.172518179507725
7,0.19424460431654678,8.283412671924193
7,0.20143884892086333,11.909145819116755
7,0.20863309352517986,4.25165614676292
7,0.21582733812949642,13.746932101664342
7,0.22302158273381295,19.070784798539417
7,0.2302158273381295,8.16358672657718
7,0.23741007194244607,3.9878893173991177
7,0.2446043165467626,4.442221790809297
7,0.2517985611510791,13.495658629772144
7,0.2589928057553957,11.839314953152229
7,0.26618705035971224,9.76112961524131
7,0.2733812949640288,8.929012491634902
7,0.28057553956834536,8.082599603829165
7,0.28776978417266186,19.09732778601492
7,0.2949640287769784,6.501737740322406
7,0.302158273381295,6.64434214426194
7,0.30935251798561153,10.383896893697194
7,0.3165467625899281,13.686303686150765
7,0.32374100719424465,8.686365225015363
7,0.33093525179856115,14.147903340284829
7,0.3381294964028777,5.885602352860887
7,0.34532374100719426,11.225464015029115
7,0.3525179856115108,9.75221164249651
7,0.3597122302158274,7.158085964432765
7,0.3669064748201439,9.722347553865287
7,0.37410071942446044,21.75066409353444
7,0.381294964028777,10.228330250934269
7,0.38848920863309355,24.892431748212694
7,0.3956834532374101,5.070160583460133
7,0.40287769784172667,4.8759921477388675
7,0.41007194244604317,7.913103875393669
7,0.4172661870503597,10.482979047991877
7,0.4244604316546763,24.543373271806633
7,0.43165467625899284,3.5171967855333266
7,0.4388489208633094,9.576068311117893
7,0.4460431654676259,14.040465370030129
7,0.45323741007194246,1.8278777711592338
7,0.460431654676259,7.525248037408924
7,0.4676258992805756,21.389757228874533
7,0.47482014388489213,12.673224323067636
7,0.48201438848920863,13.474756425402349
7,0.4892086330935252,12.144651686776916
7,0.49640287769784175,9.851267533623087
8,0.0,1.532107773982716e-14
8,0.006666666666666667,16.046061682577122
8,0.013333333333333334,9.184529549169497
8,0.02,10.57618881351371
8,0.02666666666666667,24.107767696712948
8,0.03333333333333333,15.59231501859622
8,0.04,23.778315627853228
8,0.04666666666666667,15.800746837523109
8,0.05333333333333334,12.390614522728857
8,0.060000000000000005,17.39333320568393
8,0.06666666666666667,24.890552309368722
8,0.07333333333333333,21.55812784511155
8,0.08,14.841385635662956
8,0.08666666666666667,6.672972122119651
8,0.09333333333333334,21.255113614256864
8,0.1,19.924497949759935
8,0.10666666666666667,13.759172146808627
8,0.11333333333333334,14.930444424348924
8,0.12000000000000001,9.43146593632441
8,0.12666666666666668,8.200879533238217
8,0.13333333333333333,14.527630476298311
8,0.14,10.519201709920486
8,0.14666666666666667,12.250407983926738
8,0.15333333333333335,7.052660148891168
8,0.16,8.636234292435086
8,0.16666666666666669,13.015372318455178
8,0.17333333333333334,8.818925144258953
8,0.18000000000000002,14.6551242276324
8,0.18666666666666668,8.755910855172605
8,0.19333333333333336,7.661426487512069
8,0.2,8.525392839909694
8,0.2066666666666667,9.44042633697574
8,0.21333333333333335,14.015021316814048
8,0.22,4.413037829016548
8,0.22666666666666668,6.742275630214156
8,0.23333333333333334,20.139801738131055
8,0.24000000000000002,14.171273453645522
8,0.24666666666666667,3.5011392246478272
8,0.25333333333333335,9.882602006930755
8,0.26,10.684986819243687
8,0.26666666666666666,5.559802639556708
8,0.2733333333333334,5.567930946817574
8,0.28,17.707998809369705
8,0.2866666666666667,4.962073398824027
8,0.29333333333333333,8.025738702687049
8,0.30000000000000004,2.268296929435517
8,0.3066666666666667,5.111749653109542
8,0.31333333333333335,13.821341501489925
8,0.32,16.072476851907098
8,0.32666666666666666,10.119264918677931
8,0.33333333333333337,10.609365645035522
8,0.34,0.9674650030025681
8,0.3466666666666667,6.335304094983423
8,0.35333333333333333,6.237340025083793
8,0.36000000000000004,16.378814449441144
8,0.3666666666666667,7.715879341865268
8,0.37333333333333335,13.54760752359503
8,0.38,4.733533844659476
8,0.3866666666666667,17.211149579362107
8,0.39333333333333337,4.33749514364427
8,0.4,4.304394042400136
8,0.4066666666666667,6.819409783156848
8,0.4133333333333334,16.00826946182152
8,0.42000000000000004,9.187004214750308
8,0.4266666666666667,10.284808348149078
8,0.43333333333333335,13.501233795972254
8,0.44,11.898094631904568
8,0.4466666666666667,10.514653828396801
8,0.45333333333333337,4.5722595983506595
8,0.46,2.5175615020233755
8,0.4666666666666667,10.35527808003472
8,0.4733333333333334,10.79928165497396
8,0.48000000000000004,12.214556483535503
8,0.4866666666666667,5.032459737876886
8,0.49333333333333335,5.004869353954444
9,0.0,1.9984014443252818e-15
9,0.007194244604316547,27.001412011861678
9,0.014388489208633094,29.084878972743873
9,0.02158273381294964,25.723187071744636
9,0.02877697841726619,15.835359421724345
9,0.03597122302158273,11.68901594824622
9,0.04316546762589928,8.446211610438304
9,0.05035971223021583,4.384823733501688
9,0.05755395683453238,4.512513185165499
9,0.06474820143884892,3.7705078586560288
9,0.07194244604316546,9.333711825749605
9,0.07913669064748202,11.074752563257926
9,0.08633093525179857,4.455920328790465
9,0.09352517985611511,10.975784520615441
9,0.10071942446043167,7.665877579395019
9,0.10791366906474821,10.798178054511473
9,0.11510791366906475,12.116170261010291
9,0.1223021582733813,6.24682870155621
9,0.12949640287769784,13.166919491617943
9,0.1366906474820144,16.87529271033181
9,0.14388489208633093,12.785223778950302
9,0.1510791366906475,15.203869816612722
9,0.15827338129496404,15.171704460564756
9,0.16546762589928057,4.739407894838154
9,0.17266187050359713,17.07579818827087
9,0.1798561151079137,15.929803860251688
9,0.18705035971223022,12.072783146704616
9,0.19424460431654678,17.20574523142267
9,0.20143884892086333,5.3308030375984155
9,0.20863309352517986,5.804027849475754
9,0.21582733812949642,11.36695547364022
9,0.22302158273381295,4.611724495766236
9,0.2302158273381295,9.694601341260155
9,0.23741007194244607,7.859946485176168
9,0.2446043165467626,5.5702463224177645
9,0.2517985611510791,1.571632172277912
9,0.2589928057553957,9.028934947782169
9,0.26618705035971224,9.976072317444933
9,0.2733812949640288,19.609218505264764
9,0.28057553956834536,10.548482265457501
9,0.28776978417266186,8.41341526290298
9,0.2949640287769784,16.101127582652612
9,0.302158273381295,4.7678154934498815
9,0.30935251798561153,8.943522311273487
9,0.3165467625899281,15.388974319209163
9,0.32374100719424465,3.8815960519481605
9,0.33093525179856115,20.979795087008178
9,0.3381294964028777,4.9902443642193415
9,0.34532374100719426,4.0309297034160645
9,0.3525179856115108,12.708949347526477
9,0.3597122302158274,5.154326096008959
9,0.3669064748201439,6.206863769460558
9,0.37410071942446044,0.9013772756340679
9,0.381294964028777,9.160182437040152
9,0.38848920863309355,7.0921084056719925
9,0.3956834532374101,0.8159732496090049
9,0.40287769784172667,15.323869648376181
9,0.41007194244604317,6.757764252068693
9,0.4172661870503597,3.6167136273485614
9,0.4244604316546763,11.157298538398727
9,0.43165467625899284,18.028593752205754
9,0.4388489208633094,9.642824763488226
9,0.4460431654676259,11.994931525054081
9,0.45323741007194246,10.008045167205458
9,0.460431654676259,12.210678094405433
9,0.4676258992805756,6.94950611126142
9,0.47482014388489213,3.02295931581221
9,0.48201438848920863,4.844990958081303
9,0.4892086330935252,3.054975272274441
9,0.49640287769784175,13.456814534246117
10,0.0,6.217248937900877e-15
10,0.006666666666666667,36.302586916717054
10,0.013333333333333334,25.656395050851874
10,0.02,11.31989674613155
10,0.02666666666666667,17.805744951105048
10,0.03333333333333333,12.30817258703969
10,0.04,7.943761149060739
10,0.04666666666666667,13.762139581383883
10,0.05333333333333334,13.81556267556952
10,0.060000000000000005,9.235807135880142
10,0.06666666666666667,2.0157237685372347
10,0.07333333333333333,10.384854854404145
10,0.08,7.50682601748335
10,0.08666666666666667,4.123126976172528
10,0.09333333333333334,10.658787456824033
10,0.1,1.7264412895724104
10,0.10666666666666667,8.972124902817164
10,0.11333333333333334,6.959232768568127
10,0.12000000000000001,16.473371990413696
10,0.12666666666666668,5.014814831481818
10,0.13333333333333333,12.420265657085482
10,0.14,14.29289026750894
10,0.14666666666666667,14.789490373053534
10,0.15333333333333335,7.280056895470618
10,0.16,5.658130016108471
10,0.16666666666666669,4.543809064263305
10,0.17333333333333334,7.132505369049423
10,0.18000000000000002,13.366947139975176
10,0.18666666666666668,14.564691207007955
10,0.19333333333333336,11.155527933171983
10,0.2,12.411443945073337
10,0.2066666666666667,11.944108552123325
10,0.21333333333333335,14.843383888030647
10,0.22,12.647048703332546
10,0.22666666666666668,16.975882770349635
10,0.23333333333333334,11.896590129855596
10,0.24000000000000002,12.315698318144516
10,0.24666666666666667,5.464597332329772
10,0.25333333333333335,1.5184633550847604
10,0.26,8.573859265236207
10,0.26666666666666666,11.72397987177965
10,0.2733333333333334,10.866978053604157
10,0.28,13.721495167375885
10,0.2866666666666667,13.146389116008567
10,0.29333333333333333,13.072730110084503
10,0.30000000000000004,14.628627523032039
10,0.3066666666666667,15.497890977762275
10,0.31333333333333335,9.978008876677892
10,0.32,4.66368129642989
10,0.32666666666666666,15.243176517702825
10,0.33333333333333337,6.969917164890472
10,0.34,7.290032633845829
10,0.3466666666666667,8.123810399568692
10,0.35333333333333333,11.805285963842461
10,0.36000000000000004,9.067367907804957
10,0.3666666666666667,8.816988838437426
10,0.37333333333333335,9.220027345750827
10,0.38,13.5103472894676
10,0.3866666666666667,7.494606520363139
10,0.39333333333333337,11.015910419471334
10,0.4,8.386288770588251
10,0.4066666666666667,7.864876374274363
10,0.4133333333333334,1.4003239118970223
10,0.42000000000000004,15.019598779607865
10,0.4266666666666667,3.9451101110527715
10,0.43333333333333335,4.705455892405843
10,0.44,9.711157669986576
10,0.4466666666666667,14.444132101678456
10,0.45333333333333337,6.477263647083755
10,0.46,14.206816838233799
10,0.4666666666666667,4.834077014264554
10,0.4733333333333334,12.591287759941277
10,0.48000000000000004,14.844574826157853
10,0.4866666666666667,20.720400493713388
10,0.49333333333333335,20.952417333663778
11,0.0,7.105427357601002e-15
11,0.006666666666666667,24.94317373985912
11,0.013333333333333334,17.08402282137612
11,0.02,15.55241586503425
11,0.02666666666666667,5.894843902997142
11,0.03333333333333333,14.001581669583539
11,0.04,5.214267522972806
11,0.04666666666666667,13.412645783532616
11,0.05333333333333334,7.595924597486282
11,0.060000000000000005,23.015868022820836
11,0.06666666666666667,12.782019676447666
11,0.07333333333333333,8.657885874595635
11,0.08,5.060858765423093
11,0.08666666666666667,4.962638384855834
11,0.09333333333333334,25.046542845146213
11,0.1,12.823957379742499
11,0.10666666666666667,17.437830297008805
11,0.11333333333333334,4.939976481383384
11,0.12000000000000001,4.921654348179297
11,0.12666666666666668,9.870245588714633
11,0.13333333333333333,9.987457032848612
11,0.14,17.061261647170937
11,0.14666666666666667,4.741860631961464
11,0.15333333333333335,12.471364051532182
11,0.16,4.078696326492921
11,0.16666666666666669,11.702054193321402
11,0.17333333333333334,5.917297209646335
11,0.18000000000000002,12.149039602506734
11,0.18666666666666668,3.432198492429656
11,0.19333333333333336,7.766753411550742
11,0.2,4.98779518333411
11,0.2066666666666667,16.117968059600997
11,0.21333333333333335,8.682623070347004
11,0.22,17.519894161305967
11,0.22666666666666668,4.81272846055471
11,0.23333333333333334,4.021672747102057
11,0.24000000000000002,3.378495122820028
11,0.24666666666666667,5.659534672650591
11,0.25333333333333335,7.954431629349502
11,0.26,14.719032205566332
11,0.26666666666666666,8.383425002145975
11,0.2733333333333334,16.826488662795537
11,0.28,2.0453616581779563
11,0.2866666666666667,19.53734143260385
11,0.29333333333333333,8.479740393375502
11,0.30000000000000004,14.70557427968661
11,0.3066666666666667,5.829890128129634
11,0.31333333333333335,10.845964075849787
11,0.32,14.714754331785048
11,0.32666666666666666,3.820875617386661
11,0.33333333333333337,9.147778721880496
11,0.34,18.344529453449077
11,0.3466666666666667,7.319095973303637
11,0.35333333333333333,11.73732389655918
11,0.36000000000000004,3.2726097310536804
11,0.3666666666666667,15.381710107419236
11,0.37333333333333335,8.74314180340778
11,0.38,8.786033667565079
11,0.3866666666666667,9.098096164580497
11,0.39333333333333337,13.861291118162034
11,0.4,9.747877228293557
11,0.4066666666666667,14.894464087131169
11,0.4133333333333334,20.257950630496815
11,0.42000000000000004,8.8605298079983
11,0.4266666666666667,14.586469298246174
11,0.43333333333333335,7.7256740827660755
11,0.44,9.450423471961527
11,0.4466666666666667,8.618049812189591
11,0.45333333333333337,18.22260586210544
11,0.46,5.374791949111739
11,0.4666666666666667,24.11867646523641
11,0.4733333333333334,15.039195549840173
11,0.48000000000000004,9.016791256165941
11,0.4866666666666667,10.765601350434151
11,0.49333333333333335,14.605981219842043
12,0.0,4.440892098500626e-15
12,0.007194244604316547,24.637599084883085
12,0.014388489208633094,26.383495372544942
12,0.02158273381294964,9.099326718349857
12,0.02877697841726619,16.27589708821133
12,0.03597122302158273,12.319611971719146
12,0.04316546762589928,17.23372179716658
12,0.05035971223021583,10.850868017672349
12,0.05755395683453238,10.042096052674333
12,0.06474820143884892,9.91132375153599
12,0.07194244604316546,21.475327899361005
12,0.07913669064748202,2.683179207352076
12,0.08633093525179857,18.457181531881606
12,0.09352517985611511,9.003711152433327
12,0.10071942446043167,8.60529153265995
12,0.10791366906474821,9.697567792135137
12,0.11510791366906475,16.341871287237023
12,0.1223021582733813,7.496750678016605
12,0.12949640287769784,14.386813878291433
12,0.1366906474820144,14.99440291043948
12,0.14388489208633093,3.1570478061919798
12,0.1510791366906475,18.77601271315335
12,0.15827338129496404,10.500053952930358
12,0.16546762589928057,7.1747905103850025
12,0.17266187050359713,8.108728977283747
12,0.1798561151079137,0.6096384480807685
12,0.18705035971223022,9.806502305539091
12,0.19424460431654678,12.217620632747424
12,0.20143884892086333,3.2083325230254904
12,0.20863309352517986,6.7694829399095315
12,0.21582733812949642,2.673753068057405
12,0.22302158273381295,16.451115855087764
12,0.2302158273381295,0.8696294473085048
12,0.23741007194244607,6.056350409160808
12,0.2446043165467626,9.515054070524306
12,0.2517985611510791,5.279963237821927
12,0.2589928057553957,10.122677664972386
12,0.26618705035971224,14.925359684070308
12,0.2733812949640288,8.012176998316246
12,0.28057553956834536,14.933625143088763
12,0.28776978417266186,6.486303848754152
12,0.2949640287769784,11.96826005183773
12,0.302158273381295,14.070975757790663
12,0.30935251798561153,1.4257172105306142
12,0.3165467625899281,5.127140134354271
12,0.32374100719424465,5.0406747934223635
12,0.33093525179856115,11.377692233188712
12,0.3381294964028777,4.873243631773713
12,0.34532374100719426,15.687367350156208
12,0.3525179856115108,1.289127400377821
12,0.3597122302158274,11.063228097115932
12,0.3669064748201439,3.3072066851454327
12,0.37410071942446044,10.087934890404936
12,0.381294964028777,14.08430273260049
12,0.38848920863309355,9.866202043152708
12,0.3956834532374101,9.87643367656947
12,0.40287769784172667,7.295971036989828
12,0.41007194244604317,6.882135409169897
12,0.4172661870503597,13.010884659703784
12,0.4244604316546763,9.047258781674836
12,0.43165467625899284,25.01514435714579
12,0.4388489208633094,4.889600441517489
12,0.4460431654676259,8.700132161139113
12,0.45323741007194246,14.753441660836371
12,0.460431654676259,11.118888912268783
12,0.4676258992805756,6.425293489181123
12,0.47482014388489213,8.902590858312815
12,0.48201438848920863,15.7684849557556
12,0.4892086330935252,8.866525477803574
12,0.49640287769784175,12.660499474870708
13,0.0,1.3322676295501878e-15
13,0.0064516129032258064,28.31945900651614
13,0.012903225806451613,22.92275223116403
13,0.01935483870967742,23.197374157149156
13,0.025806451612903226,11.520460817692143
13,0.03225806451612903,13.41410488503929
13,0.03870967741935484,22.012502618871103
13,0.04516129032258064,7.217090631116965
13,0.05161290322580645,8.531291189646298
13,0.05806451612903226,15.928509734725642
13,0.06451612903225806,17.481861940968074
13,0.07096774193548387,11.86525792654277
13,0.07741935483870968,11.724852974222818
13,0.08387096774193549,8.496252700440056
13,0.09032258064516129,16.01717429339845
13,0.0967741935483871,13.644223155217208
13,0.1032258064516129,5.661213561585265
13,0.10967741935483871,18.289251755517206
13,0.11612903225806452,15.472664073368762
13,0.12258064516129032,3.504288164830891
13,0.12903225806451613,5.747643990093674
13,0.13548387096774195,1.8957936276518137
13,0.14193548387096774,7.428950232800595
13,0.14838709677419354,7.384772858070317
13,0.15483870967741936,6.9735484712196
13,0.16129032258064516,10.177569545271352
13,0.16774193548387098,3.430833030474345
13,0.17419354838709677,8.856719872656873
13,0.18064516129032257,11.351014890988639
13,0.1870967741935484,9.776066174687442
13,0.1935483870967742,14.351420004011938
13,0.2,6.333213104869781
13,0.2064516129032258,13.726247530250474
13,0.2129032258064516,8.56016666739314
13,0.21935483870967742,4.982047093831894
13,0.22580645161290322,16.28329803575468
13,0.23225806451612904,14.515379137815778
13,0.23870967741935484,6.6899470583186655
13,0.24516129032258063,11.625215623412164
13,0.25161290322580643,11.827198431424918
13,0.25806451612903225,17.744881504315103
13,0.2645161290322581,6.940166453362282
13,0.2709677419354839,16.49874971498794
13,0.27741935483870966,9.510294100059735
13,0.2838709677419355,15.333996599746637
13,0.2903225806451613,28.538186746516082
13,0.2967741935483871,13.713101936835546
13,0.3032258064516129,19.105819097062497
13,0.3096774193548387,8.631674493341908
13,0.3161290322580645,10.136673353443813
13,0.3225806451612903,11.163711491280806
13,0.32903225806451614,1.8386338188387257
13,0.33548387096774196,5.014671703877563
13,0.3419354838709677,7.266398669924273
13,0.34838709677419355,15.784701075203197
13,0.3548387096774194,7.6391300581628245
13,0.36129032258064514,7.843825092541792
13,0.36774193548387096,6.612215712646551
13,0.3741935483870968,11.45873580278355
13,0.38064516129032255,14.479330671789842
13,0.3870967741935484,1.7839353343245687
13,0.3935483870967742,10.646631336452376
13,0.4,11.037109809960743
13,0.4064516129032258,16.00818136175524
13,0.4129032258064516,13.819948141921056
13,0.41935483870967744,17.160050775070957
13,0.4258064516129032,7.250935436548687
13,0.432258064516129,7.9925215961455205
13,0.43870967741935485,6.651737837716055
13,0.44516129032258067,7.025623793283806
13,0.45161290322580644,4.885913255673857
13,0.45806451612903226,5.492846299967055
13,0.4645161290322581,4.470272075078466
13,0.47096774193548385,13.286731823875384
13,0.4774193548387097,7.316970582046224
13,0.4838709677419355,8.926074838149328
13,0.49032258064516127,16.01018360877117
13,0.4967741935483871,4.149435044203227
14,0.0,8.881784197001252e-16
14,0.006896551724137931,20.350006701136323
14,0.013793103448275862,23.170983947683975
14,0.020689655172413793,17.990880159281236
14,0.027586206896551724,13.368872709303083
14,0.034482758620689655,17.828870295394665
14,0.041379310344827586,12.228117629571857
14,0.04827586206896552,14.510120612541705
14,0.05517241379310345,8.127682633864328
14,0.06206896551724138,18.71036688820547
14,0.06896551724137931,5.946780864556807
14,0.07586206896551724,15.60795337310606
14,0.08275862068965517,5.834691370005013
14,0.0896551724137931,14.045035975301541
14,0.09655172413793103,6.390606925559024
14,0.10344827586206896,12.442953187591337
14,0.1103448275862069,11.556572024146238
14,0.11724137931034483,4.470056129450589
14,0.12413793103448276,8.54986376320838
14,0.13103448275862067,6.6829764121431765
14,0.13793103448275862,19.823351022813895
14,0.14482758620689656,5.38625446526652
14,0.15172413793103448,15.363141486550413
14,0.1586206896551724,8.54009290457512
14,0.16551724137931034,4.513931047766001
14,0.1724137931034483,10.095052203893317
14,0.1793103448275862,7.3044266240036375
14,0.18620689655172412,11.49843781799801
14,0.19310344827586207,12.046652741564952
14,0.2,16.18131427566427
14,0.20689655172413793,3.9547244074996506
14,0.21379310344827585,4.56356623460442
14,0.2206896551724138,4.421035195417654
14,0.22758620689655173,5.445315825958892
14,0.23448275862068965,8.082485420753766
14,0.24137931034482757,10.631122023485597
14,0.2482758620689655,5.614865726173935
14,0.25517241379310346,12.216112539497473
14,0.26206896551724135,6.990173166557038
14,0.2689655172413793,15.012960661056763
14,0.27586206896551724,14.650522696596347
14,0.2827586206896552,9.93503656182998
14,0.2896551724137931,11.675016698897117
14,0.296551724137931,10.588044497343587
14,0.30344827586206896,12.806408608055378
14,0.3103448275862069,1.3017539751536336
14,0.3172413793103448,17.743380467139644
14,0.32413793103448274,8.03910937192836
14,0.3310344827586207,13.413463392868643
14,0.33793103448275863,17.47955732821389
14,0.3448275862068966,9.82261240866134
14,0.35172413793103446,9.833612240645422
14,0.3586206896551724,5.865796876196698
14,0.36551724137931035,3.836607215960263
14,0.37241379310344824,1.8762139035550696
14,0.3793103448275862,3.234464404844123
14,0.38620689655172413,18.533889705743388
14,0.3931034482758621,9.24100402134785
14,0.4,9.748094550625254
14,0.4068965517241379,20.131142682292943
14,0.41379310344827586,12.691870969126244
14,0.4206896551724138,16.017232324253918
14,0.4275862068965517,11.676394754112938
14,0.43448275862068964,10.02920943468024
14,0.4413793103448276,12.501232365484375
14,0.4482758620689655,4.911845080661321
14,0.45517241379310347,9.023355528458543
14,0.46206896551724136,9.624988804800594
14,0.4689655172413793,13.577190361290706
14,0.47586206896551725,10.190123895546385
14,0.48275862068965514,8.646371023032932
14,0.4896551724137931,14.802656645511586
14,0.496551724137931,21.308491954326236
15,0.0,8.881784197001252e-15
15,0.006802721088435374,17.47818767475259
15,0.013605442176870748,8.814102285877466
15,0.02040816326530612,27.961481583473642
15,0.027210884353741496,14.698170784180935
15,0.03401360544217687,15.286026571359558
15,0.04081632653061224,15.940270232844998
15,0.047619047619047616,6.4424471010436175
15,0.05442176870748299,12.595312624909324
15,0.061224489795918366,18.687795189394258
15,0.06802721088435373,9.948057246823216
15,0.07482993197278912,9.54414127687794
15,0.08163265306122448,2.7943115712541804
15,0.08843537414965986,2.1991709835360345
15,0.09523809523809523,22.823824744370498
15,0.10204081632653061,4.1189814493195085
15,0.10884353741496598,9.244866425049935
15,0.11564625850340135,3.1047620134756366
15,0.12244897959183673,8.237143974737704
15,0.1292517006802721,1.139435311128264
15,0.13605442176870747,10.869204645778721
15,0.14285714285714285,6.683858827245136
15,0.14965986394557823,14.404693041292203
15,0.1564625850340136,1.777908960872923
15,0.16326530612244897,15.074046231148667
15,0.17006802721088435,15.895183884206823
15,0.17687074829931973,7.762847615032152
15,0.18367346938775508,14.115535292237661
15,0.19047619047619047,12.536707921458541
15,0.19727891156462585,1.8062619098761679
15,0.20408163265306123,5.845297170992306
15,0.21088435374149658,5.720967574912415
15,0.21768707482993196,3.635358268964961
15,0.22448979591836735,8.22132369285629
15,0.2312925170068027,13.38980422752036
15,0.23809523809523808,13.357133058013416
15,0.24489795918367346,11.846436858457981
15,0.25170068027210885,14.331221267171772
15,0.2585034013605442,7.012228627129134
15,0.2653061224489796,1.4809735172525256
15,0.27210884353741494,4.530889241675981
15,0.2789115646258503,8.21601427612026
15,0.2857142857142857,9.587318148020179
15,0.2925170068027211,4.135519600185681
15,0.29931972789115646,11.303111624435587
15,0.30612244897959184,12.485073938712818
15,0.3129251700680272,3.5423765749055867
15,0.31972789115646255,8.4836924761174
15,0.32653061224489793,2.8750361933425674
15,0.3333333333333333,12.818767298374448
15,0.3401360544217687,5.1608652437240385
15,0.3469387755102041,14.155082824776509
15,0.35374149659863946,2.962604270123946
15,0.36054421768707484,12.897435344080524
15,0.36734693877551017,6.3224691167334255
15,0.37414965986394555,8.978780961105679
15,0.38095238095238093,4.888287827618901
15,0.3877551020408163,8.558642039833405
15,0.3945578231292517,21.093791029121572
15,0.4013605442176871,12.082872353976205
15,0.40816326530612246,13.536871061062824
15,0.4149659863945578,16.344089962167544
15,0.42176870748299317,21.557039549495766
15,0.42857142857142855,25.267778074736373
15,0.43537414965986393,16.650291020892524
15,0.4421768707482993,3.111044656756547
15,0.4489795918367347,11.662702709039271
15,0.4557823129251701,15.637078209377433
15,0.4625850340136054,4.8064688756078535
15,0.4693877551020408,10.631760802192595
15,0.47619047619047616,12.987763263983872
15,0.48299319727891155,20.94388519690365
15,0.4897959183673469,14.281968040614402
15,0.4965986394557823,13.73444512456265
16,0.0,4.440892098500626e-15
16,0.006756756756756757,22.148589857884783
16,0.013513513513513514,17.396406361094265
16,0.02027027027027027,4.9302301920029095
16,0.02702702702702703,18.70612326437371
16,0.033783783783783786,4.888850261110359
16,0.04054054054054054,9.31986330725957
16,0.0472972972972973,11.405956698458624
16,0.05405405405405406,15.755924571732217
16,0.060810810810810814,0.9005007315459763
16,0.06756756756756757,9.425903486437972
16,0.07432432432432433,13.701536997243801
16,0.08108108108108109,7.328253686133533
16,0.08783783783783784,9.69670977190392
16,0.0945945945945946,8.541031160635693
16,0.10135135135135136,15.122197438107044
16,0.10810810810810811,12.785949380409441
16,0.11486486486486487,3.5228209744265797
16,0.12162162162162163,7.543126617913896
16,0.1283783783783784,16.340127172760713
16,0.13513513513513514,11.354464659592859
16,0.14189189189189189,16.981634514355928
16,0.14864864864864866,16.218659844101605
16,0.15540540540540543,9.561612214477423
16,0.16216216216216217,10.79502032166975
16,0.16891891891891891,12.311373731649242
16,0.17567567567567569,23.898326853808165
16,0.18243243243243246,3.958056464794944
16,0.1891891891891892,14.130838335425066
16,0.19594594594594594,7.623331779585966
16,0.20270270270270271,14.061926340154606
16,0.20945945945945948,8.718909036407563
16,0.21621621621621623,19.6085720219571
16,0.22297297297297297,9.985657235033113
16,0.22972972972972974,9.535139867559193
16,0.2364864864864865,8.23235293215131
16,0.24324324324324326,7.951657857874656
16,0.25,16.629398635566552
16,0.2567567567567568,9.674619075014121
16,0.26351351351351354,7.533625283493165
16,0.2702702702702703,11.113773558339718
16,0.27702702702702703,19.323677780614698
16,0.28378378378378377,10.901341261024315
16,0.29054054054054057,5.548543065502346
16,0.2972972972972973,5.675075198123267
16,0.30405405405405406,18.007109390880963
16,0.31081081081081086,13.104581787411531
16,0.3175675675675676,7.2355790841885375
16,0.32432432432432434,14.160215506605532
16,0.3310810810810811,5.799376956536063
16,0.33783783783783783,3.792550500905607
16,0.3445945945945946,9.191430046301072
16,0.35135135135135137,12.426822841798785
16,0.3581081081081081,12.423750353121337
16,0.3648648648648649,18.089886684433363
16,0.37162162162162166,8.10119940998298
16,0.3783783783783784,7.880246495542344
16,0.38513513513513514,7.921693520221161
16,0.3918918918918919,17.310359839469253
16,0.3986486486486487,3.340352556244942
16,0.40540540540540543,11.80561572092117
16,0.41216216216216217,18.394147773887923
16,0.41891891891891897,10.398494311556036
16,0.4256756756756757,7.966962281980673
16,0.43243243243243246,12.15001437724914
16,0.4391891891891892,18.2344586310857
16,0.44594594594594594,2.758913370681303
16,0.45270270270270274,12.947832750121984
16,0.4594594594594595,18.33456695016503
16,0.46621621621621623,4.287542088160204
16,0.472972972972973,7.013796237745647
16,0.47972972972972977,11.577822056561653
16,0.4864864864864865,6.081281107499059
16,0.49324324324324326,12.612561270709465
17,0.0,6.217248937900877e-15
17,0.007142857142857143,26.66251409151812
17,0.014285714285714285,29.27007891391771
17,0.02142857142857143,16.364004129346164
17,0.02857142857142857,14.675453316511557
17,0.03571428571428571,11.959240585082599
17,0.04285714285714286,4.038825871711368
17,0.049999999999999996,4.636137458151115
17,0.05714285714285714,5.199215397895189
17,0.06428571428571428,19.034022055498095
17,0.07142857142857142,13.646115530794457
17,0.07857142857142857,21.464143711067955
17,0.08571428571428572,11.902706881264798
17,0.09285714285714286,17.285898307236483
17,0.09999999999999999,22.291060879149363
17,0.10714285714285714,14.37772238842735
17,0.11428571428571428,17.672583401183932
17,0.12142857142857143,5.156068553295118
17,0.12857142857142856,9.319825575952432
17,0.1357142857142857,20.78174083547324
17,0.14285714285714285,15.949636764725833
17,0.15,5.091782556119577
17,0.15714285714285714,6.048606614418245
17,0.16428571428571428,3.256094621681946
17,0.17142857142857143,6.826675684505498
17,0.17857142857142858,11.174420255163447
17,0.18571428571428572,12.513423678744681
17,0.19285714285714284,2.212023971076707
17,0.19999999999999998,17.957963118079615
17,0.20714285714285713,8.883214823169828
17,0.21428571428571427,14.824897667186601
17,0.22142857142857142,9.804237630981996
17,0.22857142857142856,9.426820736411742
17,0.2357142857142857,13.089317849710062
17,0.24285714285714285,11.749133592194246
17,0.25,8.52694484721202
17,0.2571428571428571,8.976358400242537
17,0.2642857142857143,15.663744153393216
17,0.2714285714285714,9.07025511746681
17,0.2785714285714286,12.226252213458016
17,0.2857142857142857,9.974202756783143
17,0.29285714285714287,6.326020596393238
17,0.3,5.64470098662531
17,0.3071428571428571,7.057367970886663
17,0.3142857142857143,10.202698492684874
17,0.3214285714285714,4.614043743452513
17,0.32857142857142857,6.981657987782253
17,0.3357142857142857,3.3357272166889245
17,0.34285714285714286,4.675496544555547
17,0.35,4.959654694425579
17,0.35714285714285715,2.493270702673828
17,0.36428571428571427,13.840634416993039
17,0.37142857142857144,6.828537101657601
17,0.37857142857142856,6.3636380170293245
17,0.3857142857142857,9.074793555175773
17,0.39285714285714285,10.915154911925194
17,0.39999999999999997,11.592571395410161
17,0.40714285714285714,4.59537841249393
17,0.41428571428571426,10.698560130400034
17,0.42142857142857143,12.19106415730609
17,0.42857142857142855,1.514382896617115
17,0.4357142857142857,4.765846133107848
17,0.44285714285714284,14.207006296690338
17,0.45,6.3654157913506655
17,0.45714285714285713,3.3016100163782447
17,0.46428571428571425,10.081961199488564
17,0.4714285714285714,2.2383108496510538
17,0.47857142857142854,5.618705170927663
17,0.4857142857142857,15.90551265483079
17,0.4928571428571428,9.397089341176189
18,0.0,1.3988810110276972e-14
18,0.0070921985815602835,24.868963597246285
18,0.014184397163120567,17.250650474451803
18,0.02127659574468085,26.78291407800364
18,0.028368794326241134,9.227382897936774
18,0.035460992907801414,1.7021185846139664
18,0.0425531914893617,4.020983784546558
18,0.04964539007092199,5.102034838085426
18,0.05673758865248227,8.259428857949207
18,0.06382978723404255,3.0621675164764217
18,0.07092198581560283,3.950702115465586
18,0.07801418439716312,11.71871591754042
18,0.0851063829787234,14.458976912346445
18,0.09219858156028368,13.57918024242514
18,0.09929078014184398,7.819391134637466
18,0.10638297872340426,3.1470356018807797
18,0.11347517730496454,2.1876862019464065
18,0.12056737588652482,4.412288388154576
18,0.1276595744680851,8.961483391053726
18,0.1347517730496454,10.045369107139903
18,0.14184397163120566,15.332073993545668
18,0.14893617021276595,6.120080359659665
18,0.15602836879432624,9.122836540713209
18,0.1631205673758865,3.1424785209619075
18,0.1702127659574468,3.9066799745305416
18,0.1773049645390071,16.261929302422654
18,0.18439716312056736,3.3650197422068353
18,0.19148936170212766,13.84931742283488
18,0.19858156028368795,7.379582399583027
18,0.20567375886524822,3.357975043565709
18,0.2127659574468085,12.7848205824733
18,0.21985815602836878,10.650614958581793
18,0.22695035460992907,19.895962371590336
18,0.23404255319148937,16.67677950762315
18,0.24113475177304963,17.299160112516056
18,0.24822695035460993,20.946632556875837
18,0.2553191489361702,17.251058430524946
18,0.2624113475177305,16.056660438206766
18,0.2695035460992908,8.880018688173081
18,0.2765957446808511,15.087997993035444
18,0.2836879432624113,11.156267594580875
18,0.2907801418439716,2.8589955517959353
18,0.2978723404255319,6.333452146190021
18,0.3049645390070922,12.54329697652134
18,0.3120567375886525,5.547962189335842
18,0.3191489361702128,20.99983718791556
18,0.326241134751773,10.022989229440658
18,0.3333333333333333,7.708297846119844
18,0.3404255319148936,9.20509349398977
18,0.3475177304964539,12.668892026630491
18,0.3546099290780142,7.764184035626572
18,0.36170212765957444,9.846239536481844
18,0.36879432624113473,2.4321883451411113
18,0.375886524822695,15.959257934897014
18,0.3829787234042553,4.872968648893452
18,0.3900709219858156,7.188646322571902
18,0.3971631205673759,5.051453175827425
18,0.40425531914893614,10.540439695128804
18,0.41134751773049644,5.200911334955174
18,0.41843971631205673,13.69261161659747
18,0.425531914893617,22.934033043762625
18,0.4326241134751773,12.879317425296646
18,0.43971631205673756,7.473164275899088
18,0.44680851063829785,9.382691991578211
18,0.45390070921985815,4.518416857731439
18,0.46099290780141844,11.750612353070235
18,0.46808510638297873,11.917342413316836
18,0.47517730496453897,7.264672743486019
18,0.48226950354609927,12.348959813632332
18,0.48936170212765956,8.267015225086649
18,0.49645390070921985,18.711588028529153
19,0.0,1.3322676295501878e-14
19,0.006944444444444444,28.565725393191354
19,0.013888888888888888,25.769768397173035
19,0.020833333333333332,33.03641311187121
19,0.027777777777777776,14.217329829757496
19,0.034722222222222224,15.983168307399483
19,0.041666666666666664,11.236825126059777
19,0.048611111111111105,15.843876072723404
19,0.05555555555555555,16.530848133224296
19,0.0625,8.332856981276608
19,0.06944444444444445,21.312630225138406
19,0.07638888888888888,12.81628356978581
19,0.08333333333333333,3.9149326447580544
19,0.09027777777777778,17.400061405406063
19,0.09722222222222221,10.976757570843267
19,0.10416666666666666,6.1973920510295075
19,0.1111111111111111,16.27148771396534
19,0.11805555555555555,2.3783740513145255
19,0.125,1.4862856007624494
19,0.13194444444444445,0.821157969989416
19,0.1388888888888889,5.990883513671379
19,0.14583333333333331,9.921266992266919
19,0.15277777777777776,4.7439224454194635
19,0.1597222222222222,4.657074734848832
19,0.16666666666666666,7.399557776552475
19,0.1736111111111111,8.885995215796429
19,0.18055555555555555,5.866518541773242
19,0.1875,10.191424891574918
19,0.19444444444444442,23.088671066420336
19,0.20138888888888887,4.626403106381247
19,0.20833333333333331,13.102509164635581
19,0.21527777777777776,6.850415557426478
19,0.2222222222222222,5.314046492420142
19,0.22916666666666666,8.341950983380364
19,0.2361111111111111,13.233045960657178
19,0.24305555555555555,8.885227616845077
19,0.25,13.061852284697908
19,0.2569444444444444,15.95506497200977
19,0.2638888888888889,15.439031620083492
19,0.2708333333333333,11.717202595805814
19,0.2777777777777778,4.18034214008367
19,0.2847222222222222,7.292510678578531
19,0.29166666666666663,8.532898468869567
19,0.2986111111111111,2.1200299723085987
19,0.3055555555555555,11.88567443551925
19,0.3125,3.0730874040526426
19,0.3194444444444444,8.299108873314818
19,0.3263888888888889,9.709191399413
19,0.3333333333333333,4.526192077162853
19,0.34027777777777773,0.5274544533768718
19,0.3472222222222222,12.916641492016305
19,0.35416666666666663,12.458674866701521
19,0.3611111111111111,6.21714524417711
19,0.3680555555555555,6.345623790727874
19,0.375,13.062407998362659
19,0.3819444444444444,4.358466083177627
19,0.38888888888888884,8.679143525138043
19,0.3958333333333333,2.4668443056712634
19,0.40277777777777773,9.595186552571748
19,0.4097222222222222,7.110243223635966
19,0.41666666666666663,11.506358217846968
19,0.4236111111111111,11.363170569126094
19,0.4305555555555555,5.1535061607947075
19,0.4375,8.52258742422801
19,0.4444444444444444,9.651626638899431
19,0.45138888888888884,14.678821527740377
19,0.4583333333333333,6.844189838190244
19,0.46527777777777773,11.656165106712828
19,0.4722222222222222,14.873361552145901
19,0.47916666666666663,5.6943379063520005
19,0.4861111111111111,6.825362814199542
19,0.4930555555555555,20.18202134548087
20,0.0,6.661338147750939e-15
20,0.0072992700729927005,6.352171259503851
20,0.014598540145985401,19.01080591793321
20,0.021897810218978103,7.728538801335452
20,0.029197080291970802,10.324221227325413
20,0.0364963503649635,19.91292339309333
20,0.043795620437956206,15.730632173804644
20,0.051094890510948905,22.974334521995566
20,0.058394160583941604,11.462328573853643
20,0.06569343065693431,20.741812488247028
20,0.072992700729927,14.071401562114199
20,0.08029197080291971,14.601564506784992
20,0.08759124087591241,1.9949693891352929
20,0.0948905109489051,18.039337538815264
20,0.10218978102189781,10.17925555243438
20,0.1094890510948905,9.538946063314146
20,0.11678832116788321,0.18618365169198745
20,0.12408759124087591,7.64377560222928
20,0.13138686131386862,9.772875614504127
20,0.1386861313868613,15.094213966094774
20,0.145985401459854,5.040328686445221
20,0.15328467153284672,2.022329990480123
20,0.16058394160583941,10.188258366992686
20,0.1678832116788321,13.951932626805158
20,0.17518248175182483,12.731625841027679
20,0.18248175182481752,10.522896187382491
20,0.1897810218978102,10.082327574277116
20,0.1970802919708029,5.014544934209807
20,0.20437956204379562,9.25570550796406
20,0.2116788321167883,10.480966459083625
20,0.218978102189781,13.335498059874467
20,0.22627737226277372,3.8318010471386423
20,0.23357664233576642,6.7235197745340765
20,0.2408759124087591,17.013029441417476
20,0.24817518248175183,9.487839461956332
20,0.2554744525547445,2.044661187826293
20,0.26277372262773724,5.054542814492144
20,0.27007299270072993,6.402676401480654
20,0.2773722627737226,6.697604370935785
20,0.2846715328467153,6.224418973400734
20,0.291970802919708,11.304880015828713
20,0.2992700729927007,5.031640240247561
20,0.30656934306569344,5.008909621993929
20,0.31386861313868614,10.669467630529896
20,0.32116788321167883,12.307129384646878
20,0.3284671532846715,13.078333232352115
20,0.3357664233576642,11.428783332549278
20,0.3430656934306569,6.624790556872333
20,0.35036496350364965,4.859549333792985
20,0.35766423357664234,24.19760338781811
20,0.36496350364963503,2.576847428103522
20,0.3722627737226277,19.85694452168479
20,0.3795620437956204,7.517865596341933
20,0.3868613138686131,11.939409951495373
20,0.3941605839416058,3.1982269917905586
20,0.40145985401459855,19.13000694644492
20,0.40875912408759124,18.03045603286351
20,0.41605839416058393,3.4178823824544975
20,0.4233576642335766,19.456867467427866
20,0.4306569343065693,9.344005122735526
20,0.437956204379562,12.298092029844913
20,0.44525547445255476,2.100602811507351
20,0.45255474452554745,7.527673227523955
20,0.45985401459854014,10.416734665561535
20,0.46715328467153283,14.02330561945638
20,0.4744525547445255,8.017244332918063
20,0.4817518248175182,4.367527599690825
20,0.4890510948905109,11.346551131326482
20,0.49635036496350365,12.835530008772208
21,0.0,1.865174681370263e-14
21,0.00684931506849315,23.286148562675066
21,0.0136986301369863,21.2873611885269
21,0.02054794520547945,24.29565289301648
21,0.0273972602739726,20.865593705608106
21,0.03424657534246575,23.276857119647648
21,0.0410958904109589,10.21111514032418
21,0.04794520547945205,2.719687783635181
21,0.0547945205479452,11.675759585910182
21,0.06164383561643835,11.789437320962707
21,0.0684931506849315,2.9293355782014405
21,0.07534246575342465,12.743137655926922
21,0.0821917808219178,12.686850317943868
21,0.08904109589041095,4.530364291624701
21,0.0958904109589041,11.687928703358224
21,0.10273972602739725,10.178031042888893
21,0.1095890410958904,5.683379327816908
21,0.11643835616438356,20.18077996531834
21,0.1232876712328767,2.8466962133373657
21,0.13013698630136986,3.895810373403887
21,0.136986301369863,3.6438824087546635
21,0.14383561643835616,9.316993278690875
21,0.1506849315068493,8.942816119290253
21,0.15753424657534246,13.306008836775774
21,0.1643835616438356,11.01088507552424
21,0.17123287671232876,10.16048593931703
21,0.1780821917808219,6.699610263130948
21,0.18493150684931506,6.277376963224638
21,0.1917808219178082,1.8590971096806068
21,0.19863013698630136,6.542122039904904
21,0.2054794520547945,11.187868366031271
21,0.21232876712328766,4.658286928385626
21,0.2191780821917808,8.695115293387229
21,0.22602739726027396,19.331402165545825
21,0.2328767123287671,13.342303588020984
21,0.23972602739726026,8.15639338588686
21,0.2465753424657534,11.750471108229508
21,0.2534246575342466,16.442827245899355
21,0.2602739726027397,22.478854182352656
21,0.26712328767123283,21.29019238531972
21,0.273972602739726,3.2220450557142515
21,0.2808219178082192,12.658184385172827
21,0.2876712328767123,5.349168894337882
21,0.29452054794520544,8.868317921341422
21,0.3013698630136986,4.132337398612884
21,0.3082191780821918,4.755856625956949
21,0.3150684931506849,9.059463857522546
21,0.32191780821917804,6.05086344043343
21,0.3287671232876712,9.77471114787653
21,0.3356164383561644,5.457958508494484
21,0.3424657534246575,13.917964769975104
21,0.34931506849315064,11.238111883375236
21,0.3561643835616438,9.328948497255103
21,0.363013698630137,9.380850897280071
21,0.3698630136986301,12.033792763940877
21,0.37671232876712324,6.837290297871231
21,0.3835616438356164,5.31107269105958
21,0.3904109589041096,7.211125800801866
21,0.3972602739726027,6.062368699606752
21,0.40410958904109584,20.39541111031959
21,0.410958904109589,1.4995214028273258
21,0.4178082191780822,13.089977655520196
21,0.4246575342465753,17.971114673860825
21,0.43150684931506844,14.622548604702116
21,0.4383561643835616,18.30714613652268
21,0.4452054794520548,7.2876295620572185
21,0.4520547945205479,5.197200045146675
21,0.45890410958904104,14.412471337056264
21,0.4657534246575342,7.964863233661997
21,0.4726027397260274,12.712126797795369
21,0.4794520547945205,13.844979188175829
21,0.48630136986301364,10.410964894580367
21,0.4931506849315068,3.4053400441929638
22,0.0,1.5987211554602254e-14
22,0.006944444444444444,21.36405308607284
22,0.013888888888888888,11.508741010766228
22,0.020833333333333332,22.587229752124262
22,0.027777777777777776,15.691986176339988
22,0.034722222222222224,14.508540198332547
22,0.041666666666666664,27.660414564950642
22,0.048611111111111105,18.04915114645714
22,0.05555555555555555,14.707544374091237
22,0.0625,18.72688973683297
22,0.06944444444444445,7.254053889334299
22,0.07638888888888888,7.878696202895005
22,0.08333333333333333,10.022252836357964
22,0.09027777777777778,11.98933710079015
22,0.09722222222222221,11.057216952295263
22,0.10416666666666666,16.13197592829132
22,0.1111111111111111,3.1951587899688323
22,0.11805555555555555,9.13290476458285
22,0.125,10.104092681487241
22,0.13194444444444445,4.459355074356051
22,0.1388888888888889,8.28159838774979
22,0.14583333333333331,17.53758140099554
22,0.15277777777777776,2.3363087118680927
22,0.1597222222222222,16.49079325981411
22,0.16666666666666666,4.658450084415907
22,0.1736111111111111,7.179840657076567
22,0.18055555555555555,11.558221981240944
22,0.1875,1.7934922429990872
22,0.19444444444444442,21.058128248968345
22,0.20138888888888887,7.545023471767193
22,0.20833333333333331,4.746340280970669
22,0.21527777777777776,10.909188694990714
22,0.2222222222222222,14.066577999191715
22,0.22916666666666666,17.382001170065394
22,0.2361111111111111,0.8389763019704974
22,0.24305555555555555,10.915023368017014
22,0.25,8.5359696870571
22,0.2569444444444444,9.478924486214316
22,0.2638888888888889,6.264188381789522
22,0.2708333333333333,6.844996856787187
22,0.2777777777777778,4.841116009910974
22,0.2847222222222222,17.746647994684153
22,0.29166666666666663,4.5523284434971085
22,0.2986111111111111,1.380009701497272
22,0.3055555555555555,17.659974633068867
22,0.3125,5.781048731317606
22,0.3194444444444444,12.859146351209246
22,0.3263888888888889,19.511985489693778
22,0.3333333333333333,7.464385396265853
22,0.34027777777777773,5.558941409039179
22,0.3472222222222222,4.189046835825301
22,0.35416666666666663,9.755679330769965
22,0.3611111111111111,14.478426946280072
22,0.3680555555555555,21.376909542470845
22,0.375,3.752910112336619
22,0.3819444444444444,0.48997950858574313
22,0.38888888888888884,6.516398925405347
22,0.3958333333333333,10.578305086602109
22,0.40277777777777773,7.945780610374451
22,0.4097222222222222,4.0128335562932325
22,0.41666666666666663,11.501797960678905
22,0.4236111111111111,14.395324059656437
22,0.4305555555555555,5.652042872576042
22,0.4375,11.501820544819173
22,0.4444444444444444,5.393386045553693
22,0.45138888888888884,14.207408204913328
22,0.4583333333333333,11.01086414863659
22,0.46527777777777773,11.870701847361472
22,0.4722222222222222,6.997377413341405
22,0.47916666666666663,7.533301563812721
22,0.4861111111111111,13.425115605545972
22,0.4930555555555555,4.944092325042045
23,0.0,1.4876988529977098e-14
23,0.007194244604316547,41.321350396797115
23,0.014388489208633094,37.5790914790282
23,0.02158273381294964,22.899311587775294
23,0.02877697841726619,15.69566485160762
23,0.03597122302158273,2.6175808387505115
23,0.04316546762589928,7.741064383589533
23,0.05035971223021583,6.0389822913778435
23,0.05755395683453238,4.7327660801256926
23,0.06474820143884892,8.29583465079841
23,0.07194244604316546,7.846936091531606
23,0.07913669064748202,9.288627827652316
23,0.08633093525179857,9.668668876346251
23,0.09352517985611511,7.319933596031669
23,0.10071942446043167,10.889551818718893
23,0.10791366906474821,7.4674283886554536
23,0.11510791366906475,5.168448895862695
23,0.1223021582733813,6.299622978333828
23,0.12949640287769784,1.6819185141249724
23,0.1366906474820144,4.01960085281132
23,0.14388489208633093,10.781635647739634
23,0.1510791366906475,4.7695519537682145
23,0.15827338129496404,8.814183254717127
23,0.16546762589928057,11.76323524432002
23,0.17266187050359713,13.732000628736756
23,0.1798561151079137,0.6823169011096712
23,0.18705035971223022,6.991666323305644
23,0.19424460431654678,5.623052996271518
23,0.20143884892086333,12.110283856150916
23,0.20863309352517986,14.256684040454658
23,0.21582733812949642,6.006658588954019
23,0.22302158273381295,11.548246897644031
23,0.2302158273381295,12.32247725533616
23,0.23741007194244607,12.231793756616867
23,0.2446043165467626,1.0009568800113169
23,0.2517985611510791,3.0413363421521304
23,0.2589928057553957,15.201300369009484
23,0.26618705035971224,13.11665079650863
23,0.2733812949640288,15.598726737151406
23,0.28057553956834536,10.495632350831508
23,0.28776978417266186,11.97911383731658
23,0.2949640287769784,12.679299161870492
23,0.302158273381295,7.095263614380947
23,0.30935251798561153,9.90052991974967
23,0.3165467625899281,10.135338760478131
23,0.32374100719424465,1.0538916210159883
23,0.33093525179856115,13.36681322597719
23,0.3381294964028777,14.363025523508858
23,0.34532374100719426,15.644384343899029
23,0.3525179856115108,20.585961662317487
23,0.3597122302158274,7.467128717813694
23,0.3669064748201439,3.432059370385921
23,0.37410071942446044,4.122087513578198
23,0.381294964028777,4.685858398331114
23,0.38848920863309355,6.704488059801963
23,0.3956834532374101,5.490068343482909
23,0.40287769784172667,3.721493796231938
23,0.41007194244604317,1.7636831138866294
23,0.4172661870503597,14.688833831143535
23,0.4244604316546763,15.920307266010878
23,0.43165467625899284,10.884047030925275
23,0.4388489208633094,13.263698004665763
23,0.4460431654676259,2.6974781546662836
23,0.45323741007194246,0.9984211855922261
23,0.460431654676259,0.45119360624754434
23,0.4676258992805756,8.75609651835059
23,0.47482014388489213,5.296009025758226
23,0.48201438848920863,7.533849416230333
23,0.4892086330935252,2.019341760577552
23,0.49640287769784175,7.91271435234365
24,0.0,3.552713678800501e-15
24,0.006756756756756757,21.99743568599782
24,0.013513513513513514,19.769622334686733
24,0.02027027027027027,5.55365251924582
24,0.02702702702702703,12.883785239807462
24,0.033783783783783786,10.516274766239107
24,0.04054054054054054,19.914941624113478
24,0.0472972972972973,7.247520106316959
24,0.05405405405405406,4.409867191448493
24,0.060810810810810814,8.270841766899876
24,0.06756756756756757,13.12626785554953
24,0.07432432432432433,11.288912405541323
24,0.08108108108108109,8.011196916496544
24,0.08783783783783784,5.635312701611083
24,0.0945945945945946,6.982463154168556
24,0.10135135135135136,5.967428980132866
24,0.10810810810810811,5.655390442106755
24,0.11486486486486487,15.76619457517207
24,0.12162162162162163,7.649378761305627
24,0.1283783783783784,12.684806412255512
24,0.13513513513513514,20.595224952138697
24,0.14189189189189189,8.8236951792171
24,0.14864864864864866,7.710375126035636
24,0.15540540540540543,18.01336021401385
24,0.16216216216216217,17.519747880443433
24,0.16891891891891891,8.626400706596916
24,0.17567567567567569,6.697127068556029
24,0.18243243243243246,12.99547101639709
24,0.1891891891891892,2.7916359655756047
24,0.19594594594594594,14.877386052677243
24,0.20270270270270271,4.250603427055142
24,0.20945945945945948,16.636216179375417
24,0.21621621621621623,15.818922306334105
24,0.22297297297297297,6.160847459148629
24,0.22972972972972974,13.446255651933113
24,0.2364864864864865,2.386785237584294
24,0.24324324324324326,19.12714529328688
24,0.25,19.412721086072914
24,0.2567567567567568,4.582045473776376
24,0.26351351351351354,7.882054735276439
24,0.2702702702702703,9.147087465598272
24,0.27702702702702703,14.683038007169593
24,0.28378378378378377,4.098278685436576
24,0.29054054054054057,11.831162485555032
24,0.2972972972972973,11.518267529720713
24,0.30405405405405406,15.640097206094646
24,0.31081081081081086,7.289405451723987
24,0.3175675675675676,16.20533352575642
24,0.32432432432432434,10.582410527941896
24,0.3310810810810811,3.076563507674693
24,0.33783783783783783,12.708228670998231
24,0.3445945945945946,13.07344934288561
24,0.35135135135135137,16.225104214771196
24,0.3581081081081081,6.687785872748235
24,0.3648648648648649,7.748004803495997
24,0.37162162162162166,3.2166326710758884
24,0.3783783783783784,23.985682976151644
24,0.38513513513513514,7.853221279491993
24,0.3918918918918919,8.45590789085132
24,0.3986486486486487,7.854766824514119
24,0.40540540540540543,12.675819432313984
24,0.41216216216216217,12.699525411394436
24,0.41891891891891897,11.18020327202594
24,0.4256756756756757,14.25088840807392
24,0.43243243243243246,15.586701205774766
24,0.4391891891891892,12.523361670151825
24,0.44594594594594594,10.219680892796593
24,0.45270270270270274,13.88128595849261
24,0.4594594594594595,2.8321182563393035
24,0.46621621621621623,7.373696778659673
24,0.472972972972973,11.79414389413366
24,0.47972972972972977,2.1739521035383684
24,0.4864864864864865,10.09231751347873
24,0.49324324324324326,11.070283230311068
25,0.0,2.6645352591003757e-15
25,0.006756756756756757,29.75319905217011
25,0.013513513513513514,22.304856503322704
25,0.02027027027027027,20.17838937746694
25,0.02702702702702703,22.99247217533928
25,0.033783783783783786,10.453475549711799
25,0.04054054054054054,9.19874925535438
25,0.0472972972972973,14.511610601556631
25,0.05405405405405406,2.882921268254455
25,0.060810810810810814,1.807138793574009
25,0.06756756756756757,3.883926915600811
25,0.07432432432432433,6.376773518238235
25,0.08108108108108109,8.517324397288318
25,0.08783783783783784,1.4136284754732293
25,0.0945945945945946,6.125832005322295
25,0.10135135135135136,12.291558815439169
25,0.10810810810810811,5.348420815752476
25,0.11486486486486487,9.701410242723618
25,0.12162162162162163,5.815421620018535
25,0.1283783783783784,15.961927391126462
25,0.13513513513513514,20.335582740584645
25,0.14189189189189189,12.520622804896515
25,0.14864864864864866,13.4886801082648
25,0.15540540540540543,20.65100358583186
25,0.16216216216216217,14.890056443101589
25,0.16891891891891891,13.190474369529147
25,0.17567567567567569,20.237183609693815
25,0.18243243243243246,11.610910539416102
25,0.1891891891891892,5.069489945594756
25,0.19594594594594594,7.5350366717415005
25,0.20270270270270271,14.500304472635214
25,0.20945945945945948,4.558779551883662
25,0.21621621621621623,3.238552647751702
25,0.22297297297297297,14.855851318539573
25,0.22972972972972974,8.45213709563983
25,0.2364864864864865,13.327471032904764
25,0.24324324324324326,4.268348725975519
25,0.25,9.722619400325515
25,0.2567567567567568,4.956523773293048
25,0.26351351351351354,6.607879063539058
25,0.2702702702702703,8.038335892921294
25,0.27702702702702703,8.485182043347917
25,0.28378378378378377,9.00684016943507
25,0.29054054054054057,15.014369519742
25,0.2972972972972973,15.907486467966603
25,0.30405405405405406,8.050597114676055
25,0.31081081081081086,11.527818757010316
25,0.3175675675675676,5.872293824397538
25,0.32432432432432434,6.308379613708749
25,0.3310810810810811,20.53389963961346
25,0.33783783783783783,6.373217232776192
25,0.3445945945945946,13.43352670852062
25,0.35135135135135137,5.447242753009781
25,0.3581081081081081,15.817720336046362
25,0.3648648648648649,7.208928405413045
25,0.37162162162162166,15.454428857828644
25,0.3783783783783784,17.874974184054867
25,0.38513513513513514,5.669424597124203
25,0.3918918918918919,7.184800480758052
25,0.3986486486486487,7.32016116328247
25,0.40540540540540543,7.476185483947988
25,0.41216216216216217,12.291232652776628
25,0.41891891891891897,4.9884399860650905
25,0.4256756756756757,3.2614277433333005
25,0.43243243243243246,17.306061638450593
25,0.4391891891891892,12.032774831695464
25,0.44594594594594594,8.818372575375104
25,0.45270270270270274,14.705396660479593
25,0.4594594594594595,13.1636599086955
25,0.46621621621621623,6.48458661390068
25,0.472972972972973,7.9326723582452265
25,0.47972972972972977,10.007384235412164
25,0.4864864864864865,16.123054963831855
25,0.49324324324324326,6.279431651499511
26,0.0,1.609823385706477e-15
26,0.007194244604316547,16.195584884893044
26,0.014388489208633094,1.9905348474074023
26,0.02158273381294964,18.600654572478327
26,0.02877697841726619,4.205168058011242
26,0.03597122302158273,13.10225298456451
26,0.04316546762589928,7.509703125416384
26,0.05035971223021583,15.769495515799214
26,0.05755395683453238,24.79074675667866
26,0.06474820143884892,7.675529641093672
26,0.07194244604316546,22.06354924702562
26,0.07913669064748202,19.9465048392501
26,0.08633093525179857,11.506621222617664
26,0.09352517985611511,5.1201899061551
26,0.10071942446043167,8.73768037667272
26,0.10791366906474821,10.757777899012645
26,0.11510791366906475,7.452066967635969
26,0.1223021582733813,3.837028919507869
26,0.12949640287769784,31.67908744389737
26,0.1366906474820144,12.338144709680932
26,0.14388489208633093,8.229613861860601
26,0.1510791366906475,26.644731217200334
26,0.15827338129496404,9.059868710684507
26,0.16546762589928057,13.882534218940169
26,0.17266187050359713,8.126874052298337
26,0.1798561151079137,8.095055313007776
26,0.18705035971223022,13.30692835272327
26,0.19424460431654678,10.194467409886705
26,0.20143884892086333,20.13030435391524
26,0.20863309352517986,13.20520475608491
26,0.21582733812949642,7.76282911796887
26,0.22302158273381295,11.587317259972654
26,0.2302158273381295,15.254217798826222
26,0.23741007194244607,9.177398469983217
26,0.2446043165467626,7.240451507802863
26,0.2517985611510791,4.829187741790588
26,0.2589928057553957,9.556526831347332
26,0.26618705035971224,9.890960542505907
26,0.2733812949640288,6.168528623569834
26,0.28057553956834536,16.782146555231172
26,0.28776978417266186,12.287884328808616
26,0.2949640287769784,13.011525329245174
26,0.302158273381295,11.598607319385945
26,0.30935251798561153,9.300072631884937
26,0.3165467625899281,1.8438154187918618
26,0.32374100719424465,3.226585121398095
26,0.33093525179856115,5.93043077356618
26,0.3381294964028777,9.182537546320471
26,0.34532374100719426,10.078110145428075
26,0.3525179856115108,8.295670537333596
26,0.3597122302158274,5.717541229589239
26,0.3669064748201439,2.8303328229143325
26,0.37410071942446044,4.076288337835349
26,0.381294964028777,11.438807553202826
26,0.38848920863309355,8.047416846005177
26,0.3956834532374101,12.836005851460628
26,0.40287769784172667,10.217384199808805
26,0.41007194244604317,4.61731974832246
26,0.4172661870503597,9.70037760435243
26,0.4244604316546763,0.860423424191389
26,0.43165467625899284,12.160315127594323
26,0.4388489208633094,15.699510146424377
26,0.4460431654676259,9.127130604095836
26,0.45323741007194246,2.376889310713615
26,0.460431654676259,10.093055586806384
26,0.4676258992805756,9.440722435855397
26,0.47482014388489213,3.1673173376481816
26,0.48201438848920863,7.288784008817188
26,0.4892086330935252,5.611594332031035
26,0.49640287769784175,5.1028199201312425
27,0.0,5.329070518200751e-15
27,0.006756756756756757,21.600254921100447
27,0.013513513513513514,19.280247086105394
27,0.02027027027027027,14.486933684954044
27,0.02702702702702703,8.865096577510938
27,0.033783783783783786,13.18572638924893
27,0.04054054054054054,18.801403233402144
27,0.0472972972972973,17.24249066713473
27,0.05405405405405406,17.758531919385877
27,0.060810810810810814,21.866068214910094
27,0.06756756756756757,15.177604436269895
27,0.07432432432432433,0.7282856511052824
27,0.08108108108108109,20.411823657907867
27,0.08783783783783784,14.553583998304301
27,0.0945945945945946,14.809238406297153
27,0.10135135135135136,7.963663014136001
27,0.10810810810810811,21.49489790762923
27,0.11486486486486487,10.044580363766682
27,0.12162162162162163,16.97493361805869
27,0.1283783783783784,18.9187371032565
27,0.13513513513513514,4.1641871036265625
27,0.14189189189189189,22.132594200637744
27,0.14864864864864866,8.517346493218731
27,0.15540540540540543,5.26161919880043
27,0.16216216216216217,2.714810982172951
27,0.16891891891891891,3.9326247519393194
27,0.17567567567567569,10.538876832293635
27,0.18243243243243246,10.490302871102122
27,0.1891891891891892,2.906273373093357
27,0.19594594594594594,10.49630312162904
27,0.20270270270270271,9.547046039837166
27,0.20945945945945948,6.468219074962289
27,0.21621621621621623,6.921185973603842
27,0.22297297297297297,0.7794827899653008
27,0.22972972972972974,5.913236262232843
27,0.2364864864864865,6.111661654677197
27,0.24324324324324326,15.79953306344161
27,0.25,17.80052993092302
27,0.2567567567567568,11.04683536931744
27,0.26351351351351354,9.237517893056062
27,0.2702702702702703,4.866177592639604
27,0.27702702702702703,15.437301495737533
27,0.28378378378378377,7.834797870165341
27,0.29054054054054057,9.939078902381905
27,0.2972972972972973,3.358522323933148
27,0.30405405405405406,4.39696409240773
27,0.31081081081081086,12.963105637323322
27,0.3175675675675676,12.611505565937499
27,0.32432432432432434,5.310029056211713
27,0.3310810810810811,11.891803089259266
27,0.33783783783783783,12.505874697035159
27,0.3445945945945946,3.670237125125858
27,0.35135135135135137,4.978890807293374
27,0.3581081081081081,14.736328761589103
27,0.3648648648648649,12.170362220712711
27,0.37162162162162166,14.87527538515576
27,0.3783783783783784,5.845855980648904
27,0.38513513513513514,9.33999090267107
27,0.3918918918918919,12.222475510752137
27,0.3986486486486487,18.392766361677733
27,0.40540540540540543,10.55236410687789
27,0.41216216216216217,11.967625174954309
27,0.41891891891891897,2.5546118537427382
27,0.4256756756756757,13.536223855702277
27,0.43243243243243246,8.695030483561808
27,0.4391891891891892,12.506928948264369
27,0.44594594594594594,9.343445739379158
27,0.45270270270270274,2.611579636094627
27,0.4594594594594595,9.183251958209686
27,0.46621621621621623,6.873317729817187
27,0.472972972972973,10.50312537842967
27,0.47972972972972977,1.5559432217967486
27,0.4864864864864865,15.14616473078165
27,0.49324324324324326,8.511546971975157
28,0.0,7.993605777301127e-15
28,0.007246376811594203,18.84373773965176
28,0.014492753623188406,26.264099551571697
28,0.021739130434782608,14.204665041319299
28,0.028985507246376812,13.611646897861737
28,0.036231884057971016,13.797820600536985
28,0.043478260869565216,2.576195112449836
28,0.050724637681159424,13.340284344317018
28,0.057971014492753624,4.609689196373338
28,0.06521739130434782,14.89790025719197
28,0.07246376811594203,9.572485433756086
28,0.07971014492753624,12.741947381529657
28,0.08695652173913043,12.455232670677914
28,0.09420289855072464,9.508788806053241
28,0.10144927536231885,8.159864268105464
28,0.10869565217391304,4.8806661766804655
28,0.11594202898550725,18.235383842897743
28,0.12318840579710146,20.172610148200118
28,0.13043478260869565,6.8973606435170955
28,0.13768115942028986,6.016527869946027
28,0.14492753623188406,13.359304812599888
28,0.15217391304347827,8.681379159889191
28,0.15942028985507248,14.327904587214125
28,0.16666666666666666,18.207322464754892
28,0.17391304347826086,17.61554243099801
28,0.18115942028985507,5.369086597558866
28,0.18840579710144928,2.384323299676738
28,0.1956521739130435,6.294498121055095
28,0.2028985507246377,9.995107646952263
28,0.21014492753623187,13.52954863019558
28,0.21739130434782608,2.841266641538539
28,0.2246376811594203,8.595951890884013
28,0.2318840579710145,3.57788605792915
28,0.2391304347826087,12.145747910944813
28,0.2463768115942029,11.610546245904468
28,0.2536231884057971,9.845817076678339
28,0.2608695652173913,8.474916166482393
28,0.26811594202898553,20.194111634746232
28,0.2753623188405797,8.22293884904412
28,0.2826086956521739,10.375651617364264
28,0.2898550724637681,4.469223409774549
28,0.2971014492753623,7.357275947346051
28,0.30434782608695654,3.4125348381992526
28,0.3115942028985507,3.169923842567681
28,0.31884057971014496,9.937316936555195
28,0.32608695652173914,7.774778160051483
28,0.3333333333333333,15.319989053533988
28,0.34057971014492755,2.8441845374032266
28,0.34782608695652173,8.184879392787993
28,0.35507246376811596,10.182670043128619
28,0.36231884057971014,9.212308602276332
28,0.3695652173913044,20.390630047772813
28,0.37681159420289856,4.782547971340587
28,0.38405797101449274,12.607627839011043
28,0.391304347826087,13.142315575646107
28,0.39855072463768115,7.26907493922993
28,0.4057971014492754,11.241884262325252
28,0.41304347826086957,3.3436548163936326
28,0.42028985507246375,3.6490603318021524
28,0.427536231884058,13.01122610930501
28,0.43478260869565216,8.509225720894586
28,0.4420289855072464,14.351793200469533
28,0.4492753623188406,6.47229814782865
28,0.4565217391304348,16.862664745223302
28,0.463768115942029,5.197123408729877
28,0.47101449275362317,12.23015432126215
28,0.4782608695652174,9.623975680274473
28,0.4855072463768116,16.30445474371218
28,0.4927536231884058,20.782611266006477
29,0.0,7.993605777301127e-15
29,0.007246376811594203,25.868759029542918
29,0.014492753623188406,13.422168213082662
29,0.021739130434782608,12.470097965311256
29,0.028985507246376812,12.477654586064086
29,0.036231884057971016,18.40708663405326
29,0.043478260869565216,8.330055886729527
29,0.050724637681159424,7.8709941411600255
29,0.057971014492753624,10.780654392133956
29,0.06521739130434782,7.135597605671982
29,0.07246376811594203,6.896494128449788
29,0.07971014492753624,11.828137836124684
29,0.08695652173913043,1.7364408912655231
29,0.09420289855072464,10.04353314173258
29,0.10144927536231885,6.519910540676973
29,0.10869565217391304,7.488443592942161
29,0.11594202898550725,15.10837909016737
29,0.12318840579710146,16.064781787364875
29,0.13043478260869565,6.720455629824332
29,0.13768115942028986,5.813867103788347
29,0.14492753623188406,2.3739361633653844
29,0.15217391304347827,23.001043086313043
29,0.15942028985507248,11.663687780107576
29,0.16666666666666666,24.27190882715248
29,0.17391304347826086,4.569718341251819
29,0.18115942028985507,11.105621006425972
29,0.18840579710144928,6.93079753998353
29,0.1956521739130435,13.209359280468034
29,0.2028985507246377,5.814033061057068
29,0.21014492753623187,5.640138981531257
29,0.21739130434782608,8.865428998306387
29,0.2246376811594203,7.630450056157536
29,0.2318840579710145,14.1620438922467
29,0.2391304347826087,8.062901055814166
29,0.2463768115942029,20.676416323709795
29,0.2536231884057971,14.27132756869693
29,0.2608695652173913,8.84180454131161
29,0.26811594202898553,14.544119352856828
29,0.2753623188405797,13.432925157514793
29,0.2826086956521739,10.096038523694558
29,0.2898550724637681,17.25595566052886
29,0.2971014492753623,13.14631419221598
29,0.30434782608695654,15.067537176965532
29,0.3115942028985507,7.264597551043463
29,0.31884057971014496,13.058805813464046
29,0.32608695652173914,16.015314045934694
29,0.3333333333333333,17.604687188714692
29,0.34057971014492755,10.77546550210918
29,0.34782608695652173,6.713424924025376
29,0.35507246376811596,11.680359700449628
29,0.36231884057971014,17.67958108294247
29,0.3695652173913044,2.5619066325268034
29,0.37681159420289856,4.9066380579161555
29,0.38405797101449274,7.158704509167487
29,0.391304347826087,2.2114969994520917
29,0.39855072463768115,15.144995097035844
29,0.4057971014492754,6.3993904551723615
29,0.41304347826086957,10.836315548152683
29,0.42028985507246375,8.218890791588569
29,0.427536231884058,6.545295556910185
29,0.43478260869565216,8.977556816220432
29,0.4420289855072464,12.777892947231464
29,0.4492753623188406,4.005496307117293
29,0.4565217391304348,4.93449301389015
29,0.463768115942029,6.97051457707457
29,0.47101449275362317,4.774705496892624
29,0.4782608695652174,6.009072726119512
29,0.4855072463768116,14.048205389073344
29,0.4927536231884058,13.128740642965548
30,0.0,7.993605777301127e-15
30,0.006802721088435374,16.761872955619374
30,0.013605442176870748,16.526898175805666
30,0.02040816326530612,7.5454794410291965
30,0.027210884353741496,25.265179177406697
30,0.03401360544217687,4.22428809257584
30,0.04081632653061224,16.38962880981597
30,0.047619047619047616,6.288232721003854
30,0.05442176870748299,11.064544203104283
30,0.061224489795918366,10.036440285644332
30,0.06802721088435373,6.353219959044326
30,0.07482993197278912,4.330758559802594
30,0.08163265306122448,10.401198262128057
30,0.08843537414965986,8.50235382240996
30,0.09523809523809523,13.988602692728811
30,0.10204081632653061,12.072537482126089
30,0.10884353741496598,4.057545832243435
30,0.11564625850340135,12.923229682769627
30,0.12244897959183673,7.758458266059692
30,0.1292517006802721,5.499177430279595
30,0.13605442176870747,2.3285462493228652
30,0.14285714285714285,6.268443351991035
30,0.14965986394557823,15.446449121510675
30,0.1564625850340136,10.807793294079145
30,0.16326530612244897,5.878848931208343
30,0.17006802721088435,8.725505374748009
30,0.17687074829931973,5.85227192722063
30,0.18367346938775508,1.472696254804677
30,0.19047619047619047,7.977734233251374
30,0.19727891156462585,16.480967157818156
30,0.20408163265306123,6.4401717295760745
30,0.21088435374149658,11.321060765399595
30,0.21768707482993196,19.960496694006405
30,0.22448979591836735,7.569049700900931
30,0.2312925170068027,18.82393158406074
30,0.23809523809523808,7.909048708537885
30,0.24489795918367346,21.35453310122802
30,0.25170068027210885,2.9181824411418846
30,0.2585034013605442,20.072151977483248
30,0.2653061224489796,8.503970224101423
30,0.27210884353741494,14.630851148561263
30,0.2789115646258503,6.064760545355776
30,0.2857142857142857,7.218564117442506
30,0.2925170068027211,8.430291558579789
30,0.29931972789115646,12.690442094907759
30,0.30612244897959184,11.813008381152322
30,0.3129251700680272,12.89825218517456
30,0.31972789115646255,2.5898486527216993
30,0.32653061224489793,17.336030086918104
30,0.3333333333333333,12.411966109723037
30,0.3401360544217687,17.318500882632307
30,0.3469387755102041,4.796428462563997
30,0.35374149659863946,10.718012741918415
30,0.36054421768707484,4.743688737892716
30,0.36734693877551017,8.402750668324387
30,0.37414965986394555,10.156026748403415
30,0.38095238095238093,14.359674686010267
30,0.3877551020408163,6.93674240442839
30,0.3945578231292517,12.590524435848806
30,0.4013605442176871,19.348717966777244
30,0.40816326530612246,9.42119761470814
30,0.4149659863945578,21.105988607964825
30,0.42176870748299317,9.067904750870346
30,0.42857142857142855,24.78679225697125
30,0.43537414965986393,2.642597882633764
30,0.4421768707482993,15.927030825871242
30,0.4489795918367347,9.071000415177291
30,0.4557823129251701,13.504694877618904
30,0.4625850340136054,3.6376058070686383
30,0.4693877551020408,17.985162657200853
30,0.47619047619047616,9.998654266133533
30,0.48299319727891155,6.176304560685784
30,0.4897959183673469,7.988204868976072
30,0.4965986394557823,16.377268265153624
31,0.0,8.770761894538737e-15
31,0.007633587786259542,16.62482356414918
31,0.015267175572519083,13.269890179489552
31,0.022900763358778626,26.178191902999014
31,0.030534351145038167,7.984680673957445
31,0.03816793893129771,5.3068302131409535
31,0.04580152671755725,16.404916144211267
31,0.05343511450381679,13.577771568469805
31,0.061068702290076333,18.77307118828167
31,0.06870229007633588,16.788968003730037
31,0.07633587786259542,6.369438032809816
31,0.08396946564885496,11.402523198246163
31,0.0916030534351145,6.864520577227204
31,0.09923664122137404,13.01077682107748
31,0.10687022900763359,7.768335592548702
31,0.11450381679389313,5.939346075474249
31,0.12213740458015267,10.683487065010214
31,0.1297709923664122,3.226934772011385
31,0.13740458015267176,9.987952213049748
31,0.1450381679389313,7.0578834548475
31,0.15267175572519084,4.7050260383897315
31,0.16030534351145037,9.482020377378769
31,0.16793893129770993,13.890722850802165
31,0.17557251908396945,10.502717669881923
31,0.183206106870229,6.788316254786536
31,0.19083969465648853,14.165370069039923
31,0.1984732824427481,3.2003502211503774
31,0.20610687022900762,12.594092526953425
31,0.21374045801526717,10.741556118481004
31,0.2213740458015267,15.419319574260513
31,0.22900763358778625,13.229517982349943
31,0.23664122137404578,12.373295082104264
31,0.24427480916030533,13.327316317057088
31,0.25190839694656486,4.526791653064362
31,0.2595419847328244,6.403912608066343
31,0.26717557251908397,9.93518181096783
31,0.2748091603053435,9.854392030651118
31,0.282442748091603,2.587509257265594
31,0.2900763358778626,9.93848129415816
31,0.29770992366412213,5.514142277845507
31,0.3053435114503817,6.6939601126684884
31,0.3129770992366412,4.785620148911666
31,0.32061068702290074,5.484578676358797
31,0.3282442748091603,2.383587166141654
31,0.33587786259541985,17.874452186259965
31,0.34351145038167935,5.253058095087768
31,0.3511450381679389,8.638753607796879
31,0.35877862595419846,10.654350092988718
31,0.366412213740458,1.7259069648368093
31,0.37404580152671757,16.611423513796222
31,0.38167938931297707,14.068429748388628
31,0.3893129770992366,21.2204794279544
31,0.3969465648854962,20.092085556221246
31,0.40458015267175573,13.476544906489776
31,0.41221374045801523,12.057918416395085
31,0.4198473282442748,12.836356976023895
31,0.42748091603053434,4.516146903569855
31,0.4351145038167939,6.4329653952133885
31,0.4427480916030534,10.012062426820552
31,0.45038167938931295,4.839950127184788
31,0.4580152671755725,17.04959626043864
31,0.46564885496183206,8.660586895357778
31,0.47328244274809156,8.881417705517192
31,0.4809160305343511,13.189574733814991
31,0.48854961832061067,9.599832236374146
31,0.4961832061068702,8.115410633439287
32,0.0,3.552713678800501e-15
32,0.007352941176470588,19.837180080817433
32,0.014705882352941176,16.079732702271283
32,0.022058823529411763,19.77499290510872
32,0.029411764705882353,6.263882516344114
32,0.03676470588235294,12.802633711428749
32,0.044117647058823525,19.488457974025824
32,0.051470588235294115,24.91244972157309
32,0.058823529411764705,16.613495825403394
32,0.0661764705882353,9.437816531127682
32,0.07352941176470588,18.88875306168531
32,0.08088235294117647,6.583513378098693
32,0.08823529411764705,8.647399308759587
32,0.09558823529411764,6.266762618998928
32,0.10294117647058823,12.06028807775184
32,0.11029411764705882,22.031096727327505
32,0.11764705882352941,7.149028630685523
32,0.125,2.209777690465183
32,0.1323529411764706,14.013137773565203
32,0.13970588235294118,3.8646740392489205
32,0.14705882352941177,20.653891029790934
32,0.15441176470588236,16.348591255818672
32,0.16176470588235295,22.530195764604265
32,0.16911764705882354,8.867827674518079
32,0.1764705882352941,8.639535359618845
32,0.1838235294117647,10.245781353178788
32,0.19117647058823528,7.501504356729873
32,0.19852941176470587,7.276601918985489
32,0.20588235294117646,7.869831744834073
32,0.21323529411764705,9.032417265001206
32,0.22058823529411764,13.342246277815855
32,0.22794117647058823,3.5342902194579158
32,0.23529411764705882,6.153811280621779
32,0.2426470588235294,6.829650187957087
32,0.25,3.1111370836219296
32,0.25735294117647056,11.55406940494248
32,0.2647058823529412,8.21923807792611
32,0.27205882352941174,3.9409669543395824
32,0.27941176470588236,9.716498821760643
32,0.2867647058823529,1.1614051908236922
32,0.29411764705882354,3.047862689109032
32,0.3014705882352941,9.393573833417044
32,0.3088235294117647,5.095195016656954
32,0.3161764705882353,7.700009176967437
32,0.3235294117647059,7.892614107128479
32,0.33088235294117646,8.2819308360138
32,0.3382352941176471,8.741204747048698
32,0.34558823529411764,7.995614265044962
32,0.3529411764705882,9.93681985223109
32,0.3602941176470588,18.148786624838845
32,0.3676470588235294,12.453559765242968
32,0.375,7.515576400539485
32,0.38235294117647056,14.882049537785093
32,0.3897058823529412,14.8879310832333
32,0.39705882352941174,10.459619007758805
32,0.40441176470588236,11.114308686886622
32,0.4117647058823529,3.9590113584834534
32,0.41911764705882354,0.959309621636122
32,0.4264705882352941,4.28915289601452
32,0.4338235294117647,4.597202220855058
32,0.4411764705882353,2.8047315494586953
32,0.4485294117647059,14.638062866015273
32,0.45588235294117646,7.785553269154961
32,0.4632352941176471,6.6339205965759644
32,0.47058823529411764,13.487570314774688
32,0.4779411764705882,8.286350611792646
32,0.4852941176470588,12.500401057411501
32,0.4926470588235294,9.609866908397374
33,0.0,4.218847493575595e-15
33,0.00684931506849315,11.163176310283232
33,0.0136986301369863,24.493182656516506
33,0.02054794520547945,25.120197037884928
33,0.0273972602739726,21.095929109137582
33,0.03424657534246575,19.788437074345726
33,0.0410958904109589,22.343081656527932
33,0.04794520547945205,14.999885996936904
33,0.0547945205479452,16.48019550077064
33,0.06164383561643835,10.508513656978186
33,0.0684931506849315,3.5350383492592377
33,0.07534246575342465,17.492559483693682
33,0.0821917808219178,4.068889556884477
33,0.08904109589041095,11.230385276272859
33,0.0958904109589041,13.594879152612457
33,0.10273972602739725,2.139564644753953
33,0.1095890410958904,12.261621367605905
33,0.11643835616438356,4.849073758519862
33,0.1232876712328767,9.248736344840237
33,0.13013698630136986,14.878867791120626
33,0.136986301369863,18.50273867002491
33,0.14383561643835616,9.763058768983976
33,0.1506849315068493,3.502837949392993
33,0.15753424657534246,19.827125091341046
33,0.1643835616438356,12.244163927962072
33,0.17123287671232876,12.294189762521093
33,0.1780821917808219,12.861506521991222
33,0.18493150684931506,18.10643199528819
33,0.1917808219178082,13.029327621479538
33,0.19863013698630136,17.38934961831757
33,0.2054794520547945,10.88074334428683
33,0.21232876712328766,9.682969835057488
33,0.2191780821917808,4.056764776654373
33,0.22602739726027396,2.1698272537693084
33,0.2328767123287671,13.202674878299485
33,0.23972602739726026,14.73207881021303
33,0.2465753424657534,8.65789261042971
33,0.2534246575342466,6.394618708725697
33,0.2602739726027397,9.113576659502266
33,0.26712328767123283,14.973656899745903
33,0.273972602739726,9.845501248684107
33,0.2808219178082192,6.438292581545617
33,0.2876712328767123,3.1185527450633064
33,0.29452054794520544,8.514197726291968
33,0.3013698630136986,7.4082820637774685
33,0.3082191780821918,6.70752490782675
33,0.3150684931506849,4.9904561078771685
33,0.32191780821917804,5.022967243808211
33,0.3287671232876712,6.210102179291593
33,0.3356164383561644,3.64358161345939
33,0.3424657534246575,10.519217866970463
33,0.34931506849315064,7.721466856390537
33,0.3561643835616438,11.010406901123826
33,0.363013698630137,4.77202419868337
33,0.3698630136986301,11.444983479704971
33,0.37671232876712324,11.071594460137534
33,0.3835616438356164,7.894561232380102
33,0.3904109589041096,18.114796104113857
33,0.3972602739726027,6.720882088008359
33,0.40410958904109584,10.872707987218757
33,0.410958904109589,12.58240777046213
33,0.4178082191780822,5.962905607381552
33,0.4246575342465753,14.495351452141325
33,0.43150684931506844,10.618923950602241
33,0.4383561643835616,12.960131788763581
33,0.4452054794520548,10.918080136791882
33,0.4520547945205479,16.471129548766392
33,0.45890410958904104,1.3515406497849154
33,0.4657534246575342,14.867881529318968
33,0.4726027397260274,8.094608670750072
33,0.4794520547945205,5.460299087953896
33,0.48630136986301364,9.11241192138718
33,0.4931506849315068,7.0362976404622355
34,0.0,7.549516567451064e-15
34,0.006993006993006993,16.004433141540762
34,0.013986013986013986,19.852856117954584
34,0.02097902097902098,10.448793434494338
34,0.027972027972027972,9.729017012335817
34,0.03496503496503497,18.654168055641833
34,0.04195804195804196,14.498201154863064
34,0.04895104895104895,8.798598228079317
34,0.055944055944055944,15.36835966578514
34,0.06293706293706294,20.8917739661409
34,0.06993006993006994,12.862814111229223
34,0.07692307692307693,3.006810611922269
34,0.08391608391608392,6.93348191772923
34,0.09090909090909091,8.444199988577209
34,0.0979020979020979,21.11459569397914
34,0.1048951048951049,10.20575911267401
34,0.11188811188811189,21.967887331221668
34,0.11888111888111888,7.947306828117945
34,0.1258741258741259,20.168113478046106
34,0.13286713286713286,14.679865155628132
34,0.13986013986013987,16.328621056235505
34,0.14685314685314685,10.501762239098612
34,0.15384615384615385,9.569452376518397
34,0.16083916083916083,22.547291206825644
34,0.16783216783216784,9.026408588584701
34,0.17482517482517482,10.553816369077815
34,0.18181818181818182,11.914870851783252
34,0.1888111888111888,6.0039547883816
34,0.1958041958041958,12.389924697256028
34,0.20279720279720279,10.539385947400474
34,0.2097902097902098,8.632684408266071
34,0.21678321678321677,10.039286227404048
34,0.22377622377622378,5.0090159654028525
34,0.23076923076923078,3.004028177595949
34,0.23776223776223776,6.271268517037084
34,0.24475524475524477,3.8140542682713354
34,0.2517482517482518,0.9529267348779074
34,0.25874125874125875,15.640789513848256
34,0.26573426573426573,6.447212110301094
34,0.2727272727272727,14.238112408642227
34,0.27972027972027974,8.348628736979656
34,0.2867132867132867,18.99845734023077
34,0.2937062937062937,9.757998132957168
34,0.3006993006993007,16.518381350031333
34,0.3076923076923077,7.835486855023846
34,0.3146853146853147,13.624833413399518
34,0.32167832167832167,10.744083125280255
34,0.32867132867132864,19.906134390340547
34,0.3356643356643357,1.7206747606229946
34,0.34265734265734266,14.255228226637701
34,0.34965034965034963,4.690602659895186
34,0.35664335664335667,6.946175880663689
34,0.36363636363636365,9.833978384927459
34,0.3706293706293706,2.4212324950278075
34,0.3776223776223776,5.1970519407289055
34,0.38461538461538464,13.133257770022798
34,0.3916083916083916,11.609301425782144
34,0.3986013986013986,2.8027623334906444
34,0.40559440559440557,11.647572518161668
34,0.4125874125874126,8.173918499833547
34,0.4195804195804196,13.859521494861124
34,0.42657342657342656,3.9650658916643735
34,0.43356643356643354,2.6675276954806186
34,0.4405594405594406,17.195941643453953
34,0.44755244755244755,5.13908820717655
34,0.45454545454545453,12.98235809130684
34,0.46153846153846156,3.17498157177505
34,0.46853146853146854,3.2438081373748804
34,0.4755244755244755,11.937329452760206
34,0.4825174825174825,8.971113786901082
34,0.48951048951048953,9.769723764280043
34,0.4965034965034965,12.616968514727384
35,0.0,8.881784197001252e-16
35,0.007518796992481203,29.819065396640095
35,0.015037593984962405,12.77898241705235
35,0.022556390977443608,14.987613535392605
35,0.03007518796992481,20.634740577546136
35,0.03759398496240601,9.37610865801655
35,0.045112781954887216,12.412711323441226
35,0.05263157894736842,8.971035231080371
35,0.06015037593984962,9.991525743453565
35,0.06766917293233082,15.081492253089129
35,0.07518796992481203,12.174161178977862
35,0.08270676691729323,8.603990807761056
35,0.09022556390977443,15.984217190347252
35,0.09774436090225563,4.041584881135566
35,0.10526315789473684,7.335781631613314
35,0.11278195488721804,5.358553873030507
35,0.12030075187969924,3.76128164657654
35,0.12781954887218044,4.696807273947319
35,0.13533834586466165,4.799288457031446
35,0.14285714285714285,6.848477634427681
35,0.15037593984962405,9.629209239872813
35,0.15789473684210525,5.858539764513174
35,0.16541353383458646,9.303254257401273
35,0.17293233082706766,7.875557858990698
35,0.18045112781954886,4.046774950801911
35,0.18796992481203006,16.97229407339549
35,0.19548872180451127,3.1272679112890533
35,0.20300751879699247,9.884238142918669
35,0.21052631578947367,8.137504456575662
35,0.21804511278195488,1.605531239166291
35,0.22556390977443608,10.932628955572941
35,0.23308270676691728,16.377643844367785
35,0.24060150375939848,15.280206452237765
35,0.24812030075187969,7.453812034417146
35,0.2556390977443609,18.822333453475306
35,0.2631578947368421,17.412715709948404
35,0.2706766917293233,15.25280933324857
35,0.2781954887218045,22.552998351349327
35,0.2857142857142857,9.943628302280217
35,0.2932330827067669,5.850895465807393
35,0.3007518796992481,9.17561927260702
35,0.3082706766917293,21.443512850278612
35,0.3157894736842105,12.858511571194498
35,0.3233082706766917,7.42118601666056
35,0.3308270676691729,9.644916695942534
35,0.3383458646616541,3.9472882788080255
35,0.3458646616541353,5.473289910684251
35,0.3533834586466165,5.974076863381959
35,0.3609022556390977,2.2757979368260908
35,0.3684210526315789,7.9085190875534614
35,0.37593984962406013,12.733244876781221
35,0.38345864661654133,8.102404148431203
35,0.39097744360902253,10.815208723183407
35,0.39849624060150374,4.225916507876934
35,0.40601503759398494,4.6302144478703475
35,0.41353383458646614,2.598160843835755
35,0.42105263157894735,13.134212432185532
35,0.42857142857142855,18.908377095480798
35,0.43609022556390975,4.7084184677915
35,0.44360902255639095,11.031732338571414
35,0.45112781954887216,8.145711253385864
35,0.45864661654135336,7.611369486358213
35,0.46616541353383456,5.6679958378104995
35,0.47368421052631576,11.478144918618977
35,0.48120300751879697,17.194776749590066
35,0.48872180451127817,6.104430111914319
35,0.49624060150375937,12.325219492757032
36,0.0,7.771561172376096e-16
36,0.006711409395973154,4.645883721681749
36,0.013422818791946308,20.619645147997282
36,0.020134228187919462,11.266919670838693
36,0.026845637583892617,17.544075809559907
36,0.03355704697986577,23.760109048063775
36,0.040268456375838924,9.32960561233649
36,0.04697986577181208,15.630293039033731
36,0.053691275167785234,14.861830006294268
36,0.060402684563758385,18.776585093802357
36,0.06711409395973154,10.739055728885852
36,0.0738255033557047,18.76198790153202
36,0.08053691275167785,7.978924518346051
36,0.087248322147651,11.851476286156196
36,0.09395973154362416,8.653308967769938
36,0.10067114093959731,6.25080499110114
36,0.10738255033557047,6.943863917197662
36,0.11409395973154363,15.491850520505205
36,0.12080536912751677,14.102836569666803
36,0.12751677852348994,10.793560406272679
36,0.1342281879194631,11.931926579194293
36,0.14093959731543623,2.9889486695027783
36,0.1476510067114094,6.611956733356523
36,0.15436241610738255,12.864089052397292
36,0.1610738255033557,6.447276457169767
36,0.16778523489932887,10.250874858659552
36,0.174496644295302,13.939799493157645
36,0.18120805369127516,4.92384031221355
36,0.18791946308724833,18.472187727713912
36,0.19463087248322147,3.1394669596489577
36,0.20134228187919462,11.751310706650969
36,0.2080536912751678,9.781648330927554
36,0.21476510067114093,6.22508657049286
36,0.22147651006711408,5.662623163547737
36,0.22818791946308725,17.17125916114048
36,0.2348993288590604,5.186505895113765
36,0.24161073825503354,5.9478735987393305
36,0.2483221476510067,10.285195301602297
36,0.2550335570469799,6.542884869527065
36,0.26174496644295303,8.310518388248651
36,0.2684563758389262,5.298341687990325
36,0.2751677852348993,8.15566825208606
36,0.28187919463087246,1.8458914040730714
36,0.2885906040268456,13.09193707359144
36,0.2953020134228188,7.753394469878221
36,0.30201342281879195,3.8236243932246112
36,0.3087248322147651,9.658247167158256
36,0.31543624161073824,12.545667619372255
36,0.3221476510067114,8.897524291732182
36,0.32885906040268453,10.078749860554321
36,0.33557046979865773,10.548586914885629
36,0.3422818791946309,16.564575390787933
36,0.348993288590604,8.0150174126843
36,0.35570469798657717,9.67677506847394
36,0.3624161073825503,14.19653662406913
36,0.36912751677852346,6.995603760454072
36,0.37583892617449666,24.32067208139567
36,0.3825503355704698,8.541487300637836
36,0.38926174496644295,13.504645264730513
36,0.3959731543624161,17.722189071497947
36,0.40268456375838924,12.98622270736532
36,0.4093959731543624,18.849780837129444
36,0.4161073825503356,12.118784887912502
36,0.4228187919463087,16.524015206860607
36,0.42953020134228187,5.8678257502631
36,0.436241610738255,15.667230825886621
36,0.44295302013422816,11.11788196358397
36,0.44966442953020136,11.756194613571695
36,0.4563758389261745,18.837732035693254
36,0.46308724832214765,4.039737697458044
36,0.4697986577181208,7.166793688425259
36,0.47651006711409394,19.72860999260423
36,0.4832214765100671,16.319996538060334
36,0.4899328859060403,9.960221549583485
36,0.4966442953020134,3.3355871826027377
37,0.0,7.771561172376096e-16
37,0.0072992700729927005,34.49170929410252
37,0.014598540145985401,18.617908112403214
37,0.021897810218978103,19.551999885452133
37,0.029197080291970802,16.115212849127207
37,0.0364963503649635,7.32993862528547
37,0.043795620437956206,10.74527250026088
37,0.051094890510948905,11.93485070405115
37,0.058394160583941604,12.189586057298163
37,0.06569343065693431,5.8994169973054715
37,0.072992700729927,9.525173024308453
37,0.08029197080291971,16.41058995971608
37,0.08759124087591241,0.4567016853192158
37,0.0948905109489051,10.726257679473031
37,0.10218978102189781,12.230188871820753
37,0.1094890510948905,24.538685310989617
37,0.11678832116788321,5.753365328972321
37,0.12408759124087591,11.77231833083795
37,0.13138686131386862,16.071246262324014
37,0.1386861313868613,21.483949529348386
37,0.145985401459854,15.59928755520537
37,0.15328467153284672,9.931611630922514
37,0.16058394160583941,2.8773827725108103
37,0.1678832116788321,9.371610521791181
37,0.17518248175182483,14.561454826650635
37,0.18248175182481752,6.736143374692347
37,0.1897810218978102,4.633973347081043
37,0.1970802919708029,3.912030612416412
37,0.20437956204379562,13.424021108985734
37,0.2116788321167883,5.087174433174031
37,0.218978102189781,8.245959174556695
37,0.22627737226277372,7.661877390880424
37,0.23357664233576642,7.208885599602598
37,0.2408759124087591,10.269424383233641
37,0.24817518248175183,8.013279976878746
37,0.2554744525547445,16.907993624423092
37,0.26277372262773724,12.7973101510731
37,0.27007299270072993,5.793743850704618
37,0.2773722627737226,5.055383908982971
37,0.2846715328467153,18.72357374476333
37,0.291970802919708,5.579801744991907
37,0.2992700729927007,4.861919747018692
37,0.30656934306569344,12.623031877482122
37,0.31386861313868614,7.823670049200138
37,0.32116788321167883,12.494413112025349
37,0.3284671532846715,17.223345278577305
37,0.3357664233576642,10.71517204504291
37,0.3430656934306569,13.520469734514226
37,0.35036496350364965,8.991152917967545
37,0.35766423357664234,8.479528942070367
37,0.36496350364963503,2.3108838874483664
37,0.3722627737226277,3.171370974547636
37,0.3795620437956204,13.144052499972188
37,0.3868613138686131,10.806058606322773
37,0.3941605839416058,7.942072058520492
37,0.40145985401459855,4.002805082517516
37,0.40875912408759124,10.38716465465814
37,0.41605839416058393,3.6807105218985616
37,0.4233576642335766,7.782433392883116
37,0.4306569343065693,4.196356206088684
37,0.437956204379562,16.87395568012423
37,0.44525547445255476,10.140463242514729
37,0.45255474452554745,6.049003956730637
37,0.45985401459854014,4.479063646117455
37,0.46715328467153283,8.070082882952388
37,0.4744525547445255,1.8341716263483014
37,0.4817518248175182,8.29045626995685
37,0.4890510948905109,8.969631010623099
37,0.49635036496350365,4.755302517840705
38,0.0,8.881784197001252e-16
38,0.007194244604316547,27.729778689422528
38,0.014388489208633094,16.66461468783021
38,0.02158273381294964,9.537624794142857
38,0.02877697841726619,20.43354502470626
38,0.03597122302158273,14.645632064471892
38,0.04316546762589928,3.326692629991634
38,0.05035971223021583,5.105314471599152
38,0.05755395683453238,11.825818751259439
38,0.06474820143884892,10.125388552748078
38,0.07194244604316546,11.347022375122384
38,0.07913669064748202,14.801958151967684
38,0.08633093525179857,16.069895139081318
38,0.09352517985611511,12.040764232837113
38,0.10071942446043167,8.988735747357905
38,0.10791366906474821,17.73746737050867
38,0.11510791366906475,17.301064072398
38,0.1223021582733813,6.012554120065183
38,0.12949640287769784,10.091383015036143
38,0.1366906474820144,1.789020336422358
38,0.14388489208633093,4.496245043582703
38,0.1510791366906475,15.649361095518037
38,0.15827338129496404,10.475339696550108
38,0.16546762589928057,7.897900326380831
38,0.17266187050359713,3.402589241987857
38,0.1798561151079137,13.89113497273619
38,0.18705035971223022,16.122271344492546
38,0.19424460431654678,10.661716195464333
38,0.20143884892086333,10.231969815339978
38,0.20863309352517986,7.974198412211599
38,0.21582733812949642,10.123671867821669
38,0.22302158273381295,2.473757578917141
38,0.2302158273381295,3.5117722383702974
38,0.23741007194244607,10.33720699262689
38,0.2446043165467626,3.513640965933613
38,0.2517985611510791,12.592457353060343
38,0.2589928057553957,9.151879043366938
38,0.26618705035971224,9.329352093137574
38,0.2733812949640288,10.891702072320502
38,0.28057553956834536,10.725151833243885
38,0.28776978417266186,3.6507088538027026
38,0.2949640287769784,5.9862422999361495
38,0.302158273381295,17.010570912809452
38,0.30935251798561153,16.651674180937068
38,0.3165467625899281,10.192167179141439
38,0.32374100719424465,9.055812804306418
38,0.33093525179856115,15.538785481825022
38,0.3381294964028777,23.42526141454873
38,0.34532374100719426,20.299368768299743
38,0.3525179856115108,2.69818534830241
38,0.3597122302158274,9.373271230076295
38,0.3669064748201439,6.832193000650269
38,0.37410071942446044,7.835247143272416
38,0.381294964028777,3.147241142551562
38,0.38848920863309355,7.461495605584468
38,0.3956834532374101,8.089937589111196
38,0.40287769784172667,10.253876030090366
38,0.41007194244604317,11.849349304127179
38,0.4172661870503597,12.665629379653602
38,0.4244604316546763,15.89397011658702
38,0.43165467625899284,13.624356696642186
38,0.4388489208633094,1.0918946699106973
38,0.4460431654676259,2.3717717471651216
38,0.45323741007194246,14.124776268414836
38,0.460431654676259,12.40540299707911
38,0.4676258992805756,2.230219911066684
38,0.47482014388489213,6.8486832098096375
38,0.48201438848920863,15.577240255727132
38,0.4892086330935252,13.497528213894004
38,0.49640287769784175,4.266281299235346
39,0.0,1.554312234475219e-14
39,0.007194244604316547,26.35160635257579
39,0.014388489208633094,10.779377613010537
39,0.02158273381294964,20.059645413740398
39,0.02877697841726619,19.676961194529124
39,0.03597122302158273,18.49042910616575
39,0.04316546762589928,9.674464438255505
39,0.05035971223021583,10.463593406817875
39,0.05755395683453238,9.058403437991776
39,0.06474820143884892,10.02326989671829
39,0.07194244604316546,16.054122635743894
39,0.07913669064748202,17.02456147968167
39,0.08633093525179857,6.9008597451072
39,0.09352517985611511,20.79752329152992
39,0.10071942446043167,12.866623580826255
39,0.10791366906474821,2.045525400948364
39,0.11510791366906475,19.097015105555432
39,0.1223021582733813,9.5137010438203
39,0.12949640287769784,11.989751312630636
39,0.1366906474820144,9.077576329839966
39,0.14388489208633093,8.01329504779341
39,0.1510791366906475,7.679020221251214
39,0.15827338129496404,12.259799169908595
39,0.16546762589928057,7.541675090844004
39,0.17266187050359713,9.958061685811815
39,0.1798561151079137,1.12793280161835
39,0.18705035971223022,7.292234475344148
39,0.19424460431654678,7.294408769310389
39,0.20143884892086333,14.373812153128018
39,0.20863309352517986,12.71061719727846
39,0.21582733812949642,21.157794321783186
39,0.22302158273381295,7.389869191780199
39,0.2302158273381295,0.7621964890849691
39,0.23741007194244607,11.844887717430277
39,0.2446043165467626,3.6890699509415836
39,0.2517985611510791,10.040053553703993
39,0.2589928057553957,6.083853472434075
39,0.26618705035971224,7.483095198429946
39,0.2733812949640288,9.613555866203646
39,0.28057553956834536,5.22738776953456
39,0.28776978417266186,7.206074854019659
39,0.2949640287769784,13.853684081766962
39,0.302158273381295,1.9304538514325866
39,0.30935251798561153,9.823955412166603
39,0.3165467625899281,15.208151940633803
39,0.32374100719424465,11.908268304755106
39,0.33093525179856115,12.527137159479372
39,0.3381294964028777,14.131646233324975
39,0.34532374100719426,7.9289773846145435
39,0.3525179856115108,11.005634133302268
39,0.3597122302158274,17.843975271966258
39,0.3669064748201439,8.390386897215805
39,0.37410071942446044,1.5908012716797253
39,0.381294964028777,5.613561886783557
39,0.38848920863309355,11.38714175607188
39,0.3956834532374101,12.700172201158402
39,0.40287769784172667,9.402942799591411
39,0.41007194244604317,5.277824115343009
39,0.4172661870503597,10.192679258755794
39,0.4244604316546763,10.398035477044008
39,0.43165467625899284,11.17876347503056
39,0.4388489208633094,20.491312315828374
39,0.4460431654676259,5.029658639950757
39,0.45323741007194246,12.118443206685674
39,0.460431654676259,5.178146080645581
39,0.4676258992805756,17.700312366263542
39,0.47482014388489213,3.7140091873127603
39,0.48201438848920863,13.018628980013961
39,0.4892086330935252,2.053760476259142
39,0.49640287769784175,5.81453913247915
40,0.0,2.4868995751603507e-14
40,0.007692307692307693,10.030039242010426
40,0.015384615384615385,13.338416935295808
40,0.023076923076923078,4.190957274668741
40,0.03076923076923077,2.8426268339686254
40,0.038461538461538464,6.560996450042175
40,0.046153846153846156,11.60486113427333
40,0.05384615384615385,19.977609832634133
40,0.06153846153846154,9.891286669054551
40,0.06923076923076923,11.175085621393604
40,0.07692307692307693,13.339055792440366
40,0.08461538461538462,20.424685401956026
40,0.09230769230769231,4.319864052568494
40,0.1,6.705724536209469
40,0.1076923076923077,2.7711471645840704
40,0.11538461538461539,9.150916617512285
40,0.12307692307692308,15.41169762169875
40,0.13076923076923078,4.536478603767877
40,0.13846153846153847,12.420491094751567
40,0.14615384615384616,6.3005660163918265
40,0.15384615384615385,8.726732452493662
40,0.16153846153846155,10.361032176856527
40,0.16923076923076924,13.680910813671128
40,0.17692307692307693,12.29441675109425
40,0.18461538461538463,27.219303799981713
40,0.19230769230769232,11.705840098389611
40,0.2,13.932370990901
40,0.2076923076923077,6.450995534960654
40,0.2153846153846154,17.537253852705497
40,0.2230769230769231,9.040305232490393
40,0.23076923076923078,15.32959648609926
40,0.23846153846153847,6.840576018477766
40,0.24615384615384617,13.433457563126359
40,0.25384615384615383,7.498582566362297
40,0.26153846153846155,9.84735688354299
40,0.2692307692307693,8.875814590018438
40,0.27692307692307694,12.433618419721169
40,0.2846153846153846,1.8869037136803315
40,0.2923076923076923,3.0851269120085982
40,0.30000000000000004,8.241850728252711
40,0.3076923076923077,18.370610661260276
40,0.3153846153846154,9.687422621269649
40,0.3230769230769231,8.265716477459721
40,0.3307692307692308,16.346887078021314
40,0.3384615384615385,10.859105403853178
40,0.34615384615384615,9.253837390798408
40,0.35384615384615387,4.8171785946467525
40,0.3615384615384616,11.437617495598229
40,0.36923076923076925,3.0802338884870184
40,0.3769230769230769,9.485959290885674
40,0.38461538461538464,4.1649002168644556
40,0.39230769230769236,13.453111178737005
40,0.4,16.433908628972134
40,0.4076923076923077,19.03293986231569
40,0.4153846153846154,5.188670254986391
40,0.42307692307692313,16.662378257642708
40,0.4307692307692308,10.396638289005969
40,0.43846153846153846,12.264507138068248
40,0.4461538461538462,11.583725257167693
40,0.4538461538461539,10.505816981544541
40,0.46153846153846156,5.291563681874063
40,0.46923076923076923,8.08606972062162
40,0.47692307692307695,8.267964535672421
40,0.48461538461538467,7.37934866616283
40,0.49230769230769234,10.083167418601086
41,0.0,0.0
41,0.007042253521126761,24.604595062442055
41,0.014084507042253521,21.944141213381215
41,0.02112676056338028,26.748010356631397
41,0.028169014084507043,14.576731553401123
41,0.035211267605633804,14.79274826526505
41,0.04225352112676056,17.220811278142687
41,0.04929577464788733,4.080713142120536
41,0.056338028169014086,10.957498079226015
41,0.06338028169014084,16.38906320459517
41,0.07042253521126761,10.909268505645981
41,0.07746478873239437,10.675597018866513
41,0.08450704225352113,5.363239817569862
41,0.09154929577464789,3.599622950678035
41,0.09859154929577466,13.325367252030057
41,0.1056338028169014,10.090948463295454
41,0.11267605633802817,1.1631823439981286
41,0.11971830985915494,7.520804953307038
41,0.1267605633802817,4.019338307284536
41,0.13380281690140847,9.210585097695137
41,0.14084507042253522,10.69598564476828
41,0.14788732394366197,9.533576694018977
41,0.15492957746478875,2.770484803912398
41,0.1619718309859155,5.656908295951866
41,0.16901408450704225,6.747041996945456
41,0.17605633802816903,9.111122796561062
41,0.18309859154929578,15.91412800712114
41,0.19014084507042253,11.668636288821649
41,0.1971830985915493,16.45855213301547
41,0.20422535211267606,24.320158167821592
41,0.2112676056338028,6.814243620190424
41,0.2183098591549296,22.174242813326934
41,0.22535211267605634,20.468395724469026
41,0.2323943661971831,11.852031146446562
41,0.23943661971830987,1.4459944872767307
41,0.24647887323943662,1.4900690720304441
41,0.2535211267605634,16.119134735863867
41,0.2605633802816901,7.109283153297262
41,0.26760563380281693,8.747953813805514
41,0.2746478873239437,3.883400429168897
41,0.28169014084507044,16.80097152421722
41,0.2887323943661972,8.458464820269862
41,0.29577464788732394,16.836411208214056
41,0.3028169014084507,4.397965382820417
41,0.3098591549295775,3.2756089314086005
41,0.31690140845070425,14.699476053215362
41,0.323943661971831,8.072396662479836
41,0.33098591549295775,14.862669659294975
41,0.3380281690140845,7.7987405563620875
41,0.34507042253521125,2.656054876590749
41,0.35211267605633806,10.030359450782585
41,0.3591549295774648,15.54155236896136
41,0.36619718309859156,3.3756330272487274
41,0.3732394366197183,9.672110399122486
41,0.38028169014084506,17.02878661995578
41,0.3873239436619718,5.527351990590864
41,0.3943661971830986,9.312398846860948
41,0.4014084507042254,14.139308960872421
41,0.4084507042253521,8.692022837190178
41,0.4154929577464789,5.751113187137597
41,0.4225352112676056,11.059230343717456
41,0.4295774647887324,3.3353028033444962
41,0.4366197183098592,9.377956713987798
41,0.44366197183098594,15.554156723776334
41,0.4507042253521127,7.428199634305097
41,0.45774647887323944,3.0712220966305765
41,0.4647887323943662,4.744094048934752
41,0.471830985915493,10.159233527554248
41,0.47887323943661975,9.494418235638712
41,0.4859154929577465,12.579883864390661
41,0.49295774647887325,1.0328087540305804
42,0.0,1.27675647831893e-15
42,0.006711409395973154,19.695952083176355
42,0.013422818791946308,13.785274509038903
42,0.020134228187919462,11.502277325107203
42,0.026845637583892617,12.94480610858484
42,0.03355704697986577,19.182289386985744
42,0.040268456375838924,21.98451466591429
42,0.04697986577181208,20.997369404229524
42,0.053691275167785234,10.580206377305847
42,0.060402684563758385,6.014315353503766
42,0.06711409395973154,9.219888264702782
42,0.0738255033557047,14.760325084400892
42,0.08053691275167785,16.836133209885
42,0.087248322147651,3.1679232937203023
42,0.09395973154362416,4.795524511331453
42,0.10067114093959731,9.7844556470533
42,0.10738255033557047,9.365841300748732
42,0.11409395973154363,5.1153671224220725
42,0.12080536912751677,7.97452620142929
42,0.12751677852348994,11.954250399751643
42,0.1342281879194631,6.222839982631542
42,0.14093959731543623,10.545994371009833
42,0.1476510067114094,13.150626225764505
42,0.15436241610738255,11.575828913669309
42,0.1610738255033557,8.775372747070781
42,0.16778523489932887,12.327360841545078
42,0.174496644295302,14.008087605721036
42,0.18120805369127516,5.404125988968925
42,0.18791946308724833,15.680070349413194
42,0.19463087248322147,11.452931635414979
42,0.20134228187919462,6.035996097315181
42,0.2080536912751678,14.4542850316477
42,0.21476510067114093,13.864673368489727
42,0.22147651006711408,16.363236151994965
42,0.22818791946308725,16.118906193120463
42,0.2348993288590604,7.7132952988451216
42,0.24161073825503354,12.995859657854151
42,0.2483221476510067,5.212409193130055
42,0.2550335570469799,14.106489606955618
42,0.26174496644295303,5.578754885666816
42,0.2684563758389262,6.860151088312899
42,0.2751677852348993,3.8978544651130225
42,0.28187919463087246,11.739219915225922
42,0.2885906040268456,11.5765243664231
42,0.2953020134228188,2.751170361910438
42,0.30201342281879195,13.307048064006109
42,0.3087248322147651,12.360742285438254
42,0.31543624161073824,10.502678603597762
42,0.3221476510067114,13.330774749341325
42,0.32885906040268453,5.670642314065587
42,0.33557046979865773,6.162844075083817
42,0.3422818791946309,4.650319838209877
42,0.348993288590604,17.616015174652926
42,0.35570469798657717,4.331262644602144
42,0.3624161073825503,26.247883310756762
42,0.36912751677852346,4.771936716537448
42,0.37583892617449666,7.876944834742111
42,0.3825503355704698,1.5282385855645855
42,0.38926174496644295,10.318631890102829
42,0.3959731543624161,15.2819115057803
42,0.40268456375838924,8.235066096481466
42,0.4093959731543624,11.56548930519503
42,0.4161073825503356,5.439771440338659
42,0.4228187919463087,7.600526736742643
42,0.42953020134228187,16.358753806060857
42,0.436241610738255,2.0926887965310113
42,0.44295302013422816,20.70059306602059
42,0.44966442953020136,14.590948164683722
42,0.4563758389261745,8.880655099229758
42,0.46308724832214765,5.431109913037128
42,0.4697986577181208,27.519178748580746
42,0.47651006711409394,5.396408708950346
42,0.4832214765100671,5.426335219504426
42,0.4899328859060403,16.534275708510474
42,0.4966442953020134,10.549687755349781
43,0.0,1.5987211554602254e-14
43,0.006944444444444444,18.393322880375056
43,0.013888888888888888,23.011986487034118
43,0.020833333333333332,25.50287041552499
43,0.027777777777777776,18.122363818335437
43,0.034722222222222224,4.401549464776354
43,0.041666666666666664,15.371219758516162
43,0.048611111111111105,13.802611077881055
43,0.05555555555555555,9.785611446651725
43,0.0625,7.791840226155409
43,0.06944444444444445,15.09443852768767
43,0.07638888888888888,19.164435061772057
43,0.08333333333333333,10.093078286619411
43,0.09027777777777778,12.710027240730197
43,0.09722222222222221,3.155436302999531
43,0.10416666666666666,9.747583307784588
43,0.1111111111111111,3.8468258879446693
43,0.11805555555555555,7.438309269730795
43,0.125,10.199477602468239
43,0.13194444444444445,5.808461541408939
43,0.1388888888888889,4.761877935703587
43,0.14583333333333331,16.75490582288082
43,0.15277777777777776,6.38274977132506
43,0.1597222222222222,15.221297127162961
43,0.16666666666666666,14.103748842165777
43,0.1736111111111111,5.665778220698212
43,0.18055555555555555,8.88442530984332
43,0.1875,5.4913564123618075
43,0.19444444444444442,7.493222312851605
43,0.20138888888888887,16.45666865923872
43,0.20833333333333331,1.9970536106821113
43,0.21527777777777776,17.337764360090446
43,0.2222222222222222,7.480433893662889
43,0.22916666666666666,8.799033256680858
43,0.2361111111111111,7.288682884062299
43,0.24305555555555555,3.517512223464085
43,0.25,15.344593199189578
43,0.2569444444444444,19.530598129804016
43,0.2638888888888889,10.105901158889614
43,0.2708333333333333,10.516055596665096
43,0.2777777777777778,6.0910149027501985
43,0.2847222222222222,13.79020863466685
43,0.29166666666666663,9.901706968231435
43,0.2986111111111111,10.460319926924859
43,0.3055555555555555,6.178473354942393
43,0.3125,1.2760370796532523
43,0.3194444444444444,9.864485442761088
43,0.3263888888888889,4.637587728431109
43,0.3333333333333333,16.807878802956093
43,0.34027777777777773,8.814638337301096
43,0.3472222222222222,8.95452074242068
43,0.35416666666666663,19.17629456378409
43,0.3611111111111111,8.520955689374421
43,0.3680555555555555,6.426525499321359
43,0.375,18.905341153425077
43,0.3819444444444444,3.4805705278413606
43,0.38888888888888884,15.222549851842437
43,0.3958333333333333,13.659446655504416
43,0.40277777777777773,7.61890426396176
43,0.4097222222222222,19.074722554284172
43,0.41666666666666663,10.136252821553521
43,0.4236111111111111,9.806313199588374
43,0.4305555555555555,21.20656142193394
43,0.4375,6.029900750986603
43,0.4444444444444444,5.038305943281806
43,0.45138888888888884,16.69568997648575
43,0.4583333333333333,10.755490702574876
43,0.46527777777777773,3.840097043595805
43,0.4722222222222222,10.305746577478601
43,0.47916666666666663,4.614670650058972
43,0.4861111111111111,7.700027470951441
43,0.4930555555555555,2.8677343067098877
44,0.0,2.6645352591003757e-15
44,0.0070921985815602835,28.63113211864808
44,0.014184397163120567,32.324917609154845
44,0.02127659574468085,14.654794695417108
44,0.028368794326241134,18.620303468793338
44,0.035460992907801414,13.143795059631298
44,0.0425531914893617,14.783691220698207
44,0.04964539007092199,11.136229784558658
44,0.05673758865248227,8.991418360347993
44,0.06382978723404255,10.78893777128859
44,0.07092198581560283,11.879852691295643
44,0.07801418439716312,7.254526222657252
44,0.0851063829787234,0.20356107855568903
44,0.09219858156028368,9.047041749389681
44,0.09929078014184398,12.84625631512213
44,0.10638297872340426,14.501062437098085
44,0.11347517730496454,11.990603393916347
44,0.12056737588652482,12.302348142258536
44,0.1276595744680851,2.484534533507815
44,0.1347517730496454,7.8498653759019605
44,0.14184397163120566,4.6008743625296775
44,0.14893617021276595,6.5629445390458585
44,0.15602836879432624,4.811521262476489
44,0.1631205673758865,13.693845022231162
44,0.1702127659574468,13.463840834407517
44,0.1773049645390071,18.303505537248935
44,0.18439716312056736,9.788193368741293
44,0.19148936170212766,5.433368113994429
44,0.19858156028368795,12.84740420040908
44,0.20567375886524822,16.554800744131107
44,0.2127659574468085,18.63856898339499
44,0.21985815602836878,15.624851092128534
44,0.22695035460992907,10.055954283370202
44,0.23404255319148937,2.4921396288551474
44,0.24113475177304963,9.114996039500378
44,0.24822695035460993,2.5038723276529957
44,0.2553191489361702,0.8548861983346626
44,0.2624113475177305,6.322994095223204
44,0.2695035460992908,14.450814795368663
44,0.2765957446808511,14.20907850043428
44,0.2836879432624113,15.424663819325971
44,0.2907801418439716,3.6989258799245555
44,0.2978723404255319,5.7579143364692404
44,0.3049645390070922,13.043540872491901
44,0.3120567375886525,6.461024273769768
44,0.3191489361702128,12.716526060897527
44,0.326241134751773,11.139524270008785
44,0.3333333333333333,5.856581385422354
44,0.3404255319148936,3.903231337776679
44,0.3475177304964539,7.233963287956993
44,0.3546099290780142,3.938556606179233
44,0.36170212765957444,7.074986909822152
44,0.36879432624113473,7.823773184897683
44,0.375886524822695,5.1213187323654275
44,0.3829787234042553,17.49546771618638
44,0.3900709219858156,4.28877896302148
44,0.3971631205673759,9.026373324328613
44,0.40425531914893614,8.01333878132113
44,0.41134751773049644,11.088248464101108
44,0.41843971631205673,12.27487323217181
44,0.425531914893617,11.681718298501357
44,0.4326241134751773,9.361999244527068
44,0.43971631205673756,11.546452563866543
44,0.44680851063829785,9.38730492855377
44,0.45390070921985815,11.54511891798029
44,0.46099290780141844,13.802926704436569
44,0.46808510638297873,17.37305871326307
44,0.47517730496453897,4.201191612612256
44,0.48226950354609927,11.022932015100071
44,0.48936170212765956,13.406842463883924
44,0.49645390070921985,4.629040675289101
45,0.0,4.440892098500626e-15
45,0.006993006993006993,12.24615753743837
45,0.013986013986013986,20.949243739247
45,0.02097902097902098,14.421188199311864
45,0.027972027972027972,2.2863167684426653
45,0.03496503496503497,17.043581131866933
45,0.04195804195804196,12.1107899470857
45,0.04895104895104895,9.252788266520332
45,0.055944055944055944,19.385359824071198
45,0.06293706293706294,14.024614537137506
45,0.06993006993006994,27.010427427137042
45,0.07692307692307693,8.327689457093108
45,0.08391608391608392,17.81192850404174
45,0.09090909090909091,12.49316276776593
45,0.0979020979020979,18.463539989212208
45,0.1048951048951049,4.611139955261938
45,0.11188811188811189,25.160475021626112
45,0.11888111888111888,10.511053325987255
45,0.1258741258741259,18.210099671321455
45,0.13286713286713286,9.609384402669017
45,0.13986013986013987,14.5067123847353
45,0.14685314685314685,7.045672662611675
45,0.15384615384615385,5.961515774887402
45,0.16083916083916083,11.062349848950506
45,0.16783216783216784,17.274473233978156
45,0.17482517482517482,4.609221875896478
45,0.18181818181818182,6.265970074385684
45,0.1888111888111888,0.7258818165760624
45,0.1958041958041958,11.338637182856965
45,0.20279720279720279,5.828468541517062
45,0.2097902097902098,15.168401224438123
45,0.21678321678321677,6.294045813233015
45,0.22377622377622378,8.421103576995968
45,0.23076923076923078,3.3710433098787
45,0.23776223776223776,1.2192652833827262
45,0.24475524475524477,16.08455708326836
45,0.2517482517482518,4.771235213373394
45,0.25874125874125875,10.649921119826281
45,0.26573426573426573,4.008130042484111
45,0.2727272727272727,10.915994500632879
45,0.27972027972027974,2.647322763783605
45,0.2867132867132867,7.3134971464400556
45,0.2937062937062937,14.511358602668544
45,0.3006993006993007,6.311489241600362
45,0.3076923076923077,4.585207623594968
45,0.3146853146853147,13.783276200092649
45,0.32167832167832167,5.73817730034604
45,0.32867132867132864,9.306906303839117
45,0.3356643356643357,4.363439301347834
45,0.34265734265734266,7.326668173733475
45,0.34965034965034963,8.433503706294717
45,0.35664335664335667,12.3329297655197
45,0.36363636363636365,10.128650321721942
45,0.3706293706293706,16.158840228409364
45,0.3776223776223776,8.108345814061861
45,0.38461538461538464,12.820685392177975
45,0.3916083916083916,8.571587578431206
45,0.3986013986013986,3.798008535128755
45,0.40559440559440557,10.278524785553758
45,0.4125874125874126,16.640571709226005
45,0.4195804195804196,12.962045817821876
45,0.42657342657342656,17.297056417799638
45,0.43356643356643354,10.025563487388132
45,0.4405594405594406,12.920722461556291
45,0.44755244755244755,16.318504485398485
45,0.45454545454545453,11.47687063838471
45,0.46153846153846156,3.4524852354875013
45,0.46853146853146854,13.22316791340115
45,0.4755244755244755,6.013660388383443
45,0.4825174825174825,13.546861202637901
45,0.48951048951048953,7.414734963904592
45,0.4965034965034965,10.293945341439718
46,0.0,5.773159728050814e-15
46,0.007042253521126761,27.395237884806736
46,0.014084507042253521,30.29589097177842
46,0.02112676056338028,12.671206283541409
46,0.028169014084507043,4.193412070935345
46,0.035211267605633804,10.382132183220131
46,0.04225352112676056,6.229511590244166
46,0.04929577464788733,11.308930038308764
46,0.056338028169014086,18.073498397586143
46,0.06338028169014084,15.857406072978655
46,0.07042253521126761,13.506884699308761
46,0.07746478873239437,8.643447368287134
46,0.08450704225352113,5.793549621857123
46,0.09154929577464789,11.917324608405917
46,0.09859154929577466,5.157449705616098
46,0.1056338028169014,11.032074637816404
46,0.11267605633802817,15.132609972288673
46,0.11971830985915494,5.715579218899127
46,0.1267605633802817,3.482994559577065
46,0.13380281690140847,2.3636415610876806
46,0.14084507042253522,0.9768075621392923
46,0.14788732394366197,9.214508631306918
46,0.15492957746478875,7.3056601515108754
46,0.1619718309859155,4.426255743107774
46,0.16901408450704225,4.685983227452576
46,0.17605633802816903,4.4857089539528054
46,0.18309859154929578,3.6963032447273756
46,0.19014084507042253,6.395264861923659
46,0.1971830985915493,10.734643946778466
46,0.20422535211267606,7.73166656019091
46,0.2112676056338028,3.7798420566777504
46,0.2183098591549296,7.435063585819804
46,0.22535211267605634,13.06783105599654
46,0.2323943661971831,6.097007887507939
46,0.23943661971830987,16.912529715086972
46,0.24647887323943662,4.235285680988964
46,0.2535211267605634,7.615472019009521
46,0.2605633802816901,8.862742490516116
46,0.26760563380281693,18.683186388645407
46,0.2746478873239437,20.555926800699446
46,0.28169014084507044,17.208386160854413
46,0.2887323943661972,9.534981695075018
46,0.29577464788732394,6.23904444881453
46,0.3028169014084507,6.921908364880304
46,0.3098591549295775,5.105543317897254
46,0.31690140845070425,7.900556491991245
46,0.323943661971831,3.437252330323235
46,0.33098591549295775,12.690204652039089
46,0.3380281690140845,14.039144009087279
46,0.34507042253521125,18.428961323587185
46,0.35211267605633806,7.074994243310956
46,0.3591549295774648,14.92908098258662
46,0.36619718309859156,14.088471942634628
46,0.3732394366197183,14.490464061038324
46,0.38028169014084506,23.6155406391077
46,0.3873239436619718,8.376917646696903
46,0.3943661971830986,16.64828661626614
46,0.4014084507042254,15.53314519409795
46,0.4084507042253521,7.423163845140753
46,0.4154929577464789,9.038354560210099
46,0.4225352112676056,10.704655110857045
46,0.4295774647887324,9.544109779976397
46,0.4366197183098592,7.194032870835581
46,0.44366197183098594,9.799983951815758
46,0.4507042253521127,11.535652616124668
46,0.45774647887323944,14.676021902019672
46,0.4647887323943662,7.675978238245306
46,0.471830985915493,2.1236967098454382
46,0.47887323943661975,14.894113124943651
46,0.4859154929577465,11.222828601841098
46,0.49295774647887325,15.837671068955498
47,0.0,8.881784197001252e-15
47,0.00684931506849315,20.773999654208268
47,0.0136986301369863,8.785491221710805
47,0.02054794520547945,2.7821275291210243
47,0.0273972602739726,11.339281441869648
47,0.03424657534246575,1.6050390470678304
47,0.0410958904109589,9.987735496389265
47,0.04794520547945205,8.821967833962312
47,0.0547945205479452,15.20656360322916
47,0.06164383561643835,18.736357035950903
47,0.0684931506849315,15.817892174754839
47,0.07534246575342465,10.520828427827205
47,0.0821917808219178,14.365892170236421
47,0.08904109589041095,8.948783461480453
47,0.0958904109589041,10.77360641948939
47,0.10273972602739725,5.388615555932722
47,0.1095890410958904,15.287020113897798
47,0.11643835616438356,10.407526399527363
47,0.1232876712328767,8.062765788928976
47,0.13013698630136986,15.920552153398898
47,0.136986301369863,9.635698786047842
47,0.14383561643835616,2.8065118711277064
47,0.1506849315068493,4.556838116307779
47,0.15753424657534246,14.514250778905854
47,0.1643835616438356,12.256469463392376
47,0.17123287671232876,16.417939460368032
47,0.1780821917808219,11.252247470709953
47,0.18493150684931506,13.757958696958832
47,0.1917808219178082,7.1915324660879385
47,0.19863013698630136,16.1342690603762
47,0.2054794520547945,30.47712622974048
47,0.21232876712328766,13.294813162621834
47,0.2191780821917808,1.1420099338182608
47,0.22602739726027396,19.611383273850116
47,0.2328767123287671,7.924071317625839
47,0.23972602739726026,18.052134228839805
47,0.2465753424657534,11.313982747073625
47,0.2534246575342466,0.9427693173544112
47,0.2602739726027397,6.297526176143023
47,0.26712328767123283,9.188117739472913
47,0.273972602739726,24.23610953458769
47,0.2808219178082192,17.52684618300829
47,0.2876712328767123,12.647270720732772
47,0.29452054794520544,7.130844386817678
47,0.3013698630136986,7.114972777018257
47,0.3082191780821918,18.80694579205066
47,0.3150684931506849,10.395225505665305
47,0.32191780821917804,4.4567965244641
47,0.3287671232876712,3.423828423135104
47,0.3356164383561644,20.81001739614402
47,0.3424657534246575,10.44137624314909
47,0.34931506849315064,4.9144020224263
47,0.3561643835616438,6.860628429238813
47,0.363013698630137,3.635956957159701
47,0.3698630136986301,9.328863632025577
47,0.37671232876712324,9.03718164681214
47,0.3835616438356164,8.459470650504255
47,0.3904109589041096,2.1200388065507503
47,0.3972602739726027,11.230272721855567
47,0.40410958904109584,10.734794556516452
47,0.410958904109589,2.581713862694738
47,0.4178082191780822,14.398623306660376
47,0.4246575342465753,15.05111671957233
47,0.43150684931506844,9.441828456753331
47,0.4383561643835616,11.055810128268982
47,0.4452054794520548,7.767469607255375
47,0.4520547945205479,11.301335939949857
47,0.45890410958904104,7.265612329201545
47,0.4657534246575342,5.617746841306387
47,0.4726027397260274,7.2404966117627225
47,0.4794520547945205,15.050836712184442
47,0.48630136986301364,12.210334373613433
47,0.4931506849315068,4.753159697502862
48,0.0,2.6645352591003757e-15
48,0.0070921985815602835,25.343709226918072
48,0.014184397163120567,6.0105199320898155
48,0.02127659574468085,14.39241752145575
48,0.028368794326241134,19.67678793527689
48,0.035460992907801414,11.880205500937828
48,0.0425531914893617,12.687134153353144
48,0.04964539007092199,22.19420630771169
48,0.05673758865248227,5.252126179593962
48,0.06382978723404255,1.4211045457711724
48,0.07092198581560283,12.231461529367644
48,0.07801418439716312,24.997185751855557
48,0.0851063829787234,6.45966897923773
48,0.09219858156028368,11.093038787944048
48,0.09929078014184398,23.68736369457703
48,0.10638297872340426,21.237496653998747
48,0.11347517730496454,11.718693626714058
48,0.12056737588652482,7.949923850178345
48,0.1276595744680851,12.01320976488726
48,0.1347517730496454,9.202629508563504
48,0.14184397163120566,4.874568445811055
48,0.14893617021276595,15.68580553831094
48,0.15602836879432624,14.966408448225291
48,0.1631205673758865,10.094145037666758
48,0.1702127659574468,8.489461700805387
48,0.1773049645390071,9.971082073341444
48,0.18439716312056736,7.832500273029277
48,0.19148936170212766,5.038195184267884
48,0.19858156028368795,7.8101583870738365
48,0.20567375886524822,15.440341432039633
48,0.2127659574468085,6.68862682354184
48,0.21985815602836878,16.043534460510013
48,0.22695035460992907,15.521669644105378
48,0.23404255319148937,3.402170590017672
48,0.24113475177304963,5.747893953448682
48,0.24822695035460993,11.92550396299483
48,0.2553191489361702,15.36222831580143
48,0.2624113475177305,10.932391572193236
48,0.2695035460992908,19.76679967161705
48,0.2765957446808511,3.7557363885054325
48,0.2836879432624113,6.2595338413070865
48,0.2907801418439716,6.282764525378176
48,0.2978723404255319,5.818601727346124
48,0.3049645390070922,3.8519632186139483
48,0.3120567375886525,7.111135583207415
48,0.3191489361702128,8.75530247267507
48,0.326241134751773,6.408457587650491
48,0.3333333333333333,5.130930866544732
48,0.3404255319148936,1.9998559093761772
48,0.3475177304964539,5.660102959260739
48,0.3546099290780142,10.207279110599247
48,0.36170212765957444,8.416050955749036
48,0.36879432624113473,17.01515483491293
48,0.375886524822695,6.561372467665548
48,0.3829787234042553,6.904793009321027
48,0.3900709219858156,1.074785983682752
48,0.3971631205673759,1.895515787612149
48,0.40425531914893614,11.297873697981808
48,0.41134751773049644,12.501103024816159
48,0.41843971631205673,12.374282092801241
48,0.425531914893617,19.266698593007124
48,0.4326241134751773,3.5156099767653446
48,0.43971631205673756,10.574783178593586
48,0.44680851063829785,15.6974597307532
48,0.45390070921985815,9.670261346258702
48,0.46099290780141844,9.914675439091138
48,0.46808510638297873,10.382950369594347
48,0.47517730496453897,5.611115441365007
48,0.48226950354609927,11.89363927322808
48,0.48936170212765956,9.327520133739318
48,0.49645390070921985,12.75036440856823
49,0.0,1.4210854715202004e-14
49,0.0072992700729927005,9.558775569118428
49,0.014598540145985401,5.139469199524787
49,0.021897810218978103,17.096098965777184
49,0.029197080291970802,3.5003551323574342
49,0.0364963503649635,11.704796348287665
49,0.043795620437956206,14.122735369561223
49,0.051094890510948905,10.890425994078974
49,0.058394160583941604,9.951684610649442
49,0.06569343065693431,17.966745418583884
49,0.072992700729927,15.672388062005618
49,0.08029197080291971,6.339497102176068
49,0.08759124087591241,19.281369170807285
49,0.0948905109489051,7.201375764202358
49,0.10218978102189781,11.202191271476673
49,0.1094890510948905,19.917689353752433
49,0.11678832116788321,16.8947497792176
49,0.12408759124087591,20.70361332892143
49,0.13138686131386862,21.031023572934092
49,0.1386861313868613,8.613097359747327
49,0.145985401459854,20.223940318662347
49,0.15328467153284672,19.578891324072796
49,0.16058394160583941,3.5776975535466815
49,0.1678832116788321,14.23567514543657
49,0.17518248175182483,3.61081563652797
49,0.18248175182481752,4.671275406590902
49,0.1897810218978102,9.736000771150833
49,0.1970802919708029,3.1100007749330136
49,0.20437956204379562,2.7059528088425386
49,0.2116788321167883,13.32608747969132
49,0.218978102189781,0.8512820624933706
49,0.22627737226277372,11.249564083758179
49,0.23357664233576642,6.6458444133365475
49,0.2408759124087591,12.830919731641062
49,0.24817518248175183,15.061805831590448
49,0.2554744525547445,15.308634827778253
49,0.26277372262773724,10.697064366039102
49,0.27007299270072993,4.761640379306814
49,0.2773722627737226,25.05446081639981
49,0.2846715328467153,2.0854047362834516
49,0.291970802919708,12.64818988332339
49,0.2992700729927007,15.342940658838886
49,0.30656934306569344,4.747153779159414
49,0.31386861313868614,10.906532292538774
49,0.32116788321167883,6.117568660998671
49,0.3284671532846715,6.38041492237181
49,0.3357664233576642,11.044833985626855
49,0.3430656934306569,2.6857283753054215
49,0.35036496350364965,16.499121452062113
49,0.35766423357664234,13.885132699587846
49,0.36496350364963503,12.318398396941275
49,0.3722627737226277,7.481138756963547
49,0.3795620437956204,7.983019368055481
49,0.3868613138686131,8.672882818487983
49,0.3941605839416058,11.96714898442057
49,0.40145985401459855,6.246158106055883
49,0.40875912408759124,10.29435295760206
49,0.41605839416058393,11.076769113375054
49,0.4233576642335766,4.8940065333951495
49,0.4306569343065693,1.2898475497900106
49,0.437956204379562,13.313775405053905
49,0.44525547445255476,5.610378006204465
49,0.45255474452554745,11.852081631099024
49,0.45985401459854014,8.277359629813102
49,0.46715328467153283,4.803789152161008
49,0.4744525547445255,5.8980353410583755
49,0.4817518248175182,8.60140110422831
49,0.4890510948905109,8.385757208005991
49,0.49635036496350365,10.597501689340344
50,0.0,1.509903313490213e-14
50,0.006802721088435374,4.114368290649669
50,0.013605442176870748,21.683879569822608
50,0.02040816326530612,9.638486667934226
50,0.027210884353741496,5.743286025296857
50,0.03401360544217687,9.764340416228082
50,0.04081632653061224,18.178163304936437
50,0.047619047619047616,9.790350317807585
50,0.05442176870748299,11.59379357984128
50,0.061224489795918366,5.592910490588832
50,0.06802721088435373,10.003828647483864
50,0.07482993197278912,8.42420417398316
50,0.08163265306122448,15.954045903990579
50,0.08843537414965986,17.06168418876128
50,0.09523809523809523,9.163356473822814
50,0.10204081632653061,12.239861217336783
50,0.10884353741496598,13.825488400432564
50,0.11564625850340135,16.783865804200236
50,0.12244897959183673,9.220026833394064
50,0.1292517006802721,6.497632715347319
50,0.13605442176870747,9.900588957034742
50,0.14285714285714285,10.281087963241305
50,0.14965986394557823,8.058817198188704
50,0.1564625850340136,10.083497021131864
50,0.16326530612244897,5.718560942096697
50,0.17006802721088435,5.278091352150841
50,0.17687074829931973,2.7329546529533975
50,0.18367346938775508,6.35457310578508
50,0.19047619047619047,15.076604141726447
50,0.19727891156462585,25.011204806997718
50,0.20408163265306123,13.355061090540357
50,0.21088435374149658,4.516688937716525
50,0.21768707482993196,16.520294205081438
50,0.22448979591836735,12.803844685376292
50,0.2312925170068027,2.510917915598184
50,0.23809523809523808,7.147755136159193
50,0.24489795918367346,7.376165359634012
50,0.25170068027210885,7.6240400477784425
50,0.2585034013605442,9.10716857829933
50,0.2653061224489796,6.092510988898964
50,0.27210884353741494,11.711405605627384
50,0.2789115646258503,4.028139609566114
50,0.2857142857142857,1.1963411966875548
50,0.2925170068027211,9.316298862433984
50,0.29931972789115646,7.419645061653378
50,0.30612244897959184,18.268845054808352
50,0.3129251700680272,10.144279763950157
50,0.31972789115646255,11.171851839036355
50,0.32653061224489793,19.456311492603607
50,0.3333333333333333,5.8922429314877895
50,0.3401360544217687,16.27318094481433
50,0.3469387755102041,1.996397928463491
50,0.35374149659863946,11.634077861536245
50,0.36054421768707484,6.593923623618394
50,0.36734693877551017,5.171271768324468
50,0.37414965986394555,7.664679602017445
50,0.38095238095238093,6.362189306059148
50,0.3877551020408163,20.88504606482193
50,0.3945578231292517,9.530532075781727
50,0.4013605442176871,10.600279020702676
50,0.40816326530612246,9.287638273890026
50,0.4149659863945578,11.424396328365571
50,0.42176870748299317,20.148394061655726
50,0.42857142857142855,13.18256620420287
50,0.43537414965986393,3.90168893021119
50,0.4421768707482993,15.81273476701794
50,0.4489795918367347,3.64698582183943
50,0.4557823129251701,27.221224419110502
50,0.4625850340136054,11.808733749507224
50,0.4693877551020408,10.886311314937146
50,0.47619047619047616,11.412782165605167
50,0.48299319727891155,10.341328864198147
50,0.4897959183673469,26.398290732588595
50,0.4965986394557823,14.280276608316445
51,0.0,3.552713678800501e-15
51,0.007246376811594203,14.198827784387912
51,0.014492753623188406,22.420140162173507
51,0.021739130434782608,20.78546441294405
51,0.028985507246376812,10.601716016264124
51,0.036231884057971016,4.206242704318455
51,0.043478260869565216,6.670579641275401
51,0.050724637681159424,11.659934466739367
51,0.057971014492753624,6.606856246422595
51,0.06521739130434782,6.469939636133034
51,0.07246376811594203,10.217799610845859
51,0.07971014492753624,14.266190129774456
51,0.08695652173913043,2.3567707960857525
51,0.09420289855072464,6.109743460267219
51,0.10144927536231885,20.17263083883115
51,0.10869565217391304,2.1103128568561864
51,0.11594202898550725,4.331852014033156
51,0.12318840579710146,4.7708648035158285
51,0.13043478260869565,12.789197074440281
51,0.13768115942028986,7.765364787328014
51,0.14492753623188406,4.311532645509637
51,0.15217391304347827,17.178789879302563
51,0.15942028985507248,17.235400399461888
51,0.16666666666666666,5.685081507973276
51,0.17391304347826086,20.445800688047264
51,0.18115942028985507,20.807368636611063
51,0.18840579710144928,4.369814964133732
51,0.1956521739130435,4.706097891964662
51,0.2028985507246377,15.643685809860854
51,0.21014492753623187,17.080995688489523
51,0.21739130434782608,16.710024227985855
51,0.2246376811594203,3.3237816860801135
51,0.2318840579710145,12.533369323409707
51,0.2391304347826087,7.845637995008729
51,0.2463768115942029,6.778147801317778
51,0.2536231884057971,4.10190438370923
51,0.2608695652173913,10.07516156389735
51,0.26811594202898553,10.150381014575045
51,0.2753623188405797,14.034381129604338
51,0.2826086956521739,9.096669639892935
51,0.2898550724637681,9.865803007361077
51,0.2971014492753623,3.092620149825367
51,0.30434782608695654,4.789041235690248
51,0.3115942028985507,7.862130815106811
51,0.31884057971014496,9.998468613955112
51,0.32608695652173914,1.7700482517148
51,0.3333333333333333,5.547930941759501
51,0.34057971014492755,1.661649037665415
51,0.34782608695652173,9.386768588238592
51,0.35507246376811596,5.283481246359751
51,0.36231884057971014,12.234057767601026
51,0.3695652173913044,9.42711771222696
51,0.37681159420289856,13.056609752478957
51,0.38405797101449274,20.330752635530715
51,0.391304347826087,21.224730775132493
51,0.39855072463768115,11.184729171419573
51,0.4057971014492754,10.91079931005374
51,0.41304347826086957,3.068565790428081
51,0.42028985507246375,13.10051153523227
51,0.427536231884058,18.336398328810567
51,0.43478260869565216,5.686131998965331
51,0.4420289855072464,18.169381953426253
51,0.4492753623188406,8.611129806438125
51,0.4565217391304348,7.386961166462623
51,0.463768115942029,19.565371337777066
51,0.47101449275362317,13.832506481017033
51,0.4782608695652174,3.7245301393195214
51,0.4855072463768116,9.200153733776938
51,0.4927536231884058,13.196854718075981
52,0.0,1.3766765505351941e-14
52,0.007194244604316547,25.5422267755519
52,0.014388489208633094,21.459768521188185
52,0.02158273381294964,27.424795343695276
52,0.02877697841726619,12.22308994541295
52,0.03597122302158273,13.983966827127295
52,0.04316546762589928,26.510778882680395
52,0.05035971223021583,21.56559509221143
52,0.05755395683453238,7.39269597504959
52,0.06474820143884892,4.979476486772387
52,0.07194244604316546,8.109397510575276
52,0.07913669064748202,6.782295895169242
52,0.08633093525179857,13.136406963249424
52,0.09352517985611511,15.008553119343201
52,0.10071942446043167,4.751181000796176
52,0.10791366906474821,5.48519015525909
52,0.11510791366906475,5.087092594228483
52,0.1223021582733813,9.785124923088501
52,0.12949640287769784,10.145219630122725
52,0.1366906474820144,5.192529063476325
52,0.14388489208633093,10.521896145677138
52,0.1510791366906475,15.353547905639786
52,0.15827338129496404,5.483295120410399
52,0.16546762589928057,2.8937777833740514
52,0.17266187050359713,3.565297150592468
52,0.1798561151079137,9.204995599738659
52,0.18705035971223022,13.943193728510959
52,0.19424460431654678,16.658366999807807
52,0.20143884892086333,4.731050928854568
52,0.20863309352517986,15.253821471484924
52,0.21582733812949642,16.385142396079242
52,0.22302158273381295,10.534171520310514
52,0.2302158273381295,17.528750498870654
52,0.23741007194244607,14.284097553407184
52,0.2446043165467626,10.293946665579323
52,0.2517985611510791,3.5362917581374993
52,0.2589928057553957,14.638769479646285
52,0.26618705035971224,13.13444536756612
52,0.2733812949640288,15.264826975334246
52,0.28057553956834536,5.7073237455594805
52,0.28776978417266186,4.837580807978233
52,0.2949640287769784,8.411740665433758
52,0.302158273381295,6.261083389010411
52,0.30935251798561153,6.043735050482781
52,0.3165467625899281,3.194459560730369
52,0.32374100719424465,11.262566509366476
52,0.33093525179856115,10.018351319290671
52,0.3381294964028777,1.8671752421073373
52,0.34532374100719426,14.244867033118895
52,0.3525179856115108,6.134650160734988
52,0.3597122302158274,10.788014058882306
52,0.3669064748201439,13.130866151073942
52,0.37410071942446044,8.122548297340025
52,0.381294964028777,19.37886413780357
52,0.38848920863309355,4.6656986808388625
52,0.3956834532374101,1.3258790448023627
52,0.40287769784172667,12.336278623965477
52,0.41007194244604317,7.255839606808965
52,0.4172661870503597,7.5495772045386715
52,0.4244604316546763,9.23732885349786
52,0.43165467625899284,10.156726256624022
52,0.4388489208633094,3.706926658805718
52,0.4460431654676259,5.97048614458638
52,0.45323741007194246,13.54695120327137
52,0.460431654676259,7.315178794016623
52,0.4676258992805756,13.659224210977811
52,0.47482014388489213,4.780947384964443
52,0.48201438848920863,9.90392416991705
52,0.4892086330935252,6.777148093918238
52,0.49640287769784175,4.807942072662948
53,0.0,7.993605777301127e-15
53,0.007352941176470588,15.189872625485313
53,0.014705882352941176,21.433181428452674
53,0.022058823529411763,15.229451602454558
53,0.029411764705882353,22.212411267700347
53,0.03676470588235294,6.982161713057689
53,0.044117647058823525,6.552617189958417
53,0.051470588235294115,10.470507162868584
53,0.058823529411764705,9.554913582469371
53,0.0661764705882353,18.804150311517386
53,0.07352941176470588,5.095130767312758
53,0.08088235294117647,14.846378121629876
53,0.08823529411764705,20.589161128132787
53,0.09558823529411764,13.826671219446288
53,0.10294117647058823,23.71185795155487
53,0.11029411764705882,3.901200093951043
53,0.11764705882352941,17.807868147591908
53,0.125,7.512893254056136
53,0.1323529411764706,10.588454763744698
53,0.13970588235294118,5.059327736680363
53,0.14705882352941177,8.669925523423442
53,0.15441176470588236,4.563805714743069
53,0.16176470588235295,1.8172065157460866
53,0.16911764705882354,3.662003143490641
53,0.1764705882352941,12.994409785409841
53,0.1838235294117647,9.73347472806646
53,0.19117647058823528,8.731959600968246
53,0.19852941176470587,2.082637664112011
53,0.20588235294117646,9.354954734467734
53,0.21323529411764705,15.182650040904782
53,0.22058823529411764,15.072928224294003
53,0.22794117647058823,2.061493787183479
53,0.23529411764705882,12.080691083519142
53,0.2426470588235294,6.889940805773354
53,0.25,5.016271509615907
53,0.25735294117647056,9.077060455135772
53,0.2647058823529412,13.381471266023633
53,0.27205882352941174,6.055422725667045
53,0.27941176470588236,8.961254524266504
53,0.2867647058823529,11.06720969866336
53,0.29411764705882354,22.11499638103967
53,0.3014705882352941,2.4521112602770407
53,0.3088235294117647,6.816492102247202
53,0.3161764705882353,15.337085716471714
53,0.3235294117647059,16.65524428629653
53,0.33088235294117646,0.6940562901206331
53,0.3382352941176471,8.01124121616302
53,0.34558823529411764,3.2881728411218054
53,0.3529411764705882,17.796159368673646
53,0.3602941176470588,3.7676597784425065
53,0.3676470588235294,16.925787001693752
53,0.375,6.007726430184837
53,0.38235294117647056,8.323209055918433
53,0.3897058823529412,8.120155496224738
53,0.39705882352941174,12.115093052783704
53,0.40441176470588236,8.546678243137924
53,0.4117647058823529,3.076864809404827
53,0.41911764705882354,5.260557779656212
53,0.4264705882352941,14.828351920503508
53,0.4338235294117647,15.65399874591297
53,0.4411764705882353,8.955243979237297
53,0.4485294117647059,7.5794415279585685
53,0.45588235294117646,10.930055559588872
53,0.4632352941176471,7.49145330300784
53,0.47058823529411764,16.339324945472093
53,0.4779411764705882,2.183172526017254
53,0.4852941176470588,11.359275531706766
53,0.4926470588235294,8.416941596358674
54,0.0,4.884981308350689e-15
54,0.006993006993006993,31.72353093911005
54,0.013986013986013986,28.449584881967034
54,0.02097902097902098,24.743848699628607
54,0.027972027972027972,9.997408481440734
54,0.03496503496503497,17.24344291941318
54,0.04195804195804196,11.374722033891475
54,0.04895104895104895,12.075789164541172
54,0.055944055944055944,15.1775288779207
54,0.06293706293706294,12.591890624605345
54,0.06993006993006994,17.152095844976284
54,0.07692307692307693,14.934256518326249
54,0.08391608391608392,14.948493167546541
54,0.09090909090909091,12.253236154926933
54,0.0979020979020979,1.2442837163837
54,0.1048951048951049,11.982446858662074
54,0.11188811188811189,7.538454765955703
54,0.11888111888111888,5.1583504032774
54,0.1258741258741259,7.567253276458749
54,0.13286713286713286,3.9862974553017625
54,0.13986013986013987,18.398673001334465
54,0.14685314685314685,9.678313557134558
54,0.15384615384615385,3.604943140415475
54,0.16083916083916083,8.881007054222662
54,0.16783216783216784,7.704457449278959
54,0.17482517482517482,9.899319568055635
54,0.18181818181818182,10.987320839293151
54,0.1888111888111888,5.355288190628748
54,0.1958041958041958,7.690447140418385
54,0.20279720279720279,12.974421408073361
54,0.2097902097902098,0.8399818808464206
54,0.21678321678321677,14.347473944477484
54,0.22377622377622378,6.550398441473655
54,0.23076923076923078,7.175612947319396
54,0.23776223776223776,12.427691296989389
54,0.24475524475524477,8.493365467743812
54,0.2517482517482518,3.971503761980794
54,0.25874125874125875,8.120295726316707
54,0.26573426573426573,4.122735611075642
54,0.2727272727272727,5.655481032033522
54,0.27972027972027974,4.392677737418964
54,0.2867132867132867,15.069736568369287
54,0.2937062937062937,5.435337094781387
54,0.3006993006993007,12.877497645931252
54,0.3076923076923077,17.387775325067878
54,0.3146853146853147,11.414270266508337
54,0.32167832167832167,16.59038960659044
54,0.32867132867132864,12.603010984794217
54,0.3356643356643357,5.6714625622115555
54,0.34265734265734266,11.492331301639977
54,0.34965034965034963,12.060288548525467
54,0.35664335664335667,7.352909882795969
54,0.36363636363636365,7.044273250582949
54,0.3706293706293706,2.912037360012231
54,0.3776223776223776,2.9097640416896797
54,0.38461538461538464,18.739853384250104
54,0.3916083916083916,8.702113758837152
54,0.3986013986013986,19.68927385790228
54,0.40559440559440557,10.233586645713265
54,0.4125874125874126,8.981822297323145
54,0.4195804195804196,3.2925320212586273
54,0.42657342657342656,4.591031597764017
54,0.43356643356643354,11.032328921245508
54,0.4405594405594406,13.85940327991007
54,0.44755244755244755,11.630121837440925
54,0.45454545454545453,12.933575449862724
54,0.46153846153846156,11.504204413670502
54,0.46853146853146854,2.9187664115286793
54,0.4755244755244755,15.561714007169373
54,0.4825174825174825,5.280582009526387
54,0.48951048951048953,3.0421672439775027
54,0.4965034965034965,4.3387389421778435
55,0.0,1.1102230246251565e-14
55,0.00641025641025641,23.941808498805383
55,0.01282051282051282,23.867086974765716
55,0.019230769230769232,19.89098433176267
55,0.02564102564102564,5.9071625363211195
55,0.03205128205128205,18.99390209978366
55,0.038461538461538464,17.14004310014116
55,0.04487179487179487,15.985317745633852
55,0.05128205128205128,12.563320195052638
55,0.05769230769230769,9.85377836090784
55,0.0641025641025641,8.912478038668626
55,0.07051282051282051,10.041857928740855
55,0.07692307692307693,4.490838604229313
55,0.08333333333333333,8.953752882437051
55,0.08974358974358974,18.462292477604006
55,0.09615384615384615,22.11904862895156
55,0.10256410256410256,6.700034860162932
55,0.10897435897435898,6.501198955949132
55,0.11538461538461538,2.6870483014332573
55,0.12179487179487179,10.245241908258603
55,0.1282051282051282,15.914007375572172
55,0.1346153846153846,3.7875130310557665
55,0.14102564102564102,18.089717268571544
55,0.14743589743589744,12.412263817181783
55,0.15384615384615385,14.522839218814687
55,0.16025641025641024,12.422213863718456
55,0.16666666666666666,13.39439018543578
55,0.17307692307692307,13.090830971555487
55,0.1794871794871795,5.2819908182180715
55,0.1858974358974359,2.7618739612027654
55,0.1923076923076923,7.7316581460915845
55,0.1987179487179487,12.006722667332973
55,0.20512820512820512,17.62973015044646
55,0.21153846153846154,2.103661616914483
55,0.21794871794871795,1.6243431778276147
55,0.22435897435897434,15.977151223600377
55,0.23076923076923075,14.887992368297619
55,0.23717948717948717,8.425586991617122
55,0.24358974358974358,17.276054477235956
55,0.25,3.310783745535405
55,0.2564102564102564,7.780314942804723
55,0.26282051282051283,1.8244540217110774
55,0.2692307692307692,10.821463924391306
55,0.2756410256410256,4.688285019114796
55,0.28205128205128205,0.6114169719461517
55,0.28846153846153844,4.046419804209375
55,0.2948717948717949,6.5090677597438535
55,0.30128205128205127,17.64038769212997
55,0.3076923076923077,5.846371907830927
55,0.3141025641025641,4.990151474647001
55,0.3205128205128205,1.9441772648210331
55,0.3269230769230769,12.487865308556467
55,0.3333333333333333,16.338306434851685
55,0.33974358974358976,11.151115187959487
55,0.34615384615384615,14.220870183567117
55,0.35256410256410253,16.98539722316725
55,0.358974358974359,6.699866777655009
55,0.36538461538461536,5.249823743202204
55,0.3717948717948718,3.435227490189265
55,0.3782051282051282,8.589528697695222
55,0.3846153846153846,16.677130685928898
55,0.391025641025641,14.103695120087357
55,0.3974358974358974,12.233722830791736
55,0.40384615384615385,7.1989624200983116
55,0.41025641025641024,8.526512225249142
55,0.41666666666666663,7.383391428587124
55,0.4230769230769231,18.852119966722906
55,0.42948717948717946,13.63185283037856
55,0.4358974358974359,0.4892477223664825
55,0.4423076923076923,6.411539094398815
55,0.4487179487179487,19.967777943801316
55,0.4551282051282051,7.596189830095392
55,0.4615384615384615,16.714993803278073
55,0.46794871794871795,8.126288291843457
55,0.47435897435897434,11.806189677562577
55,0.4807692307692307,12.286682129601008
55,0.48717948717948717,22.490542360762973
55,0.49358974358974356,19.947066294727282
56,0.0,5.329070518200751e-15
56,0.007518796992481203,7.859852825913067
56,0.015037593984962405,18.56634374586294
56,0.022556390977443608,17.691688722685914
56,0.03007518796992481,9.853219626731642
56,0.03759398496240601,29.457646179845657
56,0.045112781954887216,11.897830149911364
56,0.05263157894736842,16.496247620916048
56,0.06015037593984962,18.440130494903556
56,0.06766917293233082,14.058565282125931
56,0.07518796992481203,9.242634274710946
56,0.08270676691729323,11.13797527173524
56,0.09022556390977443,19.044484195398894
56,0.09774436090225563,13.975639283554623
56,0.10526315789473684,14.921970229549876
56,0.11278195488721804,11.865125442350696
56,0.12030075187969924,7.21117969658001
56,0.12781954887218044,19.066341719152145
56,0.13533834586466165,12.256251776350782
56,0.14285714285714285,11.969940233455281
56,0.15037593984962405,3.884253950566434
56,0.15789473684210525,1.39656775157129
56,0.16541353383458646,10.13141474897067
56,0.17293233082706766,5.348422012464626
56,0.18045112781954886,4.269181049277413
56,0.18796992481203006,3.0982032534761834
56,0.19548872180451127,2.714814249124916
56,0.20300751879699247,12.615485944527732
56,0.21052631578947367,2.1351989015634207
56,0.21804511278195488,8.961044296093375
56,0.22556390977443608,3.618294475377657
56,0.23308270676691728,12.511870272990729
56,0.24060150375939848,4.4928604163989965
56,0.24812030075187969,4.956366900349565
56,0.2556390977443609,11.280811869837574
56,0.2631578947368421,5.990111922914592
56,0.2706766917293233,8.238769904905618
56,0.2781954887218045,6.406891396760417
56,0.2857142857142857,7.016323222339475
56,0.2932330827067669,9.519907510721557
56,0.3007518796992481,8.448274889785269
56,0.3082706766917293,8.073061710725781
56,0.3157894736842105,6.455603544662084
56,0.3233082706766917,10.13094216669921
56,0.3308270676691729,13.288699504844006
56,0.3383458646616541,8.029060488910355
56,0.3458646616541353,6.410838079017478
56,0.3533834586466165,13.858852015194538
56,0.3609022556390977,13.717591338130282
56,0.3684210526315789,1.2430946514188868
56,0.37593984962406013,18.45708193716945
56,0.38345864661654133,8.559341320140554
56,0.39097744360902253,4.256640260413796
56,0.39849624060150374,3.3543873439814846
56,0.40601503759398494,10.349402742830447
56,0.41353383458646614,6.328078338130717
56,0.42105263157894735,14.83813694681277
56,0.42857142857142855,20.41306958199207
56,0.43609022556390975,4.845590053671681
56,0.44360902255639095,12.92090729128125
56,0.45112781954887216,4.354291797417837
56,0.45864661654135336,8.965582740283894
56,0.46616541353383456,20.49720687113867
56,0.47368421052631576,16.488749815242357
56,0.48120300751879697,0.8894147565758096
56,0.48872180451127817,7.872573813132116
56,0.49624060150375937,9.918328291170653
57,0.0,1.0658141036401503e-14
57,0.007575757575757576,21.935113552526246
57,0.015151515151515152,20.340483120072694
57,0.022727272727272728,13.586892554636663
57,0.030303030303030304,3.3229623002997872
57,0.03787878787878788,16.653383883332516
57,0.045454545454545456,19.26362839950108
57,0.05303030303030303,24.65304374372364
57,0.06060606060606061,13.291955731802505
57,0.06818181818181818,12.225182749814117
57,0.07575757575757576,2.956538535252356
57,0.08333333333333334,8.36636693774977
57,0.09090909090909091,8.34637388059584
57,0.09848484848484848,5.458011494236162
57,0.10606060606060606,3.9995808593298414
57,0.11363636363636365,3.871534003739499
57,0.12121212121212122,14.208758947415124
57,0.12878787878787878,12.92775760568213
57,0.13636363636363635,11.476756958845538
57,0.14393939393939395,12.12414384230443
57,0.15151515151515152,28.127945311132965
57,0.1590909090909091,15.494557676872624
57,0.16666666666666669,12.400624582043916
57,0.17424242424242425,17.08172376550152
57,0.18181818181818182,13.005217541924118
57,0.1893939393939394,6.347519854305359
57,0.19696969696969696,15.652082845175423
57,0.20454545454545456,10.128621888181542
57,0.21212121212121213,9.2840839240611
57,0.2196969696969697,13.919569547337975
57,0.2272727272727273,3.341992085641415
57,0.23484848484848486,11.956998726897499
57,0.24242424242424243,8.706757684655795
57,0.25,4.500570756161685
57,0.25757575757575757,2.0177720529295184
57,0.26515151515151514,12.562021666398577
57,0.2727272727272727,12.346742449849012
57,0.28030303030303033,13.05145779395603
57,0.2878787878787879,12.679179452451963
57,0.29545454545454547,7.005252713609222
57,0.30303030303030304,8.274269809514083
57,0.3106060606060606,7.979958429592691
57,0.3181818181818182,7.015987542654933
57,0.32575757575757575,4.112759742269386
57,0.33333333333333337,8.898051774536897
57,0.34090909090909094,2.789547317895462
57,0.3484848484848485,8.04562873049925
57,0.3560606060606061,5.583822542666492
57,0.36363636363636365,2.5518491557359395
57,0.3712121212121212,9.697711819057833
57,0.3787878787878788,13.277477548366479
57,0.38636363636363635,7.557724778328255
57,0.3939393939393939,6.747214210201781
57,0.40151515151515155,4.381593401975101
57,0.4090909090909091,4.293553057355339
57,0.4166666666666667,8.589825408511706
57,0.42424242424242425,6.869791003842227
57,0.4318181818181818,8.92353245562895
57,0.4393939393939394,10.816464165786883
57,0.44696969696969696,13.280420024563616
57,0.4545454545454546,10.554288994595025
57,0.46212121212121215,4.567142120639109
57,0.4696969696969697,6.614747285965261
57,0.4772727272727273,6.124006519740675
57,0.48484848484848486,13.169173104654178
57,0.49242424242424243,4.0873403118704745
58,0.0,7.327471962526033e-15
58,0.00684931506849315,35.71625216438889
58,0.0136986301369863,25.210947512521475
58,0.02054794520547945,21.171106627664816
58,0.0273972602739726,17.606533381746218
58,0.03424657534246575,5.025340016401863
58,0.0410958904109589,11.216554813036284
58,0.04794520547945205,12.42223107160774
58,0.0547945205479452,17.02589699425304
58,0.06164383561643835,9.49390142073212
58,0.0684931506849315,10.065046435912311
58,0.07534246575342465,7.9226063119220145
58,0.0821917808219178,12.614148361253038
58,0.08904109589041095,6.702573562227357
58,0.0958904109589041,3.7880534871776566
58,0.10273972602739725,9.686114282559876
58,0.1095890410958904,20.91839500780254
58,0.11643835616438356,16.16326286241185
58,0.1232876712328767,4.864418988692504
58,0.13013698630136986,10.963107391768446
58,0.136986301369863,11.865999147927658
58,0.14383561643835616,13.49026461411551
58,0.1506849315068493,5.820822221191722
58,0.15753424657534246,12.850177391796821
58,0.1643835616438356,16.65365066077682
58,0.17123287671232876,25.72213577074244
58,0.1780821917808219,13.37760216685137
58,0.18493150684931506,14.56401959926425
58,0.1917808219178082,17.18543962511232
58,0.19863013698630136,11.719898174738093
58,0.2054794520547945,16.227493478636823
58,0.21232876712328766,5.087093920750705
58,0.2191780821917808,9.432706899941397
58,0.22602739726027396,10.023638935447366
58,0.2328767123287671,9.360767914491632
58,0.23972602739726026,5.098879530649498
58,0.2465753424657534,2.136964362908119
58,0.2534246575342466,12.26197839708903
58,0.2602739726027397,2.392518942012845
58,0.26712328767123283,15.79691024826309
58,0.273972602739726,19.05095729507605
58,0.2808219178082192,9.898621210935053
58,0.2876712328767123,8.090802614247574
58,0.29452054794520544,15.241404284084107
58,0.3013698630136986,4.646369602274416
58,0.3082191780821918,6.780908321254822
58,0.3150684931506849,10.449808323220275
58,0.32191780821917804,1.8516722075425163
58,0.3287671232876712,10.566524221117547
58,0.3356164383561644,11.182700692022587
58,0.3424657534246575,14.141445980030642
58,0.34931506849315064,8.176743569734697
58,0.3561643835616438,4.2443432653764175
58,0.363013698630137,7.191612221574337
58,0.3698630136986301,11.69910928881032
58,0.37671232876712324,0.4961368270586555
58,0.3835616438356164,4.868160413630141
58,0.3904109589041096,9.641892754258448
58,0.3972602739726027,10.439660880559764
58,0.40410958904109584,3.888718392107876
58,0.410958904109589,6.7060740946529185
58,0.4178082191780822,2.434404757679345
58,0.4246575342465753,15.914491730672474
58,0.43150684931506844,4.512062089351575
58,0.4383561643835616,11.45097840599927
58,0.4452054794520548,5.394865621520202
58,0.4520547945205479,6.103453689185177
58,0.45890410958904104,3.709392763115328
58,0.4657534246575342,4.237856822563533
58,0.4726027397260274,3.632918191425374
58,0.4794520547945205,12.394111402293092
58,0.48630136986301364,8.880547497128564
58,0.4931506849315068,2.1584285673931327
59,0.0,1.0658141036401503e-14
59,0.006896551724137931,19.983580512073384
59,0.013793103448275862,20.17208231761287
59,0.020689655172413793,7.940504234252206
59,0.027586206896551724,15.742240755907329
59,0.034482758620689655,2.932225425515322
59,0.041379310344827586,9.676600229790418
59,0.04827586206896552,5.169376639681863
59,0.05517241379310345,12.888044357899195
59,0.06206896551724138,4.072808153375891
59,0.06896551724137931,20.09950549384533
59,0.07586206896551724,3.8512952101658273
59,0.08275862068965517,6.11666839756228
59,0.0896551724137931,6.244142055876199
59,0.09655172413793103,16.174353379932644
59,0.10344827586206896,13.851310898553269
59,0.1103448275862069,7.113062006953841
59,0.11724137931034483,4.234382934073416
59,0.12413793103448276,13.462513449490379
59,0.13103448275862067,14.090655922653104
59,0.13793103448275862,16.50754034081602
59,0.14482758620689656,6.204869566185686
59,0.15172413793103448,9.491948403591463
59,0.1586206896551724,11.391398874165265
59,0.16551724137931034,10.646158742441838
59,0.1724137931034483,4.740638852994384
59,0.1793103448275862,12.371978714830709
59,0.18620689655172412,17.6443265883146
59,0.19310344827586207,8.870142280134111
59,0.2,3.1218826723747317
59,0.20689655172413793,10.765801466086092
59,0.21379310344827585,14.919963674051546
59,0.2206896551724138,3.671080135380271
59,0.22758620689655173,21.76780730588605
59,0.23448275862068965,19.3465201183837
59,0.24137931034482757,16.046126837658356
59,0.2482758620689655,13.113192412816339
59,0.25517241379310346,5.875615892100176
59,0.26206896551724135,6.2082777582866004
59,0.2689655172413793,7.513812913604076
59,0.27586206896551724,10.140588649150038
59,0.2827586206896552,2.201349089188891
59,0.2896551724137931,1.9788983192764882
59,0.296551724137931,11.179077858660094
59,0.30344827586206896,17.047662280683603
59,0.3103448275862069,11.093981228115696
59,0.3172413793103448,7.275815715610353
59,0.32413793103448274,9.093221544199219
59,0.3310344827586207,2.9092268388629625
59,0.33793103448275863,8.864300157056206
59,0.3448275862068966,22.223399370794397
59,0.35172413793103446,17.59162029400064
59,0.3586206896551724,1.237733608488338
59,0.36551724137931035,11.731005342941174
59,0.37241379310344824,17.456064743456135
59,0.3793103448275862,3.6598239776729753
59,0.38620689655172413,4.952546094477953
59,0.3931034482758621,11.126730183997815
59,0.4,10.13286327865576
59,0.4068965517241379,5.337789760344047
59,0.41379310344827586,4.919701049828598
59,0.4206896551724138,13.108051495819407
59,0.4275862068965517,18.345870164994995
59,0.43448275862068964,4.396459713228748
59,0.4413793103448276,25.351405340976648
59,0.4482758620689655,9.50442558475355
59,0.45517241379310347,13.207991069477828
59,0.46206896551724136,9.711745570239646
59,0.4689655172413793,9.208265777756768
59,0.47586206896551725,18.986712822502188
59,0.48275862068965514,7.256610553782683
59,0.4896551724137931,11.110672164690484
59,0.496551724137931,10.955131861992182
60,0.0,1.199040866595169e-14
60,0.006993006993006993,8.620157852663935
60,0.013986013986013986,18.855156711136463
60,0.02097902097902098,10.876336883702137
60,0.027972027972027972,24.129368392086903
60,0.03496503496503497,9.139832626080718
60,0.04195804195804196,13.477234815051062
60,0.04895104895104895,13.2663423708394
60,0.055944055944055944,6.7320070397842064
60,0.06293706293706294,10.767113355417232
60,0.06993006993006994,16.76606607337297
60,0.07692307692307693,14.440323026746556
60,0.08391608391608392,6.312070241690579
60,0.09090909090909091,5.333483828093259
60,0.0979020979020979,8.827402757791173
60,0.1048951048951049,11.018059735715745
60,0.11188811188811189,0.4756293487352657
60,0.11888111888111888,14.27256825262779
60,0.1258741258741259,9.963151221795698
60,0.13286713286713286,9.586803277858099
60,0.13986013986013987,8.773941537789137
60,0.14685314685314685,0.7835696643401694
60,0.15384615384615385,25.59666513036267
60,0.16083916083916083,10.933837385592504
60,0.16783216783216784,7.592897967796053
60,0.17482517482517482,8.418521217659716
60,0.18181818181818182,15.345684963568626
60,0.1888111888111888,11.986353853324974
60,0.1958041958041958,6.574359142108719
60,0.20279720279720279,4.396412981698018
60,0.2097902097902098,11.873781774748103
60,0.21678321678321677,1.8727949729461202
60,0.22377622377622378,16.538395215801454
60,0.23076923076923078,12.35554232511356
60,0.23776223776223776,3.1725660621950063
60,0.24475524475524477,2.9306715707113193
60,0.2517482517482518,16.183700309389263
60,0.25874125874125875,7.483269956336354
60,0.26573426573426573,11.01736123092074
60,0.2727272727272727,2.0031531282172783
60,0.27972027972027974,15.755771141255437
60,0.2867132867132867,14.40318537536826
60,0.2937062937062937,26.273574225073652
60,0.3006993006993007,14.840535524475277
60,0.3076923076923077,13.383517293334446
60,0.3146853146853147,13.437586993985027
60,0.32167832167832167,22.381292574834188
60,0.32867132867132864,3.419944160425197
60,0.3356643356643357,11.235679776717836
60,0.34265734265734266,7.981033999002001
60,0.34965034965034963,12.927912410555491
60,0.35664335664335667,2.9628251218079376
60,0.36363636363636365,6.56008842672364
60,0.3706293706293706,8.754855433427005
60,0.3776223776223776,14.759906623740228
60,0.38461538461538464,9.02359550957624
60,0.3916083916083916,3.180970450631199
60,0.3986013986013986,15.133930017561315
60,0.40559440559440557,3.6791136260427297
60,0.4125874125874126,6.599855834182298
60,0.4195804195804196,2.056205754761126
60,0.42657342657342656,15.593576642147395
60,0.43356643356643354,15.04470707032639
60,0.4405594405594406,10.62887610684768
60,0.44755244755244755,10.81764171828697
60,0.45454545454545453,10.703423153546279
60,0.46153846153846156,12.932045300855808
60,0.46853146853146854,5.646868196557758
60,0.4755244755244755,17.14781752012902
60,0.4825174825174825,7.217641426312364
60,0.48951048951048953,12.706412935398278
60,0.4965034965034965,6.291082000864352
61,0.0,1.3322676295501878e-15
61,0.006756756756756757,10.415881225698358
61,0.013513513513513514,15.293674608383625
61,0.02027027027027027,8.546288411319138
61,0.02702702702702703,21.00289060980792
61,0.033783783783783786,11.281697848853678
61,0.04054054054054054,3.394309050157723
61,0.0472972972972973,10.680796745203592
61,0.05405405405405406,3.703167261544787
61,0.060810810810810814,9.883036867150672
61,0.06756756756756757,16.407727022333134
61,0.07432432432432433,11.103292986647412
61,0.08108108108108109,21.901526402654664
61,0.08783783783783784,5.232252104286458
61,0.0945945945945946,9.576761912542676
61,0.10135135135135136,12.653069552423375
61,0.10810810810810811,15.970140063396597
61,0.11486486486486487,10.153090656347992
61,0.12162162162162163,9.701647659925312
61,0.1283783783783784,10.120613381894621
61,0.13513513513513514,2.043877135964179
61,0.14189189189189189,2.397805067977159
61,0.14864864864864866,9.02789463541854
61,0.15540540540540543,25.47990376342197
61,0.16216216216216217,14.483806842739686
61,0.16891891891891891,8.175567424318853
61,0.17567567567567569,12.688692979153705
61,0.18243243243243246,28.01423867342099
61,0.1891891891891892,9.345679216513767
61,0.19594594594594594,12.572478363474866
61,0.20270270270270271,11.02498553836581
61,0.20945945945945948,8.986540699866154
61,0.21621621621621623,8.736243676556706
61,0.22297297297297297,19.673273930067115
61,0.22972972972972974,11.835828687174082
61,0.2364864864864865,11.763042678984563
61,0.24324324324324326,11.537425425847099
61,0.25,14.77889698348776
61,0.2567567567567568,14.589489205280778
61,0.26351351351351354,13.64975073920785
61,0.2702702702702703,2.658554857216213
61,0.27702702702702703,6.3854183577437835
61,0.28378378378378377,15.382563624370393
61,0.29054054054054057,12.804403270858678
61,0.2972972972972973,13.706690837307535
61,0.30405405405405406,14.514600467445176
61,0.31081081081081086,9.23924030219924
61,0.3175675675675676,14.58242885515157
61,0.32432432432432434,16.80926315788595
61,0.3310810810810811,12.654907327447297
61,0.33783783783783783,4.593829131154498
61,0.3445945945945946,15.754143006233368
61,0.35135135135135137,19.204762225719087
61,0.3581081081081081,11.447328139833946
61,0.3648648648648649,3.602599648786956
61,0.37162162162162166,4.805343547901574
61,0.3783783783783784,7.5089439457086335
61,0.38513513513513514,4.720749143775152
61,0.3918918918918919,6.463497155886919
61,0.3986486486486487,9.995562025531433
61,0.40540540540540543,4.135889595392515
61,0.41216216216216217,3.336287841915395
61,0.41891891891891897,11.086700772330348
61,0.4256756756756757,5.921986112917881
61,0.43243243243243246,18.112023634018954
61,0.4391891891891892,14.295857944014614
61,0.44594594594594594,5.912352939459333
61,0.45270270270270274,13.925310534938248
61,0.4594594594594595,6.581321165001546
61,0.46621621621621623,7.3606668070727945
61,0.472972972972973,3.1318882492946387
61,0.47972972972972977,3.4718874663767783
61,0.4864864864864865,5.491939180248975
61,0.49324324324324326,19.609339118520616
62,0.0,8.43769498715119e-15
62,0.007142857142857143,29.000457102819055
62,0.014285714285714285,24.370743770252997
62,0.02142857142857143,14.01092982738781
62,0.02857142857142857,17.007310330561623
62,0.03571428571428571,14.44434371013584
62,0.04285714285714286,14.998769758349658
62,0.049999999999999996,19.080534982991335
62,0.05714285714285714,6.0220933560058
62,0.06428571428571428,11.03156279341179
62,0.07142857142857142,2.6298883810801734
62,0.07857142857142857,10.459085947058435
62,0.08571428571428572,1.8667496911744152
62,0.09285714285714286,4.215913845771981
62,0.09999999999999999,5.415627952905299
62,0.10714285714285714,4.634453088452688
62,0.11428571428571428,4.0076632024678975
62,0.12142857142857143,6.8909448876737835
62,0.12857142857142856,15.456719823648951
62,0.1357142857142857,10.348904659021555
62,0.14285714285714285,13.04065643575764
62,0.15,9.282375671982482
62,0.15714285714285714,19.182075496542332
62,0.16428571428571428,15.979891000609568
62,0.17142857142857143,9.773331462264519
62,0.17857142857142858,13.025385297972928
62,0.18571428571428572,8.415651765817547
62,0.19285714285714284,6.162150412403406
62,0.19999999999999998,9.543502464804323
62,0.20714285714285713,5.562187802724578
62,0.21428571428571427,6.429984186111675
62,0.22142857142857142,9.241304951376138
62,0.22857142857142856,10.840970261921742
62,0.2357142857142857,11.642102687586222
62,0.24285714285714285,9.579856533362966
62,0.25,8.88030616116095
62,0.2571428571428571,20.38944576644399
62,0.2642857142857143,17.643942903835892
62,0.2714285714285714,7.157727723372884
62,0.2785714285714286,8.50664696936305
62,0.2857142857142857,8.942871938465917
62,0.29285714285714287,12.227452657660535
62,0.3,11.447787157497348
62,0.3071428571428571,11.028726178906338
62,0.3142857142857143,11.707427526471182
62,0.3214285714285714,6.30736143311879
62,0.32857142857142857,5.58629362886293
62,0.3357142857142857,12.140277114062616
62,0.34285714285714286,3.1951058518998074
62,0.35,7.708897838167343
62,0.35714285714285715,2.234988957986986
62,0.36428571428571427,0.7743269751145636
62,0.37142857142857144,8.917508939418386
62,0.37857142857142856,6.741037680316475
62,0.3857142857142857,12.765603070572402
62,0.39285714285714285,13.38492267235454
62,0.39999999999999997,27.717838428798537
62,0.40714285714285714,11.26378954872412
62,0.41428571428571426,11.026879545961423
62,0.42142857142857143,7.14593135482686
62,0.42857142857142855,18.93855176802845
62,0.4357142857142857,10.365079624929026
62,0.44285714285714284,5.73829770977288
62,0.45,17.343321845725495
62,0.45714285714285713,4.279547369239972
62,0.46428571428571425,3.694859437102248
62,0.4714285714285714,12.120916594748799
62,0.47857142857142854,6.142118792302263
62,0.4857142857142857,5.3820730692406515
62,0.4928571428571428,6.958871336940889
63,0.0,9.769962616701378e-15
63,0.0070921985815602835,38.268175468009794
63,0.014184397163120567,28.510827341388005
63,0.02127659574468085,21.66840809486775
63,0.028368794326241134,8.019990148906436
63,0.035460992907801414,2.6262856492104607
63,0.0425531914893617,11.291824727891287
63,0.04964539007092199,5.861624569962813
63,0.05673758865248227,11.453131898697666
63,0.06382978723404255,8.330859091313604
63,0.07092198581560283,2.319580262445795
63,0.07801418439716312,10.178561876469578
63,0.0851063829787234,12.979139389600844
63,0.09219858156028368,5.346638988563405
63,0.09929078014184398,2.1422812192332983
63,0.10638297872340426,7.104072522258382
63,0.11347517730496454,9.768565417285451
63,0.12056737588652482,15.394718070421613
63,0.1276595744680851,4.270634257121141
63,0.1347517730496454,2.5363930703245474
63,0.14184397163120566,4.772219735339419
63,0.14893617021276595,4.228068497038872
63,0.15602836879432624,2.726681373143389
63,0.1631205673758865,12.692729737596299
63,0.1702127659574468,8.327395248104958
63,0.1773049645390071,12.197476648044724
63,0.18439716312056736,6.900204012810384
63,0.19148936170212766,5.198699374079052
63,0.19858156028368795,12.443220687587182
63,0.20567375886524822,5.942201832702989
63,0.2127659574468085,9.399756779374647
63,0.21985815602836878,7.666921891606782
63,0.22695035460992907,5.7710793617484715
63,0.23404255319148937,8.615842852810369
63,0.24113475177304963,5.92612460739439
63,0.24822695035460993,11.113196351085435
63,0.2553191489361702,6.974079613963921
63,0.2624113475177305,1.367721931505663
63,0.2695035460992908,7.0986028600881
63,0.2765957446808511,18.444268995855346
63,0.2836879432624113,15.372614408100612
63,0.2907801418439716,14.786885881021682
63,0.2978723404255319,14.122606000143241
63,0.3049645390070922,9.166138242789685
63,0.3120567375886525,4.7581158829586006
63,0.3191489361702128,17.633960985899375
63,0.326241134751773,12.212667688928786
63,0.3333333333333333,2.773822275336249
63,0.3404255319148936,8.034017161900218
63,0.3475177304964539,2.4246821304195265
63,0.3546099290780142,5.914459271855819
63,0.36170212765957444,6.758532840081832
63,0.36879432624113473,2.3979021263048255
63,0.375886524822695,4.189540375605694
63,0.3829787234042553,9.37267784984899
63,0.3900709219858156,7.029385083044122
63,0.3971631205673759,18.99636103424061
63,0.40425531914893614,12.587804778090913
63,0.41134751773049644,12.757452626884772
63,0.41843971631205673,16.797223809236275
63,0.425531914893617,17.225355684543626
63,0.4326241134751773,12.489340801332615
63,0.43971631205673756,20.88005299573014
63,0.44680851063829785,13.998603004086329
63,0.45390070921985815,13.50972629765601
63,0.46099290780141844,6.716707569007277
63,0.46808510638297873,20.198285906574377
63,0.47517730496453897,7.291619335026529
63,0.48226950354609927,4.223386136119227
63,0.48936170212765956,11.728110575991021
63,0.49645390070921985,7.861960220504929
64,0.0,2.220446049250313e-16
64,0.0072992700729927005,11.32188543388522
64,0.014598540145985401,5.268961001388744
64,0.021897810218978103,10.29521659215984
64,0.029197080291970802,7.903949780078878
64,0.0364963503649635,14.29342271038089
64,0.043795620437956206,11.857674047954994
64,0.051094890510948905,8.475497839792448
64,0.058394160583941604,8.283589614325402
64,0.06569343065693431,7.730282316297375
64,0.072992700729927,6.1848777899721235
64,0.08029197080291971,2.0845754024130527
64,0.08759124087591241,3.011263354781177
64,0.0948905109489051,11.329241457654653
64,0.10218978102189781,0.8289186625826913
64,0.1094890510948905,2.6187135980945735
64,0.11678832116788321,10.400372556551865
64,0.12408759124087591,25.335769339370383
64,0.13138686131386862,8.89453180147749
64,0.1386861313868613,10.491929447824699
64,0.145985401459854,22.820514356950117
64,0.15328467153284672,11.310195144015736
64,0.16058394160583941,9.17746722256759
64,0.1678832116788321,16.401834865230377
64,0.17518248175182483,5.278843162332033
64,0.18248175182481752,16.830942652641397
64,0.1897810218978102,5.098157943493074
64,0.1970802919708029,10.108962071381772
64,0.20437956204379562,6.288205971650254
64,0.2116788321167883,6.1135218842032115
64,0.218978102189781,9.36527793088695
64,0.22627737226277372,17.394320700974465
64,0.23357664233576642,8.856746579426872
64,0.2408759124087591,13.873648539333683
64,0.24817518248175183,9.505379009533554
64,0.2554744525547445,10.282725318582695
64,0.26277372262773724,12.91383931227017
64,0.27007299270072993,1.1530456081448193
64,0.2773722627737226,9.340558803546303
64,0.2846715328467153,10.597935929147246
64,0.291970802919708,3.2737480027212302
64,0.2992700729927007,14.134910257833132
64,0.30656934306569344,20.751302068741662
64,0.31386861313868614,9.727274528354277
64,0.32116788321167883,12.059712304889786
64,0.3284671532846715,2.231876995868795
64,0.3357664233576642,16.12270552706381
64,0.3430656934306569,12.821060454951663
64,0.35036496350364965,24.22649831383023
64,0.35766423357664234,14.603104463458852
64,0.36496350364963503,3.1482046625657185
64,0.3722627737226277,11.282487504021129
64,0.3795620437956204,17.09817343894157
64,0.3868613138686131,12.272259750965604
64,0.3941605839416058,10.27181496451231
64,0.40145985401459855,16.05489285148614
64,0.40875912408759124,11.629687445447301
64,0.41605839416058393,13.890285123235227
64,0.4233576642335766,10.72246039027315
64,0.4306569343065693,7.002456351481544
64,0.437956204379562,14.662618794728594
64,0.44525547445255476,8.127532149365193
64,0.45255474452554745,7.915561823933895
64,0.45985401459854014,5.595190522770602
64,0.46715328467153283,13.797417941166294
64,0.4744525547445255,14.49452492770394
64,0.4817518248175182,4.351118501140873
64,0.4890510948905109,14.829520214029467
64,0.49635036496350365,9.187468553069596
65,0.0,1.709743457922741e-14
65,0.007246376811594203,17.687742990812577
65,0.014492753623188406,3.774955535710503
65,0.021739130434782608,15.251645171902014
65,0.028985507246376812,14.953462602109347
65,0.036231884057971016,15.383840456405709
65,0.043478260869565216,3.4865394727017858
65,0.050724637681159424,25.23242215062336
65,0.057971014492753624,14.843058542831132
65,0.06521739130434782,2.1059952634486656
65,0.07246376811594203,7.914348800497804
65,0.07971014492753624,13.023366642934644
65,0.08695652173913043,12.646774166825121
65,0.09420289855072464,11.793138079378886
65,0.10144927536231885,9.972456105509277
65,0.10869565217391304,14.250341845369539
65,0.11594202898550725,11.458585047707382
65,0.12318840579710146,2.4777124189309156
65,0.13043478260869565,17.568942241787123
65,0.13768115942028986,17.45113866349843
65,0.14492753623188406,1.2736234986423107
65,0.15217391304347827,4.6526823387017195
65,0.15942028985507248,6.175349228726636
65,0.16666666666666666,9.789686479935375
65,0.17391304347826086,8.727286719497698
65,0.18115942028985507,5.078093791948618
65,0.18840579710144928,9.682272559569821
65,0.1956521739130435,14.122111245669057
65,0.2028985507246377,3.9386815078553448
65,0.21014492753623187,11.711347296851056
65,0.21739130434782608,23.828165764115887
65,0.2246376811594203,23.133819085296214
65,0.2318840579710145,17.556244879263346
65,0.2391304347826087,14.376993402427518
65,0.2463768115942029,10.337482469782627
65,0.2536231884057971,5.568390693196208
65,0.2608695652173913,14.521947370617903
65,0.26811594202898553,8.075319703632122
65,0.2753623188405797,12.758211689409439
65,0.2826086956521739,8.296508859582055
65,0.2898550724637681,8.890581961556434
65,0.2971014492753623,5.594841675029297
65,0.30434782608695654,13.744933288603661
65,0.3115942028985507,6.197958063366122
65,0.31884057971014496,11.83261985219388
65,0.32608695652173914,4.742906277151631
65,0.3333333333333333,10.037303517853235
65,0.34057971014492755,11.835105032458097
65,0.34782608695652173,16.45108761875362
65,0.35507246376811596,14.982349207969106
65,0.36231884057971014,9.688643605181337
65,0.3695652173913044,14.549015915791497
65,0.37681159420289856,5.3308933220081824
65,0.38405797101449274,4.2768659585572495
65,0.391304347826087,2.5499066034207916
65,0.39855072463768115,9.860416237598054
65,0.4057971014492754,10.055255156589485
65,0.41304347826086957,7.056155431885928
65,0.42028985507246375,4.253634950496483
65,0.427536231884058,9.805626054257852
65,0.43478260869565216,10.264409813313893
65,0.4420289855072464,14.555847016822343
65,0.4492753623188406,9.440202401607676
65,0.4565217391304348,8.579138505825565
65,0.463768115942029,12.673181685529405
65,0.47101449275362317,11.253116967427216
65,0.4782608695652174,8.774338195279
65,0.4855072463768116,13.540666503387728
65,0.4927536231884058,9.394749724777993
66,0.0,2.220446049250313e-15
66,0.006802721088435374,15.93328248719804
66,0.013605442176870748,12.888680910866238
66,0.02040816326530612,21.815145278275335
66,0.027210884353741496,17.534178771174588
66,0.03401360544217687,12.782717333857669
66,0.04081632653061224,15.571138015246628
66,0.047619047619047616,8.371303121774892
66,0.05442176870748299,13.178800682489427
66,0.061224489795918366,12.940486619923654
66,0.06802721088435373,15.919754411149881
66,0.07482993197278912,15.22158324955764
66,0.08163265306122448,17.525628547130747
66,0.08843537414965986,5.422774896120923
66,0.09523809523809523,5.895003143944518
66,0.10204081632653061,4.785139311343661
66,0.10884353741496598,13.405218411489827
66,0.11564625850340135,19.01912966336055
66,0.12244897959183673,12.202802575960233
66,0.1292517006802721,7.725574975672861
66,0.13605442176870747,5.265316225004029
66,0.14285714285714285,5.839614387170905
66,0.14965986394557823,1.5680605330221622
66,0.1564625850340136,4.413010540799059
66,0.16326530612244897,9.307684062886286
66,0.17006802721088435,5.714526088543481
66,0.17687074829931973,12.145061300583787
66,0.18367346938775508,13.844950286367089
66,0.19047619047619047,9.624893745426641
66,0.19727891156462585,13.747585041237537
66,0.20408163265306123,15.92621529835379
66,0.21088435374149658,10.900484891404894
66,0.21768707482993196,10.74080583191311
66,0.22448979591836735,10.687342766798317
66,0.2312925170068027,18.472135777715465
66,0.23809523809523808,19.223477261516976
66,0.24489795918367346,12.307680645169814
66,0.25170068027210885,3.8049473494857926
66,0.2585034013605442,9.034880326498266
66,0.2653061224489796,1.7290760578843836
66,0.27210884353741494,5.972656991165788
66,0.2789115646258503,4.90036224060198
66,0.2857142857142857,19.658294907515693
66,0.2925170068027211,6.2822253153416066
66,0.29931972789115646,3.8026417758016633
66,0.30612244897959184,7.124234662506062
66,0.3129251700680272,4.415344767991846
66,0.31972789115646255,10.033548709456834
66,0.32653061224489793,6.241789653518221
66,0.3333333333333333,7.63467537730768
66,0.3401360544217687,10.980273660236156
66,0.3469387755102041,8.829238841783706
66,0.35374149659863946,9.010922644487046
66,0.36054421768707484,28.54007250885546
66,0.36734693877551017,1.1372743323059813
66,0.37414965986394555,6.138804549476524
66,0.38095238095238093,19.50626920384843
66,0.3877551020408163,10.959076706524593
66,0.3945578231292517,6.806048919487434
66,0.4013605442176871,31.629171564034234
66,0.40816326530612246,6.876219324146787
66,0.4149659863945578,1.8920366163264746
66,0.42176870748299317,15.176212538655568
66,0.42857142857142855,9.587908058932724
66,0.43537414965986393,4.1587187583039915
66,0.4421768707482993,13.433346660796138
66,0.4489795918367347,9.117033178649999
66,0.4557823129251701,9.838168713415154
66,0.4625850340136054,6.239237577264634
66,0.4693877551020408,14.655098914696005
66,0.47619047619047616,11.281809895521258
66,0.48299319727891155,6.027748258845455
66,0.4897959183673469,5.170397575542216
66,0.4965986394557823,11.129593302067386
67,0.0,2.6645352591003757e-15
67,0.006944444444444444,34.36073736189117
67,0.013888888888888888,32.51891885138341
67,0.020833333333333332,18.964694199271165
67,0.027777777777777776,29.157983697001857
67,0.034722222222222224,12.599207259596046
67,0.041666666666666664,10.076567400608397
67,0.048611111111111105,7.651641574424647
67,0.05555555555555555,11.723986709828905
67,0.0625,11.870452177124257
67,0.06944444444444445,11.610215069386692
67,0.07638888888888888,18.924381003713794
67,0.08333333333333333,16.925507085100822
67,0.09027777777777778,19.78977386204678
67,0.09722222222222221,10.391125236068959
67,0.10416666666666666,5.862231063081174
67,0.1111111111111111,5.809595264555389
67,0.11805555555555555,5.985159112281091
67,0.125,4.991729801198146
67,0.13194444444444445,14.34822520135947
67,0.1388888888888889,10.84422731405413
67,0.14583333333333331,8.116790932102191
67,0.15277777777777776,7.9543964918038155
67,0.1597222222222222,5.83948577773425
67,0.16666666666666666,5.607485638740531
67,0.1736111111111111,6.991045808598792
67,0.18055555555555555,10.767777925434387
67,0.1875,3.4460433449989267
67,0.19444444444444442,8.659825759465232
67,0.20138888888888887,12.375512678558692
67,0.20833333333333331,6.1917907098898715
67,0.21527777777777776,9.348544594909805
67,0.2222222222222222,7.550602758002751
67,0.22916666666666666,16.49053979299818
67,0.2361111111111111,0.11906073787145528
67,0.24305555555555555,12.442083360836648
67,0.25,15.483727547128211
67,0.2569444444444444,13.63013832765032
67,0.2638888888888889,0.4263912566661068
67,0.2708333333333333,6.275305618876022
67,0.2777777777777778,10.396007029510377
67,0.2847222222222222,4.596645086408043
67,0.29166666666666663,12.62607417572373
67,0.2986111111111111,14.580187029107112
67,0.3055555555555555,19.99679277110478
67,0.3125,9.106614053827881
67,0.3194444444444444,17.336453321045315
67,0.3263888888888889,5.647269874611237
67,0.3333333333333333,11.952612621808779
67,0.34027777777777773,3.0921157951660954
67,0.3472222222222222,6.115760418441014
67,0.35416666666666663,8.82323596352723
67,0.3611111111111111,8.004363598465845
67,0.3680555555555555,4.507801485609097
67,0.375,7.650124182824266
67,0.3819444444444444,2.467203287217081
67,0.38888888888888884,7.158765596676543
67,0.3958333333333333,6.351275756479151
67,0.40277777777777773,4.03612512388329
67,0.4097222222222222,5.578307989280836
67,0.41666666666666663,3.819241228279863
67,0.4236111111111111,9.973573015783337
67,0.4305555555555555,12.936642334495085
67,0.4375,15.902017079710845
67,0.4444444444444444,4.579772948582105
67,0.45138888888888884,11.273666313559948
67,0.4583333333333333,7.114206290786639
67,0.46527777777777773,14.180620629214117
67,0.4722222222222222,5.6696118951986945
67,0.47916666666666663,5.491578806939423
67,0.4861111111111111,4.509635606645657
67,0.4930555555555555,4.949762133742037
68,0.0,1.887379141862766e-14
68,0.0072992700729927005,17.693274237692897
68,0.014598540145985401,14.52234630942937
68,0.021897810218978103,12.938612184860725
68,0.029197080291970802,10.214907313289633
68,0.0364963503649635,24.41706465323846
68,0.043795620437956206,12.309004213938868
68,0.051094890510948905,8.209909688733962
68,0.058394160583941604,13.474349411273215
68,0.06569343065693431,8.398012510878903
68,0.072992700729927,8.122130025927623
68,0.08029197080291971,21.235697351450465
68,0.08759124087591241,5.719457678595205
68,0.0948905109489051,20.42942989327389
68,0.10218978102189781,15.925127475747342
68,0.1094890510948905,9.272724357874528
68,0.11678832116788321,5.337168524539398
68,0.12408759124087591,2.897254669773738
68,0.13138686131386862,8.718608985089567
68,0.1386861313868613,16.97300779616071
68,0.145985401459854,14.78462016394815
68,0.15328467153284672,9.149132924309788
68,0.16058394160583941,8.686296048733468
68,0.1678832116788321,4.558972846331681
68,0.17518248175182483,19.62126162837473
68,0.18248175182481752,8.250993872070298
68,0.1897810218978102,13.718725257049632
68,0.1970802919708029,8.448193809456358
68,0.20437956204379562,9.260874546153673
68,0.2116788321167883,7.57922973317091
68,0.218978102189781,5.723684128825507
68,0.22627737226277372,2.9447478127140254
68,0.23357664233576642,8.795831653601908
68,0.2408759124087591,16.846483433133876
68,0.24817518248175183,6.854584756820827
68,0.2554744525547445,4.757544284047417
68,0.26277372262773724,4.958942179719646
68,0.27007299270072993,7.560556876257945
68,0.2773722627737226,19.235383398268763
68,0.2846715328467153,3.129027228151779
68,0.291970802919708,9.012677847434796
68,0.2992700729927007,7.553039586271534
68,0.30656934306569344,7.573175056748929
68,0.31386861313868614,16.604239581888958
68,0.32116788321167883,8.765989363800097
68,0.3284671532846715,5.890197830723553
68,0.3357664233576642,9.956219966321212
68,0.3430656934306569,12.444566327687678
68,0.35036496350364965,7.21178073142043
68,0.35766423357664234,14.042825305615516
68,0.36496350364963503,5.3171818079300595
68,0.3722627737226277,19.725216095784862
68,0.3795620437956204,5.867003746854584
68,0.3868613138686131,10.299385141469475
68,0.3941605839416058,11.205547388887037
68,0.40145985401459855,9.238151828276225
68,0.40875912408759124,7.9957802413239385
68,0.41605839416058393,8.143309187378325
68,0.4233576642335766,7.206439730078178
68,0.4306569343065693,3.210148420079312
68,0.437956204379562,6.972891211495565
68,0.44525547445255476,18.840405174664337
68,0.45255474452554745,20.03764832037633
68,0.45985401459854014,6.178179634511494
68,0.46715328467153283,12.299470797623348
68,0.4744525547445255,5.908968333227658
68,0.4817518248175182,11.83710867070638
68,0.4890510948905109,11.463411579862912
68,0.49635036496350365,16.66077595744828
69,0.0,6.217248937900877e-15
69,0.006493506493506494,29.502593227139236
69,0.012987012987012988,20.853912765829243
69,0.01948051948051948,23.528264252010928
69,0.025974025974025976,13.872540869993687
69,0.03246753246753247,16.158101591884847
69,0.03896103896103896,6.963085881797584
69,0.045454545454545456,11.713922863039652
69,0.05194805194805195,23.091020705132973
69,0.05844155844155845,4.128787934409589
69,0.06493506493506494,11.551979915932103
69,0.07142857142857144,6.039021234981682
69,0.07792207792207792,11.491562742709581
69,0.08441558441558442,3.360317620068509
69,0.09090909090909091,2.2728432307413082
69,0.09740259740259741,7.869100640427651
69,0.1038961038961039,14.878443866933093
69,0.1103896103896104,16.338934564041
69,0.1168831168831169,6.3593152667552495
69,0.12337662337662339,15.268701055431903
69,0.12987012987012989,18.747983238449205
69,0.13636363636363638,7.653763551998297
69,0.14285714285714288,18.365431136606222
69,0.14935064935064937,12.384847400346894
69,0.15584415584415584,8.723717506920154
69,0.16233766233766234,6.916563056323573
69,0.16883116883116883,3.7839739545761484
69,0.17532467532467533,4.21471463694163
69,0.18181818181818182,14.427809623885098
69,0.18831168831168832,10.195127630328496
69,0.19480519480519481,4.731634567258851
69,0.2012987012987013,9.885888560906553
69,0.2077922077922078,10.25136561929999
69,0.2142857142857143,4.7559157510584065
69,0.2207792207792208,7.857867968299277
69,0.2272727272727273,2.1072305603018306
69,0.2337662337662338,9.312180318979937
69,0.24025974025974028,11.885178698628966
69,0.24675324675324678,11.520389776673257
69,0.2532467532467533,22.971262890493755
69,0.25974025974025977,13.334919623484389
69,0.26623376623376627,9.906518727353443
69,0.27272727272727276,20.634944209626145
69,0.27922077922077926,2.331001993797216
69,0.28571428571428575,20.09788117449415
69,0.29220779220779225,14.519933778513378
69,0.29870129870129875,11.460205506978824
69,0.30519480519480524,6.213722595571571
69,0.3116883116883117,11.64076415762143
69,0.3181818181818182,9.798263128729463
69,0.3246753246753247,8.375834606313637
69,0.33116883116883117,7.930045181173875
69,0.33766233766233766,16.278883998614685
69,0.34415584415584416,2.877322181065455
69,0.35064935064935066,10.003645748974806
69,0.35714285714285715,5.488523132345525
69,0.36363636363636365,12.158416731681502
69,0.37012987012987014,4.0498235678196295
69,0.37662337662337664,5.752506405473929
69,0.38311688311688313,1.3412600320527148
69,0.38961038961038963,21.45025834432008
69,0.3961038961038961,4.140722655926187
69,0.4025974025974026,13.201079294830073
69,0.4090909090909091,20.422935230488406
69,0.4155844155844156,16.334275537572257
69,0.4220779220779221,4.060854213222767
69,0.4285714285714286,14.529334342975305
69,0.4350649350649351,7.112388803657935
69,0.4415584415584416,5.280273217113409
69,0.4480519480519481,6.62281223253291
69,0.4545454545454546,8.914530476372345
69,0.4610389610389611,9.730147284333006
69,0.4675324675324676,13.93557592455714
69,0.4740259740259741,6.196720773455081
69,0.48051948051948057,8.44592987853818
69,0.48701298701298706,12.971447901002545
69,0.49350649350649356,16.339079161048343
70,0.0,6.661338147750939e-15
70,0.00684931506849315,18.062253711927557
70,0.0136986301369863,26.757022658271122
70,0.02054794520547945,13.243306372814928
70,0.0273972602739726,21.655211120491334
70,0.03424657534246575,12.633552522175359
70,0.0410958904109589,25.541624611786865
70,0.04794520547945205,4.324567229532965
70,0.0547945205479452,13.890184055079326
70,0.06164383561643835,8.547144439851397
70,0.0684931506849315,10.779695438990695
70,0.07534246575342465,10.151715031956531
70,0.0821917808219178,7.8600742186418815
70,0.08904109589041095,8.08337559472063
70,0.0958904109589041,7.927331183605564
70,0.10273972602739725,2.932337691991551
70,0.1095890410958904,8.003301954479408
70,0.11643835616438356,11.9910595491521
70,0.1232876712328767,4.782438709529314
70,0.13013698630136986,5.724490309948583
70,0.136986301369863,6.214280677368879
70,0.14383561643835616,10.246300901812404
70,0.1506849315068493,3.5616317014328693
70,0.15753424657534246,17.09620297316374
70,0.1643835616438356,9.596480763575167
70,0.17123287671232876,9.131976636150426
70,0.1780821917808219,5.891728556368073
70,0.18493150684931506,1.8631772342210078
70,0.1917808219178082,6.784379785272929
70,0.19863013698630136,6.430540559762334
70,0.2054794520547945,15.631308175540521
70,0.21232876712328766,1.5877106949514666
70,0.2191780821917808,8.718676602586944
70,0.22602739726027396,7.545214407072888
70,0.2328767123287671,7.231468928403888
70,0.23972602739726026,7.632382159283261
70,0.2465753424657534,3.3845258954210427
70,0.2534246575342466,12.30313347444593
70,0.2602739726027397,11.037562622452912
70,0.26712328767123283,5.694761331642129
70,0.273972602739726,13.541524352446189
70,0.2808219178082192,20.45274391911386
70,0.2876712328767123,10.76885412306791
70,0.29452054794520544,8.72467063965784
70,0.3013698630136986,14.566533231413837
70,0.3082191780821918,16.776983210001926
70,0.3150684931506849,11.904462467606562
70,0.32191780821917804,18.21465815622023
70,0.3287671232876712,24.38267178233255
70,0.3356164383561644,4.727432690135841
70,0.3424657534246575,9.069127164292038
70,0.34931506849315064,10.216273051677586
70,0.3561643835616438,8.144448158147705
70,0.363013698630137,15.690577802132303
70,0.3698630136986301,10.253491457611158
70,0.37671232876712324,5.910411093763556
70,0.3835616438356164,7.5910025788692765
70,0.3904109589041096,13.6564684042063
70,0.3972602739726027,7.320473908733519
70,0.40410958904109584,18.235223151387356
70,0.410958904109589,14.81705496726839
70,0.4178082191780822,10.651098984599022
70,0.4246575342465753,8.368046438129694
70,0.43150684931506844,18.516713491680942
70,0.4383561643835616,9.91577851651514
70,0.4452054794520548,26.28238706306596
70,0.4520547945205479,4.079657497949903
70,0.45890410958904104,9.35773777559491
70,0.4657534246575342,6.887803927505841
70,0.4726027397260274,13.131050762441832
70,0.4794520547945205,7.862570266042136
70,0.48630136986301364,5.566307492458724
70,0.4931506849315068,5.3757275003131175
71,0.0,9.325873406851315e-15
71,0.00684931506849315,11.34925894402772
71,0.0136986301369863,16.082603784356017
71,0.02054794520547945,14.096084828572975
71,0.0273972602739726,21.356025379517988
71,0.03424657534246575,16.836211474652327
71,0.0410958904109589,2.0007295916354857
71,0.04794520547945205,14.751698527114858
71,0.0547945205479452,18.957261983744367
71,0.06164383561643835,14.282837118885087
71,0.0684931506849315,13.057134039061763
71,0.07534246575342465,9.705368906824903
71,0.0821917808219178,12.289462070419356
71,0.08904109589041095,5.737868755265421
71,0.0958904109589041,4.9724594392717245
71,0.10273972602739725,6.882196790312847
71,0.1095890410958904,10.87493072559716
71,0.11643835616438356,8.151911292958925
71,0.1232876712328767,5.406968952549903
71,0.13013698630136986,10.551058250381681
71,0.136986301369863,6.891549899112935
71,0.14383561643835616,2.5021515342299208
71,0.1506849315068493,6.05251169896665
71,0.15753424657534246,1.9965683535300962
71,0.1643835616438356,3.469295622663217
71,0.17123287671232876,3.0557220938039613
71,0.1780821917808219,6.56302052097839
71,0.18493150684931506,11.733030725861742
71,0.1917808219178082,16.34798815710784
71,0.19863013698630136,10.936330730295936
71,0.2054794520547945,8.464320588542419
71,0.21232876712328766,9.209859845565527
71,0.2191780821917808,3.6464888181543573
71,0.22602739726027396,12.98973128570324
71,0.2328767123287671,23.856301145647862
71,0.23972602739726026,8.897650277618323
71,0.2465753424657534,12.015239605006167
71,0.2534246575342466,6.209144382269948
71,0.2602739726027397,19.729951506022005
71,0.26712328767123283,11.359239894042355
71,0.273972602739726,14.308541513765554
71,0.2808219178082192,6.417490621228972
71,0.2876712328767123,9.703083815535635
71,0.29452054794520544,8.827241527204084
71,0.3013698630136986,13.008313518194013
71,0.3082191780821918,12.987606306017938
71,0.3150684931506849,23.566021721931346
71,0.32191780821917804,0.726094253678974
71,0.3287671232876712,3.6039178177968965
71,0.3356164383561644,20.045233057548632
71,0.3424657534246575,25.488090743899445
71,0.34931506849315064,14.437682323082901
71,0.3561643835616438,11.232752339058619
71,0.363013698630137,5.109722517533201
71,0.3698630136986301,6.1571757978804635
71,0.37671232876712324,10.075519818987432
71,0.3835616438356164,17.547651625414556
71,0.3904109589041096,24.073422725453966
71,0.3972602739726027,11.370911336697759
71,0.40410958904109584,3.445315070795557
71,0.410958904109589,4.005613377115222
71,0.4178082191780822,16.673424869299076
71,0.4246575342465753,3.1427156548021005
71,0.43150684931506844,14.504720066314663
71,0.4383561643835616,6.030353682085388
71,0.4452054794520548,12.144164725587144
71,0.4520547945205479,8.436665955058837
71,0.45890410958904104,16.256303621089877
71,0.4657534246575342,4.2043502281121485
71,0.4726027397260274,15.487117440513991
71,0.4794520547945205,7.608919109706147
71,0.48630136986301364,6.676782861789712
71,0.4931506849315068,5.507718824216191
72,0.0,1.8207657603852567e-14
72,0.0070921985815602835,20.476637110286383
72,0.014184397163120567,20.111517272028923
72,0.02127659574468085,12.232395711990872
72,0.028368794326241134,12.213084019074943
72,0.035460992907801414,14.403544807849643
72,0.0425531914893617,12.17733578628386
72,0.04964539007092199,14.014730416903573
72,0.05673758865248227,15.537111107313113
72,0.06382978723404255,12.868629853952319
72,0.07092198581560283,4.3779379939004714
72,0.07801418439716312,10.70867212791472
72,0.0851063829787234,17.192149524991894
72,0.09219858156028368,7.156335144908233
72,0.09929078014184398,3.541139366242466
72,0.10638297872340426,6.4784783408804065
72,0.11347517730496454,28.346028195132945
72,0.12056737588652482,7.693730537297993
72,0.1276595744680851,12.924334239572914
72,0.1347517730496454,10.765378680520088
72,0.14184397163120566,14.119554633477664
72,0.14893617021276595,9.551007391423072
72,0.15602836879432624,9.405800852324191
72,0.1631205673758865,10.047670935688098
72,0.1702127659574468,5.4964999625088655
72,0.1773049645390071,11.412236760479786
72,0.18439716312056736,14.937998896091047
72,0.19148936170212766,11.73829626583419
72,0.19858156028368795,9.436820443168346
72,0.20567375886524822,11.21358766512915
72,0.2127659574468085,13.15353198476717
72,0.21985815602836878,22.044019519071842
72,0.22695035460992907,9.621293619099873
72,0.23404255319148937,20.83355186343431
72,0.24113475177304963,8.160118447206617
72,0.24822695035460993,17.505738731025076
72,0.2553191489361702,12.81593104922936
72,0.2624113475177305,0.9949972807321852
72,0.2695035460992908,15.155643537923405
72,0.2765957446808511,7.6541387244200525
72,0.2836879432624113,14.134098530615727
72,0.2907801418439716,1.9682639008514617
72,0.2978723404255319,1.7305995787511879
72,0.3049645390070922,9.407994026348256
72,0.3120567375886525,13.876323936337432
72,0.3191489361702128,17.133755178815953
72,0.326241134751773,0.6060872590755841
72,0.3333333333333333,11.57500941554328
72,0.3404255319148936,5.057719357205408
72,0.3475177304964539,9.97239273928713
72,0.3546099290780142,10.09269985321876
72,0.36170212765957444,10.414722498711539
72,0.36879432624113473,0.9292159789107626
72,0.375886524822695,3.378506660541886
72,0.3829787234042553,6.577869333150004
72,0.3900709219858156,10.248980739517833
72,0.3971631205673759,17.937999112965073
72,0.40425531914893614,2.372259038548635
72,0.41134751773049644,13.13011407058341
72,0.41843971631205673,9.303177321578325
72,0.425531914893617,12.821240040206346
72,0.4326241134751773,10.131249388256034
72,0.43971631205673756,3.665905590558826
72,0.44680851063829785,4.922755772241808
72,0.45390070921985815,5.00003050758797
72,0.46099290780141844,4.708856675233881
72,0.46808510638297873,15.42595915690199
72,0.47517730496453897,12.15897922053199
72,0.48226950354609927,9.959850249116148
72,0.48936170212765956,7.7813663949034515
72,0.49645390070921985,7.373743813295057
73,0.0,2.042810365310288e-14
73,0.006493506493506494,17.496690133898248
73,0.012987012987012988,2.5490771070100435
73,0.01948051948051948,13.541739696296792
73,0.025974025974025976,19.824250489737498
73,0.03246753246753247,17.185399649953563
73,0.03896103896103896,9.234626654106991
73,0.045454545454545456,10.377172531860426
73,0.05194805194805195,21.600277389981823
73,0.05844155844155845,12.42774807913786
73,0.06493506493506494,15.760825026261404
73,0.07142857142857144,17.710560730282516
73,0.07792207792207792,18.924842900016905
73,0.08441558441558442,17.572833494746625
73,0.09090909090909091,12.788125735399824
73,0.09740259740259741,11.421077681833621
73,0.1038961038961039,13.858487649818539
73,0.1103896103896104,11.200235731994878
73,0.1168831168831169,8.756542608265056
73,0.12337662337662339,8.388768991034398
73,0.12987012987012989,7.956467758129681
73,0.13636363636363638,28.257747003013925
73,0.14285714285714288,19.81653815602273
73,0.14935064935064937,11.957460486535318
73,0.15584415584415584,17.79978253139261
73,0.16233766233766234,19.17513505822994
73,0.16883116883116883,7.735375775039663
73,0.17532467532467533,7.212159122743603
73,0.18181818181818182,5.3571468864945055
73,0.18831168831168832,10.976500842869113
73,0.19480519480519481,15.83719386035322
73,0.2012987012987013,10.485759978126453
73,0.2077922077922078,8.308029670636884
73,0.2142857142857143,10.196553371878613
73,0.2207792207792208,20.758276833678014
73,0.2272727272727273,7.852804402633197
73,0.2337662337662338,4.91908628417958
73,0.24025974025974028,7.711071565058172
73,0.24675324675324678,10.34157267411879
73,0.2532467532467533,3.2799369481854455
73,0.25974025974025977,12.88665784272984
73,0.26623376623376627,8.231259964013429
73,0.27272727272727276,7.4123234742235455
73,0.27922077922077926,8.185488857718134
73,0.28571428571428575,11.054624734853931
73,0.29220779220779225,15.502519030559817
73,0.29870129870129875,8.104368303900122
73,0.30519480519480524,6.433121023680786
73,0.3116883116883117,2.1500112337164183
73,0.3181818181818182,9.279553421968636
73,0.3246753246753247,7.623132290488766
73,0.33116883116883117,4.635385974864589
73,0.33766233766233766,5.219869244646419
73,0.34415584415584416,3.446745949216662
73,0.35064935064935066,9.52430967527876
73,0.35714285714285715,26.23088770637512
73,0.36363636363636365,12.99373034964755
73,0.37012987012987014,4.955974092533115
73,0.37662337662337664,18.570992521679507
73,0.38311688311688313,11.642212540760372
73,0.38961038961038963,7.192581168019123
73,0.3961038961038961,13.686637759721888
73,0.4025974025974026,3.207533111890406
73,0.4090909090909091,6.093734016332872
73,0.4155844155844156,9.59967558878728
73,0.4220779220779221,6.373081663433008
73,0.4285714285714286,14.044512467701209
73,0.4350649350649351,3.906291097903685
73,0.4415584415584416,13.414273523313929
73,0.4480519480519481,2.983880464708676
73,0.4545454545454546,14.057060342258792
73,0.4610389610389611,7.077729498954945
73,0.4675324675324676,14.80210448924747
73,0.4740259740259741,11.880073411124515
73,0.48051948051948057,10.62851738567817
73,0.48701298701298706,14.125067614346008
73,0.49350649350649356,5.609054681991416
74,0.0,1.1102230246251565e-14
74,0.006896551724137931,37.66666503167773
74,0.013793103448275862,28.949419928894404
74,0.020689655172413793,21.384597754445004
74,0.027586206896551724,6.7921553690374115
74,0.034482758620689655,10.803863472101591
74,0.041379310344827586,10.679535899196518
74,0.04827586206896552,15.751651024256958
74,0.05517241379310345,17.549377538697662
74,0.06206896551724138,16.466098002730174
74,0.06896551724137931,4.528131824088131
74,0.07586206896551724,5.388966817651579
74,0.08275862068965517,5.823129974019649
74,0.0896551724137931,8.482231668945658
74,0.09655172413793103,7.495026677579877
74,0.10344827586206896,4.169101645611021
74,0.1103448275862069,5.1744812209436954
74,0.11724137931034483,6.551858861118968
74,0.12413793103448276,10.911351934678995
74,0.13103448275862067,14.564206873382412
74,0.13793103448275862,10.761899190911862
74,0.14482758620689656,7.8979123747627655
74,0.15172413793103448,5.5823709318549355
74,0.1586206896551724,6.114970814359601
74,0.16551724137931034,4.836966764265392
74,0.1724137931034483,10.807394983927527
74,0.1793103448275862,6.7487576489712024
74,0.18620689655172412,6.709875639757718
74,0.19310344827586207,16.11287505974364
74,0.2,6.802994605529154
74,0.20689655172413793,15.843058184875188
74,0.21379310344827585,8.04416207837049
74,0.2206896551724138,14.664054739006707
74,0.22758620689655173,15.605792640106424
74,0.23448275862068965,7.851404386642891
74,0.24137931034482757,5.950208892008224
74,0.2482758620689655,8.449618810246427
74,0.25517241379310346,24.725020278560663
74,0.26206896551724135,7.056201692254974
74,0.2689655172413793,11.649829691644234
74,0.27586206896551724,9.152639422583354
74,0.2827586206896552,14.221372067884756
74,0.2896551724137931,8.401854597237104
74,0.296551724137931,15.628614762472568
74,0.30344827586206896,1.7873649432055727
74,0.3103448275862069,13.199508919859117
74,0.3172413793103448,6.367211516441767
74,0.32413793103448274,18.419464967877442
74,0.3310344827586207,11.093522877250297
74,0.33793103448275863,1.3114109941297734
74,0.3448275862068966,8.941342972131626
74,0.35172413793103446,15.634506891222843
74,0.3586206896551724,2.21865924729365
74,0.36551724137931035,11.361532908534615
74,0.37241379310344824,5.095293641082781
74,0.3793103448275862,11.696055899406433
74,0.38620689655172413,3.4568354596925968
74,0.3931034482758621,10.179689115206125
74,0.4,11.150830843387231
74,0.4068965517241379,8.937480490067419
74,0.41379310344827586,11.314404695239723
74,0.4206896551724138,10.819477712128622
74,0.4275862068965517,4.659176456001116
74,0.43448275862068964,8.273960518086923
74,0.4413793103448276,12.435566055341809
74,0.4482758620689655,14.686815168400017
74,0.45517241379310347,4.0359722886991625
74,0.46206896551724136,10.063467791047115
74,0.4689655172413793,6.364106304945722
74,0.47586206896551725,2.822015277527697
74,0.48275862068965514,9.008022319213689
74,0.4896551724137931,6.274471869141471
74,0.496551724137931,18.03934556697555
75,0.0,1.7763568394002505e-15
75,0.006993006993006993,21.975450366355602
75,0.013986013986013986,24.626504213294833
75,0.02097902097902098,26.843604319397887
75,0.027972027972027972,17.59319941534598
75,0.03496503496503497,16.878073298591193
75,0.04195804195804196,17.68434644338577
75,0.04895104895104895,23.850680170304095
75,0.055944055944055944,19.989131207302492
75,0.06293706293706294,14.674425697921945
75,0.06993006993006994,10.165707775745014
75,0.07692307692307693,6.863769791131187
75,0.08391608391608392,15.696116821083471
75,0.09090909090909091,8.260313883940807
75,0.0979020979020979,8.99300320665895
75,0.1048951048951049,9.631379875354284
75,0.11188811188811189,5.32703899140947
75,0.11888111888111888,10.146965818664095
75,0.1258741258741259,1.0638519494951117
75,0.13286713286713286,5.169909025230681
75,0.13986013986013987,13.65886293635226
75,0.14685314685314685,0.5749377412098846
75,0.15384615384615385,19.816519754662778
75,0.16083916083916083,7.986228489671684
75,0.16783216783216784,10.220625765597067
75,0.17482517482517482,3.742833867132063
75,0.18181818181818182,11.89027124745072
75,0.1888111888111888,9.710046396022305
75,0.1958041958041958,9.254667753631763
75,0.20279720279720279,6.26945367478558
75,0.2097902097902098,12.306308231807103
75,0.21678321678321677,1.1189709047831164
75,0.22377622377622378,14.821128572893087
75,0.23076923076923078,11.438263241507888
75,0.23776223776223776,7.400142653334963
75,0.24475524475524477,9.600425111346992
75,0.2517482517482518,7.3566639358680534
75,0.25874125874125875,7.916647050287785
75,0.26573426573426573,15.250611307474172
75,0.2727272727272727,10.24732349614055
75,0.27972027972027974,7.790133954221597
75,0.2867132867132867,13.602174354070298
75,0.2937062937062937,9.932412526328454
75,0.3006993006993007,19.723590282163787
75,0.3076923076923077,12.600822166832712
75,0.3146853146853147,6.208290267737513
75,0.32167832167832167,5.506707371543467
75,0.32867132867132864,17.799556339797686
75,0.3356643356643357,16.867188104687035
75,0.34265734265734266,6.1192417867652455
75,0.34965034965034963,20.426829533778005
75,0.35664335664335667,14.171560530027941
75,0.36363636363636365,3.0847627353938227
75,0.3706293706293706,7.718483661569787
75,0.3776223776223776,2.083303767302294
75,0.38461538461538464,3.6502852667137997
75,0.3916083916083916,3.749302769472098
75,0.3986013986013986,11.479277128746954
75,0.40559440559440557,3.558369642097465
75,0.4125874125874126,0.8831515278652876
75,0.4195804195804196,5.780677652938467
75,0.42657342657342656,7.720317892207353
75,0.43356643356643354,7.441870144595694
75,0.4405594405594406,3.7005591782119964
75,0.44755244755244755,4.92139955604618
75,0.45454545454545453,14.382725242795502
75,0.46153846153846156,8.128880848143337
75,0.46853146853146854,3.1391949144721765
75,0.4755244755244755,8.119666030298879
75,0.4825174825174825,7.78492280124448
75,0.48951048951048953,12.61962733901056
75,0.4965034965034965,8.942622594227343
76,0.0,9.769962616701378e-15
76,0.007246376811594203,35.12755548469252
76,0.014492753623188406,26.589559775153727
76,0.021739130434782608,14.582132785225777
76,0.028985507246376812,19.345506505193054
76,0.036231884057971016,15.184429998750163
76,0.043478260869565216,9.950359040791893
76,0.050724637681159424,5.176018318198275
76,0.057971014492753624,13.228182092776724
76,0.06521739130434782,24.35669117595717
76,0.07246376811594203,21.719418820479454
76,0.07971014492753624,19.642582844598337
76,0.08695652173913043,23.865605456830963
76,0.09420289855072464,10.980271837247528
76,0.10144927536231885,10.119443730091193
76,0.10869565217391304,10.801834453917555
76,0.11594202898550725,6.873367576323222
76,0.12318840579710146,2.09299791717641
76,0.13043478260869565,4.22617544939239
76,0.13768115942028986,4.119049105786186
76,0.14492753623188406,9.199231276339974
76,0.15217391304347827,4.148273287218399
76,0.15942028985507248,10.423254656255697
76,0.16666666666666666,3.3689134432850185
76,0.17391304347826086,2.64750004396292
76,0.18115942028985507,8.366494652495222
76,0.18840579710144928,7.075419190300003
76,0.1956521739130435,6.47009233089819
76,0.2028985507246377,2.6194663420756212
76,0.21014492753623187,8.083885811412971
76,0.21739130434782608,6.000994507040774
76,0.2246376811594203,9.705475198997778
76,0.2318840579710145,1.1355994112366705
76,0.2391304347826087,7.121466985915213
76,0.2463768115942029,4.034522911926065
76,0.2536231884057971,0.9276105679270549
76,0.2608695652173913,4.271919512555622
76,0.26811594202898553,3.2305262095115554
76,0.2753623188405797,11.400602926905453
76,0.2826086956521739,16.044601693325394
76,0.2898550724637681,20.403443179926587
76,0.2971014492753623,8.08364999149241
76,0.30434782608695654,9.076406597585104
76,0.3115942028985507,3.895515875867346
76,0.31884057971014496,1.8649135166699586
76,0.32608695652173914,2.683514574307484
76,0.3333333333333333,0.7562156011319636
76,0.34057971014492755,10.337179104081736
76,0.34782608695652173,5.869507999340407
76,0.35507246376811596,12.238527461612946
76,0.36231884057971014,6.841313643566306
76,0.3695652173913044,14.616868074823904
76,0.37681159420289856,3.732375636190104
76,0.38405797101449274,3.5834994624548346
76,0.391304347826087,6.134254310415729
76,0.39855072463768115,5.178103501387111
76,0.4057971014492754,15.477489231694078
76,0.41304347826086957,12.76354622043872
76,0.42028985507246375,9.728431848229137
76,0.427536231884058,10.015704889355954
76,0.43478260869565216,14.08761599874652
76,0.4420289855072464,14.469134436691164
76,0.4492753623188406,9.112625113695586
76,0.4565217391304348,14.229645601903275
76,0.463768115942029,8.831714552633022
76,0.47101449275362317,5.887818166542636
76,0.4782608695652174,11.927336123649553
76,0.4855072463768116,8.396015554004082
76,0.4927536231884058,8.237776501559434
77,0.0,2.3092638912203256e-14
77,0.007352941176470588,18.261557564472557
77,0.014705882352941176,10.323212493047707
77,0.022058823529411763,4.416279821310245
77,0.029411764705882353,13.023742460194086
77,0.03676470588235294,10.502666827223909
77,0.044117647058823525,11.403823603290656
77,0.051470588235294115,25.234308009346623
77,0.058823529411764705,23.675448926913766
77,0.0661764705882353,8.590422748043272
77,0.07352941176470588,7.815512090116966
77,0.08088235294117647,8.540363208340448
77,0.08823529411764705,12.560272703689854
77,0.09558823529411764,4.141904663462081
77,0.10294117647058823,5.562656546191593
77,0.11029411764705882,11.070243540008667
77,0.11764705882352941,15.146724133114054
77,0.125,7.681051165551698
77,0.1323529411764706,6.916662318083455
77,0.13970588235294118,9.278195587132892
77,0.14705882352941177,10.741838290796585
77,0.15441176470588236,11.068722242548864
77,0.16176470588235295,15.248685038539797
77,0.16911764705882354,8.628132629157678
77,0.1764705882352941,2.006647363104548
77,0.1838235294117647,14.1953305090109
77,0.19117647058823528,6.278139537305317
77,0.19852941176470587,7.472061236419494
77,0.20588235294117646,6.443366340551731
77,0.21323529411764705,5.682468756321432
77,0.22058823529411764,7.4625742341105035
77,0.22794117647058823,9.925107299395211
77,0.23529411764705882,14.265565947519894
77,0.2426470588235294,15.875519028692448
77,0.25,5.48387326451969
77,0.25735294117647056,24.299654640202416
77,0.2647058823529412,9.475414551797117
77,0.27205882352941174,12.855149107308918
77,0.27941176470588236,13.116510134022924
77,0.2867647058823529,7.08266783664011
77,0.29411764705882354,19.123398569479303
77,0.3014705882352941,10.379119292059785
77,0.3088235294117647,8.702985772840552
77,0.3161764705882353,9.551254045412318
77,0.3235294117647059,6.0337004526852365
77,0.33088235294117646,6.370172531189503
77,0.3382352941176471,10.577776551552613
77,0.34558823529411764,3.5733364820930795
77,0.3529411764705882,7.604360128181946
77,0.3602941176470588,10.44171928087964
77,0.3676470588235294,4.1916596893794225
77,0.375,10.340628102069008
77,0.38235294117647056,12.508984924114573
77,0.3897058823529412,17.55308838757793
77,0.39705882352941174,5.523146289213113
77,0.40441176470588236,7.683251464895922
77,0.4117647058823529,19.872642458490557
77,0.41911764705882354,16.589994011571704
77,0.4264705882352941,6.022894799313652
77,0.4338235294117647,6.634155217788513
77,0.4411764705882353,6.898635919961664
77,0.4485294117647059,11.518072046178403
77,0.45588235294117646,0.6849967325556982
77,0.4632352941176471,9.813303429394729
77,0.47058823529411764,15.446172645570849
77,0.4779411764705882,11.79961584226636
77,0.4852941176470588,20.284852532631806
77,0.4926470588235294,7.582909340554428
78,0.0,4.440892098500626e-16
78,0.006493506493506494,27.949795139645744
78,0.012987012987012988,20.61175696479819
78,0.01948051948051948,26.520794600155174
78,0.025974025974025976,10.372945540154513
78,0.03246753246753247,12.013246072253814
78,0.03896103896103896,10.522527461527146
78,0.045454545454545456,17.031412812159108
78,0.05194805194805195,5.490695198927815
78,0.05844155844155845,10.215058399578744
78,0.06493506493506494,26.668244045424853
78,0.07142857142857144,15.329791350294316
78,0.07792207792207792,11.207570841256867
78,0.08441558441558442,14.763012642371345
78,0.09090909090909091,7.499141976089238
78,0.09740259740259741,4.775473186946222
78,0.1038961038961039,10.637048035923918
78,0.1103896103896104,7.4754221861900385
78,0.1168831168831169,7.0814442360774885
78,0.12337662337662339,9.143733853829588
78,0.12987012987012989,7.175234130416282
78,0.13636363636363638,7.407678145005122
78,0.14285714285714288,7.437599619695314
78,0.14935064935064937,9.153830527819789
78,0.15584415584415584,3.615271797128139
78,0.16233766233766234,9.635024952787797
78,0.16883116883116883,6.132963718203853
78,0.17532467532467533,12.774245004984149
78,0.18181818181818182,10.764372245560242
78,0.18831168831168832,6.060299962027188
78,0.19480519480519481,16.23520692661716
78,0.2012987012987013,11.549232908359892
78,0.2077922077922078,11.200292620673006
78,0.2142857142857143,15.79634153493089
78,0.2207792207792208,13.026031386694177
78,0.2272727272727273,8.210596248415705
78,0.2337662337662338,13.238644311966613
78,0.24025974025974028,16.21280898864711
78,0.24675324675324678,14.134322308470349
78,0.2532467532467533,5.914449950492884
78,0.25974025974025977,10.7459707742254
78,0.26623376623376627,12.371668707613543
78,0.27272727272727276,1.7387825967191675
78,0.27922077922077926,11.73996328757583
78,0.28571428571428575,5.403627963318004
78,0.29220779220779225,13.050193289668261
78,0.29870129870129875,4.327555704483083
78,0.30519480519480524,13.61011908541092
78,0.3116883116883117,11.801945938706872
78,0.3181818181818182,16.2758595697785
78,0.3246753246753247,14.316933059404056
78,0.33116883116883117,22.247256212002686
78,0.33766233766233766,9.948289949031532
78,0.34415584415584416,15.057885894609946
78,0.35064935064935066,10.207661653993538
78,0.35714285714285715,2.0596448716795175
78,0.36363636363636365,0.851262530523208
78,0.37012987012987014,6.842635691403851
78,0.37662337662337664,12.659152569497177
78,0.38311688311688313,20.1107772976703
78,0.38961038961038963,9.467500281366044
78,0.3961038961038961,14.696008412997
78,0.4025974025974026,14.821023160821174
78,0.4090909090909091,2.174847437460257
78,0.4155844155844156,5.289720836468148
78,0.4220779220779221,9.29055666697382
78,0.4285714285714286,3.422763611082495
78,0.4350649350649351,5.349545365912576
78,0.4415584415584416,20.192594010483635
78,0.4480519480519481,11.705379528167104
78,0.4545454545454546,7.989852358232012
78,0.4610389610389611,9.259732938463578
78,0.4675324675324676,11.84081903664979
78,0.4740259740259741,6.250864947595224
78,0.48051948051948057,11.203463546870738
78,0.48701298701298706,17.603952777941707
78,0.49350649350649356,11.972086394710084
79,0.0,8.881784197001252e-16
79,0.006896551724137931,7.049244792573204
79,0.013793103448275862,15.66832818422168
79,0.020689655172413793,12.054603572805089
79,0.027586206896551724,15.624833941586443
79,0.034482758620689655,13.287878280863762
79,0.041379310344827586,17.873218516606375
79,0.04827586206896552,9.87593728598146
79,0.05517241379310345,8.99157065122237
79,0.06206896551724138,6.00941059743275
79,0.06896551724137931,13.885376602892283
79,0.07586206896551724,6.476127395586609
79,0.08275862068965517,22.044703690403782
79,0.0896551724137931,13.40798548583236
79,0.09655172413793103,0.5572137245498836
79,0.10344827586206896,6.4359975807481025
79,0.1103448275862069,20.217306247683727
79,0.11724137931034483,11.576456051246083
79,0.12413793103448276,5.341011187634835
79,0.13103448275862067,17.106706010887716
79,0.13793103448275862,10.436313404641169
79,0.14482758620689656,9.787516379230327
79,0.15172413793103448,9.526626247399273
79,0.1586206896551724,16.818920431513792
79,0.16551724137931034,8.498069878138919
79,0.1724137931034483,10.335103855808999
79,0.1793103448275862,15.787421970609621
79,0.18620689655172412,5.392654230310437
79,0.19310344827586207,4.940154614171333
79,0.2,3.283465306870679
79,0.20689655172413793,15.094586347209894
79,0.21379310344827585,13.966232188371157
79,0.2206896551724138,7.638404803749259
79,0.22758620689655173,7.42774230639616
79,0.23448275862068965,6.1215173633092155
79,0.24137931034482757,11.541290981643659
79,0.2482758620689655,17.807359855639657
79,0.25517241379310346,15.793886506733203
79,0.26206896551724135,9.953242656476059
79,0.2689655172413793,11.437091280011044
79,0.27586206896551724,11.41951981707158
79,0.2827586206896552,17.256828245904817
79,0.2896551724137931,6.560091300574335
79,0.296551724137931,11.43997074251401
79,0.30344827586206896,8.305973749194669
79,0.3103448275862069,13.093701361820886
79,0.3172413793103448,7.230807772789473
79,0.32413793103448274,13.369997653141434
79,0.3310344827586207,11.117385090881966
79,0.33793103448275863,14.919805474229477
79,0.3448275862068966,6.930532778707662
79,0.35172413793103446,4.953440046207633
79,0.3586206896551724,7.490344613165965
79,0.36551724137931035,12.348506399227064
79,0.37241379310344824,15.02659310034756
79,0.3793103448275862,2.707476380491293
79,0.38620689655172413,5.657785483295284
79,0.3931034482758621,17.257742255864667
79,0.4,4.3196261290716995
79,0.4068965517241379,12.21369226927264
79,0.41379310344827586,13.478663542816824
79,0.4206896551724138,22.027863287492345
79,0.4275862068965517,7.20348975807378
79,0.43448275862068964,17.18525674409752
79,0.4413793103448276,5.635976505544636
79,0.4482758620689655,18.71744198165651
79,0.45517241379310347,7.201133545736557
79,0.46206896551724136,21.627008715871263
79,0.4689655172413793,9.84290434989588
79,0.47586206896551725,13.023852071765756
79,0.48275862068965514,6.015470546412296
79,0.4896551724137931,5.756513527495775
79,0.496551724137931,7.307912527414976
80,0.0,1.1102230246251565e-14
80,0.006711409395973154,22.701470197832574
80,0.013422818791946308,28.03033332779725
80,0.020134228187919462,18.40026383440817
80,0.026845637583892617,11.004717593579695
80,0.03355704697986577,8.16115725275088
80,0.040268456375838924,9.562936600389786
80,0.04697986577181208,9.479659595244303
80,0.053691275167785234,10.961888725606533
80,0.060402684563758385,5.0171806617914925
80,0.06711409395973154,6.68362368582134
80,0.0738255033557047,6.084735604357694
80,0.08053691275167785,11.50183512361582
80,0.087248322147651,13.098172831030436
80,0.09395973154362416,11.528719361381667
80,0.10067114093959731,13.369491124095198
80,0.10738255033557047,9.525163235820047
80,0.11409395973154363,5.581009779044633
80,0.12080536912751677,8.30743291758652
80,0.12751677852348994,7.911979322717678
80,0.1342281879194631,8.498279517822468
80,0.14093959731543623,15.096043088238076
80,0.1476510067114094,10.219372964150628
80,0.15436241610738255,22.734771438664442
80,0.1610738255033557,1.790668074120981
80,0.16778523489932887,8.613846202399031
80,0.174496644295302,1.7691126501665173
80,0.18120805369127516,18.948031360168084
80,0.18791946308724833,13.242718177473868
80,0.19463087248322147,15.408379479381956
80,0.20134228187919462,16.224784677403196
80,0.2080536912751678,6.058057650515161
80,0.21476510067114093,5.684029656216754
80,0.22147651006711408,7.989473899199909
80,0.22818791946308725,6.241563193759385
80,0.2348993288590604,4.53746100371569
80,0.24161073825503354,7.951525745026492
80,0.2483221476510067,1.4225968847014372
80,0.2550335570469799,7.01032019280524
80,0.26174496644295303,0.8520042652488788
80,0.2684563758389262,11.451363691170034
80,0.2751677852348993,11.376111758377544
80,0.28187919463087246,9.57872793782478
80,0.2885906040268456,16.241767424204248
80,0.2953020134228188,18.497302822424686
80,0.30201342281879195,16.28320749086951
80,0.3087248322147651,13.399323386267794
80,0.31543624161073824,10.053946904508766
80,0.3221476510067114,17.446054781661037
80,0.32885906040268453,10.26965677525409
80,0.33557046979865773,21.15137666795325
80,0.3422818791946309,18.47420639515368
80,0.348993288590604,17.380534033990166
80,0.35570469798657717,18.836574007236585
80,0.3624161073825503,11.027523527316232
80,0.36912751677852346,15.713765428087896
80,0.37583892617449666,4.190309802363855
80,0.3825503355704698,12.355335358582538
80,0.38926174496644295,15.59325115704387
80,0.3959731543624161,10.18002672638267
80,0.40268456375838924,8.465875823318871
80,0.4093959731543624,13.609036038103344
80,0.4161073825503356,9.80544957466407
80,0.4228187919463087,7.863855505613799
80,0.42953020134228187,5.100338067191537
80,0.436241610738255,0.9306464135596537
80,0.44295302013422816,8.443330803129971
80,0.44966442953020136,4.635290475450078
80,0.4563758389261745,10.527224103069777
80,0.46308724832214765,18.245615293772406
80,0.4697986577181208,6.278057612823121
80,0.47651006711409394,13.052484251322777
80,0.4832214765100671,7.398510855404892
80,0.4899328859060403,11.910299234390921
80,0.4966442953020134,4.661829436253783
81,0.0,3.552713678800501e-15
81,0.006896551724137931,26.165295071359864
81,0.013793103448275862,12.200528422761167
81,0.020689655172413793,27.70751334869738
81,0.027586206896551724,18.46099187295709
81,0.034482758620689655,5.456671565029188
81,0.041379310344827586,27.01647037134707
81,0.04827586206896552,26.224454370806296
81,0.05517241379310345,8.250900156046502
81,0.06206896551724138,8.980799376906916
81,0.06896551724137931,17.93370184858478
81,0.07586206896551724,11.741026959888115
81,0.08275862068965517,6.009785835772981
81,0.0896551724137931,18.640514678318894
81,0.09655172413793103,9.068550852184229
81,0.10344827586206896,3.7399952151238813
81,0.1103448275862069,4.7846972829954035
81,0.11724137931034483,9.314641840153026
81,0.12413793103448276,8.886674206725308
81,0.13103448275862067,9.422600306001778
81,0.13793103448275862,13.818241782024575
81,0.14482758620689656,9.980109034000296
81,0.15172413793103448,12.879815951691615
81,0.1586206896551724,18.33604207008531
81,0.16551724137931034,6.269384016753448
81,0.1724137931034483,10.82277338847836
81,0.1793103448275862,8.663607814065937
81,0.18620689655172412,16.172891244351174
81,0.19310344827586207,16.281932001158488
81,0.2,0.9933089419189982
81,0.20689655172413793,1.105830679826741
81,0.21379310344827585,5.128746356660746
81,0.2206896551724138,13.457902010146693
81,0.22758620689655173,11.598753905374537
81,0.23448275862068965,13.967406931037521
81,0.24137931034482757,8.16723101965951
81,0.2482758620689655,7.73104815326941
81,0.25517241379310346,5.743835731939332
81,0.26206896551724135,3.848701875510379
81,0.2689655172413793,10.335330342469685
81,0.27586206896551724,5.812812702450254
81,0.2827586206896552,8.555390850780524
81,0.2896551724137931,13.029877425919043
81,0.296551724137931,11.405966871400109
81,0.30344827586206896,3.568805659975777
81,0.3103448275862069,9.670362502372052
81,0.3172413793103448,11.4261041262003
81,0.32413793103448274,8.79584323075241
81,0.3310344827586207,5.153136069856319
81,0.33793103448275863,14.926989359206331
81,0.3448275862068966,5.298706862111861
81,0.35172413793103446,13.509431970693402
81,0.3586206896551724,6.043119628634718
81,0.36551724137931035,7.759150315225059
81,0.37241379310344824,6.075741873249328
81,0.3793103448275862,10.005115816167857
81,0.38620689655172413,2.8865729337937127
81,0.3931034482758621,18.607970019383437
81,0.4,12.617957961128113
81,0.4068965517241379,5.116666395764624
81,0.41379310344827586,14.693999916393528
81,0.4206896551724138,12.506489429469152
81,0.4275862068965517,7.675100419525677
81,0.43448275862068964,8.320696022825118
81,0.4413793103448276,6.614058908819009
81,0.4482758620689655,13.526502100559991
81,0.45517241379310347,14.381400724144665
81,0.46206896551724136,7.080275400265465
81,0.4689655172413793,11.815670385713572
81,0.47586206896551725,11.668029536253663
81,0.48275862068965514,10.06918702323392
81,0.4896551724137931,6.775429525702652
81,0.496551724137931,4.964610034869385
82,0.0,8.43769498715119e-15
82,0.006666666666666667,24.22235731773601
82,0.013333333333333334,24.240807258914064
82,0.02,19.132936298826362
82,0.02666666666666667,21.05486040269751
82,0.03333333333333333,12.718286412535832
82,0.04,14.806017459418918
82,0.04666666666666667,7.943318158139682
82,0.05333333333333334,12.237541009201609
82,0.060000000000000005,7.41355517427291
82,0.06666666666666667,6.589709052105057
82,0.07333333333333333,15.287623253038507
82,0.08,1.8174939847379599
82,0.08666666666666667,7.085832115363552
82,0.09333333333333334,13.53291139957507
82,0.1,6.785806273903708
82,0.10666666666666667,7.730146649811006
82,0.11333333333333334,20.144738575291164
82,0.12000000000000001,12.827725458016543
82,0.12666666666666668,12.073914437157848
82,0.13333333333333333,9.09268581959363
82,0.14,18.16725693257378
82,0.14666666666666667,12.008696064428424
82,0.15333333333333335,16.461154174887348
82,0.16,6.5824441108833724
82,0.16666666666666669,3.6634583112993746
82,0.17333333333333334,10.145302802975767
82,0.18000000000000002,14.60817915405383
82,0.18666666666666668,6.682392733694744
82,0.19333333333333336,6.948673224096115
82,0.2,15.886967065358228
82,0.2066666666666667,6.854517686473557
82,0.21333333333333335,11.956644840157491
82,0.22,5.2069797406596905
82,0.22666666666666668,16.374869535271102
82,0.23333333333333334,7.647163081538391
82,0.24000000000000002,21.400985794635016
82,0.24666666666666667,8.202040650278315
82,0.25333333333333335,18.81880324064787
82,0.26,7.539951790824916
82,0.26666666666666666,3.792279619184271
82,0.2733333333333334,17.07558123633225
82,0.28,14.357693856772503
82,0.2866666666666667,5.475013081201264
82,0.29333333333333333,13.01763794097348
82,0.30000000000000004,21.897868473535002
82,0.3066666666666667,13.532854234227024
82,0.31333333333333335,9.306905232839517
82,0.32,12.61387187611554
82,0.32666666666666666,8.742025360844968
82,0.33333333333333337,3.751379613422474
82,0.34,6.174435641460554
82,0.3466666666666667,10.729042705980891
82,0.35333333333333333,12.941520780915502
82,0.36000000000000004,0.9438264656236203
82,0.3666666666666667,11.18323519165853
82,0.37333333333333335,6.713128425996702
82,0.38,8.708451121702627
82,0.3866666666666667,7.3923035774733545
82,0.39333333333333337,20.384752646225635
82,0.4,13.589442826401063
82,0.4066666666666667,9.317305432047997
82,0.4133333333333334,5.009281367953507
82,0.42000000000000004,8.704745621826545
82,0.4266666666666667,12.978028627828811
82,0.43333333333333335,6.983174249398353
82,0.44,11.15619991527889
82,0.4466666666666667,10.577167979852783
82,0.45333333333333337,12.111184538779137
82,0.46,4.637665669547333
82,0.4666666666666667,5.995853144156504
82,0.4733333333333334,5.83604942703135
82,0.48000000000000004,3.853232367563915
82,0.4866666666666667,12.748394377845779
82,0.49333333333333335,16.15905186153321
83,0.0,8.881784197001252e-15
83,0.007246376811594203,28.607400995039942
83,0.014492753623188406,23.903634989424948
83,0.021739130434782608,16.24953446109066
83,0.028985507246376812,21.365054934365993
83,0.036231884057971016,16.98280843418432
83,0.043478260869565216,17.56934554030227
83,0.050724637681159424,6.371003144329668
83,0.057971014492753624,18.573255135860787
83,0.06521739130434782,12.612035279602845
83,0.07246376811594203,13.113901136536661
83,0.07971014492753624,13.271048988531827
83,0.08695652173913043,8.700943947714716
83,0.09420289855072464,4.642787002595916
83,0.10144927536231885,10.257788997083592
83,0.10869565217391304,11.556035778899055
83,0.11594202898550725,19.782129453189274
83,0.12318840579710146,5.052399750240008
83,0.13043478260869565,6.20319693582214
83,0.13768115942028986,3.9576871741848336
83,0.14492753623188406,15.524950723029924
83,0.15217391304347827,8.602265185532488
83,0.15942028985507248,8.0450035847712
83,0.16666666666666666,2.3623559078027196
83,0.17391304347826086,9.095068798758462
83,0.18115942028985507,7.782069681553117
83,0.18840579710144928,10.241409764170449
83,0.1956521739130435,21.99885226689893
83,0.2028985507246377,6.97411061857076
83,0.21014492753623187,4.822972368950943
83,0.21739130434782608,7.320481601024367
83,0.2246376811594203,14.055562922039748
83,0.2318840579710145,9.00829415006259
83,0.2391304347826087,12.87654137172646
83,0.2463768115942029,7.711867313283929
83,0.2536231884057971,9.437769449706654
83,0.2608695652173913,16.73171892257614
83,0.26811594202898553,19.196886543897318
83,0.2753623188405797,17.50203843946658
83,0.2826086956521739,9.046290179662853
83,0.2898550724637681,1.1415603344374272
83,0.2971014492753623,8.38104601045495
83,0.30434782608695654,15.598273868924752
83,0.3115942028985507,15.316210890410321
83,0.31884057971014496,6.226413180120136
83,0.32608695652173914,7.647890434720982
83,0.3333333333333333,8.588833611146836
83,0.34057971014492755,5.871707545978701
83,0.34782608695652173,3.797288320506337
83,0.35507246376811596,9.090870321176189
83,0.36231884057971014,6.578099299040141
83,0.3695652173913044,10.573100393399908
83,0.37681159420289856,9.07921345645858
83,0.38405797101449274,7.1201722694608
83,0.391304347826087,6.922608804488237
83,0.39855072463768115,10.977661384382326
83,0.4057971014492754,5.243964619417652
83,0.41304347826086957,4.532530412691365
83,0.42028985507246375,9.79846592307795
83,0.427536231884058,3.957037767062625
83,0.43478260869565216,6.274585011616397
83,0.4420289855072464,12.529489727940103
83,0.4492753623188406,11.522897029646836
83,0.4565217391304348,7.177639343281762
83,0.463768115942029,8.769444664143187
83,0.47101449275362317,11.860323898894569
83,0.4782608695652174,7.4339439841529025
83,0.4855072463768116,4.263249033754243
83,0.4927536231884058,5.747652559830254
84,0.0,1.2212453270876722e-15
84,0.0070921985815602835,14.48428254296419
84,0.014184397163120567,18.608804509638016
84,0.02127659574468085,8.244144898340942
84,0.028368794326241134,6.954932406704753
84,0.035460992907801414,6.132068137401496
84,0.0425531914893617,9.808723226826357
84,0.04964539007092199,8.100141959416153
84,0.05673758865248227,13.711558318726995
84,0.06382978723404255,16.904774983667757
84,0.07092198581560283,10.46072885264177
84,0.07801418439716312,14.273836164193208
84,0.0851063829787234,9.82179989758152
84,0.09219858156028368,24.646281497737373
84,0.09929078014184398,13.871745556718066
84,0.10638297872340426,4.190231969263455
84,0.11347517730496454,7.409971388866586
84,0.12056737588652482,3.425182137319679
84,0.1276595744680851,17.569637290194315
84,0.1347517730496454,8.767858314036982
84,0.14184397163120566,20.85996006963178
84,0.14893617021276595,11.725439594393722
84,0.15602836879432624,22.086563501162818
84,0.1631205673758865,8.900519554056812
84,0.1702127659574468,2.573768716287681
84,0.1773049645390071,7.605755543626451
84,0.18439716312056736,14.919897576334659
84,0.19148936170212766,5.4920668312161025
84,0.19858156028368795,11.148866523760589
84,0.20567375886524822,17.327191748191268
84,0.2127659574468085,9.858912926508625
84,0.21985815602836878,8.909245173599246
84,0.22695035460992907,1.929718632537263
84,0.23404255319148937,1.1829167740382815
84,0.24113475177304963,6.479671920157884
84,0.24822695035460993,7.723242828086688
84,0.2553191489361702,10.08890276436909
84,0.2624113475177305,15.300283774422688
84,0.2695035460992908,13.009654932377748
84,0.2765957446808511,10.903779087371223
84,0.2836879432624113,7.866518178369624
84,0.2907801418439716,14.922773720948816
84,0.2978723404255319,13.116325806464012
84,0.3049645390070922,10.671204810523092
84,0.3120567375886525,5.272419042530538
84,0.3191489361702128,11.012612764041465
84,0.326241134751773,10.856250440610578
84,0.3333333333333333,4.39886802916944
84,0.3404255319148936,9.948296480501144
84,0.3475177304964539,12.667502328653255
84,0.3546099290780142,17.34593911427372
84,0.36170212765957444,0.9451702005531222
84,0.36879432624113473,3.4762719445502817
84,0.375886524822695,18.62652495301259
84,0.3829787234042553,8.2813733612277
84,0.3900709219858156,16.612049924814848
84,0.3971631205673759,2.369666692535299
84,0.40425531914893614,7.614731456472474
84,0.41134751773049644,3.629468843778671
84,0.41843971631205673,15.525783177317473
84,0.425531914893617,4.911683753631174
84,0.4326241134751773,13.060463814683292
84,0.43971631205673756,7.695223187199387
84,0.44680851063829785,18.236468464655193
84,0.45390070921985815,13.865905020637616
84,0.46099290780141844,19.7390748125061
84,0.46808510638297873,14.488773425482822
84,0.47517730496453897,9.148051859649224
84,0.48226950354609927,11.79252181193106
84,0.48936170212765956,8.758090634703054
84,0.49645390070921985,3.11203415434567
85,0.0,7.105427357601002e-15
85,0.006993006993006993,11.965540626190414
85,0.013986013986013986,19.321728604067804
85,0.02097902097902098,11.487944642515595
85,0.027972027972027972,14.389935937859688
85,0.03496503496503497,22.607188729221694
85,0.04195804195804196,9.375553530247695
85,0.04895104895104895,12.942621499264417
85,0.055944055944055944,9.256721709010916
85,0.06293706293706294,6.124236110904788
85,0.06993006993006994,22.25837314940085
85,0.07692307692307693,17.60956967312516
85,0.08391608391608392,14.152852430012377
85,0.09090909090909091,9.31013534634307
85,0.0979020979020979,15.69346090478907
85,0.1048951048951049,4.203619535195752
85,0.11188811188811189,9.130004252478704
85,0.11888111888111888,3.3083531934902406
85,0.1258741258741259,14.962276177752939
85,0.13286713286713286,8.664936847684476
85,0.13986013986013987,6.382621106303737
85,0.14685314685314685,12.181541225986418
85,0.15384615384615385,5.191385837347412
85,0.16083916083916083,6.981900615176164
85,0.16783216783216784,17.64044681530481
85,0.17482517482517482,17.445018578368334
85,0.18181818181818182,10.691740092967818
85,0.1888111888111888,11.159388809221465
85,0.1958041958041958,6.300730741414829
85,0.20279720279720279,8.771924110812023
85,0.2097902097902098,10.13633747194729
85,0.21678321678321677,8.255277614713147
85,0.22377622377622378,12.49398191604248
85,0.23076923076923078,16.12803035948615
85,0.23776223776223776,21.93845566143771
85,0.24475524475524477,7.839901003931959
85,0.2517482517482518,5.229022944397811
85,0.25874125874125875,19.104596872653026
85,0.26573426573426573,18.046120012601957
85,0.2727272727272727,17.866132867382042
85,0.27972027972027974,11.17724741026231
85,0.2867132867132867,13.49126872199971
85,0.2937062937062937,5.338030180571789
85,0.3006993006993007,8.887931987576566
85,0.3076923076923077,15.621242995011155
85,0.3146853146853147,10.988538639092022
85,0.32167832167832167,4.876512491181456
85,0.32867132867132864,9.154084361436443
85,0.3356643356643357,7.636002589795718
85,0.34265734265734266,10.764640921336005
85,0.34965034965034963,4.303259206747233
85,0.35664335664335667,9.459420832691384
85,0.36363636363636365,8.765178091744911
85,0.3706293706293706,6.733390719315236
85,0.3776223776223776,14.123172516962788
85,0.38461538461538464,9.704262108406551
85,0.3916083916083916,7.458204171161341
85,0.3986013986013986,6.449146993330911
85,0.40559440559440557,6.544642924310481
85,0.4125874125874126,18.649435923676254
85,0.4195804195804196,9.058159792771173
85,0.42657342657342656,5.88739516935026
85,0.43356643356643354,12.367614514671631
85,0.4405594405594406,5.120512663592081
85,0.44755244755244755,25.06341851232927
85,0.45454545454545453,8.575315780235215
85,0.46153846153846156,5.176314646287093
85,0.46853146853146854,6.1200368243486105
85,0.4755244755244755,7.269113394297316
85,0.4825174825174825,2.3516176373974353
85,0.48951048951048953,6.096398822089525
85,0.4965034965034965,9.830418503366515
86,0.0,4.440892098500626e-15
86,0.006802721088435374,5.309503866506155
86,0.013605442176870748,27.797678486572313
86,0.02040816326530612,11.328061535054594
86,0.027210884353741496,31.010282438760076
86,0.03401360544217687,19.296161343647295
86,0.04081632653061224,26.493535054611254
86,0.047619047619047616,10.514175850415617
86,0.05442176870748299,15.909808307595275
86,0.061224489795918366,21.32323282132794
86,0.06802721088435373,10.335560269296025
86,0.07482993197278912,14.197874299666115
86,0.08163265306122448,8.455980350063127
86,0.08843537414965986,13.802934786277538
86,0.09523809523809523,13.61915795225323
86,0.10204081632653061,6.266009248188109
86,0.10884353741496598,5.213688518942734
86,0.11564625850340135,0.9059048212311314
86,0.12244897959183673,9.99418292915723
86,0.1292517006802721,8.71732936931381
86,0.13605442176870747,9.61176846255053
86,0.14285714285714285,6.703687162229527
86,0.14965986394557823,12.139806218070467
86,0.1564625850340136,13.88326421903365
86,0.16326530612244897,17.03306232987815
86,0.17006802721088435,5.2882622564485775
86,0.17687074829931973,10.955615097082166
86,0.18367346938775508,1.9462887880374722
86,0.19047619047619047,2.069167794316023
86,0.19727891156462585,1.312476857020538
86,0.20408163265306123,1.394429307205335
86,0.21088435374149658,1.7885802084498483
86,0.21768707482993196,6.828719799294946
86,0.22448979591836735,4.690536609571937
86,0.2312925170068027,8.819092584917078
86,0.23809523809523808,10.430998215078564
86,0.24489795918367346,10.114470673798824
86,0.25170068027210885,7.388856455391999
86,0.2585034013605442,11.698238431927118
86,0.2653061224489796,17.253727373201034
86,0.27210884353741494,12.517660781644464
86,0.2789115646258503,0.16853086566613104
86,0.2857142857142857,20.150933924954675
86,0.2925170068027211,14.334638024013858
86,0.29931972789115646,8.346532931274995
86,0.30612244897959184,13.870888757135893
86,0.3129251700680272,13.741884862293565
86,0.31972789115646255,14.32057140958721
86,0.32653061224489793,17.11536359912236
86,0.3333333333333333,6.935767474644646
86,0.3401360544217687,16.452938745044523
86,0.3469387755102041,10.58099389396952
86,0.35374149659863946,9.421947984002161
86,0.36054421768707484,9.743304409541294
86,0.36734693877551017,12.797340794750417
86,0.37414965986394555,16.08810873400357
86,0.38095238095238093,19.361868625264528
86,0.3877551020408163,4.148675139430774
86,0.3945578231292517,9.74435389892109
86,0.4013605442176871,2.2413314442241217
86,0.40816326530612246,5.170740494605873
86,0.4149659863945578,5.407945038148724
86,0.42176870748299317,9.642080917994676
86,0.42857142857142855,11.481531167613724
86,0.43537414965986393,9.880603761063753
86,0.4421768707482993,13.451367183482832
86,0.4489795918367347,4.430104305915486
86,0.4557823129251701,5.016911889290494
86,0.4625850340136054,13.939702251544132
86,0.4693877551020408,8.114067723151814
86,0.47619047619047616,8.219864638726031
86,0.48299319727891155,4.177244459876879
86,0.4897959183673469,6.558631240535899
86,0.4965986394557823,2.487303226339109
87,0.0,1.7763568394002505e-15
87,0.006756756756756757,31.505151361739195
87,0.013513513513513514,23.63544146030283
87,0.02027027027027027,23.24394659520031
87,0.02702702702702703,10.907823433162065
87,0.033783783783783786,3.3614132872673435
87,0.04054054054054054,1.8779783061210786
87,0.0472972972972973,12.004634409768858
87,0.05405405405405406,12.74921475597398
87,0.060810810810810814,21.15026964640969
87,0.06756756756756757,12.315899320375012
87,0.07432432432432433,9.32868605508987
87,0.08108108108108109,17.841255197398286
87,0.08783783783783784,12.042955271047738
87,0.0945945945945946,7.053746274200646
87,0.10135135135135136,7.918892711569536
87,0.10810810810810811,12.174502561366708
87,0.11486486486486487,4.134070062370148
87,0.12162162162162163,4.179141921828444
87,0.1283783783783784,15.825948894533717
87,0.13513513513513514,4.5579162763989665
87,0.14189189189189189,3.957840108956256
87,0.14864864864864866,10.569930530664468
87,0.15540540540540543,3.0606507562487493
87,0.16216216216216217,8.62240653285767
87,0.16891891891891891,7.690090175016881
87,0.17567567567567569,13.44813484428381
87,0.18243243243243246,6.854530396442617
87,0.1891891891891892,9.112497859421728
87,0.19594594594594594,17.19700100468301
87,0.20270270270270271,20.149952776516887
87,0.20945945945945948,22.517238744619615
87,0.21621621621621623,15.716693477415731
87,0.22297297297297297,7.910123116214021
87,0.22972972972972974,6.400633715777285
87,0.2364864864864865,6.852519377149639
87,0.24324324324324326,8.250777638553725
87,0.25,11.826640595901628
87,0.2567567567567568,17.011543122378665
87,0.26351351351351354,19.338535909485543
87,0.2702702702702703,8.701719485045244
87,0.27702702702702703,8.422931930075087
87,0.28378378378378377,12.101908309388763
87,0.29054054054054057,22.167298022880612
87,0.2972972972972973,9.033877011648741
87,0.30405405405405406,4.074234727341488
87,0.31081081081081086,10.26166820180294
87,0.3175675675675676,10.962536746935701
87,0.32432432432432434,3.3979817198438553
87,0.3310810810810811,7.660497275814975
87,0.33783783783783783,5.731288129847435
87,0.3445945945945946,8.358454081761906
87,0.35135135135135137,4.592902619305607
87,0.3581081081081081,6.540288674442763
87,0.3648648648648649,8.577672452688034
87,0.37162162162162166,15.332023890378377
87,0.3783783783783784,7.194909455389769
87,0.38513513513513514,7.348569714243275
87,0.3918918918918919,13.732061318018195
87,0.3986486486486487,12.175332636781844
87,0.40540540540540543,2.3715811828538977
87,0.41216216216216217,5.821245208724957
87,0.41891891891891897,12.144989711456907
87,0.4256756756756757,7.531346798326923
87,0.43243243243243246,11.352794796151066
87,0.4391891891891892,8.14719238315657
87,0.44594594594594594,5.39872051500072
87,0.45270270270270274,8.65574021731517
87,0.4594594594594595,9.957310803773009
87,0.46621621621621623,8.811085668025887
87,0.472972972972973,10.229711310212593
87,0.47972972972972977,12.880144778366372
87,0.4864864864864865,10.388074365998689
87,0.49324324324324326,13.466362575663057
88,0.0,2.6645352591003757e-15
88,0.007407407407407408,18.93954445777928
88,0.014814814814814815,21.481393765674444
88,0.022222222222222223,18.576480031445257
88,0.02962962962962963,5.797914471033719
88,0.037037037037037035,28.88159944109968
88,0.044444444444444446,12.93569430340588
88,0.05185185185185186,4.469162277391649
88,0.05925925925925926,10.532922553242884
88,0.06666666666666667,4.2879058695941445
88,0.07407407407407407,18.735533106613165
88,0.08148148148148149,10.335546853933767
88,0.08888888888888889,2.932342122087971
88,0.0962962962962963,13.912081997945167
88,0.10370370370370371,3.008579648263225
88,0.11111111111111112,1.2284685428277073
88,0.11851851851851852,3.0664206385369215
88,0.12592592592592594,7.45144149491634
88,0.13333333333333333,8.975061284991098
88,0.14074074074074075,12.341530891714939
88,0.14814814814814814,6.756880421298394
88,0.15555555555555556,15.446666805533926
88,0.16296296296296298,12.83310493026292
88,0.17037037037037037,10.233784281244683
88,0.17777777777777778,15.407450446442175
88,0.1851851851851852,10.616130030032831
88,0.1925925925925926,2.6495203350795506
88,0.2,12.913828810730044
88,0.20740740740740743,8.682012445515735
88,0.21481481481481482,22.41741394188814
88,0.22222222222222224,10.666773054181428
88,0.22962962962962963,0.986980714528657
88,0.23703703703703705,7.748286226326138
88,0.24444444444444446,1.9246054319914423
88,0.2518518518518519,19.23451489581514
88,0.25925925925925924,5.912289425593093
88,0.26666666666666666,3.7966409616129875
88,0.2740740740740741,15.544632970657622
88,0.2814814814814815,5.704270768724969
88,0.2888888888888889,20.23506699723561
88,0.2962962962962963,14.600651725410321
88,0.3037037037037037,18.19758838117084
88,0.3111111111111111,7.188977446304936
88,0.31851851851851853,6.522386951365417
88,0.32592592592592595,9.49651154388036
88,0.33333333333333337,9.841462019810235
88,0.34074074074074073,13.454179217806583
88,0.34814814814814815,19.730894455246755
88,0.35555555555555557,8.628858598670572
88,0.362962962962963,10.557024507493255
88,0.3703703703703704,10.392725808622341
88,0.37777777777777777,7.182464747699814
88,0.3851851851851852,9.196743009504267
88,0.3925925925925926,13.04735151978798
88,0.4,11.838287041567767
88,0.40740740740740744,1.11390651800639
88,0.41481481481481486,4.208477643403199
88,0.4222222222222222,8.184579793674784
88,0.42962962962962964,11.071729384359392
88,0.43703703703703706,14.634329508582928
88,0.4444444444444445,8.340145447057237
88,0.4518518518518519,3.889465292432851
88,0.45925925925925926,3.1088769775565277
88,0.4666666666666667,11.786921399371098
88,0.4740740740740741,2.4765629516182868
88,0.4814814814814815,1.2955586910262256
88,0.48888888888888893,5.998374074269999
88,0.4962962962962963,4.630376979488444
89,0.0,8.770761894538737e-15
89,0.006711409395973154,11.125968770055774
89,0.013422818791946308,28.5443230764034
89,0.020134228187919462,18.180684313155638
89,0.026845637583892617,16.800079107040265
89,0.03355704697986577,9.125170034850434
89,0.040268456375838924,4.317327432037247
89,0.04697986577181208,10.562829263760635
89,0.053691275167785234,27.433096360800953
89,0.060402684563758385,18.944724824670917
89,0.06711409395973154,14.290627331272422
89,0.0738255033557047,11.898830744289553
89,0.08053691275167785,7.69534902613409
89,0.087248322147651,19.96936797821962
89,0.09395973154362416,6.967825091996138
89,0.10067114093959731,22.469483869329586
89,0.10738255033557047,17.733876522502854
89,0.11409395973154363,26.64257863776844
89,0.12080536912751677,7.7718456428468885
89,0.12751677852348994,7.87887558087968
89,0.1342281879194631,14.491740468244943
89,0.14093959731543623,13.869650126059389
89,0.1476510067114094,8.48324838627345
89,0.15436241610738255,12.516384374520769
89,0.1610738255033557,6.687630972602717
89,0.16778523489932887,17.931561630907776
89,0.174496644295302,14.207014658481915
89,0.18120805369127516,2.875669579403599
89,0.18791946308724833,14.804021977866757
89,0.19463087248322147,3.767954683915125
89,0.20134228187919462,5.568516828085265
89,0.2080536912751678,3.475389173394457
89,0.21476510067114093,9.441979685008148
89,0.22147651006711408,12.914335994777845
89,0.22818791946308725,6.517483625448076
89,0.2348993288590604,4.5552917493853515
89,0.24161073825503354,8.415919255863555
89,0.2483221476510067,5.5251372534281895
89,0.2550335570469799,6.846472730515192
89,0.26174496644295303,5.1150358721218145
89,0.2684563758389262,14.704844370254571
89,0.2751677852348993,10.40890716439177
89,0.28187919463087246,2.2955263551520795
89,0.2885906040268456,9.894732442143678
89,0.2953020134228188,12.982035110046269
89,0.30201342281879195,12.045945237291475
89,0.3087248322147651,13.359363645022494
89,0.31543624161073824,5.500254887096046
89,0.3221476510067114,2.83675495022856
89,0.32885906040268453,12.667505840934039
89,0.33557046979865773,5.675767903439516
89,0.3422818791946309,11.907011675026451
89,0.348993288590604,16.473053899247496
89,0.35570469798657717,21.8198866422011
89,0.3624161073825503,3.5163423245973653
89,0.36912751677852346,12.967414727916504
89,0.37583892617449666,2.7026412194855807
89,0.3825503355704698,5.702456440058675
89,0.38926174496644295,4.527208483552042
89,0.3959731543624161,3.169869152431426
89,0.40268456375838924,6.765463218765815
89,0.4093959731543624,9.080786880419865
89,0.4161073825503356,10.129798655568564
89,0.4228187919463087,4.1351205505069615
89,0.42953020134228187,4.635477776112656
89,0.436241610738255,9.36697302438167
89,0.44295302013422816,6.012394386543565
89,0.44966442953020136,13.101497759558237
89,0.4563758389261745,9.212434107806095
89,0.46308724832214765,13.68825456547364
89,0.4697986577181208,12.0927798044997
89,0.47651006711409394,13.769133302748314
89,0.4832214765100671,8.092829612739681
89,0.4899328859060403,12.651790627017045
89,0.4966442953020134,7.295425410156373
90,0.0,3.3306690738754696e-16
90,0.007246376811594203,28.19342107221708
90,0.014492753623188406,33.12067044101445
90,0.021739130434782608,27.95459008932267
90,0.028985507246376812,14.215512430091076
90,0.036231884057971016,4.186032827147488
90,0.043478260869565216,12.438058369838528
90,0.050724637681159424,7.5108590977492
90,0.057971014492753624,2.4598329370673735
90,0.06521739130434782,7.772648866934927
90,0.07246376811594203,18.10426903843389
90,0.07971014492753624,4.5863345809235465
90,0.08695652173913043,22.942330650796688
90,0.09420289855072464,9.026939443726697
90,0.10144927536231885,2.6631098935973805
90,0.10869565217391304,12.904807414346495
90,0.11594202898550725,5.430764269646174
90,0.12318840579710146,3.257343102200756
90,0.13043478260869565,11.397864370033577
90,0.13768115942028986,3.5627483319718247
90,0.14492753623188406,10.667357340739978
90,0.15217391304347827,10.601801263696489
90,0.15942028985507248,14.824164558938813
90,0.16666666666666666,4.1499588122359246
90,0.17391304347826086,5.4164031558792844
90,0.18115942028985507,6.887625367222867
90,0.18840579710144928,10.210000636114623
90,0.1956521739130435,5.499513558043929
90,0.2028985507246377,2.4620538492690995
90,0.21014492753623187,3.1010583018926288
90,0.21739130434782608,4.0065044209597875
90,0.2246376811594203,10.223599261695705
90,0.2318840579710145,14.926258409409105
90,0.2391304347826087,9.248034639377591
90,0.2463768115942029,6.030572237201193
90,0.2536231884057971,1.9041549503680508
90,0.2608695652173913,9.663178374725275
90,0.26811594202898553,4.186865971394508
90,0.2753623188405797,22.49012116554839
90,0.2826086956521739,12.733157240030279
90,0.2898550724637681,14.865542944915969
90,0.2971014492753623,8.28452313624337
90,0.30434782608695654,14.792691898669181
90,0.3115942028985507,9.111055117315036
90,0.31884057971014496,20.87508305445715
90,0.32608695652173914,1.5812623966731945
90,0.3333333333333333,6.656504127846686
90,0.34057971014492755,8.258199665536033
90,0.34782608695652173,3.658950656649881
90,0.35507246376811596,13.1576433284425
90,0.36231884057971014,13.02368181383698
90,0.3695652173913044,9.282832987721328
90,0.37681159420289856,5.541901057105612
90,0.38405797101449274,2.6744328253721354
90,0.391304347826087,2.6211137565370137
90,0.39855072463768115,12.495746325481017
90,0.4057971014492754,11.319792512219262
90,0.41304347826086957,12.941617041567119
90,0.42028985507246375,19.368726282758924
90,0.427536231884058,13.004036237687414
90,0.43478260869565216,13.215419610345261
90,0.4420289855072464,14.777580150687655
90,0.4492753623188406,3.7642794353467335
90,0.4565217391304348,4.32225568057482
90,0.463768115942029,2.032355868636089
90,0.47101449275362317,4.361124512155978
90,0.4782608695652174,2.5074355324292665
90,0.4855072463768116,1.6880677978265286
90,0.4927536231884058,4.137791650004369
91,0.0,7.771561172376096e-15
91,0.006802721088435374,18.120486426404117
91,0.013605442176870748,22.034707828538203
91,0.02040816326530612,17.7080820722129
91,0.027210884353741496,22.60429181694956
91,0.03401360544217687,6.933077685877807
91,0.04081632653061224,5.683583554005769
91,0.047619047619047616,20.540181375148347
91,0.05442176870748299,14.348759220290116
91,0.061224489795918366,9.602818813932513
91,0.06802721088435373,7.704329853488424
91,0.07482993197278912,11.40817254554113
91,0.08163265306122448,5.954754182231809
91,0.08843537414965986,10.188753442422273
91,0.09523809523809523,7.0760457410816056
91,0.10204081632653061,10.754056345597816
91,0.10884353741496598,10.861431481413256
91,0.11564625850340135,8.001607265198407
91,0.12244897959183673,9.821316837322783
91,0.1292517006802721,9.599566649064947
91,0.13605442176870747,1.467708891452344
91,0.14285714285714285,13.212847473844574
91,0.14965986394557823,6.856260914728088
91,0.1564625850340136,18.57685647758441
91,0.16326530612244897,0.9328271054400171
91,0.17006802721088435,19.00845658557303
91,0.17687074829931973,11.931517088594605
91,0.18367346938775508,12.220461324810996
91,0.19047619047619047,6.989479087175481
91,0.19727891156462585,9.473973596575089
91,0.20408163265306123,6.936988895624532
91,0.21088435374149658,8.093867839037348
91,0.21768707482993196,27.17638888290348
91,0.22448979591836735,7.987001161122506
91,0.2312925170068027,10.051955095024587
91,0.23809523809523808,6.477863028080815
91,0.24489795918367346,24.484907348923425
91,0.25170068027210885,27.0832023696999
91,0.2585034013605442,16.583184140723535
91,0.2653061224489796,3.3737286885835007
91,0.27210884353741494,15.841130131849685
91,0.2789115646258503,6.3245811529131775
91,0.2857142857142857,2.1658317500073094
91,0.2925170068027211,14.869348458017958
91,0.29931972789115646,8.329541477131183
91,0.30612244897959184,11.646824379970974
91,0.3129251700680272,7.042952070357132
91,0.31972789115646255,8.754480972941643
91,0.32653061224489793,6.500359224020563
91,0.3333333333333333,2.4726885181038734
91,0.3401360544217687,5.730572969540416
91,0.3469387755102041,17.394002877759636
91,0.35374149659863946,6.413862914204197
91,0.36054421768707484,6.388850620551793
91,0.36734693877551017,1.5125629405399632
91,0.37414965986394555,12.105807291492926
91,0.38095238095238093,10.241410037084817
91,0.3877551020408163,10.728016748330244
91,0.3945578231292517,3.8667268304416664
91,0.4013605442176871,20.983639643470273
91,0.40816326530612246,9.178165589266856
91,0.4149659863945578,10.129490633572974
91,0.42176870748299317,13.137445704833357
91,0.42857142857142855,14.714359626597899
91,0.43537414965986393,10.500586811656651
91,0.4421768707482993,10.442633184150795
91,0.4489795918367347,6.132013348027088
91,0.4557823129251701,3.389090915572601
91,0.4625850340136054,9.119345356413792
91,0.4693877551020408,11.06126026769223
91,0.47619047619047616,7.136077746855103
91,0.48299319727891155,7.492537496280555
91,0.4897959183673469,6.816614183021008
91,0.4965986394557823,10.940625753265175
92,0.0,2.353672812205332e-14
92,0.0070921985815602835,8.571944560843654
92,0.014184397163120567,10.89799412726569
92,0.02127659574468085,17.444803368745003
92,0.028368794326241134,2.297348922401636
92,0.035460992907801414,1.909806569995008
92,0.0425531914893617,8.538072461721256
92,0.04964539007092199,8.52782773821977
92,0.05673758865248227,27.668343814752838
92,0.06382978723404255,15.834122456588567
92,0.07092198581560283,9.731412249334102
92,0.07801418439716312,9.148957010212415
92,0.0851063829787234,14.80721507557804
92,0.09219858156028368,6.774923559720886
92,0.09929078014184398,22.48770369009319
92,0.10638297872340426,12.031253446944056
92,0.11347517730496454,23.251084032465332
92,0.12056737588652482,11.185046400294809
92,0.1276595744680851,7.396221912314245
92,0.1347517730496454,7.752963349473646
92,0.14184397163120566,8.640550351188782
92,0.14893617021276595,7.041267109475996
92,0.15602836879432624,9.23427233932379
92,0.1631205673758865,14.305735340731841
92,0.1702127659574468,6.804542565895951
92,0.1773049645390071,6.809071803960005
92,0.18439716312056736,16.902659218250648
92,0.19148936170212766,6.623113800566905
92,0.19858156028368795,9.52242533938622
92,0.20567375886524822,13.532242302554996
92,0.2127659574468085,3.990944644171408
92,0.21985815602836878,7.964190978312719
92,0.22695035460992907,16.785025662570447
92,0.23404255319148937,5.572096522806592
92,0.24113475177304963,10.24569822870587
92,0.24822695035460993,8.410953465546967
92,0.2553191489361702,4.87188124018096
92,0.2624113475177305,9.356495845179394
92,0.2695035460992908,3.8216437666859773
92,0.2765957446808511,6.811516786200791
92,0.2836879432624113,6.963600351042331
92,0.2907801418439716,14.379473069649752
92,0.2978723404255319,14.048007158007321
92,0.3049645390070922,20.735525041994904
92,0.3120567375886525,11.113055198040314
92,0.3191489361702128,16.664556715588514
92,0.326241134751773,10.608728451735814
92,0.3333333333333333,4.968564371858348
92,0.3404255319148936,15.67975540413196
92,0.3475177304964539,15.231505191539492
92,0.3546099290780142,7.127940116347577
92,0.36170212765957444,12.353967104853252
92,0.36879432624113473,8.083969652921496
92,0.375886524822695,7.563642417295572
92,0.3829787234042553,13.058396758247522
92,0.3900709219858156,10.19300254406585
92,0.3971631205673759,11.995985077315737
92,0.40425531914893614,12.222596443214352
92,0.41134751773049644,13.175780714612078
92,0.41843971631205673,4.267127451224509
92,0.425531914893617,9.665704562190006
92,0.4326241134751773,11.332242470292634
92,0.43971631205673756,7.513224664533833
92,0.44680851063829785,7.159118739472481
92,0.45390070921985815,2.565656473635243
92,0.46099290780141844,7.907566109685514
92,0.46808510638297873,16.682677860155085
92,0.47517730496453897,22.719933670915307
92,0.48226950354609927,2.76900888714649
92,0.48936170212765956,2.777899637649546
92,0.49645390070921985,18.85014414689013
93,0.0,2.220446049250313e-15
93,0.00684931506849315,33.657022755022666
93,0.0136986301369863,32.997734129039976
93,0.02054794520547945,22.276923850337447
93,0.0273972602739726,16.446548851222424
93,0.03424657534246575,6.8664637992622835
93,0.0410958904109589,3.404102774528614
93,0.04794520547945205,7.243885286117776
93,0.0547945205479452,9.27289638152082
93,0.06164383561643835,5.434138141457727
93,0.0684931506849315,8.732888062278267
93,0.07534246575342465,12.597422619946471
93,0.0821917808219178,9.176198303871665
93,0.08904109589041095,6.077153352784973
93,0.0958904109589041,7.19386526328193
93,0.10273972602739725,6.895814302646508
93,0.1095890410958904,11.593086965703957
93,0.11643835616438356,3.889606667897454
93,0.1232876712328767,8.395606162292053
93,0.13013698630136986,5.620719030094148
93,0.136986301369863,11.346532903289077
93,0.14383561643835616,3.622877880084774
93,0.1506849315068493,9.208299437176475
93,0.15753424657534246,10.996733363430735
93,0.1643835616438356,13.064655866560424
93,0.17123287671232876,11.57909427611253
93,0.1780821917808219,18.764545789579543
93,0.18493150684931506,24.502206516806794
93,0.1917808219178082,7.030982144964626
93,0.19863013698630136,8.887327550193266
93,0.2054794520547945,11.49182597377311
93,0.21232876712328766,6.253954558573515
93,0.2191780821917808,9.117488766764563
93,0.22602739726027396,4.2231326438842895
93,0.2328767123287671,14.118791729362577
93,0.23972602739726026,9.589268755040008
93,0.2465753424657534,6.450103961525394
93,0.2534246575342466,12.840192021932559
93,0.2602739726027397,16.288614276553655
93,0.26712328767123283,6.805585932312843
93,0.273972602739726,13.281683856236638
93,0.2808219178082192,10.060984874936032
93,0.2876712328767123,13.958539287453842
93,0.29452054794520544,3.7598909552574846
93,0.3013698630136986,5.077762847807741
93,0.3082191780821918,3.051993287683198
93,0.3150684931506849,15.616853319982853
93,0.32191780821917804,3.494179524887859
93,0.3287671232876712,10.294056173258637
93,0.3356164383561644,16.781334446686515
93,0.3424657534246575,15.857841412839921
93,0.34931506849315064,8.971974521410452
93,0.3561643835616438,8.188221578941437
93,0.363013698630137,11.043472911791712
93,0.3698630136986301,11.31026603868564
93,0.37671232876712324,8.59654792029238
93,0.3835616438356164,3.3671481587305516
93,0.3904109589041096,7.693942067715849
93,0.3972602739726027,11.879091239825273
93,0.40410958904109584,14.505390680396857
93,0.410958904109589,13.44893286073723
93,0.4178082191780822,8.757238832472401
93,0.4246575342465753,7.507108993985786
93,0.43150684931506844,6.31274791414342
93,0.4383561643835616,16.65331483673071
93,0.4452054794520548,12.271488522621835
93,0.4520547945205479,2.695784075699787
93,0.45890410958904104,14.37780985825399
93,0.4657534246575342,11.463635665727997
93,0.4726027397260274,17.861588160807422
93,0.4794520547945205,4.515063990996303
93,0.48630136986301364,3.2616565835138194
93,0.4931506849315068,11.255864595030078
94,0.0,1.1546319456101628e-14
94,0.007407407407407408,4.035373976227479
94,0.014814814814814815,17.645364033337838
94,0.022222222222222223,19.390827756572627
94,0.02962962962962963,13.05644002149978
94,0.037037037037037035,15.39311023100629
94,0.044444444444444446,14.964266476559638
94,0.05185185185185186,6.566610637689638
94,0.05925925925925926,13.991009842368578
94,0.06666666666666667,9.00814133900399
94,0.07407407407407407,11.846132851949966
94,0.08148148148148149,1.9452983146045604
94,0.08888888888888889,19.250809342499252
94,0.0962962962962963,8.245915629891055
94,0.10370370370370371,13.48018040095025
94,0.11111111111111112,2.7449956377605043
94,0.11851851851851852,7.528806798207361
94,0.12592592592592594,10.756040276397027
94,0.13333333333333333,13.724744906954651
94,0.14074074074074075,13.486726776788268
94,0.14814814814814814,13.736855949716862
94,0.15555555555555556,10.058721007410796
94,0.16296296296296298,2.2362642882176944
94,0.17037037037037037,12.07673218031739
94,0.17777777777777778,11.764703804734726
94,0.1851851851851852,11.472320610543589
94,0.1925925925925926,14.638643573455846
94,0.2,12.868008915347076
94,0.20740740740740743,7.25675300955717
94,0.21481481481481482,4.988580759306078
94,0.22222222222222224,13.801402911926957
94,0.22962962962962963,16.385609375933345
94,0.23703703703703705,6.253944090691904
94,0.24444444444444446,9.239739570535857
94,0.2518518518518519,4.721343199052795
94,0.25925925925925924,14.19629081464289
94,0.26666666666666666,22.269128553357575
94,0.2740740740740741,8.08519727683901
94,0.2814814814814815,13.498086362820935
94,0.2888888888888889,12.721834244386615
94,0.2962962962962963,16.316389337032177
94,0.3037037037037037,17.298161577480222
94,0.3111111111111111,6.6278425512147106
94,0.31851851851851853,4.7789067933491145
94,0.32592592592592595,12.652697640215262
94,0.33333333333333337,5.111555628693877
94,0.34074074074074073,7.6078579186071
94,0.34814814814814815,3.2381906381532715
94,0.35555555555555557,15.80114680650579
94,0.362962962962963,6.486510216285469
94,0.3703703703703704,9.853551335013893
94,0.37777777777777777,13.371951684899816
94,0.3851851851851852,19.4085433705236
94,0.3925925925925926,5.092795057245743
94,0.4,5.8615585975781
94,0.40740740740740744,8.087493646003242
94,0.41481481481481486,19.57138548217709
94,0.4222222222222222,8.49495383302877
94,0.42962962962962964,9.465453506100697
94,0.43703703703703706,10.639511861183799
94,0.4444444444444445,2.7632734033517905
94,0.4518518518518519,6.25025994518818
94,0.45925925925925926,7.546056536368156
94,0.4666666666666667,15.103277454026665
94,0.4740740740740741,9.75873056154682
94,0.4814814814814815,4.098242484454746
94,0.48888888888888893,5.520372941539715
94,0.4962962962962963,13.153507149962467
95,0.0,8.881784197001252e-15
95,0.0070921985815602835,9.376097144262632
95,0.014184397163120567,25.086477174439676
95,0.02127659574468085,13.5675983786351
95,0.028368794326241134,3.096333038907754
95,0.035460992907801414,18.656077695604047
95,0.0425531914893617,16.656738580350932
95,0.04964539007092199,23.882320146557348
95,0.05673758865248227,11.157354072095742
95,0.06382978723404255,10.325202633455804
95,0.07092198581560283,12.277867585519159
95,0.07801418439716312,9.195199347753439
95,0.0851063829787234,9.49030100761245
95,0.09219858156028368,4.1025799247937185
95,0.09929078014184398,17.49330326223861
95,0.10638297872340426,5.8401627121083095
95,0.11347517730496454,6.4861908167774365
95,0.12056737588652482,7.802199212106012
95,0.1276595744680851,10.226772281926651
95,0.1347517730496454,5.869601910509995
95,0.14184397163120566,3.5556308875385234
95,0.14893617021276595,5.914856007594887
95,0.15602836879432624,13.981727044674765
95,0.1631205673758865,8.311395368020488
95,0.1702127659574468,12.210696443942005
95,0.1773049645390071,13.339269892871657
95,0.18439716312056736,8.463326549209713
95,0.19148936170212766,13.235425337971439
95,0.19858156028368795,12.217257323062231
95,0.20567375886524822,10.150893139044447
95,0.2127659574468085,17.90960227510431
95,0.21985815602836878,4.172277530074345
95,0.22695035460992907,21.32182313791563
95,0.23404255319148937,10.59009616513152
95,0.24113475177304963,12.681147063210817
95,0.24822695035460993,8.419661967724862
95,0.2553191489361702,5.5942932080055545
95,0.2624113475177305,2.1366297654163087
95,0.2695035460992908,4.900981174730172
95,0.2765957446808511,2.148338763088548
95,0.2836879432624113,15.885247027316032
95,0.2907801418439716,10.547956847409065
95,0.2978723404255319,0.7550808620083523
95,0.3049645390070922,13.169515827615951
95,0.3120567375886525,15.666546752356881
95,0.3191489361702128,9.871376193644052
95,0.326241134751773,10.118873164855673
95,0.3333333333333333,15.827667098400472
95,0.3404255319148936,14.971419207543732
95,0.3475177304964539,14.468401197977615
95,0.3546099290780142,18.89541211426976
95,0.36170212765957444,16.196863549574136
95,0.36879432624113473,3.300865589675772
95,0.375886524822695,13.609531755060223
95,0.3829787234042553,10.716296161661298
95,0.3900709219858156,4.1599221525621575
95,0.3971631205673759,17.177388443053694
95,0.40425531914893614,5.255466465897542
95,0.41134751773049644,13.88947951452037
95,0.41843971631205673,6.870864472898539
95,0.425531914893617,8.632593857432799
95,0.4326241134751773,11.35423730480557
95,0.43971631205673756,1.4890550809018546
95,0.44680851063829785,7.481377838732746
95,0.45390070921985815,11.643237208220443
95,0.46099290780141844,6.058010032515306
95,0.46808510638297873,10.44720248043894
95,0.47517730496453897,5.614263304944165
95,0.48226950354609927,2.809793578684702
95,0.48936170212765956,22.15554159949794
95,0.49645390070921985,9.39214334527494
96,0.0,4.440892098500626e-16
96,0.007194244604316547,14.381819980579712
96,0.014388489208633094,23.998834099314127
96,0.02158273381294964,16.184076480994936
96,0.02877697841726619,17.649730328117837
96,0.03597122302158273,3.5346971720061906
96,0.04316546762589928,5.314874883252189
96,0.05035971223021583,7.891499856457053
96,0.05755395683453238,16.543906981034873
96,0.06474820143884892,12.903040527911589
96,0.07194244604316546,13.305661742797932
96,0.07913669064748202,12.265799679341969
96,0.08633093525179857,16.838147921442822
96,0.09352517985611511,14.434459401920536
96,0.10071942446043167,14.83160695759996
96,0.10791366906474821,6.8863252339607355
96,0.11510791366906475,8.961258121340505
96,0.1223021582733813,5.73620495744066
96,0.12949640287769784,9.726549775402141
96,0.1366906474820144,12.744929105862843
96,0.14388489208633093,10.519611488259866
96,0.1510791366906475,23.398691787931817
96,0.15827338129496404,5.240041175776974
96,0.16546762589928057,16.662383220496256
96,0.17266187050359713,8.952507392829757
96,0.1798561151079137,11.970438930761734
96,0.18705035971223022,7.572320890326518
96,0.19424460431654678,18.802390114989453
96,0.20143884892086333,17.306844132449967
96,0.20863309352517986,21.046254720762704
96,0.21582733812949642,3.9466858907249724
96,0.22302158273381295,5.817010941998408
96,0.2302158273381295,12.427314698494733
96,0.23741007194244607,12.63350482268917
96,0.2446043165467626,11.877466196765107
96,0.2517985611510791,3.3723666764903686
96,0.2589928057553957,10.125101698126869
96,0.26618705035971224,5.754843655052733
96,0.2733812949640288,9.204212603117565
96,0.28057553956834536,10.477942902304182
96,0.28776978417266186,12.903943864384548
96,0.2949640287769784,9.19264867870396
96,0.302158273381295,11.184081274042752
96,0.30935251798561153,12.66302441268564
96,0.3165467625899281,2.3488681936092317
96,0.32374100719424465,5.40341317987942
96,0.33093525179856115,17.732120150409948
96,0.3381294964028777,14.453582448830565
96,0.34532374100719426,11.05832196942026
96,0.3525179856115108,6.757004754312144
96,0.3597122302158274,16.820662086111515
96,0.3669064748201439,4.130755735047818
96,0.37410071942446044,4.913396714697761
96,0.381294964028777,7.244004854839198
96,0.38848920863309355,6.719275464616065
96,0.3956834532374101,7.826499074455884
96,0.40287769784172667,11.736731525962389
96,0.41007194244604317,11.175936238051763
96,0.4172661870503597,6.8293756103334164
96,0.4244604316546763,4.673593188278497
96,0.43165467625899284,8.10627792903151
96,0.4388489208633094,7.776869583716934
96,0.4460431654676259,4.385530712204944
96,0.45323741007194246,6.330095796621192
96,0.460431654676259,18.890468847331647
96,0.4676258992805756,7.915046284150157
96,0.47482014388489213,15.196983038031728
96,0.48201438848920863,6.927965695561781
96,0.4892086330935252,10.501997746354645
96,0.49640287769784175,6.866430078634219
97,0.0,8.881784197001252e-16
97,0.00684931506849315,33.13542906038859
97,0.0136986301369863,25.121495991710848
97,0.02054794520547945,13.811488764350432
97,0.0273972602739726,11.719362692082269
97,0.03424657534246575,8.38077482794931
97,0.0410958904109589,15.297837770372379
97,0.04794520547945205,14.8523998164689
97,0.0547945205479452,13.261460328348504
97,0.06164383561643835,7.816558363188115
97,0.0684931506849315,3.8321782640358517
97,0.07534246575342465,10.86835578931668
97,0.0821917808219178,9.195304934832846
97,0.08904109589041095,20.251567785265546
97,0.0958904109589041,9.565539428328039
97,0.10273972602739725,13.782725080403285
97,0.1095890410958904,8.292617993081842
97,0.11643835616438356,9.751676813158753
97,0.1232876712328767,8.343485932773179
97,0.13013698630136986,11.465468413172529
97,0.136986301369863,7.704040643000489
97,0.14383561643835616,7.605324140496254
97,0.1506849315068493,11.394689725794928
97,0.15753424657534246,18.928049539576772
97,0.1643835616438356,9.349494018466178
97,0.17123287671232876,13.038955092389758
97,0.1780821917808219,5.153595846195587
97,0.18493150684931506,5.529007579135376
97,0.1917808219178082,13.331021097177135
97,0.19863013698630136,4.951725393682115
97,0.2054794520547945,7.315049183184092
97,0.21232876712328766,10.139840908045683
97,0.2191780821917808,7.04989764924491
97,0.22602739726027396,3.4591410460201053
97,0.2328767123287671,5.027873385222635
97,0.23972602739726026,14.351693833127294
97,0.2465753424657534,13.873673114797542
97,0.2534246575342466,14.76403508691886
97,0.2602739726027397,17.03984761616379
97,0.26712328767123283,14.847121245155375
97,0.273972602739726,6.69697337284762
97,0.2808219178082192,9.194296793358793
97,0.2876712328767123,17.712720511265776
97,0.29452054794520544,11.406813825271474
97,0.3013698630136986,13.754954759667061
97,0.3082191780821918,8.130342668227787
97,0.3150684931506849,10.051160529935238
97,0.32191780821917804,15.015776723948388
97,0.3287671232876712,7.7091885265299505
97,0.3356164383561644,10.621794866561425
97,0.3424657534246575,4.103396416365522
97,0.34931506849315064,9.067955540367638
97,0.3561643835616438,8.790719052125352
97,0.363013698630137,19.44955936675645
97,0.3698630136986301,10.532737166616716
97,0.37671232876712324,3.74493112881232
97,0.3835616438356164,4.993121648665382
97,0.3904109589041096,6.56844505712627
97,0.3972602739726027,2.2768166795506226
97,0.40410958904109584,16.27584693948723
97,0.410958904109589,26.818608704239498
97,0.4178082191780822,17.198340650612238
97,0.4246575342465753,10.059814633866562
97,0.43150684931506844,7.634577161789813
97,0.4383561643835616,9.575842072290083
97,0.4452054794520548,6.519563721059145
97,0.4520547945205479,12.155753540718468
97,0.45890410958904104,4.574601111814508
97,0.4657534246575342,1.8955238757370805
97,0.4726027397260274,6.644051349555125
97,0.4794520547945205,8.71431425688664
97,0.48630136986301364,9.634184477208823
97,0.4931506849315068,3.313107807477581
98,0.0,6.439293542825908e-15
98,0.007462686567164179,22.80211238656557
98,0.014925373134328358,29.614204541220573
98,0.022388059701492536,16.499744470678987
98,0.029850746268656716,13.240071281273663
98,0.03731343283582089,12.985709130078124
98,0.04477611940298507,9.58265014787145
98,0.05223880597014925,12.965932682115293
98,0.05970149253731343,5.372056294543901
98,0.06716417910447761,11.392776483515537
98,0.07462686567164178,9.397436202896227
98,0.08208955223880597,3.273914826429439
98,0.08955223880597014,7.785162541739785
98,0.09701492537313433,6.981132015545979
98,0.1044776119402985,12.513885055057587
98,0.11194029850746269,8.525958531181908
98,0.11940298507462686,16.48534839013458
98,0.12686567164179105,14.52765488332993
98,0.13432835820895522,14.886971307585624
98,0.1417910447761194,7.823740981290613
98,0.14925373134328357,19.789804817847525
98,0.15671641791044777,9.458156712808252
98,0.16417910447761194,17.160164635962158
98,0.17164179104477612,10.525073213667792
98,0.1791044776119403,11.989297984314835
98,0.18656716417910446,18.676501847980244
98,0.19402985074626866,9.952934234800702
98,0.20149253731343283,4.261901673483752
98,0.208955223880597,3.559679547146607
98,0.21641791044776118,9.396508456480026
98,0.22388059701492538,10.517458642447302
98,0.23134328358208955,3.8882531084377776
98,0.23880597014925373,10.678686922706683
98,0.2462686567164179,6.919475122253192
98,0.2537313432835821,12.834090464733595
98,0.26119402985074625,11.03046254007157
98,0.26865671641791045,14.783222480359983
98,0.27611940298507465,1.993515410538028
98,0.2835820895522388,13.083045409528332
98,0.291044776119403,10.439471386255315
98,0.29850746268656714,7.52401448578629
98,0.30597014925373134,11.383184963887063
98,0.31343283582089554,12.655347972367117
98,0.3208955223880597,5.6765525025676284
98,0.3283582089552239,10.249633431767727
98,0.33582089552238803,6.9571749539524514
98,0.34328358208955223,3.6015107263464157
98,0.35074626865671643,7.889570608116055
98,0.3582089552238806,14.042953879792803
98,0.3656716417910448,13.76479622905889
98,0.3731343283582089,16.019837059863082
98,0.3805970149253731,5.902645633219867
98,0.3880597014925373,8.26167124720874
98,0.39552238805970147,4.728775686080344
98,0.40298507462686567,4.5430397582886135
98,0.41044776119402987,1.485473987696047
98,0.417910447761194,10.182980325944119
98,0.4253731343283582,13.792458012075562
98,0.43283582089552236,3.784632622019981
98,0.44029850746268656,8.769868474417462
98,0.44776119402985076,8.74226345299053
98,0.4552238805970149,7.253908841864431
98,0.4626865671641791,17.764118379738502
98,0.47014925373134325,8.14867337710469
98,0.47761194029850745,11.214749858250086
98,0.48507462686567165,13.933603650611092
98,0.4925373134328358,7.272620917084585
99,0.0,1.0658141036401503e-14
99,0.0070921985815602835,30.40438984945261
99,0.014184397163120567,11.608169171203553
99,0.02127659574468085,14.504387646605245
99,0.028368794326241134,8.528511784456924
99,0.035460992907801414,18.457336580149846
99,0.0425531914893617,5.912838945506672
99,0.04964539007092199,14.895038746876702
99,0.05673758865248227,14.380249665694222
99,0.06382978723404255,11.59200198641459
99,0.07092198581560283,7.829045638210318
99,0.07801418439716312,8.316426642502925
99,0.0851063829787234,2.642061610179391
99,0.09219858156028368,11.231657939809917
99,0.09929078014184398,12.803921623196288
99,0.10638297872340426,4.558093243232501
99,0.11347517730496454,15.788674802702701
99,0.12056737588652482,0.4764665898845489
99,0.1276595744680851,9.050464338873459
99,0.1347517730496454,18.233021109528156
99,0.14184397163120566,16.93419208894452
99,0.14893617021276595,6.094633973705033
99,0.15602836879432624,2.4444879437011227
99,0.1631205673758865,2.9940559508856093
99,0.1702127659574468,3.561983282993056
99,0.1773049645390071,10.566919201585993
99,0.18439716312056736,6.6256761006751494
99,0.19148936170212766,13.566587710522473
99,0.19858156028368795,7.514141118325661
99,0.20567375886524822,9.240217126799038
99,0.2127659574468085,10.756771749758007
99,0.21985815602836878,6.504715720879984
99,0.22695035460992907,8.554049461988734
99,0.23404255319148937,1.8673730593157731
99,0.24113475177304963,9.251262800109345
99,0.24822695035460993,7.945291273098938
99,0.2553191489361702,0.6962770575314281
99,0.2624113475177305,3.661225935682862
99,0.2695035460992908,11.634164765996323
99,0.2765957446808511,7.826456193952557
99,0.2836879432624113,4.934070044700719
99,0.2907801418439716,11.24617422346754
99,0.2978723404255319,8.300398594123001
99,0.3049645390070922,5.486221473839015
99,0.3120567375886525,15.061328637386548
99,0.3191489361702128,26.276622968729164
99,0.326241134751773,25.097375229762054
99,0.3333333333333333,8.428363838396479
99,0.3404255319148936,9.452327298883375
99,0.3475177304964539,9.455127694362481
99,0.3546099290780142,10.638223554337285
99,0.36170212765957444,16.88824022236253
99,0.36879432624113473,6.475649079708085
99,0.375886524822695,11.127841156893043
99,0.3829787234042553,16.75705906031947
99,0.3900709219858156,14.425422265967764
99,0.3971631205673759,7.987628289444951
99,0.40425531914893614,6.959142133859544
99,0.41134751773049644,5.395213809385361
99,0.41843971631205673,6.579721703013304
99,0.425531914893617,11.84709981635076
99,0.4326241134751773,14.282688247259623
99,0.43971631205673756,7.789509769560166
99,0.44680851063829785,6.888613977865097
99,0.45390070921985815,6.821762219389821
99,0.46099290780141844,12.732821923949166
99,0.46808510638297873,12.256222919637779
99,0.47517730496453897,17.09278311927552
99,0.48226950354609927,1.9159985892744427
99,0.48936170212765956,17.158689296861503
99,0.49645390070921985,20.84286954161345
