sid,freq,power
0,0.0,8.881784197001252e-16
0,0.0064516129032258064,25.823000696857857
0,0.012903225806451613,13.034729078969312
0,0.01935483870967742,11.114304366815308
0,0.025806451612903226,15.80630590693044
0,0.03225806451612903,13.794909076363428
0,0.03870967741935484,16.91789797997123
0,0.04516129032258064,4.872741074328673
0,0.05161290322580645,5.842212681567972
0,0.05806451612903226,7.71151909159344
0,0.06451612903225806,13.618152128852286
0,0.07096774193548387,14.923382988807266
0,0.07741935483870968,19.19800238602151
0,0.08387096774193549,7.116167654730182
0,0.09032258064516129,23.3322808694752
0,0.0967741935483871,6.479237784298786
0,0.1032258064516129,9.114218283525533
0,0.10967741935483871,15.144678267809317
0,0.11612903225806452,5.975046391055486
0,0.12258064516129032,5.1208678008472965
0,0.12903225806451613,21.190382889457833
0,0.13548387096774195,14.397711574607774
0,0.14193548387096774,8.57315366293382
0,0.14838709677419354,7.99986875774853
0,0.15483870967741936,10.681586214379053
0,0.16129032258064516,4.38435181695085
0,0.16774193548387098,13.334938772387394
0,0.17419354838709677,14.6567850453406
0,0.18064516129032257,5.046956138942818
0,0.1870967741935484,18.853063061490342
0,0.1935483870967742,13.783989901867404
0,0.2,7.17943929687039
0,0.2064516129032258,3.688523032423859
0,0.2129032258064516,14.189464723254822
0,0.21935483870967742,13.543613391168535
0,0.22580645161290322,12.21164277964154
0,0.23225806451612904,5.847335123191133
0,0.23870967741935484,14.28997102450051
0,0.24516129032258063,12.81282620323154
0,0.25161290322580643,11.820358632003542
0,0.25806451612903225,4.177394495236628
0,0.2645161290322581,4.359283847771884
0,0.2709677419354839,10.403510107330055
0,0.27741935483870966,7.5333513568520685
0,0.2838709677419355,11.045432217631388
0,0.2903225806451613,8.903771458821081
0,0.2967741935483871,3.2529776858324073
0,0.3032258064516129,7.241210325785536
0,0.3096774193548387,9.199247958381438
0,0.3161290322580645,13.12540216370084
0,0.3225806451612903,11.771028570957652
0,0.32903225806451614,16.07396283145726
0,0.33548387096774196,2.8620442530420136
0,0.3419354838709677,20.337370337875907
0,0.34838709677419355,20.953987281369255
0,0.3548387096774194,15.350018798175903
0,0.36129032258064514,18.555398595094623
0,0.36774193548387096,3.522208939836456
0,0.3741935483870968,7.317551022426438
0,0.38064516129032255,15.657398725813028
0,0.3870967741935484,8.19786740836884
0,0.3935483870967742,10.36089465883996
0,0.4,10.82581480416162
0,0.4064516129032258,3.3406638529385404
0,0.4129032258064516,11.672707598523802
0,0.41935483870967744,12.934338706376913
0,0.4258064516129032,11.928794722841294
0,0.432258064516129,23.543712805101432
0,0.43870967741935485,19.087399786482543
0,0.44516129032258067,4.1138089924479075
0,0.45161290322580644,15.321714467041524
0,0.45806451612903226,5.652712120538416
0,0.4645161290322581,5.716676653581992
0,0.47096774193548385,5.114029538074694
0,0.4774193548387097,13.865557566925318
0,0.4838709677419355,4.507830115181541
0,0.49032258064516127,16.542865947818115
0,0.4967741935483871,4.56630739653455
1,0.0,2.6645352591003757e-14
1,0.006369426751592357,2.264737383313681
1,0.012738853503184714,6.655736605978209
1,0.019108280254777073,3.5647256152309663
1,0.025477707006369428,4.9251009941145405
1,0.03184713375796178,15.172634894575213
1,0.038216560509554146,26.273224144793108
1,0.0445859872611465,6.696758824629291
1,0.050955414012738856,4.369672433163269
1,0.05732484076433121,9.87834733821569
1,0.06369426751592357,6.243624688868838
1,0.07006369426751592,6.455277706496321
1,0.07643312101910829,20.41570786875047
1,0.08280254777070065,21.285810287976513
1,0.089171974522293,15.09169867822663
1,0.09554140127388536,23.046753210103116
1,0.10191082802547771,26.682540197810976
1,0.10828025477707007,6.460801224618543
1,0.11464968152866242,6.590267494603702
1,0.12101910828025478,6.065239979618461
1,0.12738853503184713,11.213148604578901
1,0.1337579617834395,4.575953860522143
1,0.14012738853503184,9.782631589834502
1,0.1464968152866242,6.993794183446348
1,0.15286624203821658,10.421512784269654
1,0.15923566878980894,25.15859652588395
1,0.1656050955414013,4.171559162046442
1,0.17197452229299365,4.014719919356064
1,0.178343949044586,11.107757151610018
1,0.18471337579617836,7.460515124813598
1,0.1910828025477707,4.699838946464781
1,0.19745222929936307,13.28921192172294
1,0.20382165605095542,18.96109963120923
1,0.21019108280254778,11.658262206253667
1,0.21656050955414013,10.907031696566692
1,0.2229299363057325,6.586254572799866
1,0.22929936305732485,10.204671184705617
1,0.2356687898089172,17.280162140579385
1,0.24203821656050956,4.285330061440601
1,0.2484076433121019,3.1569340940230908
1,0.25477707006369427,14.85650735386884
1,0.2611464968152866,23.38976421716703
1,0.267515923566879,2.8726531338643073
1,0.27388535031847133,2.373696382834696
1,0.2802547770700637,3.5031445549835043
1,0.28662420382165604,12.392265500613732
1,0.2929936305732484,19.26071244455721
1,0.29936305732484075,9.784750671520296
1,0.30573248407643316,17.290892944663284
1,0.3121019108280255,15.214592487044042
1,0.3184713375796179,5.285821792868633
1,0.32484076433121023,21.19855178622893
1,0.3312101910828026,11.86587348237103
1,0.33757961783439494,3.9734327721220692
1,0.3439490445859873,6.2992954598669435
1,0.35031847133757965,13.738975444992207
1,0.356687898089172,19.271029738108243
1,0.36305732484076436,12.872112320604405
1,0.3694267515923567,8.732236472048967
1,0.37579617834394907,4.229105723762853
1,0.3821656050955414,8.726271308520989
1,0.3885350318471338,6.93015076197928
1,0.39490445859872614,6.171727145078079
1,0.4012738853503185,10.23213487897325
1,0.40764331210191085,10.99308034569122
1,0.4140127388535032,15.322908885724493
1,0.42038216560509556,18.916843312068988
1,0.4267515923566879,11.60891475395544
1,0.43312101910828027,24.609490391976053
1,0.4394904458598726,7.885418526162958
1,0.445859872611465,13.979523236055742
1,0.45222929936305734,11.029785951868366
1,0.4585987261146497,2.7682937688485914
1,0.46496815286624205,6.85829431631768
1,0.4713375796178344,11.545628720761544
1,0.47770700636942676,11.23324134093282
1,0.4840764331210191,12.819727096041596
1,0.49044585987261147,5.656728473407906
1,0.4968152866242038,5.556812321627881
2,0.0,1.2434497875801753e-14
2,0.00641025641025641,16.08652885137477
2,0.01282051282051282,7.4429856130640655
2,0.019230769230769232,4.991630621496352
2,0.02564102564102564,18.441988831090192
2,0.03205128205128205,26.24492219946441
2,0.038461538461538464,13.297538887926947
2,0.04487179487179487,10.308235871003355
2,0.05128205128205128,6.90210762951334
2,0.05769230769230769,15.6456025668858
2,0.0641025641025641,4.526384988110222
2,0.07051282051282051,5.992961549243394
2,0.07692307692307693,3.2520748601704734
2,0.08333333333333333,21.83442065425547
2,0.08974358974358974,4.764740275843034
2,0.09615384615384615,7.286297237629425
2,0.10256410256410256,5.8658538936209705
2,0.10897435897435898,5.461604914502778
2,0.11538461538461538,15.540919069819168
2,0.12179487179487179,24.16465044561516
2,0.1282051282051282,4.981369977582672
2,0.1346153846153846,12.35837418036843
2,0.14102564102564102,10.345960331054664
2,0.14743589743589744,9.89273296065663
2,0.15384615384615385,8.667049456884474
2,0.16025641025641024,6.4684422576448535
2,0.16666666666666666,17.515209302985127
2,0.17307692307692307,16.71011825270993
2,0.1794871794871795,12.549743801177119
2,0.1858974358974359,10.495804026120153
2,0.1923076923076923,11.22211575983773
2,0.1987179487179487,9.650431043854613
2,0.20512820512820512,5.9629182126242055
2,0.21153846153846154,3.010344563112063
2,0.21794871794871795,12.792353805389421
2,0.22435897435897434,16.5286576423725
2,0.23076923076923075,10.250282496779226
2,0.23717948717948717,15.35346997291367
2,0.24358974358974358,6.519791763128163
2,0.25,4.302952301969374
2,0.2564102564102564,9.36418247991223
2,0.26282051282051283,6.255023890549862
2,0.2692307692307692,11.390899602431773
2,0.2756410256410256,18.48914858711129
2,0.28205128205128205,8.562044582812348
2,0.28846153846153844,25.29812048312992
2,0.2948717948717949,9.199598540692667
2,0.30128205128205127,3.607215205125092
2,0.3076923076923077,21.873503241603046
2,0.3141025641025641,11.743835392225899
2,0.3205128205128205,7.833401142864481
2,0.3269230769230769,2.8963918309157304
2,0.3333333333333333,16.276196312185487
2,0.33974358974358976,8.494295995041936
2,0.34615384615384615,18.160623146587124
2,0.35256410256410253,14.401341517066829
2,0.358974358974359,7.063427636441964
2,0.36538461538461536,15.390637993449651
2,0.3717948717948718,14.83742567817016
2,0.3782051282051282,12.344758919607127
2,0.3846153846153846,13.600314084739695
2,0.391025641025641,10.917671681953657
2,0.3974358974358974,7.370531046365624
2,0.40384615384615385,4.060298786368277
2,0.41025641025641024,3.0627939088578526
2,0.41666666666666663,10.34512373612563
2,0.4230769230769231,15.742268236296661
2,0.42948717948717946,18.76052501261347
2,0.4358974358974359,14.646466540862063
2,0.4423076923076923,10.23807531383798
2,0.4487179487179487,14.499752465049678
2,0.4551282051282051,5.110864112661351
2,0.4615384615384615,7.916461040614475
2,0.46794871794871795,6.365550114033743
2,0.47435897435897434,17.05696974266929
2,0.4807692307692307,15.287531394720695
2,0.48717948717948717,11.114907590125776
2,0.49358974358974356,10.905367355604465
3,0.0,3.552713678800501e-15
3,0.00625,11.232976029186869
3,0.0125,17.62191705353413
3,0.018750000000000003,10.30118997501956
3,0.025,10.925943683514744
3,0.03125,14.849254001978307
3,0.037500000000000006,14.816695076105244
3,0.043750000000000004,6.2777231535870195
3,0.05,8.473725390482329
3,0.05625,14.415270775979366
3,0.0625,3.7858671457079915
3,0.06875,15.06630340009098
3,0.07500000000000001,14.009046125786705
3,0.08125,10.223319690656227
3,0.08750000000000001,5.670009029996163
3,0.09375,2.897686253497815
3,0.1,8.897697692759548
3,0.10625000000000001,9.732305097683057
3,0.1125,9.599320285656804
3,0.11875000000000001,23.6549510626782
3,0.125,13.619211609435514
3,0.13125,5.108436402142237
3,0.1375,17.41982392972522
3,0.14375000000000002,19.818307976146205
3,0.15000000000000002,3.0161079825890234
3,0.15625,6.357792408534785
3,0.1625,1.7978103473374998
3,0.16875,11.367826749132863
3,0.17500000000000002,14.955874272733853
3,0.18125000000000002,8.858547347839583
3,0.1875,10.59554287030976
3,0.19375,13.91033233630623
3,0.2,5.370449732578535
3,0.20625000000000002,15.602689851802003
3,0.21250000000000002,14.395267563617853
3,0.21875,10.110009386123686
3,0.225,7.934174002741029
3,0.23125,9.015142764905113
3,0.23750000000000002,20.15384271939471
3,0.24375000000000002,20.110217146971745
3,0.25,5.4796639263924405
3,0.25625000000000003,8.450207862240438
3,0.2625,4.226257365389599
3,0.26875,2.457393378512867
3,0.275,17.871112413474147
3,0.28125,7.390959418708748
3,0.28750000000000003,1.648607475688065
3,0.29375,4.735317936917835
3,0.30000000000000004,16.463628414334977
3,0.30625,14.480702506491694
3,0.3125,4.09796861842329
3,0.31875000000000003,11.96161891296864
3,0.325,19.69978248275447
3,0.33125000000000004,17.458406357398506
3,0.3375,23.511718728631834
3,0.34375,15.899734846669334
3,0.35000000000000003,15.94028985507937
3,0.35625,10.851499701503611
3,0.36250000000000004,22.583549741185905
3,0.36875,18.690749678586883
3,0.375,12.092397796979634
3,0.38125000000000003,8.551394650320919
3,0.3875,11.567037841957799
3,0.39375000000000004,13.40222309544433
3,0.4,7.8180838887481805
3,0.40625,10.57658817024196
3,0.41250000000000003,13.556576677359118
3,0.41875,8.906100429492643
3,0.42500000000000004,19.256224871761273
3,0.43125,11.084774751384115
3,0.4375,10.13230287301577
3,0.44375000000000003,20.259490421350197
3,0.45,3.0557160170444266
3,0.45625000000000004,10.6158001991752
3,0.4625,13.343723431045227
3,0.46875,12.848354511747965
3,0.47500000000000003,9.937942765103239
3,0.48125,3.0199435995838644
3,0.48750000000000004,5.479660128046154
3,0.49375,15.360204520567303
4,0.0,1.84297022087776e-14
4,0.006369426751592357,24.149135216286982
4,0.012738853503184714,19.151549684191224
4,0.019108280254777073,5.12148682484418
4,0.025477707006369428,1.4320734359613976
4,0.03184713375796178,5.894886552174754
4,0.038216560509554146,6.392202573480829
4,0.0445859872611465,7.991805988883083
4,0.050955414012738856,12.499226433171419
4,0.05732484076433121,10.155661995393809
4,0.06369426751592357,24.023139776921656
4,0.07006369426751592,7.158120375868749
4,0.07643312101910829,14.760745008823442
4,0.08280254777070065,14.689100109366393
4,0.089171974522293,5.241387665655031
4,0.09554140127388536,12.767763022695132
4,0.10191082802547771,14.630718558846077
4,0.10828025477707007,8.292362047490045
4,0.11464968152866242,5.65316808670874
4,0.12101910828025478,13.978033757806925
4,0.12738853503184713,10.703545587037805
4,0.1337579617834395,3.7922971549183644
4,0.14012738853503184,10.402331220871057
4,0.1464968152866242,2.6065517497738555
4,0.15286624203821658,10.995793348055477
4,0.15923566878980894,5.037653281667984
4,0.1656050955414013,6.964593314778082
4,0.17197452229299365,13.136677253269553
4,0.178343949044586,6.427758446494857
4,0.18471337579617836,19.754791747827607
4,0.1910828025477707,2.4425712481025967
4,0.19745222929936307,25.95893710357975
4,0.20382165605095542,13.610975281573221
4,0.21019108280254778,6.2769215172924975
4,0.21656050955414013,9.613246531323206
4,0.2229299363057325,17.840129902251096
4,0.22929936305732485,12.017668680765022
4,0.2356687898089172,16.626425519465062
4,0.24203821656050956,11.79364255456796
4,0.2484076433121019,11.682381022119305
4,0.25477707006369427,6.320821748564836
4,0.2611464968152866,8.451782082861065
4,0.267515923566879,16.97913168297003
4,0.27388535031847133,3.8291706658987636
4,0.2802547770700637,10.984946498140145
4,0.28662420382165604,12.147371347128946
4,0.2929936305732484,16.982126498355903
4,0.29936305732484075,11.536386537761041
4,0.30573248407643316,8.74757125160186
4,0.3121019108280255,7.987386492341463
4,0.3184713375796179,14.404343283403458
4,0.32484076433121023,6.2244366151647705
4,0.3312101910828026,15.162805335431749
4,0.33757961783439494,6.677030630187285
4,0.3439490445859873,8.533469011343998
4,0.35031847133757965,17.119420083983798
4,0.356687898089172,15.864407599832104
4,0.36305732484076436,10.862983911460633
4,0.3694267515923567,8.355853199545619
4,0.37579617834394907,17.405672362803834
4,0.3821656050955414,15.945402695372465
4,0.3885350318471338,7.280440216963719
4,0.39490445859872614,22.774862576302798
4,0.4012738853503185,16.436875843479534
4,0.40764331210191085,9.002198925014032
4,0.4140127388535032,25.088259999909578
4,0.42038216560509556,10.492413646667352
4,0.4267515923566879,13.824727478280003
4,0.43312101910828027,11.545066434385333
4,0.4394904458598726,6.019030336901689
4,0.445859872611465,6.230888790617314
4,0.45222929936305734,12.104737498398698
4,0.4585987261146497,1.5346730838789149
4,0.46496815286624205,7.868717987097654
4,0.4713375796178344,11.86139681630681
4,0.47770700636942676,14.894605877118332
4,0.4840764331210191,15.314047215313787
4,0.49044585987261147,5.512095080924022
4,0.4968152866242038,10.12089818355183
5,0.0,6.439293542825908e-15
5,0.006289308176100629,18.203039128214677
5,0.012578616352201259,18.119631498270287
5,0.01886792452830189,19.887765391720322
5,0.025157232704402517,13.81085857526531
5,0.031446540880503145,7.129443547114408
5,0.03773584905660378,7.852010883021685
5,0.04402515723270441,3.745677998623102
5,0.050314465408805034,9.194208774244498
5,0.05660377358490566,5.3563518303375846
5,0.06289308176100629,21.81422528268558
5,0.06918238993710692,22.42745650246179
5,0.07547169811320756,8.339713007497156
5,0.08176100628930819,12.332715643240466
5,0.08805031446540881,9.981839309477502
5,0.09433962264150944,16.8626156275557
5,0.10062893081761007,4.88292156696782
5,0.1069182389937107,10.292425721702088
5,0.11320754716981132,26.70175354240601
5,0.11949685534591195,6.820121338521128
5,0.12578616352201258,13.296230557683714
5,0.1320754716981132,13.365268973801653
5,0.13836477987421383,3.34564824037905
5,0.14465408805031446,13.696444744565767
5,0.15094339622641512,14.186829954020823
5,0.15723270440251574,14.659475472885365
5,0.16352201257861637,2.9539476406876575
5,0.169811320754717,9.665775883938258
5,0.17610062893081763,5.033994145884417
5,0.18238993710691825,5.709891670134356
5,0.18867924528301888,8.283388375032137
5,0.1949685534591195,12.158917656496232
5,0.20125786163522014,11.296829926561745
5,0.20754716981132076,16.735727896352046
5,0.2138364779874214,16.43996713510343
5,0.22012578616352202,6.594043195051989
5,0.22641509433962265,14.139829788432975
5,0.23270440251572327,10.440277357055132
5,0.2389937106918239,15.200141121150864
5,0.24528301886792453,15.523266504935595
5,0.25157232704402516,14.370475877111483
5,0.2578616352201258,17.758046075405968
5,0.2641509433962264,15.49024202634755
5,0.27044025157232704,10.388189890562735
5,0.27672955974842767,13.276124181749458
5,0.2830188679245283,6.231400124500951
5,0.2893081761006289,11.87338647480269
5,0.29559748427672955,11.161527787151886
5,0.30188679245283023,8.447966314228434
5,0.30817610062893086,15.587864846259551
5,0.3144654088050315,6.9972306841210035
5,0.3207547169811321,5.41090044438635
5,0.32704402515723274,11.551757009424994
5,0.33333333333333337,8.227595127467414
5,0.339622641509434,12.71335675674322
5,0.3459119496855346,6.07859174450217
5,0.35220125786163525,10.538209939703817
5,0.3584905660377359,15.805116577548304
5,0.3647798742138365,9.27694514105763
5,0.37106918238993714,8.919289663217837
5,0.37735849056603776,2.9998572737924025
5,0.3836477987421384,18.50121098547228
5,0.389937106918239,22.039530212677114
5,0.39622641509433965,8.308772965551581
5,0.4025157232704403,21.919967514577017
5,0.4088050314465409,17.084159532493675
5,0.41509433962264153,8.299080997012169
5,0.42138364779874216,10.088972673910233
5,0.4276729559748428,15.791336736653822
5,0.4339622641509434,2.771014678085699
5,0.44025157232704404,10.272253194665094
5,0.44654088050314467,12.821350443898513
5,0.4528301886792453,9.17565385641762
5,0.4591194968553459,15.165737987535216
5,0.46540880503144655,8.404762952751957
5,0.4716981132075472,3.367859778211718
5,0.4779874213836478,8.268564385573239
5,0.48427672955974843,8.48280171499316
5,0.49056603773584906,5.954697105124773
5,0.4968553459119497,14.649034186445224
6,0.0,2.842170943040401e-14
6,0.006289308176100629,30.71387119370257
6,0.012578616352201259,13.041039392779338
6,0.01886792452830189,12.247867458350278
6,0.025157232704402517,6.2271713202128085
6,0.031446540880503145,20.065155099804425
6,0.03773584905660378,2.3163616647685905
6,0.04402515723270441,10.816741733406808
6,0.050314465408805034,15.572075668392884
6,0.05660377358490566,10.580177740481115
6,0.06289308176100629,5.486509989253857
6,0.06918238993710692,6.627885865612811
6,0.07547169811320756,5.006161511336815
6,0.08176100628930819,3.820342387129152
6,0.08805031446540881,13.167665578507288
6,0.09433962264150944,17.658457751125134
6,0.10062893081761007,12.292168384942245
6,0.1069182389937107,5.5003026336920815
6,0.11320754716981132,20.079698651806023
6,0.11949685534591195,8.022548693577917
6,0.12578616352201258,11.207953281431868
6,0.1320754716981132,2.5460918671489803
6,0.13836477987421383,11.437285084818395
6,0.14465408805031446,16.455248657373428
6,0.15094339622641512,2.5267711274965015
6,0.15723270440251574,3.199908353750384
6,0.16352201257861637,12.185348080310993
6,0.169811320754717,6.798605889263843
6,0.17610062893081763,9.451748991825161
6,0.18238993710691825,11.962663405847502
6,0.18867924528301888,14.25118373297628
6,0.1949685534591195,14.383924768675431
6,0.20125786163522014,3.614930835167928
6,0.20754716981132076,3.7673716455490913
6,0.2138364779874214,4.256532308898802
6,0.22012578616352202,10.574008695197525
6,0.22641509433962265,3.486027730807324
6,0.23270440251572327,11.018793514831627
6,0.2389937106918239,28.70234047698221
6,0.24528301886792453,7.382985484923508
6,0.25157232704402516,6.2737673183749525
6,0.2578616352201258,12.046413991299783
6,0.2641509433962264,9.00593200537988
6,0.27044025157232704,8.359636255848379
6,0.27672955974842767,3.781634370316895
6,0.2830188679245283,21.073426547306124
6,0.2893081761006289,12.391117561816083
6,0.29559748427672955,4.23360236141861
6,0.30188679245283023,11.100563436010805
6,0.30817610062893086,11.824174515629267
6,0.3144654088050315,21.091751390883246
6,0.3207547169811321,7.590012795273753
6,0.32704402515723274,7.83845171280029
6,0.33333333333333337,14.727272357930984
6,0.339622641509434,6.554777757483751
6,0.3459119496855346,10.966119707565328
6,0.35220125786163525,8.55462393186433
6,0.3584905660377359,1.643578350270017
6,0.3647798742138365,11.327707871488684
6,0.37106918238993714,7.877844277350438
6,0.37735849056603776,13.23000429072782
6,0.3836477987421384,14.40838279015
6,0.389937106918239,9.59453987305852
6,0.39622641509433965,11.568973973077883
6,0.4025157232704403,4.423233848578483
6,0.4088050314465409,19.782197619898437
6,0.41509433962264153,12.492313196200556
6,0.42138364779874216,13.214313176262726
6,0.4276729559748428,22.44192677223325
6,0.4339622641509434,8.775460537004655
6,0.44025157232704404,8.527516950958638
6,0.44654088050314467,9.172295415965694
6,0.4528301886792453,28.773681825196977
6,0.4591194968553459,26.603524476995712
6,0.46540880503144655,3.483360094062099
6,0.4716981132075472,6.541559015459556
6,0.4779874213836478,6.167934330939473
6,0.48427672955974843,10.729385767465487
6,0.49056603773584906,7.389572916207546
6,0.4968553459119497,18.164055136503332
7,0.0,1.3766765505351941e-14
7,0.006369426751592357,24.304101411428125
7,0.012738853503184714,22.35580176697004
7,0.019108280254777073,4.078353537739818
7,0.025477707006369428,1.3494753346270605
7,0.03184713375796178,3.1017240119852834
7,0.038216560509554146,6.855015242992964
7,0.0445859872611465,5.939853127624271
7,0.050955414012738856,4.105782467318733
7,0.05732484076433121,8.381589856941723
7,0.06369426751592357,1.7486135585074907
7,0.07006369426751592,8.073557291243866
7,0.07643312101910829,22.649795836707987
7,0.08280254777070065,11.780438692833592
7,0.089171974522293,3.853037397663291
7,0.09554140127388536,2.401217426487411
7,0.10191082802547771,7.519334312745407
7,0.10828025477707007,18.461137323017358
7,0.11464968152866242,9.528396790533437
7,0.12101910828025478,10.795147476981086
7,0.12738853503184713,8.087504598433535
7,0.1337579617834395,4.479904272110087
7,0.14012738853503184,9.661837089326479
7,0.1464968152866242,15.262999240123843
7,0.15286624203821658,12.34420429841905
7,0.15923566878980894,6.699252565938795
7,0.1656050955414013,7.883243521237782
7,0.17197452229299365,2.4104911848166037
7,0.178343949044586,11.315849692229046
7,0.18471337579617836,21.16238946528423
7,0.1910828025477707,12.042916922392152
7,0.19745222929936307,15.395983879843392
7,0.20382165605095542,11.798537943675461
7,0.21019108280254778,19.57652187575568
7,0.21656050955414013,15.511856089163317
7,0.2229299363057325,15.41857024368645
7,0.22929936305732485,15.64165671038452
7,0.2356687898089172,16.64113217144962
7,0.24203821656050956,4.55612832957551
7,0.2484076433121019,14.789611066752258
7,0.25477707006369427,11.836321016608732
7,0.2611464968152866,5.864326989666149
7,0.267515923566879,17.828607498126082
7,0.27388535031847133,25.640974373998628
7,0.2802547770700637,2.904761756834178
7,0.28662420382165604,16.57322158379654
7,0.2929936305732484,23.48666853534687
7,0.29936305732484075,6.078823485708945
7,0.30573248407643316,9.425671093141649
7,0.3121019108280255,2.415577943631416
7,0.3184713375796179,14.528123861087417
7,0.32484076433121023,5.821598544637237
7,0.3312101910828026,9.933034562839946
7,0.33757961783439494,9.089826483112855
7,0.3439490445859873,11.800017935813546
7,0.35031847133757965,8.570013543842265
7,0.356687898089172,4.646224546103885
7,0.36305732484076436,14.041148364205382
7,0.3694267515923567,8.26015316194703
7,0.37579617834394907,8.178011734326896
7,0.3821656050955414,12.067144360301558
7,0.3885350318471338,4.225810860679162
7,0.39490445859872614,8.261814458291248
7,0.4012738853503185,9.552485730157555
7,0.40764331210191085,11.442469278590732
7,0.4140127388535032,14.319464440177704
7,0.42038216560509556,15.65616931236724
7,0.4267515923566879,19.973386863106295
7,0.43312101910828027,25.277441761353057
7,0.4394904458598726,11.743607190735258
7,0.445859872611465,10.852207357872958
7,0.45222929936305734,8.792032904308638
7,0.4585987261146497,6.915398900745101
7,0.46496815286624205,20.5660655956566
7,0.4713375796178344,8.821866321571736
7,0.47770700636942676,8.030638990002839
7,0.4840764331210191,9.245338543860582
7,0.49044585987261147,12.261318889212195
7,0.4968152866242038,7.8473987316503395
8,0.0,1.865174681370263e-14
8,0.006289308176100629,12.705648263425422
8,0.012578616352201259,1.6165843488039213
8,0.01886792452830189,8.125514572691033
8,0.025157232704402517,10.30509292936757
8,0.031446540880503145,7.204143135821682
8,0.03773584905660378,6.039345120058508
8,0.04402515723270441,10.426729475109427
8,0.050314465408805034,15.542072653132411
8,0.05660377358490566,17.093626018134778
8,0.06289308176100629,7.4645122884969375
8,0.06918238993710692,8.063195994019248
8,0.07547169811320756,8.814117977404065
8,0.08176100628930819,11.157048314097096
8,0.08805031446540881,13.873748701496813
8,0.09433962264150944,4.116195859360456
8,0.10062893081761007,1.8582318592513936
8,0.1069182389937107,13.128382366675634
8,0.11320754716981132,9.928905795640306
8,0.11949685534591195,3.5959507832008337
8,0.12578616352201258,7.256615878560275
8,0.1320754716981132,7.9808014537028695
8,0.13836477987421383,4.6629084116766695
8,0.14465408805031446,18.734962800928063
8,0.15094339622641512,16.578884860269913
8,0.15723270440251574,26.959012687753248
8,0.16352201257861637,7.507593525351094
8,0.169811320754717,8.641709857733817
8,0.17610062893081763,3.5319918998486437
8,0.18238993710691825,6.72785111511108
8,0.18867924528301888,8.275376096372606
8,0.1949685534591195,10.402276983656924
8,0.20125786163522014,5.407914704182355
8,0.20754716981132076,8.190295091193095
8,0.2138364779874214,16.017046899250005
8,0.22012578616352202,9.899362598662997
8,0.22641509433962265,5.62434280764327
8,0.23270440251572327,12.971596196745043
8,0.2389937106918239,30.15925335204527
8,0.24528301886792453,5.239217833573996
8,0.25157232704402516,11.552197145502145
8,0.2578616352201258,7.090427711362108
8,0.2641509433962264,14.451438260918211
8,0.27044025157232704,12.525679997246478
8,0.27672955974842767,9.04447358906682
8,0.2830188679245283,9.059633520792996
8,0.2893081761006289,11.965119671478979
8,0.29559748427672955,18.087369418504675
8,0.30188679245283023,2.3828722549343886
8,0.30817610062893086,6.252907535194394
8,0.3144654088050315,19.39437617258497
8,0.3207547169811321,17.794139386101904
8,0.32704402515723274,24.67411092765377
8,0.33333333333333337,16.28473748921919
8,0.339622641509434,6.842337147068881
8,0.3459119496855346,15.55615616728135
8,0.35220125786163525,19.003593323599393
8,0.3584905660377359,8.416922037058576
8,0.3647798742138365,9.442085427623807
8,0.37106918238993714,7.1315563278747085
8,0.37735849056603776,24.814826077197228
8,0.3836477987421384,30.324062672343512
8,0.389937106918239,7.728858213590814
8,0.39622641509433965,5.841996342998276
8,0.4025157232704403,10.270617787035553
8,0.4088050314465409,2.6970585728607817
8,0.41509433962264153,9.169896709811809
8,0.42138364779874216,7.931211906732856
8,0.4276729559748428,18.527783246707173
8,0.4339622641509434,5.944971683398649
8,0.44025157232704404,4.451088890895068
8,0.44654088050314467,20.670074378080667
8,0.4528301886792453,7.084549413081419
8,0.4591194968553459,10.97610839325148
8,0.46540880503144655,10.520204329498714
8,0.4716981132075472,7.2616329213251385
8,0.4779874213836478,11.705182954636122
8,0.48427672955974843,9.454768881906142
8,0.49056603773584906,13.981900274852823
8,0.4968553459119497,13.532048214108144
9,0.0,1.1102230246251565e-14
9,0.006535947712418301,1.3636885935971674
9,0.013071895424836602,22.63017700964518
9,0.0196078431372549,4.505667873981652
9,0.026143790849673203,12.90465454028565
9,0.032679738562091505,6.957031273443374
9,0.0392156862745098,8.012720311748318
9,0.04575163398692811,4.685058857198185
9,0.05228758169934641,14.226964977077897
9,0.058823529411764705,15.590776011461665
9,0.06535947712418301,15.755419621672463
9,0.07189542483660132,7.057880418236723
9,0.0784313725490196,12.578504514717345
9,0.08496732026143791,18.19025133680016
9,0.09150326797385622,13.544748065008756
9,0.09803921568627451,3.411694072386934
9,0.10457516339869281,4.734234550564039
9,0.11111111111111112,8.542454638979313
9,0.11764705882352941,11.485968599727356
9,0.12418300653594772,14.305185434173056
9,0.13071895424836602,10.826147642772094
9,0.13725490196078433,9.364637309589009
9,0.14379084967320263,9.457332606993106
9,0.1503267973856209,12.88528216056261
9,0.1568627450980392,9.488747640934648
9,0.16339869281045752,23.41851806612268
9,0.16993464052287582,19.866924100808717
9,0.17647058823529413,7.334803572351904
9,0.18300653594771243,9.22805427759201
9,0.1895424836601307,13.912498894610506
9,0.19607843137254902,9.591404979559774
9,0.20261437908496732,4.829321985332351
9,0.20915032679738563,6.873532450934892
9,0.21568627450980393,14.925523811861787
9,0.22222222222222224,10.290574980182695
9,0.22875816993464054,5.53930637437942
9,0.23529411764705882,7.2811522202919905
9,0.24183006535947713,3.4529327566500645
9,0.24836601307189543,15.117076220953537
9,0.2549019607843137,4.735505208513252
9,0.26143790849673204,14.255175313119043
9,0.2679738562091503,12.716769924680126
9,0.27450980392156865,9.169671993401808
9,0.28104575163398693,16.002622387790886
9,0.28758169934640526,13.085473741428464
9,0.29411764705882354,12.890760789118708
9,0.3006535947712418,14.553894899223899
9,0.30718954248366015,7.165248205387033
9,0.3137254901960784,14.872641589689792
9,0.32026143790849676,10.013882188891195
9,0.32679738562091504,16.803535632427888
9,0.33333333333333337,15.607942580129643
9,0.33986928104575165,18.171015359729548
9,0.3464052287581699,14.61130720838724
9,0.35294117647058826,16.15501922171752
9,0.35947712418300654,9.69802735708043
9,0.36601307189542487,17.676480668536634
9,0.37254901960784315,6.60383465527703
9,0.3790849673202614,17.597488798348753
9,0.38562091503267976,5.389146362451058
9,0.39215686274509803,9.181706061336145
9,0.39869281045751637,18.32776563615884
9,0.40522875816993464,2.0493319550215094
9,0.411764705882353,7.889061425523646
9,0.41830065359477125,15.351350186273
9,0.42483660130718953,22.353218759205713
9,0.43137254901960786,10.916822655108758
9,0.43790849673202614,19.044829690543445
9,0.4444444444444445,5.259121736020389
9,0.45098039215686275,8.176259968792358
9,0.4575163398692811,7.167564719976775
9,0.46405228758169936,20.64954751630681
9,0.47058823529411764,9.111942512925163
9,0.477124183006536,8.093360211734325
9,0.48366013071895425,8.260684794797639
9,0.4901960784313726,1.8754020411364425
9,0.49673202614379086,10.12761421451881
10,0.0,1.1546319456101628e-14
10,0.00641025641025641,13.763181437907175
10,0.01282051282051282,2.7784690040586484
10,0.019230769230769232,11.524604465775225
10,0.02564102564102564,3.416996953852452
10,0.03205128205128205,24.944680347387752
10,0.038461538461538464,9.294902065758707
10,0.04487179487179487,7.5551497486934425
10,0.05128205128205128,11.593596735157234
10,0.05769230769230769,25.35320041543525
10,0.0641025641025641,6.0339188083719195
10,0.07051282051282051,10.448452285647779
10,0.07692307692307693,19.85616469568079
10,0.08333333333333333,1.7246886699112147
10,0.08974358974358974,17.81947750377496
10,0.09615384615384615,5.846526424893944
10,0.10256410256410256,2.4164469922511533
10,0.10897435897435898,13.49993820987554
10,0.11538461538461538,4.596464046266559
10,0.12179487179487179,10.093171359167773
10,0.1282051282051282,17.673898389790207
10,0.1346153846153846,10.392486175862931
10,0.14102564102564102,5.804790910746511
10,0.14743589743589744,8.033453864429065
10,0.15384615384615385,7.7076643814186685
10,0.16025641025641024,23.450034239220464
10,0.16666666666666666,16.160345572255068
10,0.17307692307692307,17.920425559445167
10,0.1794871794871795,17.295351261982002
10,0.1858974358974359,8.754516400491877
10,0.1923076923076923,3.013820427139301
10,0.1987179487179487,13.000115097198922
10,0.20512820512820512,9.980978300072332
10,0.21153846153846154,9.821441567305213
10,0.21794871794871795,6.997328033397711
10,0.22435897435897434,8.150509948837742
10,0.23076923076923075,17.74222675282666
10,0.23717948717948717,13.613018845431665
10,0.24358974358974358,17.191965523987655
10,0.25,12.811389448027425
10,0.2564102564102564,13.030226985411726
10,0.26282051282051283,11.933554092512841
10,0.2692307692307692,12.204184700433128
10,0.2756410256410256,6.092659505459067
10,0.28205128205128205,7.270008201025392
10,0.28846153846153844,5.6315251323609745
10,0.2948717948717949,25.71584004734699
10,0.30128205128205127,14.716377265593472
10,0.3076923076923077,15.973416780615336
10,0.3141025641025641,13.85831651130494
10,0.3205128205128205,6.48746771729085
10,0.3269230769230769,13.377665312263703
10,0.3333333333333333,5.68978415547383
10,0.33974358974358976,7.942397371353846
10,0.34615384615384615,8.105015916686797
10,0.35256410256410253,15.465756734064957
10,0.358974358974359,19.73577679888166
10,0.36538461538461536,10.060295930168502
10,0.3717948717948718,11.168518918266724
10,0.3782051282051282,14.675954738278048
10,0.3846153846153846,8.905314508594511
10,0.391025641025641,1.726074153893202
10,0.3974358974358974,13.541707071370153
10,0.40384615384615385,14.03002633980137
10,0.41025641025641024,14.003560320835012
10,0.41666666666666663,9.285376271990794
10,0.4230769230769231,13.173311005410293
10,0.42948717948717946,8.97092582408179
10,0.4358974358974359,9.977122537603304
10,0.4423076923076923,14.129526292922877
10,0.4487179487179487,3.1999578003917493
10,0.4551282051282051,12.841516584361795
10,0.4615384615384615,15.1392845605301
10,0.46794871794871795,7.610910456404099
10,0.47435897435897434,8.04398404672464
10,0.4807692307692307,9.559189826063736
10,0.48717948717948717,10.904218025915744
10,0.49358974358974356,8.66039137453059
11,0.0,6.8833827526759706e-15
11,0.006369426751592357,10.323196438866635
11,0.012738853503184714,24.66451402811912
11,0.019108280254777073,19.716618252005077
11,0.025477707006369428,10.385378448830581
11,0.03184713375796178,12.365247346411568
11,0.038216560509554146,9.68058907803157
11,0.0445859872611465,16.76267443402638
11,0.050955414012738856,9.544564198924556
11,0.05732484076433121,5.310874426654669
11,0.06369426751592357,10.05385857718297
11,0.07006369426751592,4.50815683101484
11,0.07643312101910829,18.725086967480014
11,0.08280254777070065,6.87244969436341
11,0.089171974522293,13.666794777647183
11,0.09554140127388536,6.048801440571226
11,0.10191082802547771,14.406916514794178
11,0.10828025477707007,14.485276297861901
11,0.11464968152866242,24.078516308108803
11,0.12101910828025478,13.572900966575007
11,0.12738853503184713,14.065198905399717
11,0.1337579617834395,17.651907179971104
11,0.14012738853503184,2.374659247070387
11,0.1464968152866242,17.305407137810732
11,0.15286624203821658,5.822770504670262
11,0.15923566878980894,4.596838188923657
11,0.1656050955414013,15.72688052293644
11,0.17197452229299365,5.731020453066715
11,0.178343949044586,19.767479991298575
11,0.18471337579617836,3.1019439617219575
11,0.1910828025477707,10.920805465035775
11,0.19745222929936307,7.954237325304609
11,0.20382165605095542,6.531442529329137
11,0.21019108280254778,16.619301133214854
11,0.21656050955414013,13.630465370471146
11,0.2229299363057325,3.48059829428063
11,0.22929936305732485,19.919299503362762
11,0.2356687898089172,13.829257549694695
11,0.24203821656050956,5.204679058268223
11,0.2484076433121019,8.69992389185466
11,0.25477707006369427,12.75975154519275
11,0.2611464968152866,2.4285051236993995
11,0.267515923566879,8.341629140736327
11,0.27388535031847133,7.31543775106265
11,0.2802547770700637,10.6532174721472
11,0.28662420382165604,7.909365817158665
11,0.2929936305732484,11.105813318486092
11,0.29936305732484075,12.148229914890715
11,0.30573248407643316,10.562217160066504
11,0.3121019108280255,14.129042308301893
11,0.3184713375796179,4.619439016141321
11,0.32484076433121023,8.22825821828609
11,0.3312101910828026,8.647051886627166
11,0.33757961783439494,11.414059415926639
11,0.3439490445859873,10.294390607465601
11,0.35031847133757965,19.12510921105644
11,0.356687898089172,3.796861563480564
11,0.36305732484076436,18.922018851426838
11,0.3694267515923567,4.228151727392582
11,0.37579617834394907,25.666006041059365
11,0.3821656050955414,19.407583021873943
11,0.3885350318471338,3.6709268070526053
11,0.39490445859872614,9.344942579642035
11,0.4012738853503185,12.750815971647224
11,0.40764331210191085,13.85637125996368
11,0.4140127388535032,6.812568602059686
11,0.42038216560509556,6.661828596917694
11,0.4267515923566879,9.337125158674477
11,0.43312101910828027,4.387881300568797
11,0.4394904458598726,20.543451142972067
11,0.445859872611465,16.923120084238334
11,0.45222929936305734,5.115029301595898
11,0.4585987261146497,12.811262340496189
11,0.46496815286624205,13.787343054047952
11,0.4713375796178344,6.036449575415016
11,0.47770700636942676,15.28725218634082
11,0.4840764331210191,9.542604246533859
11,0.49044585987261147,1.1654011935162572
11,0.4968152866242038,16.00987672507148
12,0.0,1.7763568394002505e-15
12,0.00641025641025641,4.187945276815506
12,0.01282051282051282,13.72151447801218
12,0.019230769230769232,12.429877718047988
12,0.02564102564102564,15.420393506058053
12,0.03205128205128205,13.605427609653018
12,0.038461538461538464,0.23341912160623626
12,0.04487179487179487,17.508268099421368
12,0.05128205128205128,14.979659635479548
12,0.05769230769230769,4.551174500874372
12,0.0641025641025641,1.7400029218837492
12,0.07051282051282051,11.84001376045005
12,0.07692307692307693,6.519383079397115
12,0.08333333333333333,3.3392660899127313
12,0.08974358974358974,18.827654164269426
12,0.09615384615384615,15.977192609700564
12,0.10256410256410256,5.434519652433636
12,0.10897435897435898,16.800264818889623
12,0.11538461538461538,5.74376840140596
12,0.12179487179487179,4.312424124820646
12,0.1282051282051282,11.696064992881038
12,0.1346153846153846,3.5852564910871227
12,0.14102564102564102,6.873776714951247
12,0.14743589743589744,2.522058870537717
12,0.15384615384615385,4.405867861742085
12,0.16025641025641024,6.343097824567213
12,0.16666666666666666,11.119822082823255
12,0.17307692307692307,16.111104024643776
12,0.1794871794871795,7.756300461493617
12,0.1858974358974359,0.2727526126867626
12,0.1923076923076923,7.0927105556505925
12,0.1987179487179487,5.484283217081763
12,0.20512820512820512,10.322799562940839
12,0.21153846153846154,23.368684927431726
12,0.21794871794871795,21.34856563518483
12,0.22435897435897434,9.136104124884115
12,0.23076923076923075,6.8962804236999
12,0.23717948717948717,0.8273009141792796
12,0.24358974358974358,10.58757936782086
12,0.25,20.443605966430052
12,0.2564102564102564,17.216027235657915
12,0.26282051282051283,19.707698682631833
12,0.2692307692307692,16.029841333402988
12,0.2756410256410256,14.085680558543364
12,0.28205128205128205,14.62317536016448
12,0.28846153846153844,13.725796585640785
12,0.2948717948717949,7.905826258054258
12,0.30128205128205127,14.421474398433185
12,0.3076923076923077,13.399037898507636
12,0.3141025641025641,7.750813343408678
12,0.3205128205128205,15.610348531361854
12,0.3269230769230769,27.40846549802409
12,0.3333333333333333,16.806721125492242
12,0.33974358974358976,10.553635806407625
12,0.34615384615384615,10.295511233468785
12,0.35256410256410253,10.16159623070058
12,0.358974358974359,8.715433649908805
12,0.36538461538461536,16.489683677459023
12,0.3717948717948718,1.1590013002734219
12,0.3782051282051282,7.600123799440303
12,0.3846153846153846,3.8053934033781793
12,0.391025641025641,16.511695459413325
12,0.3974358974358974,5.7521750246100805
12,0.40384615384615385,6.966041147481785
12,0.41025641025641024,20.784849769499175
12,0.41666666666666663,12.617471781547847
12,0.4230769230769231,8.205173296060737
12,0.42948717948717946,10.505303456864883
12,0.4358974358974359,11.190484798563926
12,0.4423076923076923,8.2413290482729
12,0.4487179487179487,17.13922407570842
12,0.4551282051282051,6.146164752215462
12,0.4615384615384615,14.438038996942232
12,0.46794871794871795,18.56355736009798
12,0.47435897435897434,14.943021993578894
12,0.4807692307692307,12.827789027396124
12,0.48717948717948717,2.0115944187356085
12,0.49358974358974356,13.441879484077134
13,0.0,5.329070518200751e-15
13,0.006172839506172839,7.639864124702396
13,0.012345679012345678,18.78875752130291
13,0.018518518518518517,8.56940541092401
13,0.024691358024691357,7.063833000127186
13,0.030864197530864196,8.96765547469076
13,0.037037037037037035,5.415004808517279
13,0.043209876543209874,9.971013659748863
13,0.04938271604938271,2.3540022047816143
13,0.05555555555555555,16.20512592841326
13,0.06172839506172839,7.566837079017275
13,0.06790123456790123,19.381018979815792
13,0.07407407407407407,24.1637636791043
13,0.08024691358024691,13.335642659526549
13,0.08641975308641975,11.97096849937239
13,0.09259259259259259,14.137392002901779
13,0.09876543209876543,10.747845788912034
13,0.10493827160493827,13.161861401091569
13,0.1111111111111111,7.125791536570436
13,0.11728395061728394,6.700335477189649
13,0.12345679012345678,14.158676797190333
13,0.12962962962962962,7.823724284760134
13,0.13580246913580246,5.764972753930168
13,0.1419753086419753,2.5864139562493875
13,0.14814814814814814,20.437398281320785
13,0.15432098765432098,12.305241925625031
13,0.16049382716049382,20.803015063090594
13,0.16666666666666666,15.387219280829859
13,0.1728395061728395,18.844589511906243
13,0.17901234567901234,9.175389458778538
13,0.18518518518518517,16.37700568902092
13,0.19135802469135801,19.138981015514087
13,0.19753086419753085,19.318953083090044
13,0.2037037037037037,7.186072366593888
13,0.20987654320987653,2.034762318660219
13,0.21604938271604937,7.818836319505691
13,0.2222222222222222,20.558517769380646
13,0.22839506172839505,10.325800087534539
13,0.2345679012345679,14.030859534380824
13,0.24074074074074073,12.455383265281741
13,0.24691358024691357,4.791420332643211
13,0.25308641975308643,16.197125990244142
13,0.25925925925925924,12.576319637560065
13,0.26543209876543206,4.463926166966221
13,0.2716049382716049,27.24312488447449
13,0.2777777777777778,3.444034987944139
13,0.2839506172839506,18.303284670626063
13,0.2901234567901234,9.339102023663845
13,0.2962962962962963,15.007045558643995
13,0.30246913580246915,15.50577996590512
13,0.30864197530864196,12.496515556058144
13,0.31481481481481477,5.394954126621145
13,0.32098765432098764,15.693010642382973
13,0.3271604938271605,9.006812181891675
13,0.3333333333333333,12.639121008066926
13,0.3395061728395061,8.321852936456647
13,0.345679012345679,5.239947159421931
13,0.35185185185185186,18.81596327621365
13,0.35802469135802467,9.373902358120366
13,0.3641975308641975,6.757227292220467
13,0.37037037037037035,8.592732366707333
13,0.3765432098765432,1.667935055567287
13,0.38271604938271603,3.1934155090947542
13,0.38888888888888884,7.4849175057250426
13,0.3950617283950617,18.528739518740004
13,0.4012345679012346,7.586119373843657
13,0.4074074074074074,4.540604836857301
13,0.4135802469135802,1.734740400982171
13,0.41975308641975306,6.4300457901345975
13,0.42592592592592593,2.908005107198285
13,0.43209876543209874,12.060066992992667
13,0.43827160493827155,9.125136911562333
13,0.4444444444444444,7.502810178099068
13,0.4506172839506173,12.55033431255137
13,0.4567901234567901,17.900699942508187
13,0.4629629629629629,9.574795951696922
13,0.4691358024691358,20.631043559327267
13,0.47530864197530864,19.125521087708524
13,0.48148148148148145,7.147963604055458
13,0.48765432098765427,13.145326900300539
13,0.49382716049382713,3.34636530251664
14,0.0,2.7533531010703882e-14
14,0.006329113924050633,10.962551419091689
14,0.012658227848101266,5.667097802594326
14,0.0189873417721519,20.098567327889175
14,0.02531645569620253,17.780212992352944
14,0.03164556962025317,3.70542684174693
14,0.0379746835443038,10.51129481729117
14,0.04430379746835443,5.989299020306299
14,0.05063291139240506,10.476224876339549
14,0.056962025316455694,16.974574525554036
14,0.06329113924050633,13.50072431333649
14,0.06962025316455696,18.58327719757297
14,0.0759493670886076,16.255313171877376
14,0.08227848101265822,18.824955207743457
14,0.08860759493670886,16.60066251093596
14,0.09493670886075949,5.571701295735857
14,0.10126582278481013,5.5472205550656595
14,0.10759493670886076,7.69553740876139
14,0.11392405063291139,8.34125295712237
14,0.12025316455696203,10.887948200700626
14,0.12658227848101267,13.062424042878614
14,0.13291139240506328,5.067137583158997
14,0.13924050632911392,5.808305307830292
14,0.14556962025316456,8.132456271059086
14,0.1518987341772152,10.214450332314655
14,0.15822784810126583,12.970294891868956
14,0.16455696202531644,15.615053138088228
14,0.17088607594936708,11.694375449703879
14,0.17721518987341772,3.432843653151159
14,0.18354430379746836,11.351218967933194
14,0.18987341772151897,17.026203730872925
14,0.1962025316455696,6.7620046315506634
14,0.20253164556962025,8.793058097698912
14,0.2088607594936709,15.561126046043416
14,0.21518987341772153,9.237431326782996
14,0.22151898734177214,5.5814328443534045
14,0.22784810126582278,12.465238683203253
14,0.23417721518987342,9.417517593524575
14,0.24050632911392406,6.0752295366060185
14,0.24683544303797467,7.55662647833585
14,0.25316455696202533,1.6548491154621128
14,0.25949367088607594,9.509506052272855
14,0.26582278481012656,14.607955386084514
14,0.2721518987341772,12.621280985780134
14,0.27848101265822783,14.631059851810823
14,0.2848101265822785,13.282038327491724
14,0.2911392405063291,4.526697720386472
14,0.2974683544303797,2.171474357520724
14,0.3037974683544304,20.491326297088474
14,0.310126582278481,13.828432246885523
14,0.31645569620253167,4.57345909438654
14,0.3227848101265823,3.163604296747134
14,0.3291139240506329,14.567190745433791
14,0.33544303797468356,20.050232740138078
14,0.34177215189873417,7.32023503681728
14,0.3481012658227848,2.7368359686810875
14,0.35443037974683544,17.80548067647244
14,0.36075949367088606,21.313820115501294
14,0.3670886075949367,18.460083078787346
14,0.37341772151898733,11.401771437040404
14,0.37974683544303794,14.822989095497904
14,0.3860759493670886,18.459829521286355
14,0.3924050632911392,18.283215328158057
14,0.3987341772151899,19.442684253853603
14,0.4050632911392405,10.912507687955321
14,0.4113924050632911,6.10460676934654
14,0.4177215189873418,12.96580038576502
14,0.4240506329113924,17.932890645275517
14,0.43037974683544306,8.948927060424982
14,0.43670886075949367,21.317230869223895
14,0.4430379746835443,3.5982647705248767
14,0.44936708860759494,7.175413048093334
14,0.45569620253164556,9.911164521387319
14,0.4620253164556962,23.442513476322492
14,0.46835443037974683,5.123795776136215
14,0.47468354430379744,10.047296960522171
14,0.4810126582278481,7.946886183909026
14,0.4873417721518987,13.14199636023724
14,0.49367088607594933,7.985456198613332
15,0.0,2.842170943040401e-14
15,0.006329113924050633,21.86438696600244
15,0.012658227848101266,11.330250895333881
15,0.0189873417721519,11.665460007470424
15,0.02531645569620253,7.593765947468485
15,0.03164556962025317,19.70958767592316
15,0.0379746835443038,12.484328838135918
15,0.04430379746835443,4.587667458826432
15,0.05063291139240506,16.27006280232587
15,0.056962025316455694,13.079885308912099
15,0.06329113924050633,8.522194547620668
15,0.06962025316455696,4.683525382219929
15,0.0759493670886076,4.102537488252326
15,0.08227848101265822,9.46334019078854
15,0.08860759493670886,17.697524986995855
15,0.09493670886075949,18.56809578222163
15,0.10126582278481013,13.936522404730715
15,0.10759493670886076,8.113390353062183
15,0.11392405063291139,1.6579712066802355
15,0.12025316455696203,16.049495916745297
15,0.12658227848101267,21.66970573659966
15,0.13291139240506328,4.138198294156336
15,0.13924050632911392,1.826293448792815
15,0.14556962025316456,9.682462890309134
15,0.1518987341772152,7.189862985932006
15,0.15822784810126583,6.181838131879365
15,0.16455696202531644,4.985496484536836
15,0.17088607594936708,1.5139028669011412
15,0.17721518987341772,3.2531335021409067
15,0.18354430379746836,7.125129340379391
15,0.18987341772151897,10.483043403656685
15,0.1962025316455696,13.430745008003433
15,0.20253164556962025,4.208255237817178
15,0.2088607594936709,10.928327018869131
15,0.21518987341772153,6.138718290146688
15,0.22151898734177214,18.195859504583783
15,0.22784810126582278,1.892386834514349
15,0.23417721518987342,13.573843528794244
15,0.24050632911392406,6.729330990099657
15,0.24683544303797467,4.306358012923229
15,0.25316455696202533,15.878522482962405
15,0.25949367088607594,31.240515413874697
15,0.26582278481012656,18.604279352682454
15,0.2721518987341772,21.204799002198584
15,0.27848101265822783,9.427482910671678
15,0.2848101265822785,1.4025799788899047
15,0.2911392405063291,16.343531817267408
15,0.2974683544303797,17.806282780533724
15,0.3037974683544304,4.602642857652458
15,0.310126582278481,13.96589126428753
15,0.31645569620253167,14.408902855905495
15,0.3227848101265823,16.268349245117797
15,0.3291139240506329,14.0799359223233
15,0.33544303797468356,9.008456025675775
15,0.34177215189873417,24.677296721855413
15,0.3481012658227848,8.647985118182632
15,0.35443037974683544,14.768529231865529
15,0.36075949367088606,11.01024438700538
15,0.3670886075949367,13.229735004050122
15,0.37341772151898733,20.74133737365587
15,0.37974683544303794,12.356889999880451
15,0.3860759493670886,14.108787271782647
15,0.3924050632911392,15.626110540568563
15,0.3987341772151899,12.129280385946927
15,0.4050632911392405,11.972356825289879
15,0.4113924050632911,7.3266708586953255
15,0.4177215189873418,7.658840362088335
15,0.4240506329113924,23.47074666142685
15,0.43037974683544306,7.285206861426031
15,0.43670886075949367,9.478826792590745
15,0.4430379746835443,6.805059898221737
15,0.44936708860759494,8.908590773278572
15,0.45569620253164556,8.637114808521074
15,0.4620253164556962,1.1390168612000655
15,0.46835443037974683,6.683370711155784
15,0.47468354430379744,8.995717852669276
15,0.4810126582278481,5.9208715397262255
15,0.4873417721518987,6.605852417013116
15,0.49367088607594933,2.7861301529657854
16,0.0,1.6209256159527285e-14
16,0.006369426751592357,18.811601028467113
16,0.012738853503184714,2.7157968785759086
16,0.019108280254777073,14.001372954645937
16,0.025477707006369428,14.472870804419385
16,0.03184713375796178,20.568069441742065
16,0.038216560509554146,20.483042018401584
16,0.0445859872611465,12.0822230261409
16,0.050955414012738856,14.140793677551214
16,0.05732484076433121,16.358658660868485
16,0.06369426751592357,4.194555975547014
16,0.07006369426751592,1.7795178521834651
16,0.07643312101910829,7.654797576536317
16,0.08280254777070065,8.723372712671281
16,0.089171974522293,10.241868159167309
16,0.09554140127388536,10.231982044777343
16,0.10191082802547771,11.971880512793964
16,0.10828025477707007,9.44621794438519
16,0.11464968152866242,2.934441091463245
16,0.12101910828025478,11.374912600516733
16,0.12738853503184713,12.0603237708596
16,0.1337579617834395,12.23249120240574
16,0.14012738853503184,8.257225836520707
16,0.1464968152866242,6.132136007192837
16,0.15286624203821658,10.776309106795344
16,0.15923566878980894,3.2377649268146396
16,0.1656050955414013,4.962243415692528
16,0.17197452229299365,5.514197227014195
16,0.178343949044586,20.76178440005328
16,0.18471337579617836,11.731539193058278
16,0.1910828025477707,16.098930675697147
16,0.19745222929936307,14.492575865359777
16,0.20382165605095542,1.9196239054892508
16,0.21019108280254778,8.419493605861668
16,0.21656050955414013,8.375411321889063
16,0.2229299363057325,10.462204928117025
16,0.22929936305732485,19.150044706140733
16,0.2356687898089172,7.221720481173648
16,0.24203821656050956,6.366079559809764
16,0.2484076433121019,11.125234080208884
16,0.25477707006369427,6.735773842815579
16,0.2611464968152866,11.403571658002848
16,0.267515923566879,7.471888117095891
16,0.27388535031847133,7.712123835187543
16,0.2802547770700637,9.73797201989992
16,0.28662420382165604,16.183082268748134
16,0.2929936305732484,14.92368508468733
16,0.29936305732484075,7.704584848826724
16,0.30573248407643316,11.608290435383267
16,0.3121019108280255,16.401695690500027
16,0.3184713375796179,24.124787554770027
16,0.32484076433121023,18.133712623617065
16,0.3312101910828026,22.2240527246338
16,0.33757961783439494,17.561993681792597
16,0.3439490445859873,18.775073796843557
16,0.35031847133757965,9.639482779159875
16,0.356687898089172,21.769183659385774
16,0.36305732484076436,2.9204994711754657
16,0.3694267515923567,3.8401552576427944
16,0.37579617834394907,13.561086166819205
16,0.3821656050955414,6.9483666097202
16,0.3885350318471338,5.141368761289886
16,0.39490445859872614,11.96728158346609
16,0.4012738853503185,26.81605537601752
16,0.40764331210191085,4.7621287978887565
16,0.4140127388535032,24.771627421474598
16,0.42038216560509556,10.034212436726095
16,0.4267515923566879,8.996637174439226
16,0.43312101910828027,8.812303840382269
16,0.4394904458598726,3.183931230921495
16,0.445859872611465,6.626821939652153
16,0.45222929936305734,9.704989790085483
16,0.4585987261146497,7.929241415379312
16,0.46496815286624205,2.766194225352528
16,0.4713375796178344,1.7027909469892986
16,0.47770700636942676,18.720098805575173
16,0.4840764331210191,12.198256824554651
16,0.49044585987261147,6.848668419620451
16,0.4968152866242038,11.612483861503657
17,0.0,1.6431300764452317e-14
17,0.006329113924050633,8.539878475782206
17,0.012658227848101266,16.981224054467184
17,0.0189873417721519,6.494017481712132
17,0.02531645569620253,6.7463401602863735
17,0.03164556962025317,12.47554727099908
17,0.0379746835443038,5.084281560017547
17,0.04430379746835443,13.87836451145698
17,0.05063291139240506,7.183786454137571
17,0.056962025316455694,8.422818480100311
17,0.06329113924050633,13.325581189013691
17,0.06962025316455696,20.45766760069921
17,0.0759493670886076,4.792223583064825
17,0.08227848101265822,15.316061673380487
17,0.08860759493670886,8.525260645382417
17,0.09493670886075949,22.00573556486958
17,0.10126582278481013,10.231030465956724
17,0.10759493670886076,3.9459069463169483
17,0.11392405063291139,4.692024088257879
17,0.12025316455696203,15.458329874653963
17,0.12658227848101267,11.196757291013727
17,0.13291139240506328,20.832662236173828
17,0.13924050632911392,5.358349685291713
17,0.14556962025316456,9.308370905238808
17,0.1518987341772152,7.597808446872604
17,0.15822784810126583,8.794639945165349
17,0.16455696202531644,11.029771439672965
17,0.17088607594936708,3.2120498597032356
17,0.17721518987341772,15.297230401609024
17,0.18354430379746836,2.665720776693199
17,0.18987341772151897,5.889359295474246
17,0.1962025316455696,5.200785831473746
17,0.20253164556962025,19.426481429051616
17,0.2088607594936709,12.27547315225221
17,0.21518987341772153,23.147299612868448
17,0.22151898734177214,17.201585479628243
17,0.22784810126582278,16.456412037831655
17,0.23417721518987342,12.770745816111479
17,0.24050632911392406,6.867703594667
17,0.24683544303797467,7.755148265206105
17,0.25316455696202533,23.722685249118236
17,0.25949367088607594,17.694586013529126
17,0.26582278481012656,9.768566798435309
17,0.2721518987341772,23.266738063493417
17,0.27848101265822783,14.6258020274301
17,0.2848101265822785,12.35312302282161
17,0.2911392405063291,7.954111671122047
17,0.2974683544303797,12.101548254126017
17,0.3037974683544304,8.706302198866181
17,0.310126582278481,7.772583394622656
17,0.31645569620253167,14.463449775597555
17,0.3227848101265823,12.040700553882113
17,0.3291139240506329,14.524747491745453
17,0.33544303797468356,2.8939296444907883
17,0.34177215189873417,9.219535886582513
17,0.3481012658227848,6.273226109555293
17,0.35443037974683544,5.567920964511061
17,0.36075949367088606,3.274064228725146
17,0.3670886075949367,13.372394245405822
17,0.37341772151898733,12.13892735306839
17,0.37974683544303794,17.999477900439135
17,0.3860759493670886,8.43428650873781
17,0.3924050632911392,8.612400205172651
17,0.3987341772151899,7.597405595445954
17,0.4050632911392405,20.791436801519097
17,0.4113924050632911,15.128331604328372
17,0.4177215189873418,8.047790088540701
17,0.4240506329113924,10.119007103942513
17,0.43037974683544306,21.830322115075525
17,0.43670886075949367,18.644630548339798
17,0.4430379746835443,14.83515070324707
17,0.44936708860759494,5.896119664874701
17,0.45569620253164556,0.7783829341342722
17,0.4620253164556962,16.3254010736521
17,0.46835443037974683,13.663323613281625
17,0.47468354430379744,7.554287666161019
17,0.4810126582278481,13.313493657271831
17,0.4873417721518987,9.457952418562904
17,0.49367088607594933,8.969237860907375
18,0.0,2.6201263381153694e-14
18,0.00641025641025641,10.201521830092789
18,0.01282051282051282,7.846595347619199
18,0.019230769230769232,9.82602602812452
18,0.02564102564102564,13.819663450108083
18,0.03205128205128205,10.282834830940432
18,0.038461538461538464,13.276932711775107
18,0.04487179487179487,9.523086781983759
18,0.05128205128205128,14.536435107394682
18,0.05769230769230769,19.879458991955836
18,0.0641025641025641,16.17562840798766
18,0.07051282051282051,9.34011697836356
18,0.07692307692307693,6.272357797399236
18,0.08333333333333333,6.80417089345319
18,0.08974358974358974,14.600820678783638
18,0.09615384615384615,12.258806640654695
18,0.10256410256410256,2.668472076837217
18,0.10897435897435898,11.075021365101177
18,0.11538461538461538,5.9823131783446835
18,0.12179487179487179,17.318949903032948
18,0.1282051282051282,10.211825187199077
18,0.1346153846153846,6.871483753413657
18,0.14102564102564102,13.365093427734552
18,0.14743589743589744,9.947403167000298
18,0.15384615384615385,9.678540633020392
18,0.16025641025641024,9.803725940756172
18,0.16666666666666666,13.129313131209793
18,0.17307692307692307,11.75734948745812
18,0.1794871794871795,16.667829691540504
18,0.1858974358974359,12.925356710939264
18,0.1923076923076923,20.849063054977925
18,0.1987179487179487,12.878094805619785
18,0.20512820512820512,14.43307776009727
18,0.21153846153846154,5.250462853482404
18,0.21794871794871795,7.9153687538421
18,0.22435897435897434,14.884314265384194
18,0.23076923076923075,19.617359344194597
18,0.23717948717948717,1.0934458135272358
18,0.24358974358974358,16.290404799480307
18,0.25,5.814434152401837
18,0.2564102564102564,13.070021161904796
18,0.26282051282051283,11.192715827526376
18,0.2692307692307692,10.74692327340767
18,0.2756410256410256,16.091188789706525
18,0.28205128205128205,7.9195107954490735
18,0.28846153846153844,9.883471723466315
18,0.2948717948717949,13.733354220959308
18,0.30128205128205127,8.494525704871855
18,0.3076923076923077,4.628097670846269
18,0.3141025641025641,16.584539005518934
18,0.3205128205128205,8.137286901348535
18,0.3269230769230769,9.703668971211556
18,0.3333333333333333,17.846962372850715
18,0.33974358974358976,17.905353264325882
18,0.34615384615384615,5.321549691072556
18,0.35256410256410253,20.886052072891292
18,0.358974358974359,10.199995582915633
18,0.36538461538461536,4.721940032255851
18,0.3717948717948718,13.835831502217328
18,0.3782051282051282,20.308900215730027
18,0.3846153846153846,18.544281890053252
18,0.391025641025641,7.893956910512139
18,0.3974358974358974,22.841354183888896
18,0.40384615384615385,15.07925386471273
18,0.41025641025641024,10.99873586502612
18,0.41666666666666663,4.09500053685086
18,0.4230769230769231,9.925034991891069
18,0.42948717948717946,13.022151176653749
18,0.4358974358974359,11.327777363535425
18,0.4423076923076923,5.425992420683027
18,0.4487179487179487,2.9168120588659474
18,0.4551282051282051,8.18033897639183
18,0.4615384615384615,3.1637244167722893
18,0.46794871794871795,12.383438950264342
18,0.47435897435897434,10.167150345115061
18,0.4807692307692307,10.079292430830472
18,0.48717948717948717,19.4165432088393
18,0.49358974358974356,19.057867734751397
19,0.0,7.105427357601002e-15
19,0.006329113924050633,12.193459668673299
19,0.012658227848101266,4.475825945655317
19,0.0189873417721519,10.056835225115524
19,0.02531645569620253,3.611190518764635
19,0.03164556962025317,8.648550372279415
19,0.0379746835443038,5.377097141638784
19,0.04430379746835443,22.883386556488528
19,0.05063291139240506,3.9830852605380085
19,0.056962025316455694,8.694664433768333
19,0.06329113924050633,2.9714117466329446
19,0.06962025316455696,8.818555558326388
19,0.0759493670886076,3.2367808565411087
19,0.08227848101265822,7.993551852625409
19,0.08860759493670886,4.655133158981332
19,0.09493670886075949,16.078562879684203
19,0.10126582278481013,5.729827069094196
19,0.10759493670886076,7.182236664287369
19,0.11392405063291139,6.715483750622539
19,0.12025316455696203,25.21512915614184
19,0.12658227848101267,6.9973118773465215
19,0.13291139240506328,18.169426810666614
19,0.13924050632911392,11.345481874256137
19,0.14556962025316456,16.949341451042518
19,0.1518987341772152,9.992112882275332
19,0.15822784810126583,8.18664807428484
19,0.16455696202531644,14.465596353675064
19,0.17088607594936708,11.567282496720873
19,0.17721518987341772,19.85573242582351
19,0.18354430379746836,13.92201266004271
19,0.18987341772151897,11.228514948192284
19,0.1962025316455696,15.30999061875543
19,0.20253164556962025,10.611584832694199
19,0.2088607594936709,2.4990599474419923
19,0.21518987341772153,19.59528481634897
19,0.22151898734177214,9.462640208661886
19,0.22784810126582278,7.637701703886895
19,0.23417721518987342,11.086337619680766
19,0.24050632911392406,15.825201465976308
19,0.24683544303797467,14.093579778414458
19,0.25316455696202533,6.037784710999734
19,0.25949367088607594,6.417825096034535
19,0.26582278481012656,7.332363686784101
19,0.2721518987341772,17.62579533017389
19,0.27848101265822783,10.859267139660938
19,0.2848101265822785,20.02712867185929
19,0.2911392405063291,13.24588676401078
19,0.2974683544303797,2.4554237235042486
19,0.3037974683544304,22.543745699801317
19,0.310126582278481,3.322598963821125
19,0.31645569620253167,12.72900689796327
19,0.3227848101265823,0.9051629326692671
19,0.3291139240506329,19.283323378927363
19,0.33544303797468356,13.262718262571221
19,0.34177215189873417,11.12640676066043
19,0.3481012658227848,10.925109702646058
19,0.35443037974683544,14.016984561670014
19,0.36075949367088606,16.701391185370984
19,0.3670886075949367,15.146325650554038
19,0.37341772151898733,5.253492244795036
19,0.37974683544303794,5.770608879170214
19,0.3860759493670886,15.561829832248032
19,0.3924050632911392,17.08159573130759
19,0.3987341772151899,8.902727465727931
19,0.4050632911392405,3.449065353588552
19,0.4113924050632911,14.458380125877778
19,0.4177215189873418,2.7512508372187705
19,0.4240506329113924,11.023779870332916
19,0.43037974683544306,23.900930077542206
19,0.43670886075949367,2.789767022711992
19,0.4430379746835443,19.702064082703487
19,0.44936708860759494,9.673262003966462
19,0.45569620253164556,14.310771987018873
19,0.4620253164556962,16.307492310108525
19,0.46835443037974683,19.718555729608198
19,0.47468354430379744,10.569743247359467
19,0.4810126582278481,15.057412494083456
19,0.4873417721518987,8.998732826482582
19,0.49367088607594933,10.369228217253259
20,0.0,7.105427357601002e-15
20,0.00625,16.26696282821287
20,0.0125,9.515554812593379
20,0.018750000000000003,20.78147762098829
20,0.025,16.162652665631796
20,0.03125,5.960843905186059
20,0.037500000000000006,2.6793053836985217
20,0.043750000000000004,5.634642794961687
20,0.05,14.477576750314102
20,0.05625,19.45039019520438
20,0.0625,12.854258490833823
20,0.06875,12.164928692444468
20,0.07500000000000001,6.915446101008782
20,0.08125,15.116524221024143
20,0.08750000000000001,6.348144731619262
20,0.09375,10.316751056714196
20,0.1,11.951153863790648
20,0.10625000000000001,2.0866874846355077
20,0.1125,9.40386183214854
20,0.11875000000000001,6.290095580018295
20,0.125,2.3923974714522327
20,0.13125,17.298958058765713
20,0.1375,32.413404253138786
20,0.14375000000000002,10.273374255618
20,0.15000000000000002,7.430059446839765
20,0.15625,2.019595664193743
20,0.1625,19.991892105751315
20,0.16875,8.866694965667568
20,0.17500000000000002,8.29879217986978
20,0.18125000000000002,10.64818647185779
20,0.1875,18.352428765275423
20,0.19375,9.572315228878411
20,0.2,21.6757732587374
20,0.20625000000000002,13.635772743795343
20,0.21250000000000002,12.820798882354064
20,0.21875,13.429185233448502
20,0.225,16.558644216791805
20,0.23125,12.68186777453098
20,0.23750000000000002,11.139497617299185
20,0.24375000000000002,4.361852904027901
20,0.25,10.297224209547355
20,0.25625000000000003,9.424087638047682
20,0.2625,3.3305081812871453
20,0.26875,10.22787766117662
20,0.275,14.113587417330459
20,0.28125,11.674757449101351
20,0.28750000000000003,6.536793357112723
20,0.29375,4.304823678845934
20,0.30000000000000004,11.490908113729489
20,0.30625,8.21531847717477
20,0.3125,2.514467762652504
20,0.31875000000000003,14.698150052434938
20,0.325,14.78002550009528
20,0.33125000000000004,6.62731786600901
20,0.3375,7.390429177913649
20,0.34375,13.303117071414487
20,0.35000000000000003,9.252500500244226
20,0.35625,10.023737572902782
20,0.36250000000000004,12.33169287449282
20,0.36875,11.585953555783828
20,0.375,18.545587914204983
20,0.38125000000000003,11.72664435794098
20,0.3875,13.899774553913264
20,0.39375000000000004,16.051162626042924
20,0.4,3.8502553078692068
20,0.40625,6.41382164345358
20,0.41250000000000003,8.557992948461143
20,0.41875,5.986343437616131
20,0.42500000000000004,6.802717163732555
20,0.43125,5.1756009737739825
20,0.4375,12.436296995183671
20,0.44375000000000003,18.516832623280305
20,0.45,6.313194458886562
20,0.45625000000000004,12.925010102118192
20,0.4625,20.02078135428038
20,0.46875,23.03740757534724
20,0.47500000000000003,17.4762030638313
20,0.48125,21.112242548035553
20,0.48750000000000004,10.19753780164656
20,0.49375,11.504578502664463
21,0.0,1.4210854715202004e-14
21,0.006329113924050633,22.444556238611973
21,0.012658227848101266,14.631203578929922
21,0.0189873417721519,18.986517634120556
21,0.02531645569620253,2.3472212279845213
21,0.03164556962025317,3.5770879221954854
21,0.0379746835443038,2.2041445823687895
21,0.04430379746835443,9.774060908021264
21,0.05063291139240506,10.53620231112934
21,0.056962025316455694,6.958894771737926
21,0.06329113924050633,19.38820420247374
21,0.06962025316455696,12.983263754943984
21,0.0759493670886076,11.335213615503603
21,0.08227848101265822,14.413953154248338
21,0.08860759493670886,7.095581265428367
21,0.09493670886075949,5.65150096859606
21,0.10126582278481013,10.0166287121085
21,0.10759493670886076,5.560130468699753
21,0.11392405063291139,13.048653778026491
21,0.12025316455696203,13.307830507357567
21,0.12658227848101267,14.77837547700148
21,0.13291139240506328,6.523238779100538
21,0.13924050632911392,4.991468382290247
21,0.14556962025316456,5.684272233277432
21,0.1518987341772152,11.175924771595373
21,0.15822784810126583,17.48619651301837
21,0.16455696202531644,24.19367616261243
21,0.17088607594936708,17.863999528445888
21,0.17721518987341772,12.921127089130763
21,0.18354430379746836,9.100769125750125
21,0.18987341772151897,9.759688752041198
21,0.1962025316455696,23.621742648434495
21,0.20253164556962025,6.430128604978633
21,0.2088607594936709,10.071080455288001
21,0.21518987341772153,14.50417745877929
21,0.22151898734177214,8.181094423228732
21,0.22784810126582278,15.182743621608525
21,0.23417721518987342,5.449925869786007
21,0.24050632911392406,4.6704888136703735
21,0.24683544303797467,1.567149040086879
21,0.25316455696202533,8.295793277218005
21,0.25949367088607594,9.678051108358916
21,0.26582278481012656,13.343336533784901
21,0.2721518987341772,5.946556117191029
21,0.27848101265822783,6.563885331548478
21,0.2848101265822785,8.442132896098506
21,0.2911392405063291,16.35494336791583
21,0.2974683544303797,14.271677788073303
21,0.3037974683544304,22.741427786732963
21,0.310126582278481,3.974938012674472
21,0.31645569620253167,20.939661553900372
21,0.3227848101265823,14.25317566662518
21,0.3291139240506329,8.277261675362734
21,0.33544303797468356,8.65273134725493
21,0.34177215189873417,8.018684965389435
21,0.3481012658227848,5.797703244189427
21,0.35443037974683544,20.45715497805478
21,0.36075949367088606,3.9178744132485246
21,0.3670886075949367,20.3214024672658
21,0.37341772151898733,15.93447344609845
21,0.37974683544303794,11.804737497891983
21,0.3860759493670886,7.955245255039918
21,0.3924050632911392,3.7843946805039024
21,0.3987341772151899,4.980722600439692
21,0.4050632911392405,14.258042231066746
21,0.4113924050632911,13.302208936227897
21,0.4177215189873418,5.4443316249119915
21,0.4240506329113924,5.466173802891093
21,0.43037974683544306,11.046616530569299
21,0.43670886075949367,20.138384327060596
21,0.4430379746835443,5.00184219497377
21,0.44936708860759494,12.81325557528441
21,0.45569620253164556,18.356507770993822
21,0.4620253164556962,14.708449586509746
21,0.46835443037974683,13.808875244684492
21,0.47468354430379744,15.85623204255232
21,0.4810126582278481,10.05456971588869
21,0.4873417721518987,9.908318545541489
21,0.49367088607594933,9.649072659465304
22,0.0,1.2878587085651816e-14
22,0.006493506493506494,15.007405943242096
22,0.012987012987012988,9.654982568427295
22,0.01948051948051948,12.783664175404635
22,0.025974025974025976,8.521941717876008
22,0.03246753246753247,12.366925564554275
22,0.03896103896103896,9.911345624396251
22,0.045454545454545456,18.217848516744244
22,0.05194805194805195,17.729150956136156
22,0.05844155844155845,10.719221139533992
22,0.06493506493506494,3.8310045161491377
22,0.07142857142857144,15.97744038219703
22,0.07792207792207792,18.161176364892132
22,0.08441558441558442,17.29973034225305
22,0.09090909090909091,19.25994021205447
22,0.09740259740259741,5.852397054028793
22,0.1038961038961039,4.095024116891898
22,0.1103896103896104,10.45724225010787
22,0.1168831168831169,6.724286533601919
22,0.12337662337662339,7.229798836725724
22,0.12987012987012989,14.250668175138783
22,0.13636363636363638,20.203685043720718
22,0.14285714285714288,11.959170283619695
22,0.14935064935064937,7.842233702603935
22,0.15584415584415584,1.8928641058291866
22,0.16233766233766234,18.009876079597735
22,0.16883116883116883,12.67496757241556
22,0.17532467532467533,24.51089257213761
22,0.18181818181818182,5.759229812848894
22,0.18831168831168832,8.614045732324833
22,0.19480519480519481,0.3670063145865298
22,0.2012987012987013,5.919804186032967
22,0.2077922077922078,9.247616874432332
22,0.2142857142857143,19.54972931564681
22,0.2207792207792208,18.794362571097267
22,0.2272727272727273,9.288133481616216
22,0.2337662337662338,19.49760832584362
22,0.24025974025974028,6.431131066213259
22,0.24675324675324678,24.479912712186053
22,0.2532467532467533,8.082740931388331
22,0.25974025974025977,11.076583570476574
22,0.26623376623376627,6.878570097170596
22,0.27272727272727276,5.861505551335948
22,0.27922077922077926,6.727134547704029
22,0.28571428571428575,14.775075125770138
22,0.29220779220779225,6.462548775342916
22,0.29870129870129875,12.483929059190432
22,0.30519480519480524,9.25683000733286
22,0.3116883116883117,11.06706487020203
22,0.3181818181818182,20.971496649636613
22,0.3246753246753247,5.642742425025887
22,0.33116883116883117,11.971797468956657
22,0.33766233766233766,10.995649002572067
22,0.34415584415584416,1.9883259858825963
22,0.35064935064935066,12.662224699329007
22,0.35714285714285715,11.772004988534404
22,0.36363636363636365,6.145938563062899
22,0.37012987012987014,3.787402382140648
22,0.37662337662337664,1.9415575559596525
22,0.38311688311688313,11.913832020244904
22,0.38961038961038963,11.648923361380785
22,0.3961038961038961,11.04247152452148
22,0.4025974025974026,21.540840053464688
22,0.4090909090909091,9.112471647532843
22,0.4155844155844156,6.103008634494466
22,0.4220779220779221,20.174734509549104
22,0.4285714285714286,15.696151081938831
22,0.4350649350649351,21.02563635468468
22,0.4415584415584416,10.355009241145428
22,0.4480519480519481,10.931618917794305
22,0.4545454545454546,5.550389160912999
22,0.4610389610389611,5.6088297239760205
22,0.4675324675324676,8.584367555399316
22,0.4740259740259741,8.75340666273687
22,0.48051948051948057,2.2539663966278423
22,0.48701298701298706,14.385933834919754
22,0.49350649350649356,2.5352256907669273
23,0.0,1.2878587085651816e-14
23,0.006329113924050633,9.42902142420815
23,0.012658227848101266,5.643957224685927
23,0.0189873417721519,10.845924849372327
23,0.02531645569620253,8.414105240805394
23,0.03164556962025317,16.243562107586023
23,0.0379746835443038,3.895287130685019
23,0.04430379746835443,4.472734505121325
23,0.05063291139240506,1.1616023701330749
23,0.056962025316455694,7.015306829111314
23,0.06329113924050633,18.462607979061133
23,0.06962025316455696,4.672373033371127
23,0.0759493670886076,9.088453125260653
23,0.08227848101265822,15.474759994598822
23,0.08860759493670886,12.211348140971195
23,0.09493670886075949,19.340023688215293
23,0.10126582278481013,11.319867901827624
23,0.10759493670886076,12.258078545139472
23,0.11392405063291139,16.78922415477983
23,0.12025316455696203,9.41769472664787
23,0.12658227848101267,24.063132305134193
23,0.13291139240506328,6.527938634715084
23,0.13924050632911392,4.391703330111088
23,0.14556962025316456,2.6106333447268786
23,0.1518987341772152,9.935028518048146
23,0.15822784810126583,16.119392122870597
23,0.16455696202531644,4.345445380427651
23,0.17088607594936708,17.790008447824906
23,0.17721518987341772,4.119809715878552
23,0.18354430379746836,11.338382816423712
23,0.18987341772151897,12.689768035474772
23,0.1962025316455696,12.111064807283043
23,0.20253164556962025,13.808521133616923
23,0.2088607594936709,18.021804254003744
23,0.21518987341772153,13.693018368694327
23,0.22151898734177214,12.766983871377285
23,0.22784810126582278,16.958086111979007
23,0.23417721518987342,11.595644484327789
23,0.24050632911392406,1.7963171642484905
23,0.24683544303797467,3.4748221603730665
23,0.25316455696202533,11.05621111153442
23,0.25949367088607594,9.815330411228322
23,0.26582278481012656,9.886348393544377
23,0.2721518987341772,19.388293835072247
23,0.27848101265822783,8.932169471717673
23,0.2848101265822785,10.067038706444334
23,0.2911392405063291,11.74462152933998
23,0.2974683544303797,10.699119660796862
23,0.3037974683544304,21.783952050003037
23,0.310126582278481,4.854197923543996
23,0.31645569620253167,23.028423305323372
23,0.3227848101265823,5.902116407205579
23,0.3291139240506329,18.13657873258122
23,0.33544303797468356,8.173473666814422
23,0.34177215189873417,1.5500332818880866
23,0.3481012658227848,15.166642969754262
23,0.35443037974683544,9.4834242325358
23,0.36075949367088606,6.042910538658073
23,0.3670886075949367,9.516538870545627
23,0.37341772151898733,14.303876719943117
23,0.37974683544303794,7.893084967099711
23,0.3860759493670886,18.333178287663078
23,0.3924050632911392,14.361042994185503
23,0.3987341772151899,5.896884970832924
23,0.4050632911392405,10.811778183907808
23,0.4113924050632911,10.752181994992226
23,0.4177215189873418,4.188082933732993
23,0.4240506329113924,20.53205347551554
23,0.43037974683544306,22.765633786820846
23,0.43670886075949367,0.8331829600944878
23,0.4430379746835443,6.493940493869435
23,0.44936708860759494,10.625526292752706
23,0.45569620253164556,18.937091864848483
23,0.4620253164556962,17.34071614486353
23,0.46835443037974683,7.634138776745329
23,0.47468354430379744,20.13335557584901
23,0.4810126582278481,15.36904239036956
23,0.4873417721518987,14.640941184773153
23,0.49367088607594933,6.426556739420043
24,0.0,1.021405182655144e-14
24,0.00625,20.657457749811726
24,0.0125,12.314648982923629
24,0.018750000000000003,24.150363256399284
24,0.025,19.157826940420932
24,0.03125,21.182579173597908
24,0.037500000000000006,13.192774539027308
24,0.043750000000000004,4.92625794319586
24,0.05,18.540982641077516
24,0.05625,5.2763920838312295
24,0.0625,3.7466457132767337
24,0.06875,9.480285108331591
24,0.07500000000000001,10.242119956937788
24,0.08125,5.272363182076648
24,0.08750000000000001,8.642246342754062
24,0.09375,7.340204446934579
24,0.1,12.330127558458893
24,0.10625000000000001,11.70810245255094
24,0.1125,6.566325232736884
24,0.11875000000000001,6.512308332783542
24,0.125,7.51501986246301
24,0.13125,7.197464574131584
24,0.1375,17.622911048475807
24,0.14375000000000002,8.214740317328733
24,0.15000000000000002,4.709907497108188
24,0.15625,8.142133394097854
24,0.1625,3.214748617227135
24,0.16875,7.667216939529416
24,0.17500000000000002,11.330916242349566
24,0.18125000000000002,13.532432448813037
24,0.1875,16.16404858387464
24,0.19375,20.99878461795451
24,0.2,13.606656999370404
24,0.20625000000000002,17.803104637476036
24,0.21250000000000002,17.521419855849174
24,0.21875,9.040663138015189
24,0.225,13.475813281461749
24,0.23125,14.755685870941281
24,0.23750000000000002,14.02542351677111
24,0.24375000000000002,1.499100753331168
24,0.25,10.388759434312977
24,0.25625000000000003,7.966862820269654
24,0.2625,7.6392403539099485
24,0.26875,6.4705477048095155
24,0.275,13.242153273758731
24,0.28125,7.206158292063211
24,0.28750000000000003,8.037914968105225
24,0.29375,18.092264896880096
24,0.30000000000000004,17.871261073092175
24,0.30625,15.335811556450263
24,0.3125,13.639486873687162
24,0.31875000000000003,10.564812514618367
24,0.325,15.855684434581523
24,0.33125000000000004,17.99095488575708
24,0.3375,28.096680680816416
24,0.34375,18.821187490699195
24,0.35000000000000003,6.815561828221912
24,0.35625,2.30092643643839
24,0.36250000000000004,8.359948923488654
24,0.36875,10.056415061928522
24,0.375,5.3152794284430165
24,0.38125000000000003,9.296070992365934
24,0.3875,5.28239116630792
24,0.39375000000000004,7.728646569518625
24,0.4,7.174800652802999
24,0.40625,13.321243690041834
24,0.41250000000000003,1.559161389257776
24,0.41875,7.20576942475862
24,0.42500000000000004,11.837224476460158
24,0.43125,14.5507753412944
24,0.4375,9.38395145709045
24,0.44375000000000003,9.561202435491827
24,0.45,6.759440081310082
24,0.45625000000000004,11.625302842881675
24,0.4625,17.852707277625157
24,0.46875,15.839686052018918
24,0.47500000000000003,4.285674424260338
24,0.48125,16.11429341924129
24,0.48750000000000004,14.9364710061569
24,0.49375,19.59875234265115
25,0.0,1.7985612998927536e-14
25,0.006329113924050633,22.236628652018947
25,0.012658227848101266,18.406548999004126
25,0.0189873417721519,16.750475192462932
25,0.02531645569620253,5.952153763676717
25,0.03164556962025317,4.433887124790015
25,0.0379746835443038,3.13509857489948
25,0.04430379746835443,9.172042415106604
25,0.05063291139240506,12.486045024640967
25,0.056962025316455694,6.855183794148009
25,0.06329113924050633,8.603317568946034
25,0.06962025316455696,17.234879626110008
25,0.0759493670886076,4.1838601685487395
25,0.08227848101265822,14.170796596780601
25,0.08860759493670886,4.658407737618032
25,0.09493670886075949,0.8793589763347059
25,0.10126582278481013,8.096903033363507
25,0.10759493670886076,8.786876348865558
25,0.11392405063291139,9.207492326365882
25,0.12025316455696203,4.091100252591678
25,0.12658227848101267,7.104348684397081
25,0.13291139240506328,11.87433105582956
25,0.13924050632911392,6.540932757622217
25,0.14556962025316456,10.221503090439677
25,0.1518987341772152,6.677983761982686
25,0.15822784810126583,11.529431557973481
25,0.16455696202531644,11.83217851642789
25,0.17088607594936708,7.007268222902073
25,0.17721518987341772,15.185173458352525
25,0.18354430379746836,15.120254257761479
25,0.18987341772151897,8.145281124405441
25,0.1962025316455696,16.806155705035668
25,0.20253164556962025,14.685368079670495
25,0.2088607594936709,10.097450364894609
25,0.21518987341772153,15.835982030270625
25,0.22151898734177214,9.05095329220475
25,0.22784810126582278,10.212436637249622
25,0.23417721518987342,5.652042269535791
25,0.24050632911392406,14.88189875962758
25,0.24683544303797467,15.738716031410892
25,0.25316455696202533,7.473944304629989
25,0.25949367088607594,14.883581004119517
25,0.26582278481012656,9.344176324821156
25,0.2721518987341772,2.4451132615975544
25,0.27848101265822783,7.650335802867083
25,0.2848101265822785,13.416264750677124
25,0.2911392405063291,7.70852597867441
25,0.2974683544303797,16.845479615368532
25,0.3037974683544304,14.029343841862852
25,0.310126582278481,14.23125585070997
25,0.31645569620253167,5.106853773823794
25,0.3227848101265823,18.287837729889397
25,0.3291139240506329,27.666760712033305
25,0.33544303797468356,5.847072161673896
25,0.34177215189873417,15.156175219133427
25,0.3481012658227848,11.387846409393264
25,0.35443037974683544,7.570491704313305
25,0.36075949367088606,16.64766708933441
25,0.3670886075949367,17.904607675987954
25,0.37341772151898733,13.237809228268008
25,0.37974683544303794,29.577330478657466
25,0.3860759493670886,10.704375831829418
25,0.3924050632911392,7.577248150541997
25,0.3987341772151899,15.235810548729825
25,0.4050632911392405,2.2293027020197367
25,0.4113924050632911,22.57329059302032
25,0.4177215189873418,4.816713046806768
25,0.4240506329113924,7.289346079473746
25,0.43037974683544306,14.290087915347174
25,0.43670886075949367,14.403136531596418
25,0.4430379746835443,8.087418890112192
25,0.44936708860759494,8.905450810597182
25,0.45569620253164556,9.937263644384036
25,0.4620253164556962,6.589497165530254
25,0.46835443037974683,6.983164500806044
25,0.47468354430379744,10.277216569371214
25,0.4810126582278481,11.52416578759024
25,0.4873417721518987,25.0444326834817
25,0.49367088607594933,14.273563342147467
26,0.0,8.881784197001252e-15
26,0.006329113924050633,7.141553285137055
26,0.012658227848101266,13.429079640407165
26,0.0189873417721519,6.1679158497354285
26,0.02531645569620253,2.356264993696589
26,0.03164556962025317,7.220301803559828
26,0.0379746835443038,9.470322770807915
26,0.04430379746835443,11.869279455137766
26,0.05063291139240506,9.24702547815278
26,0.056962025316455694,13.141627722106438
26,0.06329113924050633,8.19590255869142
26,0.06962025316455696,13.435193349377482
26,0.0759493670886076,15.253075608894596
26,0.08227848101265822,6.866298603157152
26,0.08860759493670886,13.721136339037498
26,0.09493670886075949,12.891287457949508
26,0.10126582278481013,12.716614170571752
26,0.10759493670886076,19.733984667149322
26,0.11392405063291139,8.705324361875222
26,0.12025316455696203,5.785496601103979
26,0.12658227848101267,12.551703341809976
26,0.13291139240506328,6.664186765774931
26,0.13924050632911392,21.601489456164433
26,0.14556962025316456,6.021375064384755
26,0.1518987341772152,1.52357496845409
26,0.15822784810126583,4.665268761563915
26,0.16455696202531644,19.153734813905402
26,0.17088607594936708,8.458011382023866
26,0.17721518987341772,8.897855187679827
26,0.18354430379746836,11.621072455553966
26,0.18987341772151897,17.142243520932308
26,0.1962025316455696,3.85487120737874
26,0.20253164556962025,15.268845486669054
26,0.2088607594936709,12.44362394648615
26,0.21518987341772153,6.70224958675977
26,0.22151898734177214,9.018357249042918
26,0.22784810126582278,17.288566040054707
26,0.23417721518987342,5.840224135972587
26,0.24050632911392406,4.386163253054132
26,0.24683544303797467,2.1171143277046305
26,0.25316455696202533,11.307279672950433
26,0.25949367088607594,12.575826013363438
26,0.26582278481012656,11.413048702441076
26,0.2721518987341772,20.706835300100003
26,0.27848101265822783,17.54454564712632
26,0.2848101265822785,12.899958953962168
26,0.2911392405063291,9.217580171451806
26,0.2974683544303797,6.390188642851574
26,0.3037974683544304,16.287005599188696
26,0.310126582278481,18.72013063958466
26,0.31645569620253167,8.333621857075546
26,0.3227848101265823,14.78312892456454
26,0.3291139240506329,12.23324363561346
26,0.33544303797468356,17.874764289657556
26,0.34177215189873417,6.524154079947662
26,0.3481012658227848,11.882794706318485
26,0.35443037974683544,8.92384564738576
26,0.36075949367088606,10.164087162719003
26,0.3670886075949367,4.267242262753717
26,0.37341772151898733,3.3063168774115437
26,0.37974683544303794,4.530207441196056
26,0.3860759493670886,3.268987580941688
26,0.3924050632911392,23.312264738154436
26,0.3987341772151899,3.8831423861637173
26,0.4050632911392405,16.556874696625286
26,0.4113924050632911,2.8008964399651926
26,0.4177215189873418,11.462572728782492
26,0.4240506329113924,13.875202347925061
26,0.43037974683544306,11.324062242353985
26,0.43670886075949367,11.615770710533031
26,0.4430379746835443,29.344298527236607
26,0.44936708860759494,26.60028981391809
26,0.45569620253164556,4.509582462115713
26,0.4620253164556962,21.44238261593469
26,0.46835443037974683,18.807316854431743
26,0.47468354430379744,13.847826801777265
26,0.4810126582278481,10.098459928134345
26,0.4873417721518987,9.96663567497671
26,0.49367088607594933,2.15713799140058
27,0.0,1.1546319456101628e-14
27,0.00641025641025641,9.562423412425675
27,0.01282051282051282,14.524407693877654
27,0.019230769230769232,3.1202038423950422
27,0.02564102564102564,17.105278727599693
27,0.03205128205128205,10.00981623040408
27,0.038461538461538464,11.923968753276867
27,0.04487179487179487,10.018055429826937
27,0.05128205128205128,6.72555349534378
27,0.05769230769230769,10.875229729336397
27,0.0641025641025641,10.513422630958678
27,0.07051282051282051,10.947056466155793
27,0.07692307692307693,3.347370740454037
27,0.08333333333333333,14.694001002228804
27,0.08974358974358974,14.899064651057708
27,0.09615384615384615,6.832409946257178
27,0.10256410256410256,22.837373624343194
27,0.10897435897435898,8.593104729324759
27,0.11538461538461538,14.081316528202878
27,0.12179487179487179,2.3425643641147396
27,0.1282051282051282,18.106034331973305
27,0.1346153846153846,9.664218680350855
27,0.14102564102564102,4.6011540410063105
27,0.14743589743589744,4.331942737382782
27,0.15384615384615385,18.19596374900923
27,0.16025641025641024,8.12840929468966
27,0.16666666666666666,12.675963235592388
27,0.17307692307692307,21.263998881403513
27,0.1794871794871795,10.844342242080456
27,0.1858974358974359,10.998707569487301
27,0.1923076923076923,3.60238616080507
27,0.1987179487179487,10.389245933326603
27,0.20512820512820512,5.911409120529731
27,0.21153846153846154,6.976020516014067
27,0.21794871794871795,4.759362925869408
27,0.22435897435897434,6.160471490625633
27,0.23076923076923075,20.79985966943112
27,0.23717948717948717,6.479392886501548
27,0.24358974358974358,2.838113968737193
27,0.25,4.774910575270914
27,0.2564102564102564,13.354388935870421
27,0.26282051282051283,9.903799664496526
27,0.2692307692307692,14.811251844252075
27,0.2756410256410256,9.872666152493935
27,0.28205128205128205,19.18504216237762
27,0.28846153846153844,7.001983585298207
27,0.2948717948717949,9.414237196098819
27,0.30128205128205127,17.143529131239937
27,0.3076923076923077,9.49839614925303
27,0.3141025641025641,15.834710113736788
27,0.3205128205128205,5.28172095155764
27,0.3269230769230769,21.214713897928036
27,0.3333333333333333,21.015828953994532
27,0.33974358974358976,6.035618946694555
27,0.34615384615384615,17.83253019307668
27,0.35256410256410253,6.000428109366076
27,0.358974358974359,0.9444481631426502
27,0.36538461538461536,9.954449420711812
27,0.3717948717948718,6.806869010916653
27,0.3782051282051282,19.123160681771864
27,0.3846153846153846,17.781420473974517
27,0.391025641025641,5.057746061075115
27,0.3974358974358974,16.356943360931528
27,0.40384615384615385,10.87811065685997
27,0.41025641025641024,14.803628178700638
27,0.41666666666666663,5.382619466547328
27,0.4230769230769231,8.834720642015316
27,0.42948717948717946,10.855084191229372
27,0.4358974358974359,8.871383491871176
27,0.4423076923076923,8.152159752139418
27,0.4487179487179487,20.638990415616576
27,0.4551282051282051,9.799664484105346
27,0.4615384615384615,18.67537081342141
27,0.46794871794871795,22.24358908487114
27,0.47435897435897434,16.227722242139723
27,0.4807692307692307,12.531999293266047
27,0.48717948717948717,11.56907203872646
27,0.49358974358974356,11.79556491230908
28,0.0,1.4654943925052066e-14
28,0.006369426751592357,29.40879061733863
28,0.012738853503184714,15.672749654903651
28,0.019108280254777073,20.278164304006935
28,0.025477707006369428,20.932798344494422
28,0.03184713375796178,24.014002034127365
28,0.038216560509554146,17.33925312791752
28,0.0445859872611465,14.995677069895429
28,0.050955414012738856,3.529111431079282
28,0.05732484076433121,7.1106342481109115
28,0.06369426751592357,13.052581578969985
28,0.07006369426751592,10.54232679278645
28,0.07643312101910829,15.40847724251909
28,0.08280254777070065,11.470927823052216
28,0.089171974522293,6.277037722590584
28,0.09554140127388536,13.806604903866297
28,0.10191082802547771,6.8332575081322595
28,0.10828025477707007,2.4193758866392776
28,0.11464968152866242,3.7560444973854126
28,0.12101910828025478,3.7805953669570753
28,0.12738853503184713,8.754404481045986
28,0.1337579617834395,7.725459098520177
28,0.14012738853503184,7.341991927531252
28,0.1464968152866242,9.962568317029469
28,0.15286624203821658,14.861379217100918
28,0.15923566878980894,4.5150545978212495
28,0.1656050955414013,10.748667401613663
28,0.17197452229299365,7.3130640915496175
28,0.178343949044586,14.771722793162965
28,0.18471337579617836,11.813435163948183
28,0.1910828025477707,11.250171312783097
28,0.19745222929936307,3.4767584426254157
28,0.20382165605095542,5.3846154838221905
28,0.21019108280254778,23.856040954537594
28,0.21656050955414013,15.65940458837581
28,0.2229299363057325,2.2265790761225714
28,0.22929936305732485,7.133262850677268
28,0.2356687898089172,11.394593812911307
28,0.24203821656050956,3.2286034773772108
28,0.2484076433121019,8.568939589111245
28,0.25477707006369427,23.358996280724558
28,0.2611464968152866,6.243715628465142
28,0.267515923566879,9.359191481928654
28,0.27388535031847133,6.058900393219986
28,0.2802547770700637,18.256447746522703
28,0.28662420382165604,14.082976934129345
28,0.2929936305732484,12.876864813040271
28,0.29936305732484075,1.2573927143952697
28,0.30573248407643316,1.291835386734187
28,0.3121019108280255,14.665689509291756
28,0.3184713375796179,27.71593534095868
28,0.32484076433121023,13.238552261273501
28,0.3312101910828026,2.7753787228318805
28,0.33757961783439494,14.363928843133948
28,0.3439490445859873,14.183023005262806
28,0.35031847133757965,10.004546085032148
28,0.356687898089172,4.9359358601587395
28,0.36305732484076436,4.964771764674639
28,0.3694267515923567,3.297107167819366
28,0.37579617834394907,13.17507073296588
28,0.3821656050955414,5.121128067749816
28,0.3885350318471338,16.55869173004112
28,0.39490445859872614,5.707267098374962
28,0.4012738853503185,17.58609965402844
28,0.40764331210191085,4.021548347133452
28,0.4140127388535032,13.80217765674824
28,0.42038216560509556,3.5264232669462205
28,0.4267515923566879,11.249028317777148
28,0.43312101910828027,11.510548771131042
28,0.4394904458598726,7.254171310649254
28,0.445859872611465,9.659860289586875
28,0.45222929936305734,8.360642084119812
28,0.4585987261146497,7.251981680765217
28,0.46496815286624205,27.846722352651714
28,0.4713375796178344,11.534353726946344
28,0.47770700636942676,8.470270440062546
28,0.4840764331210191,2.57608824929797
28,0.49044585987261147,3.2307541714913977
28,0.4968152866242038,15.029462111137807
29,0.0,4.9960036108132044e-15
29,0.006289308176100629,19.793577633546896
29,0.012578616352201259,7.518902291427036
29,0.01886792452830189,8.872033339340055
29,0.025157232704402517,10.365599245137595
29,0.031446540880503145,15.219844353813905
29,0.03773584905660378,13.773089314213584
29,0.04402515723270441,1.6084301723515697
29,0.050314465408805034,14.829832633118766
29,0.05660377358490566,8.37373570750869
29,0.06289308176100629,27.867993228799545
29,0.06918238993710692,9.20376283465347
29,0.07547169811320756,16.06872347940417
29,0.08176100628930819,5.724061240221478
29,0.08805031446540881,15.582480896990006
29,0.09433962264150944,1.4740308870359982
29,0.10062893081761007,9.600902231190826
29,0.1069182389937107,9.862386108365751
29,0.11320754716981132,6.826089648738131
29,0.11949685534591195,13.635752360598635
29,0.12578616352201258,12.429010124594356
29,0.1320754716981132,11.979425394374248
29,0.13836477987421383,2.754730123848544
29,0.14465408805031446,9.495550411253966
29,0.15094339622641512,12.494689780659881
29,0.15723270440251574,14.368686449814389
29,0.16352201257861637,9.284296953323633
29,0.169811320754717,11.518384209299422
29,0.17610062893081763,6.12441054465491
29,0.18238993710691825,12.551315514841463
29,0.18867924528301888,9.00891004132264
29,0.1949685534591195,12.212487155295772
29,0.20125786163522014,19.43217548562275
29,0.20754716981132076,10.470934607675922
29,0.2138364779874214,12.386430728729334
29,0.22012578616352202,19.513219438171276
29,0.22641509433962265,18.95524754134561
29,0.23270440251572327,8.42424910767059
29,0.2389937106918239,5.81843064536932
29,0.24528301886792453,2.7326100504111652
29,0.25157232704402516,20.799188601821246
29,0.2578616352201258,4.265247635434747
29,0.2641509433962264,14.226071104678512
29,0.27044025157232704,4.053576133615687
29,0.27672955974842767,3.5136342775320304
29,0.2830188679245283,12.458797616781865
29,0.2893081761006289,18.31083517259918
29,0.29559748427672955,10.512577739405074
29,0.30188679245283023,7.449275903446643
29,0.30817610062893086,17.634256260393357
29,0.3144654088050315,14.276901221911444
29,0.3207547169811321,3.0411628024300903
29,0.32704402515723274,9.932766842479493
29,0.33333333333333337,1.3206203420522076
29,0.339622641509434,13.488019880218545
29,0.3459119496855346,4.479561892458663
29,0.35220125786163525,18.22114411236885
29,0.3584905660377359,9.12321490525764
29,0.3647798742138365,21.57082219527281
29,0.37106918238993714,8.798015627376818
29,0.37735849056603776,30.55550793062747
29,0.3836477987421384,13.711176721970425
29,0.389937106918239,10.65419726091417
29,0.39622641509433965,9.608760140525629
29,0.4025157232704403,9.371613694282745
29,0.4088050314465409,16.900019822155578
29,0.41509433962264153,11.022411851013757
29,0.42138364779874216,12.679675380223799
29,0.4276729559748428,6.48774869834503
29,0.4339622641509434,4.37773071186599
29,0.44025157232704404,9.505938501287945
29,0.44654088050314467,14.369993535730478
29,0.4528301886792453,12.620606243623772
29,0.4591194968553459,3.664078544214601
29,0.46540880503144655,10.196389723378427
29,0.4716981132075472,13.046232023332218
29,0.4779874213836478,13.725000230981019
29,0.48427672955974843,0.272977063184969
29,0.49056603773584906,20.004417011035383
29,0.4968553459119497,8.8061057705718
30,0.0,2.220446049250313e-15
30,0.00625,31.287708218474375
30,0.0125,19.787409693000296
30,0.018750000000000003,8.58797912510267
30,0.025,19.002385748139705
30,0.03125,3.123696510548159
30,0.037500000000000006,14.36328923262647
30,0.043750000000000004,16.695946854022864
30,0.05,7.776377461027415
30,0.05625,12.685766582134994
30,0.0625,3.474553281345816
30,0.06875,8.40148116439978
30,0.07500000000000001,11.614840469850513
30,0.08125,9.318378671816014
30,0.08750000000000001,16.476765383339764
30,0.09375,15.160291555574641
30,0.1,5.077092452754346
30,0.10625000000000001,3.186139499888016
30,0.1125,6.465818429122987
30,0.11875000000000001,2.6553367365520906
30,0.125,4.648387629643692
30,0.13125,6.825949836872896
30,0.1375,4.1936624216155005
30,0.14375000000000002,18.174822182287393
30,0.15000000000000002,11.150547109182604
30,0.15625,5.827923938339491
30,0.1625,10.411573976782787
30,0.16875,8.552585101853493
30,0.17500000000000002,7.688787514622045
30,0.18125000000000002,16.403194447336787
30,0.1875,14.9129484602246
30,0.19375,13.07738398257496
30,0.2,20.748138159980563
30,0.20625000000000002,10.42321177692244
30,0.21250000000000002,23.479122635822904
30,0.21875,10.567316228272063
30,0.225,15.535283354544196
30,0.23125,7.861752674905335
30,0.23750000000000002,4.617568003994145
30,0.24375000000000002,6.1074377249181975
30,0.25,8.416253795921946
30,0.25625000000000003,11.090797842849826
30,0.2625,10.496247172541349
30,0.26875,15.481198866003757
30,0.275,19.085204107612835
30,0.28125,13.717211107040976
30,0.28750000000000003,14.476040612462207
30,0.29375,5.838371357416969
30,0.30000000000000004,13.484341809611808
30,0.30625,6.278168086003989
30,0.3125,9.360620348536223
30,0.31875000000000003,4.212887362526799
30,0.325,5.22997920075699
30,0.33125000000000004,12.649583700613364
30,0.3375,6.982823724859987
30,0.34375,8.272109907796905
30,0.35000000000000003,10.699286488032802
30,0.35625,15.07906740980784
30,0.36250000000000004,7.845516041366624
30,0.36875,12.99759039612837
30,0.375,14.614003087505445
30,0.38125000000000003,11.791806188212451
30,0.3875,2.0100691015837846
30,0.39375000000000004,7.692608144814167
30,0.4,13.7102394087368
30,0.40625,0.5167302816940035
30,0.41250000000000003,15.080358947650467
30,0.41875,18.879103689738347
30,0.42500000000000004,20.998320233041195
30,0.43125,17.78506544565189
30,0.4375,15.659270769308238
30,0.44375000000000003,6.145740750653512
30,0.45,3.531785720661262
30,0.45625000000000004,13.916690842316749
30,0.4625,9.33010216309237
30,0.46875,8.410571088987268
30,0.47500000000000003,14.438702782610465
30,0.48125,11.196772256099973
30,0.48750000000000004,23.91191985114844
30,0.49375,16.666904573340496
31,0.0,8.881784197001252e-15
31,0.006535947712418301,24.720768637260726
31,0.013071895424836602,15.7007482657792
31,0.0196078431372549,4.735271260775534
31,0.026143790849673203,7.4475506600195045
31,0.032679738562091505,4.657229654298792
31,0.0392156862745098,8.157151605607183
31,0.04575163398692811,14.589669505576355
31,0.05228758169934641,7.880274986883186
31,0.058823529411764705,15.418956887787282
31,0.06535947712418301,9.538756499073987
31,0.07189542483660132,5.217815866844753
31,0.0784313725490196,5.28921655334077
31,0.08496732026143791,20.96701031284207
31,0.09150326797385622,10.490351352114132
31,0.09803921568627451,16.43095137841876
31,0.10457516339869281,11.629693283641393
31,0.11111111111111112,8.634082647627983
31,0.11764705882352941,15.07009842987082
31,0.12418300653594772,14.6904842723993
31,0.13071895424836602,18.65373486543802
31,0.13725490196078433,13.424769720836473
31,0.14379084967320263,23.55958056143963
31,0.1503267973856209,3.8366130219845522
31,0.1568627450980392,10.258886440509015
31,0.16339869281045752,9.850016073973732
31,0.16993464052287582,8.65648224793378
31,0.17647058823529413,5.949665330977122
31,0.18300653594771243,12.965479737791997
31,0.1895424836601307,19.605245925117032
31,0.19607843137254902,9.23531694029423
31,0.20261437908496732,4.502326637093364
31,0.20915032679738563,6.227673535793128
31,0.21568627450980393,3.682958370818988
31,0.22222222222222224,11.044453103238503
31,0.22875816993464054,24.992384637621793
31,0.23529411764705882,9.46754925855721
31,0.24183006535947713,8.148930593953551
31,0.24836601307189543,3.4550050040243443
31,0.2549019607843137,0.8754848354096497
31,0.26143790849673204,19.97439490039806
31,0.2679738562091503,4.076955495764387
31,0.27450980392156865,7.2286238410079715
31,0.28104575163398693,14.40426008855878
31,0.28758169934640526,3.2482181740026923
31,0.29411764705882354,8.391609826302966
31,0.3006535947712418,15.940420868252435
31,0.30718954248366015,21.960490350239404
31,0.3137254901960784,3.069533626877341
31,0.32026143790849676,12.346553513937359
31,0.32679738562091504,21.957262992392696
31,0.33333333333333337,4.521689503575814
31,0.33986928104575165,3.239541728658209
31,0.3464052287581699,6.488242429977809
31,0.35294117647058826,8.189139090959957
31,0.35947712418300654,2.960476282584267
31,0.36601307189542487,6.054509385645162
31,0.37254901960784315,14.724491057507878
31,0.3790849673202614,8.973846909475265
31,0.38562091503267976,9.961011884895992
31,0.39215686274509803,13.738764384152073
31,0.39869281045751637,10.417134288307045
31,0.40522875816993464,8.111577362134021
31,0.411764705882353,11.543347816095235
31,0.41830065359477125,12.81632366722371
31,0.42483660130718953,16.3407942446222
31,0.43137254901960786,15.005418075939211
31,0.43790849673202614,15.247021546282467
31,0.4444444444444445,24.936073416205605
31,0.45098039215686275,13.675575544466497
31,0.4575163398692811,13.81404993459035
31,0.46405228758169936,14.01995390933738
31,0.47058823529411764,4.394621988852032
31,0.477124183006536,5.023724714386798
31,0.48366013071895425,11.494696972749416
31,0.4901960784313726,5.6070027595871705
31,0.49673202614379086,2.218805549103063
32,0.0,1.7763568394002505e-15
32,0.006211180124223602,22.77553393027022
32,0.012422360248447204,27.944037103999726
32,0.018633540372670808,23.713522773088886
32,0.024844720496894408,10.832222025345441
32,0.03105590062111801,2.820676303978346
32,0.037267080745341616,8.481057098896056
32,0.043478260869565216,4.974924281135141
32,0.049689440993788817,10.864110897541671
32,0.05590062111801242,12.090379615172019
32,0.06211180124223602,4.754941641606634
32,0.06832298136645962,7.97838452376148
32,0.07453416149068323,16.194329018199753
32,0.08074534161490683,7.4566439712721175
32,0.08695652173913043,2.838969771546622
32,0.09316770186335403,20.276908761500984
32,0.09937888198757763,6.092845861918043
32,0.10559006211180123,4.5944156722108245
32,0.11180124223602483,7.2026796005382785
32,0.11801242236024843,3.849598297389424
32,0.12422360248447203,20.214804988665605
32,0.13043478260869565,10.227859183438072
32,0.13664596273291924,11.354985089060744
32,0.14285714285714285,9.704440345912834
32,0.14906832298136646,23.830744144682455
32,0.15527950310559005,6.009280708236981
32,0.16149068322981366,14.52739855561512
32,0.16770186335403725,10.637798959559296
32,0.17391304347826086,10.93982494597366
32,0.18012422360248445,23.51654311589351
32,0.18633540372670807,13.551490951166437
32,0.19254658385093165,6.56506940162106
32,0.19875776397515527,4.292621575418379
32,0.20496894409937888,13.659596845593793
32,0.21118012422360247,3.927377952633733
32,0.21739130434782608,16.760966846774036
32,0.22360248447204967,5.378356683641673
32,0.22981366459627328,18.023936535635745
32,0.23602484472049687,15.677498249611675
32,0.24223602484472048,9.122428224002403
32,0.24844720496894407,22.143012158830736
32,0.2546583850931677,6.159845015754289
32,0.2608695652173913,14.537635136467705
32,0.2670807453416149,6.111763195700194
32,0.27329192546583847,4.437032452805986
32,0.2795031055900621,9.45896089347621
32,0.2857142857142857,11.144130101502844
32,0.2919254658385093,4.321064003825166
32,0.2981366459627329,8.144264624863215
32,0.3043478260869565,27.690479841833493
32,0.3105590062111801,18.490190046645736
32,0.3167701863354037,16.50752760503487
32,0.32298136645962733,23.951174949028587
32,0.3291925465838509,8.039881574507
32,0.3354037267080745,8.562148103385553
32,0.3416149068322981,10.587592865102652
32,0.34782608695652173,4.193700181912929
32,0.35403726708074534,6.242113310363168
32,0.3602484472049689,11.8255196678115
32,0.3664596273291925,9.966590039683627
32,0.37267080745341613,4.487988274633857
32,0.37888198757763975,7.1610328203482805
32,0.3850931677018633,7.143510103335547
32,0.3913043478260869,16.616805389105078
32,0.39751552795031053,7.425681967843679
32,0.40372670807453415,10.72668919687846
32,0.40993788819875776,4.63931217554013
32,0.4161490683229813,4.367249016228375
32,0.42236024844720493,6.670559510893922
32,0.42857142857142855,3.763802798276436
32,0.43478260869565216,9.473823113801007
32,0.4409937888198757,4.894441851174848
32,0.44720496894409933,11.14532791250344
32,0.45341614906832295,17.589072010461244
32,0.45962732919254656,11.400016240618218
32,0.4658385093167702,13.698214741684158
32,0.47204968944099374,10.013840270262492
32,0.47826086956521735,3.4613390176283003
32,0.48447204968944096,9.706412665876503
32,0.4906832298136646,16.958359394724933
32,0.49689440993788814,17.118780962416363
33,0.0,8.881784197001252e-16
33,0.0064516129032258064,9.145036520335713
33,0.012903225806451613,10.792765639770884
33,0.01935483870967742,8.194337037394055
33,0.025806451612903226,12.538618958923621
33,0.03225806451612903,4.83571734253902
33,0.03870967741935484,10.409363827128722
33,0.04516129032258064,33.72386944563559
33,0.05161290322580645,10.231766935772686
33,0.05806451612903226,2.1910973738383857
33,0.06451612903225806,2.306635621457421
33,0.07096774193548387,11.694607621325858
33,0.07741935483870968,7.204145935069971
33,0.08387096774193549,7.428752138450402
33,0.09032258064516129,11.33778270832843
33,0.0967741935483871,1.8059136366764956
33,0.1032258064516129,5.162206047983941
33,0.10967741935483871,11.930258757342857
33,0.11612903225806452,13.678573488958591
33,0.12258064516129032,16.561389698857877
33,0.12903225806451613,14.888752194337808
33,0.13548387096774195,5.685617240666557
33,0.14193548387096774,3.275156864347617
33,0.14838709677419354,10.78146826492258
33,0.15483870967741936,8.488215445104705
33,0.16129032258064516,11.729582807804297
33,0.16774193548387098,4.431591298361336
33,0.17419354838709677,12.20219891091023
33,0.18064516129032257,12.568674320608412
33,0.1870967741935484,24.178377901518346
33,0.1935483870967742,20.484760100033743
33,0.2,1.5106601398782784
33,0.2064516129032258,15.226184146438857
33,0.2129032258064516,12.412674968065136
33,0.21935483870967742,8.64529015499108
33,0.22580645161290322,10.69633426045544
33,0.23225806451612904,5.001166457172394
33,0.23870967741935484,13.241022817792093
33,0.24516129032258063,21.11608622088805
33,0.25161290322580643,3.524377482044915
33,0.25806451612903225,5.9806333905261155
33,0.2645161290322581,15.984254718273666
33,0.2709677419354839,4.87168229914734
33,0.27741935483870966,12.586084523765239
33,0.2838709677419355,17.527123511582598
33,0.2903225806451613,14.682776552333392
33,0.2967741935483871,8.514648125120999
33,0.3032258064516129,12.832713852783462
33,0.3096774193548387,6.053658311513323
33,0.3161290322580645,7.786282597530591
33,0.3225806451612903,15.063432407076336
33,0.32903225806451614,13.227703058646723
33,0.33548387096774196,24.595201499493143
33,0.3419354838709677,12.261710636010072
33,0.34838709677419355,9.855466225436684
33,0.3548387096774194,11.637077178624946
33,0.36129032258064514,16.222107869417417
33,0.36774193548387096,0.9140229695005894
33,0.3741935483870968,17.188768591104
33,0.38064516129032255,6.708084722352237
33,0.3870967741935484,22.75811612298786
33,0.3935483870967742,12.258477558322664
33,0.4,2.908949436866682
33,0.4064516129032258,6.217332646865261
33,0.4129032258064516,5.71929756517816
33,0.41935483870967744,12.08879277887817
33,0.4258064516129032,2.70724356907167
33,0.432258064516129,2.8327448618812565
33,0.43870967741935485,2.6500618520479753
33,0.44516129032258067,16.269126899319495
33,0.45161290322580644,12.280822429947968
33,0.45806451612903226,10.004640242536153
33,0.4645161290322581,3.545214493887644
33,0.47096774193548385,18.53263545084535
33,0.4774193548387097,17.53602489277618
33,0.4838709677419355,13.257515916687774
33,0.49032258064516127,11.611997151310591
33,0.4967741935483871,17.59987426844675
34,0.0,1.2434497875801753e-14
34,0.0064516129032258064,31.525389491183187
34,0.012903225806451613,8.000483968875544
34,0.01935483870967742,22.49231026892157
34,0.025806451612903226,6.284906411913857
34,0.03225806451612903,11.417089764951939
34,0.03870967741935484,4.69549168873908
34,0.04516129032258064,17.392389937530595
34,0.05161290322580645,18.98810714551527
34,0.05806451612903226,3.618107787154582
34,0.06451612903225806,8.734154895089503
34,0.07096774193548387,7.218227877111364
34,0.07741935483870968,3.441602208345256
34,0.08387096774193549,12.581781522208322
34,0.09032258064516129,11.30413284087807
34,0.0967741935483871,6.048281093035589
34,0.1032258064516129,13.444355081338774
34,0.10967741935483871,4.7408243015401945
34,0.11612903225806452,2.8064770594834876
34,0.12258064516129032,15.853768864256097
34,0.12903225806451613,20.39533587650654
34,0.13548387096774195,14.93580437683296
34,0.14193548387096774,14.226736150436512
34,0.14838709677419354,13.777532853926548
34,0.15483870967741936,12.982981262747911
34,0.16129032258064516,11.037357851162474
34,0.16774193548387098,15.478742849814262
34,0.17419354838709677,14.218804624249755
34,0.18064516129032257,30.84855274748541
34,0.1870967741935484,5.137382722138391
34,0.1935483870967742,8.498621780702914
34,0.2,13.70658646043572
34,0.2064516129032258,21.586589088770992
34,0.2129032258064516,6.570176798047608
34,0.21935483870967742,15.150976036069466
34,0.22580645161290322,6.24145953121639
34,0.23225806451612904,14.371970483455165
34,0.23870967741935484,12.056534176222359
34,0.24516129032258063,3.852408616379003
34,0.25161290322580643,8.660373112551765
34,0.25806451612903225,22.128359133470614
34,0.2645161290322581,4.8711852397049356
34,0.2709677419354839,8.985971496900444
34,0.27741935483870966,7.548415390892106
34,0.2838709677419355,1.8827842100109229
34,0.2903225806451613,14.314752189498629
34,0.2967741935483871,13.342320738021357
34,0.3032258064516129,4.313452422330159
34,0.3096774193548387,7.870217327299244
34,0.3161290322580645,8.855347911593764
34,0.3225806451612903,2.9673928544464454
34,0.32903225806451614,3.917581753707581
34,0.33548387096774196,6.169087430168697
34,0.3419354838709677,7.3195917861376465
34,0.34838709677419355,8.907909047629204
34,0.3548387096774194,17.028174556411056
34,0.36129032258064514,13.354688560988787
34,0.36774193548387096,3.1505840397667924
34,0.3741935483870968,11.242723541317911
34,0.38064516129032255,12.488483151832044
34,0.3870967741935484,7.57797618994306
34,0.3935483870967742,8.847065768418007
34,0.4,15.588111392835259
34,0.4064516129032258,7.5898543047394815
34,0.4129032258064516,5.9728219512200695
34,0.41935483870967744,3.6422426752642054
34,0.4258064516129032,7.294689869007915
34,0.432258064516129,10.606270698517298
34,0.43870967741935485,11.005504351588163
34,0.44516129032258067,20.192784519515932
34,0.45161290322580644,5.937201237300324
34,0.45806451612903226,9.325852357730708
34,0.4645161290322581,15.73431374733315
34,0.47096774193548385,8.489327119959459
34,0.4774193548387097,20.553349785526994
34,0.4838709677419355,10.647421905169224
34,0.49032258064516127,1.2779652018647747
34,0.4967741935483871,11.090861601993215
35,0.0,1.2434497875801753e-14
35,0.006329113924050633,12.465129849483523
35,0.012658227848101266,9.117886422013605
35,0.0189873417721519,10.766932543158948
35,0.02531645569620253,20.70699055134663
35,0.03164556962025317,29.94624885866195
35,0.0379746835443038,20.61524273872724
35,0.04430379746835443,13.439085533649322
35,0.05063291139240506,10.027612800079448
35,0.056962025316455694,11.787037951190019
35,0.06329113924050633,16.851529525890935
35,0.06962025316455696,10.26029991316904
35,0.0759493670886076,16.42392178206013
35,0.08227848101265822,10.67902240326291
35,0.08860759493670886,8.11269296125515
35,0.09493670886075949,8.931318927817781
35,0.10126582278481013,8.55918939629222
35,0.10759493670886076,4.657068241973186
35,0.11392405063291139,6.719205208050988
35,0.12025316455696203,1.9968517014671565
35,0.12658227848101267,11.43119118783267
35,0.13291139240506328,12.292122599241115
35,0.13924050632911392,7.660021809590532
35,0.14556962025316456,4.587678025390909
35,0.1518987341772152,9.841393791820394
35,0.15822784810126583,6.303101674421816
35,0.16455696202531644,3.851250457628933
35,0.17088607594936708,5.807171351413115
35,0.17721518987341772,6.012084504839274
35,0.18354430379746836,11.532641676325868
35,0.18987341772151897,7.729682747710184
35,0.1962025316455696,13.546097577960598
35,0.20253164556962025,7.388764046480072
35,0.2088607594936709,22.28634257817018
35,0.21518987341772153,15.702123985611607
35,0.22151898734177214,2.990317879954999
35,0.22784810126582278,6.351320666326076
35,0.23417721518987342,6.304238654660416
35,0.24050632911392406,30.124304895109578
35,0.24683544303797467,8.7503166464127
35,0.25316455696202533,24.4111019118674
35,0.25949367088607594,9.88076826697001
35,0.26582278481012656,7.152920411239452
35,0.2721518987341772,16.572502568238843
35,0.27848101265822783,10.739158516364443
35,0.2848101265822785,28.857183682274197
35,0.2911392405063291,17.549463780167727
35,0.2974683544303797,9.055922048159983
35,0.3037974683544304,11.390344299034542
35,0.310126582278481,5.331207022193111
35,0.31645569620253167,9.249150402769905
35,0.3227848101265823,9.504017873614174
35,0.3291139240506329,10.633838805027349
35,0.33544303797468356,10.608185068148037
35,0.34177215189873417,3.474613925544546
35,0.3481012658227848,20.486647398393764
35,0.35443037974683544,3.2243710109456583
35,0.36075949367088606,9.702136899713771
35,0.3670886075949367,3.2488305216777076
35,0.37341772151898733,5.48034959379099
35,0.37974683544303794,22.063112014547208
35,0.3860759493670886,6.966303876517239
35,0.3924050632911392,7.22836030748647
35,0.3987341772151899,3.549101422835477
35,0.4050632911392405,10.259010661398817
35,0.4113924050632911,18.18511856703292
35,0.4177215189873418,19.7860233120006
35,0.4240506329113924,6.335751834472029
35,0.43037974683544306,7.997728427971532
35,0.43670886075949367,16.32926475277022
35,0.4430379746835443,4.518194965418815
35,0.44936708860759494,9.394717909209897
35,0.45569620253164556,8.754932168370328
35,0.4620253164556962,9.59683498391493
35,0.46835443037974683,12.635502397398135
35,0.47468354430379744,10.180179008222083
35,0.4810126582278481,4.166898955931033
35,0.4873417721518987,4.295529245119574
35,0.49367088607594933,8.075113926132875
36,0.0,1.199040866595169e-14
36,0.006329113924050633,10.11434567827146
36,0.012658227848101266,12.56469565131807
36,0.0189873417721519,3.0650604751108954
36,0.02531645569620253,15.20751128206766
36,0.03164556962025317,7.84977901688219
36,0.0379746835443038,6.507777174503641
36,0.04430379746835443,22.086507632052044
36,0.05063291139240506,8.043115891870318
36,0.056962025316455694,12.857596384889037
36,0.06329113924050633,3.0882431830573296
36,0.06962025316455696,10.019056351061472
36,0.0759493670886076,14.040782883122757
36,0.08227848101265822,13.6789926842068
36,0.08860759493670886,9.077641683729906
36,0.09493670886075949,7.361503895766223
36,0.10126582278481013,16.1869944453961
36,0.10759493670886076,10.872448912014931
36,0.11392405063291139,4.006812232396211
36,0.12025316455696203,15.039138066075356
36,0.12658227848101267,6.634268093548987
36,0.13291139240506328,19.262338101462404
36,0.13924050632911392,15.254327507533432
36,0.14556962025316456,4.702674280670193
36,0.1518987341772152,8.040961298725426
36,0.15822784810126583,11.258083297748362
36,0.16455696202531644,6.785233265161024
36,0.17088607594936708,9.494303774339803
36,0.17721518987341772,11.940781081167428
36,0.18354430379746836,10.992947937512692
36,0.18987341772151897,16.877700499288103
36,0.1962025316455696,9.825991296934593
36,0.20253164556962025,22.525952329147053
36,0.2088607594936709,7.201515780802003
36,0.21518987341772153,8.752571838340483
36,0.22151898734177214,22.814909762246305
36,0.22784810126582278,11.92490341409128
36,0.23417721518987342,4.956550267430754
36,0.24050632911392406,12.877221116846146
36,0.24683544303797467,16.70627359764419
36,0.25316455696202533,13.292903021278345
36,0.25949367088607594,3.163833464005314
36,0.26582278481012656,11.609242732485827
36,0.2721518987341772,22.00521050798642
36,0.27848101265822783,13.309061027041503
36,0.2848101265822785,4.608684666719042
36,0.2911392405063291,10.670606146995167
36,0.2974683544303797,2.968884507317133
36,0.3037974683544304,10.294982648440858
36,0.310126582278481,15.506208459368738
36,0.31645569620253167,9.631720029782034
36,0.3227848101265823,8.339790132871077
36,0.3291139240506329,6.155311028752803
36,0.33544303797468356,16.411108104347598
36,0.34177215189873417,19.39509694480807
36,0.3481012658227848,5.346728083953777
36,0.35443037974683544,12.691750535356041
36,0.36075949367088606,11.158010159243052
36,0.3670886075949367,16.385207536331297
36,0.37341772151898733,3.0687568211290324
36,0.37974683544303794,8.810120408046272
36,0.3860759493670886,12.875237810395143
36,0.3924050632911392,20.949881934294275
36,0.3987341772151899,12.690922386520565
36,0.4050632911392405,7.598233851652789
36,0.4113924050632911,1.5994938472810474
36,0.4177215189873418,8.693557176886252
36,0.4240506329113924,10.465508059751903
36,0.43037974683544306,4.805715186477798
36,0.43670886075949367,9.798264690994445
36,0.4430379746835443,27.927046041045227
36,0.44936708860759494,17.21641950389404
36,0.45569620253164556,14.029654445700002
36,0.4620253164556962,10.027834340180883
36,0.46835443037974683,20.452785297694433
36,0.47468354430379744,13.735051594349251
36,0.4810126582278481,15.98428374435262
36,0.4873417721518987,10.412954240338172
36,0.49367088607594933,4.078696717433532
37,0.0,1.4210854715202004e-14
37,0.00625,9.326576437814188
37,0.0125,15.553846423022017
37,0.018750000000000003,5.252903480823657
37,0.025,14.158693746812036
37,0.03125,11.650631804741327
37,0.037500000000000006,19.877323169100535
37,0.043750000000000004,27.455210527396265
37,0.05,6.466285956746976
37,0.05625,8.720848198669428
37,0.0625,16.523834758365677
37,0.06875,7.754792309409067
37,0.07500000000000001,18.83537597980308
37,0.08125,23.910543807745682
37,0.08750000000000001,5.522355587752449
37,0.09375,10.899946657069439
37,0.1,8.267794179669941
37,0.10625000000000001,12.231089620958917
37,0.1125,11.43276829236892
37,0.11875000000000001,13.033821990188189
37,0.125,3.933851413988023
37,0.13125,8.50659435580295
37,0.1375,10.523791707192888
37,0.14375000000000002,6.291657221250587
37,0.15000000000000002,10.416424785087152
37,0.15625,13.874907399200996
37,0.1625,7.214276335477149
37,0.16875,10.079033122927004
37,0.17500000000000002,11.02941611207519
37,0.18125000000000002,16.477421479824866
37,0.1875,3.054088592661752
37,0.19375,14.151957127129126
37,0.2,7.09328222482847
37,0.20625000000000002,19.722592771168188
37,0.21250000000000002,17.2204734517751
37,0.21875,5.942119006537829
37,0.225,13.731235987616822
37,0.23125,12.444258337343935
37,0.23750000000000002,20.182605621847898
37,0.24375000000000002,18.187895080966552
37,0.25,7.495311184532495
37,0.25625000000000003,11.203498567278462
37,0.2625,12.576738708753036
37,0.26875,17.91731874575915
37,0.275,4.900445593641234
37,0.28125,8.223124758377535
37,0.28750000000000003,16.682899515728636
37,0.29375,13.578488955783387
37,0.30000000000000004,19.8321543747564
37,0.30625,9.697162174635293
37,0.3125,9.462037455030783
37,0.31875000000000003,23.79590476528021
37,0.325,12.771376626138673
37,0.33125000000000004,13.890149169835917
37,0.3375,18.36731447037809
37,0.34375,7.750379726737954
37,0.35000000000000003,15.463014757141371
37,0.35625,8.91001156816427
37,0.36250000000000004,8.637775949401194
37,0.36875,11.641377233709846
37,0.375,7.580306366120612
37,0.38125000000000003,13.159342059891296
37,0.3875,11.584595344036668
37,0.39375000000000004,5.456266972143866
37,0.4,6.23615338159853
37,0.40625,4.509735511651816
37,0.41250000000000003,9.062297257754945
37,0.41875,19.328284784713166
37,0.42500000000000004,4.1478866155529515
37,0.43125,5.578555328508118
37,0.4375,7.0489726000849835
37,0.44375000000000003,7.607035385609992
37,0.45,17.620766564424105
37,0.45625000000000004,7.430308092005441
37,0.4625,12.115524185582524
37,0.46875,9.170934398786772
37,0.47500000000000003,13.582408329834006
37,0.48125,5.2612481348036155
37,0.48750000000000004,6.957782708588139
37,0.49375,11.614311421105082
38,0.0,3.9968028886505635e-15
38,0.00625,28.859660854749205
38,0.0125,23.25932028318862
38,0.018750000000000003,4.098460417765512
38,0.025,11.467373906004134
38,0.03125,28.576872632657064
38,0.037500000000000006,16.5614230068199
38,0.043750000000000004,23.997504810817635
38,0.05,9.342001593721259
38,0.05625,6.089393630907637
38,0.0625,13.5256119682855
38,0.06875,8.358838416703959
38,0.07500000000000001,6.399858564425728
38,0.08125,9.200616985758051
38,0.08750000000000001,7.388164295710792
38,0.09375,7.935411718134271
38,0.1,15.067309731230795
38,0.10625000000000001,22.076096904765507
38,0.1125,19.659349178074393
38,0.11875000000000001,15.963982990310662
38,0.125,10.114931013724046
38,0.13125,9.764136384050072
38,0.1375,10.268902212563523
38,0.14375000000000002,9.74474593772092
38,0.15000000000000002,7.760203698355503
38,0.15625,19.13198853447158
38,0.1625,5.978953047401062
38,0.16875,12.18589914853695
38,0.17500000000000002,14.131905743432531
38,0.18125000000000002,5.367538315682359
38,0.1875,4.582994108187003
38,0.19375,7.512993835235178
38,0.2,24.10331635752699
38,0.20625000000000002,11.60969953941776
38,0.21250000000000002,15.899581068505093
38,0.21875,11.12496255132523
38,0.225,5.49066726696331
38,0.23125,9.795261748016225
38,0.23750000000000002,12.611381200217648
38,0.24375000000000002,6.0450365065028295
38,0.25,9.588314456139909
38,0.25625000000000003,4.050427488539707
38,0.2625,27.008698605462065
38,0.26875,8.27068179631829
38,0.275,19.91193152787433
38,0.28125,7.9811866072414075
38,0.28750000000000003,14.14800607357995
38,0.29375,13.64477435503952
38,0.30000000000000004,15.031122208176415
38,0.30625,14.259416965492989
38,0.3125,3.308787818804591
38,0.31875000000000003,10.473226734096178
38,0.325,8.102773669201799
38,0.33125000000000004,3.7989260497971475
38,0.3375,4.667641759763071
38,0.34375,4.730995514927924
38,0.35000000000000003,1.3808910430781849
38,0.35625,12.822902573849388
38,0.36250000000000004,12.667016699894777
38,0.36875,9.696569197967053
38,0.375,18.044521989011127
38,0.38125000000000003,14.398039300942113
38,0.3875,5.171836085834762
38,0.39375000000000004,5.847575790647112
38,0.4,14.434118348169271
38,0.40625,11.948729239347925
38,0.41250000000000003,8.403910254469414
38,0.41875,13.073336845528912
38,0.42500000000000004,10.77316684960829
38,0.43125,5.7267856391866285
38,0.4375,7.922297015243703
38,0.44375000000000003,12.190399883076397
38,0.45,1.1941415841193388
38,0.45625000000000004,14.353210415724151
38,0.4625,10.303064801190233
38,0.46875,5.567758353841059
38,0.47500000000000003,4.477663720795426
38,0.48125,5.226961433026059
38,0.48750000000000004,9.823716995475955
38,0.49375,2.5325329095955764
39,0.0,8.881784197001252e-15
39,0.006493506493506494,12.797851355831014
39,0.012987012987012988,19.520231311276657
39,0.01948051948051948,12.566591948561348
39,0.025974025974025976,10.521084422045467
39,0.03246753246753247,19.433410827393363
39,0.03896103896103896,5.097224883785827
39,0.045454545454545456,15.248792270066456
39,0.05194805194805195,17.272713937306957
39,0.05844155844155845,10.240431201645412
39,0.06493506493506494,18.01380558537162
39,0.07142857142857144,6.900619153203679
39,0.07792207792207792,13.290573512370361
39,0.08441558441558442,7.169768594016211
39,0.09090909090909091,22.205332056881378
39,0.09740259740259741,20.282880657665547
39,0.1038961038961039,7.298369707313089
39,0.1103896103896104,11.37008418406822
39,0.1168831168831169,16.807124197696922
39,0.12337662337662339,8.937078888322768
39,0.12987012987012989,11.746219114698373
39,0.13636363636363638,2.7599385294869903
39,0.14285714285714288,15.61175003282276
39,0.14935064935064937,14.186338522036213
39,0.15584415584415584,19.966021006354467
39,0.16233766233766234,2.55100796467315
39,0.16883116883116883,16.07850664003727
39,0.17532467532467533,6.266143561716889
39,0.18181818181818182,9.08401879438022
39,0.18831168831168832,4.1006995576554734
39,0.19480519480519481,2.4038938436590493
39,0.2012987012987013,0.6794911474735212
39,0.2077922077922078,14.358069670749487
39,0.2142857142857143,12.57533488386009
39,0.2207792207792208,12.812524952319528
39,0.2272727272727273,11.896513272924738
39,0.2337662337662338,14.275439395956544
39,0.24025974025974028,7.215603552061229
39,0.24675324675324678,2.445968445336479
39,0.2532467532467533,7.112946996185923
39,0.25974025974025977,11.356152278701986
39,0.26623376623376627,17.734707374541777
39,0.27272727272727276,12.815122222765359
39,0.27922077922077926,15.95917169165238
39,0.28571428571428575,8.987250740335803
39,0.29220779220779225,13.728790024006415
39,0.29870129870129875,19.839876391145623
39,0.30519480519480524,15.620419743293526
39,0.3116883116883117,8.580979740422642
39,0.3181818181818182,11.21867937934319
39,0.3246753246753247,13.359252666908034
39,0.33116883116883117,8.974777780036446
39,0.33766233766233766,16.143514800498025
39,0.34415584415584416,7.185404392700367
39,0.35064935064935066,15.753711662763411
39,0.35714285714285715,3.676461157065985
39,0.36363636363636365,6.155585006107571
39,0.37012987012987014,11.273742929903877
39,0.37662337662337664,9.119535583077093
39,0.38311688311688313,16.795943560032267
39,0.38961038961038963,9.343210726271934
39,0.3961038961038961,13.329467897135087
39,0.4025974025974026,5.896716270858467
39,0.4090909090909091,12.345712267126657
39,0.4155844155844156,7.148756284578222
39,0.4220779220779221,8.872119701955965
39,0.4285714285714286,3.686248510959945
39,0.4350649350649351,7.943939900762375
39,0.4415584415584416,14.682041250722106
39,0.4480519480519481,7.173720232467129
39,0.4545454545454546,7.357447520210885
39,0.4610389610389611,5.509081957457308
39,0.4675324675324676,17.585714056086434
39,0.4740259740259741,13.462546378405577
39,0.48051948051948057,10.375007327959368
39,0.48701298701298706,15.142610880510626
39,0.49350649350649356,14.799782282275801
40,0.0,6.217248937900877e-15
40,0.006993006993006993,15.212166054292293
40,0.013986013986013986,11.650856531735199
40,0.02097902097902098,15.235437985848211
40,0.027972027972027972,4.030803636810252
40,0.03496503496503497,5.793491039493061
40,0.04195804195804196,4.675169928716116
40,0.04895104895104895,8.927081627957078
40,0.055944055944055944,1.9689311230180893
40,0.06293706293706294,11.533260481859614
40,0.06993006993006994,9.773133635128058
40,0.07692307692307693,18.71612907744019
40,0.08391608391608392,13.088044583241498
40,0.09090909090909091,7.2849453203058046
40,0.0979020979020979,5.606899864587972
40,0.1048951048951049,25.25235734519509
40,0.11188811188811189,14.565012360628426
40,0.11888111888111888,18.94775563057252
40,0.1258741258741259,5.278335898828231
40,0.13286713286713286,6.805292749058256
40,0.13986013986013987,7.293609237362489
40,0.14685314685314685,8.080940652270984
40,0.15384615384615385,11.339189654064338
40,0.16083916083916083,18.114462864276813
40,0.16783216783216784,5.831210209509218
40,0.17482517482517482,11.959167304988533
40,0.18181818181818182,10.955970574901519
40,0.1888111888111888,16.049536091881464
40,0.1958041958041958,2.215520329865408
40,0.20279720279720279,4.722064015370585
40,0.2097902097902098,13.594495175917151
40,0.21678321678321677,17.402492397353093
40,0.22377622377622378,6.345580433324222
40,0.23076923076923078,11.144755399572421
40,0.23776223776223776,17.35625308417965
40,0.24475524475524477,7.076493633379035
40,0.2517482517482518,14.983034734410493
40,0.25874125874125875,9.662350832981472
40,0.26573426573426573,20.713529793269828
40,0.2727272727272727,7.010501368083596
40,0.27972027972027974,7.219517540278909
40,0.2867132867132867,11.55413444415355
40,0.2937062937062937,6.645829690404514
40,0.3006993006993007,10.303667552254284
40,0.3076923076923077,12.38709126725168
40,0.3146853146853147,5.672520171240924
40,0.32167832167832167,2.81812551894961
40,0.32867132867132864,4.7612865612761714
40,0.3356643356643357,10.631750220755322
40,0.34265734265734266,9.064115582928794
40,0.34965034965034963,18.298814079072656
40,0.35664335664335667,12.1568185059161
40,0.36363636363636365,11.761486453174285
40,0.3706293706293706,18.690636648210727
40,0.3776223776223776,11.33882573354786
40,0.38461538461538464,26.604903258491643
40,0.3916083916083916,6.510419552809172
40,0.3986013986013986,11.662073039890151
40,0.40559440559440557,18.04704163128341
40,0.4125874125874126,9.584813956832416
40,0.4195804195804196,5.503128132251506
40,0.42657342657342656,11.82677131483203
40,0.43356643356643354,17.617131038101668
40,0.4405594405594406,11.717960837636385
40,0.44755244755244755,5.745705953533896
40,0.45454545454545453,11.74674423605896
40,0.46153846153846156,3.9021446673343356
40,0.46853146853146854,13.424241282120622
40,0.4755244755244755,10.831913209898001
40,0.4825174825174825,4.518329997182449
40,0.48951048951048953,10.519998427234302
40,0.4965034965034965,3.6164885848573194
41,0.0,8.881784197001252e-16
41,0.006289308176100629,31.169166654565128
41,0.012578616352201259,8.215178341750681
41,0.01886792452830189,11.02561275997054
41,0.025157232704402517,12.9384129853516
41,0.031446540880503145,7.747704673788389
41,0.03773584905660378,2.927001213063092
41,0.04402515723270441,8.642179254140888
41,0.050314465408805034,8.495948068410641
41,0.05660377358490566,18.075934040574214
41,0.06289308176100629,9.792706811067726
41,0.06918238993710692,15.321056790782174
41,0.07547169811320756,1.6109953328263962
41,0.08176100628930819,7.894400887603533
41,0.08805031446540881,7.7152387914838165
41,0.09433962264150944,2.0888409671931507
41,0.10062893081761007,18.57179634450989
41,0.1069182389937107,13.710890968253329
41,0.11320754716981132,13.704863478371008
41,0.11949685534591195,15.64231611045778
41,0.12578616352201258,7.629341973333296
41,0.1320754716981132,12.452028821295073
41,0.13836477987421383,13.830926826652862
41,0.14465408805031446,8.361822079288912
41,0.15094339622641512,12.083713178462531
41,0.15723270440251574,14.00588176113899
41,0.16352201257861637,10.770210138251763
41,0.169811320754717,5.131816027616711
41,0.17610062893081763,5.013336180085847
41,0.18238993710691825,4.798457333856433
41,0.18867924528301888,3.6497522045056465
41,0.1949685534591195,7.91780635279925
41,0.20125786163522014,11.435114652709299
41,0.20754716981132076,17.167397253040004
41,0.2138364779874214,5.381527700653643
41,0.22012578616352202,12.948654677872042
41,0.22641509433962265,20.69341668868789
41,0.23270440251572327,10.782070083233725
41,0.2389937106918239,13.726716538040753
41,0.24528301886792453,17.479822772283086
41,0.25157232704402516,4.010312020272612
41,0.2578616352201258,6.084432421539998
41,0.2641509433962264,13.522435946582787
41,0.27044025157232704,16.853068253599982
41,0.27672955974842767,3.986859402509758
41,0.2830188679245283,9.659909912760435
41,0.2893081761006289,20.57646294686526
41,0.29559748427672955,8.373075522432739
41,0.30188679245283023,13.034321040607244
41,0.30817610062893086,12.736115423926718
41,0.3144654088050315,14.19648586324173
41,0.3207547169811321,17.097228114788326
41,0.32704402515723274,13.369771744460111
41,0.33333333333333337,12.15988597312531
41,0.339622641509434,16.015968909257918
41,0.3459119496855346,6.931471390197233
41,0.35220125786163525,10.289269143013167
41,0.3584905660377359,8.389939493852623
41,0.3647798742138365,2.5309788219312988
41,0.37106918238993714,25.187834875665597
41,0.37735849056603776,17.990697941855085
41,0.3836477987421384,18.908363098367143
41,0.389937106918239,10.936011942952318
41,0.39622641509433965,26.02803911057633
41,0.4025157232704403,9.785242107935936
41,0.4088050314465409,11.974321529304797
41,0.41509433962264153,2.9030776924860233
41,0.42138364779874216,7.37102862652443
41,0.4276729559748428,12.765875787449481
41,0.4339622641509434,2.8367194021438547
41,0.44025157232704404,2.5762265646634623
41,0.44654088050314467,1.1983059944683665
41,0.4528301886792453,18.016267159843885
41,0.4591194968553459,8.047411775653746
41,0.46540880503144655,3.107555653892172
41,0.4716981132075472,23.672248730179476
41,0.4779874213836478,10.14183326765169
41,0.48427672955974843,11.337064803062177
41,0.49056603773584906,4.970511259993369
41,0.4968553459119497,5.490874130828335
42,0.0,1.7763568394002505e-15
42,0.006329113924050633,27.023765509673254
42,0.012658227848101266,2.5184214041036683
42,0.0189873417721519,13.558225682356497
42,0.02531645569620253,6.649059620986101
42,0.03164556962025317,3.5817430588736916
42,0.0379746835443038,14.729705640139327
42,0.04430379746835443,8.344981999486075
42,0.05063291139240506,2.4439611373360255
42,0.056962025316455694,8.820135407585044
42,0.06329113924050633,16.403615321270554
42,0.06962025316455696,7.3193757077641415
42,0.0759493670886076,12.700461582943527
42,0.08227848101265822,15.76967223510568
42,0.08860759493670886,14.688410997373298
42,0.09493670886075949,18.573560031463167
42,0.10126582278481013,9.045019443506478
42,0.10759493670886076,15.880653266259587
42,0.11392405063291139,18.578097923655942
42,0.12025316455696203,9.387985479961221
42,0.12658227848101267,5.17389583098127
42,0.13291139240506328,9.711538878320887
42,0.13924050632911392,22.79300535012357
42,0.14556962025316456,26.049958946835257
42,0.1518987341772152,6.228250543876236
42,0.15822784810126583,12.3844744521833
42,0.16455696202531644,6.149180360925576
42,0.17088607594936708,2.769789655200138
42,0.17721518987341772,4.462057266236983
42,0.18354430379746836,10.146641557689767
42,0.18987341772151897,14.23032765049724
42,0.1962025316455696,15.120925827604566
42,0.20253164556962025,11.374539676026114
42,0.2088607594936709,3.0803006074518966
42,0.21518987341772153,22.2176019727473
42,0.22151898734177214,24.385694442053257
42,0.22784810126582278,12.103767958019757
42,0.23417721518987342,14.903365400525509
42,0.24050632911392406,7.906424983615462
42,0.24683544303797467,14.40411189900471
42,0.25316455696202533,10.338071620228478
42,0.25949367088607594,9.71040601212978
42,0.26582278481012656,5.757904748326386
42,0.2721518987341772,10.591338670529046
42,0.27848101265822783,4.984243507118688
42,0.2848101265822785,14.84797371622714
42,0.2911392405063291,15.70320573637497
42,0.2974683544303797,5.690530192178002
42,0.3037974683544304,13.192152529026478
42,0.310126582278481,1.1192916217101738
42,0.31645569620253167,6.349743298465785
42,0.3227848101265823,13.0037257388541
42,0.3291139240506329,19.961323030638344
42,0.33544303797468356,9.840664230147452
42,0.34177215189873417,9.201345394610573
42,0.3481012658227848,10.924347201244155
42,0.35443037974683544,4.9549684667227245
42,0.36075949367088606,10.996367970974402
42,0.3670886075949367,14.235302486077508
42,0.37341772151898733,14.424056823535109
42,0.37974683544303794,11.141411836441232
42,0.3860759493670886,10.488857634610351
42,0.3924050632911392,5.1236007587738515
42,0.3987341772151899,8.802711485740218
42,0.4050632911392405,13.04173408973625
42,0.4113924050632911,17.615144533991117
42,0.4177215189873418,23.132274542245597
42,0.4240506329113924,10.687095646894173
42,0.43037974683544306,2.75421058754004
42,0.43670886075949367,15.78099881183391
42,0.4430379746835443,5.31122049790692
42,0.44936708860759494,9.57221654599234
42,0.45569620253164556,18.052500981634655
42,0.4620253164556962,3.596929667615636
42,0.46835443037974683,11.981192954509991
42,0.47468354430379744,4.620257254928557
42,0.4810126582278481,12.469050559252475
42,0.4873417721518987,6.514948664812317
42,0.49367088607594933,6.107728351348726
43,0.0,3.552713678800501e-15
43,0.006211180124223602,32.83582950810508
43,0.012422360248447204,8.693049631897992
43,0.018633540372670808,27.201225342698432
43,0.024844720496894408,23.93109776491793
43,0.03105590062111801,13.858895386843018
43,0.037267080745341616,8.659642834172415
43,0.043478260869565216,19.323465667799702
43,0.049689440993788817,14.816893798172753
43,0.05590062111801242,5.6574126846038775
43,0.06211180124223602,25.222820691141244
43,0.06832298136645962,24.820550848264958
43,0.07453416149068323,12.461019954739445
43,0.08074534161490683,16.08677644974606
43,0.08695652173913043,19.857771326945283
43,0.09316770186335403,6.306874519200238
43,0.09937888198757763,11.033249921569539
43,0.10559006211180123,10.157568580264304
43,0.11180124223602483,6.812362548042601
43,0.11801242236024843,2.5246771620372557
43,0.12422360248447203,13.138984619452264
43,0.13043478260869565,15.591121157762739
43,0.13664596273291924,14.94571225929881
43,0.14285714285714285,9.856094322610124
43,0.14906832298136646,4.985197031010033
43,0.15527950310559005,6.529299865989793
43,0.16149068322981366,4.631960014583858
43,0.16770186335403725,1.9949929449237471
43,0.17391304347826086,11.655837881656348
43,0.18012422360248445,9.850580300215018
43,0.18633540372670807,13.164004632593302
43,0.19254658385093165,7.940129990096576
43,0.19875776397515527,13.56353125740532
43,0.20496894409937888,13.657051878762319
43,0.21118012422360247,2.585848925058006
43,0.21739130434782608,7.06037098516387
43,0.22360248447204967,3.2806365939131656
43,0.22981366459627328,2.3384733353130587
43,0.23602484472049687,7.320586078555224
43,0.24223602484472048,6.997087779846664
43,0.24844720496894407,11.779679827436217
43,0.2546583850931677,4.3271878185085
43,0.2608695652173913,8.332080280522272
43,0.2670807453416149,20.19706789565641
43,0.27329192546583847,14.26315909541168
43,0.2795031055900621,18.19831487657373
43,0.2857142857142857,8.609681056602875
43,0.2919254658385093,3.0429436924003315
43,0.2981366459627329,4.955118743112465
43,0.3043478260869565,12.202760951284969
43,0.3105590062111801,1.7201552469051484
43,0.3167701863354037,11.280111454312111
43,0.32298136645962733,1.783325709015451
43,0.3291925465838509,10.208394162068682
43,0.3354037267080745,16.583952970524823
43,0.3416149068322981,18.298940032632878
43,0.34782608695652173,9.845581712747807
43,0.35403726708074534,7.737268228658622
43,0.3602484472049689,7.573090598062054
43,0.3664596273291925,12.794191899607016
43,0.37267080745341613,11.544229158523686
43,0.37888198757763975,4.868175128722358
43,0.3850931677018633,11.765565108888238
43,0.3913043478260869,5.338200022338406
43,0.39751552795031053,13.00604006851698
43,0.40372670807453415,7.229983347797988
43,0.40993788819875776,11.869681531450226
43,0.4161490683229813,13.857889393728241
43,0.42236024844720493,8.81894448353305
43,0.42857142857142855,6.062746878367471
43,0.43478260869565216,7.874921658901191
43,0.4409937888198757,6.858623348894602
43,0.44720496894409933,19.212757996303115
43,0.45341614906832295,22.21267323200008
43,0.45962732919254656,10.867545722464845
43,0.4658385093167702,13.97772767580813
43,0.47204968944099374,14.181656351271133
43,0.47826086956521735,2.892915412867163
43,0.48447204968944096,7.592821398766318
43,0.4906832298136646,12.575526803892519
43,0.49689440993788814,5.009014382063633
44,0.0,1.5765166949677223e-14
44,0.006369426751592357,22.208343336566603
44,0.012738853503184714,8.949219477192829
44,0.019108280254777073,12.377412012399148
44,0.025477707006369428,7.656398470587685
44,0.03184713375796178,19.98360059502422
44,0.038216560509554146,12.987626254741688
44,0.0445859872611465,20.91626022052272
44,0.050955414012738856,13.704205381693354
44,0.05732484076433121,13.908974497684875
44,0.06369426751592357,8.690039074894267
44,0.07006369426751592,13.283662703109755
44,0.07643312101910829,16.721485260826874
44,0.08280254777070065,9.453095676233014
44,0.089171974522293,17.025679401981268
44,0.09554140127388536,6.180255803967257
44,0.10191082802547771,9.465695601016458
44,0.10828025477707007,2.7040578166668174
44,0.11464968152866242,7.872392629513863
44,0.12101910828025478,11.697423575196588
44,0.12738853503184713,17.584088037011725
44,0.1337579617834395,6.228216247069864
44,0.14012738853503184,10.92539240582995
44,0.1464968152866242,7.11410144082854
44,0.15286624203821658,8.638180737743463
44,0.15923566878980894,22.041967055515983
44,0.1656050955414013,2.4529494614448297
44,0.17197452229299365,18.834802904625587
44,0.178343949044586,17.537248642415992
44,0.18471337579617836,2.7079055234272085
44,0.1910828025477707,18.751344154107006
44,0.19745222929936307,10.785013450935434
44,0.20382165605095542,13.22311687256969
44,0.21019108280254778,16.735816755007107
44,0.21656050955414013,11.45320453141348
44,0.2229299363057325,9.443091675009171
44,0.22929936305732485,19.998795279820452
44,0.2356687898089172,12.438135881956073
44,0.24203821656050956,8.550203496012864
44,0.2484076433121019,3.8905025968861007
44,0.25477707006369427,11.093738099742424
44,0.2611464968152866,13.072186282199215
44,0.267515923566879,7.437836092700797
44,0.27388535031847133,12.804841545725
44,0.2802547770700637,9.853030575537009
44,0.28662420382165604,5.869261860680614
44,0.2929936305732484,14.121054858250654
44,0.29936305732484075,3.060006000640332
44,0.30573248407643316,2.1689498811828893
44,0.3121019108280255,15.034987197836372
44,0.3184713375796179,2.102200355678621
44,0.32484076433121023,13.788297669140293
44,0.3312101910828026,6.473190771288729
44,0.33757961783439494,4.255757435391068
44,0.3439490445859873,10.595143224092663
44,0.35031847133757965,24.468781593531045
44,0.356687898089172,15.203118514209232
44,0.36305732484076436,4.03459986066117
44,0.3694267515923567,13.978020568313664
44,0.37579617834394907,6.963040701360091
44,0.3821656050955414,3.3730532592852938
44,0.3885350318471338,8.853575642954718
44,0.39490445859872614,21.29526958102822
44,0.4012738853503185,14.980037384364287
44,0.40764331210191085,20.50451688398695
44,0.4140127388535032,2.8980131021474445
44,0.42038216560509556,20.897496050379093
44,0.4267515923566879,14.718320208194832
44,0.43312101910828027,4.214450459612845
44,0.4394904458598726,9.891233033742816
44,0.445859872611465,11.969620044220502
44,0.45222929936305734,8.233761217862828
44,0.4585987261146497,3.089649549563599
44,0.46496815286624205,8.856700299909996
44,0.4713375796178344,10.383209861884726
44,0.47770700636942676,2.8796771042518006
44,0.4840764331210191,12.473078570069065
44,0.49044585987261147,14.357364736076692
44,0.4968152866242038,9.18004085696094
45,0.0,9.103828801926284e-15
45,0.006289308176100629,13.14750837823269
45,0.012578616352201259,12.211806549800759
45,0.01886792452830189,12.742952370210993
45,0.025157232704402517,21.67078645078053
45,0.031446540880503145,15.916058520332117
45,0.03773584905660378,9.002752819778706
45,0.04402515723270441,14.983394243012055
45,0.050314465408805034,19.94777986409344
45,0.05660377358490566,11.995189710756135
45,0.06289308176100629,12.79389256937475
45,0.06918238993710692,15.700319356065819
45,0.07547169811320756,5.727278617554432
45,0.08176100628930819,18.313868177854065
45,0.08805031446540881,23.630155594934234
45,0.09433962264150944,1.6053604997742066
45,0.10062893081761007,6.239049201702188
45,0.1069182389937107,8.41180936260829
45,0.11320754716981132,18.726869612656717
45,0.11949685534591195,7.9128647163108665
45,0.12578616352201258,18.113106552621712
45,0.1320754716981132,20.798747206142355
45,0.13836477987421383,8.124487173252913
45,0.14465408805031446,7.996889620596812
45,0.15094339622641512,8.369039490275702
45,0.15723270440251574,11.881156877502876
45,0.16352201257861637,0.6875725125302538
45,0.169811320754717,3.096118410187741
45,0.17610062893081763,10.527469516972117
45,0.18238993710691825,15.626870542506195
45,0.18867924528301888,12.002135377022645
45,0.1949685534591195,8.92914036825674
45,0.20125786163522014,12.02861859736201
45,0.20754716981132076,15.23154101314948
45,0.2138364779874214,13.530711891609961
45,0.22012578616352202,21.21835507157218
45,0.22641509433962265,4.449327461827481
45,0.23270440251572327,14.554559379126914
45,0.2389937106918239,9.414200430483755
45,0.24528301886792453,11.704743235121066
45,0.25157232704402516,18.310043953173814
45,0.2578616352201258,12.727293575185195
45,0.2641509433962264,23.80833887403394
45,0.27044025157232704,16.560416742634406
45,0.27672955974842767,5.885256743627743
45,0.2830188679245283,7.708708268561275
45,0.2893081761006289,12.455190923952129
45,0.29559748427672955,4.142346584067997
45,0.30188679245283023,8.084765247496291
45,0.30817610062893086,9.165584305079184
45,0.3144654088050315,16.719232576319786
45,0.3207547169811321,10.368214618081453
45,0.32704402515723274,7.636381098302849
45,0.33333333333333337,6.068483570199576
45,0.339622641509434,6.014789175448454
45,0.3459119496855346,4.9730831327024925
45,0.35220125786163525,17.86967105897736
45,0.3584905660377359,6.85341520173879
45,0.3647798742138365,14.471245157415817
45,0.37106918238993714,10.784401422696332
45,0.37735849056603776,13.694356939272957
45,0.3836477987421384,5.011655860417393
45,0.389937106918239,21.919891825639766
45,0.39622641509433965,6.819684905720065
45,0.4025157232704403,10.203083277703085
45,0.4088050314465409,12.784760952307888
45,0.41509433962264153,6.886698434715795
45,0.42138364779874216,9.304800087152797
45,0.4276729559748428,5.044002204502452
45,0.4339622641509434,2.713453302085968
45,0.44025157232704404,13.902759359479147
45,0.44654088050314467,12.515381939383442
45,0.4528301886792453,11.401775268648711
45,0.4591194968553459,10.400201641316311
45,0.46540880503144655,11.76852967383941
45,0.4716981132075472,7.528788899359017
45,0.4779874213836478,9.86946260449965
45,0.48427672955974843,15.531324106416887
45,0.49056603773584906,10.77553388344751
45,0.4968553459119497,12.821250400127328
46,0.0,6.217248937900877e-15
46,0.006289308176100629,30.70031339753148
46,0.012578616352201259,15.958136139865733
46,0.01886792452830189,8.98197759851206
46,0.025157232704402517,3.1068825031799343
46,0.031446540880503145,1.9732446052821366
46,0.03773584905660378,9.959888288268775
46,0.04402515723270441,19.109103737924087
46,0.050314465408805034,19.938540538066515
46,0.05660377358490566,13.839154341210175
46,0.06289308176100629,5.195514562495381
46,0.06918238993710692,1.6459434934578077
46,0.07547169811320756,9.72622308410603
46,0.08176100628930819,8.651163769799684
46,0.08805031446540881,18.251283974352294
46,0.09433962264150944,10.536944476573165
46,0.10062893081761007,5.534265476617511
46,0.1069182389937107,3.5707899900076665
46,0.11320754716981132,3.3020228568124925
46,0.11949685534591195,3.4623649738006073
46,0.12578616352201258,4.367296647832813
46,0.1320754716981132,13.26707971404522
46,0.13836477987421383,2.2787481310249618
46,0.14465408805031446,8.58259284882912
46,0.15094339622641512,5.2467553485503045
46,0.15723270440251574,6.384777532070008
46,0.16352201257861637,14.124899183738563
46,0.169811320754717,13.014999517324302
46,0.17610062893081763,6.712915236980283
46,0.18238993710691825,11.544984176369484
46,0.18867924528301888,4.9427517269523085
46,0.1949685534591195,18.94203533318384
46,0.20125786163522014,12.933471098454506
46,0.20754716981132076,10.103841052089082
46,0.2138364779874214,15.877494088932009
46,0.22012578616352202,4.9731309968597825
46,0.22641509433962265,10.970348187865248
46,0.23270440251572327,14.885214751653878
46,0.2389937106918239,22.983844099495908
46,0.24528301886792453,8.453632541430354
46,0.25157232704402516,19.272524034912237
46,0.2578616352201258,8.682527517622034
46,0.2641509433962264,9.706382925311935
46,0.27044025157232704,2.478803018642861
46,0.27672955974842767,6.002024461905739
46,0.2830188679245283,17.882265378213866
46,0.2893081761006289,19.154968342324114
46,0.29559748427672955,8.227049445684095
46,0.30188679245283023,17.42915112221036
46,0.30817610062893086,14.523149822543331
46,0.3144654088050315,7.654680225182066
46,0.3207547169811321,24.362373998862758
46,0.32704402515723274,8.0757502963316
46,0.33333333333333337,5.225470165145041
46,0.339622641509434,8.715595507695976
46,0.3459119496855346,3.611869059227955
46,0.35220125786163525,4.973975735524509
46,0.3584905660377359,9.0690948038458
46,0.3647798742138365,13.095925116358464
46,0.37106918238993714,2.1468806756907624
46,0.37735849056603776,7.019563002433766
46,0.3836477987421384,10.358564322994978
46,0.389937106918239,12.74742785254362
46,0.39622641509433965,20.63041620746351
46,0.4025157232704403,3.5001848819923196
46,0.4088050314465409,16.83460292779657
46,0.41509433962264153,10.944796314958166
46,0.42138364779874216,7.222808517011542
46,0.4276729559748428,11.141398773732716
46,0.4339622641509434,22.964866499602298
46,0.44025157232704404,22.03648347349978
46,0.44654088050314467,12.589217544842212
46,0.4528301886792453,14.428352924115584
46,0.4591194968553459,12.305132148216025
46,0.46540880503144655,2.2801857255604885
46,0.4716981132075472,19.005168372259554
46,0.4779874213836478,11.687597908138216
46,0.48427672955974843,9.525458740695422
46,0.49056603773584906,16.428330141145917
46,0.4968553459119497,11.199488853203874
47,0.0,1.7763568394002505e-15
47,0.006369426751592357,13.629805432366158
47,0.012738853503184714,4.638928621307683
47,0.019108280254777073,7.0402347578030655
47,0.025477707006369428,8.617124710693213
47,0.03184713375796178,2.307486596700247
47,0.038216560509554146,12.797180799549876
47,0.0445859872611465,6.381250264281312
47,0.050955414012738856,8.990912329189921
47,0.05732484076433121,7.046917168800448
47,0.06369426751592357,17.13290967582249
47,0.07006369426751592,15.072632382011355
47,0.07643312101910829,5.58581082831839
47,0.08280254777070065,18.951904576413384
47,0.089171974522293,8.38541058523605
47,0.09554140127388536,23.367395135600475
47,0.10191082802547771,7.811585404032704
47,0.10828025477707007,18.537131535523507
47,0.11464968152866242,2.796388511539319
47,0.12101910828025478,8.510014387715167
47,0.12738853503184713,10.162515116853914
47,0.1337579617834395,6.667491316899047
47,0.14012738853503184,1.6904062876836121
47,0.1464968152866242,7.626140905976718
47,0.15286624203821658,1.6711354285702231
47,0.15923566878980894,18.076745677074236
47,0.1656050955414013,8.472826159056893
47,0.17197452229299365,7.861582590730927
47,0.178343949044586,11.260506989286043
47,0.18471337579617836,19.637815288252636
47,0.1910828025477707,14.730076911597006
47,0.19745222929936307,12.8173020950251
47,0.20382165605095542,7.976777526385203
47,0.21019108280254778,16.561060825850753
47,0.21656050955414013,24.889810625725474
47,0.2229299363057325,3.686046558980932
47,0.22929936305732485,2.2363662821400787
47,0.2356687898089172,4.839019121170766
47,0.24203821656050956,4.915347461621542
47,0.2484076433121019,18.443281705040693
47,0.25477707006369427,14.413856198995477
47,0.2611464968152866,6.188661099457289
47,0.267515923566879,10.663485425147027
47,0.27388535031847133,9.127260086179945
47,0.2802547770700637,1.5335265552703943
47,0.28662420382165604,11.798329694992177
47,0.2929936305732484,29.983688473083376
47,0.29936305732484075,22.573127027558368
47,0.30573248407643316,2.140392433321118
47,0.3121019108280255,2.6445269070105137
47,0.3184713375796179,3.007847854012408
47,0.32484076433121023,13.70785923414808
47,0.3312101910828026,20.148028436370144
47,0.33757961783439494,23.290257343546468
47,0.3439490445859873,8.244180347583386
47,0.35031847133757965,16.427192756125613
47,0.356687898089172,10.078380818205789
47,0.36305732484076436,2.5820986045712195
47,0.3694267515923567,10.013180041529319
47,0.37579617834394907,21.549675352474516
47,0.3821656050955414,14.984301209466249
47,0.3885350318471338,11.532755812310429
47,0.39490445859872614,10.198942160764158
47,0.4012738853503185,16.05989181045856
47,0.40764331210191085,7.738894483454593
47,0.4140127388535032,12.79212834091031
47,0.42038216560509556,9.345638837338075
47,0.4267515923566879,1.3771640147434154
47,0.43312101910828027,8.324062950696433
47,0.4394904458598726,7.572878665489878
47,0.445859872611465,9.388510114633405
47,0.45222929936305734,12.325245928784339
47,0.4585987261146497,21.732435327229798
47,0.46496815286624205,6.284907038347771
47,0.4713375796178344,12.329732416758489
47,0.47770700636942676,12.670488029374805
47,0.4840764331210191,6.552110708433357
47,0.49044585987261147,13.687697763231034
47,0.4968152866242038,9.849928782095274
48,0.0,1.7763568394002505e-15
48,0.006369426751592357,26.045548799845005
48,0.012738853503184714,8.830142214322995
48,0.019108280254777073,14.693246615528562
48,0.025477707006369428,9.567880680326224
48,0.03184713375796178,13.180784384432908
48,0.038216560509554146,18.556144906099103
48,0.0445859872611465,17.011291925320656
48,0.050955414012738856,12.082848595294795
48,0.05732484076433121,24.16599481829082
48,0.06369426751592357,20.18525844757849
48,0.07006369426751592,5.163320844530783
48,0.07643312101910829,18.801080554520617
48,0.08280254777070065,11.911792104787807
48,0.089171974522293,11.11985883492766
48,0.09554140127388536,7.230166105987388
48,0.10191082802547771,7.042566621257061
48,0.10828025477707007,9.993056127414807
48,0.11464968152866242,9.136813836229996
48,0.12101910828025478,9.27593714809699
48,0.12738853503184713,7.1654441520785435
48,0.1337579617834395,3.1961595478405487
48,0.14012738853503184,3.7797204444345462
48,0.1464968152866242,14.971396906647694
48,0.15286624203821658,13.283366570440649
48,0.15923566878980894,11.058983001042247
48,0.1656050955414013,8.264994136382793
48,0.17197452229299365,15.891710916573343
48,0.178343949044586,4.946269009375934
48,0.18471337579617836,14.019011880900392
48,0.1910828025477707,9.470127601612933
48,0.19745222929936307,18.02698661345449
48,0.20382165605095542,15.632639361442964
48,0.21019108280254778,16.936254214625315
48,0.21656050955414013,12.857054193134788
48,0.2229299363057325,16.510264223099337
48,0.22929936305732485,14.230768364848322
48,0.2356687898089172,4.548196568372571
48,0.24203821656050956,9.351020873127458
48,0.2484076433121019,3.6291912244759277
48,0.25477707006369427,6.2966450505982685
48,0.2611464968152866,25.6753606757749
48,0.267515923566879,6.145944201408114
48,0.27388535031847133,7.129279299739913
48,0.2802547770700637,13.133066455628281
48,0.28662420382165604,10.778274604840918
48,0.2929936305732484,3.6600092224907055
48,0.29936305732484075,6.34830736561955
48,0.30573248407643316,3.2262204927335114
48,0.3121019108280255,8.800180291499313
48,0.3184713375796179,11.465948639973394
48,0.32484076433121023,13.297936389253477
48,0.3312101910828026,18.163453971837598
48,0.33757961783439494,14.731655145586446
48,0.3439490445859873,4.472186797131458
48,0.35031847133757965,18.698792790378985
48,0.356687898089172,6.166163614443774
48,0.36305732484076436,5.582640771782723
48,0.3694267515923567,14.100163414639201
48,0.37579617834394907,3.3406187413980044
48,0.3821656050955414,12.622591942262886
48,0.3885350318471338,11.979010775924296
48,0.39490445859872614,16.254180526901834
48,0.4012738853503185,7.500659790853284
48,0.40764331210191085,10.225801775356105
48,0.4140127388535032,0.8278246566865983
48,0.42038216560509556,9.353923432364775
48,0.4267515923566879,3.6265212484736447
48,0.43312101910828027,7.0790440786562066
48,0.4394904458598726,4.7027331455802415
48,0.445859872611465,15.637113007682977
48,0.45222929936305734,12.687327145244447
48,0.4585987261146497,4.581547497290959
48,0.46496815286624205,9.930660395542462
48,0.4713375796178344,16.126616552563043
48,0.47770700636942676,11.66055294292587
48,0.4840764331210191,15.887819260979619
48,0.49044585987261147,16.46567205981432
48,0.4968152866242038,19.56836341218387
49,0.0,1.7541523789077473e-14
49,0.006289308176100629,3.1119883304521267
49,0.012578616352201259,27.19811894058432
49,0.01886792452830189,1.8105998465659812
49,0.025157232704402517,9.192569357070463
49,0.031446540880503145,3.704132397178914
49,0.03773584905660378,9.913782242954248
49,0.04402515723270441,9.630268801019565
49,0.050314465408805034,9.083066749269493
49,0.05660377358490566,14.25334077681103
49,0.06289308176100629,13.123178020375468
49,0.06918238993710692,4.379226798642094
49,0.07547169811320756,5.9283465085696925
49,0.08176100628930819,14.577862043379923
49,0.08805031446540881,19.570095463185236
49,0.09433962264150944,13.141402816389151
49,0.10062893081761007,9.047027309910986
49,0.1069182389937107,6.437146113014373
49,0.11320754716981132,18.19940600783046
49,0.11949685534591195,22.46183337093873
49,0.12578616352201258,8.086050282936649
49,0.1320754716981132,12.42270719625862
49,0.13836477987421383,9.423120908823142
49,0.14465408805031446,8.287255408392829
49,0.15094339622641512,4.012441953796638
49,0.15723270440251574,10.182286479386363
49,0.16352201257861637,2.014323170238539
49,0.169811320754717,14.326450082209602
49,0.17610062893081763,7.270476433061686
49,0.18238993710691825,17.24713189527268
49,0.18867924528301888,8.347920494354627
49,0.1949685534591195,23.729692122704744
49,0.20125786163522014,4.722584945721543
49,0.20754716981132076,14.747144680665743
49,0.2138364779874214,5.570321147211707
49,0.22012578616352202,17.300015090406145
49,0.22641509433962265,4.567522802854652
49,0.23270440251572327,7.081380467084252
49,0.2389937106918239,12.139509947901809
49,0.24528301886792453,9.960211952526178
49,0.25157232704402516,7.778735341921719
49,0.2578616352201258,17.30304313655282
49,0.2641509433962264,15.378413732306841
49,0.27044025157232704,25.619024095505846
49,0.27672955974842767,6.335124727509987
49,0.2830188679245283,6.976968852916064
49,0.2893081761006289,10.256490534096699
49,0.29559748427672955,12.777093978649248
49,0.30188679245283023,3.54500037041449
49,0.30817610062893086,5.403473573128369
49,0.3144654088050315,12.951929745237944
49,0.3207547169811321,9.106443888467314
49,0.32704402515723274,5.872142421553011
49,0.33333333333333337,16.508397830252374
49,0.339622641509434,13.324183670777945
49,0.3459119496855346,10.860524564273508
49,0.35220125786163525,6.032900327084746
49,0.3584905660377359,12.668964748457405
49,0.3647798742138365,4.216149427812709
49,0.37106918238993714,18.958157351666724
49,0.37735849056603776,24.774738785348095
49,0.3836477987421384,4.148445188164882
49,0.389937106918239,14.613471902930286
49,0.39622641509433965,14.944780947941293
49,0.4025157232704403,10.864957965463105
49,0.4088050314465409,13.43209726218832
49,0.41509433962264153,1.9373088497773456
49,0.42138364779874216,7.338577116174761
49,0.4276729559748428,14.372143659454409
49,0.4339622641509434,12.658386851926961
49,0.44025157232704404,13.559582989381358
49,0.44654088050314467,5.2185632916422655
49,0.4528301886792453,23.564784620282648
49,0.4591194968553459,11.133826509201723
49,0.46540880503144655,14.913403721039424
49,0.4716981132075472,12.739372533992071
49,0.4779874213836478,12.705927425312938
49,0.48427672955974843,2.500079501546746
49,0.49056603773584906,20.63919988479638
49,0.4968553459119497,6.597852320847396
50,0.0,9.769962616701378e-15
50,0.006666666666666667,13.134766863567176
50,0.013333333333333334,14.588312021869386
50,0.02,16.718474045767728
50,0.02666666666666667,9.845791007219333
50,0.03333333333333333,13.846418179642834
50,0.04,11.149513436486721
50,0.04666666666666667,8.370591384568518
50,0.05333333333333334,3.977084465556229
50,0.060000000000000005,6.914667811527091
50,0.06666666666666667,11.828757968508524
50,0.07333333333333333,9.23845345246021
50,0.08,5.282521513328118
50,0.08666666666666667,4.701747052791478
50,0.09333333333333334,8.723794143327131
50,0.1,2.3351642916745816
50,0.10666666666666667,16.667032523958593
50,0.11333333333333334,16.451420575058453
50,0.12000000000000001,11.280304506088155
50,0.12666666666666668,6.521966103473509
50,0.13333333333333333,10.800859658277709
50,0.14,7.802423048403901
50,0.14666666666666667,12.450859465043145
50,0.15333333333333335,3.0145307681259093
50,0.16,8.304920121559103
50,0.16666666666666669,12.69076472630576
50,0.17333333333333334,15.223351865556321
50,0.18000000000000002,12.499650908483925
50,0.18666666666666668,11.492579567112488
50,0.19333333333333336,25.25080976177178
50,0.2,14.431892183598357
50,0.2066666666666667,8.843751696008205
50,0.21333333333333335,9.630432095687548
50,0.22,14.464879390752301
50,0.22666666666666668,21.50778468760416
50,0.23333333333333334,16.115894715422776
50,0.24000000000000002,3.77823591563955
50,0.24666666666666667,7.583855853523266
50,0.25333333333333335,13.249238700225597
50,0.26,11.59575747861173
50,0.26666666666666666,17.16038540475515
50,0.2733333333333334,12.535893761953627
50,0.28,4.390855091711624
50,0.2866666666666667,6.23571536912919
50,0.29333333333333333,6.0575389147443985
50,0.30000000000000004,12.509350411220835
50,0.3066666666666667,12.8090099702631
50,0.31333333333333335,3.4684175774468917
50,0.32,9.671539931865356
50,0.32666666666666666,8.565491321543497
50,0.33333333333333337,5.282211766863585
50,0.34,18.67314952684105
50,0.3466666666666667,10.152490527351082
50,0.35333333333333333,1.7159499227262442
50,0.36000000000000004,16.141968967835584
50,0.3666666666666667,14.62567058550432
50,0.37333333333333335,10.987988608927008
50,0.38,6.574567299871964
50,0.3866666666666667,11.190999046496328
50,0.39333333333333337,20.758885907749725
50,0.4,12.47470905863134
50,0.4066666666666667,4.981792337483236
50,0.4133333333333334,17.947356963818116
50,0.42000000000000004,5.793139259776823
50,0.4266666666666667,7.382045363784645
50,0.43333333333333335,34.0725510874818
50,0.44,17.441915892546888
50,0.4466666666666667,11.176325030476276
50,0.45333333333333337,14.054798971905045
50,0.46,8.66739562050478
50,0.4666666666666667,7.245756622272253
50,0.4733333333333334,9.38756284522052
50,0.48000000000000004,1.7438692157789504
50,0.4866666666666667,6.1160780643858255
50,0.49333333333333335,11.497764279911138
51,0.0,1.4210854715202004e-14
51,0.00625,20.86414146958687
51,0.0125,12.701725371310648
51,0.018750000000000003,13.645630029996445
51,0.025,4.5491671370560125
51,0.03125,12.461756902274768
51,0.037500000000000006,13.264158934880966
51,0.043750000000000004,10.44381278601278
51,0.05,8.771622352938333
51,0.05625,13.44568799085865
51,0.0625,14.853170996646522
51,0.06875,15.405393732044404
51,0.07500000000000001,18.406385002881393
51,0.08125,6.6275272338135585
51,0.08750000000000001,4.685889898526362
51,0.09375,8.226615057951733
51,0.1,23.561862654591348
51,0.10625000000000001,30.345040215168677
51,0.1125,13.284889695491454
51,0.11875000000000001,16.23641241514341
51,0.125,8.002368028780182
51,0.13125,11.276918912580342
51,0.1375,5.7375348572919025
51,0.14375000000000002,13.230132962527247
51,0.15000000000000002,3.06452211705741
51,0.15625,5.2177491029703775
51,0.1625,2.9529942431653167
51,0.16875,7.151683772967938
51,0.17500000000000002,6.240408033985036
51,0.18125000000000002,17.545227971305934
51,0.1875,0.5815284755117389
51,0.19375,6.853267368152155
51,0.2,15.159566324054875
51,0.20625000000000002,3.8571749256317713
51,0.21250000000000002,7.788469161747313
51,0.21875,12.481501278830835
51,0.225,12.395784454819106
51,0.23125,7.246712865847413
51,0.23750000000000002,9.933908955823025
51,0.24375000000000002,16.457664090573093
51,0.25,10.589548204536497
51,0.25625000000000003,11.703445807479584
51,0.2625,16.284054026564682
51,0.26875,27.915181120047354
51,0.275,8.251201700770515
51,0.28125,12.313752001957974
51,0.28750000000000003,6.349657574584952
51,0.29375,8.409503642948005
51,0.30000000000000004,20.62986353555189
51,0.30625,6.589390869423251
51,0.3125,9.34724662963334
51,0.31875000000000003,14.165651440225897
51,0.325,21.84994603296824
51,0.33125000000000004,8.676235107163151
51,0.3375,9.725536111443786
51,0.34375,9.922421025504816
51,0.35000000000000003,4.429613231524299
51,0.35625,4.100380567147785
51,0.36250000000000004,8.128370013813043
51,0.36875,9.04466538318416
51,0.375,5.501055446414757
51,0.38125000000000003,7.713072903577909
51,0.3875,1.7239639784036795
51,0.39375000000000004,15.336680239308002
51,0.4,14.919337169162926
51,0.40625,4.526984681248012
51,0.41250000000000003,17.518120037228684
51,0.41875,7.539868786822617
51,0.42500000000000004,14.41047560806837
51,0.43125,20.91982460078435
51,0.4375,7.9223246876674915
51,0.44375000000000003,19.057732418230078
51,0.45,8.95933201634885
51,0.45625000000000004,16.626576152046653
51,0.4625,9.87749252816785
51,0.46875,11.542965536319366
51,0.47500000000000003,14.001707885054737
51,0.48125,7.913512695850489
51,0.48750000000000004,6.1027799552716875
51,0.49375,7.438967032693453
52,0.0,1.2434497875801753e-14
52,0.00625,9.886870033427323
52,0.0125,5.7432172293022745
52,0.018750000000000003,24.014214754727295
52,0.025,4.877755264103902
52,0.03125,12.820942477974913
52,0.037500000000000006,6.4373182987673445
52,0.043750000000000004,6.400169691083379
52,0.05,20.86852224090962
52,0.05625,8.880275468541022
52,0.0625,2.86811096366649
52,0.06875,5.322274087955899
52,0.07500000000000001,4.924545450909499
52,0.08125,18.97424136789086
52,0.08750000000000001,14.941485795390939
52,0.09375,12.011960430535174
52,0.1,17.837418122011567
52,0.10625000000000001,6.901871488660943
52,0.1125,8.526760747935825
52,0.11875000000000001,7.293227808984007
52,0.125,17.266260457511155
52,0.13125,13.983312924079955
52,0.1375,15.277150915395612
52,0.14375000000000002,8.643959072409714
52,0.15000000000000002,6.13445106739445
52,0.15625,1.676428849721601
52,0.1625,14.649045675022819
52,0.16875,17.062373386532524
52,0.17500000000000002,26.087732841446172
52,0.18125000000000002,15.907537041136923
52,0.1875,12.56351198651788
52,0.19375,27.315319723242215
52,0.2,3.39073092169001
52,0.20625000000000002,4.137218052627614
52,0.21250000000000002,13.413598294911921
52,0.21875,5.4590056449714215
52,0.225,19.122321177480796
52,0.23125,14.381532534504965
52,0.23750000000000002,15.369153144944868
52,0.24375000000000002,6.417850671648962
52,0.25,17.890373274076715
52,0.25625000000000003,2.2141189676261646
52,0.2625,3.3388136223080016
52,0.26875,4.850036799157795
52,0.275,18.106071880801306
52,0.28125,19.551161915877078
52,0.28750000000000003,7.945782013042217
52,0.29375,1.3983018789515214
52,0.30000000000000004,26.173004760261247
52,0.30625,12.757735675639115
52,0.3125,5.785659340605192
52,0.31875000000000003,10.508092803708315
52,0.325,10.833516413038248
52,0.33125000000000004,7.27989321017686
52,0.3375,15.283892144004499
52,0.34375,4.89430359228496
52,0.35000000000000003,2.3972593161015325
52,0.35625,17.741047028005113
52,0.36250000000000004,5.089314443619436
52,0.36875,15.151346082000627
52,0.375,4.366718962187011
52,0.38125000000000003,8.912466750576423
52,0.3875,6.6655229388495245
52,0.39375000000000004,16.965735671170687
52,0.4,7.211647216736408
52,0.40625,8.915392392534018
52,0.41250000000000003,3.223375785066072
52,0.41875,2.2203881564582537
52,0.42500000000000004,11.596161654255027
52,0.43125,7.48790876714281
52,0.4375,8.30202244560917
52,0.44375000000000003,6.431668458013393
52,0.45,14.66437299557903
52,0.45625000000000004,12.363626683027888
52,0.4625,11.43477105458026
52,0.46875,18.825979347287014
52,0.47500000000000003,4.6206389426407295
52,0.48125,3.5694395918115336
52,0.48750000000000004,17.328166124099646
52,0.49375,23.610386590757628
53,0.0,2.6645352591003757e-15
53,0.00641025641025641,10.659518676424865
53,0.01282051282051282,13.880784060350633
53,0.019230769230769232,23.34338036954808
53,0.02564102564102564,8.803191215076696
53,0.03205128205128205,13.287797817328176
53,0.038461538461538464,12.319432036648017
53,0.04487179487179487,14.724495437017906
53,0.05128205128205128,9.157341603377978
53,0.05769230769230769,5.024406544232652
53,0.0641025641025641,19.579463130335196
53,0.07051282051282051,5.560383626034028
53,0.07692307692307693,11.857124620877682
53,0.08333333333333333,16.390581452265774
53,0.08974358974358974,9.847734064652494
53,0.09615384615384615,9.989080283056172
53,0.10256410256410256,8.635089148481676
53,0.10897435897435898,10.398204721934725
53,0.11538461538461538,5.384434284112242
53,0.12179487179487179,13.379747145587062
53,0.1282051282051282,18.756010529087554
53,0.1346153846153846,15.074545741636763
53,0.14102564102564102,12.906639317952779
53,0.14743589743589744,14.053475345449181
53,0.15384615384615385,17.126417315065577
53,0.16025641025641024,5.0390200463877575
53,0.16666666666666666,15.386189422575244
53,0.17307692307692307,9.886919654017289
53,0.1794871794871795,21.46573038213956
53,0.1858974358974359,7.803343356803779
53,0.1923076923076923,2.6671737342174184
53,0.1987179487179487,8.533990315648163
53,0.20512820512820512,14.522213830631069
53,0.21153846153846154,18.619408059824305
53,0.21794871794871795,7.315042436132799
53,0.22435897435897434,9.696663016015737
53,0.23076923076923075,7.920266501520189
53,0.23717948717948717,12.272420729056872
53,0.24358974358974358,4.138282993649785
53,0.25,3.6627448885034153
53,0.2564102564102564,8.216061890136002
53,0.26282051282051283,23.613915458111492
53,0.2692307692307692,1.2029348826816648
53,0.2756410256410256,14.290704791269714
53,0.28205128205128205,15.33723258641367
53,0.28846153846153844,7.798977994199296
53,0.2948717948717949,9.089034399048154
53,0.30128205128205127,12.347792216640704
53,0.3076923076923077,1.225631594337251
53,0.3141025641025641,15.298638102907708
53,0.3205128205128205,9.47757817803498
53,0.3269230769230769,4.095443420230342
53,0.3333333333333333,4.032098677950889
53,0.33974358974358976,8.837659398606387
53,0.34615384615384615,17.045770459253564
53,0.35256410256410253,14.360758000917661
53,0.358974358974359,26.486884665827375
53,0.36538461538461536,6.905492460822015
53,0.3717948717948718,6.106919730896885
53,0.3782051282051282,6.082533013664082
53,0.3846153846153846,14.85729750266167
53,0.391025641025641,6.214010559036022
53,0.3974358974358974,9.283825704063958
53,0.40384615384615385,13.499042686825712
53,0.41025641025641024,2.6528274083913534
53,0.41666666666666663,8.886403086975475
53,0.4230769230769231,16.21400871353265
53,0.42948717948717946,16.090441348820818
53,0.4358974358974359,23.884353719915367
53,0.4423076923076923,7.961718473099399
53,0.4487179487179487,4.345873928466737
53,0.4551282051282051,3.47896280412974
53,0.4615384615384615,18.604825664147075
53,0.46794871794871795,6.7001257188276675
53,0.47435897435897434,10.639754543992453
53,0.4807692307692307,5.91340470441768
53,0.48717948717948717,19.912507890426358
53,0.49358974358974356,8.574255584729174
54,0.0,7.105427357601002e-15
54,0.0064516129032258064,14.121682858742476
54,0.012903225806451613,6.411227415807298
54,0.01935483870967742,8.954033655586633
54,0.025806451612903226,17.33389338225419
54,0.03225806451612903,16.143955483205318
54,0.03870967741935484,9.976979203963534
54,0.04516129032258064,5.874938327065912
54,0.05161290322580645,5.264882582796211
54,0.05806451612903226,14.220930240094928
54,0.06451612903225806,6.354773307426166
54,0.07096774193548387,13.00318332630252
54,0.07741935483870968,11.457853033162587
54,0.08387096774193549,21.281496643072494
54,0.09032258064516129,21.737928256283656
54,0.0967741935483871,11.833661728222545
54,0.1032258064516129,17.050519416128473
54,0.10967741935483871,11.06460414946711
54,0.11612903225806452,6.0147339445556
54,0.12258064516129032,10.152026012032994
54,0.12903225806451613,11.865985583369413
54,0.13548387096774195,2.5621700342582305
54,0.14193548387096774,3.077043509549536
54,0.14838709677419354,3.9654263112064485
54,0.15483870967741936,5.647804118686121
54,0.16129032258064516,5.830946527067897
54,0.16774193548387098,10.290638406312334
54,0.17419354838709677,7.274832457509275
54,0.18064516129032257,9.887769230547809
54,0.1870967741935484,12.151374219554262
54,0.1935483870967742,11.019641031082873
54,0.2,14.55812495882411
54,0.2064516129032258,13.447233755035546
54,0.2129032258064516,6.2807343944917795
54,0.21935483870967742,13.440301539679098
54,0.22580645161290322,8.715581977712345
54,0.23225806451612904,6.970244508001018
54,0.23870967741935484,6.2809573239662395
54,0.24516129032258063,10.711001308017869
54,0.25161290322580643,12.618685361143408
54,0.25806451612903225,10.896080624398756
54,0.2645161290322581,1.4089224416934896
54,0.2709677419354839,22.61335357735214
54,0.27741935483870966,8.693749382087761
54,0.2838709677419355,5.844993011123272
54,0.2903225806451613,7.72985126191683
54,0.2967741935483871,17.33927415383099
54,0.3032258064516129,4.242220607433541
54,0.3096774193548387,10.466593182803562
54,0.3161290322580645,2.401145188400025
54,0.3225806451612903,15.213605985378674
54,0.32903225806451614,19.273958026946058
54,0.33548387096774196,11.295666552040817
54,0.3419354838709677,6.925091101179093
54,0.34838709677419355,8.837582316327287
54,0.3548387096774194,15.651374530299574
54,0.36129032258064514,7.094277639127321
54,0.36774193548387096,3.6874696349740144
54,0.3741935483870968,11.282297553357825
54,0.38064516129032255,25.250963699132278
54,0.3870967741935484,18.29525336326719
54,0.3935483870967742,19.811485185911145
54,0.4,14.101261753971643
54,0.4064516129032258,15.488987884093593
54,0.4129032258064516,15.266775179962185
54,0.41935483870967744,6.433411205006787
54,0.4258064516129032,10.562848452714
54,0.432258064516129,17.697829252449555
54,0.43870967741935485,2.837266177934636
54,0.44516129032258067,10.825121481120107
54,0.45161290322580644,13.315531669049209
54,0.45806451612903226,10.255865583149836
54,0.4645161290322581,9.808418478522329
54,0.47096774193548385,10.235397650304499
54,0.4774193548387097,18.674560093749694
54,0.4838709677419355,9.541732049674813
54,0.49032258064516127,24.42428832404239
54,0.4967741935483871,17.804173908322078
55,0.0,2.3092638912203256e-14
55,0.00641025641025641,23.606689721635856
55,0.01282051282051282,26.795282557256854
55,0.019230769230769232,5.194895229767584
55,0.02564102564102564,17.907252973633387
55,0.03205128205128205,14.499662614148358
55,0.038461538461538464,18.491684121622505
55,0.04487179487179487,14.071025788147958
55,0.05128205128205128,14.831144733103232
55,0.05769230769230769,12.246333851890393
55,0.0641025641025641,5.6923632827962685
55,0.07051282051282051,7.3293231613473315
55,0.07692307692307693,7.396225823300249
55,0.08333333333333333,6.094318485925374
55,0.08974358974358974,7.531671933922791
55,0.09615384615384615,15.93828137460303
55,0.10256410256410256,2.800266672476876
55,0.10897435897435898,26.535584181028383
55,0.11538461538461538,6.251318082261533
55,0.12179487179487179,10.742645524495366
55,0.1282051282051282,1.6612435164538157
55,0.1346153846153846,16.816615570948862
55,0.14102564102564102,10.310546916623727
55,0.14743589743589744,5.990139141606183
55,0.15384615384615385,14.328297543892806
55,0.16025641025641024,18.504397747413478
55,0.16666666666666666,25.13817197114974
55,0.17307692307692307,7.869561478991024
55,0.1794871794871795,16.83631392494266
55,0.1858974358974359,9.081928799055227
55,0.1923076923076923,19.132960067047424
55,0.1987179487179487,6.840532631807862
55,0.20512820512820512,9.671185283451347
55,0.21153846153846154,12.428261648741769
55,0.21794871794871795,12.994366992096753
55,0.22435897435897434,2.889296020348452
55,0.23076923076923075,20.766086070493145
55,0.23717948717948717,2.8372864506669333
55,0.24358974358974358,10.566115201868989
55,0.25,16.521883151176684
55,0.2564102564102564,3.8026712311032096
55,0.26282051282051283,2.457429448624181
55,0.2692307692307692,11.646933932455509
55,0.2756410256410256,17.44970693946793
55,0.28205128205128205,10.506944291834326
55,0.28846153846153844,12.288162704749729
55,0.2948717948717949,7.688483349207768
55,0.30128205128205127,7.449482246726756
55,0.3076923076923077,16.719735238452188
55,0.3141025641025641,9.541356284619935
55,0.3205128205128205,15.854116619857011
55,0.3269230769230769,1.190158355064089
55,0.3333333333333333,7.224929700655962
55,0.33974358974358976,4.614123620197975
55,0.34615384615384615,14.036019188422468
55,0.35256410256410253,9.105808041591162
55,0.358974358974359,11.587735210712932
55,0.36538461538461536,2.8562065180733502
55,0.3717948717948718,11.882688288698622
55,0.3782051282051282,12.039002600689578
55,0.3846153846153846,17.183425956288083
55,0.391025641025641,11.473435780918178
55,0.3974358974358974,9.65311125525834
55,0.40384615384615385,17.141291512503333
55,0.41025641025641024,12.08304486694518
55,0.41666666666666663,3.5600328612391685
55,0.4230769230769231,2.350782338137883
55,0.42948717948717946,5.296344714150431
55,0.4358974358974359,3.2927053776490713
55,0.4423076923076923,11.529874466773336
55,0.4487179487179487,12.596012230037969
55,0.4551282051282051,8.897646257314078
55,0.4615384615384615,16.455663205235094
55,0.46794871794871795,5.5896058104859625
55,0.47435897435897434,9.409105929408296
55,0.4807692307692307,9.704571472830466
55,0.48717948717948717,8.952489338210333
55,0.49358974358974356,9.461737003807523
56,0.0,4.440892098500626e-16
56,0.006578947368421052,4.990814240989118
56,0.013157894736842105,21.954365244779357
56,0.019736842105263157,10.157224244519657
56,0.02631578947368421,10.96405093624749
56,0.03289473684210526,11.648729498364519
56,0.039473684210526314,13.680165759124334
56,0.046052631578947366,14.7954360798037
56,0.05263157894736842,14.547985244354326
56,0.05921052631578947,19.452094030794672
56,0.06578947368421052,8.993242633841446
56,0.07236842105263158,12.218596076297848
56,0.07894736842105263,18.54860496630339
56,0.08552631578947367,10.432379887325325
56,0.09210526315789473,9.999721312019306
56,0.09868421052631579,7.142345442162688
56,0.10526315789473684,0.425330223894649
56,0.11184210526315788,15.789634078860475
56,0.11842105263157894,0.8265140698185796
56,0.125,2.1763044504454183
56,0.13157894736842105,5.630518500301932
56,0.1381578947368421,15.139113302407907
56,0.14473684210526316,3.6410596234665773
56,0.1513157894736842,11.458233754602356
56,0.15789473684210525,10.324294657071752
56,0.1644736842105263,5.625157371117331
56,0.17105263157894735,12.850040860765093
56,0.17763157894736842,3.9782086860730947
56,0.18421052631578946,16.573180501057525
56,0.1907894736842105,2.4634371479223476
56,0.19736842105263158,11.18716862511215
56,0.20394736842105263,17.85426660651152
56,0.21052631578947367,2.7142254389274307
56,0.21710526315789472,9.81572181225788
56,0.22368421052631576,6.878269815840563
56,0.23026315789473684,20.224719005137967
56,0.23684210526315788,1.8089215223658246
56,0.24342105263157893,3.77798357916367
56,0.25,16.536836315359388
56,0.256578947368421,19.247262590116623
56,0.2631578947368421,2.318385241681644
56,0.26973684210526316,4.034439736002638
56,0.2763157894736842,18.298605969417526
56,0.28289473684210525,14.500733630745446
56,0.2894736842105263,4.825236659022019
56,0.29605263157894735,6.886017861297
56,0.3026315789473684,7.8194937625974505
56,0.30921052631578944,16.471400184429744
56,0.3157894736842105,24.686579946309887
56,0.3223684210526316,21.189823676865153
56,0.3289473684210526,8.664479103502927
56,0.3355263157894737,11.740477385215184
56,0.3421052631578947,5.569355742669795
56,0.34868421052631576,7.412285412429752
56,0.35526315789473684,13.092482271396763
56,0.36184210526315785,19.991271739727978
56,0.3684210526315789,9.490559779626036
56,0.375,1.6833140458727873
56,0.381578947368421,16.054813202566343
56,0.3881578947368421,5.69631084580579
56,0.39473684210526316,8.478793513584318
56,0.4013157894736842,9.169612466217547
56,0.40789473684210525,4.845180637047887
56,0.41447368421052627,21.226379189068663
56,0.42105263157894735,23.79162041198828
56,0.4276315789473684,11.855378267442896
56,0.43421052631578944,5.712435734381495
56,0.4407894736842105,13.14035836387016
56,0.4473684210526315,10.999550015802
56,0.4539473684210526,23.87522343217398
56,0.4605263157894737,12.032999221393508
56,0.4671052631578947,9.136398055571444
56,0.47368421052631576,3.6576516875229395
56,0.48026315789473684,2.362750614650839
56,0.48684210526315785,5.01887840044907
56,0.4934210526315789,11.250043065808077
57,0.0,2.3092638912203256e-14
57,0.00641025641025641,13.521854135671541
57,0.01282051282051282,11.262639751010571
57,0.019230769230769232,11.1915086089246
57,0.02564102564102564,4.48255366856063
57,0.03205128205128205,11.717222555292551
57,0.038461538461538464,12.677312799727046
57,0.04487179487179487,17.70701449951106
57,0.05128205128205128,15.806765181588442
57,0.05769230769230769,5.124972216652774
57,0.0641025641025641,13.487140012206257
57,0.07051282051282051,6.721694623931695
57,0.07692307692307693,27.36528748622232
57,0.08333333333333333,3.382121981147419
57,0.08974358974358974,8.259257513031312
57,0.09615384615384615,11.043804963961472
57,0.10256410256410256,8.719649068459454
57,0.10897435897435898,10.549931058930406
57,0.11538461538461538,4.888607868783255
57,0.12179487179487179,11.14223043747118
57,0.1282051282051282,7.862355119894908
57,0.1346153846153846,15.444359728519574
57,0.14102564102564102,4.322981779436156
57,0.14743589743589744,13.693383739237554
57,0.15384615384615385,15.931523215483397
57,0.16025641025641024,3.3754865546025297
57,0.16666666666666666,4.727323644894941
57,0.17307692307692307,4.894570719561272
57,0.1794871794871795,6.2777572064085065
57,0.1858974358974359,11.053147241468105
57,0.1923076923076923,13.58866772003917
57,0.1987179487179487,8.58586014244433
57,0.20512820512820512,17.371642323425217
57,0.21153846153846154,7.905833612842086
57,0.21794871794871795,16.38187201337667
57,0.22435897435897434,15.800513150953302
57,0.23076923076923075,16.278456558932323
57,0.23717948717948717,7.045405112617462
57,0.24358974358974358,7.115476450195054
57,0.25,13.649277870273545
57,0.2564102564102564,6.086447701932913
57,0.26282051282051283,18.04521569199995
57,0.2692307692307692,10.5089932555021
57,0.2756410256410256,5.810042699002106
57,0.28205128205128205,22.636934989830532
57,0.28846153846153844,9.425713517447223
57,0.2948717948717949,5.750038933024783
57,0.30128205128205127,5.7062076301249895
57,0.3076923076923077,24.354087281615293
57,0.3141025641025641,17.482989118709952
57,0.3205128205128205,25.894555807226947
57,0.3269230769230769,22.649440573188713
57,0.3333333333333333,13.044776621462868
57,0.33974358974358976,11.463905505565428
57,0.34615384615384615,6.883387687677523
57,0.35256410256410253,5.993603959107171
57,0.358974358974359,8.549921868516467
57,0.36538461538461536,17.780553994743254
57,0.3717948717948718,6.102382828802342
57,0.3782051282051282,3.5883521583341604
57,0.3846153846153846,10.483664817325476
57,0.391025641025641,4.9677520251611345
57,0.3974358974358974,8.36110090630067
57,0.40384615384615385,7.626469917355634
57,0.41025641025641024,13.44977245996378
57,0.41666666666666663,2.204961574998871
57,0.4230769230769231,5.789814016146956
57,0.42948717948717946,21.740830915895476
57,0.4358974358974359,1.2113124293439834
57,0.4423076923076923,16.82274539639098
57,0.4487179487179487,11.259875454786807
57,0.4551282051282051,14.840526608054486
57,0.4615384615384615,10.13916470688631
57,0.46794871794871795,3.1574749362162717
57,0.47435897435897434,2.255100746633104
57,0.4807692307692307,9.325493513735719
57,0.48717948717948717,18.76137277244618
57,0.49358974358974356,16.913174416152064
58,0.0,6.217248937900877e-15
58,0.00641025641025641,22.706789579743315
58,0.01282051282051282,10.929197778433888
58,0.019230769230769232,14.585992838119896
58,0.02564102564102564,10.924038419680617
58,0.03205128205128205,17.10140476313511
58,0.038461538461538464,11.529405744036776
58,0.04487179487179487,23.110207031159145
58,0.05128205128205128,7.818903438785684
58,0.05769230769230769,8.547101692518051
58,0.0641025641025641,19.88474952307148
58,0.07051282051282051,13.200934145077065
58,0.07692307692307693,2.832235234659929
58,0.08333333333333333,7.2029542276871386
58,0.08974358974358974,8.83655646851899
58,0.09615384615384615,7.719006801097386
58,0.10256410256410256,11.096909979446824
58,0.10897435897435898,9.512147246555408
58,0.11538461538461538,3.8175148714167957
58,0.12179487179487179,12.487125134239422
58,0.1282051282051282,1.6816449234107005
58,0.1346153846153846,24.25029090063432
58,0.14102564102564102,11.600108714169767
58,0.14743589743589744,23.793732361806395
58,0.15384615384615385,16.536949868168954
58,0.16025641025641024,16.73062018220087
58,0.16666666666666666,13.392736195313217
58,0.17307692307692307,11.203605586208742
58,0.1794871794871795,9.825990764415662
58,0.1858974358974359,3.2344929620696683
58,0.1923076923076923,20.4591802491404
58,0.1987179487179487,10.046507010965303
58,0.20512820512820512,2.626216037418801
58,0.21153846153846154,9.156354156665888
58,0.21794871794871795,10.767889204318072
58,0.22435897435897434,8.018166696647961
58,0.23076923076923075,10.996139127394173
58,0.23717948717948717,25.590277914171246
58,0.24358974358974358,17.28998774326646
58,0.25,10.699656882246494
58,0.2564102564102564,8.458256919007153
58,0.26282051282051283,16.350248384372055
58,0.2692307692307692,6.732584849854041
58,0.2756410256410256,11.139134116725943
58,0.28205128205128205,19.48652332360432
58,0.28846153846153844,12.552402941667683
58,0.2948717948717949,19.224345750104668
58,0.30128205128205127,9.887935307530359
58,0.3076923076923077,5.017118559296792
58,0.3141025641025641,2.8129625362681856
58,0.3205128205128205,10.244475589220514
58,0.3269230769230769,13.179297792064222
58,0.3333333333333333,4.199540213634515
58,0.33974358974358976,13.492977288830328
58,0.34615384615384615,7.225131565602699
58,0.35256410256410253,6.604638858606582
58,0.358974358974359,5.7807276793200035
58,0.36538461538461536,0.9538061492750847
58,0.3717948717948718,6.083366036954706
58,0.3782051282051282,4.86202479141091
58,0.3846153846153846,19.47940395707597
58,0.391025641025641,1.4482145077988142
58,0.3974358974358974,10.468282824764723
58,0.40384615384615385,6.488667172661742
58,0.41025641025641024,10.644599115887523
58,0.41666666666666663,10.579158134898584
58,0.4230769230769231,11.993451460323925
58,0.42948717948717946,3.244770869062154
58,0.4358974358974359,1.3953764054132967
58,0.4423076923076923,5.528553414954431
58,0.4487179487179487,9.242642548336287
58,0.4551282051282051,1.7779326030468021
58,0.4615384615384615,20.78345935014635
58,0.46794871794871795,17.4629568591371
58,0.47435897435897434,17.123727103382706
58,0.4807692307692307,9.371846238427676
58,0.48717948717948717,15.420914619266908
58,0.49358974358974356,8.684645048365814
59,0.0,1.4654943925052066e-14
59,0.00641025641025641,13.319406562338933
59,0.01282051282051282,11.208426745815418
59,0.019230769230769232,1.3142823104669508
59,0.02564102564102564,5.244617575247269
59,0.03205128205128205,29.74031507362279
59,0.038461538461538464,10.146581558059609
59,0.04487179487179487,26.801374144084868
59,0.05128205128205128,8.510378365424623
59,0.05769230769230769,13.011155233232127
59,0.0641025641025641,7.919092116227803
59,0.07051282051282051,8.229469879461943
59,0.07692307692307693,14.194477289837645
59,0.08333333333333333,1.4874367698905413
59,0.08974358974358974,10.394810809649071
59,0.09615384615384615,6.306114102685312
59,0.10256410256410256,2.8897406578274616
59,0.10897435897435898,8.859752826374118
59,0.11538461538461538,12.26019655722903
59,0.12179487179487179,16.3969712798264
59,0.1282051282051282,8.133930594671096
59,0.1346153846153846,12.001817579334878
59,0.14102564102564102,6.680322287793021
59,0.14743589743589744,3.2671452453658913
59,0.15384615384615385,16.112077458244965
59,0.16025641025641024,6.047940406664022
59,0.16666666666666666,7.556014587414084
59,0.17307692307692307,9.059495586415679
59,0.1794871794871795,11.322380036285018
59,0.1858974358974359,3.3294919780602283
59,0.1923076923076923,16.576209366030515
59,0.1987179487179487,11.172182226590497
59,0.20512820512820512,15.77828563007235
59,0.21153846153846154,5.08742500931122
59,0.21794871794871795,4.654901542080498
59,0.22435897435897434,11.3836855264933
59,0.23076923076923075,13.127286462762715
59,0.23717948717948717,16.118225253919135
59,0.24358974358974358,32.38223101232696
59,0.25,2.3970804062226794
59,0.2564102564102564,6.368389224981231
59,0.26282051282051283,8.964407243343436
59,0.2692307692307692,20.443875201489575
59,0.2756410256410256,8.887824578961315
59,0.28205128205128205,4.478787957424658
59,0.28846153846153844,22.085204465923795
59,0.2948717948717949,11.232105861409249
59,0.30128205128205127,15.36419260141279
59,0.3076923076923077,9.963727441788738
59,0.3141025641025641,11.66406685108864
59,0.3205128205128205,20.575753820680585
59,0.3269230769230769,21.01967369688829
59,0.3333333333333333,12.636198729096884
59,0.33974358974358976,13.115306988172524
59,0.34615384615384615,9.100819777520167
59,0.35256410256410253,5.534977258330906
59,0.358974358974359,7.9698039074042315
59,0.36538461538461536,3.5579141032237693
59,0.3717948717948718,8.174577041538848
59,0.3782051282051282,18.197027347600738
59,0.3846153846153846,11.752738707671886
59,0.391025641025641,12.84020352195085
59,0.3974358974358974,4.986955256735853
59,0.40384615384615385,14.79982472418453
59,0.41025641025641024,10.98021752175751
59,0.41666666666666663,3.5412202749152484
59,0.4230769230769231,19.99260372733217
59,0.42948717948717946,10.23511158867144
59,0.4358974358974359,11.387413475113956
59,0.4423076923076923,17.226968492740312
59,0.4487179487179487,15.451700843322598
59,0.4551282051282051,10.358506799410817
59,0.4615384615384615,4.717402324738362
59,0.46794871794871795,10.625035606263722
59,0.47435897435897434,3.9910155518847605
59,0.4807692307692307,4.292828699324673
59,0.48717948717948717,9.678625807848992
59,0.49358974358974356,4.073368749232902
60,0.0,7.993605777301127e-15
60,0.0064516129032258064,29.939666381175282
60,0.012903225806451613,10.992569434685178
60,0.01935483870967742,13.945074463792615
60,0.025806451612903226,16.58208892568372
60,0.03225806451612903,9.603520869752671
60,0.03870967741935484,9.02128275487462
60,0.04516129032258064,17.77468838758306
60,0.05161290322580645,18.188652802613028
60,0.05806451612903226,14.177599193711464
60,0.06451612903225806,13.054824840090992
60,0.07096774193548387,6.6817831077168215
60,0.07741935483870968,5.235813653998092
60,0.08387096774193549,8.753542836166963
60,0.09032258064516129,17.883707077295526
60,0.0967741935483871,25.186120276771067
60,0.1032258064516129,12.409979563409136
60,0.10967741935483871,7.037627576007059
60,0.11612903225806452,11.039031446178278
60,0.12258064516129032,4.547565668018564
60,0.12903225806451613,3.444851753194028
60,0.13548387096774195,8.853200861120584
60,0.14193548387096774,14.855971771527242
60,0.14838709677419354,9.075800800872317
60,0.15483870967741936,8.434400518499494
60,0.16129032258064516,7.02630505805498
60,0.16774193548387098,6.169251731691743
60,0.17419354838709677,20.04142995021497
60,0.18064516129032257,3.223329266118326
60,0.1870967741935484,8.289138777532152
60,0.1935483870967742,6.7240948712279875
60,0.2,18.675287814801226
60,0.2064516129032258,6.783196774430486
60,0.2129032258064516,6.824819086193615
60,0.21935483870967742,4.524943412561829
60,0.22580645161290322,4.5550273884705055
60,0.23225806451612904,11.888021314881367
60,0.23870967741935484,14.56877805288193
60,0.24516129032258063,7.8730215553244705
60,0.25161290322580643,3.3130441875616814
60,0.25806451612903225,4.943020406424463
60,0.2645161290322581,14.061258775406804
60,0.2709677419354839,4.2898515115462015
60,0.27741935483870966,19.80579910518014
60,0.2838709677419355,9.562360941830146
60,0.2903225806451613,7.892283406442857
60,0.2967741935483871,28.311472425421016
60,0.3032258064516129,13.099028703486745
60,0.3096774193548387,5.18277402220653
60,0.3161290322580645,18.378612446590235
60,0.3225806451612903,6.067034528370573
60,0.32903225806451614,4.140917474895541
60,0.33548387096774196,9.902618356974038
60,0.3419354838709677,1.0093486229485342
60,0.34838709677419355,14.628724930934379
60,0.3548387096774194,12.628217075277547
60,0.36129032258064514,6.160789110504046
60,0.36774193548387096,7.354819824550936
60,0.3741935483870968,15.565763811056843
60,0.38064516129032255,16.18786592693929
60,0.3870967741935484,5.116019145931285
60,0.3935483870967742,16.190328034789246
60,0.4,14.320153259321135
60,0.4064516129032258,31.802245799438513
60,0.4129032258064516,14.796831474044248
60,0.41935483870967744,4.011910525720214
60,0.4258064516129032,5.880599061082617
60,0.432258064516129,3.8335052311444224
60,0.43870967741935485,7.393968812057862
60,0.44516129032258067,6.619538697266803
60,0.45161290322580644,7.5206741118531895
60,0.45806451612903226,11.974288453571567
60,0.4645161290322581,5.090419799937763
60,0.47096774193548385,2.4009226147259795
60,0.4774193548387097,14.676227403060455
60,0.4838709677419355,3.145570273944128
60,0.49032258064516127,10.417017503573264
60,0.4967741935483871,14.069266728372941
61,0.0,2.042810365310288e-14
61,0.006329113924050633,16.382593984329073
61,0.012658227848101266,17.292539208156917
61,0.0189873417721519,22.011713921665663
61,0.02531645569620253,9.048424305122605
61,0.03164556962025317,10.38830104269589
61,0.0379746835443038,11.26960369361116
61,0.04430379746835443,16.194437461050327
61,0.05063291139240506,7.635767157613721
61,0.056962025316455694,3.306056204224342
61,0.06329113924050633,15.348220937310606
61,0.06962025316455696,7.98713222735585
61,0.0759493670886076,7.09529536041112
61,0.08227848101265822,9.884209969936636
61,0.08860759493670886,7.344137712736267
61,0.09493670886075949,15.806191871988217
61,0.10126582278481013,9.49551924489593
61,0.10759493670886076,14.06345816494302
61,0.11392405063291139,8.302230447010007
61,0.12025316455696203,7.511535349940347
61,0.12658227848101267,6.2934411567451845
61,0.13291139240506328,7.510431125298547
61,0.13924050632911392,11.291912986746697
61,0.14556962025316456,5.114844857994754
61,0.1518987341772152,9.980331915784301
61,0.15822784810126583,13.828698596631662
61,0.16455696202531644,18.189338029306146
61,0.17088607594936708,10.558388414363824
61,0.17721518987341772,13.597733221066136
61,0.18354430379746836,12.998064366532079
61,0.18987341772151897,8.876957210410449
61,0.1962025316455696,17.17426023431996
61,0.20253164556962025,14.409719369545614
61,0.2088607594936709,24.516600543010078
61,0.21518987341772153,3.665956170822316
61,0.22151898734177214,11.645218100097985
61,0.22784810126582278,17.673760702361484
61,0.23417721518987342,14.50516201145338
61,0.24050632911392406,5.570404039424725
61,0.24683544303797467,7.728678068129254
61,0.25316455696202533,12.17524461053488
61,0.25949367088607594,26.745662023994633
61,0.26582278481012656,15.8493480221329
61,0.2721518987341772,7.824117525119842
61,0.27848101265822783,14.933457652329855
61,0.2848101265822785,17.383565666714244
61,0.2911392405063291,9.335214598475268
61,0.2974683544303797,10.793177582463493
61,0.3037974683544304,8.860656127383306
61,0.310126582278481,10.92549457554835
61,0.31645569620253167,9.301826055852096
61,0.3227848101265823,23.60773394947398
61,0.3291139240506329,4.025935643452577
61,0.33544303797468356,11.675112464198097
61,0.34177215189873417,8.83478803884267
61,0.3481012658227848,7.3253106578116975
61,0.35443037974683544,16.38913042289983
61,0.36075949367088606,5.500709923039034
61,0.3670886075949367,14.856018566811754
61,0.37341772151898733,17.66334268854611
61,0.37974683544303794,10.538333247854704
61,0.3860759493670886,13.094514389203724
61,0.3924050632911392,13.144204581824388
61,0.3987341772151899,13.2888458383095
61,0.4050632911392405,11.710993636562657
61,0.4113924050632911,10.753275031475853
61,0.4177215189873418,1.302406397540247
61,0.4240506329113924,10.390125840310766
61,0.43037974683544306,14.59142969075413
61,0.43670886075949367,7.399470043887198
61,0.4430379746835443,11.086303257842054
61,0.44936708860759494,15.768777264722878
61,0.45569620253164556,8.960626515728988
61,0.4620253164556962,9.623226975787317
61,0.46835443037974683,9.468894761961243
61,0.47468354430379744,8.750576841246772
61,0.4810126582278481,14.309914461482782
61,0.4873417721518987,10.562482497017628
61,0.49367088607594933,12.849189978381121
62,0.0,9.325873406851315e-15
62,0.006329113924050633,26.806569902240966
62,0.012658227848101266,17.20975302741947
62,0.0189873417721519,8.803603118792598
62,0.02531645569620253,15.056697921979584
62,0.03164556962025317,14.399079212496963
62,0.0379746835443038,17.904418132537973
62,0.04430379746835443,14.882648966266146
62,0.05063291139240506,12.117016127750205
62,0.056962025316455694,15.432939669675738
62,0.06329113924050633,4.027793503629893
62,0.06962025316455696,4.103370261096075
62,0.0759493670886076,12.11850095289818
62,0.08227848101265822,28.761913421985106
62,0.08860759493670886,16.343061843906124
62,0.09493670886075949,13.179502549124457
62,0.10126582278481013,12.633898077662009
62,0.10759493670886076,10.654120334255204
62,0.11392405063291139,17.56783088696943
62,0.12025316455696203,1.325616967007089
62,0.12658227848101267,11.337105536633649
62,0.13291139240506328,5.332507271422209
62,0.13924050632911392,8.106934873410856
62,0.14556962025316456,8.944413445176608
62,0.1518987341772152,14.865727132149098
62,0.15822784810126583,12.540918707407814
62,0.16455696202531644,17.334545800845625
62,0.17088607594936708,13.592251117638348
62,0.17721518987341772,2.2572061056017096
62,0.18354430379746836,5.208521615137454
62,0.18987341772151897,13.956265986368122
62,0.1962025316455696,3.187632561557398
62,0.20253164556962025,8.263067994496886
62,0.2088607594936709,15.610315919626407
62,0.21518987341772153,21.0250966399258
62,0.22151898734177214,8.762375361846765
62,0.22784810126582278,14.142149385869192
62,0.23417721518987342,10.153602645157033
62,0.24050632911392406,7.694007061072725
62,0.24683544303797467,12.329829185232919
62,0.25316455696202533,5.674687170437436
62,0.25949367088607594,4.338477377655649
62,0.26582278481012656,5.540861833518448
62,0.2721518987341772,3.547143761947202
62,0.27848101265822783,6.164020017906304
62,0.2848101265822785,12.974478411500284
62,0.2911392405063291,15.037465940958972
62,0.2974683544303797,8.218297569436514
62,0.3037974683544304,15.772382368936158
62,0.310126582278481,11.866222748718089
62,0.31645569620253167,4.420365270885337
62,0.3227848101265823,7.5849873976462785
62,0.3291139240506329,14.548344551745693
62,0.33544303797468356,11.521129859084715
62,0.34177215189873417,7.797372191235124
62,0.3481012658227848,4.0524314137289705
62,0.35443037974683544,8.374803950684377
62,0.36075949367088606,6.868941765220859
62,0.3670886075949367,23.094129329195514
62,0.37341772151898733,25.573097704225017
62,0.37974683544303794,6.229002199602505
62,0.3860759493670886,4.780947186349249
62,0.3924050632911392,11.31870523150695
62,0.3987341772151899,7.0839997560323
62,0.4050632911392405,10.417228866045475
62,0.4113924050632911,9.786162848660158
62,0.4177215189873418,16.34720331125134
62,0.4240506329113924,9.223904761147843
62,0.43037974683544306,19.347745686167027
62,0.43670886075949367,7.346879613733338
62,0.4430379746835443,12.106723603609566
62,0.44936708860759494,6.773425358388606
62,0.45569620253164556,14.39628176062533
62,0.4620253164556962,3.771108640159965
62,0.46835443037974683,8.020936360930005
62,0.47468354430379744,22.17880831288788
62,0.4810126582278481,13.76833411612144
62,0.4873417721518987,6.973977490500971
62,0.49367088607594933,4.491638828098837
63,0.0,1.2434497875801753e-14
63,0.006289308176100629,21.222190142787532
63,0.012578616352201259,9.614278264035637
63,0.01886792452830189,6.660297882097226
63,0.025157232704402517,9.999538154818607
63,0.031446540880503145,5.7249782915665275
63,0.03773584905660378,12.666646406219266
63,0.04402515723270441,6.765999160929652
63,0.050314465408805034,13.258223163126148
63,0.05660377358490566,3.9446185280815564
63,0.06289308176100629,12.963653918532843
63,0.06918238993710692,16.665970758379693
63,0.07547169811320756,9.458588414179887
63,0.08176100628930819,13.26529979749421
63,0.08805031446540881,7.380235130870223
63,0.09433962264150944,21.329621731578293
63,0.10062893081761007,11.186919415777922
63,0.1069182389937107,8.371346931247308
63,0.11320754716981132,9.687107909621659
63,0.11949685534591195,2.936392468688915
63,0.12578616352201258,14.884513018913825
63,0.1320754716981132,15.188529865741668
63,0.13836477987421383,17.459162818993253
63,0.14465408805031446,8.679208822332
63,0.15094339622641512,5.78058023773522
63,0.15723270440251574,3.6451339621145054
63,0.16352201257861637,10.56107148095651
63,0.169811320754717,24.86828845682412
63,0.17610062893081763,10.013555386475613
63,0.18238993710691825,12.577887719533582
63,0.18867924528301888,13.25885371951961
63,0.1949685534591195,9.2652537029311
63,0.20125786163522014,7.930728600998303
63,0.20754716981132076,5.189489824497815
63,0.2138364779874214,18.860061184745195
63,0.22012578616352202,6.22502999173205
63,0.22641509433962265,7.570451078407182
63,0.23270440251572327,13.864485515284018
63,0.2389937106918239,9.873677973784314
63,0.24528301886792453,17.123862861957665
63,0.25157232704402516,5.537004603880293
63,0.2578616352201258,15.64277007105108
63,0.2641509433962264,17.218139075916284
63,0.27044025157232704,12.223104993041867
63,0.27672955974842767,10.287021066927325
63,0.2830188679245283,5.766714994948074
63,0.2893081761006289,4.817085408475962
63,0.29559748427672955,19.23664603888045
63,0.30188679245283023,17.515668780173737
63,0.30817610062893086,4.664667922022882
63,0.3144654088050315,10.600924038326324
63,0.3207547169811321,13.374558708721912
63,0.32704402515723274,17.45436634254054
63,0.33333333333333337,19.785107000978982
63,0.339622641509434,17.541498359877036
63,0.3459119496855346,8.775535928290752
63,0.35220125786163525,23.69965012247027
63,0.3584905660377359,5.067676787825019
63,0.3647798742138365,9.021844420619496
63,0.37106918238993714,5.79028299643485
63,0.37735849056603776,6.80070598659763
63,0.3836477987421384,12.839635219932841
63,0.389937106918239,8.153295458183615
63,0.39622641509433965,1.301560414262832
63,0.4025157232704403,11.048948982452714
63,0.4088050314465409,12.581603543031141
63,0.41509433962264153,28.09158444397119
63,0.42138364779874216,9.206901729767269
63,0.4276729559748428,4.4651088255943625
63,0.4339622641509434,8.242048894113022
63,0.44025157232704404,12.578391925828837
63,0.44654088050314467,19.52789782718196
63,0.4528301886792453,6.057952067601752
63,0.4591194968553459,16.681897230169472
63,0.46540880503144655,6.495873623581332
63,0.4716981132075472,9.99164565304174
63,0.4779874213836478,13.805224467756558
63,0.48427672955974843,2.048825034693464
63,0.49056603773584906,15.979488628665786
63,0.4968553459119497,11.239933636574392
64,0.0,2.6645352591003757e-15
64,0.00641025641025641,16.804520918360723
64,0.01282051282051282,3.2855091917538326
64,0.019230769230769232,26.2601647321678
64,0.02564102564102564,14.828092652120183
64,0.03205128205128205,10.399494439501959
64,0.038461538461538464,10.487241603307163
64,0.04487179487179487,5.579100612918015
64,0.05128205128205128,3.882279186176606
64,0.05769230769230769,14.462133344417692
64,0.0641025641025641,18.785511458090276
64,0.07051282051282051,6.1318987186306
64,0.07692307692307693,19.003293868506557
64,0.08333333333333333,17.617609429734056
64,0.08974358974358974,1.5610223528443756
64,0.09615384615384615,11.437105616781627
64,0.10256410256410256,27.000362405998104
64,0.10897435897435898,14.90108634739394
64,0.11538461538461538,18.203103223474173
64,0.12179487179487179,17.38967048197349
64,0.1282051282051282,6.588447801866087
64,0.1346153846153846,10.394994759014079
64,0.14102564102564102,5.4156847556407595
64,0.14743589743589744,8.449483285603568
64,0.15384615384615385,11.836580553308528
64,0.16025641025641024,6.037243734676964
64,0.16666666666666666,14.235544033609694
64,0.17307692307692307,21.580080733471437
64,0.1794871794871795,11.304346627515795
64,0.1858974358974359,10.715746298703408
64,0.1923076923076923,9.963281013436896
64,0.1987179487179487,16.439877159203633
64,0.20512820512820512,2.647299422151795
64,0.21153846153846154,11.695377554158682
64,0.21794871794871795,9.355783086019837
64,0.22435897435897434,15.52409323841446
64,0.23076923076923075,6.391848952197714
64,0.23717948717948717,10.67345654476287
64,0.24358974358974358,6.140596276756601
64,0.25,9.646646841195386
64,0.2564102564102564,11.932732557081504
64,0.26282051282051283,10.089785475829471
64,0.2692307692307692,12.202167150988789
64,0.2756410256410256,3.4021842106938482
64,0.28205128205128205,7.803762537140123
64,0.28846153846153844,10.808299211089226
64,0.2948717948717949,4.943053985599066
64,0.30128205128205127,21.30212480818483
64,0.3076923076923077,13.682593231374979
64,0.3141025641025641,3.2204368416419644
64,0.3205128205128205,11.75384044037793
64,0.3269230769230769,12.451960645204354
64,0.3333333333333333,16.010705639335757
64,0.33974358974358976,12.010813027317408
64,0.34615384615384615,9.273091789624594
64,0.35256410256410253,13.511220298825418
64,0.358974358974359,2.6760532812474636
64,0.36538461538461536,8.038905330492154
64,0.3717948717948718,12.963692879482627
64,0.3782051282051282,3.473097378683816
64,0.3846153846153846,15.50145884378805
64,0.391025641025641,13.332101970245121
64,0.3974358974358974,8.257908627351156
64,0.40384615384615385,14.040959065720521
64,0.41025641025641024,11.933741880411691
64,0.41666666666666663,0.876381785300303
64,0.4230769230769231,14.82371406065414
64,0.42948717948717946,7.423052501961361
64,0.4358974358974359,1.268520153896994
64,0.4423076923076923,3.7185648329301757
64,0.4487179487179487,11.629527737215113
64,0.4551282051282051,17.0275379269632
64,0.4615384615384615,16.464453669710053
64,0.46794871794871795,8.44444569357299
64,0.47435897435897434,5.742000675223735
64,0.4807692307692307,6.758899490941357
64,0.48717948717948717,18.644137710349145
64,0.49358974358974356,19.233271637052077
65,0.0,3.9968028886505635e-15
65,0.00641025641025641,17.354592611152217
65,0.01282051282051282,15.994860987150158
65,0.019230769230769232,18.183692492852924
65,0.02564102564102564,17.768065142677248
65,0.03205128205128205,12.683129415683396
65,0.038461538461538464,14.181205401556245
65,0.04487179487179487,8.535301821026593
65,0.05128205128205128,4.519528955316225
65,0.05769230769230769,9.781653236928873
65,0.0641025641025641,6.33438663674836
65,0.07051282051282051,7.182266608914518
65,0.07692307692307693,7.078228998356028
65,0.08333333333333333,10.443093267453234
65,0.08974358974358974,9.856442240534998
65,0.09615384615384615,9.394915615099487
65,0.10256410256410256,11.097889729008955
65,0.10897435897435898,17.866973307857833
65,0.11538461538461538,16.992264034044876
65,0.12179487179487179,2.2243702049812493
65,0.1282051282051282,22.90346969638055
65,0.1346153846153846,2.065499976998244
65,0.14102564102564102,4.295981089478244
65,0.14743589743589744,1.6227418810720537
65,0.15384615384615385,11.315647819291266
65,0.16025641025641024,15.065303833437438
65,0.16666666666666666,11.604847741004642
65,0.17307692307692307,4.500029085333265
65,0.1794871794871795,10.106925107513861
65,0.1858974358974359,14.506988513503483
65,0.1923076923076923,15.429427845187236
65,0.1987179487179487,7.973643911048087
65,0.20512820512820512,9.668452758900976
65,0.21153846153846154,16.856482902750717
65,0.21794871794871795,12.374445930156199
65,0.22435897435897434,3.7656562708490187
65,0.23076923076923075,20.165622672536124
65,0.23717948717948717,1.3753827683372
65,0.24358974358974358,13.823385269960307
65,0.25,11.060433397853187
65,0.2564102564102564,9.177549358346008
65,0.26282051282051283,23.77759352822861
65,0.2692307692307692,3.2294404888160084
65,0.2756410256410256,5.299880276965505
65,0.28205128205128205,3.404968698548765
65,0.28846153846153844,12.5417236039143
65,0.2948717948717949,8.089384296761702
65,0.30128205128205127,4.895465661974511
65,0.3076923076923077,6.396157623640016
65,0.3141025641025641,10.439732217732773
65,0.3205128205128205,19.16309651294676
65,0.3269230769230769,8.145341099888238
65,0.3333333333333333,3.4436908184112007
65,0.33974358974358976,13.958226144318873
65,0.34615384615384615,17.86155862883601
65,0.35256410256410253,6.500100378213809
65,0.358974358974359,12.112062014868624
65,0.36538461538461536,16.06141014572834
65,0.3717948717948718,16.180988773637104
65,0.3782051282051282,5.193490184109008
65,0.3846153846153846,19.85740580624016
65,0.391025641025641,9.9761852808799
65,0.3974358974358974,16.711960660127758
65,0.40384615384615385,24.6077554007645
65,0.41025641025641024,15.203396948858042
65,0.41666666666666663,9.537502661083952
65,0.4230769230769231,11.75888631269818
65,0.42948717948717946,8.4510553870326
65,0.4358974358974359,5.810858044739925
65,0.4423076923076923,18.95256788078858
65,0.4487179487179487,11.904023042587474
65,0.4551282051282051,10.54738357943636
65,0.4615384615384615,21.604765642809546
65,0.46794871794871795,6.246728277345363
65,0.47435897435897434,5.146969910464636
65,0.4807692307692307,10.751948210377787
65,0.48717948717948717,10.813320119373214
65,0.49358974358974356,13.149679142000302
66,0.0,2.6645352591003757e-15
66,0.006289308176100629,25.884679180480944
66,0.012578616352201259,15.775407189596729
66,0.01886792452830189,17.409791854201703
66,0.025157232704402517,9.38976704854639
66,0.031446540880503145,3.272542723116862
66,0.03773584905660378,8.990170629851319
66,0.04402515723270441,18.580494297652947
66,0.050314465408805034,8.341860182527652
66,0.05660377358490566,2.4252470678287144
66,0.06289308176100629,11.380283605817008
66,0.06918238993710692,3.0055717582927413
66,0.07547169811320756,4.175959041306389
66,0.08176100628930819,4.413438598245076
66,0.08805031446540881,2.1428362946983315
66,0.09433962264150944,16.71545199267683
66,0.10062893081761007,16.106832851214037
66,0.1069182389937107,9.858786128732547
66,0.11320754716981132,2.8025881783344593
66,0.11949685534591195,12.66318985298278
66,0.12578616352201258,11.42689248483453
66,0.1320754716981132,19.060237475361895
66,0.13836477987421383,8.952537289637904
66,0.14465408805031446,20.555622466550957
66,0.15094339622641512,19.17642195633797
66,0.15723270440251574,8.039969895395862
66,0.16352201257861637,5.100302000808212
66,0.169811320754717,18.023889079172438
66,0.17610062893081763,8.585600847632005
66,0.18238993710691825,17.363425496197397
66,0.18867924528301888,14.038936099268927
66,0.1949685534591195,15.987104379384578
66,0.20125786163522014,7.293196403378342
66,0.20754716981132076,12.145762521492461
66,0.2138364779874214,7.615849882122794
66,0.22012578616352202,8.760294639149574
66,0.22641509433962265,9.319454938477659
66,0.23270440251572327,9.270312315389148
66,0.2389937106918239,29.253959071774254
66,0.24528301886792453,14.034359456016272
66,0.25157232704402516,17.691197088037924
66,0.2578616352201258,16.594934608051844
66,0.2641509433962264,15.225312799258699
66,0.27044025157232704,5.000183405109863
66,0.27672955974842767,13.283497947553046
66,0.2830188679245283,14.03904298786774
66,0.2893081761006289,17.858905179124104
66,0.29559748427672955,4.115181752225239
66,0.30188679245283023,7.7823543637991
66,0.30817610062893086,19.521798384157414
66,0.3144654088050315,3.247837182055547
66,0.3207547169811321,14.421482828097655
66,0.32704402515723274,9.639600445297978
66,0.33333333333333337,8.978261325605224
66,0.339622641509434,9.126711930953222
66,0.3459119496855346,3.5051970978559748
66,0.35220125786163525,9.846327568952718
66,0.3584905660377359,3.7357453217547816
66,0.3647798742138365,3.5020985466336483
66,0.37106918238993714,10.215280713666003
66,0.37735849056603776,17.069136746430026
66,0.3836477987421384,20.05521204049819
66,0.389937106918239,17.65515908922924
66,0.39622641509433965,17.641441028296455
66,0.4025157232704403,15.168966726476684
66,0.4088050314465409,20.04541194356925
66,0.41509433962264153,3.8349757514860277
66,0.42138364779874216,6.046056550879533
66,0.4276729559748428,12.352080874929998
66,0.4339622641509434,8.234306092984323
66,0.44025157232704404,5.99287811609607
66,0.44654088050314467,8.801490300528245
66,0.4528301886792453,7.823145357010775
66,0.4591194968553459,14.612598006746415
66,0.46540880503144655,12.823983858597577
66,0.4716981132075472,4.88787473370848
66,0.4779874213836478,9.095156222089267
66,0.48427672955974843,3.6887882345533742
66,0.49056603773584906,6.602665071550637
66,0.4968553459119497,4.155217819478648
67,0.0,9.658940314238862e-15
67,0.006369426751592357,9.71512132918829
67,0.012738853503184714,28.286183206817615
67,0.019108280254777073,13.356116092688612
67,0.025477707006369428,16.544236673668273
67,0.03184713375796178,14.047920544361975
67,0.038216560509554146,13.245260333955603
67,0.0445859872611465,8.799188848971502
67,0.050955414012738856,4.794330391121965
67,0.05732484076433121,9.000360864388757
67,0.06369426751592357,7.650775943739291
67,0.07006369426751592,15.383715060607223
67,0.07643312101910829,2.2748174131840315
67,0.08280254777070065,2.2656642520349504
67,0.089171974522293,8.198990638977325
67,0.09554140127388536,17.057596246815915
67,0.10191082802547771,7.000435381521713
67,0.10828025477707007,4.133116846937237
67,0.11464968152866242,16.83375865675915
67,0.12101910828025478,6.5115773021578445
67,0.12738853503184713,16.66201578042363
67,0.1337579617834395,4.619193616943031
67,0.14012738853503184,4.416485453652365
67,0.1464968152866242,8.952672793831697
67,0.15286624203821658,23.47309914719542
67,0.15923566878980894,8.677574948297659
67,0.1656050955414013,10.192411991007658
67,0.17197452229299365,16.079491181587514
67,0.178343949044586,12.71151784779042
67,0.18471337579617836,4.661367705450272
67,0.1910828025477707,4.4493600506500375
67,0.19745222929936307,14.282602690780985
67,0.20382165605095542,13.626910950221443
67,0.21019108280254778,8.356938585100329
67,0.21656050955414013,12.125198977589477
67,0.2229299363057325,7.632912015850469
67,0.22929936305732485,14.669015284147603
67,0.2356687898089172,11.061633812074968
67,0.24203821656050956,19.14391832425468
67,0.2484076433121019,3.8610894544100725
67,0.25477707006369427,18.889526507896953
67,0.2611464968152866,7.113462514838504
67,0.267515923566879,15.342026610752264
67,0.27388535031847133,10.036839306506298
67,0.2802547770700637,29.933624672820137
67,0.28662420382165604,8.269979997720068
67,0.2929936305732484,21.428093916512562
67,0.29936305732484075,1.9191030322607034
67,0.30573248407643316,13.606320373737539
67,0.3121019108280255,8.817877799272058
67,0.3184713375796179,4.1672040174924945
67,0.32484076433121023,6.865138604637901
67,0.3312101910828026,8.031298663013303
67,0.33757961783439494,4.611554050566701
67,0.3439490445859873,8.228469483457419
67,0.35031847133757965,5.5371872105247135
67,0.356687898089172,15.939992880773211
67,0.36305732484076436,10.853831580092523
67,0.3694267515923567,12.102482162717617
67,0.37579617834394907,16.2784988409307
67,0.3821656050955414,12.898336454714066
67,0.3885350318471338,12.899578189903716
67,0.39490445859872614,5.6696937511815575
67,0.4012738853503185,18.839921253749043
67,0.40764331210191085,6.348368753467413
67,0.4140127388535032,16.445412656301283
67,0.42038216560509556,17.76241018762667
67,0.4267515923566879,12.23058853957178
67,0.43312101910828027,17.476544512199418
67,0.4394904458598726,21.37439116420349
67,0.445859872611465,10.048906441824288
67,0.45222929936305734,5.642630664667547
67,0.4585987261146497,7.988312372598814
67,0.46496815286624205,11.881676968164921
67,0.4713375796178344,11.082105667075426
67,0.47770700636942676,8.657233157933168
67,0.4840764331210191,1.5582774652983646
67,0.49044585987261147,5.442997445542955
67,0.4968152866242038,10.133601472845262
68,0.0,1.0658141036401503e-14
68,0.00641025641025641,17.242429158918096
68,0.01282051282051282,8.349611421921171
68,0.019230769230769232,19.486854092232157
68,0.02564102564102564,18.658654386520745
68,0.03205128205128205,11.176114229896696
68,0.038461538461538464,1.3153579586354032
68,0.04487179487179487,14.55110828096618
68,0.05128205128205128,5.308443278528176
68,0.05769230769230769,5.983317910695591
68,0.0641025641025641,10.50681272406371
68,0.07051282051282051,9.60408037813525
68,0.07692307692307693,9.034157796576489
68,0.08333333333333333,6.715763838360125
68,0.08974358974358974,16.974323942951205
68,0.09615384615384615,8.184084396976248
68,0.10256410256410256,7.771678676278174
68,0.10897435897435898,11.817058926390368
68,0.11538461538461538,12.81627262100141
68,0.12179487179487179,10.579866687452785
68,0.1282051282051282,10.352551450659911
68,0.1346153846153846,12.27576399919645
68,0.14102564102564102,7.377169554667561
68,0.14743589743589744,4.583774452113327
68,0.15384615384615385,1.9669719151988323
68,0.16025641025641024,4.525067813690419
68,0.16666666666666666,8.935970761550601
68,0.17307692307692307,2.6351419135251097
68,0.1794871794871795,23.03064730642607
68,0.1858974358974359,0.8910797314017991
68,0.1923076923076923,17.61706727475268
68,0.1987179487179487,13.43509286292922
68,0.20512820512820512,18.656653781528778
68,0.21153846153846154,11.399556907709805
68,0.21794871794871795,9.08164319456352
68,0.22435897435897434,18.41656810085792
68,0.23076923076923075,13.059924969787597
68,0.23717948717948717,10.511094635322145
68,0.24358974358974358,13.22023841197256
68,0.25,11.739936931873821
68,0.2564102564102564,6.328718464671672
68,0.26282051282051283,11.802416416369342
68,0.2692307692307692,21.300953618828487
68,0.2756410256410256,16.907239072956347
68,0.28205128205128205,2.704400094727669
68,0.28846153846153844,14.825723327966566
68,0.2948717948717949,17.07215686335258
68,0.30128205128205127,7.190299320758948
68,0.3076923076923077,6.186293498259613
68,0.3141025641025641,2.226672307017511
68,0.3205128205128205,6.649409549980016
68,0.3269230769230769,13.438215602612612
68,0.3333333333333333,9.63519245591259
68,0.33974358974358976,8.939567979708372
68,0.34615384615384615,14.406781853756712
68,0.35256410256410253,14.484730787108385
68,0.358974358974359,13.676023410615363
68,0.36538461538461536,9.337550115101658
68,0.3717948717948718,4.1458833667618435
68,0.3782051282051282,21.786634717554726
68,0.3846153846153846,7.599415514606931
68,0.391025641025641,3.1184946636368944
68,0.3974358974358974,12.600654718546016
68,0.40384615384615385,9.968368625282015
68,0.41025641025641024,10.023789120379211
68,0.41666666666666663,17.88580902040249
68,0.4230769230769231,4.420214647493899
68,0.42948717948717946,8.80349340441268
68,0.4358974358974359,10.904770858311016
68,0.4423076923076923,10.70929935797126
68,0.4487179487179487,25.32685069413231
68,0.4551282051282051,12.82509302253764
68,0.4615384615384615,7.16820240402794
68,0.46794871794871795,19.661126422112847
68,0.47435897435897434,13.289152055784516
68,0.4807692307692307,21.13809837790947
68,0.48717948717948717,15.163769185926421
68,0.49358974358974356,7.955772863303809
69,0.0,2.0872192862952943e-14
69,0.006329113924050633,21.823975306672203
69,0.012658227848101266,4.195645849578743
69,0.0189873417721519,17.029203686316922
69,0.02531645569620253,15.289603571507273
69,0.03164556962025317,7.147793317337361
69,0.0379746835443038,13.916349973446255
69,0.04430379746835443,2.4264293482370314
69,0.05063291139240506,11.480654839722918
69,0.056962025316455694,5.407386830161513
69,0.06329113924050633,12.111049742048971
69,0.06962025316455696,12.170326154060627
69,0.0759493670886076,8.687633995015132
69,0.08227848101265822,16.16543500373888
69,0.08860759493670886,5.07774478128623
69,0.09493670886075949,5.516118493963884
69,0.10126582278481013,18.248027350871297
69,0.10759493670886076,8.342057379240838
69,0.11392405063291139,18.60405827064504
69,0.12025316455696203,21.37262112557893
69,0.12658227848101267,20.36784215540462
69,0.13291139240506328,11.986209208334662
69,0.13924050632911392,5.400652718609326
69,0.14556962025316456,9.995601088237542
69,0.1518987341772152,9.997720198730482
69,0.15822784810126583,17.430909827912856
69,0.16455696202531644,6.886043359361568
69,0.17088607594936708,13.038021103771904
69,0.17721518987341772,3.6559743928905015
69,0.18354430379746836,12.701546431762711
69,0.18987341772151897,5.205345097908441
69,0.1962025316455696,6.786608475129707
69,0.20253164556962025,15.768974106194124
69,0.2088607594936709,20.72345414781755
69,0.21518987341772153,15.420351529854575
69,0.22151898734177214,29.417976115348335
69,0.22784810126582278,3.4255055069835345
69,0.23417721518987342,4.06748250155755
69,0.24050632911392406,5.817762987244531
69,0.24683544303797467,10.889942783965644
69,0.25316455696202533,10.9036656977724
69,0.25949367088607594,8.783595929821717
69,0.26582278481012656,9.733820926062817
69,0.2721518987341772,17.6157759513642
69,0.27848101265822783,4.481882700051817
69,0.2848101265822785,5.573942972525038
69,0.2911392405063291,16.908740595034264
69,0.2974683544303797,7.673180507903997
69,0.3037974683544304,9.307828503352617
69,0.310126582278481,6.409267329503364
69,0.31645569620253167,8.50388495498819
69,0.3227848101265823,20.69769603464619
69,0.3291139240506329,14.310527870506942
69,0.33544303797468356,16.104961780300716
69,0.34177215189873417,19.489736442877533
69,0.3481012658227848,7.009249847367193
69,0.35443037974683544,12.862854143861767
69,0.36075949367088606,6.60806690894307
69,0.3670886075949367,7.454076116057993
69,0.37341772151898733,11.613865095528535
69,0.37974683544303794,10.259314370001142
69,0.3860759493670886,15.198091202134547
69,0.3924050632911392,21.8358360073068
69,0.3987341772151899,9.661313666987782
69,0.4050632911392405,8.872714977430107
69,0.4113924050632911,13.76267316055261
69,0.4177215189873418,11.371223957739742
69,0.4240506329113924,8.442402506499743
69,0.43037974683544306,13.217878889519262
69,0.43670886075949367,10.966372664812429
69,0.4430379746835443,12.181368742966276
69,0.44936708860759494,2.590532422134983
69,0.45569620253164556,11.989963112429136
69,0.4620253164556962,7.653745442190159
69,0.46835443037974683,5.651890186535395
69,0.47468354430379744,16.764305807713658
69,0.4810126582278481,11.957455777106787
69,0.4873417721518987,13.86470386487514
69,0.49367088607594933,6.7108919643664935
70,0.0,1.021405182655144e-14
70,0.006535947712418301,15.78639647205659
70,0.013071895424836602,5.681792366398006
70,0.0196078431372549,19.8924333098213
70,0.026143790849673203,13.321577289695508
70,0.032679738562091505,32.112664724212145
70,0.0392156862745098,3.3735433143968914
70,0.04575163398692811,15.717375389974816
70,0.05228758169934641,4.560853198613309
70,0.058823529411764705,18.239126651752585
70,0.06535947712418301,9.51205806773169
70,0.07189542483660132,9.017010978536273
70,0.0784313725490196,11.294038588878104
70,0.08496732026143791,12.96427207450135
70,0.09150326797385622,20.233142201077925
70,0.09803921568627451,7.711880313563134
70,0.10457516339869281,2.054510422619262
70,0.11111111111111112,2.921411239745515
70,0.11764705882352941,11.990056410634974
70,0.12418300653594772,11.001081427333098
70,0.13071895424836602,16.208243393192635
70,0.13725490196078433,10.841220203133386
70,0.14379084967320263,6.759187801187555
70,0.1503267973856209,3.9315305255066044
70,0.1568627450980392,10.092679764680211
70,0.16339869281045752,3.563494906323394
70,0.16993464052287582,7.483467437592852
70,0.17647058823529413,14.35542524784563
70,0.18300653594771243,13.870405475460323
70,0.1895424836601307,9.279958868283446
70,0.19607843137254902,4.929467060383173
70,0.20261437908496732,20.995245914565036
70,0.20915032679738563,19.961789260684455
70,0.21568627450980393,14.133649826085543
70,0.22222222222222224,19.23621889729777
70,0.22875816993464054,12.178996081797044
70,0.23529411764705882,13.926424324090119
70,0.24183006535947713,3.542467130249277
70,0.24836601307189543,3.3596461963285438
70,0.2549019607843137,16.618984530833483
70,0.26143790849673204,12.20692543947168
70,0.2679738562091503,17.68480670038664
70,0.27450980392156865,16.178615694106536
70,0.28104575163398693,11.471939506363574
70,0.28758169934640526,4.986130444337106
70,0.29411764705882354,8.731094401497144
70,0.3006535947712418,2.314243625706613
70,0.30718954248366015,7.8198504767013794
70,0.3137254901960784,16.673689110050386
70,0.32026143790849676,4.841171861216511
70,0.32679738562091504,7.73951378236986
70,0.33333333333333337,9.04458671196199
70,0.33986928104575165,14.748540001707426
70,0.3464052287581699,11.153109839977654
70,0.35294117647058826,15.425239760524342
70,0.35947712418300654,7.968677420133142
70,0.36601307189542487,4.0208184384717525
70,0.37254901960784315,17.057142104387356
70,0.3790849673202614,8.573610830922567
70,0.38562091503267976,14.944145256241342
70,0.39215686274509803,8.379547252713213
70,0.39869281045751637,14.122230021745398
70,0.40522875816993464,23.94843045892486
70,0.411764705882353,15.325008647882905
70,0.41830065359477125,10.540871767106212
70,0.42483660130718953,14.279070358531591
70,0.43137254901960786,4.9767743151556045
70,0.43790849673202614,9.069566601079346
70,0.4444444444444445,11.96015771190074
70,0.45098039215686275,8.242225362752121
70,0.4575163398692811,8.547009872185871
70,0.46405228758169936,9.694773395791692
70,0.47058823529411764,8.909967702727085
70,0.477124183006536,0.9514126897556724
70,0.48366013071895425,8.766978390294396
70,0.4901960784313726,6.565429258534256
70,0.49673202614379086,5.404666913628333
71,0.0,3.552713678800501e-15
71,0.006289308176100629,24.038684950174428
71,0.012578616352201259,12.071536366862793
71,0.01886792452830189,6.174356703460828
71,0.025157232704402517,6.098238212245316
71,0.031446540880503145,10.894565808014926
71,0.03773584905660378,26.950311529217164
71,0.04402515723270441,5.898534476524466
71,0.050314465408805034,14.330981584105729
71,0.05660377358490566,7.348500097910745
71,0.06289308176100629,19.928411987118476
71,0.06918238993710692,12.151974088622941
71,0.07547169811320756,0.5368681518970984
71,0.08176100628930819,11.224343578572574
71,0.08805031446540881,14.174180264010758
71,0.09433962264150944,7.8977641790260895
71,0.10062893081761007,4.021403982683747
71,0.1069182389937107,3.9559506457043354
71,0.11320754716981132,6.693102166457175
71,0.11949685534591195,8.531244063904625
71,0.12578616352201258,19.128290070525193
71,0.1320754716981132,21.30834376866682
71,0.13836477987421383,21.06545821562815
71,0.14465408805031446,10.788595681992891
71,0.15094339622641512,17.651507894469052
71,0.15723270440251574,11.679438080319914
71,0.16352201257861637,16.618308405197453
71,0.169811320754717,8.932703207163563
71,0.17610062893081763,12.540580864709577
71,0.18238993710691825,14.513411100567833
71,0.18867924528301888,9.09082022548106
71,0.1949685534591195,14.501191815720626
71,0.20125786163522014,5.237576867899387
71,0.20754716981132076,16.310525784791075
71,0.2138364779874214,4.168044998707307
71,0.22012578616352202,5.670097257647866
71,0.22641509433962265,2.110764497628311
71,0.23270440251572327,7.748724075026351
71,0.2389937106918239,12.187489171699472
71,0.24528301886792453,17.77530069980781
71,0.25157232704402516,7.00960416200083
71,0.2578616352201258,17.81084094073707
71,0.2641509433962264,26.278320741996428
71,0.27044025157232704,14.778679677777504
71,0.27672955974842767,4.139308907766944
71,0.2830188679245283,8.25792983847362
71,0.2893081761006289,5.885257464733124
71,0.29559748427672955,8.996045844234237
71,0.30188679245283023,7.097514189073551
71,0.30817610062893086,11.316906038226449
71,0.3144654088050315,4.16065368056989
71,0.3207547169811321,5.060606222095624
71,0.32704402515723274,6.442038199684547
71,0.33333333333333337,11.639078771997262
71,0.339622641509434,8.321624706131706
71,0.3459119496855346,14.116325483464534
71,0.35220125786163525,10.58083386687353
71,0.3584905660377359,16.436503939043675
71,0.3647798742138365,8.580328122057521
71,0.37106918238993714,2.047056814408082
71,0.37735849056603776,10.310408253301135
71,0.3836477987421384,12.74863737573124
71,0.389937106918239,3.598146524939525
71,0.39622641509433965,12.028300942564126
71,0.4025157232704403,18.0023896517791
71,0.4088050314465409,10.606260185615165
71,0.41509433962264153,7.054524322024563
71,0.42138364779874216,23.70878477326431
71,0.4276729559748428,17.920374559713032
71,0.4339622641509434,13.387066972557056
71,0.44025157232704404,10.994762163734027
71,0.44654088050314467,12.208577490139275
71,0.4528301886792453,12.860957337706033
71,0.4591194968553459,10.078569900434912
71,0.46540880503144655,2.9578038941870535
71,0.4716981132075472,7.689750469256297
71,0.4779874213836478,4.106600352723429
71,0.48427672955974843,3.0243046124954414
71,0.49056603773584906,23.19333858896916
71,0.4968553459119497,12.442178731738826
72,0.0,1.1324274851176597e-14
72,0.006369426751592357,26.625553451663507
72,0.012738853503184714,5.038979083379063
72,0.019108280254777073,13.85793810018741
72,0.025477707006369428,15.42662428667372
72,0.03184713375796178,19.258859744711504
72,0.038216560509554146,7.751991151672032
72,0.0445859872611465,10.406800001986896
72,0.050955414012738856,18.181816568243484
72,0.05732484076433121,6.625775212675601
72,0.06369426751592357,8.687058682492092
72,0.07006369426751592,18.96388480906063
72,0.07643312101910829,7.522558000984851
72,0.08280254777070065,18.288801808530174
72,0.089171974522293,19.115107214018813
72,0.09554140127388536,16.27786269542827
72,0.10191082802547771,16.34515840691066
72,0.10828025477707007,5.364878710709289
72,0.11464968152866242,14.138955481310095
72,0.12101910828025478,13.64576442345172
72,0.12738853503184713,5.9909239204165115
72,0.1337579617834395,2.701069391591388
72,0.14012738853503184,6.367104849485853
72,0.1464968152866242,6.487042415319446
72,0.15286624203821658,5.784891365440131
72,0.15923566878980894,10.111148906578558
72,0.1656050955414013,13.18033890322119
72,0.17197452229299365,6.842491657694024
72,0.178343949044586,11.367576879934905
72,0.18471337579617836,8.511185043009014
72,0.1910828025477707,7.345993767373771
72,0.19745222929936307,2.7656049170126016
72,0.20382165605095542,6.307502515803679
72,0.21019108280254778,12.12087260834272
72,0.21656050955414013,11.58997010873378
72,0.2229299363057325,6.228747829798061
72,0.22929936305732485,2.892546080873694
72,0.2356687898089172,8.463155583923903
72,0.24203821656050956,1.8941457081651902
72,0.2484076433121019,1.785364351678346
72,0.25477707006369427,10.55402868940376
72,0.2611464968152866,7.687027261280272
72,0.267515923566879,4.606708104675046
72,0.27388535031847133,7.228011536890639
72,0.2802547770700637,5.599768194365774
72,0.28662420382165604,1.844433306966602
72,0.2929936305732484,12.27120398739005
72,0.29936305732484075,12.543594017179215
72,0.30573248407643316,17.9490323669296
72,0.3121019108280255,24.88639193318076
72,0.3184713375796179,7.031908302508476
72,0.32484076433121023,16.042284813759885
72,0.3312101910828026,16.217554672144
72,0.33757961783439494,14.717044317202914
72,0.3439490445859873,7.212173532109548
72,0.35031847133757965,7.383724200413594
72,0.356687898089172,9.947355817013438
72,0.36305732484076436,4.459988201355205
72,0.3694267515923567,18.515759945382175
72,0.37579617834394907,12.4854695856755
72,0.3821656050955414,12.55268125160407
72,0.3885350318471338,6.351822036748005
72,0.39490445859872614,10.838628927896577
72,0.4012738853503185,4.495587896569342
72,0.40764331210191085,10.142711517714714
72,0.4140127388535032,11.824178200911962
72,0.42038216560509556,4.579700107256465
72,0.4267515923566879,13.671569525653956
72,0.43312101910828027,29.659533243094526
72,0.4394904458598726,11.318234161736088
72,0.445859872611465,4.591376786861607
72,0.45222929936305734,21.43632905345683
72,0.4585987261146497,17.096404168936417
72,0.46496815286624205,25.273998672856393
72,0.4713375796178344,18.94195488381206
72,0.47770700636942676,10.780240862744686
72,0.4840764331210191,8.920366333129941
72,0.49044585987261147,7.5609915242834065
72,0.4968152866242038,7.738035244692246
73,0.0,2.220446049250313e-14
73,0.006329113924050633,38.09213097480198
73,0.012658227848101266,26.729309165107537
73,0.0189873417721519,25.422470477254723
73,0.02531645569620253,15.539938541092535
73,0.03164556962025317,14.407469281994668
73,0.0379746835443038,11.375129378633542
73,0.04430379746835443,5.987176559631118
73,0.05063291139240506,7.023502559001312
73,0.056962025316455694,22.281341059090344
73,0.06329113924050633,7.903531130632034
73,0.06962025316455696,8.690625409814446
73,0.0759493670886076,14.904070430080052
73,0.08227848101265822,1.8316022643259917
73,0.08860759493670886,3.9738754970075676
73,0.09493670886075949,5.086152068888528
73,0.10126582278481013,8.622427578801261
73,0.10759493670886076,8.51088504123888
73,0.11392405063291139,7.910633052981942
73,0.12025316455696203,16.59131578505855
73,0.12658227848101267,13.879500992059837
73,0.13291139240506328,3.8082709416520446
73,0.13924050632911392,6.35953561165228
73,0.14556962025316456,2.0865095294249913
73,0.1518987341772152,10.537734736673437
73,0.15822784810126583,12.431616474378387
73,0.16455696202531644,8.123931581697633
73,0.17088607594936708,5.75831010462844
73,0.17721518987341772,15.25117168120635
73,0.18354430379746836,19.506549209461667
73,0.18987341772151897,13.963757470134148
73,0.1962025316455696,7.471794448989023
73,0.20253164556962025,7.251553444330534
73,0.2088607594936709,3.785743507315191
73,0.21518987341772153,10.002008286878906
73,0.22151898734177214,11.466738985859866
73,0.22784810126582278,2.257463954305148
73,0.23417721518987342,9.235889098817594
73,0.24050632911392406,11.733306811939718
73,0.24683544303797467,10.633422748557537
73,0.25316455696202533,10.036314077361332
73,0.25949367088607594,12.993759292602961
73,0.26582278481012656,12.170616877381907
73,0.2721518987341772,1.8645229364985862
73,0.27848101265822783,11.038112434566727
73,0.2848101265822785,8.113424286269664
73,0.2911392405063291,8.839587095365445
73,0.2974683544303797,12.66782909541574
73,0.3037974683544304,8.491771981290892
73,0.310126582278481,15.54192871858096
73,0.31645569620253167,4.409508721589086
73,0.3227848101265823,9.657021732955256
73,0.3291139240506329,7.851940036114047
73,0.33544303797468356,13.204906893566571
73,0.34177215189873417,14.584532302937673
73,0.3481012658227848,11.91644921602983
73,0.35443037974683544,27.94875798967003
73,0.36075949367088606,9.74934459343906
73,0.3670886075949367,9.72798905349926
73,0.37341772151898733,9.952502472490819
73,0.37974683544303794,2.8597513824529797
73,0.3860759493670886,11.560155991631648
73,0.3924050632911392,9.876568215974073
73,0.3987341772151899,13.535247381664284
73,0.4050632911392405,16.626820768287825
73,0.4113924050632911,12.915320271748794
73,0.4177215189873418,9.301492126339514
73,0.4240506329113924,18.004924368330617
73,0.43037974683544306,11.936118866110826
73,0.43670886075949367,10.53118684186904
73,0.4430379746835443,5.571744402303806
73,0.44936708860759494,10.236398084587794
73,0.45569620253164556,3.915473889297076
73,0.4620253164556962,15.45868406945467
73,0.46835443037974683,13.969547072196594
73,0.47468354430379744,13.099259338935672
73,0.4810126582278481,12.908953637868336
73,0.4873417721518987,8.829199944752375
73,0.49367088607594933,1.2111499080910306
74,0.0,2.1316282072803006e-14
74,0.006329113924050633,14.613142054893492
74,0.012658227848101266,3.6180932950751905
74,0.0189873417721519,1.993049391122535
74,0.02531645569620253,15.936024889611609
74,0.03164556962025317,21.72160056148296
74,0.0379746835443038,16.99707516344989
74,0.04430379746835443,3.7116502285444803
74,0.05063291139240506,6.251323245559811
74,0.056962025316455694,7.183723812417884
74,0.06329113924050633,16.25232260345975
74,0.06962025316455696,16.778326564321894
74,0.0759493670886076,24.12579439747827
74,0.08227848101265822,16.542764017874454
74,0.08860759493670886,1.508437181406309
74,0.09493670886075949,15.517857631011644
74,0.10126582278481013,15.153363522130565
74,0.10759493670886076,10.528651133106806
74,0.11392405063291139,13.737522045888293
74,0.12025316455696203,4.171376723822398
74,0.12658227848101267,19.501109930257304
74,0.13291139240506328,3.5807492268963146
74,0.13924050632911392,18.24073433775384
74,0.14556962025316456,10.615041844751323
74,0.1518987341772152,12.703917507714872
74,0.15822784810126583,3.4201905603315876
74,0.16455696202531644,8.031498256950272
74,0.17088607594936708,7.540609786116631
74,0.17721518987341772,18.991199449190102
74,0.18354430379746836,5.707932064616662
74,0.18987341772151897,12.761301690093608
74,0.1962025316455696,12.215946091169917
74,0.20253164556962025,14.18984264940538
74,0.2088607594936709,4.570373139733557
74,0.21518987341772153,20.923568190695168
74,0.22151898734177214,31.765469535949528
74,0.22784810126582278,2.3529632578552406
74,0.23417721518987342,10.197090328215472
74,0.24050632911392406,3.4319816893207693
74,0.24683544303797467,10.517016055620344
74,0.25316455696202533,18.86512808700433
74,0.25949367088607594,5.006366777298233
74,0.26582278481012656,6.667249006227159
74,0.2721518987341772,7.1753672284752845
74,0.27848101265822783,6.160363354972817
74,0.2848101265822785,11.171546329571497
74,0.2911392405063291,29.05659156802579
74,0.2974683544303797,4.650346422355104
74,0.3037974683544304,2.8325681134777203
74,0.310126582278481,8.113873184726563
74,0.31645569620253167,18.77003728029728
74,0.3227848101265823,5.955755418592652
74,0.3291139240506329,9.87906315188102
74,0.33544303797468356,4.273188717541383
74,0.34177215189873417,10.031408290606766
74,0.3481012658227848,13.506530114140672
74,0.35443037974683544,11.351251001784158
74,0.36075949367088606,13.38185221237179
74,0.3670886075949367,8.163551863626948
74,0.37341772151898733,21.140631643355636
74,0.37974683544303794,14.231957835173674
74,0.3860759493670886,5.952462201173339
74,0.3924050632911392,2.950242519275816
74,0.3987341772151899,3.350085361772339
74,0.4050632911392405,8.054182652990143
74,0.4113924050632911,16.507286381078558
74,0.4177215189873418,5.224308557893257
74,0.4240506329113924,8.358567990208144
74,0.43037974683544306,10.531954386601763
74,0.43670886075949367,12.130710940102954
74,0.4430379746835443,3.172424268360499
74,0.44936708860759494,17.34828404725748
74,0.45569620253164556,1.1957017399298284
74,0.4620253164556962,13.254589474682055
74,0.46835443037974683,7.876631754071521
74,0.47468354430379744,5.577130255251875
74,0.4810126582278481,13.914316600136287
74,0.4873417721518987,11.765130554707179
74,0.49367088607594933,6.685913413801964
75,0.0,3.375077994860476e-14
75,0.006369426751592357,18.236218121221242
75,0.012738853503184714,3.1465155524305586
75,0.019108280254777073,10.763595668471995
75,0.025477707006369428,4.629870995784252
75,0.03184713375796178,9.033003109654356
75,0.038216560509554146,6.495996851275468
75,0.0445859872611465,22.948969883006875
75,0.050955414012738856,6.231165833886569
75,0.05732484076433121,9.753874586531902
75,0.06369426751592357,10.910968860960855
75,0.07006369426751592,20.299917890257834
75,0.07643312101910829,12.173070884121909
75,0.08280254777070065,14.170519291740524
75,0.089171974522293,11.932457009223857
75,0.09554140127388536,7.5555787364374485
75,0.10191082802547771,11.899526150819696
75,0.10828025477707007,11.339193239009914
75,0.11464968152866242,4.166131791800415
75,0.12101910828025478,10.223974275015035
75,0.12738853503184713,4.996355809487663
75,0.1337579617834395,14.198838506204357
75,0.14012738853503184,16.020802607053422
75,0.1464968152866242,14.726574839279335
75,0.15286624203821658,11.095100470894312
75,0.15923566878980894,15.184940859419582
75,0.1656050955414013,24.952075723060563
75,0.17197452229299365,1.7226883273397688
75,0.178343949044586,12.420750035047048
75,0.18471337579617836,11.507001285224462
75,0.1910828025477707,8.383763087474106
75,0.19745222929936307,3.611534516688487
75,0.20382165605095542,12.292924251083875
75,0.21019108280254778,12.742223177357449
75,0.21656050955414013,6.3396110169220155
75,0.2229299363057325,9.418397159931635
75,0.22929936305732485,10.765591252416678
75,0.2356687898089172,9.512688832804564
75,0.24203821656050956,6.338916622502592
75,0.2484076433121019,19.407033951461457
75,0.25477707006369427,27.307850459078864
75,0.2611464968152866,7.049431535310298
75,0.267515923566879,3.878051990077213
75,0.27388535031847133,17.674132429193403
75,0.2802547770700637,14.541187237641394
75,0.28662420382165604,7.986168288680416
75,0.2929936305732484,12.803293697219978
75,0.29936305732484075,18.00586914910734
75,0.30573248407643316,5.6352854077798495
75,0.3121019108280255,2.1667944882443297
75,0.3184713375796179,8.76466422082897
75,0.32484076433121023,18.872031585625
75,0.3312101910828026,6.197945214735552
75,0.33757961783439494,2.664620388404347
75,0.3439490445859873,8.464585065788098
75,0.35031847133757965,8.372758621014002
75,0.356687898089172,3.231436520719001
75,0.36305732484076436,14.419568615466591
75,0.3694267515923567,7.379370383449465
75,0.37579617834394907,26.080397705736083
75,0.3821656050955414,5.228750801454403
75,0.3885350318471338,6.408334496292486
75,0.39490445859872614,14.46738691906664
75,0.4012738853503185,16.48026002236213
75,0.40764331210191085,14.499644862132698
75,0.4140127388535032,7.080322083738107
75,0.42038216560509556,12.44430283722157
75,0.4267515923566879,14.792883751290708
75,0.43312101910828027,10.948585913229923
75,0.4394904458598726,9.340100452753843
75,0.445859872611465,8.375986752144263
75,0.45222929936305734,11.2956595140844
75,0.4585987261146497,19.94799416225311
75,0.46496815286624205,12.262324253317962
75,0.4713375796178344,18.504585846594093
75,0.47770700636942676,15.533745341649544
75,0.4840764331210191,7.950073733862408
75,0.49044585987261147,4.850715705666627
75,0.4968152866242038,13.070981524924855
76,0.0,1.6653345369377348e-14
76,0.006369426751592357,23.414813802222405
76,0.012738853503184714,7.352913378986393
76,0.019108280254777073,3.824011383475401
76,0.025477707006369428,9.902758538134362
76,0.03184713375796178,12.5168615601748
76,0.038216560509554146,4.05898375238831
76,0.0445859872611465,14.424025586986609
76,0.050955414012738856,9.59580192667395
76,0.05732484076433121,14.902885710777355
76,0.06369426751592357,7.362542217060032
76,0.07006369426751592,10.143552318329572
76,0.07643312101910829,6.975339943794289
76,0.08280254777070065,18.527017383755798
76,0.089171974522293,5.888331789125463
76,0.09554140127388536,12.917086583644453
76,0.10191082802547771,6.3482635504740035
76,0.10828025477707007,2.0833558396719836
76,0.11464968152866242,8.983697020172192
76,0.12101910828025478,11.355577441742142
76,0.12738853503184713,11.42167319780532
76,0.1337579617834395,9.75732654862861
76,0.14012738853503184,8.196528116274255
76,0.1464968152866242,7.767649558677163
76,0.15286624203821658,6.020361268475118
76,0.15923566878980894,13.437022978214808
76,0.1656050955414013,8.315756270511308
76,0.17197452229299365,5.350553855539372
76,0.178343949044586,16.870230795363938
76,0.18471337579617836,10.130997668064305
76,0.1910828025477707,9.084418411804291
76,0.19745222929936307,9.394418991316815
76,0.20382165605095542,2.895629148234399
76,0.21019108280254778,11.696757354165165
76,0.21656050955414013,11.867468106814098
76,0.2229299363057325,9.858795700174202
76,0.22929936305732485,21.850350198349183
76,0.2356687898089172,16.58681585653494
76,0.24203821656050956,8.726504878182146
76,0.2484076433121019,27.41918207038562
76,0.25477707006369427,5.5437366692053285
76,0.2611464968152866,9.89665536756078
76,0.267515923566879,11.380054960644772
76,0.27388535031847133,14.970069440750763
76,0.2802547770700637,3.6538951749120216
76,0.28662420382165604,14.922731143965352
76,0.2929936305732484,8.8499994698738
76,0.29936305732484075,19.72051492377089
76,0.30573248407643316,7.9509363478017505
76,0.3121019108280255,4.651805234444742
76,0.3184713375796179,1.7736057225485582
76,0.32484076433121023,14.588688163035373
76,0.3312101910828026,13.336092939663205
76,0.33757961783439494,9.225717263853737
76,0.3439490445859873,11.024957345846172
76,0.35031847133757965,10.568113342338542
76,0.356687898089172,15.541839006164963
76,0.36305732484076436,6.0024430377969935
76,0.3694267515923567,7.003925224223298
76,0.37579617834394907,18.795243090542748
76,0.3821656050955414,16.84045312136379
76,0.3885350318471338,9.270991348406358
76,0.39490445859872614,18.684192823778858
76,0.4012738853503185,7.252880803490303
76,0.40764331210191085,6.921468719799532
76,0.4140127388535032,8.290579894146273
76,0.42038216560509556,12.00201125199237
76,0.4267515923566879,4.044099998645158
76,0.43312101910828027,26.42786800864767
76,0.4394904458598726,33.29243059528374
76,0.445859872611465,22.018751785192748
76,0.45222929936305734,3.7960814146513724
76,0.4585987261146497,3.3542348166315636
76,0.46496815286624205,4.440456437235483
76,0.4713375796178344,8.820671907922545
76,0.47770700636942676,7.596216814211092
76,0.4840764331210191,18.84526101143173
76,0.49044585987261147,4.371463123634345
76,0.4968152866242038,12.735552368527419
77,0.0,1.687538997430238e-14
77,0.0064516129032258064,17.105695801557182
77,0.012903225806451613,16.601723333751668
77,0.01935483870967742,18.772506749170585
77,0.025806451612903226,18.77366773420796
77,0.03225806451612903,12.003954661872685
77,0.03870967741935484,8.779769082760733
77,0.04516129032258064,3.3833595027581316
77,0.05161290322580645,2.6358964510441965
77,0.05806451612903226,9.806882685664306
77,0.06451612903225806,11.736012318312303
77,0.07096774193548387,9.181485687263136
77,0.07741935483870968,10.38108982453921
77,0.08387096774193549,12.605177261138751
77,0.09032258064516129,25.44401217163903
77,0.0967741935483871,13.679019478680816
77,0.1032258064516129,13.376115171420972
77,0.10967741935483871,15.972271153312908
77,0.11612903225806452,7.570115694099484
77,0.12258064516129032,11.534492756237963
77,0.12903225806451613,19.11737262365118
77,0.13548387096774195,9.370671131824254
77,0.14193548387096774,19.04248946513734
77,0.14838709677419354,16.46298973218975
77,0.15483870967741936,22.18811181519273
77,0.16129032258064516,9.990089832669897
77,0.16774193548387098,3.654905205726884
77,0.17419354838709677,9.433679009050675
77,0.18064516129032257,3.9528289059793056
77,0.1870967741935484,16.54520344408536
77,0.1935483870967742,28.354473244445007
77,0.2,8.369250911038385
77,0.2064516129032258,2.2393852962696363
77,0.2129032258064516,10.161474117513649
77,0.21935483870967742,16.90645347497473
77,0.22580645161290322,16.12569993518895
77,0.23225806451612904,5.188758492251397
77,0.23870967741935484,14.590317758779804
77,0.24516129032258063,29.441393325327695
77,0.25161290322580643,11.006235260465145
77,0.25806451612903225,14.063462352341428
77,0.2645161290322581,17.929928934517434
77,0.2709677419354839,7.446976343325072
77,0.27741935483870966,2.641588147465226
77,0.2838709677419355,8.606373162501363
77,0.2903225806451613,13.234400020670943
77,0.2967741935483871,5.075587244830985
77,0.3032258064516129,6.13107700404164
77,0.3096774193548387,10.059448960374393
77,0.3161290322580645,9.623652970782777
77,0.3225806451612903,15.948801538955715
77,0.32903225806451614,9.636540798103647
77,0.33548387096774196,11.261549366555842
77,0.3419354838709677,13.289236300833593
77,0.34838709677419355,6.647626609302364
77,0.3548387096774194,2.5936140179449096
77,0.36129032258064514,4.05565062576687
77,0.36774193548387096,5.488518860379093
77,0.3741935483870968,7.8061031553424565
77,0.38064516129032255,2.010127573854564
77,0.3870967741935484,13.496648819751602
77,0.3935483870967742,2.2180591351462406
77,0.4,20.02151264710919
77,0.4064516129032258,4.486839651133721
77,0.4129032258064516,17.68674844112462
77,0.41935483870967744,3.507683310237684
77,0.4258064516129032,12.753628700423086
77,0.432258064516129,7.225163908332853
77,0.43870967741935485,1.3521023393432343
77,0.44516129032258067,2.460337344240573
77,0.45161290322580644,5.487641171417657
77,0.45806451612903226,2.779551172925712
77,0.4645161290322581,10.443970034343627
77,0.47096774193548385,4.685046679581145
77,0.4774193548387097,2.4855107344009433
77,0.4838709677419355,1.4236070690656337
77,0.49032258064516127,13.869402934967548
77,0.4967741935483871,14.242644018049651
78,0.0,8.881784197001252e-16
78,0.00625,16.940504209576915
78,0.0125,10.1192905238518
78,0.018750000000000003,10.985625650968123
78,0.025,8.604575594454257
78,0.03125,6.49862657557836
78,0.037500000000000006,7.9977152029196565
78,0.043750000000000004,14.135480988248279
78,0.05,10.823511613420324
78,0.05625,14.466697109053955
78,0.0625,2.849380321789027
78,0.06875,22.041315471657636
78,0.07500000000000001,21.452516490135384
78,0.08125,12.312241652231865
78,0.08750000000000001,26.120854113105043
78,0.09375,6.80663037749287
78,0.1,11.481752508461842
78,0.10625000000000001,3.5399241604334053
78,0.1125,5.464056751986229
78,0.11875000000000001,4.602127467169181
78,0.125,6.86881149611016
78,0.13125,17.40068644227491
78,0.1375,11.829989270880695
78,0.14375000000000002,19.087837935249606
78,0.15000000000000002,8.727744348363977
78,0.15625,10.22703847634084
78,0.1625,8.725453902008868
78,0.16875,14.228675006393036
78,0.17500000000000002,7.13697844885984
78,0.18125000000000002,7.533592812729783
78,0.1875,12.607975201056075
78,0.19375,14.138562000231369
78,0.2,17.9479696463886
78,0.20625000000000002,2.5810557869270747
78,0.21250000000000002,3.78097734174056
78,0.21875,18.436816094241248
78,0.225,1.749306100004311
78,0.23125,8.9286952451734
78,0.23750000000000002,4.990702734266585
78,0.24375000000000002,0.7193857935906592
78,0.25,6.1032858392025515
78,0.25625000000000003,15.72856438224771
78,0.2625,8.298626841709424
78,0.26875,6.514966032861658
78,0.275,13.28393199215643
78,0.28125,15.188234563197033
78,0.28750000000000003,18.611324242356275
78,0.29375,3.692886312637722
78,0.30000000000000004,3.915189289508565
78,0.30625,7.420765030428624
78,0.3125,8.221456173593737
78,0.31875000000000003,5.379436082879514
78,0.325,8.742070141066897
78,0.33125000000000004,11.421590021122935
78,0.3375,6.8153323862490245
78,0.34375,12.910833243560354
78,0.35000000000000003,5.481256618242009
78,0.35625,9.927163690132694
78,0.36250000000000004,19.175659432724252
78,0.36875,7.8382716103373955
78,0.375,11.658577251310561
78,0.38125000000000003,12.825877815609637
78,0.3875,16.322707777062824
78,0.39375000000000004,4.6325097781391245
78,0.4,7.316505615538646
78,0.40625,16.560584591531104
78,0.41250000000000003,11.98052175381245
78,0.41875,10.464318234032417
78,0.42500000000000004,5.935891873634365
78,0.43125,10.665355160427167
78,0.4375,11.640247319938528
78,0.44375000000000003,5.920394230988372
78,0.45,17.522557881413082
78,0.45625000000000004,13.670115893071861
78,0.4625,18.608662770305735
78,0.46875,31.566125871046598
78,0.47500000000000003,18.804389669504342
78,0.48125,9.322314224005254
78,0.48750000000000004,21.23176494312875
78,0.49375,21.364237359174748
79,0.0,5.329070518200751e-15
79,0.006329113924050633,21.0866119020546
79,0.012658227848101266,5.975077378999992
79,0.0189873417721519,9.172285706103104
79,0.02531645569620253,18.72164248067149
79,0.03164556962025317,10.412306675017598
79,0.0379746835443038,7.375545840114014
79,0.04430379746835443,3.376471069260462
79,0.05063291139240506,4.45333162304709
79,0.056962025316455694,6.4551262579123945
79,0.06329113924050633,5.895148005748795
79,0.06962025316455696,7.329723543838502
79,0.0759493670886076,9.422444085876476
79,0.08227848101265822,4.817762216356166
79,0.08860759493670886,10.375300509901153
79,0.09493670886075949,13.604147016573602
79,0.10126582278481013,10.550596542788004
79,0.10759493670886076,16.40937501387578
79,0.11392405063291139,25.93616408672034
79,0.12025316455696203,5.014456252874611
79,0.12658227848101267,16.868996386874098
79,0.13291139240506328,19.224530018992652
79,0.13924050632911392,8.17265907125164
79,0.14556962025316456,9.427154410029365
79,0.1518987341772152,8.331487441836575
79,0.15822784810126583,13.708140069313528
79,0.16455696202531644,5.612487665804521
79,0.17088607594936708,13.726368998414745
79,0.17721518987341772,12.121260118036778
79,0.18354430379746836,6.411152968914188
79,0.18987341772151897,5.3662005647853475
79,0.1962025316455696,12.28665929765749
79,0.20253164556962025,12.9882484697385
79,0.2088607594936709,20.596629250306417
79,0.21518987341772153,10.386907839195143
79,0.22151898734177214,13.43676024793663
79,0.22784810126582278,16.904054037793546
79,0.23417721518987342,9.768929162734098
79,0.24050632911392406,4.059872914450632
79,0.24683544303797467,7.974297346422941
79,0.25316455696202533,8.730147770226804
79,0.25949367088607594,8.647775558653077
79,0.26582278481012656,18.40718248023795
79,0.2721518987341772,15.225732751714899
79,0.27848101265822783,13.64016769906367
79,0.2848101265822785,6.778962766028085
79,0.2911392405063291,14.268290283073092
79,0.2974683544303797,14.511189300731884
79,0.3037974683544304,7.892398359703712
79,0.310126582278481,11.857486272807293
79,0.31645569620253167,5.336109431418799
79,0.3227848101265823,7.851289888761692
79,0.3291139240506329,12.271088304436663
79,0.33544303797468356,4.462385174074328
79,0.34177215189873417,3.9299728320837906
79,0.3481012658227848,14.518580913609409
79,0.35443037974683544,16.391832604192306
79,0.36075949367088606,19.99468228486623
79,0.3670886075949367,11.231456330699457
79,0.37341772151898733,9.624620573125673
79,0.37974683544303794,21.701018449440962
79,0.3860759493670886,15.15631177119369
79,0.3924050632911392,18.805249957926026
79,0.3987341772151899,5.395829198369127
79,0.4050632911392405,13.533141072435155
79,0.4113924050632911,17.087920667909408
79,0.4177215189873418,2.4927103065172087
79,0.4240506329113924,16.92174126417426
79,0.43037974683544306,9.31773925438573
79,0.43670886075949367,3.148352449019628
79,0.4430379746835443,15.89572304591396
79,0.44936708860759494,7.41664233434009
79,0.45569620253164556,13.186489030690453
79,0.4620253164556962,11.879757695426296
79,0.46835443037974683,22.244458518768305
79,0.47468354430379744,8.863205996020785
79,0.4810126582278481,20.283276883180054
79,0.4873417721518987,8.68849523729874
79,0.49367088607594933,4.014477104247727
80,0.0,1.1546319456101628e-14
80,0.006493506493506494,16.64280045955656
80,0.012987012987012988,16.182471949578577
80,0.01948051948051948,6.412139413068815
80,0.025974025974025976,1.965214243728487
80,0.03246753246753247,7.9340784075655435
80,0.03896103896103896,3.8827160535285867
80,0.045454545454545456,2.456350259200161
80,0.05194805194805195,12.222842087595177
80,0.05844155844155845,6.993047798687524
80,0.06493506493506494,9.949821224598448
80,0.07142857142857144,20.7055154850061
80,0.07792207792207792,4.948745457914365
80,0.08441558441558442,12.438226174113037
80,0.09090909090909091,13.499286640960749
80,0.09740259740259741,8.814386193234093
80,0.1038961038961039,10.575051817333511
80,0.1103896103896104,11.883273339358285
80,0.1168831168831169,13.447870859363299
80,0.12337662337662339,12.815387667905778
80,0.12987012987012989,8.064452697582128
80,0.13636363636363638,3.1913718874647468
80,0.14285714285714288,13.791357510970402
80,0.14935064935064937,7.653707747408262
80,0.15584415584415584,15.250995889711099
80,0.16233766233766234,4.21294229323785
80,0.16883116883116883,3.3201503811599893
80,0.17532467532467533,8.42929138577693
80,0.18181818181818182,12.70151476337156
80,0.18831168831168832,8.784700076917549
80,0.19480519480519481,13.029037114708089
80,0.2012987012987013,8.277384205822699
80,0.2077922077922078,21.530149168550555
80,0.2142857142857143,16.713568510646688
80,0.2207792207792208,11.368275872572466
80,0.2272727272727273,4.144861155047555
80,0.2337662337662338,3.0951396294315985
80,0.24025974025974028,3.8776112940864746
80,0.24675324675324678,12.813096032220011
80,0.2532467532467533,19.54445586047155
80,0.25974025974025977,15.76432397890005
80,0.26623376623376627,21.3555748274535
80,0.27272727272727276,3.741440742938342
80,0.27922077922077926,7.620276628550311
80,0.28571428571428575,10.931729141463405
80,0.29220779220779225,7.3884009143024825
80,0.29870129870129875,5.154636438114107
80,0.30519480519480524,7.529913245606321
80,0.3116883116883117,2.1477942147788296
80,0.3181818181818182,10.065426953375642
80,0.3246753246753247,7.529952911727389
80,0.33116883116883117,5.825657091255415
80,0.33766233766233766,19.66214982758095
80,0.34415584415584416,10.47152812529918
80,0.35064935064935066,15.882951627449089
80,0.35714285714285715,17.79363658683499
80,0.36363636363636365,16.547956004530498
80,0.37012987012987014,8.174965887150838
80,0.37662337662337664,19.02324931406091
80,0.38311688311688313,10.834539638410266
80,0.38961038961038963,12.201356429654323
80,0.3961038961038961,12.145550984116378
80,0.4025974025974026,15.304626833163836
80,0.4090909090909091,9.161054854817754
80,0.4155844155844156,12.599365644889918
80,0.4220779220779221,14.963428397005217
80,0.4285714285714286,24.356683555629612
80,0.4350649350649351,21.268774559539814
80,0.4415584415584416,14.698375283417047
80,0.4480519480519481,12.709259732870231
80,0.4545454545454546,11.287277080231732
80,0.4610389610389611,19.888240628794616
80,0.4675324675324676,13.607857040008895
80,0.4740259740259741,6.235726912004244
80,0.48051948051948057,15.518081321201786
80,0.48701298701298706,11.247908589637433
80,0.49350649350649356,13.531545278696662
81,0.0,5.329070518200751e-15
81,0.006329113924050633,23.31306811801046
81,0.012658227848101266,0.5171733506596302
81,0.0189873417721519,8.175069678646471
81,0.02531645569620253,11.744733356490839
81,0.03164556962025317,14.461745380656629
81,0.0379746835443038,8.491672803974394
81,0.04430379746835443,14.030844558583924
81,0.05063291139240506,6.7796844298422885
81,0.056962025316455694,11.044507634890401
81,0.06329113924050633,5.737803390635792
81,0.06962025316455696,2.084270493268169
81,0.0759493670886076,19.043559940498767
81,0.08227848101265822,2.840985829346154
81,0.08860759493670886,4.3397316137989
81,0.09493670886075949,9.722752727960794
81,0.10126582278481013,14.321154688230768
81,0.10759493670886076,10.529017578417564
81,0.11392405063291139,14.401714176856737
81,0.12025316455696203,8.302503200739837
81,0.12658227848101267,13.267406601052727
81,0.13291139240506328,7.211686175368535
81,0.13924050632911392,7.1134568320976825
81,0.14556962025316456,11.801116548547078
81,0.1518987341772152,3.90108494255708
81,0.15822784810126583,9.02843507758305
81,0.16455696202531644,22.632441993609543
81,0.17088607594936708,8.759252136972979
81,0.17721518987341772,27.25300609107569
81,0.18354430379746836,2.6504074528399912
81,0.18987341772151897,7.392986205941579
81,0.1962025316455696,5.988273616361588
81,0.20253164556962025,17.667424779829226
81,0.2088607594936709,16.825054514495196
81,0.21518987341772153,0.8565054394267984
81,0.22151898734177214,7.6004478270155476
81,0.22784810126582278,17.466847941147122
81,0.23417721518987342,23.783333580437446
81,0.24050632911392406,10.19108640755612
81,0.24683544303797467,23.26055375491626
81,0.25316455696202533,8.956085031085884
81,0.25949367088607594,6.174384736444645
81,0.26582278481012656,4.52920310566551
81,0.2721518987341772,15.041882182899291
81,0.27848101265822783,9.05269061984153
81,0.2848101265822785,15.57632919821996
81,0.2911392405063291,13.384226773093385
81,0.2974683544303797,15.434574301451047
81,0.3037974683544304,19.003688212284803
81,0.310126582278481,6.798604940732852
81,0.31645569620253167,2.566812325186829
81,0.3227848101265823,9.945791180307086
81,0.3291139240506329,14.62765438943011
81,0.33544303797468356,11.03725824926616
81,0.34177215189873417,10.847151673754727
81,0.3481012658227848,0.8573569203506287
81,0.35443037974683544,20.730236374181807
81,0.36075949367088606,7.304853613042847
81,0.3670886075949367,14.312419284344813
81,0.37341772151898733,13.123652058531006
81,0.37974683544303794,0.16390011159762916
81,0.3860759493670886,3.0208893171236975
81,0.3924050632911392,5.6609766129635855
81,0.3987341772151899,10.531364278339876
81,0.4050632911392405,21.585616933168396
81,0.4113924050632911,13.49902317143154
81,0.4177215189873418,4.750118261450878
81,0.4240506329113924,10.100591409462789
81,0.43037974683544306,1.2244677503208585
81,0.43670886075949367,2.639856358465078
81,0.4430379746835443,5.051697860665275
81,0.44936708860759494,3.0078176841787228
81,0.45569620253164556,4.338700884680213
81,0.4620253164556962,16.375018156178648
81,0.46835443037974683,13.307605822040689
81,0.47468354430379744,15.237874434270115
81,0.4810126582278481,18.173908921755167
81,0.4873417721518987,24.170190774438087
81,0.49367088607594933,18.151553062516697
82,0.0,2.020605904817785e-14
82,0.006289308176100629,17.60816633884453
82,0.012578616352201259,17.707036973199532
82,0.01886792452830189,14.569418700655202
82,0.025157232704402517,12.655809194739838
82,0.031446540880503145,1.656373661519046
82,0.03773584905660378,14.185784190515141
82,0.04402515723270441,8.411407766698925
82,0.050314465408805034,6.644968620866974
82,0.05660377358490566,13.149744381304602
82,0.06289308176100629,13.638011460671828
82,0.06918238993710692,22.613738724525266
82,0.07547169811320756,13.668308382015335
82,0.08176100628930819,26.04877877320394
82,0.08805031446540881,9.974125529375831
82,0.09433962264150944,14.233893228333221
82,0.10062893081761007,2.2803273144352585
82,0.1069182389937107,5.644335596279956
82,0.11320754716981132,13.14421779321873
82,0.11949685534591195,8.867713405839801
82,0.12578616352201258,8.436286813283633
82,0.1320754716981132,8.035564008463442
82,0.13836477987421383,4.112331814897593
82,0.14465408805031446,8.857359887395273
82,0.15094339622641512,10.297928252870046
82,0.15723270440251574,6.830783826895571
82,0.16352201257861637,10.434024774045406
82,0.169811320754717,6.847471329514073
82,0.17610062893081763,11.416878102720737
82,0.18238993710691825,7.144143581231406
82,0.18867924528301888,5.494208085872288
82,0.1949685534591195,16.252789121097038
82,0.20125786163522014,13.191785675618826
82,0.20754716981132076,12.581721360237758
82,0.2138364779874214,15.550663017433694
82,0.22012578616352202,3.1805926164520217
82,0.22641509433962265,8.824351650579567
82,0.23270440251572327,7.387611383129906
82,0.2389937106918239,16.448549993324946
82,0.24528301886792453,16.055111076298942
82,0.25157232704402516,15.471034262819318
82,0.2578616352201258,9.984897904455561
82,0.2641509433962264,27.169551907640944
82,0.27044025157232704,8.655894960895074
82,0.27672955974842767,4.693493235520907
82,0.2830188679245283,13.821063064963129
82,0.2893081761006289,4.2574708173027656
82,0.29559748427672955,14.159959064508286
82,0.30188679245283023,5.766681535272033
82,0.30817610062893086,7.254497604399953
82,0.3144654088050315,11.249278015759119
82,0.3207547169811321,7.003793410185212
82,0.32704402515723274,1.4886493648641448
82,0.33333333333333337,3.9265500349745937
82,0.339622641509434,24.818672316579892
82,0.3459119496855346,14.487421810132988
82,0.35220125786163525,7.247020578906345
82,0.3584905660377359,15.139859529551611
82,0.3647798742138365,16.888173098708318
82,0.37106918238993714,10.886735071912934
82,0.37735849056603776,12.90774218228752
82,0.3836477987421384,19.29190431037082
82,0.389937106918239,6.814630577895466
82,0.39622641509433965,5.959358063032733
82,0.4025157232704403,10.960452576235094
82,0.4088050314465409,6.402385194201572
82,0.41509433962264153,15.747578649614482
82,0.42138364779874216,8.357294757509168
82,0.4276729559748428,13.004122980787432
82,0.4339622641509434,13.492045818850722
82,0.44025157232704404,16.932529754231137
82,0.44654088050314467,17.24503489296842
82,0.4528301886792453,25.24210902760297
82,0.4591194968553459,7.903845090603787
82,0.46540880503144655,9.077076104185034
82,0.4716981132075472,12.311997614395434
82,0.4779874213836478,11.09064235318036
82,0.48427672955974843,5.044643366255257
82,0.49056603773584906,11.848586667475239
82,0.4968553459119497,10.362699211052186
83,0.0,7.993605777301127e-15
83,0.0064516129032258064,4.973041494885188
83,0.012903225806451613,17.172543656510342
83,0.01935483870967742,12.78198438747256
83,0.025806451612903226,17.87265998061767
83,0.03225806451612903,6.706967948872215
83,0.03870967741935484,22.332351329363675
83,0.04516129032258064,11.012517921273412
83,0.05161290322580645,11.257588135444212
83,0.05806451612903226,7.951952957326076
83,0.06451612903225806,4.838806204795931
83,0.07096774193548387,8.85382281433183
83,0.07741935483870968,6.9736289861494765
83,0.08387096774193549,13.750064882242647
83,0.09032258064516129,3.7804667070875446
83,0.0967741935483871,15.551081273161822
83,0.1032258064516129,10.372385983383131
83,0.10967741935483871,12.545183911003216
83,0.11612903225806452,9.680260655959227
83,0.12258064516129032,12.53725786823871
83,0.12903225806451613,3.722549678531845
83,0.13548387096774195,9.236602364773008
83,0.14193548387096774,6.362305213836195
83,0.14838709677419354,4.808378652546725
83,0.15483870967741936,4.834370370876095
83,0.16129032258064516,6.610145223109333
83,0.16774193548387098,8.86245735938682
83,0.17419354838709677,7.331944552794648
83,0.18064516129032257,8.22024274293882
83,0.1870967741935484,9.149554259673103
83,0.1935483870967742,10.56793033918407
83,0.2,5.767182147126306
83,0.2064516129032258,15.474174639103339
83,0.2129032258064516,23.069253517349342
83,0.21935483870967742,3.8452647799547663
83,0.22580645161290322,7.378853210571455
83,0.23225806451612904,3.531654715182345
83,0.23870967741935484,14.220486509534112
83,0.24516129032258063,4.081468786090857
83,0.25161290322580643,9.936825604186092
83,0.25806451612903225,8.876889502415217
83,0.2645161290322581,3.9512762400889816
83,0.2709677419354839,6.767679811060096
83,0.27741935483870966,6.572493306396565
83,0.2838709677419355,11.994436701880346
83,0.2903225806451613,11.54381793903026
83,0.2967741935483871,7.848713751318021
83,0.3032258064516129,14.757144539502773
83,0.3096774193548387,7.797393163901221
83,0.3161290322580645,13.986556380710033
83,0.3225806451612903,10.534598683463972
83,0.32903225806451614,19.556798729026266
83,0.33548387096774196,4.320892666186777
83,0.3419354838709677,14.457183780370551
83,0.34838709677419355,14.870098622434256
83,0.3548387096774194,11.814783445791754
83,0.36129032258064514,9.385897030000056
83,0.36774193548387096,6.705788127235639
83,0.3741935483870968,17.50770017401127
83,0.38064516129032255,8.650435797904079
83,0.3870967741935484,25.60320271265156
83,0.3935483870967742,16.162086861389927
83,0.4,13.076031207690955
83,0.4064516129032258,9.72110206357041
83,0.4129032258064516,8.392185057705126
83,0.41935483870967744,8.585812871813463
83,0.4258064516129032,10.001133318349424
83,0.432258064516129,13.859358299615263
83,0.43870967741935485,19.773542978538607
83,0.44516129032258067,18.077320951557496
83,0.45161290322580644,12.600106782206204
83,0.45806451612903226,27.941940184381984
83,0.4645161290322581,11.742870236952971
83,0.47096774193548385,19.73358431751222
83,0.4774193548387097,10.474090281042404
83,0.4838709677419355,7.125243720155617
83,0.49032258064516127,15.675121263106922
83,0.4967741935483871,24.74731069864442
84,0.0,7.549516567451064e-15
84,0.00625,20.32871922440931
84,0.0125,8.283777159700229
84,0.018750000000000003,3.571449897846716
84,0.025,13.406991445897196
84,0.03125,19.265957440303563
84,0.037500000000000006,9.317763381423115
84,0.043750000000000004,12.505216465081663
84,0.05,6.337436217538397
84,0.05625,22.833812952283175
84,0.0625,24.14650916925137
84,0.06875,10.07741577058423
84,0.07500000000000001,5.965945461854163
84,0.08125,5.483811902956058
84,0.08750000000000001,12.235743157773149
84,0.09375,10.428824500797088
84,0.1,13.867042488468604
84,0.10625000000000001,12.205361938074233
84,0.1125,7.544278657974065
84,0.11875000000000001,17.23821155997194
84,0.125,10.530456913673195
84,0.13125,24.957819018638695
84,0.1375,15.387810754774701
84,0.14375000000000002,10.984838009387401
84,0.15000000000000002,8.03602683432685
84,0.15625,13.567157686224116
84,0.1625,16.078732933548388
84,0.16875,2.4512385386973077
84,0.17500000000000002,11.128391329913754
84,0.18125000000000002,1.066804478246034
84,0.1875,11.981412623746092
84,0.19375,13.960931521823438
84,0.2,11.913331341421909
84,0.20625000000000002,14.133490823993553
84,0.21250000000000002,9.462391094675931
84,0.21875,8.125563936304456
84,0.225,13.715686677578923
84,0.23125,20.887572970462
84,0.23750000000000002,0.49398016259727834
84,0.24375000000000002,11.199148299558034
84,0.25,0.9953481489494241
84,0.25625000000000003,17.23035756432047
84,0.2625,18.618485546879818
84,0.26875,3.436301811521142
84,0.275,5.638809274462871
84,0.28125,6.488069475208911
84,0.28750000000000003,8.20352324875411
84,0.29375,13.963160507024416
84,0.30000000000000004,10.593247201815133
84,0.30625,14.132701311712049
84,0.3125,16.465925286691252
84,0.31875000000000003,5.302221058578114
84,0.325,3.8852395117790177
84,0.33125000000000004,12.640279369766342
84,0.3375,5.04393890586607
84,0.34375,19.713971133175868
84,0.35000000000000003,7.837724087639012
84,0.35625,22.213522000520705
84,0.36250000000000004,16.9238163070992
84,0.36875,1.5737762299483449
84,0.375,14.833223390937999
84,0.38125000000000003,14.745989059475603
84,0.3875,11.442509347779797
84,0.39375000000000004,15.673361897503934
84,0.4,14.632545842744463
84,0.40625,7.9105745830493355
84,0.41250000000000003,9.51035740182112
84,0.41875,7.924656803418716
84,0.42500000000000004,2.1214020752100633
84,0.43125,21.675972698316055
84,0.4375,10.3092244139535
84,0.44375000000000003,7.600957317960366
84,0.45,16.385742763493212
84,0.45625000000000004,16.42444450312751
84,0.4625,9.535975338006914
84,0.46875,11.074618088746883
84,0.47500000000000003,2.1492374080033314
84,0.48125,12.767602463260712
84,0.48750000000000004,7.475438116680223
84,0.49375,3.049760216377599
85,0.0,1.4432899320127035e-14
85,0.006289308176100629,13.16998355805341
85,0.012578616352201259,16.502743467460366
85,0.01886792452830189,8.84388366179572
85,0.025157232704402517,9.780201771752699
85,0.031446540880503145,9.82478133686485
85,0.03773584905660378,3.474926688707593
85,0.04402515723270441,7.263453587405572
85,0.050314465408805034,25.85428446638613
85,0.05660377358490566,16.368755912046325
85,0.06289308176100629,13.230855890423356
85,0.06918238993710692,12.577373317492807
85,0.07547169811320756,13.71622764883852
85,0.08176100628930819,10.545214726347067
85,0.08805031446540881,5.5675357118298905
85,0.09433962264150944,9.75831688049835
85,0.10062893081761007,7.65874153177765
85,0.1069182389937107,18.99507164259962
85,0.11320754716981132,6.695937938839256
85,0.11949685534591195,4.698223464451118
85,0.12578616352201258,15.691734683934026
85,0.1320754716981132,3.4078493629094844
85,0.13836477987421383,3.0836712909980726
85,0.14465408805031446,17.770301586500807
85,0.15094339622641512,10.399170229826321
85,0.15723270440251574,20.581857671289857
85,0.16352201257861637,10.70468409130418
85,0.169811320754717,4.339900547674982
85,0.17610062893081763,7.7301076698751086
85,0.18238993710691825,13.198226174887141
85,0.18867924528301888,11.905076959538382
85,0.1949685534591195,12.697695268639205
85,0.20125786163522014,10.913161002957533
85,0.20754716981132076,11.166461404231926
85,0.2138364779874214,9.668074920274671
85,0.22012578616352202,24.990203616185916
85,0.22641509433962265,9.286735112096737
85,0.23270440251572327,5.3729964991158505
85,0.2389937106918239,4.761803926202132
85,0.24528301886792453,5.441028380921003
85,0.25157232704402516,14.537726901648085
85,0.2578616352201258,14.839451832704563
85,0.2641509433962264,17.176836422172006
85,0.27044025157232704,19.785171009299145
85,0.27672955974842767,17.418091248533354
85,0.2830188679245283,7.809318385807466
85,0.2893081761006289,16.316506413303923
85,0.29559748427672955,11.308130383202888
85,0.30188679245283023,4.695630107719303
85,0.30817610062893086,9.094133705976672
85,0.3144654088050315,8.910812392439261
85,0.3207547169811321,18.445188182258917
85,0.32704402515723274,3.4129042745524485
85,0.33333333333333337,9.481822601403449
85,0.339622641509434,7.3433935336211915
85,0.3459119496855346,10.59964640116631
85,0.35220125786163525,9.267760542806128
85,0.3584905660377359,14.398384585899622
85,0.3647798742138365,18.141015669454834
85,0.37106918238993714,9.455292585219158
85,0.37735849056603776,10.238537970563108
85,0.3836477987421384,4.53342459455451
85,0.389937106918239,10.308719457039642
85,0.39622641509433965,13.860652891443545
85,0.4025157232704403,3.639331051224928
85,0.4088050314465409,0.9534492308327916
85,0.41509433962264153,7.559599539697268
85,0.42138364779874216,17.55203254730592
85,0.4276729559748428,31.269919302792456
85,0.4339622641509434,9.96314805709652
85,0.44025157232704404,5.810907711617245
85,0.44654088050314467,28.198781475282075
85,0.4528301886792453,4.686073892386137
85,0.4591194968553459,9.21248864742947
85,0.46540880503144655,11.117629458798552
85,0.4716981132075472,3.4424170771935056
85,0.4779874213836478,4.373425862739312
85,0.48427672955974843,12.585101642038513
85,0.49056603773584906,7.855305358836025
85,0.4968553459119497,13.871894313165445
86,0.0,3.552713678800501e-15
86,0.006578947368421052,15.18539084991925
86,0.013157894736842105,4.573532640770009
86,0.019736842105263157,7.26273826363475
86,0.02631578947368421,19.670564860642465
86,0.03289473684210526,12.416565807360659
86,0.039473684210526314,12.92185557119329
86,0.046052631578947366,10.86057258105971
86,0.05263157894736842,18.039906679743066
86,0.05921052631578947,6.146684685064211
86,0.06578947368421052,4.284266905328758
86,0.07236842105263158,11.429398297757578
86,0.07894736842105263,8.915427636167493
86,0.08552631578947367,11.739321008779127
86,0.09210526315789473,8.889915623250847
86,0.09868421052631579,7.04151795288196
86,0.10526315789473684,13.325109311729154
86,0.11184210526315788,13.809047367152946
86,0.11842105263157894,16.062249696329808
86,0.125,6.653209297014261
86,0.13157894736842105,5.273512118383587
86,0.1381578947368421,16.93432753256953
86,0.14473684210526316,7.670136002860703
86,0.1513157894736842,12.293236754000887
86,0.15789473684210525,1.916161775694923
86,0.1644736842105263,9.750818222987792
86,0.17105263157894735,11.673866820254093
86,0.17763157894736842,13.952783644666155
86,0.18421052631578946,10.464149355342382
86,0.1907894736842105,9.088070652592608
86,0.19736842105263158,7.821741139790215
86,0.20394736842105263,12.027686191790268
86,0.21052631578947367,16.150143633493478
86,0.21710526315789472,15.559004708967297
86,0.22368421052631576,3.418058436342227
86,0.23026315789473684,10.295466679923631
86,0.23684210526315788,16.739843375785487
86,0.24342105263157893,1.642233339925976
86,0.25,4.663605716014825
86,0.256578947368421,5.136159706248166
86,0.2631578947368421,7.877434751068191
86,0.26973684210526316,1.3883631613330951
86,0.2763157894736842,3.2475818753408783
86,0.28289473684210525,8.80385012073535
86,0.2894736842105263,7.099210474201199
86,0.29605263157894735,17.0701315476587
86,0.3026315789473684,15.517916539121877
86,0.30921052631578944,23.1711208959048
86,0.3157894736842105,3.485898016389407
86,0.3223684210526316,14.848139895935411
86,0.3289473684210526,10.386944461030629
86,0.3355263157894737,13.800864361961192
86,0.3421052631578947,26.18973334831791
86,0.34868421052631576,28.445545052218478
86,0.35526315789473684,7.979990403759224
86,0.36184210526315785,31.960861797297632
86,0.3684210526315789,1.8126523320195236
86,0.375,17.37135029350007
86,0.381578947368421,13.213589625223104
86,0.3881578947368421,10.025821721400018
86,0.39473684210526316,4.240600480511751
86,0.4013157894736842,13.167543622313584
86,0.40789473684210525,17.32510320216555
86,0.41447368421052627,6.319983917212925
86,0.42105263157894735,8.088900178270729
86,0.4276315789473684,1.15289756797552
86,0.43421052631578944,9.760725748544061
86,0.4407894736842105,15.574485379407097
86,0.4473684210526315,10.660006150646048
86,0.4539473684210526,1.8187923866128894
86,0.4605263157894737,13.879064345450965
86,0.4671052631578947,7.677559773435892
86,0.47368421052631576,8.886305677804588
86,0.48026315789473684,8.861172173826674
86,0.48684210526315785,5.816992536992933
86,0.4934210526315789,2.160220507408443
87,0.0,3.552713678800501e-15
87,0.006289308176100629,26.672484364964227
87,0.012578616352201259,0.21051063773260809
87,0.01886792452830189,14.239634255895918
87,0.025157232704402517,18.666594666833262
87,0.031446540880503145,4.9458639306742915
87,0.03773584905660378,16.029799773982173
87,0.04402515723270441,19.18292741134473
87,0.050314465408805034,6.258333464709342
87,0.05660377358490566,15.418460254082458
87,0.06289308176100629,10.881720041171034
87,0.06918238993710692,14.794294501721051
87,0.07547169811320756,9.90430716144577
87,0.08176100628930819,15.75672698772232
87,0.08805031446540881,8.891262483212472
87,0.09433962264150944,4.17850539615162
87,0.10062893081761007,9.208587466979328
87,0.1069182389937107,12.966167959858137
87,0.11320754716981132,9.552502751852831
87,0.11949685534591195,15.04489094498629
87,0.12578616352201258,9.978654252692568
87,0.1320754716981132,7.217867105309959
87,0.13836477987421383,11.451814049599717
87,0.14465408805031446,17.357849787971222
87,0.15094339622641512,19.3845810769723
87,0.15723270440251574,10.842353518498772
87,0.16352201257861637,9.832461780014173
87,0.169811320754717,2.742076947851674
87,0.17610062893081763,6.196826116275703
87,0.18238993710691825,5.535234994224236
87,0.18867924528301888,4.01617578037489
87,0.1949685534591195,21.60616464498767
87,0.20125786163522014,4.736676778196863
87,0.20754716981132076,10.694374696344104
87,0.2138364779874214,8.164507177038665
87,0.22012578616352202,12.207391851879638
87,0.22641509433962265,12.426034607873659
87,0.23270440251572327,4.517227006585138
87,0.2389937106918239,13.230505019467358
87,0.24528301886792453,17.77235271313863
87,0.25157232704402516,3.896294325810317
87,0.2578616352201258,9.000497128522028
87,0.2641509433962264,8.480907179534013
87,0.27044025157232704,9.42220944608472
87,0.27672955974842767,11.65780628689362
87,0.2830188679245283,18.13295703169427
87,0.2893081761006289,22.247742890146004
87,0.29559748427672955,15.596432737119668
87,0.30188679245283023,5.710688103701626
87,0.30817610062893086,11.837870483500845
87,0.3144654088050315,8.02434530178418
87,0.3207547169811321,20.15309960728975
87,0.32704402515723274,10.893052099226168
87,0.33333333333333337,22.014212980863054
87,0.339622641509434,4.405524336119337
87,0.3459119496855346,21.60611954379167
87,0.35220125786163525,6.0309411561287165
87,0.3584905660377359,2.543844749248843
87,0.3647798742138365,9.950556441888812
87,0.37106918238993714,8.582617188899322
87,0.37735849056603776,13.345955396063014
87,0.3836477987421384,4.109479515960786
87,0.389937106918239,5.15720517257085
87,0.39622641509433965,19.206075747778318
87,0.4025157232704403,19.023001966722074
87,0.4088050314465409,15.045747965110463
87,0.41509433962264153,12.198640313584438
87,0.42138364779874216,7.792816134798636
87,0.4276729559748428,12.092095892721376
87,0.4339622641509434,14.441703891783243
87,0.44025157232704404,19.381600481984865
87,0.44654088050314467,9.724256615304455
87,0.4528301886792453,17.842137462119517
87,0.4591194968553459,2.3033697903607195
87,0.46540880503144655,9.025122123559441
87,0.4716981132075472,9.259778751834853
87,0.4779874213836478,3.1944629813181344
87,0.48427672955974843,6.426544356151406
87,0.49056603773584906,12.271906574778649
87,0.4968553459119497,5.88930684219322
88,0.0,6.217248937900877e-15
88,0.00625,13.251206808201626
88,0.0125,11.99476094913272
88,0.018750000000000003,11.473661922769793
88,0.025,18.935198128591775
88,0.03125,15.44840655081369
88,0.037500000000000006,12.90296508875909
88,0.043750000000000004,11.83150938295153
88,0.05,10.835545677200304
88,0.05625,3.6117566245867985
88,0.0625,13.823005359355216
88,0.06875,16.91162422311335
88,0.07500000000000001,13.385634986102131
88,0.08125,11.237643907149252
88,0.08750000000000001,5.971560332896853
88,0.09375,16.458605314810015
88,0.1,10.025104358756337
88,0.10625000000000001,4.53980312574793
88,0.1125,12.916228251927247
88,0.11875000000000001,7.280996889310248
88,0.125,14.474269629162418
88,0.13125,6.574838868731375
88,0.1375,5.707576141217383
88,0.14375000000000002,13.731346157696128
88,0.15000000000000002,10.78683752058769
88,0.15625,17.651266479216364
88,0.1625,7.3668435703767425
88,0.16875,12.892982384512797
88,0.17500000000000002,15.336272299488524
88,0.18125000000000002,22.13887847095116
88,0.1875,7.920911102693946
88,0.19375,10.327872428577413
88,0.2,5.074126143397095
88,0.20625000000000002,22.605440743987526
88,0.21250000000000002,4.9922713045981615
88,0.21875,9.512628524553213
88,0.225,3.284989402684127
88,0.23125,19.60887699721845
88,0.23750000000000002,2.9861499554191933
88,0.24375000000000002,19.72635864587953
88,0.25,4.343146159755531
88,0.25625000000000003,4.248285743806192
88,0.2625,17.94935462563631
88,0.26875,9.883985590921503
88,0.275,13.1112380615042
88,0.28125,10.905049056915262
88,0.28750000000000003,14.842324721494197
88,0.29375,13.717824377286584
88,0.30000000000000004,2.6993173445016776
88,0.30625,26.861004467804413
88,0.3125,15.867517746946362
88,0.31875000000000003,12.671382745194244
88,0.325,11.200721496115207
88,0.33125000000000004,8.694239969237614
88,0.3375,17.04575205422544
88,0.34375,18.599587632558375
88,0.35000000000000003,12.591732216510474
88,0.35625,6.503112346028525
88,0.36250000000000004,9.933606357553868
88,0.36875,7.967120453702194
88,0.375,9.515526418337203
88,0.38125000000000003,25.413920947333406
88,0.3875,7.846388298379627
88,0.39375000000000004,6.203758528808314
88,0.4,11.551317045326043
88,0.40625,11.750131213072606
88,0.41250000000000003,4.265689687888846
88,0.41875,11.019286650830892
88,0.42500000000000004,5.675365954423673
88,0.43125,11.505314674675054
88,0.4375,5.090399659729865
88,0.44375000000000003,13.680239199712593
88,0.45,9.498328082595041
88,0.45625000000000004,1.0084188416621909
88,0.4625,2.45962716309141
88,0.46875,13.406942961985855
88,0.47500000000000003,21.704328191686685
88,0.48125,17.789689481161616
88,0.48750000000000004,12.613939058589862
88,0.49375,3.2465898963010957
89,0.0,9.103828801926284e-15
89,0.006329113924050633,2.065839862718669
89,0.012658227848101266,9.512985978974351
89,0.0189873417721519,7.2435845546981685
89,0.02531645569620253,15.28682835182958
89,0.03164556962025317,10.014179658027484
89,0.0379746835443038,4.264114395001657
89,0.04430379746835443,11.166198405166577
89,0.05063291139240506,14.220438854164197
89,0.056962025316455694,8.83803909339672
89,0.06329113924050633,6.387043333665969
89,0.06962025316455696,7.132947662813309
89,0.0759493670886076,6.057454335211851
89,0.08227848101265822,16.604866964800788
89,0.08860759493670886,8.818962066365748
89,0.09493670886075949,2.964902787577585
89,0.10126582278481013,8.46681133939406
89,0.10759493670886076,30.48277712514135
89,0.11392405063291139,15.032297483400082
89,0.12025316455696203,7.379971289873626
89,0.12658227848101267,11.788791387326642
89,0.13291139240506328,2.6654256320410226
89,0.13924050632911392,6.953734069625784
89,0.14556962025316456,6.910201700573278
89,0.1518987341772152,4.59447260457625
89,0.15822784810126583,4.844216868543577
89,0.16455696202531644,12.929033020064685
89,0.17088607594936708,12.323114878253406
89,0.17721518987341772,10.73488287799757
89,0.18354430379746836,15.371716694263336
89,0.18987341772151897,15.261223005097719
89,0.1962025316455696,15.194260365540883
89,0.20253164556962025,5.615875856921879
89,0.2088607594936709,8.20724885794672
89,0.21518987341772153,14.136301885231076
89,0.22151898734177214,27.61023017377382
89,0.22784810126582278,20.200311847957323
89,0.23417721518987342,14.917787787819355
89,0.24050632911392406,7.9905665703011834
89,0.24683544303797467,10.554808420284049
89,0.25316455696202533,16.351445538944855
89,0.25949367088607594,13.266960958801668
89,0.26582278481012656,6.704460389053157
89,0.2721518987341772,14.001061076869087
89,0.27848101265822783,17.26544419809869
89,0.2848101265822785,11.502743002620518
89,0.2911392405063291,13.459530833200098
89,0.2974683544303797,11.534639874457481
89,0.3037974683544304,10.606871248757622
89,0.310126582278481,5.676025838663539
89,0.31645569620253167,8.963449176036551
89,0.3227848101265823,11.862698399202115
89,0.3291139240506329,8.294640825754753
89,0.33544303797468356,5.677103583991128
89,0.34177215189873417,8.998310740160687
89,0.3481012658227848,3.098269661255662
89,0.35443037974683544,18.76886237815615
89,0.36075949367088606,35.66770933399454
89,0.3670886075949367,3.134807923285329
89,0.37341772151898733,6.103273383019223
89,0.37974683544303794,12.58958284649977
89,0.3860759493670886,16.650952060892777
89,0.3924050632911392,11.658529382170968
89,0.3987341772151899,7.7117099813255345
89,0.4050632911392405,5.645098953599695
89,0.4113924050632911,7.770030360468199
89,0.4177215189873418,12.800026166910811
89,0.4240506329113924,18.943359316290696
89,0.43037974683544306,13.258049878073468
89,0.43670886075949367,3.6182355171844747
89,0.4430379746835443,17.015989604944256
89,0.44936708860759494,9.522365512191296
89,0.45569620253164556,6.5824112848923475
89,0.4620253164556962,3.56434004454482
89,0.46835443037974683,4.261787311163545
89,0.47468354430379744,8.77392490376047
89,0.4810126582278481,20.38301500190454
89,0.4873417721518987,20.106463793954436
89,0.49367088607594933,8.29182751088954
90,0.0,2.1316282072803006e-14
90,0.0064516129032258064,22.749605161259346
90,0.012903225806451613,11.868219922149406
90,0.01935483870967742,10.067501320189768
90,0.025806451612903226,17.36321068409025
90,0.03225806451612903,16.484356183304453
90,0.03870967741935484,8.605593261298733
90,0.04516129032258064,14.255567253277045
90,0.05161290322580645,11.540349079662741
90,0.05806451612903226,13.275831977581216
90,0.06451612903225806,18.007202349200178
90,0.07096774193548387,17.234910547379606
90,0.07741935483870968,2.3282171771592672
90,0.08387096774193549,5.542069156287033
90,0.09032258064516129,22.574414474635468
90,0.0967741935483871,13.023626844593535
90,0.1032258064516129,11.66194547604755
90,0.10967741935483871,2.2961034064610133
90,0.11612903225806452,2.6325560081833714
90,0.12258064516129032,13.062883407278331
90,0.12903225806451613,16.897837788352707
90,0.13548387096774195,13.212078360077466
90,0.14193548387096774,5.211573091534793
90,0.14838709677419354,8.16134859019509
90,0.15483870967741936,8.712124334890289
90,0.16129032258064516,14.263700360354996
90,0.16774193548387098,10.213589126588678
90,0.17419354838709677,2.549613236039178
90,0.18064516129032257,9.71206832521702
90,0.1870967741935484,15.766843033345431
90,0.1935483870967742,23.405672180035758
90,0.2,16.02294870121198
90,0.2064516129032258,14.260788249089396
90,0.2129032258064516,8.114303607568297
90,0.21935483870967742,3.539506653103116
90,0.22580645161290322,17.46121424983195
90,0.23225806451612904,7.638903390465528
90,0.23870967741935484,16.08587503967194
90,0.24516129032258063,5.579536207480356
90,0.25161290322580643,5.31515090354286
90,0.25806451612903225,2.4855749095070014
90,0.2645161290322581,2.603743653584663
90,0.2709677419354839,6.506114861311299
90,0.27741935483870966,19.158569228863122
90,0.2838709677419355,6.766884325900355
90,0.2903225806451613,6.412226730060662
90,0.2967741935483871,20.202558852370572
90,0.3032258064516129,14.311456107813388
90,0.3096774193548387,8.570663887274147
90,0.3161290322580645,22.0056805282675
90,0.3225806451612903,23.922150594527828
90,0.32903225806451614,8.290854927591484
90,0.33548387096774196,11.479055946954116
90,0.3419354838709677,7.8042130560883
90,0.34838709677419355,14.225145376776998
90,0.3548387096774194,15.49065759649695
90,0.36129032258064514,7.597151182363141
90,0.36774193548387096,6.855920448934963
90,0.3741935483870968,10.81554775884764
90,0.38064516129032255,13.60927369256883
90,0.3870967741935484,14.459438397393843
90,0.3935483870967742,5.6964355672205205
90,0.4,3.3173940327772007
90,0.4064516129032258,17.78148385951272
90,0.4129032258064516,2.2693853683093472
90,0.41935483870967744,7.088510917544467
90,0.4258064516129032,4.059842667705372
90,0.432258064516129,14.050537789319813
90,0.43870967741935485,13.940265806136361
90,0.44516129032258067,9.50405787566111
90,0.45161290322580644,9.469183607939069
90,0.45806451612903226,4.0440121014366
90,0.4645161290322581,6.38636054274867
90,0.47096774193548385,5.299412888901156
90,0.4774193548387097,13.835371314577365
90,0.4838709677419355,11.76205491369573
90,0.49032258064516127,9.385755513770766
90,0.4967741935483871,17.448551124112004
91,0.0,1.1546319456101628e-14
91,0.006172839506172839,16.092839419135153
91,0.012345679012345678,19.255937028318375
91,0.018518518518518517,10.134401325103173
91,0.024691358024691357,15.660023075150702
91,0.030864197530864196,12.275745227812926
91,0.037037037037037035,24.522519420953767
91,0.043209876543209874,16.219888126847835
91,0.04938271604938271,11.098486718958616
91,0.05555555555555555,6.0516125343829295
91,0.06172839506172839,17.169703791507658
91,0.06790123456790123,21.753023024277322
91,0.07407407407407407,23.56957258471548
91,0.08024691358024691,13.634530802148056
91,0.08641975308641975,4.262319886692343
91,0.09259259259259259,5.0129272561358995
91,0.09876543209876543,6.276402198436538
91,0.10493827160493827,18.023015559729945
91,0.1111111111111111,13.509724114788243
91,0.11728395061728394,18.807648607531103
91,0.12345679012345678,10.068591488413741
91,0.12962962962962962,12.018826450949177
91,0.13580246913580246,8.709199720113741
91,0.1419753086419753,12.309616029234027
91,0.14814814814814814,3.6192434985538386
91,0.15432098765432098,7.494826860708105
91,0.16049382716049382,12.44838817280695
91,0.16666666666666666,8.19216008601332
91,0.1728395061728395,10.507141063772528
91,0.17901234567901234,10.339120152252212
91,0.18518518518518517,7.8732150174256486
91,0.19135802469135801,15.432987160040653
91,0.19753086419753085,4.542307029057231
91,0.2037037037037037,3.9732785202341288
91,0.20987654320987653,19.505217272258353
91,0.21604938271604937,23.57295177981532
91,0.2222222222222222,7.0149739893246705
91,0.22839506172839505,11.598616291707955
91,0.2345679012345679,14.715910023699793
91,0.24074074074074073,18.81932252036558
91,0.24691358024691357,9.776688440103728
91,0.25308641975308643,4.882558929510165
91,0.25925925925925924,2.0824299003787656
91,0.26543209876543206,11.126177975481697
91,0.2716049382716049,21.175296541694625
91,0.2777777777777778,4.92153136141045
91,0.2839506172839506,5.116591118855264
91,0.2901234567901234,6.799914781898937
91,0.2962962962962963,16.411434289657592
91,0.30246913580246915,4.175334973406922
91,0.30864197530864196,13.645767325695562
91,0.31481481481481477,4.335844180932885
91,0.32098765432098764,18.472103694813388
91,0.3271604938271605,5.527328506302368
91,0.3333333333333333,12.044453628800316
91,0.3395061728395061,16.99673852244067
91,0.345679012345679,15.042667422633095
91,0.35185185185185186,3.3536874582193557
91,0.35802469135802467,17.501643016531087
91,0.3641975308641975,0.22297183702296544
91,0.37037037037037035,4.399800161715174
91,0.3765432098765432,11.904437797036886
91,0.38271604938271603,5.395036169514303
91,0.38888888888888884,5.163697078415913
91,0.3950617283950617,20.293857072940444
91,0.4012345679012346,11.054010687312092
91,0.4074074074074074,1.4327967995130901
91,0.4135802469135802,10.600945394372474
91,0.41975308641975306,8.355332356258357
91,0.42592592592592593,18.67128214682098
91,0.43209876543209874,19.909027447518316
91,0.43827160493827155,8.890267409935198
91,0.4444444444444444,9.154747739542774
91,0.4506172839506173,7.419704075601731
91,0.4567901234567901,13.363489523532866
91,0.4629629629629629,8.694234918766487
91,0.4691358024691358,10.457235082400297
91,0.47530864197530864,10.59523462878127
91,0.48148148148148145,4.854428743483443
91,0.48765432098765427,16.391271464138065
91,0.49382716049382713,11.049330811510297
92,0.0,2.4868995751603507e-14
92,0.006172839506172839,21.989692241672202
92,0.012345679012345678,22.973537059539524
92,0.018518518518518517,1.4068272705758817
92,0.024691358024691357,19.9212514107773
92,0.030864197530864196,14.529175327531153
92,0.037037037037037035,17.210238414780054
92,0.043209876543209874,23.766702387846692
92,0.04938271604938271,16.023176683789938
92,0.05555555555555555,6.487619959183477
92,0.06172839506172839,16.247367996378912
92,0.06790123456790123,7.579087426102239
92,0.07407407407407407,10.188431668610272
92,0.08024691358024691,22.00777234486947
92,0.08641975308641975,6.641292542668061
92,0.09259259259259259,16.12705638522332
92,0.09876543209876543,14.329374018795612
92,0.10493827160493827,11.20041037934607
92,0.1111111111111111,4.9346775788216295
92,0.11728395061728394,4.917789228831075
92,0.12345679012345678,6.27227623312276
92,0.12962962962962962,10.954183519512682
92,0.13580246913580246,7.7472295808070655
92,0.1419753086419753,10.846168078853692
92,0.14814814814814814,12.871742339088895
92,0.15432098765432098,10.529870344354384
92,0.16049382716049382,7.4001847964809215
92,0.16666666666666666,14.496971670880278
92,0.1728395061728395,9.02499386178569
92,0.17901234567901234,23.92407145639795
92,0.18518518518518517,7.9312109542181695
92,0.19135802469135801,11.972194077114407
92,0.19753086419753085,14.53110525089673
92,0.2037037037037037,10.153991550277135
92,0.20987654320987653,6.131803269202491
92,0.21604938271604937,7.295852977730081
92,0.2222222222222222,9.706205145419746
92,0.22839506172839505,19.201431577055917
92,0.2345679012345679,17.457311975593317
92,0.24074074074074073,15.0316386327154
92,0.24691358024691357,6.6558147271414665
92,0.25308641975308643,14.914933222419407
92,0.25925925925925924,10.593625093266398
92,0.26543209876543206,17.472404220386732
92,0.2716049382716049,13.49264875829458
92,0.2777777777777778,12.126520276788407
92,0.2839506172839506,9.910358080137009
92,0.2901234567901234,17.887492880687685
92,0.2962962962962963,5.18089898276454
92,0.30246913580246915,8.091643501344073
92,0.30864197530864196,12.516219451040378
92,0.31481481481481477,1.7694341911727989
92,0.32098765432098764,9.816961903370853
92,0.3271604938271605,15.790541019540814
92,0.3333333333333333,9.080535228939743
92,0.3395061728395061,5.9548454197753875
92,0.345679012345679,7.365741301931953
92,0.35185185185185186,11.479915897492608
92,0.35802469135802467,10.279225066012813
92,0.3641975308641975,5.747981191092009
92,0.37037037037037035,7.024449159225735
92,0.3765432098765432,7.240200198271557
92,0.38271604938271603,9.048195325481242
92,0.38888888888888884,4.618005785955096
92,0.3950617283950617,19.752395624597895
92,0.4012345679012346,9.66413245440286
92,0.4074074074074074,5.196005841916915
92,0.4135802469135802,15.787056691611335
92,0.41975308641975306,13.380555958538412
92,0.42592592592592593,11.214031014111917
92,0.43209876543209874,19.72310565088595
92,0.43827160493827155,8.410314234421735
92,0.4444444444444444,12.29133592754202
92,0.4506172839506173,6.550455735972396
92,0.4567901234567901,21.895657196620885
92,0.4629629629629629,11.539751390045293
92,0.4691358024691358,4.002996886552051
92,0.47530864197530864,7.965223022825609
92,0.48148148148148145,17.38723083867605
92,0.48765432098765427,3.7927598768279696
92,0.49382716049382713,13.576790446140713
93,0.0,4.440892098500626e-16
93,0.00641025641025641,11.786409653037621
93,0.01282051282051282,8.79758211974249
93,0.019230769230769232,11.218238232211307
93,0.02564102564102564,4.236920735645112
93,0.03205128205128205,13.243119879369234
93,0.038461538461538464,6.636645434520374
93,0.04487179487179487,11.526976801093092
93,0.05128205128205128,25.01998493820568
93,0.05769230769230769,14.414109836755536
93,0.0641025641025641,18.789636909738125
93,0.07051282051282051,5.142559065388769
93,0.07692307692307693,6.443676051315895
93,0.08333333333333333,2.201779812414562
93,0.08974358974358974,4.640318413762502
93,0.09615384615384615,7.925912408309483
93,0.10256410256410256,4.841195539617756
93,0.10897435897435898,18.257741469248387
93,0.11538461538461538,7.319485703177037
93,0.12179487179487179,7.024295901133489
93,0.1282051282051282,24.983235495402507
93,0.1346153846153846,15.820163241731754
93,0.14102564102564102,8.77135575775464
93,0.14743589743589744,16.479033946720044
93,0.15384615384615385,2.403119110613431
93,0.16025641025641024,23.677157237672077
93,0.16666666666666666,5.144817579232622
93,0.17307692307692307,7.809561165887251
93,0.1794871794871795,8.131291868205643
93,0.1858974358974359,6.570523228126416
93,0.1923076923076923,14.239265389862348
93,0.1987179487179487,9.228242614903671
93,0.20512820512820512,2.658059621039662
93,0.21153846153846154,10.919716958451538
93,0.21794871794871795,21.615909636663208
93,0.22435897435897434,2.3172798477257377
93,0.23076923076923075,20.809472526053227
93,0.23717948717948717,22.724895284077327
93,0.24358974358974358,9.035292260093007
93,0.25,9.53365279972712
93,0.2564102564102564,16.196002616492596
93,0.26282051282051283,20.34026087272424
93,0.2692307692307692,13.650809686124422
93,0.2756410256410256,13.951054702043036
93,0.28205128205128205,13.80559183845829
93,0.28846153846153844,5.042880473721609
93,0.2948717948717949,11.083242023936531
93,0.30128205128205127,5.026820107226254
93,0.3076923076923077,21.347397520598744
93,0.3141025641025641,14.229390808348343
93,0.3205128205128205,3.239267668784023
93,0.3269230769230769,13.316751285340962
93,0.3333333333333333,9.77312686017343
93,0.33974358974358976,19.57433274074747
93,0.34615384615384615,7.1118791153192875
93,0.35256410256410253,8.775813053753396
93,0.358974358974359,14.387747575912158
93,0.36538461538461536,20.416637446301475
93,0.3717948717948718,1.7933981714255032
93,0.3782051282051282,4.1414182672042275
93,0.3846153846153846,6.906714741416489
93,0.391025641025641,5.21078076828453
93,0.3974358974358974,13.589604997528811
93,0.40384615384615385,10.280732446745446
93,0.41025641025641024,11.78060630727993
93,0.41666666666666663,11.5056893482547
93,0.4230769230769231,4.350069228914269
93,0.42948717948717946,9.574675404032947
93,0.4358974358974359,12.354602071327601
93,0.4423076923076923,2.3911761278216046
93,0.4487179487179487,5.141656625097714
93,0.4551282051282051,16.92152785696464
93,0.4615384615384615,3.1545293822155935
93,0.46794871794871795,9.64512845182203
93,0.47435897435897434,14.669815573063149
93,0.4807692307692307,19.120600806675675
93,0.48717948717948717,9.876551724470643
93,0.49358974358974356,11.685060008640423
94,0.0,1.7763568394002505e-15
94,0.006329113924050633,9.591666574633964
94,0.012658227848101266,16.05302686511134
94,0.0189873417721519,2.7098110274704683
94,0.02531645569620253,12.691830402005879
94,0.03164556962025317,5.9378914975742285
94,0.0379746835443038,11.468716483542682
94,0.04430379746835443,10.862543205248267
94,0.05063291139240506,5.293742288138689
94,0.056962025316455694,14.444194582978035
94,0.06329113924050633,11.611075151279831
94,0.06962025316455696,5.505000838328308
94,0.0759493670886076,10.603815557450835
94,0.08227848101265822,5.425601665816027
94,0.08860759493670886,7.501259734972226
94,0.09493670886075949,13.905904678872334
94,0.10126582278481013,11.519524463591084
94,0.10759493670886076,1.8335340408558143
94,0.11392405063291139,8.424490510750825
94,0.12025316455696203,14.462819424043623
94,0.12658227848101267,12.527347823545552
94,0.13291139240506328,12.347824518653386
94,0.13924050632911392,9.923251973285295
94,0.14556962025316456,10.944068079610926
94,0.1518987341772152,21.628530154954554
94,0.15822784810126583,25.37420721292767
94,0.16455696202531644,18.378147552856916
94,0.17088607594936708,2.9198433656619582
94,0.17721518987341772,6.257451234790332
94,0.18354430379746836,20.921320066592692
94,0.18987341772151897,6.2165255342857595
94,0.1962025316455696,4.262441903899731
94,0.20253164556962025,11.333974876396951
94,0.2088607594936709,16.467144093689367
94,0.21518987341772153,10.552548379531373
94,0.22151898734177214,10.655612864769148
94,0.22784810126582278,16.935560218890444
94,0.23417721518987342,14.098473307007817
94,0.24050632911392406,13.042843074732566
94,0.24683544303797467,5.720315005847206
94,0.25316455696202533,12.764674492088588
94,0.25949367088607594,20.377537081052164
94,0.26582278481012656,9.511545638522001
94,0.2721518987341772,9.885902484404461
94,0.27848101265822783,9.657238325563553
94,0.2848101265822785,16.30441281522032
94,0.2911392405063291,10.890638880406122
94,0.2974683544303797,11.178444590779149
94,0.3037974683544304,5.057881001271646
94,0.310126582278481,14.08910910353749
94,0.31645569620253167,9.919053337079431
94,0.3227848101265823,4.020330976654043
94,0.3291139240506329,17.459147163611167
94,0.33544303797468356,7.515434124606592
94,0.34177215189873417,7.813372019966524
94,0.3481012658227848,6.821264634106707
94,0.35443037974683544,25.761009648945624
94,0.36075949367088606,0.49245744843270456
94,0.3670886075949367,14.037831928491894
94,0.37341772151898733,17.23063806360124
94,0.37974683544303794,9.993345444342971
94,0.3860759493670886,14.686690289244186
94,0.3924050632911392,8.317342250775758
94,0.3987341772151899,7.838493082538881
94,0.4050632911392405,3.288500152016899
94,0.4113924050632911,7.851141978620979
94,0.4177215189873418,22.956964849877473
94,0.4240506329113924,10.660392758566768
94,0.43037974683544306,11.081766822214275
94,0.43670886075949367,11.583535068237861
94,0.4430379746835443,3.872262922105016
94,0.44936708860759494,1.9368044054360278
94,0.45569620253164556,8.130733698947752
94,0.4620253164556962,17.299315519980563
94,0.46835443037974683,13.448598029584328
94,0.47468354430379744,10.896740791538532
94,0.4810126582278481,20.68447863362035
94,0.4873417721518987,22.02958685537411
94,0.49367088607594933,15.420524951290858
95,0.0,1.7763568394002505e-14
95,0.00625,40.87484534559594
95,0.0125,26.87366068260447
95,0.018750000000000003,18.563661781365454
95,0.025,21.479449131114823
95,0.03125,23.779984373183233
95,0.037500000000000006,5.73308219003283
95,0.043750000000000004,0.9148554504826951
95,0.05,12.894977603333984
95,0.05625,13.559152759003828
95,0.0625,11.30885694890838
95,0.06875,0.2113286860403763
95,0.07500000000000001,16.639193684787887
95,0.08125,14.086163955481782
95,0.08750000000000001,8.278916860560079
95,0.09375,15.988803125336416
95,0.1,10.2330614118415
95,0.10625000000000001,20.453094900471168
95,0.1125,11.431544928237281
95,0.11875000000000001,9.52183737180909
95,0.125,12.289834566338785
95,0.13125,11.948913724594624
95,0.1375,8.8038022298032
95,0.14375000000000002,3.8790614280169713
95,0.15000000000000002,6.718117900403551
95,0.15625,4.268399635063852
95,0.1625,6.7785459076900665
95,0.16875,9.210043213378809
95,0.17500000000000002,9.21846994175276
95,0.18125000000000002,9.243313534884752
95,0.1875,10.682091438448744
95,0.19375,6.191411594859086
95,0.2,8.476135889926976
95,0.20625000000000002,13.245587598972024
95,0.21250000000000002,8.91164234025877
95,0.21875,3.999013543573984
95,0.225,11.563888748943974
95,0.23125,8.319261414685673
95,0.23750000000000002,5.6437449290085615
95,0.24375000000000002,4.487278817757973
95,0.25,5.724493790330498
95,0.25625000000000003,12.237468520999672
95,0.2625,7.741606939105474
95,0.26875,9.290623155249925
95,0.275,18.975467267105792
95,0.28125,18.069866702831213
95,0.28750000000000003,8.61309787837168
95,0.29375,7.284825226868009
95,0.30000000000000004,3.7427382748560265
95,0.30625,21.941234844764075
95,0.3125,22.434752036412693
95,0.31875000000000003,13.067466249048799
95,0.325,16.05377395741921
95,0.33125000000000004,10.340174235172338
95,0.3375,13.675216464602334
95,0.34375,9.179413971312183
95,0.35000000000000003,2.0155709363326375
95,0.35625,9.891370291819316
95,0.36250000000000004,6.2283727227510886
95,0.36875,8.310452695211932
95,0.375,11.698789213087275
95,0.38125000000000003,14.22985433871813
95,0.3875,4.785163307753681
95,0.39375000000000004,6.172671240647657
95,0.4,9.077823276339782
95,0.40625,1.503339211770706
95,0.41250000000000003,14.306860694008618
95,0.41875,14.43071088117258
95,0.42500000000000004,4.10440236587441
95,0.43125,13.803874060104327
95,0.4375,6.866976503665735
95,0.44375000000000003,7.1044641856275925
95,0.45,5.973857804160544
95,0.45625000000000004,2.3259475649952663
95,0.4625,18.528935859653323
95,0.46875,9.869446861949333
95,0.47500000000000003,8.513554239624684
95,0.48125,16.04731523970418
95,0.48750000000000004,8.145687018569296
95,0.49375,11.778819858647076
96,0.0,2.0872192862952943e-14
96,0.006134969325153374,22.586918348268586
96,0.012269938650306749,19.544270191560706
96,0.018404907975460124,11.186664494724408
96,0.024539877300613498,20.48552701778022
96,0.03067484662576687,1.3605850119240765
96,0.03680981595092025,16.424545677019903
96,0.04294478527607362,7.841301074257796
96,0.049079754601226995,10.24725674674609
96,0.05521472392638037,24.743260323116985
96,0.06134969325153374,8.274722634922444
96,0.06748466257668712,5.908624025167244
96,0.0736196319018405,7.560603921760513
96,0.07975460122699386,0.7215202373993944
96,0.08588957055214724,12.9339469785395
96,0.09202453987730061,18.343635207764997
96,0.09815950920245399,2.1025343810165094
96,0.10429447852760737,14.101297669534583
96,0.11042944785276074,16.99553541084812
96,0.11656441717791412,24.673899494499125
96,0.12269938650306748,10.68912849319375
96,0.12883435582822086,20.98632637830054
96,0.13496932515337423,2.299828454464258
96,0.1411042944785276,8.894730210517539
96,0.147239263803681,7.026438821337407
96,0.15337423312883436,10.771065745634832
96,0.15950920245398773,6.806663546524557
96,0.16564417177914112,7.337739219389144
96,0.17177914110429449,4.7205959933859925
96,0.17791411042944785,9.706388438184723
96,0.18404907975460122,25.855066315709934
96,0.1901840490797546,12.410314857531535
96,0.19631901840490798,14.025854720587333
96,0.20245398773006135,7.475774364148343
96,0.20858895705521474,11.423665545530826
96,0.2147239263803681,3.688404944349116
96,0.22085889570552147,0.6757139967748873
96,0.22699386503067484,9.413061022559598
96,0.23312883435582823,7.90811504735476
96,0.2392638036809816,14.635044993799175
96,0.24539877300613497,21.930384104580543
96,0.25153374233128833,20.942213190356977
96,0.25766871165644173,12.318587204411127
96,0.2638036809815951,7.31794944407408
96,0.26993865030674846,7.108538063987861
96,0.27607361963190186,3.9620156227416183
96,0.2822085889570552,5.524336141255689
96,0.2883435582822086,5.57602820199923
96,0.294478527607362,7.298177356576345
96,0.3006134969325153,20.322461502654395
96,0.3067484662576687,12.627699082141254
96,0.3128834355828221,18.14159945299258
96,0.31901840490797545,14.644184253235627
96,0.32515337423312884,6.726516787203635
96,0.33128834355828224,5.5470372869663525
96,0.3374233128834356,7.275383350069582
96,0.34355828220858897,11.229111350045821
96,0.34969325153374237,3.679580161467478
96,0.3558282208588957,12.57265010583985
96,0.3619631901840491,16.638479806656818
96,0.36809815950920244,5.480149540199128
96,0.37423312883435583,4.932900095853769
96,0.3803680981595092,5.282118185310455
96,0.38650306748466257,10.78666931018816
96,0.39263803680981596,14.865776370186671
96,0.39877300613496935,13.732705786839352
96,0.4049079754601227,9.78427200714735
96,0.4110429447852761,6.566605162149987
96,0.4171779141104295,10.133307700611653
96,0.4233128834355828,12.752931889837711
96,0.4294478527607362,11.82647996349901
96,0.43558282208588955,10.482965847785202
96,0.44171779141104295,20.538610744021483
96,0.44785276073619634,4.52749698622955
96,0.4539877300613497,17.896663949325866
96,0.4601226993865031,19.123827742984723
96,0.46625766871165647,18.537347720346748
96,0.4723926380368098,9.599107370592614
96,0.4785276073619632,6.611434657731416
96,0.4846625766871166,5.0532960112592304
96,0.49079754601226994,9.975306766125405
96,0.49693251533742333,17.460060713076793
97,0.0,7.993605777301127e-15
97,0.006369426751592357,12.526611450603314
97,0.012738853503184714,14.826392202746135
97,0.019108280254777073,15.861039460980473
97,0.025477707006369428,10.131694398668003
97,0.03184713375796178,2.6344757471551645
97,0.038216560509554146,4.1542719693515435
97,0.0445859872611465,6.101987227889332
97,0.050955414012738856,16.347690143035532
97,0.05732484076433121,6.591267568211799
97,0.06369426751592357,12.643904713596154
97,0.07006369426751592,9.411252233244353
97,0.07643312101910829,13.68644062965094
97,0.08280254777070065,17.863441473853
97,0.089171974522293,2.3614221761241123
97,0.09554140127388536,10.157785184094424
97,0.10191082802547771,5.585296802046776
97,0.10828025477707007,5.97044215753165
97,0.11464968152866242,11.694981013861556
97,0.12101910828025478,5.993170442820294
97,0.12738853503184713,5.238022841585339
97,0.1337579617834395,10.879985611322184
97,0.14012738853503184,6.930929218118823
97,0.1464968152866242,9.678192424367772
97,0.15286624203821658,9.863360409928033
97,0.15923566878980894,12.612273120969162
97,0.1656050955414013,13.137117697594347
97,0.17197452229299365,4.351937824861958
97,0.178343949044586,2.8935640610218694
97,0.18471337579617836,17.63212708938177
97,0.1910828025477707,8.766756825160211
97,0.19745222929936307,14.887380933258497
97,0.20382165605095542,9.996402899568446
97,0.21019108280254778,13.14986488882008
97,0.21656050955414013,11.354198419812452
97,0.2229299363057325,19.06145090262715
97,0.22929936305732485,9.885238701963289
97,0.2356687898089172,7.479340537736557
97,0.24203821656050956,7.798290135299715
97,0.2484076433121019,5.103276503004149
97,0.25477707006369427,6.554005817454405
97,0.2611464968152866,21.084861494430346
97,0.267515923566879,3.8251224774032133
97,0.27388535031847133,16.26892753163828
97,0.2802547770700637,18.79143429662586
97,0.28662420382165604,12.023407577894156
97,0.2929936305732484,17.66826833209493
97,0.29936305732484075,15.835047802604352
97,0.30573248407643316,9.116475010614106
97,0.3121019108280255,7.058488810510305
97,0.3184713375796179,11.614808900854648
97,0.32484076433121023,6.762083889687102
97,0.3312101910828026,8.247258661723585
97,0.33757961783439494,10.434343752090001
97,0.3439490445859873,7.56786711391663
97,0.35031847133757965,17.85661453302497
97,0.356687898089172,13.43598149717937
97,0.36305732484076436,17.744462421313546
97,0.3694267515923567,16.372995221832376
97,0.37579617834394907,6.352169084718913
97,0.3821656050955414,10.159768132807415
97,0.3885350318471338,5.381218572172545
97,0.39490445859872614,22.681622503439016
97,0.4012738853503185,9.237651733427393
97,0.40764331210191085,14.814698200356641
97,0.4140127388535032,9.494369764516671
97,0.42038216560509556,8.119602282937036
97,0.4267515923566879,8.75886379579778
97,0.43312101910828027,25.211025196234445
97,0.4394904458598726,10.312872543900506
97,0.445859872611465,11.515329965573503
97,0.45222929936305734,26.606039426737002
97,0.4585987261146497,14.272947664290756
97,0.46496815286624205,9.77127476877198
97,0.4713375796178344,9.532023670643472
97,0.47770700636942676,14.643701809389492
97,0.4840764331210191,15.425615935275612
97,0.49044585987261147,8.424325186305271
97,0.4968152866242038,24.115815948937563
98,0.0,2.1316282072803006e-14
98,0.00641025641025641,35.64850758034478
98,0.01282051282051282,29.950828769022664
98,0.019230769230769232,13.350330804140231
98,0.02564102564102564,12.704336504142855
98,0.03205128205128205,7.322669824389718
98,0.038461538461538464,9.56723551186807
98,0.04487179487179487,18.029427344909013
98,0.05128205128205128,6.181510008959395
98,0.05769230769230769,11.965833487960605
98,0.0641025641025641,6.191223447754375
98,0.07051282051282051,6.501186489089202
98,0.07692307692307693,9.854902508781532
98,0.08333333333333333,6.463735286171256
98,0.08974358974358974,10.901183162900177
98,0.09615384615384615,3.692217609851843
98,0.10256410256410256,6.8608597336807495
98,0.10897435897435898,14.318365807341356
98,0.11538461538461538,7.181548743205468
98,0.12179487179487179,18.041549929054813
98,0.1282051282051282,13.867778804069358
98,0.1346153846153846,14.061918265250117
98,0.14102564102564102,14.01325242892816
98,0.14743589743589744,15.097096533888102
98,0.15384615384615385,15.038505460851457
98,0.16025641025641024,16.067414839727608
98,0.16666666666666666,16.98346606338864
98,0.17307692307692307,21.552284728427292
98,0.1794871794871795,7.043992738238167
98,0.1858974358974359,1.9608367970582605
98,0.1923076923076923,7.481313262708147
98,0.1987179487179487,15.074821422695068
98,0.20512820512820512,3.7748973159306045
98,0.21153846153846154,7.75825075882533
98,0.21794871794871795,10.440111420604495
98,0.22435897435897434,13.669046956863388
98,0.23076923076923075,13.809036218156026
98,0.23717948717948717,11.494884863379793
98,0.24358974358974358,15.612524274009933
98,0.25,13.967467521265258
98,0.2564102564102564,7.282586286540016
98,0.26282051282051283,11.56993517208405
98,0.2692307692307692,18.060764953570356
98,0.2756410256410256,6.040320212017513
98,0.28205128205128205,5.441906646333908
98,0.28846153846153844,3.1908675677285485
98,0.2948717948717949,12.340686770674075
98,0.30128205128205127,7.491089314029814
98,0.3076923076923077,20.7129946572409
98,0.3141025641025641,12.108918722899242
98,0.3205128205128205,9.162433673724381
98,0.3269230769230769,19.317832516535457
98,0.3333333333333333,15.038950727687048
98,0.33974358974358976,4.126135175943835
98,0.34615384615384615,3.830328545200291
98,0.35256410256410253,13.134609611865418
98,0.358974358974359,16.93518884550263
98,0.36538461538461536,8.588194890019718
98,0.3717948717948718,1.9426877368753122
98,0.3782051282051282,14.188692512750245
98,0.3846153846153846,8.410796655179825
98,0.391025641025641,12.013837026354466
98,0.3974358974358974,2.4716319961059803
98,0.40384615384615385,12.273122316724182
98,0.41025641025641024,7.226329919982963
98,0.41666666666666663,2.5634712241142914
98,0.4230769230769231,11.14694186813368
98,0.42948717948717946,7.362175941708413
98,0.4358974358974359,9.38934626958188
98,0.4423076923076923,8.720754044443533
98,0.4487179487179487,8.227825271293318
98,0.4551282051282051,12.598106027485212
98,0.4615384615384615,4.351281737924728
98,0.46794871794871795,14.568663586645362
98,0.47435897435897434,7.066440821967388
98,0.4807692307692307,15.6114162536814
98,0.48717948717948717,9.598292063403127
98,0.49358974358974356,7.484235572897428
99,0.0,1.7763568394002505e-14
99,0.006329113924050633,28.450466850266196
99,0.012658227848101266,18.356138874067707
99,0.0189873417721519,13.15380929551881
99,0.02531645569620253,22.844490884072236
99,0.03164556962025317,10.360296548900433
99,0.0379746835443038,5.40375789623522
99,0.04430379746835443,15.124566624685363
99,0.05063291139240506,14.604299423935194
99,0.056962025316455694,18.363950942764415
99,0.06329113924050633,16.491089023039034
99,0.06962025316455696,19.64578492814322
99,0.0759493670886076,6.544627646068285
99,0.08227848101265822,9.730070976372945
99,0.08860759493670886,13.50620039449282
99,0.09493670886075949,16.190820440494473
99,0.10126582278481013,11.33109664250653
99,0.10759493670886076,1.7271936858483519
99,0.11392405063291139,11.946009424436117
99,0.12025316455696203,3.035346174755196
99,0.12658227848101267,16.207894167200276
99,0.13291139240506328,8.503471260671922
99,0.13924050632911392,16.03186825816901
99,0.14556962025316456,10.431023716554115
99,0.1518987341772152,3.203022062465676
99,0.15822784810126583,2.988396183829402
99,0.16455696202531644,3.5046923271652495
99,0.17088607594936708,6.641587693273026
99,0.17721518987341772,6.551616454387854
99,0.18354430379746836,10.109262411064108
99,0.18987341772151897,9.112102199260047
99,0.1962025316455696,18.604671992164743
99,0.20253164556962025,30.813901773546167
99,0.2088607594936709,5.650253708275677
99,0.21518987341772153,8.22181808392607
99,0.22151898734177214,20.27374438741588
99,0.22784810126582278,19.37693136114883
99,0.23417721518987342,13.257218367370234
99,0.24050632911392406,11.358379086241913
99,0.24683544303797467,7.005178456540131
99,0.25316455696202533,3.995260140757314
99,0.25949367088607594,4.023911367100696
99,0.26582278481012656,8.297920978981702
99,0.2721518987341772,8.944217966820647
99,0.27848101265822783,7.870020054182214
99,0.2848101265822785,9.342187095074003
99,0.2911392405063291,15.354250103468784
99,0.2974683544303797,15.806664686965872
99,0.3037974683544304,11.70100266840281
99,0.310126582278481,9.243053054998668
99,0.31645569620253167,4.214814903786421
99,0.3227848101265823,11.064150126128277
99,0.3291139240506329,8.689521665290288
99,0.33544303797468356,4.468727869544275
99,0.34177215189873417,9.779903387316887
99,0.3481012658227848,1.2829104661161748
99,0.35443037974683544,19.692579158054773
99,0.36075949367088606,7.235330687717864
99,0.3670886075949367,8.159242961412911
99,0.37341772151898733,2.777578307379425
99,0.37974683544303794,7.634704990043292
99,0.3860759493670886,6.657163340814656
99,0.3924050632911392,9.615899644970932
99,0.3987341772151899,5.7605068238537545
99,0.4050632911392405,9.461470309835587
99,0.4113924050632911,8.090520973848236
99,0.4177215189873418,15.823057309602595
99,0.4240506329113924,10.290401991185405
99,0.43037974683544306,17.850850314452792
99,0.43670886075949367,10.097776287317554
99,0.4430379746835443,10.47535835937243
99,0.44936708860759494,18.25353053014909
99,0.45569620253164556,15.488281487402784
99,0.4620253164556962,4.279503210938478
99,0.46835443037974683,9.375636217025349
99,0.47468354430379744,13.548887175678932
99,0.4810126582278481,17.629510588039267
99,0.4873417721518987,16.05509594729696
99,0.49367088607594933,6.750707465784875
100,0.0,2.220446049250313e-16
100,0.006329113924050633,24.918995389674066
100,0.012658227848101266,14.340800600627167
100,0.0189873417721519,12.71151568969108
100,0.02531645569620253,16.011602754238957
100,0.03164556962025317,4.944534839945815
100,0.0379746835443038,19.431620817131066
100,0.04430379746835443,4.990606145503943
100,0.05063291139240506,12.549550708378833
100,0.056962025316455694,4.28777049158895
100,0.06329113924050633,5.022191399033295
100,0.06962025316455696,13.856671999202888
100,0.0759493670886076,14.016868552952824
100,0.08227848101265822,9.550082738795998
100,0.08860759493670886,7.237617930009875
100,0.09493670886075949,12.320776375173393
100,0.10126582278481013,6.7834282973305715
100,0.10759493670886076,18.633058734119754
100,0.11392405063291139,13.45556049493304
100,0.12025316455696203,10.068291523707531
100,0.12658227848101267,3.7729062619307014
100,0.13291139240506328,6.379255494782687
100,0.13924050632911392,7.072445211562609
100,0.14556962025316456,9.13900666231721
100,0.1518987341772152,13.832947948293661
100,0.15822784810126583,16.742556300672266
100,0.16455696202531644,12.0487794831259
100,0.17088607594936708,7.62495080668353
100,0.17721518987341772,14.613516332629219
100,0.18354430379746836,1.1713030130297084
100,0.18987341772151897,6.946789786348573
100,0.1962025316455696,13.02638425800816
100,0.20253164556962025,2.1470055310468092
100,0.2088607594936709,9.768291375860036
100,0.21518987341772153,18.736416133755142
100,0.22151898734177214,11.673458667584272
100,0.22784810126582278,15.481121418573432
100,0.23417721518987342,21.320067621167595
100,0.24050632911392406,21.76711899550941
100,0.24683544303797467,9.854753995321532
100,0.25316455696202533,13.739876489242612
100,0.25949367088607594,16.277283149148214
100,0.26582278481012656,18.480478487508222
100,0.2721518987341772,18.364060160760314
100,0.27848101265822783,4.587832546437474
100,0.2848101265822785,6.017616771187051
100,0.2911392405063291,1.3272085639792564
100,0.2974683544303797,2.701961497447557
100,0.3037974683544304,6.934979868467353
100,0.310126582278481,18.37032760805796
100,0.31645569620253167,18.542548237783556
100,0.3227848101265823,13.133612866510074
100,0.3291139240506329,7.886145952176524
100,0.33544303797468356,6.771347374778533
100,0.34177215189873417,18.16874573567002
100,0.3481012658227848,6.784873233127932
100,0.35443037974683544,26.904768131416212
100,0.36075949367088606,8.562285596464925
100,0.3670886075949367,5.807531052667246
100,0.37341772151898733,6.02758705475604
100,0.37974683544303794,9.571953843782556
100,0.3860759493670886,14.013125118686899
100,0.3924050632911392,6.473721102145407
100,0.3987341772151899,3.0155594013996927
100,0.4050632911392405,11.891214436644933
100,0.4113924050632911,5.8628042992429545
100,0.4177215189873418,8.802718632062263
100,0.4240506329113924,9.704616590788714
100,0.43037974683544306,20.993090373956484
100,0.43670886075949367,8.219185382188309
100,0.4430379746835443,19.44236059065108
100,0.44936708860759494,8.090826875008174
100,0.45569620253164556,16.159220723345573
100,0.4620253164556962,10.86159657827921
100,0.46835443037974683,9.094849583100357
100,0.47468354430379744,12.165872128328541
100,0.4810126582278481,14.887144794158766
100,0.4873417721518987,8.959067158625752
100,0.49367088607594933,9.808102510497893
101,0.0,5.329070518200751e-15
101,0.006578947368421052,25.49918520474111
101,0.013157894736842105,20.385550135876997
101,0.019736842105263157,24.375664028930203
101,0.02631578947368421,12.75770434366614
101,0.03289473684210526,14.892928522488582
101,0.039473684210526314,16.882300693592498
101,0.046052631578947366,12.640928224876495
101,0.05263157894736842,12.347184856784944
101,0.05921052631578947,8.750322614105805
101,0.06578947368421052,2.169424299257922
101,0.07236842105263158,10.241216813728043
101,0.07894736842105263,21.448242354124535
101,0.08552631578947367,10.546417930695306
101,0.09210526315789473,4.270963724310001
101,0.09868421052631579,16.263692649132697
101,0.10526315789473684,7.4448171085058386
101,0.11184210526315788,9.250059679836129
101,0.11842105263157894,8.216617068891386
101,0.125,8.339300445548073
101,0.13157894736842105,5.428506127438969
101,0.1381578947368421,3.640117433828458
101,0.14473684210526316,5.454008194138599
101,0.1513157894736842,4.555894910782129
101,0.15789473684210525,12.026221570579683
101,0.1644736842105263,15.795442705958196
101,0.17105263157894735,4.565534083343375
101,0.17763157894736842,14.913218536827502
101,0.18421052631578946,4.899662298866511
101,0.1907894736842105,16.6436406120458
101,0.19736842105263158,7.958159191873397
101,0.20394736842105263,12.291245801301368
101,0.21052631578947367,12.659630958037745
101,0.21710526315789472,14.003275948532444
101,0.22368421052631576,14.709033220611587
101,0.23026315789473684,21.38863372331873
101,0.23684210526315788,8.833434834367006
101,0.24342105263157893,12.139118294779841
101,0.25,8.369911110582663
101,0.256578947368421,20.10256413976889
101,0.2631578947368421,7.898568419921101
101,0.26973684210526316,6.096257044169689
101,0.2763157894736842,14.930684871828442
101,0.28289473684210525,6.160328542871219
101,0.2894736842105263,9.250337853495514
101,0.29605263157894735,19.762280478520832
101,0.3026315789473684,8.738704672118619
101,0.30921052631578944,7.55723774098166
101,0.3157894736842105,4.0877492785337814
101,0.3223684210526316,4.7096598433986605
101,0.3289473684210526,14.357432575065658
101,0.3355263157894737,10.421422365687665
101,0.3421052631578947,9.805262811932886
101,0.34868421052631576,11.463256734981647
101,0.35526315789473684,2.6220664039921893
101,0.36184210526315785,3.476740347434374
101,0.3684210526315789,17.770125163056367
101,0.375,13.58282910096264
101,0.381578947368421,13.096046157970042
101,0.3881578947368421,16.980623373660574
101,0.39473684210526316,21.0252326304594
101,0.4013157894736842,10.290067248278667
101,0.40789473684210525,12.48971956326336
101,0.41447368421052627,3.546928817029104
101,0.42105263157894735,8.067919477536709
101,0.4276315789473684,17.540503501046228
101,0.43421052631578944,8.945832155924196
101,0.4407894736842105,6.056672709447314
101,0.4473684210526315,5.973857862696199
101,0.4539473684210526,12.927414012748049
101,0.4605263157894737,6.127593784810379
101,0.4671052631578947,6.624211982010642
101,0.47368421052631576,9.393962695960823
101,0.48026315789473684,11.153940839867266
101,0.48684210526315785,11.230913061391988
101,0.4934210526315789,14.646119161293987
102,0.0,2.042810365310288e-14
102,0.006535947712418301,15.606673349372272
102,0.013071895424836602,16.34858583191212
102,0.0196078431372549,16.568255504902126
102,0.026143790849673203,7.5726360334374005
102,0.032679738562091505,15.34787851299986
102,0.0392156862745098,6.314911499217423
102,0.04575163398692811,17.071168209130175
102,0.05228758169934641,11.195168164115426
102,0.058823529411764705,7.224984954856296
102,0.06535947712418301,14.76321798990879
102,0.07189542483660132,4.466123385919953
102,0.0784313725490196,10.207514804818015
102,0.08496732026143791,2.6629069105560967
102,0.09150326797385622,9.491934881580942
102,0.09803921568627451,16.35299733534333
102,0.10457516339869281,5.663744494828569
102,0.11111111111111112,8.878361334039772
102,0.11764705882352941,12.534087248570614
102,0.12418300653594772,9.43863233274597
102,0.13071895424836602,11.368359800672014
102,0.13725490196078433,9.174508913204546
102,0.14379084967320263,6.300204934314266
102,0.1503267973856209,8.082024541401257
102,0.1568627450980392,11.254496995977355
102,0.16339869281045752,10.310490155930255
102,0.16993464052287582,9.746352247408932
102,0.17647058823529413,4.388408226848696
102,0.18300653594771243,4.510754365721205
102,0.1895424836601307,10.158405914375681
102,0.19607843137254902,9.01249236773109
102,0.20261437908496732,9.71262560077451
102,0.20915032679738563,18.322206279622076
102,0.21568627450980393,5.249315965246157
102,0.22222222222222224,7.93115269336607
102,0.22875816993464054,9.248109588757295
102,0.23529411764705882,6.09131421989626
102,0.24183006535947713,13.711743678418756
102,0.24836601307189543,3.412862382495631
102,0.2549019607843137,24.834585193314442
102,0.26143790849673204,17.853125556070665
102,0.2679738562091503,18.5805039587122
102,0.27450980392156865,13.675107495101205
102,0.28104575163398693,19.062063088434204
102,0.28758169934640526,15.101930707208089
102,0.29411764705882354,16.1650466420314
102,0.3006535947712418,6.435021503704262
102,0.30718954248366015,12.235708551259918
102,0.3137254901960784,0.8916468781860125
102,0.32026143790849676,13.170788094018508
102,0.32679738562091504,8.143353015173803
102,0.33333333333333337,3.530318999922741
102,0.33986928104575165,3.057031410206161
102,0.3464052287581699,22.14943374032486
102,0.35294117647058826,14.92148920714919
102,0.35947712418300654,15.01130612178713
102,0.36601307189542487,17.56185133926634
102,0.37254901960784315,17.94281633508984
102,0.3790849673202614,4.342155648299854
102,0.38562091503267976,13.133229741483957
102,0.39215686274509803,2.9659346439761753
102,0.39869281045751637,7.0854534191199265
102,0.40522875816993464,18.661508519273376
102,0.411764705882353,13.83033269471686
102,0.41830065359477125,10.312339216337225
102,0.42483660130718953,10.443763022479317
102,0.43137254901960786,13.07986645373272
102,0.43790849673202614,3.2835132947307213
102,0.4444444444444445,8.368551185190078
102,0.45098039215686275,25.391902296269333
102,0.4575163398692811,10.886874050727368
102,0.46405228758169936,13.927070691877097
102,0.47058823529411764,16.968765350301222
102,0.477124183006536,16.96939146821841
102,0.48366013071895425,1.591007035808496
102,0.4901960784313726,3.763532086185526
102,0.49673202614379086,13.800959760868963
103,0.0,8.881784197001252e-15
103,0.00625,15.325146622336415
103,0.0125,13.585838100684969
103,0.018750000000000003,14.174053528253614
103,0.025,16.433449053325024
103,0.03125,5.888370283351751
103,0.037500000000000006,3.8857623515719824
103,0.043750000000000004,4.166649177885223
103,0.05,8.660928216971602
103,0.05625,22.827489678296985
103,0.0625,5.900163112614855
103,0.06875,3.2176317353462665
103,0.07500000000000001,9.809936554360466
103,0.08125,19.87026144137483
103,0.08750000000000001,8.66290588442907
103,0.09375,11.154242432633689
103,0.1,4.1602094279478745
103,0.10625000000000001,15.867797687700916
103,0.1125,18.804628076950394
103,0.11875000000000001,13.51902182118638
103,0.125,9.59636375298619
103,0.13125,4.318556154967784
103,0.1375,13.881787411472946
103,0.14375000000000002,5.809291163101522
103,0.15000000000000002,8.296912192067275
103,0.15625,15.23891863859271
103,0.1625,30.19447161534401
103,0.16875,8.77965247937156
103,0.17500000000000002,8.139736258060719
103,0.18125000000000002,7.021142354393456
103,0.1875,7.365038213155248
103,0.19375,10.51636349522919
103,0.2,5.053057327245742
103,0.20625000000000002,8.348677378400621
103,0.21250000000000002,8.749534518368876
103,0.21875,8.99217029595819
103,0.225,2.139514433925059
103,0.23125,13.060448875781422
103,0.23750000000000002,6.230252493922656
103,0.24375000000000002,9.245388424680185
103,0.25,10.270593652437075
103,0.25625000000000003,8.23809098649973
103,0.2625,6.02132995089224
103,0.26875,16.17359333628334
103,0.275,4.70176759026614
103,0.28125,11.685147209061427
103,0.28750000000000003,13.939203678903814
103,0.29375,19.987393750995793
103,0.30000000000000004,16.134869956948666
103,0.30625,16.677361279814985
103,0.3125,9.635694990789064
103,0.31875000000000003,16.52521128614342
103,0.325,18.45284937976762
103,0.33125000000000004,6.166625917052409
103,0.3375,21.468605354960452
103,0.34375,16.377024374586732
103,0.35000000000000003,2.997890686658975
103,0.35625,5.656920351487895
103,0.36250000000000004,10.874475092980159
103,0.36875,4.866643532818256
103,0.375,23.644830984093833
103,0.38125000000000003,2.279794197550365
103,0.3875,13.42068241887394
103,0.39375000000000004,21.618921688224383
103,0.4,16.205966383757232
103,0.40625,14.6192055813258
103,0.41250000000000003,14.367239331611316
103,0.41875,8.834445574513577
103,0.42500000000000004,16.04742629824196
103,0.43125,18.515782918834983
103,0.4375,5.882660444092562
103,0.44375000000000003,6.529761179553129
103,0.45,3.188823152554168
103,0.45625000000000004,12.806231126131625
103,0.4625,16.091953167892836
103,0.46875,12.992273992580024
103,0.47500000000000003,10.269738735109522
103,0.48125,18.092917495497552
103,0.48750000000000004,9.032386746735519
103,0.49375,7.7444743238914135
104,0.0,2.6645352591003757e-15
104,0.006329113924050633,11.934595687257602
104,0.012658227848101266,11.53744806503271
104,0.0189873417721519,1.478506711496001
104,0.02531645569620253,8.260159463035013
104,0.03164556962025317,10.969445911082541
104,0.0379746835443038,17.780951341651257
104,0.04430379746835443,12.666361927705967
104,0.05063291139240506,3.1218907376754697
104,0.056962025316455694,6.357856422820007
104,0.06329113924050633,9.977604122626328
104,0.06962025316455696,4.622882282318344
104,0.0759493670886076,4.737106588354212
104,0.08227848101265822,8.738422680111738
104,0.08860759493670886,10.77700693595701
104,0.09493670886075949,12.008452692056926
104,0.10126582278481013,10.601487936839609
104,0.10759493670886076,6.655354542062438
104,0.11392405063291139,14.073565479701752
104,0.12025316455696203,23.717151916152027
104,0.12658227848101267,12.34993002025376
104,0.13291139240506328,7.775465700335229
104,0.13924050632911392,4.4557845341758595
104,0.14556962025316456,15.8237592992828
104,0.1518987341772152,18.968990741414466
104,0.15822784810126583,6.631196864942909
104,0.16455696202531644,11.059806601088559
104,0.17088607594936708,9.39566562409668
104,0.17721518987341772,10.126172350380335
104,0.18354430379746836,16.57633398763139
104,0.18987341772151897,10.997931504650419
104,0.1962025316455696,14.813255619268803
104,0.20253164556962025,8.779020874738174
104,0.2088607594936709,14.862638494594123
104,0.21518987341772153,7.199080669918068
104,0.22151898734177214,14.361439216099987
104,0.22784810126582278,4.650161819161814
104,0.23417721518987342,24.422036494657366
104,0.24050632911392406,6.838359276690907
104,0.24683544303797467,20.259464831208405
104,0.25316455696202533,9.369607272840508
104,0.25949367088607594,19.559081324838
104,0.26582278481012656,16.48418726316755
104,0.2721518987341772,24.74113139751979
104,0.27848101265822783,6.289649855764166
104,0.2848101265822785,3.003316613167355
104,0.2911392405063291,2.407704292783736
104,0.2974683544303797,8.999616386283238
104,0.3037974683544304,14.414780172315709
104,0.310126582278481,28.46736552713328
104,0.31645569620253167,5.530317500532807
104,0.3227848101265823,10.730721650412354
104,0.3291139240506329,5.211019687440154
104,0.33544303797468356,8.864674842920785
104,0.34177215189873417,4.2125230460936
104,0.3481012658227848,5.542346754594077
104,0.35443037974683544,4.22877233068358
104,0.36075949367088606,7.881396833012176
104,0.3670886075949367,2.2818675196822333
104,0.37341772151898733,5.674626820887084
104,0.37974683544303794,7.988495713821395
104,0.3860759493670886,7.730698685764598
104,0.3924050632911392,10.968892095977605
104,0.3987341772151899,13.84776368629035
104,0.4050632911392405,17.760959628632055
104,0.4113924050632911,6.319839099372874
104,0.4177215189873418,10.434503888924345
104,0.4240506329113924,15.073434321594576
104,0.43037974683544306,25.521003080045965
104,0.43670886075949367,2.882448985670626
104,0.4430379746835443,15.777531093680407
104,0.44936708860759494,9.857223945397129
104,0.45569620253164556,22.496022792562226
104,0.4620253164556962,7.221444764663504
104,0.46835443037974683,1.8572405812471233
104,0.47468354430379744,6.625515336645798
104,0.4810126582278481,20.23922464371157
104,0.4873417721518987,16.96191505770232
104,0.49367088607594933,15.894540940564164
105,0.0,1.554312234475219e-14
105,0.006211180124223602,30.530004963283588
105,0.012422360248447204,20.638673913383304
105,0.018633540372670808,14.42756592321373
105,0.024844720496894408,5.718220423481368
105,0.03105590062111801,20.858497502737528
105,0.037267080745341616,8.244694247509832
105,0.043478260869565216,7.681300636783154
105,0.049689440993788817,7.690630611993732
105,0.05590062111801242,11.360171028870683
105,0.06211180124223602,2.584540967044692
105,0.06832298136645962,11.075015157689233
105,0.07453416149068323,3.172473856711092
105,0.08074534161490683,3.7380672609771106
105,0.08695652173913043,6.525277922560995
105,0.09316770186335403,5.8390232849427885
105,0.09937888198757763,11.224442633890058
105,0.10559006211180123,12.47479952647136
105,0.11180124223602483,16.169793583507158
105,0.11801242236024843,17.01803707160916
105,0.12422360248447203,13.729279767601996
105,0.13043478260869565,5.864228222698742
105,0.13664596273291924,10.38754618525529
105,0.14285714285714285,11.552376303860461
105,0.14906832298136646,11.191062317216257
105,0.15527950310559005,10.011819534266436
105,0.16149068322981366,12.423223151443796
105,0.16770186335403725,7.900950964980662
105,0.17391304347826086,16.441636384247182
105,0.18012422360248445,6.564810629259852
105,0.18633540372670807,3.4106386604431376
105,0.19254658385093165,7.09168659669294
105,0.19875776397515527,21.16955139098504
105,0.20496894409937888,8.985661684449985
105,0.21118012422360247,10.794867945372854
105,0.21739130434782608,14.481655213794632
105,0.22360248447204967,30.732176048459547
105,0.22981366459627328,12.202702243931057
105,0.23602484472049687,10.009024645324855
105,0.24223602484472048,18.54573866552105
105,0.24844720496894407,13.583054310425412
105,0.2546583850931677,12.15826797721037
105,0.2608695652173913,26.349799132079017
105,0.2670807453416149,6.577246381460244
105,0.27329192546583847,16.134979231972995
105,0.2795031055900621,13.43067213435698
105,0.2857142857142857,15.606016748564857
105,0.2919254658385093,12.270955060119991
105,0.2981366459627329,8.817026388420002
105,0.3043478260869565,11.770840272425476
105,0.3105590062111801,5.6698165908636655
105,0.3167701863354037,12.186744296204592
105,0.32298136645962733,1.9664840595615252
105,0.3291925465838509,3.567802723312346
105,0.3354037267080745,1.0382189563336386
105,0.3416149068322981,1.356512733269266
105,0.34782608695652173,3.1189638193044877
105,0.35403726708074534,5.851523167375982
105,0.3602484472049689,2.6137909246778226
105,0.3664596273291925,13.445231120744447
105,0.37267080745341613,9.036041714903723
105,0.37888198757763975,18.92266793011481
105,0.3850931677018633,23.257118479839125
105,0.3913043478260869,10.910448674031809
105,0.39751552795031053,8.698467345054636
105,0.40372670807453415,0.7298256099396704
105,0.40993788819875776,11.632959718344996
105,0.4161490683229813,17.644755875496326
105,0.42236024844720493,26.90885497102792
105,0.42857142857142855,10.906373838700237
105,0.43478260869565216,11.932060292588721
105,0.4409937888198757,8.701972127628412
105,0.44720496894409933,6.003447716138577
105,0.45341614906832295,6.955420889157279
105,0.45962732919254656,1.237839901128982
105,0.4658385093167702,5.908379460422418
105,0.47204968944099374,13.461211863972638
105,0.47826086956521735,8.319308797401982
105,0.48447204968944096,8.317956138537742
105,0.4906832298136646,8.46594999164947
105,0.49689440993788814,11.206682310613841
106,0.0,1.2434497875801753e-14
106,0.006329113924050633,13.366929115995056
106,0.012658227848101266,13.5625785858985
106,0.0189873417721519,12.29786710689236
106,0.02531645569620253,2.6037325591315064
106,0.03164556962025317,5.920635964210171
106,0.0379746835443038,15.360732374176296
106,0.04430379746835443,14.744914719779569
106,0.05063291139240506,7.412859268340259
106,0.056962025316455694,10.08618089986679
106,0.06329113924050633,5.360422527583149
106,0.06962025316455696,8.911267329957523
106,0.0759493670886076,3.579509512054313
106,0.08227848101265822,4.699474187741174
106,0.08860759493670886,10.373007408403945
106,0.09493670886075949,14.365179503591103
106,0.10126582278481013,4.6059982295027995
106,0.10759493670886076,6.752974172841405
106,0.11392405063291139,16.326082956659057
106,0.12025316455696203,6.396694209009995
106,0.12658227848101267,5.086746697627001
106,0.13291139240506328,20.67551907807726
106,0.13924050632911392,6.704585373693645
106,0.14556962025316456,24.306747290058773
106,0.1518987341772152,0.9772411168158021
106,0.15822784810126583,19.355607062709332
106,0.16455696202531644,11.071837263680552
106,0.17088607594936708,5.777763053043429
106,0.17721518987341772,12.779547427464312
106,0.18354430379746836,9.762381374413927
106,0.18987341772151897,9.022279431208455
106,0.1962025316455696,1.6533763396859706
106,0.20253164556962025,6.976762152917477
106,0.2088607594936709,28.965345728115178
106,0.21518987341772153,8.060237217076455
106,0.22151898734177214,9.986552897399882
106,0.22784810126582278,15.551262527777503
106,0.23417721518987342,23.57174966405051
106,0.24050632911392406,24.489295987547433
106,0.24683544303797467,18.815172855504702
106,0.25316455696202533,26.609587314437757
106,0.25949367088607594,22.121812330224106
106,0.26582278481012656,12.2421376506259
106,0.2721518987341772,7.73847146143831
106,0.27848101265822783,1.3613000134903044
106,0.2848101265822785,7.307681473068753
106,0.2911392405063291,23.705872280359053
106,0.2974683544303797,10.640139410467617
106,0.3037974683544304,12.807199097655316
106,0.310126582278481,12.405636877120848
106,0.31645569620253167,12.642930400730807
106,0.3227848101265823,6.6728693113666155
106,0.3291139240506329,15.484325753263583
106,0.33544303797468356,11.063551223539442
106,0.34177215189873417,8.619233067338824
106,0.3481012658227848,4.135677198617272
106,0.35443037974683544,3.3427115287619493
106,0.36075949367088606,7.649592228764661
106,0.3670886075949367,2.7736151288773954
106,0.37341772151898733,6.84050549613126
106,0.37974683544303794,5.961274019954791
106,0.3860759493670886,15.327769404928079
106,0.3924050632911392,3.703428473376579
106,0.3987341772151899,12.398727983618127
106,0.4050632911392405,7.397185109792082
106,0.4113924050632911,13.766208612435634
106,0.4177215189873418,4.202795086917976
106,0.4240506329113924,9.269834175101193
106,0.43037974683544306,11.69541947429775
106,0.43670886075949367,8.10379063597097
106,0.4430379746835443,13.174399639676032
106,0.44936708860759494,15.168072144484311
106,0.45569620253164556,14.756329344301468
106,0.4620253164556962,8.362093107350761
106,0.46835443037974683,10.522225134475425
106,0.47468354430379744,15.251451094528132
106,0.4810126582278481,16.61027927741116
106,0.4873417721518987,4.734430504957988
106,0.49367088607594933,6.5654731085836495
107,0.0,1.2878587085651816e-14
107,0.006493506493506494,6.273695449667025
107,0.012987012987012988,15.078249843152687
107,0.01948051948051948,18.13044461547796
107,0.025974025974025976,6.567935146746461
107,0.03246753246753247,23.400467492316285
107,0.03896103896103896,10.665744345117192
107,0.045454545454545456,14.002549695029156
107,0.05194805194805195,8.123577093577383
107,0.05844155844155845,10.454960029252591
107,0.06493506493506494,6.188891414445104
107,0.07142857142857144,2.3707281418743302
107,0.07792207792207792,7.83345714211919
107,0.08441558441558442,7.286104119671375
107,0.09090909090909091,17.652052816273688
107,0.09740259740259741,4.28302175054448
107,0.1038961038961039,3.982933381503819
107,0.1103896103896104,15.047110015413617
107,0.1168831168831169,11.975348531082098
107,0.12337662337662339,10.63709324035907
107,0.12987012987012989,13.112352680489485
107,0.13636363636363638,14.07991389773888
107,0.14285714285714288,8.85791362565761
107,0.14935064935064937,16.984070550181837
107,0.15584415584415584,8.234692810595872
107,0.16233766233766234,8.736339922941497
107,0.16883116883116883,11.533567131975266
107,0.17532467532467533,21.44186799798671
107,0.18181818181818182,10.413698343243508
107,0.18831168831168832,3.5690666265078934
107,0.19480519480519481,6.414240675411151
107,0.2012987012987013,1.5728540354324352
107,0.2077922077922078,12.848260046483732
107,0.2142857142857143,3.1257707264763788
107,0.2207792207792208,1.3734623526847696
107,0.2272727272727273,12.513054127113358
107,0.2337662337662338,10.391461812432253
107,0.24025974025974028,14.58556999321149
107,0.24675324675324678,5.452695589950931
107,0.2532467532467533,13.670643828873445
107,0.25974025974025977,32.902536238145345
107,0.26623376623376627,13.20478504285067
107,0.27272727272727276,15.195887342950297
107,0.27922077922077926,11.410781665175506
107,0.28571428571428575,9.115933306030133
107,0.29220779220779225,4.053833468847117
107,0.29870129870129875,17.429971559947667
107,0.30519480519480524,17.063242861065284
107,0.3116883116883117,12.085158568363202
107,0.3181818181818182,9.257107702012561
107,0.3246753246753247,6.358384339326641
107,0.33116883116883117,18.7323589627736
107,0.33766233766233766,6.063747240015592
107,0.34415584415584416,8.925461643808337
107,0.35064935064935066,8.938213440077607
107,0.35714285714285715,22.087380682063657
107,0.36363636363636365,20.45341130174148
107,0.37012987012987014,18.021413632520762
107,0.37662337662337664,8.114872485809626
107,0.38311688311688313,6.83047578918166
107,0.38961038961038963,3.4528289260639684
107,0.3961038961038961,6.8879998836589715
107,0.4025974025974026,22.889562851173057
107,0.4090909090909091,2.96080025318521
107,0.4155844155844156,10.824237123718795
107,0.4220779220779221,8.19251312088134
107,0.4285714285714286,3.5586775447327637
107,0.4350649350649351,25.611461438321594
107,0.4415584415584416,1.7540092937117298
107,0.4480519480519481,15.753903109947393
107,0.4545454545454546,4.987055783428188
107,0.4610389610389611,8.371629094113894
107,0.4675324675324676,9.19119876785102
107,0.4740259740259741,15.158626689959698
107,0.48051948051948057,5.798576521800606
107,0.48701298701298706,5.897131170080668
107,0.49350649350649356,3.905122300299595
108,0.0,1.2434497875801753e-14
108,0.006289308176100629,21.515808865778542
108,0.012578616352201259,1.6373708339816684
108,0.01886792452830189,8.291423734282317
108,0.025157232704402517,19.399291851951606
108,0.031446540880503145,12.328072521009714
108,0.03773584905660378,4.110658263624364
108,0.04402515723270441,22.68457425108893
108,0.050314465408805034,8.069629955836058
108,0.05660377358490566,6.327107973224993
108,0.06289308176100629,14.828424071635677
108,0.06918238993710692,15.259676009798543
108,0.07547169811320756,2.1217348404695286
108,0.08176100628930819,12.131161045093013
108,0.08805031446540881,13.958455612968152
108,0.09433962264150944,6.379607242640188
108,0.10062893081761007,15.752855980797484
108,0.1069182389937107,6.133711430698138
108,0.11320754716981132,6.748725515489978
108,0.11949685534591195,1.013492313233324
108,0.12578616352201258,9.322482889638392
108,0.1320754716981132,6.017251348052839
108,0.13836477987421383,17.454938482609514
108,0.14465408805031446,19.249722318694577
108,0.15094339622641512,5.323502150748467
108,0.15723270440251574,4.5254725253795485
108,0.16352201257861637,11.425567009061622
108,0.169811320754717,15.392945038062065
108,0.17610062893081763,11.776807764165532
108,0.18238993710691825,9.21986063190264
108,0.18867924528301888,17.233541546039834
108,0.1949685534591195,11.95213570957211
108,0.20125786163522014,10.515626194791782
108,0.20754716981132076,6.161221140651242
108,0.2138364779874214,8.877903078117294
108,0.22012578616352202,8.15011267224256
108,0.22641509433962265,13.10890551209104
108,0.23270440251572327,6.559186680549792
108,0.2389937106918239,14.807143646477122
108,0.24528301886792453,13.93346755057486
108,0.25157232704402516,8.920188823207749
108,0.2578616352201258,14.473016616159802
108,0.2641509433962264,8.881181814303709
108,0.27044025157232704,20.376810646864154
108,0.27672955974842767,14.853768195410845
108,0.2830188679245283,8.626859772316196
108,0.2893081761006289,11.155911466607133
108,0.29559748427672955,13.298146556887822
108,0.30188679245283023,1.8013596353119192
108,0.30817610062893086,10.728839626786653
108,0.3144654088050315,20.966650853760573
108,0.3207547169811321,17.490978956719044
108,0.32704402515723274,24.382541136517233
108,0.33333333333333337,13.28080564868775
108,0.339622641509434,10.135186809663054
108,0.3459119496855346,8.365326772947558
108,0.35220125786163525,15.337216319592114
108,0.3584905660377359,15.536602204210775
108,0.3647798742138365,10.32109675050505
108,0.37106918238993714,2.206145656768912
108,0.37735849056603776,23.303953695184116
108,0.3836477987421384,3.8630849225354766
108,0.389937106918239,10.072831579068112
108,0.39622641509433965,19.261805329025247
108,0.4025157232704403,12.972878163298038
108,0.4088050314465409,3.443593668615314
108,0.41509433962264153,7.028662431369146
108,0.42138364779874216,16.376955562300484
108,0.4276729559748428,11.985458522329582
108,0.4339622641509434,9.02903051732737
108,0.44025157232704404,9.627209396285673
108,0.44654088050314467,16.435108715069163
108,0.4528301886792453,3.0200071765789707
108,0.4591194968553459,11.521365155014301
108,0.46540880503144655,9.585793156558804
108,0.4716981132075472,10.941322159395005
108,0.4779874213836478,18.88872963455261
108,0.48427672955974843,11.801289673916354
108,0.49056603773584906,14.523012042316697
108,0.4968553459119497,4.1282092428756165
109,0.0,1.6431300764452317e-14
109,0.006289308176100629,20.388125692937933
109,0.012578616352201259,8.75284751518387
109,0.01886792452830189,12.024731932219204
109,0.025157232704402517,11.783358941353537
109,0.031446540880503145,13.402288927848293
109,0.03773584905660378,5.596264092031602
109,0.04402515723270441,13.229486601448519
109,0.050314465408805034,11.026846888282645
109,0.05660377358490566,10.795703883309578
109,0.06289308176100629,5.177895531682993
109,0.06918238993710692,4.492154415196114
109,0.07547169811320756,11.80387063112453
109,0.08176100628930819,8.662715037201888
109,0.08805031446540881,12.260613444922049
109,0.09433962264150944,19.45910455444694
109,0.10062893081761007,13.625698321977545
109,0.1069182389937107,8.041913151406744
109,0.11320754716981132,10.119244146920533
109,0.11949685534591195,6.357846945373065
109,0.12578616352201258,12.367957839997732
109,0.1320754716981132,5.355672416739203
109,0.13836477987421383,6.3221526296084125
109,0.14465408805031446,4.868889510322657
109,0.15094339622641512,22.11074280034497
109,0.15723270440251574,8.200926343143575
109,0.16352201257861637,17.544607867899398
109,0.169811320754717,23.591238272205022
109,0.17610062893081763,17.8860881474394
109,0.18238993710691825,13.047633797031262
109,0.18867924528301888,9.883969101279083
109,0.1949685534591195,9.747311799047615
109,0.20125786163522014,3.8900847070448212
109,0.20754716981132076,15.163646737885543
109,0.2138364779874214,23.152031223887246
109,0.22012578616352202,12.70988609042008
109,0.22641509433962265,13.95059881009668
109,0.23270440251572327,12.102495468143578
109,0.2389937106918239,13.43377014707946
109,0.24528301886792453,9.95121230874342
109,0.25157232704402516,14.890038367697063
109,0.2578616352201258,5.089457662019953
109,0.2641509433962264,13.711002438135361
109,0.27044025157232704,18.247903901229265
109,0.27672955974842767,18.436476901044113
109,0.2830188679245283,16.064097713394318
109,0.2893081761006289,7.536596433528598
109,0.29559748427672955,13.37719269315371
109,0.30188679245283023,11.508169097655015
109,0.30817610062893086,11.474424281804032
109,0.3144654088050315,7.544918818506755
109,0.3207547169811321,6.998650916543434
109,0.32704402515723274,11.49632195028722
109,0.33333333333333337,14.885950341382639
109,0.339622641509434,18.299564424449823
109,0.3459119496855346,13.185951306069649
109,0.35220125786163525,11.499319767534123
109,0.3584905660377359,25.004233165410657
109,0.3647798742138365,10.091033103337518
109,0.37106918238993714,1.6839497984133007
109,0.37735849056603776,4.786624812657503
109,0.3836477987421384,0.387917765133052
109,0.389937106918239,9.270909511644982
109,0.39622641509433965,4.21182314533097
109,0.4025157232704403,5.776710094837496
109,0.4088050314465409,4.612135913851256
109,0.41509433962264153,21.366228226011014
109,0.42138364779874216,26.217543135527652
109,0.4276729559748428,12.664527634021564
109,0.4339622641509434,13.589887596449033
109,0.44025157232704404,2.646995410573419
109,0.44654088050314467,7.877332606680535
109,0.4528301886792453,8.632063819167486
109,0.4591194968553459,7.300070857808667
109,0.46540880503144655,11.991528848316454
109,0.4716981132075472,4.16495621267495
109,0.4779874213836478,10.395162790862177
109,0.48427672955974843,12.058825480377951
109,0.49056603773584906,7.229969999724076
109,0.4968553459119497,10.689180863999026
110,0.0,7.105427357601002e-15
110,0.006211180124223602,3.8709668764293217
110,0.012422360248447204,15.974185156882635
110,0.018633540372670808,2.4841705288092077
110,0.024844720496894408,12.870644683838343
110,0.03105590062111801,11.862200449641636
110,0.037267080745341616,13.503745055631253
110,0.043478260869565216,2.476879673170208
110,0.049689440993788817,8.34562724892939
110,0.05590062111801242,8.876273851757917
110,0.06211180124223602,13.306066554095658
110,0.06832298136645962,15.771847441526127
110,0.07453416149068323,9.25048206877999
110,0.08074534161490683,20.206332088218936
110,0.08695652173913043,11.276040512471033
110,0.09316770186335403,7.309976664710469
110,0.09937888198757763,10.911755081399114
110,0.10559006211180123,6.810460469273972
110,0.11180124223602483,2.103877009730134
110,0.11801242236024843,19.93842658076594
110,0.12422360248447203,5.336828007247414
110,0.13043478260869565,4.569291583404351
110,0.13664596273291924,12.261730371117746
110,0.14285714285714285,19.32191273022975
110,0.14906832298136646,8.307148230776233
110,0.15527950310559005,4.595391272881243
110,0.16149068322981366,2.9047021991533994
110,0.16770186335403725,15.319112642388255
110,0.17391304347826086,21.92038873298715
110,0.18012422360248445,12.783993938128477
110,0.18633540372670807,13.625527634833334
110,0.19254658385093165,8.795011246285332
110,0.19875776397515527,8.30858678088738
110,0.20496894409937888,15.709277525031869
110,0.21118012422360247,9.269026356133168
110,0.21739130434782608,13.181354587675797
110,0.22360248447204967,8.457395894967572
110,0.22981366459627328,15.712696963101846
110,0.23602484472049687,5.998847267099993
110,0.24223602484472048,24.150766697163885
110,0.24844720496894407,6.250872933729548
110,0.2546583850931677,20.74998919986506
110,0.2608695652173913,13.764409695810492
110,0.2670807453416149,20.21316196706588
110,0.27329192546583847,14.719317904579215
110,0.2795031055900621,12.261362580162144
110,0.2857142857142857,15.366026758949394
110,0.2919254658385093,12.094685175836025
110,0.2981366459627329,13.064028359045864
110,0.3043478260869565,7.9595933924590945
110,0.3105590062111801,14.423651826892565
110,0.3167701863354037,9.923932615005674
110,0.32298136645962733,20.800903303132724
110,0.3291925465838509,15.137027509959344
110,0.3354037267080745,11.839272838542731
110,0.3416149068322981,8.888875587908514
110,0.34782608695652173,19.956340495648405
110,0.35403726708074534,8.524811171342709
110,0.3602484472049689,9.887383418330714
110,0.3664596273291925,1.9830109040635409
110,0.37267080745341613,4.262512227235945
110,0.37888198757763975,12.098399082673572
110,0.3850931677018633,15.860564392379592
110,0.3913043478260869,21.22208370810876
110,0.39751552795031053,15.5470641880002
110,0.40372670807453415,13.054975443169255
110,0.40993788819875776,11.650242847336118
110,0.4161490683229813,16.322676891107104
110,0.42236024844720493,10.911442250975014
110,0.42857142857142855,4.111602666641336
110,0.43478260869565216,11.83214130751852
110,0.4409937888198757,11.413998204622946
110,0.44720496894409933,11.463370755964933
110,0.45341614906832295,9.399815255642869
110,0.45962732919254656,5.975422063716981
110,0.4658385093167702,6.986943193290139
110,0.47204968944099374,11.312832893362955
110,0.47826086956521735,9.73831481901572
110,0.48447204968944096,14.06802127604875
110,0.4906832298136646,12.42577055655196
110,0.49689440993788814,16.406760030816883
111,0.0,1.7763568394002505e-14
111,0.00641025641025641,31.89401412716478
111,0.01282051282051282,15.788603916259095
111,0.019230769230769232,3.4873582478884795
111,0.02564102564102564,7.461500103002756
111,0.03205128205128205,11.667138847305718
111,0.038461538461538464,13.352732250619406
111,0.04487179487179487,5.353666826891411
111,0.05128205128205128,7.582964832155431
111,0.05769230769230769,0.4979853913079604
111,0.0641025641025641,16.743202399640055
111,0.07051282051282051,8.476341584124896
111,0.07692307692307693,12.73757411434703
111,0.08333333333333333,6.974341070457464
111,0.08974358974358974,7.404763537053269
111,0.09615384615384615,11.259829669757972
111,0.10256410256410256,10.080236595824312
111,0.10897435897435898,17.253005707222197
111,0.11538461538461538,7.991531132425436
111,0.12179487179487179,12.305700647324562
111,0.1282051282051282,10.689380312396926
111,0.1346153846153846,5.6783924355293
111,0.14102564102564102,5.2548239444995275
111,0.14743589743589744,18.77757361804496
111,0.15384615384615385,6.109849392751993
111,0.16025641025641024,7.319897776825744
111,0.16666666666666666,6.7580514463332015
111,0.17307692307692307,13.764627968943909
111,0.1794871794871795,13.71621842143746
111,0.1858974358974359,9.8941369131683
111,0.1923076923076923,3.7847841072623307
111,0.1987179487179487,18.591533927205067
111,0.20512820512820512,21.43010879490109
111,0.21153846153846154,22.116337355385664
111,0.21794871794871795,11.184136147184985
111,0.22435897435897434,10.638001366720797
111,0.23076923076923075,12.275513494738991
111,0.23717948717948717,16.30163230816437
111,0.24358974358974358,3.775765749812994
111,0.25,10.98929611081313
111,0.2564102564102564,16.060947647624683
111,0.26282051282051283,14.199053759656827
111,0.2692307692307692,7.685223977626668
111,0.2756410256410256,13.88863958808882
111,0.28205128205128205,15.100787545101161
111,0.28846153846153844,9.007825954695539
111,0.2948717948717949,14.12798032385364
111,0.30128205128205127,10.894312702809811
111,0.3076923076923077,3.224698160368245
111,0.3141025641025641,19.863319604869808
111,0.3205128205128205,16.896683311912838
111,0.3269230769230769,19.99206923994059
111,0.3333333333333333,3.3618170312735836
111,0.33974358974358976,2.9470292478271913
111,0.34615384615384615,2.33382960595614
111,0.35256410256410253,14.191868066182394
111,0.358974358974359,7.278986022717001
111,0.36538461538461536,10.008320343600145
111,0.3717948717948718,19.33172220750409
111,0.3782051282051282,12.360146385456218
111,0.3846153846153846,2.5525498947273584
111,0.391025641025641,10.815694318378068
111,0.3974358974358974,8.460048209802551
111,0.40384615384615385,19.046512058557337
111,0.41025641025641024,7.426573181585845
111,0.41666666666666663,7.727726049725302
111,0.4230769230769231,15.646495333901042
111,0.42948717948717946,11.119845626452939
111,0.4358974358974359,8.370889506250776
111,0.4423076923076923,18.81804788768209
111,0.4487179487179487,12.134390177095149
111,0.4551282051282051,14.821526653695184
111,0.4615384615384615,3.7193317017574223
111,0.46794871794871795,9.586789130290567
111,0.47435897435897434,14.310635447928215
111,0.4807692307692307,18.647975798987538
111,0.48717948717948717,2.5336510955799594
111,0.49358974358974356,1.5556098254668362
112,0.0,1.7763568394002505e-15
112,0.006329113924050633,15.298325899935293
112,0.012658227848101266,7.590494071094496
112,0.0189873417721519,17.584950194641465
112,0.02531645569620253,4.529742917701672
112,0.03164556962025317,15.179551468347459
112,0.0379746835443038,8.168064364874102
112,0.04430379746835443,16.40976614570481
112,0.05063291139240506,5.294876239167393
112,0.056962025316455694,6.703252134833942
112,0.06329113924050633,15.679094289222478
112,0.06962025316455696,6.818615223305676
112,0.0759493670886076,17.90520852870832
112,0.08227848101265822,3.248655430587851
112,0.08860759493670886,22.87784843394102
112,0.09493670886075949,17.359262604605703
112,0.10126582278481013,19.02752968408979
112,0.10759493670886076,8.779189659974145
112,0.11392405063291139,16.965933833459008
112,0.12025316455696203,1.7471509312791575
112,0.12658227848101267,6.241089789816359
112,0.13291139240506328,14.787664976655924
112,0.13924050632911392,9.8930851022548
112,0.14556962025316456,13.89639561078731
112,0.1518987341772152,9.599316933896743
112,0.15822784810126583,10.49302432611978
112,0.16455696202531644,11.613343919968575
112,0.17088607594936708,11.363713745184489
112,0.17721518987341772,18.343785592098065
112,0.18354430379746836,12.286399380884642
112,0.18987341772151897,13.814572340359616
112,0.1962025316455696,12.48744287589697
112,0.20253164556962025,20.27661798105086
112,0.2088607594936709,13.773479331923568
112,0.21518987341772153,12.35068436118981
112,0.22151898734177214,6.276019653832085
112,0.22784810126582278,13.86892970365084
112,0.23417721518987342,11.418625859653261
112,0.24050632911392406,1.1386068757868755
112,0.24683544303797467,6.699032777671657
112,0.25316455696202533,17.216708633058058
112,0.25949367088607594,8.860534622447533
112,0.26582278481012656,4.8788888936862
112,0.2721518987341772,8.340753819348771
112,0.27848101265822783,7.010256803903883
112,0.2848101265822785,2.6666867532559384
112,0.2911392405063291,18.49857009019757
112,0.2974683544303797,4.231293139901748
112,0.3037974683544304,5.728792746034394
112,0.310126582278481,6.213381217175871
112,0.31645569620253167,18.25292582565898
112,0.3227848101265823,2.2553180231302283
112,0.3291139240506329,9.512379119250939
112,0.33544303797468356,7.82858887718308
112,0.34177215189873417,9.84364557875732
112,0.3481012658227848,0.7594651981151227
112,0.35443037974683544,6.368427139498935
112,0.36075949367088606,26.762872181970167
112,0.3670886075949367,13.592727507586599
112,0.37341772151898733,9.754471033697666
112,0.37974683544303794,16.733014806212672
112,0.3860759493670886,10.83589803887352
112,0.3924050632911392,12.853111491362727
112,0.3987341772151899,19.157268991238375
112,0.4050632911392405,10.764755401865896
112,0.4113924050632911,13.990106369645218
112,0.4177215189873418,4.88987939895035
112,0.4240506329113924,7.501833381252176
112,0.43037974683544306,16.21807377989062
112,0.43670886075949367,16.239487518429534
112,0.4430379746835443,4.112984593317101
112,0.44936708860759494,18.001213538720314
112,0.45569620253164556,13.680126900256862
112,0.4620253164556962,8.429113897285381
112,0.46835443037974683,10.671767108692672
112,0.47468354430379744,16.31610087952123
112,0.4810126582278481,4.15471361818959
112,0.4873417721518987,6.811146807331113
112,0.49367088607594933,19.19949978023818
113,0.0,3.197442310920451e-14
113,0.006289308176100629,14.718831283836654
113,0.012578616352201259,10.119267761760554
113,0.01886792452830189,21.262740866185236
113,0.025157232704402517,5.081429177101636
113,0.031446540880503145,6.059674691282338
113,0.03773584905660378,6.116011535326647
113,0.04402515723270441,13.894297537376508
113,0.050314465408805034,6.327572819698997
113,0.05660377358490566,15.609487953724699
113,0.06289308176100629,6.981355395009219
113,0.06918238993710692,7.732668219621449
113,0.07547169811320756,7.3287879369641376
113,0.08176100628930819,4.039150333952951
113,0.08805031446540881,8.868126827895992
113,0.09433962264150944,7.982793603004226
113,0.10062893081761007,14.949007578017243
113,0.1069182389937107,12.226127214724892
113,0.11320754716981132,19.578748638331557
113,0.11949685534591195,5.317767589947352
113,0.12578616352201258,8.385616304153073
113,0.1320754716981132,14.673949375156651
113,0.13836477987421383,14.344982990748806
113,0.14465408805031446,13.307833040670342
113,0.15094339622641512,9.806690127255616
113,0.15723270440251574,3.4879665888855107
113,0.16352201257861637,14.14543671792615
113,0.169811320754717,22.71924879689058
113,0.17610062893081763,3.6518027270458924
113,0.18238993710691825,25.487096360189124
113,0.18867924528301888,19.080971108494026
113,0.1949685534591195,16.129757687209214
113,0.20125786163522014,6.775567101345131
113,0.20754716981132076,6.838093292560209
113,0.2138364779874214,16.356786898403968
113,0.22012578616352202,4.308845672358851
113,0.22641509433962265,8.412239774662833
113,0.23270440251572327,4.63632978072291
113,0.2389937106918239,21.978480133266213
113,0.24528301886792453,9.489694885809815
113,0.25157232704402516,4.088173825384257
113,0.2578616352201258,14.411926718628889
113,0.2641509433962264,7.953092398469913
113,0.27044025157232704,16.982842400740783
113,0.27672955974842767,8.337831325323288
113,0.2830188679245283,10.53128133013429
113,0.2893081761006289,5.580843858027829
113,0.29559748427672955,8.609250422511002
113,0.30188679245283023,15.433902728090668
113,0.30817610062893086,8.44055076803802
113,0.3144654088050315,9.242725986347931
113,0.3207547169811321,4.735293462990764
113,0.32704402515723274,24.22655949145896
113,0.33333333333333337,21.02505221693184
113,0.339622641509434,9.80006981525621
113,0.3459119496855346,20.22510859950733
113,0.35220125786163525,12.090554352242812
113,0.3584905660377359,9.813339487049904
113,0.3647798742138365,9.423487816204117
113,0.37106918238993714,16.77558638037618
113,0.37735849056603776,4.745945974547873
113,0.3836477987421384,2.0490495738406365
113,0.389937106918239,14.778523497898224
113,0.39622641509433965,10.661291071669673
113,0.4025157232704403,9.92777616609518
113,0.4088050314465409,21.79412463845875
113,0.41509433962264153,9.050582211349969
113,0.42138364779874216,15.155454068241191
113,0.4276729559748428,6.859122815167182
113,0.4339622641509434,7.707571993184803
113,0.44025157232704404,9.67368383794272
113,0.44654088050314467,9.720979915173142
113,0.4528301886792453,7.546327852925122
113,0.4591194968553459,13.485935901453868
113,0.46540880503144655,9.5255105531781
113,0.4716981132075472,12.15876804423687
113,0.4779874213836478,4.631347157318211
113,0.48427672955974843,21.424988514871814
113,0.49056603773584906,14.985609718606769
113,0.4968553459119497,14.695565137240111
114,0.0,0.0
114,0.006329113924050633,6.070863801165744
114,0.012658227848101266,8.567946264069361
114,0.0189873417721519,3.263180557371876
114,0.02531645569620253,19.112411621848004
114,0.03164556962025317,20.19741660406466
114,0.0379746835443038,10.5132304297876
114,0.04430379746835443,1.0849254020410162
114,0.05063291139240506,23.29269440271138
114,0.056962025316455694,2.6549508048194634
114,0.06329113924050633,7.499124869306943
114,0.06962025316455696,16.217641363163377
114,0.0759493670886076,2.1752660448144767
114,0.08227848101265822,21.299011958317564
114,0.08860759493670886,7.330864817903734
114,0.09493670886075949,17.71920950591497
114,0.10126582278481013,4.42725276755948
114,0.10759493670886076,9.890815615949345
114,0.11392405063291139,8.124498574198109
114,0.12025316455696203,9.446835792072923
114,0.12658227848101267,14.610296439217635
114,0.13291139240506328,16.971786670999013
114,0.13924050632911392,19.61199042117027
114,0.14556962025316456,20.66671488535206
114,0.1518987341772152,11.279302612165152
114,0.15822784810126583,9.2119080832782
114,0.16455696202531644,12.88693387468159
114,0.17088607594936708,12.834761562029959
114,0.17721518987341772,7.691853910295857
114,0.18354430379746836,8.594841394440774
114,0.18987341772151897,10.928874247457202
114,0.1962025316455696,8.383553574275828
114,0.20253164556962025,9.35547683527159
114,0.2088607594936709,14.78620032255724
114,0.21518987341772153,9.18356434317661
114,0.22151898734177214,23.348832420249494
114,0.22784810126582278,1.4991160661253902
114,0.23417721518987342,13.68415108060284
114,0.24050632911392406,9.065697548905641
114,0.24683544303797467,14.958713430262794
114,0.25316455696202533,18.250187763218587
114,0.25949367088607594,11.221007374117177
114,0.26582278481012656,6.172197370180483
114,0.2721518987341772,9.881116702423999
114,0.27848101265822783,4.494849980363878
114,0.2848101265822785,1.5403425476692068
114,0.2911392405063291,7.20768885313816
114,0.2974683544303797,8.26250518445836
114,0.3037974683544304,13.280122535872785
114,0.310126582278481,9.627286235664945
114,0.31645569620253167,2.721118230709909
114,0.3227848101265823,11.445717048869644
114,0.3291139240506329,11.068626910867048
114,0.33544303797468356,4.505501661961458
114,0.34177215189873417,9.645017341031638
114,0.3481012658227848,4.739595378193402
114,0.35443037974683544,11.543492082047553
114,0.36075949367088606,14.931334340896957
114,0.3670886075949367,18.593391307496564
114,0.37341772151898733,8.994936452348313
114,0.37974683544303794,12.704017979660083
114,0.3860759493670886,2.9500056452728796
114,0.3924050632911392,25.067919781556956
114,0.3987341772151899,8.473088739218213
114,0.4050632911392405,21.05669347941079
114,0.4113924050632911,8.679047521779209
114,0.4177215189873418,3.6900153745975346
114,0.4240506329113924,8.296765288652928
114,0.43037974683544306,7.162528758846085
114,0.43670886075949367,15.638457666382461
114,0.4430379746835443,4.928901256010533
114,0.44936708860759494,23.75211376065716
114,0.45569620253164556,12.394689416409118
114,0.4620253164556962,14.702632671101666
114,0.46835443037974683,14.879155155829489
114,0.47468354430379744,5.580001182649049
114,0.4810126582278481,21.456190769457585
114,0.4873417721518987,5.900236981446218
114,0.49367088607594933,8.672272923852645
115,0.0,2.220446049250313e-15
115,0.00625,10.889257231262695
115,0.0125,18.273771521907165
115,0.018750000000000003,13.213461342959075
115,0.025,5.253423416317336
115,0.03125,26.154402984553883
115,0.037500000000000006,10.925821803499625
115,0.043750000000000004,4.083970178258211
115,0.05,21.80226521633399
115,0.05625,9.425021601068119
115,0.0625,4.655104682231594
115,0.06875,16.912202005631762
115,0.07500000000000001,3.31114723817086
115,0.08125,1.2197111760119352
115,0.08750000000000001,2.692032056014744
115,0.09375,9.229214792949007
115,0.1,7.0593376597569035
115,0.10625000000000001,6.485748269892436
115,0.1125,4.747785626685682
115,0.11875000000000001,5.46054650194606
115,0.125,6.596452453798116
115,0.13125,12.579171890846819
115,0.1375,12.84410089049254
115,0.14375000000000002,23.08790852641726
115,0.15000000000000002,8.119016233851266
115,0.15625,7.481330411773535
115,0.1625,5.975120625519319
115,0.16875,6.023240702976549
115,0.17500000000000002,11.234751446455522
115,0.18125000000000002,15.296516195207623
115,0.1875,14.04686688042679
115,0.19375,9.61580727157125
115,0.2,17.462990882836685
115,0.20625000000000002,4.853075838837376
115,0.21250000000000002,23.055473883294425
115,0.21875,11.209958559943637
115,0.225,12.513816419953397
115,0.23125,13.734034001314164
115,0.23750000000000002,10.238470476976316
115,0.24375000000000002,10.24504897366605
115,0.25,16.595050960143944
115,0.25625000000000003,10.729810521667881
115,0.2625,11.03215688464849
115,0.26875,14.886398146576196
115,0.275,7.434874458441953
115,0.28125,15.826800166054854
115,0.28750000000000003,10.497562567520507
115,0.29375,3.783413173515623
115,0.30000000000000004,13.240910147868632
115,0.30625,3.140408859429876
115,0.3125,1.2964385621205288
115,0.31875000000000003,13.971707199644083
115,0.325,11.669073044488304
115,0.33125000000000004,10.09231397858987
115,0.3375,20.186128425002913
115,0.34375,3.7493013048524233
115,0.35000000000000003,3.1829510038486535
115,0.35625,13.606109236594488
115,0.36250000000000004,8.667930185615754
115,0.36875,25.733312971665104
115,0.375,11.915451130842094
115,0.38125000000000003,11.813506826260742
115,0.3875,24.217035005843826
115,0.39375000000000004,14.407790989918256
115,0.4,24.949467386332284
115,0.40625,10.701719787976456
115,0.41250000000000003,21.24540192434188
115,0.41875,17.760982915270933
115,0.42500000000000004,4.527799762733224
115,0.43125,6.533165519124096
115,0.4375,5.93086441354821
115,0.44375000000000003,15.177181409418289
115,0.45,3.1686637120481707
115,0.45625000000000004,4.561993888050937
115,0.4625,15.641793542707116
115,0.46875,9.810991729281557
115,0.47500000000000003,7.0547401401268495
115,0.48125,14.553103558289484
115,0.48750000000000004,13.291026975410881
115,0.49375,7.224452472398543
116,0.0,2.3092638912203256e-14
116,0.00641025641025641,19.83249976356631
116,0.01282051282051282,24.992143879892318
116,0.019230769230769232,28.585017778504966
116,0.02564102564102564,10.083537704587922
116,0.03205128205128205,35.012933700044975
116,0.038461538461538464,7.709181938500463
116,0.04487179487179487,11.757301165345877
116,0.05128205128205128,5.249621974175041
116,0.05769230769230769,4.682427849157827
116,0.0641025641025641,18.08494389197157
116,0.07051282051282051,4.233133978738894
116,0.07692307692307693,3.4807570732262594
116,0.08333333333333333,5.407425002585173
116,0.08974358974358974,4.012475307280715
116,0.09615384615384615,5.492142104032032
116,0.10256410256410256,8.362046295012297
116,0.10897435897435898,6.172595477692482
116,0.11538461538461538,5.495364319349352
116,0.12179487179487179,1.4008875493194797
116,0.1282051282051282,10.964367179225572
116,0.1346153846153846,4.118417633478348
116,0.14102564102564102,2.201598176041546
116,0.14743589743589744,12.884292251968981
116,0.15384615384615385,7.505760245966152
116,0.16025641025641024,6.4709795653869975
116,0.16666666666666666,11.397773050261778
116,0.17307692307692307,4.727834905409889
116,0.1794871794871795,13.38570052340405
116,0.1858974358974359,19.13200016425407
116,0.1923076923076923,3.018620670811067
116,0.1987179487179487,8.299876941297587
116,0.20512820512820512,8.513995806282374
116,0.21153846153846154,12.68403743449832
116,0.21794871794871795,9.956731407287048
116,0.22435897435897434,3.253506458533588
116,0.23076923076923075,2.8007472676580947
116,0.23717948717948717,9.144032342424008
116,0.24358974358974358,4.888083380978091
116,0.25,5.306864068385479
116,0.2564102564102564,12.124379331918433
116,0.26282051282051283,5.991258961292007
116,0.2692307692307692,13.340685829620229
116,0.2756410256410256,7.350726630186124
116,0.28205128205128205,5.72956558558649
116,0.28846153846153844,6.288011598018796
116,0.2948717948717949,5.003614441991094
116,0.30128205128205127,2.1757895812540595
116,0.3076923076923077,2.790693943349915
116,0.3141025641025641,5.99469076943236
116,0.3205128205128205,13.50516047484853
116,0.3269230769230769,12.284611145266357
116,0.3333333333333333,18.296187112607203
116,0.33974358974358976,17.267614819711433
116,0.34615384615384615,18.338931254822565
116,0.35256410256410253,26.96656387772738
116,0.358974358974359,26.176107196016094
116,0.36538461538461536,12.165994604458218
116,0.3717948717948718,7.691701668428562
116,0.3782051282051282,8.508014112261195
116,0.3846153846153846,10.224359880579978
116,0.391025641025641,8.774868406663087
116,0.3974358974358974,16.026126534648196
116,0.40384615384615385,8.079910169511896
116,0.41025641025641024,17.504002218046747
116,0.41666666666666663,10.551682084649121
116,0.4230769230769231,1.025526759180415
116,0.42948717948717946,17.337284291720394
116,0.4358974358974359,4.923235314996785
116,0.4423076923076923,15.443309618001093
116,0.4487179487179487,10.98899782411064
116,0.4551282051282051,4.7116384805084826
116,0.4615384615384615,19.48603027614484
116,0.46794871794871795,7.040323725279717
116,0.47435897435897434,10.576874436229634
116,0.4807692307692307,6.747983308524662
116,0.48717948717948717,17.81059990403241
116,0.49358974358974356,16.865208271803436
117,0.0,1.3322676295501878e-14
117,0.006172839506172839,19.19709719361635
117,0.012345679012345678,7.764653911483151
117,0.018518518518518517,10.112556976509056
117,0.024691358024691357,12.984613457433259
117,0.030864197530864196,17.63819300383216
117,0.037037037037037035,11.352671236048817
117,0.043209876543209874,9.03620842915536
117,0.04938271604938271,17.3398041588716
117,0.05555555555555555,6.639183565164437
117,0.06172839506172839,14.404697458429942
117,0.06790123456790123,2.7518284932101356
117,0.07407407407407407,9.87584622109322
117,0.08024691358024691,23.536101794228678
117,0.08641975308641975,13.163774291511057
117,0.09259259259259259,15.13967309493112
117,0.09876543209876543,9.279900836459316
117,0.10493827160493827,2.34840655965724
117,0.1111111111111111,17.397721824321597
117,0.11728395061728394,9.681147764305326
117,0.12345679012345678,2.806722210685308
117,0.12962962962962962,14.366359092544576
117,0.13580246913580246,8.367925327291658
117,0.1419753086419753,6.182281775371369
117,0.14814814814814814,5.979902768871252
117,0.15432098765432098,3.980944488501965
117,0.16049382716049382,14.095382849095325
117,0.16666666666666666,9.60962919100119
117,0.1728395061728395,14.898340224935794
117,0.17901234567901234,1.4969183126075472
117,0.18518518518518517,10.536025984793179
117,0.19135802469135801,12.993060425610901
117,0.19753086419753085,9.665521303160824
117,0.2037037037037037,3.514241001975441
117,0.20987654320987653,14.719482262143458
117,0.21604938271604937,11.445792949948244
117,0.2222222222222222,0.9388464496573327
117,0.22839506172839505,7.517291988497586
117,0.2345679012345679,4.815269420291229
117,0.24074074074074073,16.248636445476226
117,0.24691358024691357,13.274613182408647
117,0.25308641975308643,13.083481341236405
117,0.25925925925925924,14.206968246083267
117,0.26543209876543206,23.170238881351775
117,0.2716049382716049,18.51524715032996
117,0.2777777777777778,8.33755949381872
117,0.2839506172839506,6.274053227532289
117,0.2901234567901234,5.952934853224984
117,0.2962962962962963,23.072073815550656
117,0.30246913580246915,17.389686651702497
117,0.30864197530864196,9.096427063293904
117,0.31481481481481477,18.785856454409497
117,0.32098765432098764,15.320562982262656
117,0.3271604938271605,18.33407990089661
117,0.3333333333333333,16.743487707898073
117,0.3395061728395061,11.365260569091111
117,0.345679012345679,6.190501356282801
117,0.35185185185185186,13.507140778572905
117,0.35802469135802467,7.6852025005886215
117,0.3641975308641975,23.507557511900306
117,0.37037037037037035,11.222628104255344
117,0.3765432098765432,17.334061730239597
117,0.38271604938271603,15.862406293752644
117,0.38888888888888884,1.86841585062907
117,0.3950617283950617,6.221408174871178
117,0.4012345679012346,2.5650310437713766
117,0.4074074074074074,9.869852042262757
117,0.4135802469135802,6.548988358647546
117,0.41975308641975306,8.047744081365208
117,0.42592592592592593,11.283459751170717
117,0.43209876543209874,11.25108130013445
117,0.43827160493827155,8.28094498414039
117,0.4444444444444444,8.632656281877905
117,0.4506172839506173,6.695770773407627
117,0.4567901234567901,13.77603461878859
117,0.4629629629629629,15.618926834055587
117,0.4691358024691358,21.860708732880596
117,0.47530864197530864,8.723359398493896
117,0.48148148148148145,2.811956950082482
117,0.48765432098765427,20.331817813383424
117,0.49382716049382713,17.89411654460494
118,0.0,7.105427357601002e-15
118,0.006535947712418301,9.525477281999672
118,0.013071895424836602,18.042929917884194
118,0.0196078431372549,24.85258509624982
118,0.026143790849673203,7.539253072262872
118,0.032679738562091505,5.88709839445947
118,0.0392156862745098,6.511778319315497
118,0.04575163398692811,2.254518192762084
118,0.05228758169934641,12.389752026616401
118,0.058823529411764705,15.581660575674377
118,0.06535947712418301,12.994910725254892
118,0.07189542483660132,14.910041303815687
118,0.0784313725490196,19.344341127702346
118,0.08496732026143791,15.94641404873764
118,0.09150326797385622,7.35637791122288
118,0.09803921568627451,3.2564022133031716
118,0.10457516339869281,11.902854593844335
118,0.11111111111111112,4.890837085061654
118,0.11764705882352941,1.3715956521201011
118,0.12418300653594772,14.792111233495103
118,0.13071895424836602,11.257817589598522
118,0.13725490196078433,9.10607116133721
118,0.14379084967320263,8.089962721941719
118,0.1503267973856209,8.632124710908792
118,0.1568627450980392,8.89220172134137
118,0.16339869281045752,7.663381500653006
118,0.16993464052287582,12.798394839939295
118,0.17647058823529413,8.899303188145877
118,0.18300653594771243,17.14924935132927
118,0.1895424836601307,11.307306694248142
118,0.19607843137254902,1.3935829477635697
118,0.20261437908496732,6.809183788613134
118,0.20915032679738563,6.750223554319314
118,0.21568627450980393,8.301621760092042
118,0.22222222222222224,3.8364172860327557
118,0.22875816993464054,11.619001051351088
118,0.23529411764705882,5.246567253439407
118,0.24183006535947713,2.786173232056901
118,0.24836601307189543,12.817134140634117
118,0.2549019607843137,20.243388182866056
118,0.26143790849673204,6.608376503839255
118,0.2679738562091503,7.489874908207237
118,0.27450980392156865,9.947413635858496
118,0.28104575163398693,19.01394672383487
118,0.28758169934640526,4.981520579603718
118,0.29411764705882354,13.118246160227008
118,0.3006535947712418,15.476445664591271
118,0.30718954248366015,3.7832545329715397
118,0.3137254901960784,4.573823066921636
118,0.32026143790849676,1.1382140129396392
118,0.32679738562091504,8.115487193234546
118,0.33333333333333337,7.368013915065492
118,0.33986928104575165,15.793416701540744
118,0.3464052287581699,20.219141504227718
118,0.35294117647058826,23.125139014880606
118,0.35947712418300654,10.645124825694133
118,0.36601307189542487,13.650113255662646
118,0.37254901960784315,16.590369229195453
118,0.3790849673202614,11.492616505619585
118,0.38562091503267976,2.806777796779336
118,0.39215686274509803,1.03237875938816
118,0.39869281045751637,2.8497209863139097
118,0.40522875816993464,13.224691478925818
118,0.411764705882353,22.731476370457248
118,0.41830065359477125,17.196242434047697
118,0.42483660130718953,12.34608480742111
118,0.43137254901960786,21.714369267596986
118,0.43790849673202614,15.275397109789298
118,0.4444444444444445,15.709371565289153
118,0.45098039215686275,12.945160907574488
118,0.4575163398692811,7.8260726834896355
118,0.46405228758169936,18.09954918327936
118,0.47058823529411764,23.4194227788817
118,0.477124183006536,6.5949320847457225
118,0.48366013071895425,5.161840171905175
118,0.4901960784313726,5.316381876463412
118,0.49673202614379086,15.009726943717633
119,0.0,4.440892098500626e-15
119,0.006211180124223602,14.204643871288289
119,0.012422360248447204,5.312934854724989
119,0.018633540372670808,10.4868783297897
119,0.024844720496894408,3.7748230335541963
119,0.03105590062111801,9.629143704029657
119,0.037267080745341616,11.769871363411815
119,0.043478260869565216,4.548379830691016
119,0.049689440993788817,9.211268129261397
119,0.05590062111801242,29.513879460012927
119,0.06211180124223602,5.157394291785791
119,0.06832298136645962,3.1031608323619744
119,0.07453416149068323,12.932428949295726
119,0.08074534161490683,3.5702697315763308
119,0.08695652173913043,8.088009251317551
119,0.09316770186335403,7.6908048322929226
119,0.09937888198757763,5.8940317769172745
119,0.10559006211180123,14.159367772532233
119,0.11180124223602483,12.711237506570937
119,0.11801242236024843,7.349531315904643
119,0.12422360248447203,12.604399660099354
119,0.13043478260869565,14.28205859904215
119,0.13664596273291924,5.097950304227781
119,0.14285714285714285,5.981324482170842
119,0.14906832298136646,3.4497902267091343
119,0.15527950310559005,11.419935838930506
119,0.16149068322981366,7.19814410341869
119,0.16770186335403725,14.066245033238545
119,0.17391304347826086,2.1369237370820695
119,0.18012422360248445,15.017849164529474
119,0.18633540372670807,16.17077073432521
119,0.19254658385093165,13.669129708539927
119,0.19875776397515527,19.710127511306066
119,0.20496894409937888,10.35440561303402
119,0.21118012422360247,9.294325711602196
119,0.21739130434782608,9.640010332131835
119,0.22360248447204967,8.771206671966794
119,0.22981366459627328,22.418954433418904
119,0.23602484472049687,21.201863456056117
119,0.24223602484472048,11.551080708462168
119,0.24844720496894407,16.57954873493957
119,0.2546583850931677,8.688104592695332
119,0.2608695652173913,17.496868485652065
119,0.2670807453416149,4.7180215277910245
119,0.27329192546583847,17.514396828488515
119,0.2795031055900621,12.558546707865109
119,0.2857142857142857,15.165641440508889
119,0.2919254658385093,4.6120312009978655
119,0.2981366459627329,4.28899215143215
119,0.3043478260869565,6.865187311098226
119,0.3105590062111801,7.957860322101683
119,0.3167701863354037,11.170658765402264
119,0.32298136645962733,3.9273689001873415
119,0.3291925465838509,6.111287403575838
119,0.3354037267080745,4.777410212783263
119,0.3416149068322981,4.005538896651007
119,0.34782608695652173,3.7526294566727225
119,0.35403726708074534,12.123160862097754
119,0.3602484472049689,22.75757101391026
119,0.3664596273291925,11.833236100360365
119,0.37267080745341613,6.381059488813685
119,0.37888198757763975,3.0032394890754732
119,0.3850931677018633,0.7091836591566621
119,0.3913043478260869,2.9393220415429226
119,0.39751552795031053,11.109413798672374
119,0.40372670807453415,5.9021662767819825
119,0.40993788819875776,20.39248420327873
119,0.4161490683229813,19.059181256591554
119,0.42236024844720493,15.67091839220177
119,0.42857142857142855,4.363212406693804
119,0.43478260869565216,6.2639591723992245
119,0.4409937888198757,5.879915819510253
119,0.44720496894409933,3.6030012866836305
119,0.45341614906832295,21.610542560521154
119,0.45962732919254656,17.49424727169499
119,0.4658385093167702,16.279782555829097
119,0.47204968944099374,23.586054560646648
119,0.47826086956521735,16.41225666597047
119,0.48447204968944096,16.402152500331667
119,0.4906832298136646,29.248234914751798
119,0.49689440993788814,19.483123231831826
120,0.0,1.2878587085651816e-14
120,0.006024096385542169,11.86219481808635
120,0.012048192771084338,2.5273068345252026
120,0.01807228915662651,6.849312185125739
120,0.024096385542168676,16.73099641837164
120,0.030120481927710843,10.956325334506412
120,0.03614457831325302,17.57489895822034
120,0.042168674698795185,27.13590060667578
120,0.04819277108433735,8.986791506052434
120,0.05421686746987952,22.113459652790457
120,0.060240963855421686,13.71340113549895
120,0.06626506024096386,8.240352259339463
120,0.07228915662650603,7.029595840515339
120,0.0783132530120482,10.745865008210913
120,0.08433734939759037,11.81731778447278
120,0.09036144578313253,5.253944511313149
120,0.0963855421686747,13.742682781684524
120,0.10240963855421688,16.889754165044938
120,0.10843373493975904,18.39614721798525
120,0.11445783132530121,12.67279969601807
120,0.12048192771084337,19.016987732510447
120,0.12650602409638556,1.4357991445650065
120,0.13253012048192772,3.3707059592515405
120,0.13855421686746988,1.2298284928709395
120,0.14457831325301207,11.807381192303676
120,0.15060240963855423,8.821675164519721
120,0.1566265060240964,8.5845540231743
120,0.16265060240963855,12.376160251229678
120,0.16867469879518074,5.6239734123522
120,0.1746987951807229,12.96385782858976
120,0.18072289156626506,14.961230272031809
120,0.18674698795180725,4.02175122782167
120,0.1927710843373494,9.11636312577935
120,0.19879518072289157,11.830628224512676
120,0.20481927710843376,11.647209328898526
120,0.21084337349397592,6.331090866177372
120,0.21686746987951808,18.768623874443676
120,0.22289156626506026,11.363012805451788
120,0.22891566265060243,14.803187616710666
120,0.23493975903614459,12.67115361659898
120,0.24096385542168675,18.470452522549984
120,0.24698795180722893,9.78800845523924
120,0.2530120481927711,8.931056309820475
120,0.25903614457831325,13.403717893789404
120,0.26506024096385544,10.843396220696853
120,0.27108433734939763,3.9821401013512023
120,0.27710843373493976,4.183109420762293
120,0.28313253012048195,9.955551510477138
120,0.28915662650602414,9.77759132202763
120,0.29518072289156627,9.906540306714783
120,0.30120481927710846,7.733259677179711
120,0.3072289156626506,8.728249387909731
120,0.3132530120481928,18.69694728702251
120,0.31927710843373497,30.070385153184052
120,0.3253012048192771,3.9403667317280378
120,0.3313253012048193,21.20734788073899
120,0.3373493975903615,16.665582061277924
120,0.3433734939759036,13.699698146505787
120,0.3493975903614458,13.998200110465696
120,0.355421686746988,9.81630757772073
120,0.3614457831325301,12.771505973097076
120,0.3674698795180723,16.045292836596616
120,0.3734939759036145,14.32084152142493
120,0.3795180722891566,9.437943088548282
120,0.3855421686746988,7.180504359734512
120,0.391566265060241,7.372643979388039
120,0.39759036144578314,10.437439110038014
120,0.4036144578313253,12.188153326172813
120,0.4096385542168675,13.748664684341096
120,0.41566265060240964,20.169577443840605
120,0.42168674698795183,20.13185931636346
120,0.427710843373494,10.179544458195814
120,0.43373493975903615,6.251779495520695
120,0.43975903614457834,17.17313975085651
120,0.44578313253012053,4.977274777671236
120,0.45180722891566266,6.300391571938331
120,0.45783132530120485,15.539479439290679
120,0.46385542168674704,18.10329462123523
120,0.46987951807228917,8.908073332735798
120,0.47590361445783136,4.030540717037226
120,0.4819277108433735,17.974409030270436
120,0.4879518072289157,10.050849841354436
120,0.49397590361445787,7.90934615321146
121,0.0,3.708144902248023e-14
121,0.006172839506172839,13.131180263371862
121,0.012345679012345678,6.741868983929204
121,0.018518518518518517,6.635282323904992
121,0.024691358024691357,5.881301394190528
121,0.030864197530864196,21.677395746348218
121,0.037037037037037035,7.578324628174769
121,0.043209876543209874,7.021022391947538
121,0.04938271604938271,15.907894045389405
121,0.05555555555555555,22.11835179236021
121,0.06172839506172839,12.269045428452555
121,0.06790123456790123,7.964398277534537
121,0.07407407407407407,8.360019270401331
121,0.08024691358024691,16.744063466653046
121,0.08641975308641975,1.7140175089011327
121,0.09259259259259259,32.24424667589002
121,0.09876543209876543,12.605326033090405
121,0.10493827160493827,7.743750739449189
121,0.1111111111111111,12.533554167938124
121,0.11728395061728394,9.153917865284809
121,0.12345679012345678,3.4599482509218156
121,0.12962962962962962,2.276419575710058
121,0.13580246913580246,9.111533322244997
121,0.1419753086419753,11.560777815762354
121,0.14814814814814814,9.132702373073633
121,0.15432098765432098,8.150261431927941
121,0.16049382716049382,16.332396158657552
121,0.16666666666666666,13.725398790787613
121,0.1728395061728395,2.2076524875053383
121,0.17901234567901234,8.31998354511598
121,0.18518518518518517,4.236319669024349
121,0.19135802469135801,6.596605948262209
121,0.19753086419753085,13.677853638719704
121,0.2037037037037037,18.574333949388006
121,0.20987654320987653,18.174955787072406
121,0.21604938271604937,13.36717485906352
121,0.2222222222222222,7.890926945144202
121,0.22839506172839505,10.627716539366135
121,0.2345679012345679,4.455610534839753
121,0.24074074074074073,10.125812151372983
121,0.24691358024691357,13.49494291886048
121,0.25308641975308643,6.822396087989869
121,0.25925925925925924,12.314705899115545
121,0.26543209876543206,7.562383788864752
121,0.2716049382716049,22.909659472465517
121,0.2777777777777778,17.658641160083178
121,0.2839506172839506,6.5194013937505035
121,0.2901234567901234,13.209038934876244
121,0.2962962962962963,26.62561494498895
121,0.30246913580246915,23.601576593339853
121,0.30864197530864196,19.669088630048705
121,0.31481481481481477,17.71118105732279
121,0.32098765432098764,13.17349946477633
121,0.3271604938271605,6.262355183019739
121,0.3333333333333333,10.894181139798478
121,0.3395061728395061,12.06389251576478
121,0.345679012345679,15.260639449853505
121,0.35185185185185186,13.798206080091221
121,0.35802469135802467,13.393774394372024
121,0.3641975308641975,5.590430762912004
121,0.37037037037037035,10.863656744932662
121,0.3765432098765432,5.817156805090885
121,0.38271604938271603,14.9392878468092
121,0.38888888888888884,16.70060445657912
121,0.3950617283950617,8.82301123728259
121,0.4012345679012346,11.714223129152709
121,0.4074074074074074,7.2710572785263095
121,0.4135802469135802,21.062732664494366
121,0.41975308641975306,5.4370143754156315
121,0.42592592592592593,11.21155606893969
121,0.43209876543209874,2.575320727305258
121,0.43827160493827155,10.500482607785374
121,0.4444444444444444,6.359445833387275
121,0.4506172839506173,7.866561498292983
121,0.4567901234567901,17.34138796927017
121,0.4629629629629629,4.799427902342053
121,0.4691358024691358,13.965438688132574
121,0.47530864197530864,6.979201032001432
121,0.48148148148148145,13.129430380286239
121,0.48765432098765427,4.950880646817977
121,0.49382716049382713,6.881814374021796
122,0.0,5.329070518200751e-15
122,0.006493506493506494,16.974206977033305
122,0.012987012987012988,21.24976898354311
122,0.01948051948051948,8.855787614254805
122,0.025974025974025976,12.321156865176151
122,0.03246753246753247,3.705795378244903
122,0.03896103896103896,9.151426654070884
122,0.045454545454545456,18.83403643933267
122,0.05194805194805195,3.4895565494173506
122,0.05844155844155845,2.323025390297516
122,0.06493506493506494,8.674782940520162
122,0.07142857142857144,14.164887474801578
122,0.07792207792207792,5.371140521938417
122,0.08441558441558442,9.66866404956028
122,0.09090909090909091,21.763100991173555
122,0.09740259740259741,13.311848318370716
122,0.1038961038961039,10.956692054550603
122,0.1103896103896104,2.1709951194119124
122,0.1168831168831169,6.971846062169237
122,0.12337662337662339,9.590193098709877
122,0.12987012987012989,21.012711070625425
122,0.13636363636363638,1.1430531373430415
122,0.14285714285714288,1.029882154732738
122,0.14935064935064937,7.934510792735343
122,0.15584415584415584,12.334974528050237
122,0.16233766233766234,1.538091995903844
122,0.16883116883116883,4.4278718180168894
122,0.17532467532467533,15.112277561210794
122,0.18181818181818182,18.36073720408429
122,0.18831168831168832,17.609994428500602
122,0.19480519480519481,5.4957009796942105
122,0.2012987012987013,18.029996124167713
122,0.2077922077922078,4.22873252429755
122,0.2142857142857143,17.069420217552285
122,0.2207792207792208,22.11539382397363
122,0.2272727272727273,19.336831174630234
122,0.2337662337662338,10.679324527490115
122,0.24025974025974028,1.4569729372527962
122,0.24675324675324678,8.71558364009961
122,0.2532467532467533,12.961819235060226
122,0.25974025974025977,20.812571191883176
122,0.26623376623376627,7.963977832083441
122,0.27272727272727276,10.66869537317551
122,0.27922077922077926,10.416835535272776
122,0.28571428571428575,12.620610317062978
122,0.29220779220779225,9.168752660033816
122,0.29870129870129875,10.918004176269932
122,0.30519480519480524,7.443743008039763
122,0.3116883116883117,14.12866996409189
122,0.3181818181818182,5.767362130576903
122,0.3246753246753247,16.14325769940503
122,0.33116883116883117,2.4196827919992985
122,0.33766233766233766,12.161378310031735
122,0.34415584415584416,7.0769615952303235
122,0.35064935064935066,13.569657538677385
122,0.35714285714285715,14.67871241379021
122,0.36363636363636365,18.362189283721385
122,0.37012987012987014,21.484594612546065
122,0.37662337662337664,7.243820647109109
122,0.38311688311688313,3.26608567887144
122,0.38961038961038963,10.695825287342194
122,0.3961038961038961,3.734966816711498
122,0.4025974025974026,3.480923043296045
122,0.4090909090909091,9.493497669268201
122,0.4155844155844156,16.582130523450648
122,0.4220779220779221,14.537613869201556
122,0.4285714285714286,7.6090289240296025
122,0.4350649350649351,2.693754219164097
122,0.4415584415584416,11.535721061978585
122,0.4480519480519481,24.3640035396545
122,0.4545454545454546,3.787758758025676
122,0.4610389610389611,5.300961970298634
122,0.4675324675324676,18.816598566789757
122,0.4740259740259741,17.393304044715205
122,0.48051948051948057,11.177894815443093
122,0.48701298701298706,11.60315062434232
122,0.49350649350649356,9.702578568353989
123,0.0,1.5987211554602254e-14
123,0.006211180124223602,29.852167464634206
123,0.012422360248447204,8.869429215461112
123,0.018633540372670808,6.180936932255451
123,0.024844720496894408,4.5789311296758575
123,0.03105590062111801,15.851218789308557
123,0.037267080745341616,23.19123191962345
123,0.043478260869565216,5.430454628373211
123,0.049689440993788817,3.0933631111440025
123,0.05590062111801242,5.763831614901363
123,0.06211180124223602,3.558066886344891
123,0.06832298136645962,9.149566269979221
123,0.07453416149068323,17.48457797827656
123,0.08074534161490683,16.66095495413911
123,0.08695652173913043,11.294686625199434
123,0.09316770186335403,3.722379523655163
123,0.09937888198757763,11.19987833147591
123,0.10559006211180123,3.9963967601490675
123,0.11180124223602483,4.172557960160116
123,0.11801242236024843,17.845539843895622
123,0.12422360248447203,7.839693150460098
123,0.13043478260869565,9.767245940775512
123,0.13664596273291924,17.314699298103626
123,0.14285714285714285,18.779157281067576
123,0.14906832298136646,6.68382362284019
123,0.15527950310559005,6.669061306236087
123,0.16149068322981366,7.760851018871934
123,0.16770186335403725,16.082932246282393
123,0.17391304347826086,17.266364982917587
123,0.18012422360248445,10.338979775104464
123,0.18633540372670807,20.84215598009025
123,0.19254658385093165,14.349306366838363
123,0.19875776397515527,13.923691797422078
123,0.20496894409937888,3.5099226714031855
123,0.21118012422360247,6.9368108017954055
123,0.21739130434782608,15.061259119922934
123,0.22360248447204967,13.993347534283725
123,0.22981366459627328,13.190012953995954
123,0.23602484472049687,16.043831972399772
123,0.24223602484472048,16.40532240001066
123,0.24844720496894407,13.576823471100752
123,0.2546583850931677,5.555141476404392
123,0.2608695652173913,26.97953277755134
123,0.2670807453416149,7.035125398947341
123,0.27329192546583847,9.170217803177012
123,0.2795031055900621,13.619090294126076
123,0.2857142857142857,8.004477058562284
123,0.2919254658385093,9.179484097572788
123,0.2981366459627329,4.124041296992975
123,0.3043478260869565,10.452061137204737
123,0.3105590062111801,7.806034327807257
123,0.3167701863354037,7.946512742527994
123,0.32298136645962733,7.689431921244858
123,0.3291925465838509,8.817745179652299
123,0.3354037267080745,10.026189076328283
123,0.3416149068322981,10.432057054949075
123,0.34782608695652173,17.83222056713789
123,0.35403726708074534,14.872610562548585
123,0.3602484472049689,4.741813067113584
123,0.3664596273291925,16.98634187701788
123,0.37267080745341613,28.10771634656352
123,0.37888198757763975,8.486663563098919
123,0.3850931677018633,14.148782063446225
123,0.3913043478260869,11.311049720127137
123,0.39751552795031053,2.332114925236865
123,0.40372670807453415,10.11512866834548
123,0.40993788819875776,13.541454857698259
123,0.4161490683229813,6.8925910440052665
123,0.42236024844720493,13.707938020570944
123,0.42857142857142855,12.0256177937336
123,0.43478260869565216,14.211236768771954
123,0.4409937888198757,11.284984079146966
123,0.44720496894409933,8.500712429662558
123,0.45341614906832295,7.7115256383188004
123,0.45962732919254656,21.13031503930165
123,0.4658385093167702,10.538478282306802
123,0.47204968944099374,6.847893936779411
123,0.47826086956521735,9.263209814435696
123,0.48447204968944096,5.694908508351732
123,0.4906832298136646,8.998944681359811
123,0.49689440993788814,12.177017177325048
124,0.0,3.108624468950438e-14
124,0.006289308176100629,11.356785876921007
124,0.012578616352201259,6.358760052193397
124,0.01886792452830189,2.212192890620764
124,0.025157232704402517,11.297215778967544
124,0.031446540880503145,23.346902631846344
124,0.03773584905660378,13.395202559006762
124,0.04402515723270441,13.272308522714583
124,0.050314465408805034,11.272791573905199
124,0.05660377358490566,9.244038363512724
124,0.06289308176100629,5.244068604110722
124,0.06918238993710692,5.029704815589092
124,0.07547169811320756,10.52542740886308
124,0.08176100628930819,6.748481160389826
124,0.08805031446540881,0.6435204857936525
124,0.09433962264150944,9.37707558526129
124,0.10062893081761007,14.754090504739853
124,0.1069182389937107,13.126573974677582
124,0.11320754716981132,18.566408913300403
124,0.11949685534591195,8.862907735084585
124,0.12578616352201258,6.143935214819317
124,0.1320754716981132,14.465919825283226
124,0.13836477987421383,13.008970330439874
124,0.14465408805031446,5.027520552103916
124,0.15094339622641512,7.005745487900824
124,0.15723270440251574,2.3115512034213386
124,0.16352201257861637,9.890944706559955
124,0.169811320754717,2.036384554230958
124,0.17610062893081763,6.495595923508457
124,0.18238993710691825,13.12521880935919
124,0.18867924528301888,13.946948336079595
124,0.1949685534591195,15.093798482888621
124,0.20125786163522014,13.147891348075351
124,0.20754716981132076,12.724647713417301
124,0.2138364779874214,3.4386394260268034
124,0.22012578616352202,10.948743518042557
124,0.22641509433962265,25.671998484351075
124,0.23270440251572327,23.508930711632363
124,0.2389937106918239,8.870649979961195
124,0.24528301886792453,8.281903610787722
124,0.25157232704402516,7.613458344838544
124,0.2578616352201258,23.629439653496
124,0.2641509433962264,19.468418389306944
124,0.27044025157232704,5.324198843449455
124,0.27672955974842767,4.786973614381224
124,0.2830188679245283,15.811469415309462
124,0.2893081761006289,5.582977293043415
124,0.29559748427672955,13.126338645522956
124,0.30188679245283023,7.01734792078835
124,0.30817610062893086,10.110686748808126
124,0.3144654088050315,23.738099515431614
124,0.3207547169811321,12.811510878728456
124,0.32704402515723274,13.877141616633725
124,0.33333333333333337,21.458197055792354
124,0.339622641509434,10.61573746531553
124,0.3459119496855346,7.162189612678582
124,0.35220125786163525,4.679791482494936
124,0.3584905660377359,14.113749054039383
124,0.3647798742138365,15.329992718730411
124,0.37106918238993714,18.101886478258802
124,0.37735849056603776,19.149006497701137
124,0.3836477987421384,19.023030960999975
124,0.389937106918239,8.045711672105597
124,0.39622641509433965,7.900754597546312
124,0.4025157232704403,11.243614294621487
124,0.4088050314465409,9.705823675753797
124,0.41509433962264153,8.611314441750245
124,0.42138364779874216,13.459512950758391
124,0.4276729559748428,2.4451911761444936
124,0.4339622641509434,5.188576271586999
124,0.44025157232704404,16.90917564422207
124,0.44654088050314467,23.915580958173553
124,0.4528301886792453,10.215918448076426
124,0.4591194968553459,16.473601585644495
124,0.46540880503144655,1.4732679343833996
124,0.4716981132075472,3.1431135289458685
124,0.4779874213836478,10.63912071351595
124,0.48427672955974843,15.839665511932683
124,0.49056603773584906,9.14694563664701
124,0.4968553459119497,4.060780615208775
125,0.0,8.881784197001252e-15
125,0.006329113924050633,8.612073083308708
125,0.012658227848101266,26.000455666549485
125,0.0189873417721519,19.170315251443945
125,0.02531645569620253,10.461239838922918
125,0.03164556962025317,10.572859980879288
125,0.0379746835443038,17.312604141255335
125,0.04430379746835443,5.594666384465872
125,0.05063291139240506,3.5385817956768766
125,0.056962025316455694,5.199101750295648
125,0.06329113924050633,9.367964571883132
125,0.06962025316455696,14.301156049802815
125,0.0759493670886076,14.286848306025034
125,0.08227848101265822,12.708223331735994
125,0.08860759493670886,9.804671603758523
125,0.09493670886075949,9.122392624743954
125,0.10126582278481013,10.264297065756049
125,0.10759493670886076,9.354701937055154
125,0.11392405063291139,5.546437985859422
125,0.12025316455696203,14.340277046893823
125,0.12658227848101267,12.352024967615264
125,0.13291139240506328,5.86398237165515
125,0.13924050632911392,12.991625938466202
125,0.14556962025316456,10.52150231525542
125,0.1518987341772152,4.886694189882862
125,0.15822784810126583,20.417591232750176
125,0.16455696202531644,11.64616845780601
125,0.17088607594936708,19.146192253620324
125,0.17721518987341772,13.116471694339404
125,0.18354430379746836,8.32675694445072
125,0.18987341772151897,11.783681027035437
125,0.1962025316455696,2.054720825158672
125,0.20253164556962025,8.889345451486736
125,0.2088607594936709,5.951105482316308
125,0.21518987341772153,18.034967282099093
125,0.22151898734177214,18.152542765920206
125,0.22784810126582278,10.476304006194642
125,0.23417721518987342,4.980650796819501
125,0.24050632911392406,18.499279650007374
125,0.24683544303797467,13.162572199052137
125,0.25316455696202533,11.101199780506427
125,0.25949367088607594,15.069741917497439
125,0.26582278481012656,6.438884255900434
125,0.2721518987341772,23.56340099639103
125,0.27848101265822783,10.413721807101911
125,0.2848101265822785,15.69966659423957
125,0.2911392405063291,5.651384529617648
125,0.2974683544303797,9.10811332631032
125,0.3037974683544304,9.849920585980277
125,0.310126582278481,19.620208852316413
125,0.31645569620253167,9.255839143028597
125,0.3227848101265823,9.944741223134546
125,0.3291139240506329,14.736443187196635
125,0.33544303797468356,3.834631437850348
125,0.34177215189873417,1.9674405122558918
125,0.3481012658227848,2.4064688221548463
125,0.35443037974683544,9.008685059517239
125,0.36075949367088606,18.047708466984716
125,0.3670886075949367,4.32502542680202
125,0.37341772151898733,11.281275733763987
125,0.37974683544303794,11.760861560370302
125,0.3860759493670886,8.649062120114335
125,0.3924050632911392,22.124377370420166
125,0.3987341772151899,12.977575397220821
125,0.4050632911392405,15.306641254878095
125,0.4113924050632911,5.040057642348477
125,0.4177215189873418,5.83036626355939
125,0.4240506329113924,4.842011873704464
125,0.43037974683544306,8.604639749753746
125,0.43670886075949367,10.558427431804322
125,0.4430379746835443,14.319073504530705
125,0.44936708860759494,12.348300136731146
125,0.45569620253164556,22.96282327177341
125,0.4620253164556962,16.483861661984502
125,0.46835443037974683,21.576652737319087
125,0.47468354430379744,15.96436745606042
125,0.4810126582278481,2.094596856613354
125,0.4873417721518987,5.135510127345126
125,0.49367088607594933,5.513415742793683
126,0.0,1.7763568394002505e-14
126,0.00641025641025641,2.519618763674684
126,0.01282051282051282,22.8807312906832
126,0.019230769230769232,12.25542585812462
126,0.02564102564102564,6.132356153562311
126,0.03205128205128205,12.902257599830808
126,0.038461538461538464,11.1176960950715
126,0.04487179487179487,10.24074291200727
126,0.05128205128205128,11.148553388424453
126,0.05769230769230769,7.098871908538708
126,0.0641025641025641,11.15532202328367
126,0.07051282051282051,13.17681752148149
126,0.07692307692307693,20.19122781103186
126,0.08333333333333333,9.028049321534755
126,0.08974358974358974,12.595138814372959
126,0.09615384615384615,3.3216849666085033
126,0.10256410256410256,15.519590146003729
126,0.10897435897435898,17.787107000760614
126,0.11538461538461538,5.090600078604709
126,0.12179487179487179,14.250383544992717
126,0.1282051282051282,10.884828851660522
126,0.1346153846153846,17.65623499226273
126,0.14102564102564102,16.81956435034473
126,0.14743589743589744,9.536974408366499
126,0.15384615384615385,10.227084007121357
126,0.16025641025641024,10.091159013272835
126,0.16666666666666666,7.367615743328282
126,0.17307692307692307,4.47215284149934
126,0.1794871794871795,18.077261324022917
126,0.1858974358974359,18.788559827117435
126,0.1923076923076923,9.879782823751947
126,0.1987179487179487,7.753370125920407
126,0.20512820512820512,22.27202185039953
126,0.21153846153846154,15.130516299692664
126,0.21794871794871795,8.97688329310793
126,0.22435897435897434,8.18453850911953
126,0.23076923076923075,7.1200758749179
126,0.23717948717948717,3.3566785430592545
126,0.24358974358974358,1.7048804882278072
126,0.25,2.6228430875342963
126,0.2564102564102564,7.612184374606285
126,0.26282051282051283,8.052553757119728
126,0.2692307692307692,3.7088132102964573
126,0.2756410256410256,9.770734707161402
126,0.28205128205128205,10.81247232390583
126,0.28846153846153844,18.36004849220348
126,0.2948717948717949,7.236204071289395
126,0.30128205128205127,19.57800645199306
126,0.3076923076923077,13.344250591323409
126,0.3141025641025641,4.058798008739431
126,0.3205128205128205,17.64422065768529
126,0.3269230769230769,6.5832190099879995
126,0.3333333333333333,1.1825286975367009
126,0.33974358974358976,14.654692815810025
126,0.34615384615384615,11.561848670351958
126,0.35256410256410253,13.0655167845417
126,0.358974358974359,14.635666162200376
126,0.36538461538461536,13.812507555510928
126,0.3717948717948718,2.8801319097037985
126,0.3782051282051282,25.890731556315448
126,0.3846153846153846,5.694287843702221
126,0.391025641025641,12.760487871769229
126,0.3974358974358974,3.0100555130199593
126,0.40384615384615385,13.989033649063694
126,0.41025641025641024,8.395112538949386
126,0.41666666666666663,31.107085941216486
126,0.4230769230769231,2.082848974999075
126,0.42948717948717946,20.252106817114086
126,0.4358974358974359,2.2856875545034634
126,0.4423076923076923,10.542983246992572
126,0.4487179487179487,4.799550820988037
126,0.4551282051282051,7.345805425371966
126,0.4615384615384615,7.60592182420449
126,0.46794871794871795,2.855296432010261
126,0.47435897435897434,19.941007938438624
126,0.4807692307692307,11.199082279169852
126,0.48717948717948717,16.12771575914635
126,0.49358974358974356,6.093770281953558
127,0.0,8.881784197001252e-16
127,0.006329113924050633,18.971313323637382
127,0.012658227848101266,1.81999303663173
127,0.0189873417721519,6.55680050321846
127,0.02531645569620253,2.213020738766313
127,0.03164556962025317,9.921133758973872
127,0.0379746835443038,10.966334948049123
127,0.04430379746835443,18.396567286276245
127,0.05063291139240506,4.6465240497484
127,0.056962025316455694,11.995380160929356
127,0.06329113924050633,10.262852845052608
127,0.06962025316455696,25.130777539755222
127,0.0759493670886076,7.7584577615380885
127,0.08227848101265822,14.233390320004426
127,0.08860759493670886,13.774018587437448
127,0.09493670886075949,8.565640377288508
127,0.10126582278481013,3.475882715989668
127,0.10759493670886076,7.570020194429606
127,0.11392405063291139,23.661330061766265
127,0.12025316455696203,9.579674576050225
127,0.12658227848101267,10.988051406460873
127,0.13291139240506328,10.637593625930855
127,0.13924050632911392,11.803572517783627
127,0.14556962025316456,13.059471908274524
127,0.1518987341772152,10.003627943684553
127,0.15822784810126583,32.47680964770328
127,0.16455696202531644,3.2545013042646183
127,0.17088607594936708,10.489928433324048
127,0.17721518987341772,4.347080573964702
127,0.18354430379746836,6.84041804629957
127,0.18987341772151897,15.821505784000387
127,0.1962025316455696,6.74515219889282
127,0.20253164556962025,7.165970537587351
127,0.2088607594936709,15.901550540362175
127,0.21518987341772153,12.488141063993243
127,0.22151898734177214,5.409195660555948
127,0.22784810126582278,23.0708043391844
127,0.23417721518987342,17.648650440880232
127,0.24050632911392406,11.429366144514526
127,0.24683544303797467,13.91385843037885
127,0.25316455696202533,10.815487757228619
127,0.25949367088607594,4.9840582297391816
127,0.26582278481012656,4.873747921658098
127,0.2721518987341772,14.506922147454599
127,0.27848101265822783,6.161824087672774
127,0.2848101265822785,5.941036324572277
127,0.2911392405063291,9.727661977147013
127,0.2974683544303797,20.727782263517746
127,0.3037974683544304,18.291679703502272
127,0.310126582278481,8.967536784554415
127,0.31645569620253167,13.719744040297964
127,0.3227848101265823,15.967120771221278
127,0.3291139240506329,12.239002515852434
127,0.33544303797468356,6.281545992672427
127,0.34177215189873417,11.253202802668872
127,0.3481012658227848,18.41521925770232
127,0.35443037974683544,6.118997111170903
127,0.36075949367088606,11.680224333848036
127,0.3670886075949367,2.132946017376632
127,0.37341772151898733,12.630640970077911
127,0.37974683544303794,5.032623937819552
127,0.3860759493670886,15.110377558917017
127,0.3924050632911392,8.66783607381252
127,0.3987341772151899,7.279720698802653
127,0.4050632911392405,11.8362820556611
127,0.4113924050632911,16.508110723762552
127,0.4177215189873418,12.508610727185765
127,0.4240506329113924,9.494667654168884
127,0.43037974683544306,7.0803555611114515
127,0.43670886075949367,5.358695436248041
127,0.4430379746835443,7.9692898588049745
127,0.44936708860759494,6.599532448685597
127,0.45569620253164556,15.971037049556971
127,0.4620253164556962,14.821485417259396
127,0.46835443037974683,16.108918571719556
127,0.47468354430379744,12.75359118465843
127,0.4810126582278481,7.943737896892625
127,0.4873417721518987,14.027886999276866
127,0.49367088607594933,16.61725759020686
128,0.0,1.509903313490213e-14
128,0.006666666666666667,16.90192369973474
128,0.013333333333333334,13.222430746239864
128,0.02,25.628141641177464
128,0.02666666666666667,20.722317432422383
128,0.03333333333333333,9.167048761957124
128,0.04,7.5180752198675345
128,0.04666666666666667,1.8641995092662995
128,0.05333333333333334,5.541691405199146
128,0.060000000000000005,7.576739717412964
128,0.06666666666666667,12.307249756024913
128,0.07333333333333333,12.698635472297278
128,0.08,8.331519303352273
128,0.08666666666666667,17.37727686606216
128,0.09333333333333334,8.369233644223202
128,0.1,14.64325708901151
128,0.10666666666666667,19.03434395794652
128,0.11333333333333334,13.732084746053307
128,0.12000000000000001,3.8776107594457145
128,0.12666666666666668,18.226759337768083
128,0.13333333333333333,6.475960446150343
128,0.14,5.0739042264075955
128,0.14666666666666667,2.009800323735577
128,0.15333333333333335,5.8388766866883275
128,0.16,3.6889590719628234
128,0.16666666666666669,9.88119446295442
128,0.17333333333333334,4.317315478967566
128,0.18000000000000002,2.790016028946504
128,0.18666666666666668,5.676013369160111
128,0.19333333333333336,24.785288493080383
128,0.2,5.189504891693505
128,0.2066666666666667,6.351437953165695
128,0.21333333333333335,16.597637004652785
128,0.22,13.756075728228945
128,0.22666666666666668,9.316155094008629
128,0.23333333333333334,9.311337476696242
128,0.24000000000000002,14.710988529353935
128,0.24666666666666667,9.858681655339895
128,0.25333333333333335,14.786407307050737
128,0.26,11.003332154534617
128,0.26666666666666666,15.260643957990672
128,0.2733333333333334,8.489380665783333
128,0.28,3.812568498498737
128,0.2866666666666667,6.0716989311804435
128,0.29333333333333333,8.789612202712163
128,0.30000000000000004,17.674426525182316
128,0.3066666666666667,8.748914825314893
128,0.31333333333333335,16.31573109892109
128,0.32,9.569269277622135
128,0.32666666666666666,17.77788775361038
128,0.33333333333333337,9.581287993413035
128,0.34,12.903562662303477
128,0.3466666666666667,10.1821791917482
128,0.35333333333333333,19.020217381585947
128,0.36000000000000004,4.819352609920641
128,0.3666666666666667,14.583425960356747
128,0.37333333333333335,12.103125185667636
128,0.38,8.479383161348142
128,0.3866666666666667,11.258153276353514
128,0.39333333333333337,15.28452532158013
128,0.4,3.9845378943678513
128,0.4066666666666667,14.081200908205737
128,0.4133333333333334,6.890104880421716
128,0.42000000000000004,6.02533999256587
128,0.4266666666666667,3.74364070815779
128,0.43333333333333335,17.473868259700637
128,0.44,17.823134017041127
128,0.4466666666666667,20.49877249760277
128,0.45333333333333337,13.983603273511308
128,0.46,15.968989731456892
128,0.4666666666666667,5.181677918401783
128,0.4733333333333334,6.929096994191292
128,0.48000000000000004,9.362172712707455
128,0.4866666666666667,10.805006012823394
128,0.49333333333333335,11.343251336164046
129,0.0,1.609823385706477e-14
129,0.006329113924050633,29.232618968392348
129,0.012658227848101266,9.676485162207591
129,0.0189873417721519,2.9390757664174303
129,0.02531645569620253,8.383476501522123
129,0.03164556962025317,2.0673028423897235
129,0.0379746835443038,11.608811625552871
129,0.04430379746835443,5.770528118946711
129,0.05063291139240506,17.393447840109754
129,0.056962025316455694,12.075555789132407
129,0.06329113924050633,16.282290845325594
129,0.06962025316455696,16.497609908490578
129,0.0759493670886076,8.10231814032268
129,0.08227848101265822,6.093384229323258
129,0.08860759493670886,13.66138780883919
129,0.09493670886075949,1.5986842254012825
129,0.10126582278481013,18.613708925703122
129,0.10759493670886076,16.95450317557613
129,0.11392405063291139,7.604987739007834
129,0.12025316455696203,11.040446707452785
129,0.12658227848101267,9.444651276733905
129,0.13291139240506328,2.7210033719814026
129,0.13924050632911392,8.226029122370564
129,0.14556962025316456,4.462812062491537
129,0.1518987341772152,5.415283803704238
129,0.15822784810126583,12.531229617159552
129,0.16455696202531644,14.605928054752164
129,0.17088607594936708,5.332890759852392
129,0.17721518987341772,7.954488978598205
129,0.18354430379746836,8.351019309650308
129,0.18987341772151897,4.532869618307514
129,0.1962025316455696,14.696218136869085
129,0.20253164556962025,11.02908232290497
129,0.2088607594936709,10.303604320818348
129,0.21518987341772153,16.233164780157974
129,0.22151898734177214,8.159568488300632
129,0.22784810126582278,11.114394005640396
129,0.23417721518987342,17.840515351932748
129,0.24050632911392406,8.957636760164087
129,0.24683544303797467,13.867815527884684
129,0.25316455696202533,6.18525198512886
129,0.25949367088607594,7.1317317163310685
129,0.26582278481012656,18.237777312556787
129,0.2721518987341772,18.267329506875686
129,0.27848101265822783,3.731881526483782
129,0.2848101265822785,8.015103703956616
129,0.2911392405063291,22.086712918760735
129,0.2974683544303797,4.521715455895331
129,0.3037974683544304,7.631950753118132
129,0.310126582278481,14.446927631935544
129,0.31645569620253167,8.268283244664849
129,0.3227848101265823,28.44473031212031
129,0.3291139240506329,11.779824369382435
129,0.33544303797468356,7.1973674113363
129,0.34177215189873417,15.214516404638749
129,0.3481012658227848,16.851571201061347
129,0.35443037974683544,8.722581599173513
129,0.36075949367088606,9.18782635311804
129,0.3670886075949367,15.170514201431864
129,0.37341772151898733,8.271184581650163
129,0.37974683544303794,9.698615149221421
129,0.3860759493670886,15.524502841317801
129,0.3924050632911392,4.0383924860632945
129,0.3987341772151899,12.980427144421148
129,0.4050632911392405,1.4980762094525137
129,0.4113924050632911,5.514640494717986
129,0.4177215189873418,13.056559280877645
129,0.4240506329113924,15.07495587772512
129,0.43037974683544306,22.037967790448253
129,0.43670886075949367,8.083337551967857
129,0.4430379746835443,11.4586525339224
129,0.44936708860759494,15.450565498449961
129,0.45569620253164556,7.432950419453502
129,0.4620253164556962,11.663977230764337
129,0.46835443037974683,9.40915069507209
129,0.47468354430379744,22.228170712510344
129,0.4810126582278481,15.015503225033475
129,0.4873417721518987,10.375156933904652
129,0.49367088607594933,17.512693366642317
130,0.0,7.105427357601002e-15
130,0.006329113924050633,11.314233084848945
130,0.012658227848101266,12.627451746665626
130,0.0189873417721519,9.971231210281108
130,0.02531645569620253,4.727150681478977
130,0.03164556962025317,19.960047176598927
130,0.0379746835443038,9.06402676342623
130,0.04430379746835443,17.89055028230308
130,0.05063291139240506,12.544932540020087
130,0.056962025316455694,5.7824963651933565
130,0.06329113924050633,8.273417687295337
130,0.06962025316455696,14.289421533187108
130,0.0759493670886076,15.303483958606979
130,0.08227848101265822,17.134241337868776
130,0.08860759493670886,10.299080775438338
130,0.09493670886075949,17.134721094592386
130,0.10126582278481013,9.86677893153305
130,0.10759493670886076,14.58528054317658
130,0.11392405063291139,7.391176333869861
130,0.12025316455696203,4.440190040578001
130,0.12658227848101267,8.983127910790012
130,0.13291139240506328,12.663182080168243
130,0.13924050632911392,11.931906444950421
130,0.14556962025316456,6.45379896360225
130,0.1518987341772152,5.961348330448738
130,0.15822784810126583,11.95530400807966
130,0.16455696202531644,14.698328999897164
130,0.17088607594936708,13.542199358118593
130,0.17721518987341772,13.502325063280926
130,0.18354430379746836,11.17515239086717
130,0.18987341772151897,14.249860567117372
130,0.1962025316455696,12.102752006727666
130,0.20253164556962025,7.3643771612135165
130,0.2088607594936709,13.361111301080642
130,0.21518987341772153,4.801063965889742
130,0.22151898734177214,10.399385811865434
130,0.22784810126582278,12.466609715939981
130,0.23417721518987342,12.371939496201978
130,0.24050632911392406,6.3032282947546205
130,0.24683544303797467,20.227930508994877
130,0.25316455696202533,7.203935824521215
130,0.25949367088607594,15.824905621289606
130,0.26582278481012656,11.979675381623446
130,0.2721518987341772,7.953700067132853
130,0.27848101265822783,11.99149513421705
130,0.2848101265822785,8.05666406207836
130,0.2911392405063291,9.86091535463303
130,0.2974683544303797,3.652740594407272
130,0.3037974683544304,1.760756949933887
130,0.310126582278481,12.242265964781506
130,0.31645569620253167,13.696519549724947
130,0.3227848101265823,6.492960601957904
130,0.3291139240506329,11.438827846180196
130,0.33544303797468356,2.0463788181698472
130,0.34177215189873417,21.535131650277993
130,0.3481012658227848,4.592955891263608
130,0.35443037974683544,17.928351055771778
130,0.36075949367088606,7.627836760969847
130,0.3670886075949367,8.235791221922744
130,0.37341772151898733,3.2780119437588158
130,0.37974683544303794,16.017286371106685
130,0.3860759493670886,19.25863659480885
130,0.3924050632911392,9.186068854760146
130,0.3987341772151899,25.33797534053144
130,0.4050632911392405,11.47361253229475
130,0.4113924050632911,6.543386122586531
130,0.4177215189873418,18.56005363488391
130,0.4240506329113924,10.74767150233906
130,0.43037974683544306,4.555919779100545
130,0.43670886075949367,26.567616448281143
130,0.4430379746835443,1.7620620864915724
130,0.44936708860759494,2.380836075331711
130,0.45569620253164556,4.301511402710688
130,0.4620253164556962,19.150177590115938
130,0.46835443037974683,7.965304490840074
130,0.47468354430379744,4.4742819351701755
130,0.4810126582278481,7.252784183450895
130,0.4873417721518987,7.007969776766635
130,0.49367088607594933,32.12865496430889
131,0.0,2.531308496145357e-14
131,0.00641025641025641,15.39704497233181
131,0.01282051282051282,14.497715499195715
131,0.019230769230769232,16.912858151873174
131,0.02564102564102564,6.533316405720173
131,0.03205128205128205,11.06069108732705
131,0.038461538461538464,8.023379944235073
131,0.04487179487179487,3.445522241687426
131,0.05128205128205128,28.622929330246684
131,0.05769230769230769,12.585070554191034
131,0.0641025641025641,14.218031120627305
131,0.07051282051282051,23.821028363987278
131,0.07692307692307693,4.8690260630038065
131,0.08333333333333333,9.145513880705872
131,0.08974358974358974,19.921767379931147
131,0.09615384615384615,6.723322261586293
131,0.10256410256410256,2.9116795466741476
131,0.10897435897435898,2.7687289785067883
131,0.11538461538461538,16.32752816835426
131,0.12179487179487179,10.477873856278352
131,0.1282051282051282,19.7256491740035
131,0.1346153846153846,6.454977544957259
131,0.14102564102564102,9.21179122313174
131,0.14743589743589744,9.80380294013548
131,0.15384615384615385,13.182871271106775
131,0.16025641025641024,10.098799723851789
131,0.16666666666666666,8.100910727680622
131,0.17307692307692307,10.596138440335443
131,0.1794871794871795,10.167486670051515
131,0.1858974358974359,5.729805620626504
131,0.1923076923076923,3.577225751479969
131,0.1987179487179487,14.485005595383962
131,0.20512820512820512,11.788405431445094
131,0.21153846153846154,9.89691687467228
131,0.21794871794871795,6.198981095969045
131,0.22435897435897434,12.844250987633526
131,0.23076923076923075,7.814245728790974
131,0.23717948717948717,6.613589438201945
131,0.24358974358974358,15.951142677266292
131,0.25,12.351542433610932
131,0.2564102564102564,21.965165966679802
131,0.26282051282051283,7.722801112460445
131,0.2692307692307692,15.172749282763274
131,0.2756410256410256,23.215647674593523
131,0.28205128205128205,12.935956315358627
131,0.28846153846153844,11.287960222398699
131,0.2948717948717949,6.3018260698878645
131,0.30128205128205127,8.712237565849488
131,0.3076923076923077,5.0410734235962105
131,0.3141025641025641,16.39204378089922
131,0.3205128205128205,15.653582650288238
131,0.3269230769230769,11.808386831244059
131,0.3333333333333333,3.4323913436541047
131,0.33974358974358976,11.668886422849003
131,0.34615384615384615,9.722731474002055
131,0.35256410256410253,8.771389355627814
131,0.358974358974359,5.531818498927764
131,0.36538461538461536,5.105156355738269
131,0.3717948717948718,15.591148960007585
131,0.3782051282051282,16.001909831156695
131,0.3846153846153846,9.432704342646556
131,0.391025641025641,12.374378993037102
131,0.3974358974358974,3.2860288189507885
131,0.40384615384615385,1.0326110620235704
131,0.41025641025641024,11.883613401868821
131,0.41666666666666663,5.958114195357966
131,0.4230769230769231,5.224363392707425
131,0.42948717948717946,17.971658285816584
131,0.4358974358974359,14.319483023609227
131,0.4423076923076923,12.953752994887903
131,0.4487179487179487,16.994700510386135
131,0.4551282051282051,18.596139883363918
131,0.4615384615384615,6.393534257475395
131,0.46794871794871795,13.443074458018986
131,0.47435897435897434,11.58463305238697
131,0.4807692307692307,9.059144934396803
131,0.48717948717948717,10.56409949404572
131,0.49358974358974356,22.418338440601506
132,0.0,7.105427357601002e-15
132,0.00641025641025641,27.270410104524277
132,0.01282051282051282,16.66544152251856
132,0.019230769230769232,3.8273851028610837
132,0.02564102564102564,12.448748739513787
132,0.03205128205128205,4.3603321593596105
132,0.038461538461538464,10.521955986450354
132,0.04487179487179487,24.450707039238853
132,0.05128205128205128,21.961848478562054
132,0.05769230769230769,14.417762497112069
132,0.0641025641025641,10.315514973596523
132,0.07051282051282051,7.159615240319314
132,0.07692307692307693,13.492860059536037
132,0.08333333333333333,4.714659001134081
132,0.08974358974358974,13.186521312498758
132,0.09615384615384615,12.312052911136366
132,0.10256410256410256,12.90336906489547
132,0.10897435897435898,11.616897332778525
132,0.11538461538461538,14.918019502489681
132,0.12179487179487179,10.825780462995544
132,0.1282051282051282,12.447411365272472
132,0.1346153846153846,5.1777384134829205
132,0.14102564102564102,22.79548335362787
132,0.14743589743589744,3.7033177979204286
132,0.15384615384615385,22.02441866557828
132,0.16025641025641024,7.523961795968159
132,0.16666666666666666,13.195289698302453
132,0.17307692307692307,5.565159511799401
132,0.1794871794871795,11.205444291500028
132,0.1858974358974359,13.813998785424733
132,0.1923076923076923,14.34708853366233
132,0.1987179487179487,2.6579116810239016
132,0.20512820512820512,13.553861849378043
132,0.21153846153846154,4.021322408420755
132,0.21794871794871795,13.771468817276022
132,0.22435897435897434,0.7236156716092866
132,0.23076923076923075,10.319906441939887
132,0.23717948717948717,7.937000111699684
132,0.24358974358974358,7.977010991335
132,0.25,5.174214875427417
132,0.2564102564102564,5.118721654225533
132,0.26282051282051283,10.353141002842461
132,0.2692307692307692,22.249578471642398
132,0.2756410256410256,14.290351379182187
132,0.28205128205128205,19.09729635468698
132,0.28846153846153844,11.332609072369657
132,0.2948717948717949,8.535639611106632
132,0.30128205128205127,8.052510344969333
132,0.3076923076923077,9.507728737726831
132,0.3141025641025641,7.606916906541722
132,0.3205128205128205,13.427117437027965
132,0.3269230769230769,3.7098749616162072
132,0.3333333333333333,14.970084047179348
132,0.33974358974358976,11.38077139506665
132,0.34615384615384615,23.001738974946484
132,0.35256410256410253,7.73973598595072
132,0.358974358974359,13.084961748712473
132,0.36538461538461536,11.908058136407636
132,0.3717948717948718,7.132932758462349
132,0.3782051282051282,2.056043264816731
132,0.3846153846153846,7.177545583908796
132,0.391025641025641,2.1030325745199345
132,0.3974358974358974,0.8838543813765056
132,0.40384615384615385,26.066079417911162
132,0.41025641025641024,8.980848241344727
132,0.41666666666666663,11.878096346490157
132,0.4230769230769231,4.9858093220927575
132,0.42948717948717946,3.3639110148420968
132,0.4358974358974359,9.459471115907755
132,0.4423076923076923,19.716093354237223
132,0.4487179487179487,15.62609630567734
132,0.4551282051282051,5.7380880396598775
132,0.4615384615384615,20.756808632929772
132,0.46794871794871795,12.939989049844243
132,0.47435897435897434,1.8816868359331107
132,0.4807692307692307,1.74025296123704
132,0.48717948717948717,6.693587164529198
132,0.49358974358974356,6.905604252467024
133,0.0,2.6645352591003757e-15
133,0.00641025641025641,17.62483119245341
133,0.01282051282051282,11.066879255911896
133,0.019230769230769232,22.272210152775013
133,0.02564102564102564,6.392128044027456
133,0.03205128205128205,18.57953110290001
133,0.038461538461538464,11.77467944080885
133,0.04487179487179487,14.608903645318758
133,0.05128205128205128,6.533954040786315
133,0.05769230769230769,1.8281898648957706
133,0.0641025641025641,19.061811298046816
133,0.07051282051282051,0.44101040393173946
133,0.07692307692307693,7.759740778962528
133,0.08333333333333333,14.602454486396002
133,0.08974358974358974,3.438181248546789
133,0.09615384615384615,12.282597224986118
133,0.10256410256410256,12.988164543376316
133,0.10897435897435898,6.888897710535044
133,0.11538461538461538,16.236914778687357
133,0.12179487179487179,3.2143202677958422
133,0.1282051282051282,5.8040203652228755
133,0.1346153846153846,6.898529642478681
133,0.14102564102564102,16.035098753731916
133,0.14743589743589744,2.4680081662402302
133,0.15384615384615385,1.2105752419328808
133,0.16025641025641024,10.375557759780882
133,0.16666666666666666,8.007855112937314
133,0.17307692307692307,3.887614869332635
133,0.1794871794871795,24.00552581161345
133,0.1858974358974359,10.770718276992785
133,0.1923076923076923,8.613333609211173
133,0.1987179487179487,8.872000221583558
133,0.20512820512820512,20.305136072546347
133,0.21153846153846154,13.859934601975805
133,0.21794871794871795,9.927052281989312
133,0.22435897435897434,16.75930472144142
133,0.23076923076923075,14.724119374103623
133,0.23717948717948717,12.092852875407583
133,0.24358974358974358,10.392512893908336
133,0.25,17.3962788664926
133,0.2564102564102564,23.014557382197747
133,0.26282051282051283,9.518700156858042
133,0.2692307692307692,12.327520950066685
133,0.2756410256410256,12.027982127784133
133,0.28205128205128205,25.610028413114197
133,0.28846153846153844,9.968701783749822
133,0.2948717948717949,8.537700799352095
133,0.30128205128205127,6.20140473310418
133,0.3076923076923077,11.353022379876556
133,0.3141025641025641,1.495129290488598
133,0.3205128205128205,4.297554757854717
133,0.3269230769230769,8.930812690744037
133,0.3333333333333333,9.687566400786588
133,0.33974358974358976,16.48376260024958
133,0.34615384615384615,3.0946907414429483
133,0.35256410256410253,10.847799711951987
133,0.358974358974359,14.457195916038536
133,0.36538461538461536,2.1978905942025473
133,0.3717948717948718,1.0453933392390136
133,0.3782051282051282,12.808611714171075
133,0.3846153846153846,10.864114756569984
133,0.391025641025641,7.318088530638826
133,0.3974358974358974,9.951534524910729
133,0.40384615384615385,9.037239246868408
133,0.41025641025641024,12.520556101666628
133,0.41666666666666663,14.28782331206122
133,0.4230769230769231,12.911741714433898
133,0.42948717948717946,17.609615188392986
133,0.4358974358974359,13.691488300586524
133,0.4423076923076923,6.3669094145478375
133,0.4487179487179487,7.4645401925338675
133,0.4551282051282051,16.5152119522286
133,0.4615384615384615,16.98057464562499
133,0.46794871794871795,3.568285823443523
133,0.47435897435897434,24.554797637302357
133,0.4807692307692307,15.576135885007412
133,0.48717948717948717,8.429869766998298
133,0.49358974358974356,12.073964016206476
134,0.0,8.881784197001252e-15
134,0.006369426751592357,8.93340379957289
134,0.012738853503184714,12.663606957526866
134,0.019108280254777073,18.849320074027496
134,0.025477707006369428,13.175098724122122
134,0.03184713375796178,5.991814439931178
134,0.038216560509554146,14.839966449403917
134,0.0445859872611465,10.649258264976087
134,0.050955414012738856,14.463173524832783
134,0.05732484076433121,10.147229543035987
134,0.06369426751592357,12.43456655873253
134,0.07006369426751592,17.43430870810293
134,0.07643312101910829,3.1294410479889287
134,0.08280254777070065,22.859752217104198
134,0.089171974522293,4.090751757485056
134,0.09554140127388536,9.753617040011916
134,0.10191082802547771,3.974509171402154
134,0.10828025477707007,14.609509560301616
134,0.11464968152866242,15.881381851245179
134,0.12101910828025478,2.6173380405806754
134,0.12738853503184713,12.724379376264107
134,0.1337579617834395,12.457979221038958
134,0.14012738853503184,7.580810181456371
134,0.1464968152866242,14.655901014933042
134,0.15286624203821658,5.171176248902332
134,0.15923566878980894,6.430742986950601
134,0.1656050955414013,10.267964512632563
134,0.17197452229299365,2.3402359630014247
134,0.178343949044586,7.570287151036902
134,0.18471337579617836,6.611072115784958
134,0.1910828025477707,17.490374014263022
134,0.19745222929936307,2.035058582655569
134,0.20382165605095542,10.372802283186358
134,0.21019108280254778,9.646013261513582
134,0.21656050955414013,17.332398199186482
134,0.2229299363057325,14.14560550732031
134,0.22929936305732485,17.174706078785995
134,0.2356687898089172,21.439927143135435
134,0.24203821656050956,6.379803358120944
134,0.2484076433121019,20.68895722476552
134,0.25477707006369427,12.64628158405663
134,0.2611464968152866,7.890817438369403
134,0.267515923566879,5.621114794461918
134,0.27388535031847133,7.786061390512386
134,0.2802547770700637,2.498364551137392
134,0.28662420382165604,15.376575370190814
134,0.2929936305732484,9.487325709311959
134,0.29936305732484075,22.129949692986106
134,0.30573248407643316,19.319576172989226
134,0.3121019108280255,4.851692141251459
134,0.3184713375796179,21.80392952378397
134,0.32484076433121023,17.47006707125512
134,0.3312101910828026,11.397865853720981
134,0.33757961783439494,1.5853204704076007
134,0.3439490445859873,13.785602714523808
134,0.35031847133757965,18.068648550423895
134,0.356687898089172,19.38563225356287
134,0.36305732484076436,13.758893539456297
134,0.3694267515923567,19.023852072732502
134,0.37579617834394907,10.180452213720727
134,0.3821656050955414,4.871823364520584
134,0.3885350318471338,6.095026759789898
134,0.39490445859872614,12.964056677734911
134,0.4012738853503185,9.121976588336237
134,0.40764331210191085,16.770135320541495
134,0.4140127388535032,5.6795577365600725
134,0.42038216560509556,12.9112942988485
134,0.4267515923566879,4.248044656379625
134,0.43312101910828027,15.773761753209762
134,0.4394904458598726,15.899417750503721
134,0.445859872611465,7.340802467029865
134,0.45222929936305734,6.200532280297073
134,0.4585987261146497,4.851897168852487
134,0.46496815286624205,16.405293918783737
134,0.4713375796178344,12.534566621956829
134,0.47770700636942676,5.082347670172434
134,0.4840764331210191,11.81133382350192
134,0.49044585987261147,11.13636151076528
134,0.4968152866242038,6.430291822782342
135,0.0,1.2656542480726785e-14
135,0.006289308176100629,12.714755935014725
135,0.012578616352201259,21.115906310510127
135,0.01886792452830189,4.085059296422187
135,0.025157232704402517,5.555676954238318
135,0.031446540880503145,14.47633644044417
135,0.03773584905660378,5.260476708287433
135,0.04402515723270441,5.066832108690044
135,0.050314465408805034,12.41974975967122
135,0.05660377358490566,16.561053347377094
135,0.06289308176100629,19.769918202316255
135,0.06918238993710692,12.002439934325029
135,0.07547169811320756,9.668873142039057
135,0.08176100628930819,3.2376384125475566
135,0.08805031446540881,10.913042760136413
135,0.09433962264150944,18.76727483346886
135,0.10062893081761007,18.472442569260412
135,0.1069182389937107,8.778113860143993
135,0.11320754716981132,8.237024551893096
135,0.11949685534591195,8.376571432568795
135,0.12578616352201258,22.508562678782855
135,0.1320754716981132,3.839371086115917
135,0.13836477987421383,10.3336774797339
135,0.14465408805031446,9.490308348392889
135,0.15094339622641512,16.810141330308685
135,0.15723270440251574,0.6654466320619259
135,0.16352201257861637,4.919781481665977
135,0.169811320754717,6.926435278154072
135,0.17610062893081763,5.433110578699495
135,0.18238993710691825,13.450298248520687
135,0.18867924528301888,7.267804781189307
135,0.1949685534591195,10.478854169063357
135,0.20125786163522014,12.853543806562534
135,0.20754716981132076,5.385580336736376
135,0.2138364779874214,12.618180778144177
135,0.22012578616352202,6.194065581858379
135,0.22641509433962265,8.95023422212095
135,0.23270440251572327,2.931846662581604
135,0.2389937106918239,11.15323677623384
135,0.24528301886792453,13.413109735193231
135,0.25157232704402516,22.591081171953668
135,0.2578616352201258,10.160536563064003
135,0.2641509433962264,10.074889845630667
135,0.27044025157232704,14.213311820908137
135,0.27672955974842767,8.460657748705703
135,0.2830188679245283,14.314440626189286
135,0.2893081761006289,16.81824279766152
135,0.29559748427672955,9.539934685284736
135,0.30188679245283023,4.520090970550743
135,0.30817610062893086,19.389749926635684
135,0.3144654088050315,2.8473537346359583
135,0.3207547169811321,11.55171790012047
135,0.32704402515723274,8.020051808740615
135,0.33333333333333337,3.1528743043498686
135,0.339622641509434,6.123326407706146
135,0.3459119496855346,18.217104851871216
135,0.35220125786163525,10.209236777979003
135,0.3584905660377359,13.022575639730672
135,0.3647798742138365,4.890015546023011
135,0.37106918238993714,13.419815001415913
135,0.37735849056603776,30.856130446551347
135,0.3836477987421384,11.311830623993128
135,0.389937106918239,15.086743603079574
135,0.39622641509433965,3.7519302411953768
135,0.4025157232704403,8.437590801244122
135,0.4088050314465409,5.945489950867506
135,0.41509433962264153,19.943383214504905
135,0.42138364779874216,18.733660409079476
135,0.4276729559748428,14.047506546211947
135,0.4339622641509434,15.92815605924261
135,0.44025157232704404,2.0626842488622774
135,0.44654088050314467,6.867318296424234
135,0.4528301886792453,17.89807049730055
135,0.4591194968553459,15.350244440924023
135,0.46540880503144655,7.520716157668595
135,0.4716981132075472,21.54038006983087
135,0.4779874213836478,18.113936784420574
135,0.48427672955974843,8.866171527260654
135,0.49056603773584906,8.587392951194037
135,0.4968553459119497,11.528838767873934
136,0.0,1.4765966227514582e-14
136,0.006289308176100629,23.68462215592164
136,0.012578616352201259,14.67920806426904
136,0.01886792452830189,6.237399830412348
136,0.025157232704402517,8.718321202106152
136,0.031446540880503145,6.325467778664115
136,0.03773584905660378,9.536539932291078
136,0.04402515723270441,9.700717173325215
136,0.050314465408805034,7.342117416830992
136,0.05660377358490566,8.48814699283864
136,0.06289308176100629,15.96083031478957
136,0.06918238993710692,5.892547622528734
136,0.07547169811320756,11.610935645410986
136,0.08176100628930819,22.975455690390394
136,0.08805031446540881,22.768769948784524
136,0.09433962264150944,13.217596713559297
136,0.10062893081761007,2.9233190222527616
136,0.1069182389937107,7.011936126222373
136,0.11320754716981132,19.58326693448451
136,0.11949685534591195,12.162754390082402
136,0.12578616352201258,16.624395445941243
136,0.1320754716981132,0.8380876130987738
136,0.13836477987421383,11.169529783465258
136,0.14465408805031446,9.57679202751782
136,0.15094339622641512,12.60556909527627
136,0.15723270440251574,7.438158782751932
136,0.16352201257861637,10.32891093380544
136,0.169811320754717,13.741000052325077
136,0.17610062893081763,7.581583368236233
136,0.18238993710691825,5.976899735783416
136,0.18867924528301888,10.03605044689257
136,0.1949685534591195,4.7100835301985775
136,0.20125786163522014,4.023252986454597
136,0.20754716981132076,21.57169920293119
136,0.2138364779874214,15.574188038912624
136,0.22012578616352202,8.58697666759818
136,0.22641509433962265,11.785471274368332
136,0.23270440251572327,6.567597967670799
136,0.2389937106918239,21.730371783210014
136,0.24528301886792453,12.896203349194941
136,0.25157232704402516,5.796874536283891
136,0.2578616352201258,9.967288874645662
136,0.2641509433962264,2.214017522725532
136,0.27044025157232704,8.143687769667883
136,0.27672955974842767,23.826028181380575
136,0.2830188679245283,17.07173444734352
136,0.2893081761006289,10.510026582359213
136,0.29559748427672955,7.237132223810179
136,0.30188679245283023,1.6368440644962008
136,0.30817610062893086,11.710184202073643
136,0.3144654088050315,13.727546239746975
136,0.3207547169811321,19.388466005204503
136,0.32704402515723274,32.01828776458803
136,0.33333333333333337,2.3397532312904556
136,0.339622641509434,5.489059025059752
136,0.3459119496855346,11.986519963476956
136,0.35220125786163525,6.114813661067447
136,0.3584905660377359,1.6306507566246764
136,0.3647798742138365,3.8653619702968576
136,0.37106918238993714,8.927697929050748
136,0.37735849056603776,7.62298875401485
136,0.3836477987421384,8.824741236382565
136,0.389937106918239,13.54741063028175
136,0.39622641509433965,16.43493864541183
136,0.4025157232704403,18.857750465271415
136,0.4088050314465409,14.91769354281479
136,0.41509433962264153,11.062715387552402
136,0.42138364779874216,11.45949194271436
136,0.4276729559748428,1.9183826854319517
136,0.4339622641509434,12.107705314374089
136,0.44025157232704404,14.196646144164074
136,0.44654088050314467,15.03892269853206
136,0.4528301886792453,4.649404263722396
136,0.4591194968553459,8.846053959614373
136,0.46540880503144655,20.80133895511528
136,0.4716981132075472,6.420678143500503
136,0.4779874213836478,9.198077605710665
136,0.48427672955974843,11.48380330597368
136,0.49056603773584906,13.649120666484066
136,0.4968553459119497,8.969432662339047
137,0.0,1.5987211554602254e-14
137,0.006289308176100629,4.234995386545584
137,0.012578616352201259,7.52247463031013
137,0.01886792452830189,9.638563382580783
137,0.025157232704402517,14.590988255551927
137,0.031446540880503145,17.778232308680177
137,0.03773584905660378,14.526405001919036
137,0.04402515723270441,8.105761439382489
137,0.050314465408805034,7.640711002379241
137,0.05660377358490566,8.623267589676631
137,0.06289308176100629,21.30007043524531
137,0.06918238993710692,7.7560831943499595
137,0.07547169811320756,2.7216459866201403
137,0.08176100628930819,14.942669440202641
137,0.08805031446540881,14.422525392780376
137,0.09433962264150944,2.989410671142321
137,0.10062893081761007,11.91835098072263
137,0.1069182389937107,18.8917900955895
137,0.11320754716981132,15.454533518007294
137,0.11949685534591195,11.66575201099199
137,0.12578616352201258,6.843922705585752
137,0.1320754716981132,9.146363863257035
137,0.13836477987421383,21.422863680544225
137,0.14465408805031446,9.359964118677858
137,0.15094339622641512,0.4857690980259275
137,0.15723270440251574,0.8282735139074577
137,0.16352201257861637,14.019566532297864
137,0.169811320754717,14.165721082271775
137,0.17610062893081763,6.81191693359597
137,0.18238993710691825,8.69521194341707
137,0.18867924528301888,15.25474783125495
137,0.1949685534591195,17.556106648228134
137,0.20125786163522014,10.241107089414598
137,0.20754716981132076,18.243108566260418
137,0.2138364779874214,9.85904064364948
137,0.22012578616352202,4.773590247358262
137,0.22641509433962265,18.24127481957735
137,0.23270440251572327,19.710504783733782
137,0.2389937106918239,16.756221308248904
137,0.24528301886792453,23.85987456005073
137,0.25157232704402516,14.431880806888065
137,0.2578616352201258,15.40119897065304
137,0.2641509433962264,4.062912282757471
137,0.27044025157232704,9.908676187843735
137,0.27672955974842767,7.251124455680746
137,0.2830188679245283,13.819455926738751
137,0.2893081761006289,19.41030038639633
137,0.29559748427672955,11.293802757150814
137,0.30188679245283023,14.664152018024378
137,0.30817610062893086,0.9315095812007048
137,0.3144654088050315,14.4151653082822
137,0.3207547169811321,17.076450288893387
137,0.32704402515723274,4.462820774529245
137,0.33333333333333337,7.094437159165764
137,0.339622641509434,6.127591265706093
137,0.3459119496855346,2.7888655346458586
137,0.35220125786163525,7.564928535455664
137,0.3584905660377359,7.137867586792237
137,0.3647798742138365,13.808986548925509
137,0.37106918238993714,12.965206453101375
137,0.37735849056603776,8.143782604820634
137,0.3836477987421384,8.735804401083712
137,0.389937106918239,3.4229442633178015
137,0.39622641509433965,5.722340186615686
137,0.4025157232704403,7.541325305230377
137,0.4088050314465409,14.212733377947842
137,0.41509433962264153,11.284339641033375
137,0.42138364779874216,0.5520060861029096
137,0.4276729559748428,16.093283264752497
137,0.4339622641509434,17.917704920719796
137,0.44025157232704404,11.201431950969072
137,0.44654088050314467,3.9813321721652057
137,0.4528301886792453,10.715708004497264
137,0.4591194968553459,7.3100127798747225
137,0.46540880503144655,16.35013061230666
137,0.4716981132075472,13.212835216152177
137,0.4779874213836478,14.255411731028538
137,0.48427672955974843,17.82692729564334
137,0.49056603773584906,8.00006338850801
137,0.4968553459119497,27.131882588975976
138,0.0,1.3322676295501878e-14
138,0.006329113924050633,15.511676633464475
138,0.012658227848101266,16.515667021390822
138,0.0189873417721519,13.795065705354713
138,0.02531645569620253,12.451705735827002
138,0.03164556962025317,18.59191589804254
138,0.0379746835443038,4.628585973820666
138,0.04430379746835443,14.486895978392997
138,0.05063291139240506,17.734666131858997
138,0.056962025316455694,8.414918579724667
138,0.06329113924050633,24.293010166380956
138,0.06962025316455696,11.655366373526912
138,0.0759493670886076,15.599728706779754
138,0.08227848101265822,18.143524327221442
138,0.08860759493670886,9.147270873188885
138,0.09493670886075949,19.686717983013263
138,0.10126582278481013,8.00260856503308
138,0.10759493670886076,20.882440111615697
138,0.11392405063291139,17.115731900773827
138,0.12025316455696203,18.37091189418358
138,0.12658227848101267,1.395046273923464
138,0.13291139240506328,1.2475649841054242
138,0.13924050632911392,6.524993825184464
138,0.14556962025316456,4.001385841223571
138,0.1518987341772152,23.055083924978156
138,0.15822784810126583,9.3768850457893
138,0.16455696202531644,19.41823889636595
138,0.17088607594936708,6.726070758342918
138,0.17721518987341772,7.989820253096606
138,0.18354430379746836,7.483018324773477
138,0.18987341772151897,6.693810747722705
138,0.1962025316455696,15.731118175867005
138,0.20253164556962025,9.710210917702375
138,0.2088607594936709,14.624643725689724
138,0.21518987341772153,4.622446363021548
138,0.22151898734177214,4.66921828854469
138,0.22784810126582278,21.593327453728218
138,0.23417721518987342,5.849281613027203
138,0.24050632911392406,8.656067718749364
138,0.24683544303797467,5.052110832129616
138,0.25316455696202533,13.560767670499573
138,0.25949367088607594,16.12194709309631
138,0.26582278481012656,5.283758305728757
138,0.2721518987341772,8.032486664871668
138,0.27848101265822783,6.716991908249189
138,0.2848101265822785,10.569872615508526
138,0.2911392405063291,4.403155447212915
138,0.2974683544303797,6.6138780367116
138,0.3037974683544304,3.8394619435832302
138,0.310126582278481,8.86378071673087
138,0.31645569620253167,8.067717458805536
138,0.3227848101265823,15.172956136294758
138,0.3291139240506329,17.138717044057234
138,0.33544303797468356,5.800468209013207
138,0.34177215189873417,7.112347145315941
138,0.3481012658227848,9.103024880937491
138,0.35443037974683544,4.535633420535782
138,0.36075949367088606,14.863128962991011
138,0.3670886075949367,10.95890742606854
138,0.37341772151898733,11.512365523948288
138,0.37974683544303794,5.508868711501297
138,0.3860759493670886,2.2464882830177744
138,0.3924050632911392,9.506246882844525
138,0.3987341772151899,13.234072974328159
138,0.4050632911392405,1.4488319932439468
138,0.4113924050632911,25.740795749684356
138,0.4177215189873418,12.912222193620764
138,0.4240506329113924,4.134179894954467
138,0.43037974683544306,5.78053932167263
138,0.43670886075949367,4.258961302027992
138,0.4430379746835443,14.65919218626791
138,0.44936708860759494,8.250264146557667
138,0.45569620253164556,4.748979585624546
138,0.4620253164556962,15.539421904098866
138,0.46835443037974683,6.812763914555197
138,0.47468354430379744,24.596278722160353
138,0.4810126582278481,3.9883799592976357
138,0.4873417721518987,21.738815154073322
138,0.49367088607594933,15.47513863004604
139,0.0,2.9976021664879227e-14
139,0.006369426751592357,5.105832228942986
139,0.012738853503184714,5.14958992255553
139,0.019108280254777073,4.336836299439315
139,0.025477707006369428,4.660976648072673
139,0.03184713375796178,3.3980217807823045
139,0.038216560509554146,8.07238393073905
139,0.0445859872611465,5.043256793461015
139,0.050955414012738856,12.1886378024862
139,0.05732484076433121,16.191786801185977
139,0.06369426751592357,5.417463578971826
139,0.07006369426751592,20.78313462780863
139,0.07643312101910829,7.849865315603534
139,0.08280254777070065,7.385693949878657
139,0.089171974522293,15.436486428609223
139,0.09554140127388536,15.057845926783273
139,0.10191082802547771,12.176713188169083
139,0.10828025477707007,7.502224177788287
139,0.11464968152866242,13.507825436440005
139,0.12101910828025478,21.785670166136907
139,0.12738853503184713,11.59365044894118
139,0.1337579617834395,8.566725360224938
139,0.14012738853503184,8.280340844791803
139,0.1464968152866242,5.800120705277819
139,0.15286624203821658,12.119196424680592
139,0.15923566878980894,10.281135628128323
139,0.1656050955414013,5.561807825117887
139,0.17197452229299365,8.608551820612057
139,0.178343949044586,7.006261419722557
139,0.18471337579617836,13.88732131114974
139,0.1910828025477707,13.567377374645947
139,0.19745222929936307,5.64469440317964
139,0.20382165605095542,8.411562316406522
139,0.21019108280254778,19.577557744604782
139,0.21656050955414013,16.937904978189234
139,0.2229299363057325,10.4739679802293
139,0.22929936305732485,6.994110333164923
139,0.2356687898089172,23.048557979205377
139,0.24203821656050956,14.464976323595456
139,0.2484076433121019,6.735651894049422
139,0.25477707006369427,20.329449938099252
139,0.2611464968152866,1.9905542739922284
139,0.267515923566879,12.557479295034272
139,0.27388535031847133,20.54774699358996
139,0.2802547770700637,10.622793615351618
139,0.28662420382165604,7.300823916582535
139,0.2929936305732484,3.7672651450676224
139,0.29936305732484075,10.17443066652004
139,0.30573248407643316,12.18858917425497
139,0.3121019108280255,2.1829058828554415
139,0.3184713375796179,9.106534937434928
139,0.32484076433121023,11.18759522197878
139,0.3312101910828026,8.646361985883592
139,0.33757961783439494,6.32721461186718
139,0.3439490445859873,10.730981664319852
139,0.35031847133757965,11.089216959577723
139,0.356687898089172,25.864415497539323
139,0.36305732484076436,4.876247814992004
139,0.3694267515923567,21.762245172849653
139,0.37579617834394907,18.474560368861578
139,0.3821656050955414,10.445410860659981
139,0.3885350318471338,3.6244619951966146
139,0.39490445859872614,6.3729186610934105
139,0.4012738853503185,5.182958193552886
139,0.40764331210191085,31.308731984271894
139,0.4140127388535032,13.654579241530039
139,0.42038216560509556,12.359561024298714
139,0.4267515923566879,3.4259139987812293
139,0.43312101910828027,4.966076977655091
139,0.4394904458598726,7.668821184781194
139,0.445859872611465,10.530339590230842
139,0.45222929936305734,20.995436932599183
139,0.4585987261146497,15.510869101677457
139,0.46496815286624205,5.38569950676578
139,0.4713375796178344,21.076784803609353
139,0.47770700636942676,11.165592514862821
139,0.4840764331210191,13.02256983983192
139,0.49044585987261147,5.854116184481724
139,0.4968152866242038,17.38001912089035
140,0.0,1.9539925233402755e-14
140,0.00625,9.32791568296688
140,0.0125,4.158081392647593
140,0.018750000000000003,3.6337884334387005
140,0.025,17.521966911576488
140,0.03125,4.70263251073593
140,0.037500000000000006,6.365167575366701
140,0.043750000000000004,11.975754637838184
140,0.05,14.116164412545729
140,0.05625,6.404796071363089
140,0.0625,6.543635873364896
140,0.06875,6.903323108003867
140,0.07500000000000001,1.901933684586519
140,0.08125,17.84546653226702
140,0.08750000000000001,7.744372621928295
140,0.09375,11.008943470280064
140,0.1,18.908947464803127
140,0.10625000000000001,8.874237922472734
140,0.1125,10.906875142371376
140,0.11875000000000001,8.293403461997418
140,0.125,14.582154459183705
140,0.13125,6.807292658990971
140,0.1375,14.130053479960994
140,0.14375000000000002,7.5648426229502865
140,0.15000000000000002,14.803337802460037
140,0.15625,9.050148319449889
140,0.1625,11.294664701699437
140,0.16875,18.62376641723776
140,0.17500000000000002,2.8315439960266136
140,0.18125000000000002,7.893066461013239
140,0.1875,10.787401668770777
140,0.19375,8.121576660221843
140,0.2,8.240645936413397
140,0.20625000000000002,17.726184526051014
140,0.21250000000000002,5.3542402849582205
140,0.21875,18.138516522106585
140,0.225,8.121808688553461
140,0.23125,2.209171320921157
140,0.23750000000000002,1.5671293347579593
140,0.24375000000000002,24.364396307956003
140,0.25,23.634456698147233
140,0.25625000000000003,2.91424734507297
140,0.2625,9.248535350139834
140,0.26875,11.792610549858692
140,0.275,4.997745886923625
140,0.28125,15.847321152740225
140,0.28750000000000003,17.043714153881524
140,0.29375,8.613657239139155
140,0.30000000000000004,11.690790438485196
140,0.30625,9.629494275565126
140,0.3125,9.597569825190986
140,0.31875000000000003,10.705188264506857
140,0.325,14.031295676786936
140,0.33125000000000004,18.72916042711429
140,0.3375,17.658558882271354
140,0.34375,7.464053133689912
140,0.35000000000000003,18.260154329114588
140,0.35625,27.460011483071604
140,0.36250000000000004,10.584405562365413
140,0.36875,20.76615916082367
140,0.375,8.451304922591776
140,0.38125000000000003,16.246760915803396
140,0.3875,19.438517959764294
140,0.39375000000000004,12.610214629286949
140,0.4,10.990603530910215
140,0.40625,4.659711072193594
140,0.41250000000000003,8.400622790059506
140,0.41875,15.382895485349684
140,0.42500000000000004,9.60094958460379
140,0.43125,8.904950341669402
140,0.4375,14.514868235617813
140,0.44375000000000003,5.797410550032378
140,0.45,13.229035773374545
140,0.45625000000000004,2.4200771657372067
140,0.4625,8.96485593600255
140,0.46875,25.079103559900574
140,0.47500000000000003,6.989056990335297
140,0.48125,10.807591094364259
140,0.48750000000000004,15.384840245237056
140,0.49375,5.09554034086136
141,0.0,3.552713678800501e-15
141,0.006172839506172839,22.22004851874839
141,0.012345679012345678,2.7789072447832726
141,0.018518518518518517,5.8326802289443425
141,0.024691358024691357,11.839351664259485
141,0.030864197530864196,3.6533391841862977
141,0.037037037037037035,13.54949051282628
141,0.043209876543209874,5.2107004366321785
141,0.04938271604938271,22.397970745941727
141,0.05555555555555555,9.430160030466595
141,0.06172839506172839,4.419499446672412
141,0.06790123456790123,8.568209686216022
141,0.07407407407407407,4.634170548950092
141,0.08024691358024691,11.619656752614555
141,0.08641975308641975,18.1698823636617
141,0.09259259259259259,13.30494443739384
141,0.09876543209876543,4.66089666446144
141,0.10493827160493827,17.651468024106794
141,0.1111111111111111,7.683514741878479
141,0.11728395061728394,3.9595707002436327
141,0.12345679012345678,10.145723122823517
141,0.12962962962962962,16.447470188323237
141,0.13580246913580246,11.184362516471248
141,0.1419753086419753,13.830164666630225
141,0.14814814814814814,9.886106762613252
141,0.15432098765432098,14.374925944933604
141,0.16049382716049382,19.388583888309014
141,0.16666666666666666,10.184255023285436
141,0.1728395061728395,3.774843891142919
141,0.17901234567901234,1.4931916435221475
141,0.18518518518518517,10.522741946996202
141,0.19135802469135801,15.462903716619161
141,0.19753086419753085,11.730252829818587
141,0.2037037037037037,11.029116917083883
141,0.20987654320987653,13.711565375340145
141,0.21604938271604937,9.195047028536285
141,0.2222222222222222,5.861626706590273
141,0.22839506172839505,17.68450823519283
141,0.2345679012345679,10.013107236432504
141,0.24074074074074073,13.53057590459896
141,0.24691358024691357,12.686409145613787
141,0.25308641975308643,17.727959342997863
141,0.25925925925925924,13.608980589041094
141,0.26543209876543206,11.634770357498269
141,0.2716049382716049,8.088256281750441
141,0.2777777777777778,7.404759226729348
141,0.2839506172839506,15.800213332709749
141,0.2901234567901234,5.911778146929051
141,0.2962962962962963,6.253480575654248
141,0.30246913580246915,4.3501199948069535
141,0.30864197530864196,30.872158325511272
141,0.31481481481481477,26.698759777991786
141,0.32098765432098764,12.319795843352413
141,0.3271604938271605,23.040160325756045
141,0.3333333333333333,9.425449021299439
141,0.3395061728395061,6.1036924070798095
141,0.345679012345679,9.46522129447412
141,0.35185185185185186,7.493405706478543
141,0.35802469135802467,10.050217943589711
141,0.3641975308641975,16.652144176126004
141,0.37037037037037035,7.209525895781011
141,0.3765432098765432,7.686253165211999
141,0.38271604938271603,3.262616027953648
141,0.38888888888888884,3.005152073292027
141,0.3950617283950617,3.2906357191574767
141,0.4012345679012346,13.450650146709142
141,0.4074074074074074,7.716221592392828
141,0.4135802469135802,12.56360073145147
141,0.41975308641975306,1.756314075914185
141,0.42592592592592593,17.662783941328364
141,0.43209876543209874,23.512630061549928
141,0.43827160493827155,5.549094872315437
141,0.4444444444444444,11.59762356438282
141,0.4506172839506173,10.304894273798846
141,0.4567901234567901,5.6309528127668695
141,0.4629629629629629,14.410328200621372
141,0.4691358024691358,12.452131745723026
141,0.47530864197530864,9.532932998124874
141,0.48148148148148145,22.785158492375
141,0.48765432098765427,16.9850971562812
141,0.49382716049382713,8.507095815612868
142,0.0,1.7763568394002505e-15
142,0.006172839506172839,24.80247011338778
142,0.012345679012345678,10.930082895132713
142,0.018518518518518517,13.119619826511382
142,0.024691358024691357,23.738489796389423
142,0.030864197530864196,13.765761497646526
142,0.037037037037037035,5.182534901875838
142,0.043209876543209874,20.5618068872957
142,0.04938271604938271,25.89399347372744
142,0.05555555555555555,5.1793338702105896
142,0.06172839506172839,6.291220027265876
142,0.06790123456790123,3.562443163790829
142,0.07407407407407407,4.14277960347538
142,0.08024691358024691,5.902611225406828
142,0.08641975308641975,8.221670302739158
142,0.09259259259259259,5.832173025230117
142,0.09876543209876543,5.176409092293888
142,0.10493827160493827,8.183927400455607
142,0.1111111111111111,15.593160813456645
142,0.11728395061728394,16.894037608898895
142,0.12345679012345678,17.810447446808194
142,0.12962962962962962,10.568077524694157
142,0.13580246913580246,6.423381117281183
142,0.1419753086419753,3.304852525952394
142,0.14814814814814814,11.880574530425292
142,0.15432098765432098,17.927044792429765
142,0.16049382716049382,11.9415949285957
142,0.16666666666666666,15.443502885532517
142,0.1728395061728395,12.055251753067687
142,0.17901234567901234,14.207484596822395
142,0.18518518518518517,6.895669002452506
142,0.19135802469135801,7.528391901630861
142,0.19753086419753085,10.321322693313773
142,0.2037037037037037,10.255421453746639
142,0.20987654320987653,10.73589415430228
142,0.21604938271604937,8.932001539436724
142,0.2222222222222222,3.5913631304232254
142,0.22839506172839505,11.23778195491564
142,0.2345679012345679,11.379385182946738
142,0.24074074074074073,12.004478539242902
142,0.24691358024691357,6.02806649464801
142,0.25308641975308643,9.050919282397102
142,0.25925925925925924,2.9154086320069945
142,0.26543209876543206,10.995875521880052
142,0.2716049382716049,6.594110026923755
142,0.2777777777777778,5.793732625192178
142,0.2839506172839506,6.3591296831962225
142,0.2901234567901234,4.456512898084462
142,0.2962962962962963,11.543264872950328
142,0.30246913580246915,14.228733841019505
142,0.30864197530864196,6.4037933258856645
142,0.31481481481481477,14.376778765442065
142,0.32098765432098764,5.615249987742863
142,0.3271604938271605,10.370503056286362
142,0.3333333333333333,16.503276430684224
142,0.3395061728395061,8.022772030223296
142,0.345679012345679,15.670850256591715
142,0.35185185185185186,11.205466308334103
142,0.35802469135802467,12.072237797346318
142,0.3641975308641975,16.213563240765097
142,0.37037037037037035,15.314527195874982
142,0.3765432098765432,19.240782938777677
142,0.38271604938271603,12.26590526203817
142,0.38888888888888884,17.0370511214382
142,0.3950617283950617,8.775025829604818
142,0.4012345679012346,18.880153161150236
142,0.4074074074074074,10.458965807593211
142,0.4135802469135802,9.042823951182418
142,0.41975308641975306,17.96555260345845
142,0.42592592592592593,14.121302817824244
142,0.43209876543209874,5.805008994963302
142,0.43827160493827155,18.058114073392094
142,0.4444444444444444,1.4730096355509361
142,0.4506172839506173,11.713074945375128
142,0.4567901234567901,12.569478828236683
142,0.4629629629629629,18.377179227019596
142,0.4691358024691358,13.522320465229987
142,0.47530864197530864,8.568533390665346
142,0.48148148148148145,23.843399910553615
142,0.48765432098765427,19.107425098123066
142,0.49382716049382713,5.609356328594045
143,0.0,3.552713678800501e-15
143,0.006097560975609756,5.214609344275124
143,0.012195121951219513,5.7848283796902695
143,0.01829268292682927,20.62509881792263
143,0.024390243902439025,7.236866220856592
143,0.03048780487804878,8.479254574342306
143,0.03658536585365854,9.974711308023036
143,0.042682926829268296,14.823997310274422
143,0.04878048780487805,23.73419839857393
143,0.054878048780487805,3.523196094285362
143,0.06097560975609756,8.27726626476614
143,0.06707317073170732,9.741600678994445
143,0.07317073170731708,5.235515761235547
143,0.07926829268292683,14.792037378987526
143,0.08536585365853659,11.749759405494226
143,0.09146341463414634,4.390226717558057
143,0.0975609756097561,15.506521330553895
143,0.10365853658536586,10.523318332737128
143,0.10975609756097561,15.7006407368403
143,0.11585365853658537,14.021911454396424
143,0.12195121951219512,7.390243987457978
143,0.12804878048780488,12.093790246668979
143,0.13414634146341464,16.916523404467252
143,0.1402439024390244,12.258331010050199
143,0.14634146341463417,7.040601860949353
143,0.1524390243902439,1.6191679993342527
143,0.15853658536585366,5.976752330783409
143,0.16463414634146342,10.334859276808317
143,0.17073170731707318,3.0009616712650127
143,0.17682926829268295,11.422486777599753
143,0.18292682926829268,14.926407470362053
143,0.18902439024390244,14.500225569688801
143,0.1951219512195122,22.093635664499217
143,0.20121951219512196,6.532114189884776
143,0.20731707317073172,8.291885111988949
143,0.21341463414634146,5.364576835692271
143,0.21951219512195122,5.693624115950692
143,0.22560975609756098,15.078756283330062
143,0.23170731707317074,21.975259910199767
143,0.2378048780487805,7.691630740077754
143,0.24390243902439024,1.3913165738085496
143,0.25,22.125535828022866
143,0.25609756097560976,13.204022208043018
143,0.2621951219512195,17.563351180804677
143,0.2682926829268293,15.69683269436566
143,0.27439024390243905,8.078216419733474
143,0.2804878048780488,11.847031182247223
143,0.28658536585365857,15.022431780419799
143,0.29268292682926833,18.762024203345355
143,0.29878048780487804,16.313079974121255
143,0.3048780487804878,17.467264080443815
143,0.31097560975609756,15.252536897895757
143,0.3170731707317073,11.378601094897284
143,0.3231707317073171,21.07800717921897
143,0.32926829268292684,11.148146677251242
143,0.3353658536585366,15.443141612905197
143,0.34146341463414637,14.688229135579046
143,0.34756097560975613,12.79100348320758
143,0.3536585365853659,14.768333818574039
143,0.3597560975609756,16.544232454056313
143,0.36585365853658536,11.486488347144547
143,0.3719512195121951,5.2569432682138375
143,0.3780487804878049,10.614611224033505
143,0.38414634146341464,21.990917386822442
143,0.3902439024390244,12.880887594213815
143,0.39634146341463417,3.667692158153063
143,0.4024390243902439,7.077333188599438
143,0.4085365853658537,0.5952807765236152
143,0.41463414634146345,3.7252170092332704
143,0.4207317073170732,11.861555255299855
143,0.4268292682926829,22.176853420154146
143,0.4329268292682927,15.762011759765528
143,0.43902439024390244,10.842758830104579
143,0.4451219512195122,20.914907525384503
143,0.45121951219512196,2.7646484201111248
143,0.4573170731707317,14.14735530011106
143,0.4634146341463415,3.266868450983934
143,0.46951219512195125,15.2404977415888
143,0.475609756097561,6.90012566908772
143,0.48170731707317077,6.013518865578919
143,0.4878048780487805,6.384433748092494
143,0.49390243902439024,8.197352263623385
144,0.0,8.881784197001252e-15
144,0.006666666666666667,10.658155998190285
144,0.013333333333333334,24.836914785663772
144,0.02,11.56690424106021
144,0.02666666666666667,18.716360304935723
144,0.03333333333333333,12.287397007315786
144,0.04,7.330015965497642
144,0.04666666666666667,7.3755171398811
144,0.05333333333333334,24.302765992233937
144,0.060000000000000005,12.56828931181449
144,0.06666666666666667,7.9830621396442725
144,0.07333333333333333,10.77661837901921
144,0.08,8.126265321850662
144,0.08666666666666667,18.56863564751051
144,0.09333333333333334,21.954453290606438
144,0.1,14.023583397014956
144,0.10666666666666667,14.759193312534562
144,0.11333333333333334,11.777306174647807
144,0.12000000000000001,3.945419822233444
144,0.12666666666666668,9.539664063418417
144,0.13333333333333333,12.40965813228799
144,0.14,7.932883815097534
144,0.14666666666666667,15.364899621984415
144,0.15333333333333335,17.09128027735165
144,0.16,9.755829627776611
144,0.16666666666666669,13.471813094257085
144,0.17333333333333334,1.3866338394857254
144,0.18000000000000002,16.64362005457307
144,0.18666666666666668,5.7098276285630005
144,0.19333333333333336,12.105379491262182
144,0.2,6.211323475646488
144,0.2066666666666667,10.955039491221413
144,0.21333333333333335,10.509484792322873
144,0.22,10.17950844138257
144,0.22666666666666668,8.571585827049251
144,0.23333333333333334,8.278394681122263
144,0.24000000000000002,6.638381643311939
144,0.24666666666666667,8.162847640486625
144,0.25333333333333335,7.021482935286067
144,0.26,16.408967181919195
144,0.26666666666666666,8.048188330758904
144,0.2733333333333334,9.10810287956644
144,0.28,9.308469571349075
144,0.2866666666666667,7.7091616735897945
144,0.29333333333333333,16.95778194535381
144,0.30000000000000004,6.644455050622268
144,0.3066666666666667,15.47803498018667
144,0.31333333333333335,3.08100493102211
144,0.32,9.714257575488846
144,0.32666666666666666,4.195937580359668
144,0.33333333333333337,9.936337705073754
144,0.34,12.78099777297758
144,0.3466666666666667,24.571043373459773
144,0.35333333333333333,6.305660237763807
144,0.36000000000000004,11.078960592410743
144,0.3666666666666667,21.028203068378332
144,0.37333333333333335,7.354456679540059
144,0.38,15.435424817345517
144,0.3866666666666667,7.194231096574133
144,0.39333333333333337,8.000719362572744
144,0.4,9.317105202905015
144,0.4066666666666667,9.477165763425763
144,0.4133333333333334,17.69366041371765
144,0.42000000000000004,4.922139258082846
144,0.4266666666666667,8.615535382158146
144,0.43333333333333335,12.860715507224736
144,0.44,11.722076709870523
144,0.4466666666666667,15.455123062824155
144,0.45333333333333337,15.031691832297307
144,0.46,16.901119725893132
144,0.4666666666666667,11.881180371172464
144,0.4733333333333334,2.897594180647562
144,0.48000000000000004,7.332522045540648
144,0.4866666666666667,8.874944420962887
144,0.49333333333333335,8.896460192041301
145,0.0,6.217248937900877e-15
145,0.0064516129032258064,4.796877888213609
145,0.012903225806451613,11.374946873215855
145,0.01935483870967742,13.708820253011574
145,0.025806451612903226,5.456343607181382
145,0.03225806451612903,20.71061968707106
145,0.03870967741935484,21.12345072743313
145,0.04516129032258064,10.884347055441905
145,0.05161290322580645,9.465674578863087
145,0.05806451612903226,16.647224459615945
145,0.06451612903225806,11.100034612814762
145,0.07096774193548387,18.78252371449911
145,0.07741935483870968,7.159936187609971
145,0.08387096774193549,8.95841695471429
145,0.09032258064516129,11.816279696653837
145,0.0967741935483871,5.887849807371107
145,0.1032258064516129,6.188680436466213
145,0.10967741935483871,3.4354933155413745
145,0.11612903225806452,24.109486877289328
145,0.12258064516129032,4.737038549013703
145,0.12903225806451613,13.691946704629336
145,0.13548387096774195,9.121287964750305
145,0.14193548387096774,15.870380727881285
145,0.14838709677419354,16.34934855589647
145,0.15483870967741936,9.467442090756583
145,0.16129032258064516,1.9469683849646078
145,0.16774193548387098,8.007380127323172
145,0.17419354838709677,13.026268939704831
145,0.18064516129032257,10.032318089606747
145,0.1870967741935484,10.583689658868064
145,0.1935483870967742,17.37059225141424
145,0.2,5.048514805847621
145,0.2064516129032258,8.461878385612959
145,0.2129032258064516,8.593922317957716
145,0.21935483870967742,5.044677313098763
145,0.22580645161290322,14.430628179770002
145,0.23225806451612904,12.079745621874947
145,0.23870967741935484,17.62817317044465
145,0.24516129032258063,21.347462250856832
145,0.25161290322580643,5.47740948419225
145,0.25806451612903225,9.067912045931639
145,0.2645161290322581,12.485825357338571
145,0.2709677419354839,16.16546077744799
145,0.27741935483870966,6.230426779607904
145,0.2838709677419355,8.807156252368479
145,0.2903225806451613,21.07934500774284
145,0.2967741935483871,2.4781304550245022
145,0.3032258064516129,22.297198517737165
145,0.3096774193548387,10.849211408321656
145,0.3161290322580645,11.555061698514022
145,0.3225806451612903,14.862062332912078
145,0.32903225806451614,5.08582355964488
145,0.33548387096774196,4.0031348092250125
145,0.3419354838709677,7.4493548722957055
145,0.34838709677419355,21.28399809431491
145,0.3548387096774194,9.955446657285782
145,0.36129032258064514,8.426608663653473
145,0.36774193548387096,9.064022643895122
145,0.3741935483870968,7.122117686693137
145,0.38064516129032255,10.22857918966212
145,0.3870967741935484,12.459475315996189
145,0.3935483870967742,14.38038717370813
145,0.4,9.488507481837228
145,0.4064516129032258,20.999903445822095
145,0.4129032258064516,4.876804291577801
145,0.41935483870967744,8.775124710715714
145,0.4258064516129032,3.9457747930934555
145,0.432258064516129,11.326554379997486
145,0.43870967741935485,2.759958266879148
145,0.44516129032258067,5.392635794215145
145,0.45161290322580644,15.163491016999835
145,0.45806451612903226,11.17049850038133
145,0.4645161290322581,16.1906550251111
145,0.47096774193548385,21.27772692139673
145,0.4774193548387097,18.384833406514772
145,0.4838709677419355,6.3991835767068315
145,0.49032258064516127,14.546817625267154
145,0.4967741935483871,6.309076006290363
146,0.0,9.769962616701378e-15
146,0.006289308176100629,8.839981920796516
146,0.012578616352201259,10.68176518008182
146,0.01886792452830189,15.343660650194815
146,0.025157232704402517,8.438917117333135
146,0.031446540880503145,4.382917472441602
146,0.03773584905660378,14.428950508191088
146,0.04402515723270441,11.824938401930009
146,0.050314465408805034,14.743109691126557
146,0.05660377358490566,13.179532584935183
146,0.06289308176100629,15.085812589110922
146,0.06918238993710692,13.378245526768943
146,0.07547169811320756,16.96853491687904
146,0.08176100628930819,10.22528266148443
146,0.08805031446540881,4.098484707352764
146,0.09433962264150944,12.096195979475487
146,0.10062893081761007,11.771703828025808
146,0.1069182389937107,11.615970021202026
146,0.11320754716981132,4.300557842806437
146,0.11949685534591195,15.75701420642865
146,0.12578616352201258,9.585262662979732
146,0.1320754716981132,1.2774180213363848
146,0.13836477987421383,12.914761251905967
146,0.14465408805031446,21.3981176294839
146,0.15094339622641512,13.86366763299977
146,0.15723270440251574,12.149129934936866
146,0.16352201257861637,13.981812957884758
146,0.169811320754717,12.331003599200004
146,0.17610062893081763,14.973651014523844
146,0.18238993710691825,7.644389770088701
146,0.18867924528301888,6.2019894928736905
146,0.1949685534591195,15.069230002001767
146,0.20125786163522014,6.130521133704337
146,0.20754716981132076,4.964202627066079
146,0.2138364779874214,21.39167204382126
146,0.22012578616352202,8.678539815476364
146,0.22641509433962265,8.14784554347946
146,0.23270440251572327,7.715882333690125
146,0.2389937106918239,4.844163726019323
146,0.24528301886792453,10.849631999754092
146,0.25157232704402516,10.412703708523043
146,0.2578616352201258,6.312376697970273
146,0.2641509433962264,8.581175292610126
146,0.27044025157232704,11.50736212090258
146,0.27672955974842767,14.519271663069791
146,0.2830188679245283,14.549267338174143
146,0.2893081761006289,15.998143714773036
146,0.29559748427672955,27.53809562789467
146,0.30188679245283023,17.326355907657145
146,0.30817610062893086,12.871708190756703
146,0.3144654088050315,15.622876926204732
146,0.3207547169811321,14.74890615901167
146,0.32704402515723274,12.21657759771351
146,0.33333333333333337,5.958267057518363
146,0.339622641509434,4.5007392205084225
146,0.3459119496855346,7.195001051521423
146,0.35220125786163525,12.796169139611916
146,0.3584905660377359,4.932630641920834
146,0.3647798742138365,9.897759159595276
146,0.37106918238993714,13.3305342740124
146,0.37735849056603776,11.09549847696897
146,0.3836477987421384,13.160017907878945
146,0.389937106918239,10.759324449441467
146,0.39622641509433965,15.564900694418254
146,0.4025157232704403,13.165668108088083
146,0.4088050314465409,13.35434429729916
146,0.41509433962264153,16.48076393265538
146,0.42138364779874216,10.830854223746805
146,0.4276729559748428,13.175843038889933
146,0.4339622641509434,17.661569741445458
146,0.44025157232704404,17.313705409089575
146,0.44654088050314467,12.82396772386391
146,0.4528301886792453,7.078585513412887
146,0.4591194968553459,8.759770229393217
146,0.46540880503144655,10.083665187820843
146,0.4716981132075472,22.322767776094242
146,0.4779874213836478,7.630152404167923
146,0.48427672955974843,12.882375772560893
146,0.49056603773584906,15.779785098058937
146,0.4968553459119497,9.006217842395323
147,0.0,7.993605777301127e-15
147,0.006289308176100629,11.965621687241127
147,0.012578616352201259,4.97600837836926
147,0.01886792452830189,15.404210390975432
147,0.025157232704402517,16.97918661364939
147,0.031446540880503145,9.070554112132095
147,0.03773584905660378,11.394742637428985
147,0.04402515723270441,8.598857834766402
147,0.050314465408805034,10.336533607810333
147,0.05660377358490566,4.895523504560797
147,0.06289308176100629,10.955737485814987
147,0.06918238993710692,13.368172807867829
147,0.07547169811320756,4.332667904634991
147,0.08176100628930819,5.56913530596916
147,0.08805031446540881,19.53324004447116
147,0.09433962264150944,5.476831574988809
147,0.10062893081761007,19.58517836465266
147,0.1069182389937107,9.97946141832058
147,0.11320754716981132,10.619774925844444
147,0.11949685534591195,5.217675124918352
147,0.12578616352201258,19.548578908052658
147,0.1320754716981132,13.852688656304032
147,0.13836477987421383,7.8769284103115895
147,0.14465408805031446,24.6996265104992
147,0.15094339622641512,23.255492431594682
147,0.15723270440251574,17.04864367706386
147,0.16352201257861637,13.106117636366271
147,0.169811320754717,9.590031013886813
147,0.17610062893081763,12.515973865029908
147,0.18238993710691825,19.793280726995054
147,0.18867924528301888,12.222865299960246
147,0.1949685534591195,7.294551226124309
147,0.20125786163522014,8.145328422034545
147,0.20754716981132076,5.728479120255962
147,0.2138364779874214,25.40559514113846
147,0.22012578616352202,11.770705498624203
147,0.22641509433962265,19.078244441855105
147,0.23270440251572327,7.964165491367786
147,0.2389937106918239,5.253071630801254
147,0.24528301886792453,3.7493289669840273
147,0.25157232704402516,1.1766817698679406
147,0.2578616352201258,5.529385902380697
147,0.2641509433962264,8.211324379324486
147,0.27044025157232704,21.264284624382718
147,0.27672955974842767,6.370326532921078
147,0.2830188679245283,19.365086118941104
147,0.2893081761006289,5.331487007286942
147,0.29559748427672955,13.742991516382546
147,0.30188679245283023,16.8996570526349
147,0.30817610062893086,13.748842814678301
147,0.3144654088050315,6.8746655502058935
147,0.3207547169811321,9.233160330003262
147,0.32704402515723274,12.043801102536909
147,0.33333333333333337,8.557719731128312
147,0.339622641509434,13.824305189470163
147,0.3459119496855346,11.00967382533258
147,0.35220125786163525,2.436366265730388
147,0.3584905660377359,19.35425446206998
147,0.3647798742138365,11.31434694043271
147,0.37106918238993714,11.829954652789679
147,0.37735849056603776,21.324545068371503
147,0.3836477987421384,2.477741950149268
147,0.389937106918239,11.034012358421812
147,0.39622641509433965,6.570513347446895
147,0.4025157232704403,16.118801048591315
147,0.4088050314465409,9.482448343104883
147,0.41509433962264153,13.194470492523305
147,0.42138364779874216,3.2419083843961167
147,0.4276729559748428,2.3781828215943044
147,0.4339622641509434,6.086814833352064
147,0.44025157232704404,16.08086592371966
147,0.44654088050314467,3.9264375125290223
147,0.4528301886792453,1.0832336572241898
147,0.4591194968553459,9.583253702278812
147,0.46540880503144655,12.520721409061737
147,0.4716981132075472,11.388594361558729
147,0.4779874213836478,3.598560141331652
147,0.48427672955974843,2.505755066302073
147,0.49056603773584906,24.0096046556779
147,0.4968553459119497,16.71973247781279
148,0.0,1.5987211554602254e-14
148,0.006329113924050633,2.1610591562194665
148,0.012658227848101266,4.379674431418658
148,0.0189873417721519,11.534387852065583
148,0.02531645569620253,20.582018139094046
148,0.03164556962025317,21.80649402248734
148,0.0379746835443038,21.2770646334455
148,0.04430379746835443,1.1726369098487812
148,0.05063291139240506,8.919360345589487
148,0.056962025316455694,9.124464983059688
148,0.06329113924050633,19.895780573115797
148,0.06962025316455696,7.966427080076827
148,0.0759493670886076,26.717630481822667
148,0.08227848101265822,6.224305835378207
148,0.08860759493670886,2.9584322710842192
148,0.09493670886075949,8.701342829405323
148,0.10126582278481013,20.688671287081974
148,0.10759493670886076,22.24781156648329
148,0.11392405063291139,15.961919277670775
148,0.12025316455696203,5.884410119554013
148,0.12658227848101267,8.104887888959755
148,0.13291139240506328,9.590345369147666
148,0.13924050632911392,6.421624738953137
148,0.14556962025316456,22.2595173119297
148,0.1518987341772152,8.511208113502718
148,0.15822784810126583,5.5810061162992195
148,0.16455696202531644,4.4239994629534065
148,0.17088607594936708,7.010400995891745
148,0.17721518987341772,8.093133291511833
148,0.18354430379746836,19.767345227939092
148,0.18987341772151897,10.960474474793724
148,0.1962025316455696,4.859918467548288
148,0.20253164556962025,4.696260519998733
148,0.2088607594936709,14.201997569948507
148,0.21518987341772153,7.474598131548269
148,0.22151898734177214,9.465897227088444
148,0.22784810126582278,12.383316448140336
148,0.23417721518987342,4.305596274452258
148,0.24050632911392406,1.5960730585424832
148,0.24683544303797467,9.932529742678254
148,0.25316455696202533,10.07313995147943
148,0.25949367088607594,7.360468203925419
148,0.26582278481012656,7.404436427508125
148,0.2721518987341772,12.839746298323004
148,0.27848101265822783,12.470424859678547
148,0.2848101265822785,3.7610796017322463
148,0.2911392405063291,11.277840876321703
148,0.2974683544303797,9.013345487335737
148,0.3037974683544304,6.515790304417709
148,0.310126582278481,13.713182912708643
148,0.31645569620253167,23.819097004955474
148,0.3227848101265823,16.088746455046998
148,0.3291139240506329,16.686447202989456
148,0.33544303797468356,16.751071296229053
148,0.34177215189873417,18.395043419697576
148,0.3481012658227848,2.485634636842392
148,0.35443037974683544,5.209135008337444
148,0.36075949367088606,4.817423975250807
148,0.3670886075949367,3.7215459355150244
148,0.37341772151898733,12.049124798138026
148,0.37974683544303794,15.136028928336934
148,0.3860759493670886,6.717867126220356
148,0.3924050632911392,4.978934763431782
148,0.3987341772151899,15.087315728148399
148,0.4050632911392405,11.364382632817867
148,0.4113924050632911,8.00876560501695
148,0.4177215189873418,10.778582343396494
148,0.4240506329113924,25.088150172072666
148,0.43037974683544306,2.208459957142206
148,0.43670886075949367,17.26043213618272
148,0.4430379746835443,16.76648257711184
148,0.44936708860759494,12.308485831942164
148,0.45569620253164556,5.698838028455143
148,0.4620253164556962,14.256860759369864
148,0.46835443037974683,10.69441539179771
148,0.47468354430379744,5.161857817477018
148,0.4810126582278481,4.55261273326479
148,0.4873417721518987,3.1630559314914253
148,0.49367088607594933,17.89303115259443
149,0.0,6.661338147750939e-15
149,0.00625,7.813549941808299
149,0.0125,20.684177578716696
149,0.018750000000000003,8.043175856239367
149,0.025,9.778351922423523
149,0.03125,17.649792702444724
149,0.037500000000000006,3.161570652579873
149,0.043750000000000004,13.802039180345322
149,0.05,15.031815951585346
149,0.05625,11.95847944855524
149,0.0625,19.651929531431332
149,0.06875,16.899939873282218
149,0.07500000000000001,15.748419125077682
149,0.08125,7.806639057179192
149,0.08750000000000001,14.288159568498767
149,0.09375,7.269549332125691
149,0.1,12.169443189625966
149,0.10625000000000001,10.344292423133245
149,0.1125,6.310216681025628
149,0.11875000000000001,8.42677667796433
149,0.125,4.636661605866932
149,0.13125,12.431635794451319
149,0.1375,5.990541344917583
149,0.14375000000000002,14.002132009144331
149,0.15000000000000002,7.275754956383488
149,0.15625,11.598837174963222
149,0.1625,15.093605703102057
149,0.16875,4.057350771130489
149,0.17500000000000002,5.807687380611981
149,0.18125000000000002,9.392885758572302
149,0.1875,6.922750759166261
149,0.19375,20.508325041634244
149,0.2,10.303103782211613
149,0.20625000000000002,7.653667947422688
149,0.21250000000000002,5.031969292067102
149,0.21875,3.545199967532706
149,0.225,8.382255402752632
149,0.23125,6.745547798986774
149,0.23750000000000002,3.782270169098451
149,0.24375000000000002,11.405745824182654
149,0.25,11.89273832512665
149,0.25625000000000003,17.83227242290544
149,0.2625,12.496427635903274
149,0.26875,5.064707519499343
149,0.275,8.184151922934884
149,0.28125,18.261765493211797
149,0.28750000000000003,23.10655261480391
149,0.29375,18.24169189379289
149,0.30000000000000004,12.544922376798015
149,0.30625,24.467674373336415
149,0.3125,18.909949398143066
149,0.31875000000000003,5.814880236305405
149,0.325,16.705744547869216
149,0.33125000000000004,29.708158189799693
149,0.3375,9.220509019874171
149,0.34375,5.178399891480778
149,0.35000000000000003,4.147172704543935
149,0.35625,9.922852880153032
149,0.36250000000000004,6.099356920489352
149,0.36875,10.543139656268277
149,0.375,6.694650622558034
149,0.38125000000000003,6.873090069286365
149,0.3875,24.979963001685842
149,0.39375000000000004,15.178971725706665
149,0.4,11.871261944312486
149,0.40625,4.279224018692253
149,0.41250000000000003,9.133432598198699
149,0.41875,10.539132340421085
149,0.42500000000000004,12.002187304431672
149,0.43125,6.030330870743936
149,0.4375,11.639208391372007
149,0.44375000000000003,13.569236653340269
149,0.45,7.290329930686381
149,0.45625000000000004,4.389472192644017
149,0.4625,10.28231761763847
149,0.46875,12.726581699151092
149,0.47500000000000003,19.362198565050996
149,0.48125,6.171427105223764
149,0.48750000000000004,20.114365369489747
149,0.49375,14.042958981195744
150,0.0,1.8207657603852567e-14
150,0.006060606060606061,29.34944498015184
150,0.012121212121212121,17.730131058962552
150,0.01818181818181818,12.257254500837982
150,0.024242424242424242,23.39594866339383
150,0.030303030303030304,8.377734362103682
150,0.03636363636363636,16.736841413323766
150,0.04242424242424243,1.9237968581184766
150,0.048484848484848485,12.849153658636954
150,0.05454545454545454,11.39577136903913
150,0.06060606060606061,7.966708664298953
150,0.06666666666666667,13.089788264700951
150,0.07272727272727272,16.340590366754487
150,0.07878787878787878,6.453043053754606
150,0.08484848484848485,5.395787691906958
150,0.09090909090909091,14.469627399408553
150,0.09696969696969697,2.155730175977871
150,0.10303030303030303,8.789172614786292
150,0.10909090909090909,4.9167597124431595
150,0.11515151515151516,6.044931528707642
150,0.12121212121212122,6.91059978216884
150,0.12727272727272726,3.8005751250801993
150,0.13333333333333333,11.388593319061942
150,0.1393939393939394,12.303843301283331
150,0.14545454545454545,12.434281227806313
150,0.15151515151515152,18.560686930490274
150,0.15757575757575756,7.397882237685443
150,0.16363636363636364,9.373739912734429
150,0.1696969696969697,11.861498232625783
150,0.17575757575757575,17.05432649028363
150,0.18181818181818182,24.465356720512272
150,0.18787878787878787,4.5394688211944265
150,0.19393939393939394,7.627062002596653
150,0.2,21.050607323736298
150,0.20606060606060606,14.797169767341376
150,0.21212121212121213,1.8221135784645124
150,0.21818181818181817,14.768114375295058
150,0.22424242424242424,1.0116627773182698
150,0.23030303030303031,9.214547517878941
150,0.23636363636363636,2.318036520364406
150,0.24242424242424243,11.09219529544053
150,0.24848484848484848,14.496273525361213
150,0.2545454545454545,9.517988180023448
150,0.2606060606060606,19.09107880090725
150,0.26666666666666666,6.392613915390332
150,0.2727272727272727,14.309775342523082
150,0.2787878787878788,13.39431864670094
150,0.28484848484848485,7.284073582288175
150,0.2909090909090909,11.964014068536914
150,0.296969696969697,6.816400820554024
150,0.30303030303030304,10.85787042125993
150,0.3090909090909091,10.2840845954678
150,0.3151515151515151,5.766189897824156
150,0.3212121212121212,9.554440801996954
150,0.32727272727272727,14.964661154258692
150,0.3333333333333333,7.255170802925033
150,0.3393939393939394,14.326927215837609
150,0.34545454545454546,30.43710907461294
150,0.3515151515151515,15.329302546913576
150,0.3575757575757576,3.5711112444800097
150,0.36363636363636365,1.610918024868779
150,0.3696969696969697,6.794631210916162
150,0.37575757575757573,3.9244080000425323
150,0.38181818181818183,9.943689859419841
150,0.3878787878787879,8.552722903091729
150,0.3939393939393939,6.770301010984355
150,0.4,13.28382351383381
150,0.40606060606060607,11.52875049183828
150,0.4121212121212121,17.073390961054667
150,0.41818181818181815,3.6300717462615153
150,0.42424242424242425,14.272285027781274
150,0.4303030303030303,10.75698945604929
150,0.43636363636363634,13.823131643851362
150,0.44242424242424244,15.767693910151573
150,0.4484848484848485,21.46990923418641
150,0.45454545454545453,12.78598625211442
150,0.46060606060606063,10.834586938871226
150,0.4666666666666667,3.4164117315559626
150,0.4727272727272727,12.93343212915782
150,0.47878787878787876,18.881614424755963
150,0.48484848484848486,17.862390328320203
150,0.4909090909090909,14.751891477442028
150,0.49696969696969695,12.947130221693232
151,0.0,8.881784197001252e-15
151,0.006289308176100629,16.876270310794858
151,0.012578616352201259,11.483474549619388
151,0.01886792452830189,22.818542657313568
151,0.025157232704402517,31.944138288259698
151,0.031446540880503145,13.581086822223199
151,0.03773584905660378,7.037045617072976
151,0.04402515723270441,17.426687011075217
151,0.050314465408805034,16.393708073555327
151,0.05660377358490566,8.77554362259375
151,0.06289308176100629,7.872682416419526
151,0.06918238993710692,9.668839390288888
151,0.07547169811320756,15.781575136085504
151,0.08176100628930819,6.662393182582926
151,0.08805031446540881,10.205993800598572
151,0.09433962264150944,7.636633816740415
151,0.10062893081761007,6.577437329941567
151,0.1069182389937107,12.335357821499189
151,0.11320754716981132,2.2339495634468287
151,0.11949685534591195,13.935380456042804
151,0.12578616352201258,7.2656061112129295
151,0.1320754716981132,10.76295456307143
151,0.13836477987421383,3.274150673885866
151,0.14465408805031446,14.387456605396642
151,0.15094339622641512,8.30966070179892
151,0.15723270440251574,12.045399982512079
151,0.16352201257861637,11.085986425108844
151,0.169811320754717,8.509056872653751
151,0.17610062893081763,16.25554185821592
151,0.18238993710691825,3.690069658402969
151,0.18867924528301888,5.591481186374818
151,0.1949685534591195,14.177039988113437
151,0.20125786163522014,7.0950083072517645
151,0.20754716981132076,5.11137786449755
151,0.2138364779874214,8.986121007297978
151,0.22012578616352202,15.306995130340425
151,0.22641509433962265,4.115051959517165
151,0.23270440251572327,4.094660842865371
151,0.2389937106918239,9.97306880844444
151,0.24528301886792453,2.4727084687645258
151,0.25157232704402516,23.098128216380147
151,0.2578616352201258,10.24791844900755
151,0.2641509433962264,13.302454363445209
151,0.27044025157232704,8.671620317290435
151,0.27672955974842767,12.048601079663962
151,0.2830188679245283,11.034506131037409
151,0.2893081761006289,14.69516932504032
151,0.29559748427672955,1.4344001188151083
151,0.30188679245283023,4.819599173482333
151,0.30817610062893086,27.571106042506422
151,0.3144654088050315,8.276717196820657
151,0.3207547169811321,7.895334743350205
151,0.32704402515723274,5.218457442222164
151,0.33333333333333337,16.835050879453025
151,0.339622641509434,5.599200802711352
151,0.3459119496855346,5.56284278547597
151,0.35220125786163525,9.353399343344867
151,0.3584905660377359,13.968386600997418
151,0.3647798742138365,5.437990024136485
151,0.37106918238993714,5.916692640572441
151,0.37735849056603776,10.554729633677008
151,0.3836477987421384,10.828031525709113
151,0.389937106918239,2.5728056440631932
151,0.39622641509433965,21.945038294531635
151,0.4025157232704403,17.104531376631577
151,0.4088050314465409,8.304505913107471
151,0.41509433962264153,14.311472320630273
151,0.42138364779874216,20.103172557993712
151,0.4276729559748428,34.50697952061067
151,0.4339622641509434,6.3534317343570095
151,0.44025157232704404,6.342809638817715
151,0.44654088050314467,6.491315356698489
151,0.4528301886792453,4.891570250180983
151,0.4591194968553459,2.880465173510507
151,0.46540880503144655,9.31118854575468
151,0.4716981132075472,1.9756720659225018
151,0.4779874213836478,24.612453055768263
151,0.48427672955974843,7.246161244068248
151,0.49056603773584906,9.093089232603052
151,0.4968553459119497,9.054602041064493
152,0.0,1.865174681370263e-14
152,0.006493506493506494,8.602062915727002
152,0.012987012987012988,18.6533217877478
152,0.01948051948051948,12.298957285370092
152,0.025974025974025976,17.239406538130893
152,0.03246753246753247,19.98290318452476
152,0.03896103896103896,18.009478086456213
152,0.045454545454545456,14.47826512326216
152,0.05194805194805195,10.867308450005437
152,0.05844155844155845,16.058234405574282
152,0.06493506493506494,8.84857849419599
152,0.07142857142857144,4.55317138436384
152,0.07792207792207792,7.840727542333912
152,0.08441558441558442,10.835459784901506
152,0.09090909090909091,19.93427157327216
152,0.09740259740259741,12.35469752256755
152,0.1038961038961039,15.168113160892304
152,0.1103896103896104,9.144435757890784
152,0.1168831168831169,6.838351522851934
152,0.12337662337662339,15.672311030725922
152,0.12987012987012989,10.38561590635637
152,0.13636363636363638,2.468282704915382
152,0.14285714285714288,4.354306918582394
152,0.14935064935064937,6.90154031904469
152,0.15584415584415584,10.71844401544965
152,0.16233766233766234,9.936860612593568
152,0.16883116883116883,6.603912328119666
152,0.17532467532467533,12.169346643980376
152,0.18181818181818182,7.982638096210518
152,0.18831168831168832,16.107310606667415
152,0.19480519480519481,5.812330217785391
152,0.2012987012987013,9.496895851585903
152,0.2077922077922078,14.05222848876529
152,0.2142857142857143,16.764641281139077
152,0.2207792207792208,14.984889645556901
152,0.2272727272727273,7.911239614352552
152,0.2337662337662338,9.67955384355886
152,0.24025974025974028,4.656130585117742
152,0.24675324675324678,6.3835331078122195
152,0.2532467532467533,9.10887673309405
152,0.25974025974025977,15.132830179366632
152,0.26623376623376627,14.089656227322951
152,0.27272727272727276,8.809199029786864
152,0.27922077922077926,2.7134267365565248
152,0.28571428571428575,8.337170445425315
152,0.29220779220779225,8.48141788090384
152,0.29870129870129875,6.307494152150411
152,0.30519480519480524,23.60210412324277
152,0.3116883116883117,9.36541327919975
152,0.3181818181818182,5.514377695974324
152,0.3246753246753247,6.498527514261834
152,0.33116883116883117,14.52923575653751
152,0.33766233766233766,10.501872120456044
152,0.34415584415584416,8.272967799676879
152,0.35064935064935066,6.520959751803563
152,0.35714285714285715,11.774358963495654
152,0.36363636363636365,14.20785825341538
152,0.37012987012987014,7.778460301338909
152,0.37662337662337664,5.831105583491002
152,0.38311688311688313,4.636076456383288
152,0.38961038961038963,9.593307069010075
152,0.3961038961038961,17.038023548508885
152,0.4025974025974026,12.474250563836318
152,0.4090909090909091,14.534383031262264
152,0.4155844155844156,3.077096532077764
152,0.4220779220779221,15.105993431210534
152,0.4285714285714286,19.368636748151516
152,0.4350649350649351,21.810951299513512
152,0.4415584415584416,15.778047746129149
152,0.4480519480519481,20.08448559594322
152,0.4545454545454546,13.09064750787529
152,0.4610389610389611,22.724389975089053
152,0.4675324675324676,11.953770236880006
152,0.4740259740259741,0.2245542061895527
152,0.48051948051948057,6.522150210445497
152,0.48701298701298706,16.12297573508962
152,0.49350649350649356,16.17005285520807
153,0.0,8.881784197001252e-16
153,0.0064516129032258064,16.939691087539913
153,0.012903225806451613,17.476817957809384
153,0.01935483870967742,12.982763205306753
153,0.025806451612903226,15.346098087805991
153,0.03225806451612903,6.998912362561469
153,0.03870967741935484,14.843986975225626
153,0.04516129032258064,16.758349967865676
153,0.05161290322580645,4.708172467399795
153,0.05806451612903226,10.14243970997167
153,0.06451612903225806,6.744672591563796
153,0.07096774193548387,11.603681969717702
153,0.07741935483870968,11.362104948167591
153,0.08387096774193549,8.244401401829204
153,0.09032258064516129,6.099530989578531
153,0.0967741935483871,4.61091794808694
153,0.1032258064516129,17.31048564707502
153,0.10967741935483871,6.817674425676817
153,0.11612903225806452,12.882506445265376
153,0.12258064516129032,11.118994868238044
153,0.12903225806451613,4.541916787233854
153,0.13548387096774195,10.597982231614212
153,0.14193548387096774,17.146633384825094
153,0.14838709677419354,9.852084350046956
153,0.15483870967741936,7.406252634151443
153,0.16129032258064516,16.992030640503824
153,0.16774193548387098,9.975413017671752
153,0.17419354838709677,7.622577043322922
153,0.18064516129032257,11.394784922198106
153,0.1870967741935484,12.40209832043847
153,0.1935483870967742,7.052661772207051
153,0.2,18.647562891350187
153,0.2064516129032258,19.130953542203834
153,0.2129032258064516,13.005941032050762
153,0.21935483870967742,12.931408368711189
153,0.22580645161290322,12.424691431583998
153,0.23225806451612904,5.584298565103344
153,0.23870967741935484,7.154139936664666
153,0.24516129032258063,8.890644949590056
153,0.25161290322580643,13.260902240195646
153,0.25806451612903225,4.357654345319721
153,0.2645161290322581,5.765963148013259
153,0.2709677419354839,7.794521537956847
153,0.27741935483870966,8.114535306713423
153,0.2838709677419355,11.286162949965144
153,0.2903225806451613,4.6944174628580955
153,0.2967741935483871,17.747103487418048
153,0.3032258064516129,12.497261014334395
153,0.3096774193548387,4.789474053051103
153,0.3161290322580645,7.23921907179365
153,0.3225806451612903,8.621243469507984
153,0.32903225806451614,16.883765017073532
153,0.33548387096774196,11.842286831644275
153,0.3419354838709677,25.70481771997665
153,0.34838709677419355,13.814403777959525
153,0.3548387096774194,12.630812538349385
153,0.36129032258064514,12.373647602302666
153,0.36774193548387096,34.22324979493479
153,0.3741935483870968,2.898013038140918
153,0.38064516129032255,1.3582263596434834
153,0.3870967741935484,8.351962288585662
153,0.3935483870967742,7.62861929494779
153,0.4,10.616921971532408
153,0.4064516129032258,13.932606018743396
153,0.4129032258064516,13.679081562373641
153,0.41935483870967744,10.422313464281006
153,0.4258064516129032,14.953916745019221
153,0.432258064516129,10.920725798918609
153,0.43870967741935485,15.399339761466972
153,0.44516129032258067,8.068696170647375
153,0.45161290322580644,12.560736376116143
153,0.45806451612903226,14.488887051038361
153,0.4645161290322581,12.607606869718571
153,0.47096774193548385,14.18378344838882
153,0.4774193548387097,2.2534444086735816
153,0.4838709677419355,14.10857944289855
153,0.49032258064516127,17.6742791083863
153,0.4967741935483871,5.389784883396142
154,0.0,4.440892098500626e-15
154,0.0064516129032258064,18.667272862575217
154,0.012903225806451613,10.927548763219617
154,0.01935483870967742,7.189791744204684
154,0.025806451612903226,10.366702506987052
154,0.03225806451612903,18.75194026977317
154,0.03870967741935484,12.809343952046216
154,0.04516129032258064,13.737065635106736
154,0.05161290322580645,19.51474347276918
154,0.05806451612903226,1.5407248549505692
154,0.06451612903225806,18.69796925367097
154,0.07096774193548387,3.4603388056363085
154,0.07741935483870968,16.268647219458195
154,0.08387096774193549,7.904760529659367
154,0.09032258064516129,6.459032700766966
154,0.0967741935483871,12.665159550606543
154,0.1032258064516129,22.020135812626176
154,0.10967741935483871,9.144521890059394
154,0.11612903225806452,15.329934852866568
154,0.12258064516129032,10.257311937680157
154,0.12903225806451613,6.5221029036593166
154,0.13548387096774195,4.22041242562427
154,0.14193548387096774,13.402906403657816
154,0.14838709677419354,11.784934572626039
154,0.15483870967741936,8.908238321126046
154,0.16129032258064516,7.082789327247136
154,0.16774193548387098,5.835191709850727
154,0.17419354838709677,13.208068916283413
154,0.18064516129032257,13.263349965740982
154,0.1870967741935484,9.701442298190958
154,0.1935483870967742,2.495298272877744
154,0.2,13.723602372438128
154,0.2064516129032258,8.811390209292108
154,0.2129032258064516,2.5440148928307815
154,0.21935483870967742,4.321825058232511
154,0.22580645161290322,12.187854409679732
154,0.23225806451612904,2.2821910973113004
154,0.23870967741935484,0.9159980337338293
154,0.24516129032258063,7.589617782551912
154,0.25161290322580643,13.235587016654277
154,0.25806451612903225,8.627303576566408
154,0.2645161290322581,15.318406678211804
154,0.2709677419354839,11.623079307476752
154,0.27741935483870966,18.891246589239685
154,0.2838709677419355,12.49386436127322
154,0.2903225806451613,8.996587431715566
154,0.2967741935483871,10.31997253256968
154,0.3032258064516129,23.948319470101023
154,0.3096774193548387,7.808299307045689
154,0.3161290322580645,18.61215409205257
154,0.3225806451612903,11.692683110026204
154,0.32903225806451614,7.182329524230981
154,0.33548387096774196,3.780542399741027
154,0.3419354838709677,12.719266010151433
154,0.34838709677419355,12.93135246351576
154,0.3548387096774194,26.697311413187965
154,0.36129032258064514,8.73976582303567
154,0.36774193548387096,20.496656704152166
154,0.3741935483870968,8.605106000255242
154,0.38064516129032255,14.377606446185007
154,0.3870967741935484,3.592016381546703
154,0.3935483870967742,17.06069545212045
154,0.4,9.378802898641142
154,0.4064516129032258,9.974896266735403
154,0.4129032258064516,16.140082658359194
154,0.41935483870967744,17.635487631183537
154,0.4258064516129032,9.247162726094636
154,0.432258064516129,6.631403229071953
154,0.43870967741935485,3.003423348524316
154,0.44516129032258067,11.090351978830656
154,0.45161290322580644,13.503329628501438
154,0.45806451612903226,24.878246096683423
154,0.4645161290322581,9.52865689070863
154,0.47096774193548385,7.9615949178226275
154,0.4774193548387097,13.43994632531521
154,0.4838709677419355,5.581630305070299
154,0.49032258064516127,1.7172316245369237
154,0.4967741935483871,13.595631385445625
155,0.0,1.7763568394002505e-14
155,0.006329113924050633,7.647816645721565
155,0.012658227848101266,5.86693911249894
155,0.0189873417721519,11.257668030992615
155,0.02531645569620253,2.622881496246106
155,0.03164556962025317,10.648942189088542
155,0.0379746835443038,14.026134893922517
155,0.04430379746835443,11.39850196240204
155,0.05063291139240506,12.785092481280953
155,0.056962025316455694,18.078650381553086
155,0.06329113924050633,16.85131501539084
155,0.06962025316455696,21.806194903767807
155,0.0759493670886076,10.15786327642015
155,0.08227848101265822,17.905804011987907
155,0.08860759493670886,6.746649757729503
155,0.09493670886075949,5.38413450116492
155,0.10126582278481013,11.666227747172446
155,0.10759493670886076,9.486247718959415
155,0.11392405063291139,8.866987692162494
155,0.12025316455696203,4.68049778934813
155,0.12658227848101267,1.5703500608866154
155,0.13291139240506328,6.130690005663617
155,0.13924050632911392,4.98261102917249
155,0.14556962025316456,7.016491429677106
155,0.1518987341772152,19.02473600633335
155,0.15822784810126583,10.527126972971788
155,0.16455696202531644,12.324810753118989
155,0.17088607594936708,10.378299757598903
155,0.17721518987341772,13.000024576704806
155,0.18354430379746836,2.833931051102372
155,0.18987341772151897,8.658733022967454
155,0.1962025316455696,5.613938064571771
155,0.20253164556962025,2.1015668162176215
155,0.2088607594936709,6.728307337753082
155,0.21518987341772153,5.114660227628535
155,0.22151898734177214,9.049010672719568
155,0.22784810126582278,20.10361780783714
155,0.23417721518987342,17.683952829505508
155,0.24050632911392406,29.547536208163102
155,0.24683544303797467,7.820794010846475
155,0.25316455696202533,6.397968325529921
155,0.25949367088607594,11.877824893401353
155,0.26582278481012656,4.409377299805211
155,0.2721518987341772,7.978825328100332
155,0.27848101265822783,16.57805157736489
155,0.2848101265822785,8.20919286751814
155,0.2911392405063291,17.458204087123967
155,0.2974683544303797,12.105773855167259
155,0.3037974683544304,0.986864764927827
155,0.310126582278481,9.61257892906883
155,0.31645569620253167,18.454348269482946
155,0.3227848101265823,14.426550673902927
155,0.3291139240506329,15.814997879504315
155,0.33544303797468356,5.648774589192295
155,0.34177215189873417,18.618056718590044
155,0.3481012658227848,9.114395268480099
155,0.35443037974683544,12.797976637109173
155,0.36075949367088606,19.548137199218015
155,0.3670886075949367,8.588456826049972
155,0.37341772151898733,4.445829986748138
155,0.37974683544303794,5.167061540063573
155,0.3860759493670886,4.659514611302771
155,0.3924050632911392,11.530660329116595
155,0.3987341772151899,9.27697356483493
155,0.4050632911392405,21.614104243097064
155,0.4113924050632911,7.19465556345004
155,0.4177215189873418,18.165581969727775
155,0.4240506329113924,16.39142336309687
155,0.43037974683544306,13.805014921627894
155,0.43670886075949367,14.777871290555764
155,0.4430379746835443,29.215113676250102
155,0.44936708860759494,13.247199396963532
155,0.45569620253164556,5.835661535830637
155,0.4620253164556962,10.976566139869737
155,0.46835443037974683,12.165107255489701
155,0.47468354430379744,5.258459147544884
155,0.4810126582278481,3.364796943072197
155,0.4873417721518987,7.946819982784496
155,0.49367088607594933,22.40030118345414
156,0.0,4.440892098500626e-15
156,0.0064516129032258064,23.89439721016833
156,0.012903225806451613,15.346251915123084
156,0.01935483870967742,4.743880153404028
156,0.025806451612903226,7.953042538106998
156,0.03225806451612903,4.711967549674413
156,0.03870967741935484,7.808433350283607
156,0.04516129032258064,3.6114381588659787
156,0.05161290322580645,16.70452783064975
156,0.05806451612903226,12.775199613304407
156,0.06451612903225806,6.70543268335726
156,0.07096774193548387,20.380741099904473
156,0.07741935483870968,4.359409152783972
156,0.08387096774193549,11.108671668583336
156,0.09032258064516129,6.114635119496143
156,0.0967741935483871,9.96819483281768
156,0.1032258064516129,20.63516210468405
156,0.10967741935483871,9.784350411937925
156,0.11612903225806452,15.927211731557376
156,0.12258064516129032,6.051580129899138
156,0.12903225806451613,13.753971962287727
156,0.13548387096774195,4.308685886886344
156,0.14193548387096774,21.465665726016727
156,0.14838709677419354,5.373096741221586
156,0.15483870967741936,7.670035874499967
156,0.16129032258064516,6.263137719710596
156,0.16774193548387098,10.079107125620055
156,0.17419354838709677,10.222666050662532
156,0.18064516129032257,9.550469411876872
156,0.1870967741935484,9.944554871725414
156,0.1935483870967742,2.5084576830601053
156,0.2,13.377254523225723
156,0.2064516129032258,8.42809050851953
156,0.2129032258064516,7.279098340822069
156,0.21935483870967742,7.953799032013178
156,0.22580645161290322,3.796076409117631
156,0.23225806451612904,12.744495814855764
156,0.23870967741935484,8.854018672090557
156,0.24516129032258063,5.6346415574476945
156,0.25161290322580643,16.928654488480568
156,0.25806451612903225,15.787479771825696
156,0.2645161290322581,16.674734838806856
156,0.2709677419354839,8.11796197023257
156,0.27741935483870966,15.989701535998092
156,0.2838709677419355,14.533240176156621
156,0.2903225806451613,11.802951265478338
156,0.2967741935483871,4.5888494572179965
156,0.3032258064516129,12.97125743805007
156,0.3096774193548387,5.902774966276977
156,0.3161290322580645,6.960445132483561
156,0.3225806451612903,5.802487999010575
156,0.32903225806451614,25.303642237965754
156,0.33548387096774196,5.617962669823128
156,0.3419354838709677,14.815415827340349
156,0.34838709677419355,19.001862182410697
156,0.3548387096774194,17.912118684406035
156,0.36129032258064514,14.131307023911642
156,0.36774193548387096,27.239954470355173
156,0.3741935483870968,8.566455820325505
156,0.38064516129032255,14.370594828781366
156,0.3870967741935484,10.812313387008775
156,0.3935483870967742,15.689785818975315
156,0.4,16.877432508880975
156,0.4064516129032258,9.093536016724745
156,0.4129032258064516,5.739642361136897
156,0.41935483870967744,0.8517675759947956
156,0.4258064516129032,5.891886566841148
156,0.432258064516129,6.830395728546553
156,0.43870967741935485,17.639185751602902
156,0.44516129032258067,7.453699897138867
156,0.45161290322580644,2.032425736615782
156,0.45806451612903226,14.408563691135997
156,0.4645161290322581,19.469119970572095
156,0.47096774193548385,19.243845617381208
156,0.4774193548387097,8.861497357568517
156,0.4838709677419355,5.2351697377653865
156,0.49032258064516127,16.240626882524964
156,0.4967741935483871,7.0073859845226805
157,0.0,1.4210854715202004e-14
157,0.006289308176100629,4.546806904065536
157,0.012578616352201259,21.269793180303548
157,0.01886792452830189,2.8430422298235967
157,0.025157232704402517,16.21653811388623
157,0.031446540880503145,11.123303676586792
157,0.03773584905660378,8.11391634498422
157,0.04402515723270441,9.98449960207519
157,0.050314465408805034,7.966077809657594
157,0.05660377358490566,12.84749431259053
157,0.06289308176100629,5.49754727024953
157,0.06918238993710692,7.726358253875288
157,0.07547169811320756,8.694544716445062
157,0.08176100628930819,9.398998825857015
157,0.08805031446540881,9.794478720150746
157,0.09433962264150944,6.656003778221088
157,0.10062893081761007,19.68118454483151
157,0.1069182389937107,1.9096175690704495
157,0.11320754716981132,12.823715011339031
157,0.11949685534591195,9.041841116485354
157,0.12578616352201258,2.7462273747428916
157,0.1320754716981132,17.466891335077847
157,0.13836477987421383,13.163481682238135
157,0.14465408805031446,6.101668155526966
157,0.15094339622641512,12.51549114619117
157,0.15723270440251574,16.106748940896715
157,0.16352201257861637,12.622783219454226
157,0.169811320754717,17.280022840904422
157,0.17610062893081763,24.315092072017467
157,0.18238993710691825,14.881500601636702
157,0.18867924528301888,17.423924349460087
157,0.1949685534591195,6.132856322304041
157,0.20125786163522014,7.4517176051293825
157,0.20754716981132076,15.65865024753167
157,0.2138364779874214,10.636628584835172
157,0.22012578616352202,14.960147887474557
157,0.22641509433962265,7.103996909905816
157,0.23270440251572327,6.489411038590058
157,0.2389937106918239,8.52860689534473
157,0.24528301886792453,9.104667301060118
157,0.25157232704402516,12.274253845622434
157,0.2578616352201258,9.468862775557483
157,0.2641509433962264,14.261854163676407
157,0.27044025157232704,14.906654063059243
157,0.27672955974842767,12.164286924010414
157,0.2830188679245283,18.065774379527706
157,0.2893081761006289,8.279949215219863
157,0.29559748427672955,2.8943621494969274
157,0.30188679245283023,15.793153304339908
157,0.30817610062893086,18.328345825248594
157,0.3144654088050315,8.828831601687275
157,0.3207547169811321,11.897302181006324
157,0.32704402515723274,17.172415002888403
157,0.33333333333333337,7.654461600458137
157,0.339622641509434,4.854401288685602
157,0.3459119496855346,5.767713895635006
157,0.35220125786163525,5.148474082800478
157,0.3584905660377359,13.006794715764144
157,0.3647798742138365,25.960684338137618
157,0.37106918238993714,8.677951308678475
157,0.37735849056603776,13.03595680834624
157,0.3836477987421384,3.759593857056609
157,0.389937106918239,8.796648819020946
157,0.39622641509433965,12.489703663044294
157,0.4025157232704403,3.600909409631912
157,0.4088050314465409,9.031460816572968
157,0.41509433962264153,9.060101068507208
157,0.42138364779874216,13.767050395588779
157,0.4276729559748428,4.140203998716775
157,0.4339622641509434,11.214202854126574
157,0.44025157232704404,4.3872866980315735
157,0.44654088050314467,14.433180402177642
157,0.4528301886792453,20.71012815922304
157,0.4591194968553459,17.249819932846087
157,0.46540880503144655,13.272163190987078
157,0.4716981132075472,19.479659226010472
157,0.4779874213836478,17.62901109419673
157,0.48427672955974843,5.187228180591316
157,0.49056603773584906,17.443924898117693
157,0.4968553459119497,21.329944970571216
158,0.0,9.325873406851315e-15
158,0.006369426751592357,13.776803030525116
158,0.012738853503184714,15.492890891519293
158,0.019108280254777073,0.9464350682733177
158,0.025477707006369428,7.734116602710843
158,0.03184713375796178,21.500581863020017
158,0.038216560509554146,10.309938706790392
158,0.0445859872611465,19.774967198686443
158,0.050955414012738856,6.332369749808541
158,0.05732484076433121,6.503413445672
158,0.06369426751592357,12.101985716307896
158,0.07006369426751592,9.54872998818859
158,0.07643312101910829,11.539287294561806
158,0.08280254777070065,2.4055630043744145
158,0.089171974522293,17.952486895946123
158,0.09554140127388536,6.618546487446934
158,0.10191082802547771,16.525713259475246
158,0.10828025477707007,9.205508563471566
158,0.11464968152866242,5.085473289161505
158,0.12101910828025478,10.696676577403762
158,0.12738853503184713,7.901111837138506
158,0.1337579617834395,17.890552253503728
158,0.14012738853503184,6.714546313235032
158,0.1464968152866242,9.37111620126392
158,0.15286624203821658,12.222084935089807
158,0.15923566878980894,17.226387034371754
158,0.1656050955414013,14.341383628368494
158,0.17197452229299365,6.370203898258682
158,0.178343949044586,15.15427869711178
158,0.18471337579617836,7.07484516841063
158,0.1910828025477707,14.966205143159947
158,0.19745222929936307,17.390676905811965
158,0.20382165605095542,15.417281689265327
158,0.21019108280254778,7.076859825352863
158,0.21656050955414013,8.527880771887695
158,0.2229299363057325,7.246098197409497
158,0.22929936305732485,5.4466811288728945
158,0.2356687898089172,7.905462758054872
158,0.24203821656050956,2.9027692927445092
158,0.2484076433121019,12.803888399126077
158,0.25477707006369427,14.807144508870222
158,0.2611464968152866,16.337748978499327
158,0.267515923566879,25.43449302501893
158,0.27388535031847133,1.404297379340684
158,0.2802547770700637,29.713424472585654
158,0.28662420382165604,10.223353208943083
158,0.2929936305732484,9.494184891321463
158,0.29936305732484075,13.204650811335814
158,0.30573248407643316,5.089504739823836
158,0.3121019108280255,18.882862083009517
158,0.3184713375796179,3.886520610551109
158,0.32484076433121023,17.78537441710095
158,0.3312101910828026,6.133760932353279
158,0.33757961783439494,6.249225162075181
158,0.3439490445859873,6.437365569570889
158,0.35031847133757965,10.873570402399944
158,0.356687898089172,12.21824239199534
158,0.36305732484076436,15.521510352589917
158,0.3694267515923567,18.924439434467416
158,0.37579617834394907,8.813103565962777
158,0.3821656050955414,6.358515058609967
158,0.3885350318471338,12.499567790890193
158,0.39490445859872614,13.751458793450404
158,0.4012738853503185,7.5345577436544
158,0.40764331210191085,13.499618184893441
158,0.4140127388535032,8.366922496945401
158,0.42038216560509556,3.513749522993379
158,0.4267515923566879,23.179588637502736
158,0.43312101910828027,11.448424656347823
158,0.4394904458598726,8.402093752778443
158,0.445859872611465,12.125364799614502
158,0.45222929936305734,13.485347758689041
158,0.4585987261146497,14.398645048008731
158,0.46496815286624205,7.1155737392391485
158,0.4713375796178344,12.426341966437386
158,0.47770700636942676,10.420519019767418
158,0.4840764331210191,15.264976119798728
158,0.49044585987261147,6.464918758884287
158,0.4968152866242038,11.213374781357087
159,0.0,2.398081733190338e-14
159,0.006289308176100629,13.062333589425027
159,0.012578616352201259,12.574918887277956
159,0.01886792452830189,9.340332424988867
159,0.025157232704402517,3.0180387125769816
159,0.031446540880503145,11.87748385304175
159,0.03773584905660378,5.945814708622663
159,0.04402515723270441,5.799730384869914
159,0.050314465408805034,12.956739751278608
159,0.05660377358490566,20.807220825597682
159,0.06289308176100629,14.648536660205137
159,0.06918238993710692,7.481615974532852
159,0.07547169811320756,7.802058476244481
159,0.08176100628930819,2.928013523829138
159,0.08805031446540881,11.169515714919191
159,0.09433962264150944,12.83339609942104
159,0.10062893081761007,4.95727513981008
159,0.1069182389937107,8.83922470691284
159,0.11320754716981132,4.490000390625491
159,0.11949685534591195,21.349462380669582
159,0.12578616352201258,5.526522581587328
159,0.1320754716981132,10.44240009826778
159,0.13836477987421383,11.735227613673025
159,0.14465408805031446,16.733634913790382
159,0.15094339622641512,15.18060765401531
159,0.15723270440251574,12.569677120850178
159,0.16352201257861637,2.954997319829754
159,0.169811320754717,7.349519537187978
159,0.17610062893081763,19.81132681312526
159,0.18238993710691825,3.285886637361202
159,0.18867924528301888,5.7335870568616425
159,0.1949685534591195,1.1759633344957454
159,0.20125786163522014,8.245901551090224
159,0.20754716981132076,13.111510111866394
159,0.2138364779874214,11.247790506163447
159,0.22012578616352202,4.655399863016488
159,0.22641509433962265,2.789427677266074
159,0.23270440251572327,21.771091383891367
159,0.2389937106918239,17.18462489841151
159,0.24528301886792453,7.076759000488671
159,0.25157232704402516,5.871300680402616
159,0.2578616352201258,11.157749625806877
159,0.2641509433962264,17.152262464282714
159,0.27044025157232704,12.358429009809194
159,0.27672955974842767,9.245690328200778
159,0.2830188679245283,31.029571543969883
159,0.2893081761006289,17.491495899483056
159,0.29559748427672955,11.51321260825406
159,0.30188679245283023,4.312395331177477
159,0.30817610062893086,13.136017876581134
159,0.3144654088050315,23.36542516047612
159,0.3207547169811321,11.493195287666229
159,0.32704402515723274,17.305139948789293
159,0.33333333333333337,14.002551173890769
159,0.339622641509434,4.458678813890103
159,0.3459119496855346,19.296261928913196
159,0.35220125786163525,19.109323020787105
159,0.3584905660377359,18.72242576422714
159,0.3647798742138365,10.462287142176606
159,0.37106918238993714,9.451685016439676
159,0.37735849056603776,7.1650590589311935
159,0.3836477987421384,10.326861011376703
159,0.389937106918239,27.455398278704983
159,0.39622641509433965,8.018674590143126
159,0.4025157232704403,18.345700308446865
159,0.4088050314465409,12.675186885042482
159,0.41509433962264153,8.160686951919605
159,0.42138364779874216,7.8238044038798344
159,0.4276729559748428,9.065821233574725
159,0.4339622641509434,12.970261460627297
159,0.44025157232704404,10.334229798074881
159,0.44654088050314467,13.632949951625859
159,0.4528301886792453,2.945317883348554
159,0.4591194968553459,6.5829182933113115
159,0.46540880503144655,3.4782073733650347
159,0.4716981132075472,9.493991870266045
159,0.4779874213836478,12.866886193571217
159,0.48427672955974843,10.627450469285833
159,0.49056603773584906,8.035838795216996
159,0.4968553459119497,11.376303925158512
160,0.0,1.1324274851176597e-14
160,0.006369426751592357,8.898662013021019
160,0.012738853503184714,2.778224738655236
160,0.019108280254777073,8.726726643394912
160,0.025477707006369428,7.780478440338129
160,0.03184713375796178,9.583828654376372
160,0.038216560509554146,16.92516543369667
160,0.0445859872611465,11.929096788934201
160,0.050955414012738856,8.772654947077063
160,0.05732484076433121,20.034439966833602
160,0.06369426751592357,4.67773212378527
160,0.07006369426751592,10.450482066243033
160,0.07643312101910829,10.263531436296024
160,0.08280254777070065,4.447906426013556
160,0.089171974522293,16.14107909074629
160,0.09554140127388536,14.192601569228804
160,0.10191082802547771,6.3596825836783575
160,0.10828025477707007,18.043361523835113
160,0.11464968152866242,21.30160028753429
160,0.12101910828025478,7.8884895930511885
160,0.12738853503184713,5.719120794231061
160,0.1337579617834395,4.063716729299304
160,0.14012738853503184,5.936305956433789
160,0.1464968152866242,10.728972733333539
160,0.15286624203821658,9.11593150997065
160,0.15923566878980894,2.9346703164570087
160,0.1656050955414013,21.508008285332316
160,0.17197452229299365,8.836072701319043
160,0.178343949044586,16.05885121633701
160,0.18471337579617836,11.541166724608013
160,0.1910828025477707,8.471911649211066
160,0.19745222929936307,2.6017746454049995
160,0.20382165605095542,16.29597812360422
160,0.21019108280254778,14.18128778567287
160,0.21656050955414013,17.31161630251106
160,0.2229299363057325,14.890384827005338
160,0.22929936305732485,4.238580153511877
160,0.2356687898089172,9.532102992844898
160,0.24203821656050956,16.939454587543935
160,0.2484076433121019,9.521739655717205
160,0.25477707006369427,14.477998441396284
160,0.2611464968152866,4.639589336310102
160,0.267515923566879,23.415807341075624
160,0.27388535031847133,12.12163236417807
160,0.2802547770700637,7.2121569369086735
160,0.28662420382165604,11.33609189860468
160,0.2929936305732484,13.779103455084927
160,0.29936305732484075,8.586163985919088
160,0.30573248407643316,10.92304958138156
160,0.3121019108280255,4.917946157000059
160,0.3184713375796179,3.1971314964562487
160,0.32484076433121023,17.63544046044281
160,0.3312101910828026,12.034246467988806
160,0.33757961783439494,15.52852617584298
160,0.3439490445859873,9.571658152542824
160,0.35031847133757965,11.744783139436654
160,0.356687898089172,5.428263696469025
160,0.36305732484076436,13.644015290928689
160,0.3694267515923567,19.009272665560975
160,0.37579617834394907,21.98595702164061
160,0.3821656050955414,18.2765017327018
160,0.3885350318471338,19.897546210201213
160,0.39490445859872614,11.105041576996028
160,0.4012738853503185,28.06525727689386
160,0.40764331210191085,2.88711312492788
160,0.4140127388535032,6.547036727032737
160,0.42038216560509556,7.871384857450391
160,0.4267515923566879,2.759958446370613
160,0.43312101910828027,14.462349410374191
160,0.4394904458598726,6.321055942323149
160,0.445859872611465,2.3889250700371747
160,0.45222929936305734,15.186667735451325
160,0.4585987261146497,12.949385453606858
160,0.46496815286624205,20.487217172984515
160,0.4713375796178344,6.9988657207513025
160,0.47770700636942676,6.397191451615481
160,0.4840764331210191,5.312258836413509
160,0.49044585987261147,11.371321358457205
160,0.4968152866242038,11.514076220080922
161,0.0,7.771561172376096e-15
161,0.006329113924050633,12.443728379461218
161,0.012658227848101266,25.0867490366033
161,0.0189873417721519,3.0231157720048087
161,0.02531645569620253,15.242116061280962
161,0.03164556962025317,20.475199790556488
161,0.0379746835443038,23.028777577504865
161,0.04430379746835443,12.61429529352706
161,0.05063291139240506,13.143842979772721
161,0.056962025316455694,4.440138032394892
161,0.06329113924050633,17.31053574927374
161,0.06962025316455696,4.365962469378033
161,0.0759493670886076,11.106667506438797
161,0.08227848101265822,15.292270335282177
161,0.08860759493670886,19.73062024760427
161,0.09493670886075949,12.647061254103358
161,0.10126582278481013,18.570761833234794
161,0.10759493670886076,6.460048410320813
161,0.11392405063291139,14.960091931819349
161,0.12025316455696203,8.274127133437586
161,0.12658227848101267,15.1114115100094
161,0.13291139240506328,14.225518719363025
161,0.13924050632911392,13.67946401844812
161,0.14556962025316456,8.022563316935654
161,0.1518987341772152,17.006617276213543
161,0.15822784810126583,2.822040857996652
161,0.16455696202531644,2.3511195086237144
161,0.17088607594936708,11.198021361830625
161,0.17721518987341772,10.875326596369897
161,0.18354430379746836,6.282472572967962
161,0.18987341772151897,14.06067808446563
161,0.1962025316455696,7.758108912066238
161,0.20253164556962025,4.449133056607962
161,0.2088607594936709,13.778016432551038
161,0.21518987341772153,13.61316904251613
161,0.22151898734177214,12.039740222234244
161,0.22784810126582278,8.522028316151237
161,0.23417721518987342,9.458003806550336
161,0.24050632911392406,21.23651028496247
161,0.24683544303797467,9.852289431955914
161,0.25316455696202533,2.9680180978354604
161,0.25949367088607594,3.489716048753443
161,0.26582278481012656,1.0308546637323504
161,0.2721518987341772,3.358145825563841
161,0.27848101265822783,6.352392189138999
161,0.2848101265822785,5.876336696260737
161,0.2911392405063291,13.321682847389448
161,0.2974683544303797,12.369045501063951
161,0.3037974683544304,7.524757075440966
161,0.310126582278481,24.092423668549227
161,0.31645569620253167,4.012265576610567
161,0.3227848101265823,0.7387344745051829
161,0.3291139240506329,5.975148097831237
161,0.33544303797468356,4.602915734396962
161,0.34177215189873417,2.1197333635871787
161,0.3481012658227848,8.765702747986708
161,0.35443037974683544,16.277059511154793
161,0.36075949367088606,18.111163550122647
161,0.3670886075949367,11.8606904684493
161,0.37341772151898733,15.135609774348262
161,0.37974683544303794,3.034995383742603
161,0.3860759493670886,7.5457856976814375
161,0.3924050632911392,3.351975655452565
161,0.3987341772151899,10.61974212010793
161,0.4050632911392405,5.496832574312167
161,0.4113924050632911,21.89631264967759
161,0.4177215189873418,10.408428408115832
161,0.4240506329113924,16.92340404174368
161,0.43037974683544306,9.55208079949672
161,0.43670886075949367,13.866346538236145
161,0.4430379746835443,12.482753859962255
161,0.44936708860759494,21.69389466903746
161,0.45569620253164556,4.112764845295903
161,0.4620253164556962,15.109995610712932
161,0.46835443037974683,2.5641242046640484
161,0.47468354430379744,17.958019660165053
161,0.4810126582278481,12.88241605430612
161,0.4873417721518987,20.587273559673402
161,0.49367088607594933,10.63367219750931
162,0.0,5.773159728050814e-15
162,0.006289308176100629,19.34828468404943
162,0.012578616352201259,21.35340022046046
162,0.01886792452830189,22.47585216363393
162,0.025157232704402517,11.590871974437265
162,0.031446540880503145,13.970086102071875
162,0.03773584905660378,15.167499815607494
162,0.04402515723270441,8.059809438800325
162,0.050314465408805034,10.607139760527518
162,0.05660377358490566,10.705177136697278
162,0.06289308176100629,8.223762463866771
162,0.06918238993710692,18.927181538195303
162,0.07547169811320756,13.018443755574047
162,0.08176100628930819,17.52615660301028
162,0.08805031446540881,10.028742717590127
162,0.09433962264150944,14.418266893701372
162,0.10062893081761007,5.920700570614368
162,0.1069182389937107,10.344201536672436
162,0.11320754716981132,10.075140070670217
162,0.11949685534591195,4.428932394269347
162,0.12578616352201258,14.058701167614954
162,0.1320754716981132,14.589689093266475
162,0.13836477987421383,13.617233846059216
162,0.14465408805031446,1.0847437702431844
162,0.15094339622641512,10.92321778791675
162,0.15723270440251574,8.113986536732304
162,0.16352201257861637,16.688301833472625
162,0.169811320754717,7.6564809775997675
162,0.17610062893081763,5.462001375506671
162,0.18238993710691825,9.980529495032542
162,0.18867924528301888,10.7576487381597
162,0.1949685534591195,4.970621797705798
162,0.20125786163522014,10.096441645425555
162,0.20754716981132076,13.108221641426711
162,0.2138364779874214,20.22257641246029
162,0.22012578616352202,11.89813334729435
162,0.22641509433962265,10.027153706702263
162,0.23270440251572327,13.78977390903891
162,0.2389937106918239,18.145869698882958
162,0.24528301886792453,12.77877506996274
162,0.25157232704402516,13.318009659006416
162,0.2578616352201258,16.360237514999454
162,0.2641509433962264,8.209347471758251
162,0.27044025157232704,26.100182263966346
162,0.27672955974842767,13.538353051161392
162,0.2830188679245283,17.199334188935904
162,0.2893081761006289,22.930804712663246
162,0.29559748427672955,13.946323339176082
162,0.30188679245283023,0.9279588158614934
162,0.30817610062893086,14.88640660612951
162,0.3144654088050315,8.796374761702575
162,0.3207547169811321,16.47251717079654
162,0.32704402515723274,14.813102238730382
162,0.33333333333333337,11.367745141718284
162,0.339622641509434,10.20759015936603
162,0.3459119496855346,12.985196953605454
162,0.35220125786163525,8.92560420588068
162,0.3584905660377359,16.214321123268057
162,0.3647798742138365,4.23501501969767
162,0.37106918238993714,19.669576318446317
162,0.37735849056603776,14.44310836357189
162,0.3836477987421384,5.448959569361873
162,0.389937106918239,9.460883850803551
162,0.39622641509433965,2.9864752954505747
162,0.4025157232704403,4.324478309529428
162,0.4088050314465409,7.901373323508918
162,0.41509433962264153,10.277487255054579
162,0.42138364779874216,6.8410982154504
162,0.4276729559748428,5.950806594925448
162,0.4339622641509434,11.468393269450083
162,0.44025157232704404,0.9075541106719239
162,0.44654088050314467,8.298644940685666
162,0.4528301886792453,2.3016588356498944
162,0.4591194968553459,4.231404675058225
162,0.46540880503144655,15.035621917428132
162,0.4716981132075472,11.491349593621498
162,0.4779874213836478,15.868808297893715
162,0.48427672955974843,2.934162762572824
162,0.49056603773584906,11.985071822365015
162,0.4968553459119497,7.547944756150341
163,0.0,0.0
163,0.0064516129032258064,13.51613611725849
163,0.012903225806451613,11.533429705474575
163,0.01935483870967742,15.24076978288125
163,0.025806451612903226,5.340380792450174
163,0.03225806451612903,6.859061294188158
163,0.03870967741935484,20.52077817492522
163,0.04516129032258064,3.0687385834745284
163,0.05161290322580645,13.77942343299826
163,0.05806451612903226,20.550555261760007
163,0.06451612903225806,10.28400232000439
163,0.07096774193548387,13.592901246355748
163,0.07741935483870968,10.468800957878775
163,0.08387096774193549,11.833759385359983
163,0.09032258064516129,2.376974225365041
163,0.0967741935483871,9.71088939307405
163,0.1032258064516129,10.190412847036885
163,0.10967741935483871,12.297679327660237
163,0.11612903225806452,10.200344517580914
163,0.12258064516129032,20.138735335073083
163,0.12903225806451613,11.259116774351034
163,0.13548387096774195,4.763025252419419
163,0.14193548387096774,12.363159646587137
163,0.14838709677419354,16.38362409859456
163,0.15483870967741936,7.645362443508161
163,0.16129032258064516,8.642063147569084
163,0.16774193548387098,10.672851997385123
163,0.17419354838709677,12.196309071368004
163,0.18064516129032257,4.335647423245031
163,0.1870967741935484,3.3247656094002647
163,0.1935483870967742,12.8614369467911
163,0.2,17.945066370158106
163,0.2064516129032258,12.756365074821435
163,0.2129032258064516,12.460706661689633
163,0.21935483870967742,14.974439505572978
163,0.22580645161290322,13.217899007656987
163,0.23225806451612904,16.085362793424242
163,0.23870967741935484,14.7438858380945
163,0.24516129032258063,11.193322084447809
163,0.25161290322580643,7.672053831901212
163,0.25806451612903225,8.906547310310941
163,0.2645161290322581,29.493700548664062
163,0.2709677419354839,21.029912703549194
163,0.27741935483870966,9.128034539273733
163,0.2838709677419355,16.016822266449736
163,0.2903225806451613,10.617511222627018
163,0.2967741935483871,7.088352167926222
163,0.3032258064516129,5.594459263616632
163,0.3096774193548387,7.677803211395128
163,0.3161290322580645,7.3987416282993115
163,0.3225806451612903,20.160512775540848
163,0.32903225806451614,25.679963078397
163,0.33548387096774196,15.619282315820083
163,0.3419354838709677,9.686831127804505
163,0.34838709677419355,12.049986516271366
163,0.3548387096774194,4.105656633702703
163,0.36129032258064514,13.020243883513173
163,0.36774193548387096,6.893538228696349
163,0.3741935483870968,15.643241865157169
163,0.38064516129032255,1.8774487129243063
163,0.3870967741935484,1.0501185215408084
163,0.3935483870967742,12.487179306931981
163,0.4,13.390143277074923
163,0.4064516129032258,4.8502718512002545
163,0.4129032258064516,10.203885056757253
163,0.41935483870967744,9.528997880358181
163,0.4258064516129032,12.72483020486464
163,0.432258064516129,11.846651587315495
163,0.43870967741935485,7.232036841050847
163,0.44516129032258067,7.331139559807859
163,0.45161290322580644,12.205646875761277
163,0.45806451612903226,13.707472023879788
163,0.4645161290322581,15.927913759863525
163,0.47096774193548385,7.403537503565525
163,0.4774193548387097,3.011241130712296
163,0.4838709677419355,10.65496994973822
163,0.49032258064516127,15.989631224477566
163,0.4967741935483871,4.829108800763269
164,0.0,2.3092638912203256e-14
164,0.006493506493506494,9.878337544171215
164,0.012987012987012988,13.625387437047808
164,0.01948051948051948,6.975763331133051
164,0.025974025974025976,22.64666142708432
164,0.03246753246753247,19.9066351656146
164,0.03896103896103896,5.600924755372948
164,0.045454545454545456,8.413052553851683
164,0.05194805194805195,7.399629848152467
164,0.05844155844155845,9.208695741399021
164,0.06493506493506494,9.201463407116242
164,0.07142857142857144,6.59106207935251
164,0.07792207792207792,14.602121958250688
164,0.08441558441558442,5.178840941135868
164,0.09090909090909091,5.062539021682459
164,0.09740259740259741,12.913433558544455
164,0.1038961038961039,8.567842286670185
164,0.1103896103896104,4.671276440998908
164,0.1168831168831169,4.3874606072903655
164,0.12337662337662339,0.9483003280730287
164,0.12987012987012989,9.425846210344353
164,0.13636363636363638,9.245326465069704
164,0.14285714285714288,9.251481494431543
164,0.14935064935064937,4.648454622761184
164,0.15584415584415584,13.836034198936526
164,0.16233766233766234,14.697204127173066
164,0.16883116883116883,3.502977132057074
164,0.17532467532467533,8.843485393933852
164,0.18181818181818182,14.558323720900466
164,0.18831168831168832,8.509233114271185
164,0.19480519480519481,16.87977592384345
164,0.2012987012987013,16.119965873438456
164,0.2077922077922078,10.120551214937361
164,0.2142857142857143,10.979461815151907
164,0.2207792207792208,11.149385438372873
164,0.2272727272727273,20.198943740714277
164,0.2337662337662338,7.961588628406279
164,0.24025974025974028,16.772292599208694
164,0.24675324675324678,6.271714381824097
164,0.2532467532467533,10.769255273747627
164,0.25974025974025977,7.660153596544014
164,0.26623376623376627,5.960584093733015
164,0.27272727272727276,5.158068435886268
164,0.27922077922077926,21.333766162645414
164,0.28571428571428575,1.9773326661702644
164,0.29220779220779225,9.018765319838796
164,0.29870129870129875,8.483476756584414
164,0.30519480519480524,13.561781940959973
164,0.3116883116883117,6.12107649711819
164,0.3181818181818182,19.973020517358986
164,0.3246753246753247,8.430081540257666
164,0.33116883116883117,15.600822564098017
164,0.33766233766233766,11.718806302237462
164,0.34415584415584416,9.506361230926982
164,0.35064935064935066,12.723472440142837
164,0.35714285714285715,12.166810334317457
164,0.36363636363636365,13.116000985139786
164,0.37012987012987014,9.988526460438855
164,0.37662337662337664,5.625784540650081
164,0.38311688311688313,22.16699992472034
164,0.38961038961038963,18.383707151054406
164,0.3961038961038961,18.63413447004078
164,0.4025974025974026,19.382453165689455
164,0.4090909090909091,12.115698656575203
164,0.4155844155844156,8.541049082518791
164,0.4220779220779221,5.1677032271168795
164,0.4285714285714286,4.363244057362309
164,0.4350649350649351,6.598182817517786
164,0.4415584415584416,18.107171709101564
164,0.4480519480519481,7.622137517642791
164,0.4545454545454546,11.41189854718398
164,0.4610389610389611,22.50644661663547
164,0.4675324675324676,13.944443583039128
164,0.4740259740259741,14.621756428718296
164,0.48051948051948057,12.349729939616688
164,0.48701298701298706,2.70178431720037
164,0.49350649350649356,27.177094803264648
165,0.0,2.220446049250313e-16
165,0.00625,39.830192830419364
165,0.0125,18.277206938010423
165,0.018750000000000003,1.8462569769326391
165,0.025,17.00816084550803
165,0.03125,10.820315595697611
165,0.037500000000000006,11.050147663831128
165,0.043750000000000004,21.463394872728795
165,0.05,14.863448135389028
165,0.05625,4.582653188749338
165,0.0625,6.053430979460411
165,0.06875,9.848425806226455
165,0.07500000000000001,4.541914176779623
165,0.08125,5.691883469507536
165,0.08750000000000001,6.357279927272406
165,0.09375,5.934618709826982
165,0.1,14.158541013475268
165,0.10625000000000001,17.054486207155758
165,0.1125,9.513576947679756
165,0.11875000000000001,9.109203574586331
165,0.125,4.400012606240368
165,0.13125,7.735279832777013
165,0.1375,7.751669260106887
165,0.14375000000000002,4.0003587444505655
165,0.15000000000000002,9.415237064457838
165,0.15625,1.437048499613222
165,0.1625,16.489097055439693
165,0.16875,16.582839070044166
165,0.17500000000000002,6.3695184447442825
165,0.18125000000000002,6.545504463050085
165,0.1875,11.670354797193408
165,0.19375,2.7045941876338704
165,0.2,8.55915290607777
165,0.20625000000000002,13.093112175251688
165,0.21250000000000002,10.637701347299783
165,0.21875,3.7757989709896806
165,0.225,10.234903818407394
165,0.23125,8.628347054074823
165,0.23750000000000002,7.59468026933574
165,0.24375000000000002,5.282015489172075
165,0.25,6.539277829038791
165,0.25625000000000003,24.328341496535348
165,0.2625,11.924337097325814
165,0.26875,15.751239089458677
165,0.275,12.299526332637685
165,0.28125,0.8238135805925635
165,0.28750000000000003,13.133422270828623
165,0.29375,10.757556676636428
165,0.30000000000000004,14.503000338230077
165,0.30625,14.321114143865332
165,0.3125,3.2798798380168526
165,0.31875000000000003,10.524556422115081
165,0.325,13.476926894167443
165,0.33125000000000004,8.947468544435862
165,0.3375,5.322997142884301
165,0.34375,5.620076369825972
165,0.35000000000000003,13.557338423829732
165,0.35625,15.298115496278722
165,0.36250000000000004,17.01363415406818
165,0.36875,14.699866091539734
165,0.375,15.593809836244192
165,0.38125000000000003,15.093456475658076
165,0.3875,12.365093643992106
165,0.39375000000000004,7.224384257139499
165,0.4,16.102401283529193
165,0.40625,13.727849695997469
165,0.41250000000000003,9.487685313622608
165,0.41875,25.910988010027637
165,0.42500000000000004,18.50388097002542
165,0.43125,4.54900205527899
165,0.4375,6.175948516806498
165,0.44375000000000003,9.93618954878638
165,0.45,16.065947222753884
165,0.45625000000000004,11.220068695734183
165,0.4625,18.297574660585123
165,0.46875,12.288179817969079
165,0.47500000000000003,21.323221776785743
165,0.48125,9.621312456468017
165,0.48750000000000004,1.4331371638040262
165,0.49375,2.6461071214896945
166,0.0,8.881784197001252e-16
166,0.006289308176100629,16.495895826919416
166,0.012578616352201259,22.915612596183593
166,0.01886792452830189,16.584941722877453
166,0.025157232704402517,30.515321370014124
166,0.031446540880503145,11.403144402084875
166,0.03773584905660378,11.397153147499207
166,0.04402515723270441,10.62184249439533
166,0.050314465408805034,12.518574914322755
166,0.05660377358490566,10.247537028542505
166,0.06289308176100629,6.484847550376831
166,0.06918238993710692,2.9225971494528453
166,0.07547169811320756,11.188082311305408
166,0.08176100628930819,11.360052118759048
166,0.08805031446540881,12.347721887289001
166,0.09433962264150944,2.930426063868222
166,0.10062893081761007,13.598786679213376
166,0.1069182389937107,3.341831849455201
166,0.11320754716981132,14.640022570247027
166,0.11949685534591195,5.379645740871307
166,0.12578616352201258,11.379016371993762
166,0.1320754716981132,6.913156105450504
166,0.13836477987421383,3.250950708344517
166,0.14465408805031446,11.406874710361036
166,0.15094339622641512,8.061470273222984
166,0.15723270440251574,4.927673865221303
166,0.16352201257861637,6.587383571715107
166,0.169811320754717,4.195218932278998
166,0.17610062893081763,4.973686855820924
166,0.18238993710691825,19.0202256433478
166,0.18867924528301888,13.526656219512386
166,0.1949685534591195,18.720317891877418
166,0.20125786163522014,12.983692146357596
166,0.20754716981132076,12.233938372172489
166,0.2138364779874214,10.427430445545113
166,0.22012578616352202,6.808363552058524
166,0.22641509433962265,4.480275960864257
166,0.23270440251572327,4.906146518578697
166,0.2389937106918239,12.796026266671383
166,0.24528301886792453,6.253984299121309
166,0.25157232704402516,6.046853153315084
166,0.2578616352201258,6.060588147736121
166,0.2641509433962264,17.125679497475407
166,0.27044025157232704,1.9642853956485862
166,0.27672955974842767,28.451005104889717
166,0.2830188679245283,8.347444184809397
166,0.2893081761006289,21.86758859378496
166,0.29559748427672955,20.431792417101065
166,0.30188679245283023,21.81852847964604
166,0.30817610062893086,7.1010293416421835
166,0.3144654088050315,13.441634727064043
166,0.3207547169811321,16.772199167463057
166,0.32704402515723274,13.43953416613437
166,0.33333333333333337,9.558805464795219
166,0.339622641509434,7.674176265437566
166,0.3459119496855346,6.179023690298955
166,0.35220125786163525,16.384817372250662
166,0.3584905660377359,2.910011182986765
166,0.3647798742138365,10.622295545324997
166,0.37106918238993714,7.06196921171018
166,0.37735849056603776,21.946341716146165
166,0.3836477987421384,3.7310515515444607
166,0.389937106918239,7.10486834564722
166,0.39622641509433965,7.877363200850028
166,0.4025157232704403,12.5561887975074
166,0.4088050314465409,5.599356291292136
166,0.41509433962264153,12.764314378206956
166,0.42138364779874216,7.009450616925117
166,0.4276729559748428,10.282217694882203
166,0.4339622641509434,16.871874307136043
166,0.44025157232704404,12.636542560357151
166,0.44654088050314467,4.821696628232695
166,0.4528301886792453,20.92261413481444
166,0.4591194968553459,12.799469580864624
166,0.46540880503144655,11.309346473385766
166,0.4716981132075472,15.601842984421337
166,0.4779874213836478,12.118537396517134
166,0.48427672955974843,11.664219656210044
166,0.49056603773584906,10.618752195596123
166,0.4968553459119497,9.765920495684695
167,0.0,4.440892098500626e-15
167,0.00641025641025641,16.75727376130267
167,0.01282051282051282,10.05140434710876
167,0.019230769230769232,4.677700737490383
167,0.02564102564102564,16.426835404492532
167,0.03205128205128205,7.434824529955916
167,0.038461538461538464,16.114790658010705
167,0.04487179487179487,23.653389615250063
167,0.05128205128205128,11.752101674746843
167,0.05769230769230769,3.014025329475746
167,0.0641025641025641,21.54079576113613
167,0.07051282051282051,14.83458646796788
167,0.07692307692307693,13.820661348370065
167,0.08333333333333333,5.917241821688167
167,0.08974358974358974,13.562044028799448
167,0.09615384615384615,10.997381363213833
167,0.10256410256410256,17.404937851335117
167,0.10897435897435898,5.019910203861733
167,0.11538461538461538,9.094672548125239
167,0.12179487179487179,5.183844885933429
167,0.1282051282051282,14.238945491710204
167,0.1346153846153846,11.828653034533271
167,0.14102564102564102,13.7771917573105
167,0.14743589743589744,11.425876783419914
167,0.15384615384615385,6.2235487273868015
167,0.16025641025641024,11.42813021706371
167,0.16666666666666666,21.5429090031243
167,0.17307692307692307,3.2111508626373078
167,0.1794871794871795,8.063574681002383
167,0.1858974358974359,19.775409451189827
167,0.1923076923076923,16.720652319295024
167,0.1987179487179487,11.866596172348034
167,0.20512820512820512,9.943221588796733
167,0.21153846153846154,5.099643948647014
167,0.21794871794871795,13.598294865008068
167,0.22435897435897434,4.328348334760084
167,0.23076923076923075,23.426914249576082
167,0.23717948717948717,8.531441826932854
167,0.24358974358974358,6.834427261446785
167,0.25,9.816042512307396
167,0.2564102564102564,18.464226644132864
167,0.26282051282051283,8.10983789494119
167,0.2692307692307692,20.581396182293762
167,0.2756410256410256,8.24117973665688
167,0.28205128205128205,1.9097109978452265
167,0.28846153846153844,13.019681753634453
167,0.2948717948717949,4.234980308400874
167,0.30128205128205127,10.854179687669445
167,0.3076923076923077,13.404678015033202
167,0.3141025641025641,7.247421184951524
167,0.3205128205128205,2.366733674612288
167,0.3269230769230769,8.634740598305013
167,0.3333333333333333,7.209241248406122
167,0.33974358974358976,12.450844564959363
167,0.34615384615384615,6.6145917141332555
167,0.35256410256410253,14.45762305156432
167,0.358974358974359,4.271342811688028
167,0.36538461538461536,6.284180094462925
167,0.3717948717948718,15.3318784631248
167,0.3782051282051282,10.332724156865833
167,0.3846153846153846,12.557676865671787
167,0.391025641025641,14.129161655803895
167,0.3974358974358974,12.743371126359213
167,0.40384615384615385,5.793178489557618
167,0.41025641025641024,7.053836159442325
167,0.41666666666666663,18.899134441599543
167,0.4230769230769231,13.733512188737501
167,0.42948717948717946,8.28305990157394
167,0.4358974358974359,20.70842512806861
167,0.4423076923076923,12.006603158628213
167,0.4487179487179487,6.426450274582735
167,0.4551282051282051,19.72859053526768
167,0.4615384615384615,20.34267647860888
167,0.46794871794871795,7.300234750405512
167,0.47435897435897434,9.744137979497932
167,0.4807692307692307,11.42784744319374
167,0.48717948717948717,8.819925943060992
167,0.49358974358974356,13.069997749802967
168,0.0,3.552713678800501e-15
168,0.006329113924050633,10.041436290282853
168,0.012658227848101266,8.543687812669882
168,0.0189873417721519,13.57815814418482
168,0.02531645569620253,22.430956695121502
168,0.03164556962025317,2.179363649740045
168,0.0379746835443038,9.873049457382132
168,0.04430379746835443,8.605369055139533
168,0.05063291139240506,12.566796021095998
168,0.056962025316455694,9.286601501569471
168,0.06329113924050633,19.306158313184472
168,0.06962025316455696,12.013071949822772
168,0.0759493670886076,14.127354603572195
168,0.08227848101265822,20.70957579384273
168,0.08860759493670886,15.401865975279238
168,0.09493670886075949,17.545740992722806
168,0.10126582278481013,23.96852684216222
168,0.10759493670886076,9.136628830038097
168,0.11392405063291139,14.97281168990177
168,0.12025316455696203,11.769994618900236
168,0.12658227848101267,15.675037782244383
168,0.13291139240506328,11.063831922110106
168,0.13924050632911392,14.019630158254389
168,0.14556962025316456,4.140537528219132
168,0.1518987341772152,9.351412250125362
168,0.15822784810126583,6.577410814934901
168,0.16455696202531644,11.458010494813232
168,0.17088607594936708,4.467088306009664
168,0.17721518987341772,25.36412958155581
168,0.18354430379746836,14.305557860661498
168,0.18987341772151897,0.647778923281233
168,0.1962025316455696,9.804058902302256
168,0.20253164556962025,20.544015721057157
168,0.2088607594936709,3.5066889805830512
168,0.21518987341772153,18.774850241779124
168,0.22151898734177214,9.576258668089501
168,0.22784810126582278,7.965552496764759
168,0.23417721518987342,5.701402007861285
168,0.24050632911392406,10.66888748130199
168,0.24683544303797467,19.965069572535903
168,0.25316455696202533,9.646551138014553
168,0.25949367088607594,6.755976097940449
168,0.26582278481012656,13.42004458662815
168,0.2721518987341772,10.911365249079184
168,0.27848101265822783,14.768874303386456
168,0.2848101265822785,11.879411539452708
168,0.2911392405063291,16.602687647389597
168,0.2974683544303797,3.7411696709297124
168,0.3037974683544304,4.605255303326738
168,0.310126582278481,10.160669707461599
168,0.31645569620253167,3.567233484890927
168,0.3227848101265823,16.972211634630117
168,0.3291139240506329,6.715976997264615
168,0.33544303797468356,5.122468684213287
168,0.34177215189873417,4.998050428087519
168,0.3481012658227848,6.865532445928333
168,0.35443037974683544,11.711284769034073
168,0.36075949367088606,11.572249096657819
168,0.3670886075949367,16.211687305445174
168,0.37341772151898733,15.440116286482608
168,0.37974683544303794,8.78780622688551
168,0.3860759493670886,8.030311972979993
168,0.3924050632911392,9.803873044879364
168,0.3987341772151899,13.178061080499482
168,0.4050632911392405,7.316455095938088
168,0.4113924050632911,8.353649929445018
168,0.4177215189873418,3.0134030209684584
168,0.4240506329113924,4.380829423329362
168,0.43037974683544306,7.930150949167772
168,0.43670886075949367,10.140327675270267
168,0.4430379746835443,24.884188003485797
168,0.44936708860759494,13.451772686322867
168,0.45569620253164556,15.121693845729029
168,0.4620253164556962,17.08596104251645
168,0.46835443037974683,11.508129542806932
168,0.47468354430379744,13.420579346947548
168,0.4810126582278481,7.706461291200817
168,0.4873417721518987,2.294291608118947
168,0.49367088607594933,14.152994295629455
169,0.0,1.5987211554602254e-14
169,0.006172839506172839,13.271736273869523
169,0.012345679012345678,6.484688489902251
169,0.018518518518518517,27.846696228001008
169,0.024691358024691357,11.558237661185375
169,0.030864197530864196,5.663098481369875
169,0.037037037037037035,9.143152728154353
169,0.043209876543209874,8.238892773719849
169,0.04938271604938271,13.211515340259341
169,0.05555555555555555,21.309258350026493
169,0.06172839506172839,8.816095258844598
169,0.06790123456790123,3.4335063111773008
169,0.07407407407407407,14.042453163005536
169,0.08024691358024691,7.00777368916976
169,0.08641975308641975,22.630967051745177
169,0.09259259259259259,8.305394994200915
169,0.09876543209876543,13.969176790884404
169,0.10493827160493827,10.22542598161273
169,0.1111111111111111,13.049777141746159
169,0.11728395061728394,3.3172920669250607
169,0.12345679012345678,16.634508665540714
169,0.12962962962962962,19.50384209939903
169,0.13580246913580246,12.44288155499563
169,0.1419753086419753,0.6830862360874432
169,0.14814814814814814,10.214409179111332
169,0.15432098765432098,5.538600895886702
169,0.16049382716049382,10.216481009720495
169,0.16666666666666666,4.366294716564513
169,0.1728395061728395,14.414824037393174
169,0.17901234567901234,11.15098775168685
169,0.18518518518518517,2.353976636741036
169,0.19135802469135801,6.297892611077465
169,0.19753086419753085,15.34847853143229
169,0.2037037037037037,19.308079340415624
169,0.20987654320987653,7.534553605459143
169,0.21604938271604937,5.9675580263399155
169,0.2222222222222222,13.097297239085288
169,0.22839506172839505,8.080756198716529
169,0.2345679012345679,3.153159170286146
169,0.24074074074074073,1.8991029809641649
169,0.24691358024691357,5.876724770461462
169,0.25308641975308643,20.53679839705345
169,0.25925925925925924,4.747246998838635
169,0.26543209876543206,4.924885385724667
169,0.2716049382716049,13.058110060466461
169,0.2777777777777778,9.047678155550388
169,0.2839506172839506,11.181623232107738
169,0.2901234567901234,8.738254473020955
169,0.2962962962962963,7.052175431343577
169,0.30246913580246915,6.028660570942216
169,0.30864197530864196,15.863848207873936
169,0.31481481481481477,17.815218236687045
169,0.32098765432098764,27.15929308306259
169,0.3271604938271605,2.1491720885701717
169,0.3333333333333333,1.0950842668852059
169,0.3395061728395061,12.287900120233004
169,0.345679012345679,5.1091418418374985
169,0.35185185185185186,6.411430281064489
169,0.35802469135802467,14.45736552974194
169,0.3641975308641975,22.232898847995475
169,0.37037037037037035,2.4229693460508335
169,0.3765432098765432,14.902325806262306
169,0.38271604938271603,19.35643856726973
169,0.38888888888888884,6.046238328197048
169,0.3950617283950617,15.768323770277323
169,0.4012345679012346,16.321558462016274
169,0.4074074074074074,29.8016442364023
169,0.4135802469135802,9.957980726486934
169,0.41975308641975306,8.039824220929694
169,0.42592592592592593,6.545218916325525
169,0.43209876543209874,18.06297684011114
169,0.43827160493827155,13.808764469334399
169,0.4444444444444444,5.827352990589695
169,0.4506172839506173,7.663356781019286
169,0.4567901234567901,2.4151364964449984
169,0.4629629629629629,8.117508275659285
169,0.4691358024691358,10.463258434360474
169,0.47530864197530864,20.843945117509982
169,0.48148148148148145,8.816414397422244
169,0.48765432098765427,22.784557696317332
169,0.49382716049382713,5.8975017455294
170,0.0,3.552713678800501e-15
170,0.006289308176100629,22.06095905487431
170,0.012578616352201259,8.210961698269303
170,0.01886792452830189,12.534932514091004
170,0.025157232704402517,10.527464734622571
170,0.031446540880503145,12.825564014398372
170,0.03773584905660378,24.69612514064398
170,0.04402515723270441,3.661222971782189
170,0.050314465408805034,12.337608047383293
170,0.05660377358490566,10.349193777629424
170,0.06289308176100629,7.079209220243534
170,0.06918238993710692,0.7949427654411392
170,0.07547169811320756,7.518312390538047
170,0.08176100628930819,1.3332750764584724
170,0.08805031446540881,2.3868831368735783
170,0.09433962264150944,13.555259739717036
170,0.10062893081761007,6.066233084073225
170,0.1069182389937107,14.768607411607585
170,0.11320754716981132,2.1970333566210125
170,0.11949685534591195,2.9583755276104835
170,0.12578616352201258,5.68765460611017
170,0.1320754716981132,4.405141980398688
170,0.13836477987421383,18.760423615061207
170,0.14465408805031446,1.679465150436254
170,0.15094339622641512,16.27119854186145
170,0.15723270440251574,17.44361733062942
170,0.16352201257861637,11.25772968596854
170,0.169811320754717,6.7337397508978025
170,0.17610062893081763,7.319645117198337
170,0.18238993710691825,7.691381514929897
170,0.18867924528301888,15.26081221879318
170,0.1949685534591195,3.755733318813427
170,0.20125786163522014,14.251836934752118
170,0.20754716981132076,7.909357852048906
170,0.2138364779874214,4.144767411583421
170,0.22012578616352202,13.17864481493386
170,0.22641509433962265,8.597251773479234
170,0.23270440251572327,8.593283904154696
170,0.2389937106918239,18.23059799463043
170,0.24528301886792453,5.376828602242446
170,0.25157232704402516,7.00168604433631
170,0.2578616352201258,12.06151596575522
170,0.2641509433962264,19.905213905790422
170,0.27044025157232704,10.45242734652526
170,0.27672955974842767,25.61339027267466
170,0.2830188679245283,5.940477952914775
170,0.2893081761006289,6.678295703358397
170,0.29559748427672955,10.005342507796191
170,0.30188679245283023,19.115940203011544
170,0.30817610062893086,10.653099642175503
170,0.3144654088050315,19.3421108407423
170,0.3207547169811321,1.9127582049032317
170,0.32704402515723274,14.992316956995257
170,0.33333333333333337,19.90213370464778
170,0.339622641509434,16.625599040197535
170,0.3459119496855346,4.03817413138357
170,0.35220125786163525,20.595935502077495
170,0.3584905660377359,21.152498342869595
170,0.3647798742138365,13.45055352713187
170,0.37106918238993714,15.807500641206518
170,0.37735849056603776,5.319283529620052
170,0.3836477987421384,16.715843441434014
170,0.389937106918239,7.996507174942966
170,0.39622641509433965,13.293275770724373
170,0.4025157232704403,14.569140998073756
170,0.4088050314465409,8.925429609586702
170,0.41509433962264153,15.533983231788469
170,0.42138364779874216,7.6274865830341545
170,0.4276729559748428,2.6300425595981025
170,0.4339622641509434,8.472540126692701
170,0.44025157232704404,3.0656075376317498
170,0.44654088050314467,20.671304273241642
170,0.4528301886792453,13.45580014117014
170,0.4591194968553459,8.731759205288277
170,0.46540880503144655,5.5242717259538106
170,0.4716981132075472,19.68725157885457
170,0.4779874213836478,24.858169523197194
170,0.48427672955974843,2.2183287496423922
170,0.49056603773584906,4.467605738380912
170,0.4968553459119497,12.219392835411062
171,0.0,1.8207657603852567e-14
171,0.00641025641025641,33.814870314457124
171,0.01282051282051282,21.288759029160754
171,0.019230769230769232,5.590482694707955
171,0.02564102564102564,23.730903858691036
171,0.03205128205128205,3.2422794870835796
171,0.038461538461538464,6.00285089947632
171,0.04487179487179487,3.6953476881993406
171,0.05128205128205128,1.5241332555423428
171,0.05769230769230769,8.327446047699153
171,0.0641025641025641,12.09631586689634
171,0.07051282051282051,10.407311654056244
171,0.07692307692307693,7.934409477883266
171,0.08333333333333333,13.951777871678251
171,0.08974358974358974,16.06113377812856
171,0.09615384615384615,18.82443299093648
171,0.10256410256410256,8.845319052793869
171,0.10897435897435898,9.72727759750727
171,0.11538461538461538,6.778664994091128
171,0.12179487179487179,8.430201923716355
171,0.1282051282051282,11.724961523467252
171,0.1346153846153846,15.77669746615278
171,0.14102564102564102,21.156549879636252
171,0.14743589743589744,15.067414335976945
171,0.15384615384615385,5.35313121953347
171,0.16025641025641024,13.963310195698279
171,0.16666666666666666,4.4421581329858135
171,0.17307692307692307,10.562577097530133
171,0.1794871794871795,7.891267106541858
171,0.1858974358974359,1.4651116891062983
171,0.1923076923076923,10.352768123492941
171,0.1987179487179487,6.3704413763355525
171,0.20512820512820512,3.4067583229367733
171,0.21153846153846154,19.405105159591375
171,0.21794871794871795,4.265930465469803
171,0.22435897435897434,20.498104144776214
171,0.23076923076923075,9.78562792969151
171,0.23717948717948717,9.691173149594261
171,0.24358974358974358,20.32178379369917
171,0.25,21.34452145023058
171,0.2564102564102564,8.001548139908623
171,0.26282051282051283,14.504695313076011
171,0.2692307692307692,3.6618065929295236
171,0.2756410256410256,5.2579643427812695
171,0.28205128205128205,14.292188644358895
171,0.28846153846153844,4.044551938493684
171,0.2948717948717949,10.921998093666904
171,0.30128205128205127,5.035206387426232
171,0.3076923076923077,12.328723254504386
171,0.3141025641025641,8.483549939902298
171,0.3205128205128205,6.822900058481223
171,0.3269230769230769,11.407466838178662
171,0.3333333333333333,19.480974486692798
171,0.33974358974358976,15.757453461184834
171,0.34615384615384615,15.570347604871026
171,0.35256410256410253,18.24037540936821
171,0.358974358974359,10.524113286022823
171,0.36538461538461536,5.760650952742533
171,0.3717948717948718,2.094642478909344
171,0.3782051282051282,11.145985280736358
171,0.3846153846153846,1.1539936660050267
171,0.391025641025641,8.828546748909327
171,0.3974358974358974,5.642075694332878
171,0.40384615384615385,4.703416178510477
171,0.41025641025641024,11.727803163777875
171,0.41666666666666663,8.97261521903707
171,0.4230769230769231,12.764465395066974
171,0.42948717948717946,2.4213985857007065
171,0.4358974358974359,2.731068777887209
171,0.4423076923076923,5.248517771445253
171,0.4487179487179487,14.305116988018305
171,0.4551282051282051,17.84947917551908
171,0.4615384615384615,4.853935916885765
171,0.46794871794871795,15.151898647252386
171,0.47435897435897434,11.274631762977604
171,0.4807692307692307,27.06914442334998
171,0.48717948717948717,11.247001200571626
171,0.49358974358974356,5.008415960816565
172,0.0,1.0658141036401503e-14
172,0.00625,34.35935114604272
172,0.0125,19.742089394080395
172,0.018750000000000003,16.99477643003433
172,0.025,5.132922199786663
172,0.03125,9.188238101901655
172,0.037500000000000006,18.668380619708078
172,0.043750000000000004,12.27078056973557
172,0.05,13.349640379141475
172,0.05625,16.337142321742164
172,0.0625,7.37150198599614
172,0.06875,7.00994258887973
172,0.07500000000000001,16.911302703767337
172,0.08125,9.255166804734761
172,0.08750000000000001,1.6278932108666517
172,0.09375,11.14195677864602
172,0.1,7.091028738366573
172,0.10625000000000001,9.630824914720906
172,0.1125,9.029006378275506
172,0.11875000000000001,3.6324224979415445
172,0.125,4.191891482284602
172,0.13125,8.223984472183897
172,0.1375,8.92305488715808
172,0.14375000000000002,8.801324275806397
172,0.15000000000000002,4.381987887850915
172,0.15625,10.199672818508976
172,0.1625,19.476672798443932
172,0.16875,9.500218142792265
172,0.17500000000000002,2.654013914255806
172,0.18125000000000002,16.313989858923403
172,0.1875,7.320166682454239
172,0.19375,9.436427107798036
172,0.2,8.885122365468652
172,0.20625000000000002,9.28805245624965
172,0.21250000000000002,4.796471681977867
172,0.21875,16.86864079637633
172,0.225,23.37141024462918
172,0.23125,13.987648872522204
172,0.23750000000000002,10.854670434288629
172,0.24375000000000002,7.353102465194671
172,0.25,20.697698928164478
172,0.25625000000000003,13.222150313448028
172,0.2625,11.933487236731956
172,0.26875,15.837754067745424
172,0.275,14.077290579891486
172,0.28125,14.56472711959006
172,0.28750000000000003,12.452841604740566
172,0.29375,4.145867706809806
172,0.30000000000000004,7.645648633967019
172,0.30625,9.3563896519035
172,0.3125,21.14797308547149
172,0.31875000000000003,10.997397912204953
172,0.325,1.3938440293716519
172,0.33125000000000004,6.682957548324482
172,0.3375,8.771288473744901
172,0.34375,16.051873257479905
172,0.35000000000000003,5.564255406786597
172,0.35625,9.859330709257751
172,0.36250000000000004,10.15125294145575
172,0.36875,10.95939195338342
172,0.375,11.168068747323133
172,0.38125000000000003,5.612620256111629
172,0.3875,6.729301395164417
172,0.39375000000000004,22.621991741746616
172,0.4,12.114284979767172
172,0.40625,12.788655218819947
172,0.41250000000000003,10.093756195662577
172,0.41875,6.073960314846738
172,0.42500000000000004,5.743829486404004
172,0.43125,14.575436272010938
172,0.4375,4.009950864176456
172,0.44375000000000003,14.054967967269508
172,0.45,18.41098558808566
172,0.45625000000000004,14.06369356864431
172,0.4625,15.768875273291801
172,0.46875,13.896532273260366
172,0.47500000000000003,3.527993199624802
172,0.48125,11.47650731071063
172,0.48750000000000004,8.249928041060352
172,0.49375,7.957694769149944
173,0.0,2.6645352591003757e-14
173,0.006172839506172839,2.655289231437488
173,0.012345679012345678,2.641718417705492
173,0.018518518518518517,8.138753584456595
173,0.024691358024691357,14.059556869426949
173,0.030864197530864196,8.225619504017558
173,0.037037037037037035,7.506931309298621
173,0.043209876543209874,19.609713511992883
173,0.04938271604938271,8.954336769929393
173,0.05555555555555555,6.733202518549549
173,0.06172839506172839,6.050322323258431
173,0.06790123456790123,20.566367676936064
173,0.07407407407407407,11.659109155354164
173,0.08024691358024691,2.8136759020377946
173,0.08641975308641975,10.543813182785222
173,0.09259259259259259,17.01655267457171
173,0.09876543209876543,2.7854592973048837
173,0.10493827160493827,19.00107035578864
173,0.1111111111111111,5.647183600184872
173,0.11728395061728394,12.946353118269805
173,0.12345679012345678,8.747644438120565
173,0.12962962962962962,18.947477897120567
173,0.13580246913580246,26.071437002947675
173,0.1419753086419753,11.30964038094999
173,0.14814814814814814,10.28469365673584
173,0.15432098765432098,6.640805679293406
173,0.16049382716049382,14.894097631151249
173,0.16666666666666666,7.001440723378946
173,0.1728395061728395,14.704215317001571
173,0.17901234567901234,4.201301115760604
173,0.18518518518518517,7.350109084596339
173,0.19135802469135801,6.546156861110028
173,0.19753086419753085,15.806032873050892
173,0.2037037037037037,10.031712320101896
173,0.20987654320987653,18.751953953267698
173,0.21604938271604937,7.848967896481913
173,0.2222222222222222,26.050703167563725
173,0.22839506172839505,16.36358500159949
173,0.2345679012345679,13.361505117088223
173,0.24074074074074073,8.405516703879687
173,0.24691358024691357,8.05859118412868
173,0.25308641975308643,8.23477422779629
173,0.25925925925925924,4.7697243451415785
173,0.26543209876543206,15.058066262483209
173,0.2716049382716049,3.495284196732907
173,0.2777777777777778,19.575459419204805
173,0.2839506172839506,12.447566308828813
173,0.2901234567901234,15.725184110675185
173,0.2962962962962963,8.539813046064483
173,0.30246913580246915,7.671948001758356
173,0.30864197530864196,12.676055069462059
173,0.31481481481481477,10.029954381544881
173,0.32098765432098764,4.2408976391232445
173,0.3271604938271605,11.686988624076587
173,0.3333333333333333,13.827992734675068
173,0.3395061728395061,8.73052577545498
173,0.345679012345679,23.62967503575279
173,0.35185185185185186,7.408283653267634
173,0.35802469135802467,14.369925742843273
173,0.3641975308641975,16.470472012531868
173,0.37037037037037035,13.125816671986932
173,0.3765432098765432,14.431434326617177
173,0.38271604938271603,18.349837211857142
173,0.38888888888888884,3.659391893213356
173,0.3950617283950617,15.753097703358808
173,0.4012345679012346,9.072500773432663
173,0.4074074074074074,20.595207405298755
173,0.4135802469135802,17.30530616242285
173,0.41975308641975306,3.2071843335599675
173,0.42592592592592593,8.173716967913471
173,0.43209876543209874,13.493916678856683
173,0.43827160493827155,2.5605237422064335
173,0.4444444444444444,8.272155012629625
173,0.4506172839506173,13.630967334171274
173,0.4567901234567901,10.723040587896621
173,0.4629629629629629,7.05334458522323
173,0.4691358024691358,12.29595500044897
173,0.47530864197530864,8.922938399965822
173,0.48148148148148145,17.322001397010155
173,0.48765432098765427,10.334571692492256
173,0.49382716049382713,15.464724912975399
174,0.0,1.7319479184152442e-14
174,0.006289308176100629,17.02230238016855
174,0.012578616352201259,13.13064702259269
174,0.01886792452830189,17.77006771255308
174,0.025157232704402517,4.655133705047693
174,0.031446540880503145,19.804971843018308
174,0.03773584905660378,10.469700350267923
174,0.04402515723270441,16.93020413658639
174,0.050314465408805034,19.56491757011983
174,0.05660377358490566,5.325800672614831
174,0.06289308176100629,8.335827614775138
174,0.06918238993710692,1.6162093342242438
174,0.07547169811320756,11.543814419835742
174,0.08176100628930819,8.723728834217233
174,0.08805031446540881,2.260218935510496
174,0.09433962264150944,9.142002528153373
174,0.10062893081761007,14.086884932029315
174,0.1069182389937107,6.958286533422223
174,0.11320754716981132,8.23878468557454
174,0.11949685534591195,7.119035693989154
174,0.12578616352201258,13.251165730624454
174,0.1320754716981132,6.785033009322662
174,0.13836477987421383,3.2100755513137926
174,0.14465408805031446,19.785678270674435
174,0.15094339622641512,8.75502349989385
174,0.15723270440251574,12.000235099047666
174,0.16352201257861637,9.334296917283202
174,0.169811320754717,2.5877321982281516
174,0.17610062893081763,15.248713630557976
174,0.18238993710691825,14.804267129755921
174,0.18867924528301888,0.2657826712253251
174,0.1949685534591195,25.845207625681496
174,0.20125786163522014,6.842725021128283
174,0.20754716981132076,14.907860107438111
174,0.2138364779874214,14.635734897059935
174,0.22012578616352202,16.79673908576258
174,0.22641509433962265,16.793263683308542
174,0.23270440251572327,10.535512183179929
174,0.2389937106918239,6.685206175061638
174,0.24528301886792453,4.396910428392918
174,0.25157232704402516,9.88097396502853
174,0.2578616352201258,7.778131850042173
174,0.2641509433962264,7.081844815966571
174,0.27044025157232704,15.196397187742583
174,0.27672955974842767,11.843628477462495
174,0.2830188679245283,6.327293195270068
174,0.2893081761006289,6.430820891416695
174,0.29559748427672955,4.768859082835134
174,0.30188679245283023,9.717119531582025
174,0.30817610062893086,14.156045540908922
174,0.3144654088050315,11.380699585472232
174,0.3207547169811321,11.045168840896572
174,0.32704402515723274,8.444787579689757
174,0.33333333333333337,1.7139666919151832
174,0.339622641509434,15.142214845297694
174,0.3459119496855346,4.271638700860767
174,0.35220125786163525,16.061615107189777
174,0.3584905660377359,7.0327139606370865
174,0.3647798742138365,6.481468062491475
174,0.37106918238993714,6.035714111102009
174,0.37735849056603776,19.196496209825685
174,0.3836477987421384,15.460243443911592
174,0.389937106918239,14.830159571095402
174,0.39622641509433965,17.962690756690634
174,0.4025157232704403,6.372627328919215
174,0.4088050314465409,3.6719823522805513
174,0.41509433962264153,9.816049650854715
174,0.42138364779874216,21.972354229541295
174,0.4276729559748428,12.505577568284393
174,0.4339622641509434,11.985570550312787
174,0.44025157232704404,18.682216784474264
174,0.44654088050314467,21.30657392760939
174,0.4528301886792453,22.078895652777796
174,0.4591194968553459,2.6301832371240765
174,0.46540880503144655,9.86198015885878
174,0.4716981132075472,19.386641971674127
174,0.4779874213836478,10.381148475956797
174,0.48427672955974843,17.5213359264427
174,0.49056603773584906,18.915747829428682
174,0.4968553459119497,7.845068407755742
175,0.0,3.2751579226442118e-15
175,0.006329113924050633,7.288772929204306
175,0.012658227848101266,9.472981796081308
175,0.0189873417721519,21.08612908442441
175,0.02531645569620253,14.701131309113919
175,0.03164556962025317,8.298294695820337
175,0.0379746835443038,3.232740551887082
175,0.04430379746835443,12.213963828566927
175,0.05063291139240506,8.711091008256625
175,0.056962025316455694,1.517938941835596
175,0.06329113924050633,5.713871201085368
175,0.06962025316455696,14.447852748156189
175,0.0759493670886076,21.640810659497486
175,0.08227848101265822,22.509592391799234
175,0.08860759493670886,7.197612491245535
175,0.09493670886075949,7.797286086115855
175,0.10126582278481013,4.131393468169808
175,0.10759493670886076,4.985311379694877
175,0.11392405063291139,7.91839958171027
175,0.12025316455696203,15.523409543302922
175,0.12658227848101267,7.508507418761377
175,0.13291139240506328,13.672257654847925
175,0.13924050632911392,5.069291637992185
175,0.14556962025316456,12.514552895789812
175,0.1518987341772152,14.54493380879184
175,0.15822784810126583,26.93443181104791
175,0.16455696202531644,5.002793457344488
175,0.17088607594936708,12.852313569660572
175,0.17721518987341772,10.702875332613633
175,0.18354430379746836,12.4406319254445
175,0.18987341772151897,17.6186338940793
175,0.1962025316455696,10.316936598795323
175,0.20253164556962025,8.734569277722647
175,0.2088607594936709,24.633691565544357
175,0.21518987341772153,7.577867791448048
175,0.22151898734177214,6.383809856818486
175,0.22784810126582278,16.710724667396647
175,0.23417721518987342,3.807989624337702
175,0.24050632911392406,9.958288864954197
175,0.24683544303797467,8.189565734554677
175,0.25316455696202533,18.02691365217557
175,0.25949367088607594,10.924256802177455
175,0.26582278481012656,9.704187118797186
175,0.2721518987341772,9.703786673433745
175,0.27848101265822783,9.336281885196005
175,0.2848101265822785,16.13391777510467
175,0.2911392405063291,19.57048421561192
175,0.2974683544303797,14.788755962030217
175,0.3037974683544304,11.07726580324904
175,0.310126582278481,4.9133713612191245
175,0.31645569620253167,4.545865962133764
175,0.3227848101265823,8.266209727008992
175,0.3291139240506329,26.175703387514957
175,0.33544303797468356,3.558478412103067
175,0.34177215189873417,6.5641288240222915
175,0.3481012658227848,13.816791096901548
175,0.35443037974683544,13.077505145715524
175,0.36075949367088606,9.502177149656042
175,0.3670886075949367,19.268190039687074
175,0.37341772151898733,8.920885518364365
175,0.37974683544303794,19.762251580580873
175,0.3860759493670886,4.3965397269019375
175,0.3924050632911392,6.085732122582274
175,0.3987341772151899,11.110148770115027
175,0.4050632911392405,6.124847051434254
175,0.4113924050632911,23.222400411984584
175,0.4177215189873418,7.274957954368731
175,0.4240506329113924,9.312254352520673
175,0.43037974683544306,15.357841854153012
175,0.43670886075949367,7.968818451392187
175,0.4430379746835443,1.9146783652571615
175,0.44936708860759494,8.268962465295214
175,0.45569620253164556,7.804263912465557
175,0.4620253164556962,4.359119416288331
175,0.46835443037974683,11.082966901850009
175,0.47468354430379744,23.145148288928556
175,0.4810126582278481,14.704722970227534
175,0.4873417721518987,8.814587307340608
175,0.49367088607594933,8.019283745954729
176,0.0,6.217248937900877e-15
176,0.006329113924050633,37.29919756736551
176,0.012658227848101266,20.78061949475345
176,0.0189873417721519,9.262349590622287
176,0.02531645569620253,4.177851951169711
176,0.03164556962025317,3.594862622541862
176,0.0379746835443038,13.69142410785598
176,0.04430379746835443,7.8469887718937965
176,0.05063291139240506,10.3440317297613
176,0.056962025316455694,16.666373640710244
176,0.06329113924050633,17.294307414619393
176,0.06962025316455696,3.6098032499902777
176,0.0759493670886076,7.844549024427068
176,0.08227848101265822,14.380328078571223
176,0.08860759493670886,10.80485227220575
176,0.09493670886075949,24.16875582497522
176,0.10126582278481013,3.4520737756871185
176,0.10759493670886076,4.255623661102354
176,0.11392405063291139,9.114751749619467
176,0.12025316455696203,1.190301360358555
176,0.12658227848101267,6.520836242329242
176,0.13291139240506328,1.250511587804444
176,0.13924050632911392,2.3685351065486295
176,0.14556962025316456,5.699939550146935
176,0.1518987341772152,17.603199294185416
176,0.15822784810126583,0.9901313566575936
176,0.16455696202531644,20.70491887009169
176,0.17088607594936708,17.87576732588247
176,0.17721518987341772,10.019077484407418
176,0.18354430379746836,10.613433251660235
176,0.18987341772151897,14.322063098826296
176,0.1962025316455696,7.8338547975800354
176,0.20253164556962025,6.985766916832013
176,0.2088607594936709,4.96959035696269
176,0.21518987341772153,9.90885388403583
176,0.22151898734177214,9.785063889075946
176,0.22784810126582278,20.866768988611717
176,0.23417721518987342,22.257340220696925
176,0.24050632911392406,23.033977815906393
176,0.24683544303797467,15.314232705765034
176,0.25316455696202533,7.2388434794663
176,0.25949367088607594,6.912664144756512
176,0.26582278481012656,4.676022971943854
176,0.2721518987341772,17.313045134917434
176,0.27848101265822783,6.257956355571272
176,0.2848101265822785,10.402976225441908
176,0.2911392405063291,12.139374943338929
176,0.2974683544303797,11.344446890043914
176,0.3037974683544304,13.387221766698262
176,0.310126582278481,5.880933337588059
176,0.31645569620253167,2.1306391431776137
176,0.3227848101265823,3.971098879714301
176,0.3291139240506329,3.2435366002418924
176,0.33544303797468356,5.563807139289075
176,0.34177215189873417,9.443102984945053
176,0.3481012658227848,15.390961509692913
176,0.35443037974683544,25.772189487823873
176,0.36075949367088606,15.612649362752283
176,0.3670886075949367,10.795402280494125
176,0.37341772151898733,5.860564880906692
176,0.37974683544303794,10.423478452821588
176,0.3860759493670886,6.822809831063104
176,0.3924050632911392,11.452910740593016
176,0.3987341772151899,13.784828828617814
176,0.4050632911392405,11.094919305070846
176,0.4113924050632911,12.350806621744564
176,0.4177215189873418,4.26707317667317
176,0.4240506329113924,15.861674490602095
176,0.43037974683544306,16.539333601919942
176,0.43670886075949367,12.249289275230732
176,0.4430379746835443,7.55902889032618
176,0.44936708860759494,3.4848911832056633
176,0.45569620253164556,8.911459976756067
176,0.4620253164556962,12.411431149148632
176,0.46835443037974683,15.073160849187891
176,0.47468354430379744,13.791953832063093
176,0.4810126582278481,11.511774810270795
176,0.4873417721518987,4.940169110820669
176,0.49367088607594933,1.0224149972594758
177,0.0,2.6645352591003757e-15
177,0.006289308176100629,22.721721218684074
177,0.012578616352201259,9.171411182611408
177,0.01886792452830189,13.60429599249693
177,0.025157232704402517,20.739732213517474
177,0.031446540880503145,26.199028550116196
177,0.03773584905660378,14.738692600261656
177,0.04402515723270441,12.680981354250463
177,0.050314465408805034,19.194741907129767
177,0.05660377358490566,15.608378164489318
177,0.06289308176100629,12.517181567723371
177,0.06918238993710692,3.818653811017746
177,0.07547169811320756,5.545255264159321
177,0.08176100628930819,6.147938826793606
177,0.08805031446540881,11.873237713148681
177,0.09433962264150944,6.395823730786519
177,0.10062893081761007,5.668002740326833
177,0.1069182389937107,9.7043279018988
177,0.11320754716981132,4.555472521602354
177,0.11949685534591195,9.722038237124114
177,0.12578616352201258,15.225725627122976
177,0.1320754716981132,16.946229585192366
177,0.13836477987421383,7.116597411063252
177,0.14465408805031446,10.527484369173084
177,0.15094339622641512,14.288027046622647
177,0.15723270440251574,10.252593412856552
177,0.16352201257861637,7.469199358722527
177,0.169811320754717,8.444023297195042
177,0.17610062893081763,17.090144075111127
177,0.18238993710691825,8.426569509284818
177,0.18867924528301888,11.85396735495127
177,0.1949685534591195,1.9819020992063547
177,0.20125786163522014,5.694549152781047
177,0.20754716981132076,5.131601171882635
177,0.2138364779874214,12.563055437843799
177,0.22012578616352202,11.41184159081742
177,0.22641509433962265,12.795470712074406
177,0.23270440251572327,8.173209023033891
177,0.2389937106918239,4.972371454963295
177,0.24528301886792453,11.183603954153256
177,0.25157232704402516,9.205235477608115
177,0.2578616352201258,18.065038532358397
177,0.2641509433962264,11.678039901526336
177,0.27044025157232704,6.0770153933842135
177,0.27672955974842767,11.306170023814738
177,0.2830188679245283,8.91916125437654
177,0.2893081761006289,8.871215980286292
177,0.29559748427672955,14.152171598319503
177,0.30188679245283023,10.813931649777626
177,0.30817610062893086,17.318090473558343
177,0.3144654088050315,4.261881209476342
177,0.3207547169811321,4.909558856766656
177,0.32704402515723274,10.718576571966096
177,0.33333333333333337,14.102082743153249
177,0.339622641509434,8.69828349787429
177,0.3459119496855346,3.972630625298887
177,0.35220125786163525,13.164260632345274
177,0.3584905660377359,10.264085047490706
177,0.3647798742138365,10.97018062689542
177,0.37106918238993714,12.096098105075269
177,0.37735849056603776,16.470217879832155
177,0.3836477987421384,11.143737748307778
177,0.389937106918239,8.248111779620178
177,0.39622641509433965,7.1851366875840466
177,0.4025157232704403,12.103025095136127
177,0.4088050314465409,24.296540815683883
177,0.41509433962264153,12.621500910361053
177,0.42138364779874216,15.941250903409834
177,0.4276729559748428,11.868591589194128
177,0.4339622641509434,9.485713117157959
177,0.44025157232704404,28.745388563561967
177,0.44654088050314467,4.341594877605722
177,0.4528301886792453,30.741023504567664
177,0.4591194968553459,15.855451849820843
177,0.46540880503144655,7.359197888766291
177,0.4716981132075472,8.428201640268862
177,0.4779874213836478,8.486390658012583
177,0.48427672955974843,4.500186807338956
177,0.49056603773584906,7.886980306191253
177,0.4968553459119497,5.988283434832221
178,0.0,3.552713678800501e-15
178,0.006535947712418301,8.684525849523684
178,0.013071895424836602,4.602171652964878
178,0.0196078431372549,17.664332272897685
178,0.026143790849673203,6.20543401072475
178,0.032679738562091505,4.992286671011464
178,0.0392156862745098,12.259141895490494
178,0.04575163398692811,8.506030954217689
178,0.05228758169934641,13.172423847074088
178,0.058823529411764705,11.338319742870924
178,0.06535947712418301,20.4937899272382
178,0.07189542483660132,5.4003203248465415
178,0.0784313725490196,8.304714087710682
178,0.08496732026143791,7.314624865871654
178,0.09150326797385622,1.9625748410572446
178,0.09803921568627451,3.3736287723375638
178,0.10457516339869281,5.946531466455438
178,0.11111111111111112,8.139160217465465
178,0.11764705882352941,14.660134179328121
178,0.12418300653594772,6.2475237926408935
178,0.13071895424836602,11.259757588170629
178,0.13725490196078433,20.508298224520836
178,0.14379084967320263,23.830436946624804
178,0.1503267973856209,16.087102837447002
178,0.1568627450980392,9.177099798362642
178,0.16339869281045752,11.566392938401647
178,0.16993464052287582,16.289090435630133
178,0.17647058823529413,3.0261971169987674
178,0.18300653594771243,12.633202774377015
178,0.1895424836601307,4.479586149444052
178,0.19607843137254902,4.932587754207263
178,0.20261437908496732,12.273334092624715
178,0.20915032679738563,6.165417319927327
178,0.21568627450980393,9.751964306953301
178,0.22222222222222224,14.592266672315345
178,0.22875816993464054,16.577845109982555
178,0.23529411764705882,10.55622265801274
178,0.24183006535947713,15.257619902146262
178,0.24836601307189543,4.186374703373323
178,0.2549019607843137,3.8644694593428532
178,0.26143790849673204,19.185692388494065
178,0.2679738562091503,3.9856624485456917
178,0.27450980392156865,10.402817094745348
178,0.28104575163398693,15.305934164920501
178,0.28758169934640526,5.819224697637663
178,0.29411764705882354,10.416075562123265
178,0.3006535947712418,13.666589866526554
178,0.30718954248366015,7.7808398555647305
178,0.3137254901960784,21.665115126705103
178,0.32026143790849676,22.98574441355928
178,0.32679738562091504,22.963790363389677
178,0.33333333333333337,11.232421474682582
178,0.33986928104575165,11.002679567600493
178,0.3464052287581699,10.938833263093699
178,0.35294117647058826,5.3737567284424195
178,0.35947712418300654,11.341286128379323
178,0.36601307189542487,5.882142535813895
178,0.37254901960784315,7.986936510871534
178,0.3790849673202614,13.486603403672353
178,0.38562091503267976,26.618555780512658
178,0.39215686274509803,11.869806580843942
178,0.39869281045751637,14.880669976947429
178,0.40522875816993464,12.94921537445185
178,0.411764705882353,10.940475088385734
178,0.41830065359477125,11.401368406324448
178,0.42483660130718953,19.14810351001141
178,0.43137254901960786,11.916137139228258
178,0.43790849673202614,1.805438628302522
178,0.4444444444444445,15.54169179311377
178,0.45098039215686275,12.536055729818044
178,0.4575163398692811,13.148904412255385
178,0.46405228758169936,4.1080342529167
178,0.47058823529411764,6.498764716095102
178,0.477124183006536,6.105527156677179
178,0.48366013071895425,6.72560965367723
178,0.4901960784313726,9.90970466624767
178,0.49673202614379086,17.003966157355322
179,0.0,1.1102230246251565e-14
179,0.006329113924050633,14.191972711585663
179,0.012658227848101266,7.728692881235627
179,0.0189873417721519,14.370548348597795
179,0.02531645569620253,2.8707120553568397
179,0.03164556962025317,23.55400226031321
179,0.0379746835443038,1.8425795461426828
179,0.04430379746835443,11.137498795508131
179,0.05063291139240506,15.522342272863794
179,0.056962025316455694,12.311475539939693
179,0.06329113924050633,17.295829217351564
179,0.06962025316455696,20.918688780214566
179,0.0759493670886076,5.435924240245414
179,0.08227848101265822,16.956012464562782
179,0.08860759493670886,2.999826905441704
179,0.09493670886075949,27.4601424655055
179,0.10126582278481013,6.193084299215828
179,0.10759493670886076,11.742742568464196
179,0.11392405063291139,6.184862265337911
179,0.12025316455696203,11.074186355096197
179,0.12658227848101267,3.279217682448366
179,0.13291139240506328,7.7827560511129015
179,0.13924050632911392,5.091769035799501
179,0.14556962025316456,12.387203895079084
179,0.1518987341772152,6.913047804195133
179,0.15822784810126583,4.047287620614386
179,0.16455696202531644,6.502253461359817
179,0.17088607594936708,6.826237649273021
179,0.17721518987341772,11.563578977837505
179,0.18354430379746836,10.51866367376433
179,0.18987341772151897,13.622788015063819
179,0.1962025316455696,13.800557338552368
179,0.20253164556962025,7.369697661682675
179,0.2088607594936709,15.9433334948667
179,0.21518987341772153,12.247737472657226
179,0.22151898734177214,19.252940394112947
179,0.22784810126582278,4.114020707263347
179,0.23417721518987342,11.678891669885243
179,0.24050632911392406,8.104827167826365
179,0.24683544303797467,16.005984220783095
179,0.25316455696202533,6.494396165084085
179,0.25949367088607594,16.268729565880562
179,0.26582278481012656,11.798987464394717
179,0.2721518987341772,9.05215377172857
179,0.27848101265822783,6.862519045882525
179,0.2848101265822785,15.27861763875408
179,0.2911392405063291,3.4232257081270703
179,0.2974683544303797,12.793133012194467
179,0.3037974683544304,3.1098251114159363
179,0.310126582278481,10.652217056501257
179,0.31645569620253167,21.190210271068125
179,0.3227848101265823,15.313840169386433
179,0.3291139240506329,8.263753575679722
179,0.33544303797468356,7.378177632383646
179,0.34177215189873417,13.64045708453417
179,0.3481012658227848,9.362774002251172
179,0.35443037974683544,2.245993087714231
179,0.36075949367088606,4.50296061131748
179,0.3670886075949367,10.200323892357533
179,0.37341772151898733,2.7180504099423772
179,0.37974683544303794,10.979353386511736
179,0.3860759493670886,17.030540964705853
179,0.3924050632911392,11.356154070048538
179,0.3987341772151899,14.559192109756179
179,0.4050632911392405,4.126701732210368
179,0.4113924050632911,27.37914142622992
179,0.4177215189873418,26.842692922194594
179,0.4240506329113924,7.437888049993682
179,0.43037974683544306,22.317415728355243
179,0.43670886075949367,16.509888042157144
179,0.4430379746835443,7.806799418901334
179,0.44936708860759494,6.756882712862602
179,0.45569620253164556,7.418598769618761
179,0.4620253164556962,10.690430774209968
179,0.46835443037974683,2.699032630896678
179,0.47468354430379744,3.154312753115311
179,0.4810126582278481,22.842461110718794
179,0.4873417721518987,10.78378679085504
179,0.49367088607594933,10.16507538775479
180,0.0,1.7319479184152442e-14
180,0.00641025641025641,28.310933573899113
180,0.01282051282051282,16.293348629248214
180,0.019230769230769232,11.633397454996118
180,0.02564102564102564,16.100868967295302
180,0.03205128205128205,21.60995222397925
180,0.038461538461538464,18.492136188805755
180,0.04487179487179487,6.783033508957036
180,0.05128205128205128,1.6272491325815002
180,0.05769230769230769,4.406320154287543
180,0.0641025641025641,1.7726732955317628
180,0.07051282051282051,10.56433158488654
180,0.07692307692307693,5.337605544553591
180,0.08333333333333333,6.167997826609835
180,0.08974358974358974,2.978002870936906
180,0.09615384615384615,7.591114671464491
180,0.10256410256410256,18.42654053923806
180,0.10897435897435898,16.82602342588732
180,0.11538461538461538,7.672100878859518
180,0.12179487179487179,8.537192603195113
180,0.1282051282051282,10.007038183489323
180,0.1346153846153846,22.79947831139665
180,0.14102564102564102,10.085966841745764
180,0.14743589743589744,5.070027561216254
180,0.15384615384615385,9.99412186746429
180,0.16025641025641024,10.215893913092383
180,0.16666666666666666,17.08226196270075
180,0.17307692307692307,3.0974863906619383
180,0.1794871794871795,6.725475000344766
180,0.1858974358974359,19.47182866109109
180,0.1923076923076923,14.978091350329889
180,0.1987179487179487,10.084294959748227
180,0.20512820512820512,2.307176515621028
180,0.21153846153846154,9.396632662367551
180,0.21794871794871795,22.211599016631798
180,0.22435897435897434,23.458293197820815
180,0.23076923076923075,8.212727481206846
180,0.23717948717948717,10.629818150156558
180,0.24358974358974358,6.595457881025424
180,0.25,4.842090031506985
180,0.2564102564102564,7.822510717184035
180,0.26282051282051283,15.238506491535125
180,0.2692307692307692,15.289690507438975
180,0.2756410256410256,8.85216625988544
180,0.28205128205128205,9.764550744678452
180,0.28846153846153844,10.599165872568964
180,0.2948717948717949,13.971251988512911
180,0.30128205128205127,12.893246588646003
180,0.3076923076923077,1.82155126695776
180,0.3141025641025641,11.315716709014385
180,0.3205128205128205,13.204953547542592
180,0.3269230769230769,17.66018563150781
180,0.3333333333333333,15.506685667363636
180,0.33974358974358976,6.641721712100756
180,0.34615384615384615,16.199801714464744
180,0.35256410256410253,8.051064554508171
180,0.358974358974359,15.752823132209228
180,0.36538461538461536,7.881101355094272
180,0.3717948717948718,0.5432354007491073
180,0.3782051282051282,13.064075948169025
180,0.3846153846153846,11.155495653883335
180,0.391025641025641,2.563727112229616
180,0.3974358974358974,16.62092937510533
180,0.40384615384615385,5.717754524068985
180,0.41025641025641024,7.7597448297482625
180,0.41666666666666663,6.920308422502686
180,0.4230769230769231,12.334763867059277
180,0.42948717948717946,10.32785655590024
180,0.4358974358974359,10.421232111870717
180,0.4423076923076923,7.795995977385432
180,0.4487179487179487,8.323380069911167
180,0.4551282051282051,26.444963685258283
180,0.4615384615384615,2.3796747296795018
180,0.46794871794871795,9.967164056134944
180,0.47435897435897434,8.072423628117049
180,0.4807692307692307,8.232154261324862
180,0.48717948717948717,16.802704835905644
180,0.49358974358974356,16.747824991953955
181,0.0,1.63202784619898e-14
181,0.006369426751592357,35.831163752610976
181,0.012738853503184714,22.828607079106693
181,0.019108280254777073,17.776062577075923
181,0.025477707006369428,3.8696462011544335
181,0.03184713375796178,13.96859395926211
181,0.038216560509554146,20.137843459138722
181,0.0445859872611465,9.728802323954817
181,0.050955414012738856,13.492596551684288
181,0.05732484076433121,26.78433174957453
181,0.06369426751592357,10.55130907192919
181,0.07006369426751592,6.708104411672211
181,0.07643312101910829,14.791225706444415
181,0.08280254777070065,6.374354914065239
181,0.089171974522293,5.598221688856991
181,0.09554140127388536,16.687814169095038
181,0.10191082802547771,11.022850598618417
181,0.10828025477707007,7.307215095780892
181,0.11464968152866242,8.51656600501578
181,0.12101910828025478,16.953290943657127
181,0.12738853503184713,12.873026694009475
181,0.1337579617834395,20.328842449767745
181,0.14012738853503184,14.59182456170131
181,0.1464968152866242,7.803366800781725
181,0.15286624203821658,16.039203338303547
181,0.15923566878980894,4.778205915569993
181,0.1656050955414013,7.5490293874058105
181,0.17197452229299365,4.722178645608977
181,0.178343949044586,4.90569576125247
181,0.18471337579617836,6.083882730746911
181,0.1910828025477707,5.310924627003322
181,0.19745222929936307,2.6651263668536482
181,0.20382165605095542,9.583391195581598
181,0.21019108280254778,16.086413390843635
181,0.21656050955414013,10.29103147119915
181,0.2229299363057325,7.0048168773244885
181,0.22929936305732485,18.437965068884036
181,0.2356687898089172,6.910617637351509
181,0.24203821656050956,3.474014111458166
181,0.2484076433121019,8.983759435327833
181,0.25477707006369427,7.79894326764089
181,0.2611464968152866,9.931891507469606
181,0.267515923566879,14.036904042678612
181,0.27388535031847133,7.704361721163028
181,0.2802547770700637,8.418748897157077
181,0.28662420382165604,16.718498458032055
181,0.2929936305732484,7.439737222218914
181,0.29936305732484075,4.065302713601698
181,0.30573248407643316,4.03987321082008
181,0.3121019108280255,9.222752594406616
181,0.3184713375796179,15.293622887262295
181,0.32484076433121023,7.611117676363792
181,0.3312101910828026,13.491878810854669
181,0.33757961783439494,18.86400737414751
181,0.3439490445859873,9.657305188223688
181,0.35031847133757965,7.435098910593577
181,0.356687898089172,5.358416802850997
181,0.36305732484076436,3.3729369882039886
181,0.3694267515923567,8.562442830557433
181,0.37579617834394907,9.264466777988487
181,0.3821656050955414,13.936433384116791
181,0.3885350318471338,10.024953370845902
181,0.39490445859872614,11.174041563513248
181,0.4012738853503185,15.788701454360037
181,0.40764331210191085,4.821242202415138
181,0.4140127388535032,11.220863086608029
181,0.42038216560509556,8.002637565444623
181,0.4267515923566879,4.618240380140109
181,0.43312101910828027,4.516139699108085
181,0.4394904458598726,7.078888373668855
181,0.445859872611465,14.779291072831674
181,0.45222929936305734,15.971873527685295
181,0.4585987261146497,12.055568883540165
181,0.46496815286624205,15.16011114646379
181,0.4713375796178344,20.93886116983364
181,0.47770700636942676,15.894486004026753
181,0.4840764331210191,13.470467612538569
181,0.49044585987261147,12.523509583030984
181,0.4968152866242038,8.353589561724101
182,0.0,7.105427357601002e-15
182,0.00641025641025641,17.713345441282478
182,0.01282051282051282,4.121223532199439
182,0.019230769230769232,9.454965833411134
182,0.02564102564102564,12.83127643203541
182,0.03205128205128205,11.59813629532727
182,0.038461538461538464,6.612684672741352
182,0.04487179487179487,11.32965471430374
182,0.05128205128205128,27.546504516907255
182,0.05769230769230769,11.411161508727016
182,0.0641025641025641,24.714367528760157
182,0.07051282051282051,9.190952077434622
182,0.07692307692307693,6.306481506196305
182,0.08333333333333333,10.844188196700518
182,0.08974358974358974,1.6632988851500383
182,0.09615384615384615,3.2853576696572957
182,0.10256410256410256,10.202154083964906
182,0.10897435897435898,13.620888966318148
182,0.11538461538461538,12.979924458268073
182,0.12179487179487179,3.2270250237111955
182,0.1282051282051282,8.486650892207827
182,0.1346153846153846,9.620082782367426
182,0.14102564102564102,11.153061497413953
182,0.14743589743589744,8.121024776835503
182,0.15384615384615385,10.823397967936314
182,0.16025641025641024,14.640458165918973
182,0.16666666666666666,6.133886304013195
182,0.17307692307692307,19.51291974568311
182,0.1794871794871795,5.040214726436955
182,0.1858974358974359,1.3927512672988729
182,0.1923076923076923,9.594552629213112
182,0.1987179487179487,32.43851067648598
182,0.20512820512820512,3.067590625606593
182,0.21153846153846154,7.057041125276927
182,0.21794871794871795,9.903483937443943
182,0.22435897435897434,17.797157935536212
182,0.23076923076923075,6.264820922435277
182,0.23717948717948717,14.590667903832426
182,0.24358974358974358,13.236288199874311
182,0.25,5.927128719233725
182,0.2564102564102564,14.658969986743449
182,0.26282051282051283,15.968938228191266
182,0.2692307692307692,1.5117305789774287
182,0.2756410256410256,16.148915674995756
182,0.28205128205128205,8.99441617489774
182,0.28846153846153844,4.992379124271147
182,0.2948717948717949,6.601284447132414
182,0.30128205128205127,10.761118648711548
182,0.3076923076923077,10.445076061752067
182,0.3141025641025641,19.33366189118789
182,0.3205128205128205,3.565904049409863
182,0.3269230769230769,17.992374812748512
182,0.3333333333333333,7.145560599085126
182,0.33974358974358976,9.211760550576598
182,0.34615384615384615,10.966936888269895
182,0.35256410256410253,8.534118180499172
182,0.358974358974359,17.33740724220465
182,0.36538461538461536,8.259452847140922
182,0.3717948717948718,20.43799680829852
182,0.3782051282051282,13.671601582715986
182,0.3846153846153846,16.09012878722153
182,0.391025641025641,6.945064094172414
182,0.3974358974358974,9.773541092002617
182,0.40384615384615385,14.813267155713076
182,0.41025641025641024,15.89314892838352
182,0.41666666666666663,12.398079120637997
182,0.4230769230769231,10.36324898078327
182,0.42948717948717946,23.076587339470947
182,0.4358974358974359,10.731020150149407
182,0.4423076923076923,6.0893314298153305
182,0.4487179487179487,17.4716793999841
182,0.4551282051282051,12.839103664904563
182,0.4615384615384615,7.554702169802085
182,0.46794871794871795,8.53703707285701
182,0.47435897435897434,8.18215032059773
182,0.4807692307692307,12.581121763627964
182,0.48717948717948717,7.303111987205597
182,0.49358974358974356,3.115351101597682
183,0.0,9.325873406851315e-15
183,0.00641025641025641,17.886314684657677
183,0.01282051282051282,8.177131124238468
183,0.019230769230769232,15.05620160032524
183,0.02564102564102564,5.271440051897921
183,0.03205128205128205,9.208811867944409
183,0.038461538461538464,19.44372245982959
183,0.04487179487179487,10.702310857762498
183,0.05128205128205128,10.059037449197085
183,0.05769230769230769,17.770598138015632
183,0.0641025641025641,21.365834629264704
183,0.07051282051282051,21.912303110099828
183,0.07692307692307693,20.919381691919114
183,0.08333333333333333,8.160563286619753
183,0.08974358974358974,6.484399125835815
183,0.09615384615384615,5.388418055784613
183,0.10256410256410256,14.284696923675822
183,0.10897435897435898,6.176389815849173
183,0.11538461538461538,8.964053138330177
183,0.12179487179487179,10.074539510290391
183,0.1282051282051282,20.310478157830083
183,0.1346153846153846,13.26096375964904
183,0.14102564102564102,17.15798546392535
183,0.14743589743589744,10.890080732772535
183,0.15384615384615385,6.7072124422739705
183,0.16025641025641024,2.6968982839520215
183,0.16666666666666666,7.230914371379663
183,0.17307692307692307,5.3784639254282505
183,0.1794871794871795,14.53565030407786
183,0.1858974358974359,8.8698559152914
183,0.1923076923076923,8.512782504497078
183,0.1987179487179487,15.496881174950994
183,0.20512820512820512,8.759413265585824
183,0.21153846153846154,8.790817710574508
183,0.21794871794871795,7.948227644082885
183,0.22435897435897434,16.51976283012193
183,0.23076923076923075,14.543681635095687
183,0.23717948717948717,11.524695079739072
183,0.24358974358974358,10.816392041854883
183,0.25,4.973099623750595
183,0.2564102564102564,3.4834059896052088
183,0.26282051282051283,12.443364897142281
183,0.2692307692307692,1.3875331527171761
183,0.2756410256410256,6.707329660680447
183,0.28205128205128205,2.79095597557371
183,0.28846153846153844,6.713360249967325
183,0.2948717948717949,6.96047984939678
183,0.30128205128205127,21.819524784023177
183,0.3076923076923077,22.537887379012247
183,0.3141025641025641,20.56715616851936
183,0.3205128205128205,19.55489489085789
183,0.3269230769230769,14.526191695728633
183,0.3333333333333333,10.587836996762857
183,0.33974358974358976,16.575915913474795
183,0.34615384615384615,10.567086097996716
183,0.35256410256410253,6.378969569395634
183,0.358974358974359,8.688083950934153
183,0.36538461538461536,5.927311590279638
183,0.3717948717948718,10.73715392301049
183,0.3782051282051282,16.12330175877104
183,0.3846153846153846,16.15979771768882
183,0.391025641025641,14.632576940317186
183,0.3974358974358974,3.9730844573296027
183,0.40384615384615385,10.580146075314069
183,0.41025641025641024,7.5386570436051965
183,0.41666666666666663,8.430583952040557
183,0.4230769230769231,1.566822770615227
183,0.42948717948717946,3.509540404342102
183,0.4358974358974359,18.548482470454314
183,0.4423076923076923,12.769629032103126
183,0.4487179487179487,13.056894355585179
183,0.4551282051282051,9.631115094595277
183,0.4615384615384615,8.756726141916621
183,0.46794871794871795,12.20233122595397
183,0.47435897435897434,22.319182636385367
183,0.4807692307692307,3.126923736412902
183,0.48717948717948717,14.879038509250565
183,0.49358974358974356,8.350084233253634
184,0.0,7.105427357601002e-15
184,0.006289308176100629,6.500412455554423
184,0.012578616352201259,11.28783817714928
184,0.01886792452830189,10.744643335250188
184,0.025157232704402517,10.955261422869349
184,0.031446540880503145,9.901041360712986
184,0.03773584905660378,2.9282690376376506
184,0.04402515723270441,9.164368451424044
184,0.050314465408805034,20.28642882213948
184,0.05660377358490566,13.19109727704614
184,0.06289308176100629,12.877926175457386
184,0.06918238993710692,7.8198424640266095
184,0.07547169811320756,10.697971066810517
184,0.08176100628930819,20.49489999310929
184,0.08805031446540881,7.935017505179891
184,0.09433962264150944,7.324966379468623
184,0.10062893081761007,7.3124242716650425
184,0.1069182389937107,22.73311325117706
184,0.11320754716981132,20.37196140775972
184,0.11949685534591195,15.425670269607613
184,0.12578616352201258,10.25548147380814
184,0.1320754716981132,3.633450902377657
184,0.13836477987421383,8.01246847119999
184,0.14465408805031446,8.924895542088445
184,0.15094339622641512,2.4136187672584217
184,0.15723270440251574,9.585185781072159
184,0.16352201257861637,12.178448652471149
184,0.169811320754717,19.934416345826513
184,0.17610062893081763,12.343282635753644
184,0.18238993710691825,7.85112722989223
184,0.18867924528301888,21.35648446673529
184,0.1949685534591195,2.759809562410856
184,0.20125786163522014,22.127795397117165
184,0.20754716981132076,24.84166299261837
184,0.2138364779874214,11.042587001823497
184,0.22012578616352202,13.422722883160025
184,0.22641509433962265,2.7836064369543063
184,0.23270440251572327,4.221906886643289
184,0.2389937106918239,1.3310282858621325
184,0.24528301886792453,15.127917278353962
184,0.25157232704402516,10.987564576112224
184,0.2578616352201258,14.692754255962676
184,0.2641509433962264,8.688498753198406
184,0.27044025157232704,11.882721840846878
184,0.27672955974842767,8.47302441258819
184,0.2830188679245283,7.4686684547757265
184,0.2893081761006289,8.735202527779714
184,0.29559748427672955,9.842169065964761
184,0.30188679245283023,7.603647227005552
184,0.30817610062893086,9.879584063864538
184,0.3144654088050315,8.457635072616798
184,0.3207547169811321,20.727973135676255
184,0.32704402515723274,4.59515591106511
184,0.33333333333333337,8.612405005010011
184,0.339622641509434,9.54058714353996
184,0.3459119496855346,10.753766076582595
184,0.35220125786163525,8.036754512883771
184,0.3584905660377359,7.280769314802142
184,0.3647798742138365,22.5851595661229
184,0.37106918238993714,2.6168833019539903
184,0.37735849056603776,17.771988609068156
184,0.3836477987421384,7.022497483830657
184,0.389937106918239,15.159958055915405
184,0.39622641509433965,8.051270402506598
184,0.4025157232704403,13.461420918473184
184,0.4088050314465409,13.210294283160959
184,0.41509433962264153,8.175059157914172
184,0.42138364779874216,18.20993689600197
184,0.4276729559748428,20.959783188019696
184,0.4339622641509434,7.407566965778709
184,0.44025157232704404,10.68854280831549
184,0.44654088050314467,14.27639777564794
184,0.4528301886792453,12.32032249288936
184,0.4591194968553459,8.86938454011218
184,0.46540880503144655,28.576688130350504
184,0.4716981132075472,8.064270429431973
184,0.4779874213836478,13.303143662347386
184,0.48427672955974843,10.542463414775606
184,0.49056603773584906,4.270860644199213
184,0.4968553459119497,4.204847654505767
185,0.0,1.7763568394002505e-15
185,0.006369426751592357,20.317215845029953
185,0.012738853503184714,12.270106992916874
185,0.019108280254777073,4.46597022652871
185,0.025477707006369428,17.47402285831859
185,0.03184713375796178,10.017939408253044
185,0.038216560509554146,16.782759735326835
185,0.0445859872611465,16.084747691045813
185,0.050955414012738856,3.7907319982855516
185,0.05732484076433121,4.409362969542918
185,0.06369426751592357,18.0051996742492
185,0.07006369426751592,11.771096591493695
185,0.07643312101910829,17.46846634018188
185,0.08280254777070065,3.5450266759718954
185,0.089171974522293,1.5840293019578275
185,0.09554140127388536,18.935630461076578
185,0.10191082802547771,0.38732433251700177
185,0.10828025477707007,9.561200788452808
185,0.11464968152866242,4.969377565846611
185,0.12101910828025478,8.506302456905281
185,0.12738853503184713,3.322060756815002
185,0.1337579617834395,17.901271597429094
185,0.14012738853503184,4.460908514308311
185,0.1464968152866242,5.555474798759605
185,0.15286624203821658,8.950173921359662
185,0.15923566878980894,12.81894242201302
185,0.1656050955414013,5.591698003194329
185,0.17197452229299365,16.451814754357624
185,0.178343949044586,6.911654940701954
185,0.18471337579617836,18.73003787541584
185,0.1910828025477707,9.586803881323448
185,0.19745222929936307,7.328198904186015
185,0.20382165605095542,5.9896359130921715
185,0.21019108280254778,10.22538367654938
185,0.21656050955414013,2.1407023508984206
185,0.2229299363057325,16.588941304903468
185,0.22929936305732485,21.89133427275019
185,0.2356687898089172,6.624738943585628
185,0.24203821656050956,10.803283668622356
185,0.2484076433121019,14.315200124857649
185,0.25477707006369427,17.176830433001395
185,0.2611464968152866,16.94280404892568
185,0.267515923566879,14.73970274092266
185,0.27388535031847133,6.325327070115763
185,0.2802547770700637,9.031319375403587
185,0.28662420382165604,10.482638605741116
185,0.2929936305732484,8.421010948393171
185,0.29936305732484075,23.52373561073636
185,0.30573248407643316,6.33562498507273
185,0.3121019108280255,3.7371348084320783
185,0.3184713375796179,12.565078406091036
185,0.32484076433121023,21.48223424354797
185,0.3312101910828026,11.198790815296707
185,0.33757961783439494,14.293650265851392
185,0.3439490445859873,21.007073813266928
185,0.35031847133757965,15.956401569739388
185,0.356687898089172,15.941869879500544
185,0.36305732484076436,6.6948470500742285
185,0.3694267515923567,8.162780022022163
185,0.37579617834394907,10.49914120673928
185,0.3821656050955414,7.593192947501194
185,0.3885350318471338,8.356395773259885
185,0.39490445859872614,15.245069237260074
185,0.4012738853503185,5.933566110906941
185,0.40764331210191085,9.693516198058255
185,0.4140127388535032,6.882430658154571
185,0.42038216560509556,5.6672277711027474
185,0.4267515923566879,16.111288187397317
185,0.43312101910828027,15.857164358997897
185,0.4394904458598726,12.545899340755398
185,0.445859872611465,5.208963123707729
185,0.45222929936305734,24.2148415232772
185,0.4585987261146497,16.187760917781127
185,0.46496815286624205,5.073737634491388
185,0.4713375796178344,7.367013272347263
185,0.47770700636942676,8.04671809385563
185,0.4840764331210191,16.281516950167568
185,0.49044585987261147,16.241799724395964
185,0.4968152866242038,8.78621918971823
186,0.0,1.509903313490213e-14
186,0.006329113924050633,32.25000984547423
186,0.012658227848101266,30.45246356519153
186,0.0189873417721519,21.4873731288383
186,0.02531645569620253,27.34866940055226
186,0.03164556962025317,6.747358970243927
186,0.0379746835443038,17.567437341966336
186,0.04430379746835443,7.207532298373736
186,0.05063291139240506,9.208771896635827
186,0.056962025316455694,2.2811693197920535
186,0.06329113924050633,8.081116525795363
186,0.06962025316455696,9.050445431690795
186,0.0759493670886076,6.999854303747629
186,0.08227848101265822,12.265212402490622
186,0.08860759493670886,8.461402185056064
186,0.09493670886075949,5.12594595554328
186,0.10126582278481013,8.27804962960905
186,0.10759493670886076,8.86903836375081
186,0.11392405063291139,12.442190434437222
186,0.12025316455696203,8.16544380820547
186,0.12658227848101267,8.791202894171596
186,0.13291139240506328,11.062871020444314
186,0.13924050632911392,4.5969998983596465
186,0.14556962025316456,18.572345592762584
186,0.1518987341772152,11.923872164779194
186,0.15822784810126583,9.657525222249928
186,0.16455696202531644,8.339500023524238
186,0.17088607594936708,16.188949445637775
186,0.17721518987341772,8.239879737747305
186,0.18354430379746836,13.920176497974614
186,0.18987341772151897,19.282413480887516
186,0.1962025316455696,20.814536822840644
186,0.20253164556962025,7.369009083246307
186,0.2088607594936709,8.09223638252231
186,0.21518987341772153,3.1382945702490277
186,0.22151898734177214,7.885181424152583
186,0.22784810126582278,9.454688880885973
186,0.23417721518987342,8.597189667028818
186,0.24050632911392406,19.24754374627181
186,0.24683544303797467,10.493208907214555
186,0.25316455696202533,10.875412233583008
186,0.25949367088607594,3.9358563793767565
186,0.26582278481012656,4.991905114416795
186,0.2721518987341772,13.963725048050948
186,0.27848101265822783,6.076149148535732
186,0.2848101265822785,6.963027364309915
186,0.2911392405063291,18.995139044336952
186,0.2974683544303797,9.782034117918727
186,0.3037974683544304,9.877252301729765
186,0.310126582278481,10.865586673099829
186,0.31645569620253167,11.736188773623018
186,0.3227848101265823,1.4762161200364854
186,0.3291139240506329,5.898739840239108
186,0.33544303797468356,15.049254590289587
186,0.34177215189873417,9.98172624288254
186,0.3481012658227848,7.397796459805218
186,0.35443037974683544,14.887291690130043
186,0.36075949367088606,17.763247654488175
186,0.3670886075949367,17.00059613945971
186,0.37341772151898733,6.635668425771432
186,0.37974683544303794,13.809259676035971
186,0.3860759493670886,13.500556696315062
186,0.3924050632911392,10.31506226311936
186,0.3987341772151899,1.3921575142709488
186,0.4050632911392405,7.274145220444759
186,0.4113924050632911,4.508403891166953
186,0.4177215189873418,12.515310082408602
186,0.4240506329113924,4.409589295842252
186,0.43037974683544306,5.897084920191961
186,0.43670886075949367,3.275239907496931
186,0.4430379746835443,14.919924092584731
186,0.44936708860759494,1.424767038529823
186,0.45569620253164556,6.8827549376568165
186,0.4620253164556962,21.207585820377947
186,0.46835443037974683,12.455454617486417
186,0.47468354430379744,10.285402726889984
186,0.4810126582278481,14.478652502883467
186,0.4873417721518987,15.15955192358939
186,0.49367088607594933,10.307143846352576
187,0.0,1.7763568394002505e-14
187,0.00625,18.79609229616521
187,0.0125,21.28016954798862
187,0.018750000000000003,6.014427585205645
187,0.025,16.76819442460434
187,0.03125,7.422268792645582
187,0.037500000000000006,0.4479010797166956
187,0.043750000000000004,3.4796086528649357
187,0.05,13.303502769068537
187,0.05625,13.138907132584546
187,0.0625,4.890176176024832
187,0.06875,9.959559066849819
187,0.07500000000000001,15.781227065017626
187,0.08125,5.08151824437071
187,0.08750000000000001,19.386556353316927
187,0.09375,6.793319288045166
187,0.1,12.284762066531632
187,0.10625000000000001,12.992148692083054
187,0.1125,8.354879454475073
187,0.11875000000000001,9.300111530202027
187,0.125,4.4923317939102745
187,0.13125,10.255498764552113
187,0.1375,2.674240495648619
187,0.14375000000000002,8.029319310643674
187,0.15000000000000002,15.993981356889131
187,0.15625,9.998953544576406
187,0.1625,10.94149559588618
187,0.16875,8.089063239020499
187,0.17500000000000002,16.86019069205241
187,0.18125000000000002,9.315479985222922
187,0.1875,13.986236377875644
187,0.19375,0.9575111715255694
187,0.2,6.436504326213587
187,0.20625000000000002,17.426692752505172
187,0.21250000000000002,7.032896827273045
187,0.21875,1.1356333626196735
187,0.225,13.11185543028027
187,0.23125,12.588749676893338
187,0.23750000000000002,13.987907342002964
187,0.24375000000000002,8.019523485397343
187,0.25,28.937540662502634
187,0.25625000000000003,18.782065399186152
187,0.2625,13.819405055180088
187,0.26875,4.764199647130057
187,0.275,17.32721303208965
187,0.28125,4.190893693315973
187,0.28750000000000003,14.83968514003389
187,0.29375,7.40174704438355
187,0.30000000000000004,13.15262451743757
187,0.30625,26.59841768014059
187,0.3125,16.916451538241482
187,0.31875000000000003,18.64652229485693
187,0.325,7.706960111271778
187,0.33125000000000004,11.746036795167123
187,0.3375,12.320120111273171
187,0.34375,12.787005296240817
187,0.35000000000000003,9.772222164806607
187,0.35625,18.239893637724762
187,0.36250000000000004,8.284160660768585
187,0.36875,8.782997949196556
187,0.375,6.194014323493305
187,0.38125000000000003,0.6944549044374523
187,0.3875,19.402043677302792
187,0.39375000000000004,11.340963117583044
187,0.4,7.780001627942584
187,0.40625,19.524986819248372
187,0.41250000000000003,7.237749566925776
187,0.41875,17.08203628632901
187,0.42500000000000004,2.4862931906370553
187,0.43125,14.588431158625788
187,0.4375,10.98433949218877
187,0.44375000000000003,4.474730866197562
187,0.45,7.586467941272168
187,0.45625000000000004,10.967881054478628
187,0.4625,11.017422433664537
187,0.46875,10.649264924940402
187,0.47500000000000003,14.786258523796327
187,0.48125,25.4183070089356
187,0.48750000000000004,5.2530362755754645
187,0.49375,8.299416748161832
188,0.0,2.1316282072803006e-14
188,0.006329113924050633,14.838665836233913
188,0.012658227848101266,14.408979429675393
188,0.0189873417721519,20.037112166728672
188,0.02531645569620253,8.40504648904296
188,0.03164556962025317,14.09069220158818
188,0.0379746835443038,12.859937207565649
188,0.04430379746835443,13.785104805612972
188,0.05063291139240506,6.749258327327148
188,0.056962025316455694,18.543489105066893
188,0.06329113924050633,13.229712951306315
188,0.06962025316455696,7.488624638275785
188,0.0759493670886076,12.108477784168185
188,0.08227848101265822,11.267878366918746
188,0.08860759493670886,17.982523147267234
188,0.09493670886075949,25.951936306732577
188,0.10126582278481013,10.240242187814461
188,0.10759493670886076,6.749425944396386
188,0.11392405063291139,4.1327239880691
188,0.12025316455696203,9.416608702187302
188,0.12658227848101267,2.0838696737395295
188,0.13291139240506328,9.385368511268892
188,0.13924050632911392,15.005755509555312
188,0.14556962025316456,13.141711221638916
188,0.1518987341772152,7.502146960821637
188,0.15822784810126583,6.871898740660166
188,0.16455696202531644,4.708522636005064
188,0.17088607594936708,26.050860598978126
188,0.17721518987341772,11.23441896277147
188,0.18354430379746836,21.34080335069787
188,0.18987341772151897,14.972607145699245
188,0.1962025316455696,6.420418229104734
188,0.20253164556962025,16.351511587131128
188,0.2088607594936709,7.493392130408626
188,0.21518987341772153,8.808577693775948
188,0.22151898734177214,5.083215091924024
188,0.22784810126582278,12.56852199439431
188,0.23417721518987342,14.357098398134704
188,0.24050632911392406,16.027371984414355
188,0.24683544303797467,15.857162274710895
188,0.25316455696202533,6.710907162652908
188,0.25949367088607594,5.5912022273355575
188,0.26582278481012656,6.727954486361141
188,0.2721518987341772,6.9461852918096225
188,0.27848101265822783,12.007276693616477
188,0.2848101265822785,11.452415214558986
188,0.2911392405063291,5.941276509219327
188,0.2974683544303797,9.336801226254325
188,0.3037974683544304,8.979832499649952
188,0.310126582278481,8.348124296703334
188,0.31645569620253167,28.65066208538995
188,0.3227848101265823,4.914880189557004
188,0.3291139240506329,6.743226419407126
188,0.33544303797468356,20.88885932312675
188,0.34177215189873417,2.8960522549416043
188,0.3481012658227848,5.171547125560161
188,0.35443037974683544,11.980453910029546
188,0.36075949367088606,8.567868601458368
188,0.3670886075949367,7.727488230466501
188,0.37341772151898733,4.506662598470459
188,0.37974683544303794,17.239077805722577
188,0.3860759493670886,19.06133676239682
188,0.3924050632911392,5.446061897617488
188,0.3987341772151899,13.518557428439625
188,0.4050632911392405,3.033398265821798
188,0.4113924050632911,13.310870910785571
188,0.4177215189873418,6.951960276289125
188,0.4240506329113924,13.32894621014506
188,0.43037974683544306,11.026316786084774
188,0.43670886075949367,8.557464035024557
188,0.4430379746835443,18.264290925224056
188,0.44936708860759494,15.707117155052424
188,0.45569620253164556,12.223291442266369
188,0.4620253164556962,7.254619176287555
188,0.46835443037974683,3.550248052920525
188,0.47468354430379744,3.7798586184049046
188,0.4810126582278481,11.65825747033292
188,0.4873417721518987,10.579976191878762
188,0.49367088607594933,21.024849288052202
189,0.0,1.0436096431476471e-14
189,0.006369426751592357,16.824547588966162
189,0.012738853503184714,18.501723263144978
189,0.019108280254777073,5.298245873451158
189,0.025477707006369428,13.729628267496514
189,0.03184713375796178,4.296545018348604
189,0.038216560509554146,12.407064658863383
189,0.0445859872611465,15.956641907113035
189,0.050955414012738856,14.982939378889709
189,0.05732484076433121,15.23216080337496
189,0.06369426751592357,7.5445506986833495
189,0.07006369426751592,11.847333835243811
189,0.07643312101910829,14.459176047140424
189,0.08280254777070065,12.581424225300497
189,0.089171974522293,18.799221071542856
189,0.09554140127388536,20.203774303224392
189,0.10191082802547771,14.639562419707481
189,0.10828025477707007,16.00829920210095
189,0.11464968152866242,20.808423070937167
189,0.12101910828025478,5.402197284734552
189,0.12738853503184713,20.61463910055036
189,0.1337579617834395,6.238209584075676
189,0.14012738853503184,9.224542060072814
189,0.1464968152866242,8.890786278550351
189,0.15286624203821658,11.634385255274472
189,0.15923566878980894,5.0310954560840395
189,0.1656050955414013,13.948124191125647
189,0.17197452229299365,17.18241125007003
189,0.178343949044586,9.676612447903992
189,0.18471337579617836,8.612972420616678
189,0.1910828025477707,20.620836588937657
189,0.19745222929936307,25.512558180597125
189,0.20382165605095542,20.38608840479367
189,0.21019108280254778,21.583862288393007
189,0.21656050955414013,6.341632539062761
189,0.2229299363057325,2.8235056063723407
189,0.22929936305732485,10.210399427420247
189,0.2356687898089172,17.841824476547277
189,0.24203821656050956,9.237009775212314
189,0.2484076433121019,4.624202513659848
189,0.25477707006369427,13.882353848114928
189,0.2611464968152866,11.766578288087794
189,0.267515923566879,19.105043090600915
189,0.27388535031847133,7.361466711137839
189,0.2802547770700637,13.533711911941161
189,0.28662420382165604,11.725596548951623
189,0.2929936305732484,12.301452728393837
189,0.29936305732484075,4.396031819591061
189,0.30573248407643316,7.486145905653205
189,0.3121019108280255,11.21174145178293
189,0.3184713375796179,14.266870748050103
189,0.32484076433121023,3.673175581817547
189,0.3312101910828026,7.687715376450301
189,0.33757961783439494,10.636431301518545
189,0.3439490445859873,14.384576573850403
189,0.35031847133757965,5.923249416830186
189,0.356687898089172,7.369978682168562
189,0.36305732484076436,6.444994711787414
189,0.3694267515923567,14.876146798094616
189,0.37579617834394907,12.310792934197579
189,0.3821656050955414,13.574034228958242
189,0.3885350318471338,14.547955942119811
189,0.39490445859872614,1.5620171103019376
189,0.4012738853503185,9.28985205693001
189,0.40764331210191085,5.753702030485222
189,0.4140127388535032,8.742354838632131
189,0.42038216560509556,8.955248903675917
189,0.4267515923566879,1.6640188522742303
189,0.43312101910828027,9.11835269105225
189,0.4394904458598726,7.924978537543667
189,0.445859872611465,1.9650887420024097
189,0.45222929936305734,8.82134800307694
189,0.4585987261146497,21.366953115107947
189,0.46496815286624205,3.13087709486583
189,0.4713375796178344,16.188239876784568
189,0.47770700636942676,8.79510038391494
189,0.4840764331210191,6.093344244192296
189,0.49044585987261147,8.285624858989644
189,0.4968152866242038,4.356798584165429
190,0.0,8.881784197001252e-15
190,0.006329113924050633,27.665035119160557
190,0.012658227848101266,32.55195200872294
190,0.0189873417721519,10.861120568195712
190,0.02531645569620253,28.22781254266207
190,0.03164556962025317,8.639795106382612
190,0.0379746835443038,8.55809852697268
190,0.04430379746835443,8.44813873959013
190,0.05063291139240506,26.098010678583957
190,0.056962025316455694,3.75398715530153
190,0.06329113924050633,24.887794508062903
190,0.06962025316455696,8.205358432944772
190,0.0759493670886076,18.61720418217191
190,0.08227848101265822,9.657256112280114
190,0.08860759493670886,9.701566852812357
190,0.09493670886075949,11.069431159108953
190,0.10126582278481013,16.139320774470068
190,0.10759493670886076,16.107302002586746
190,0.11392405063291139,9.17101933760763
190,0.12025316455696203,11.576073175835578
190,0.12658227848101267,6.241951784219282
190,0.13291139240506328,7.222426288078605
190,0.13924050632911392,8.649126234662404
190,0.14556962025316456,6.093171063420085
190,0.1518987341772152,7.329894748045909
190,0.15822784810126583,4.373145603888936
190,0.16455696202531644,15.541639714421956
190,0.17088607594936708,9.692136029565217
190,0.17721518987341772,13.42098022176323
190,0.18354430379746836,5.845954145718616
190,0.18987341772151897,10.93731695115756
190,0.1962025316455696,15.912342145548548
190,0.20253164556962025,11.396147511741397
190,0.2088607594936709,12.110152098627703
190,0.21518987341772153,6.278546545557733
190,0.22151898734177214,11.587517525275075
190,0.22784810126582278,7.757446657377717
190,0.23417721518987342,7.805037779864181
190,0.24050632911392406,16.41267043046918
190,0.24683544303797467,14.226268999628152
190,0.25316455696202533,4.73606200640893
190,0.25949367088607594,6.480996410794288
190,0.26582278481012656,6.336971410327348
190,0.2721518987341772,7.576601916492535
190,0.27848101265822783,6.970258159741843
190,0.2848101265822785,7.021551737007256
190,0.2911392405063291,9.220059882412885
190,0.2974683544303797,18.112142304524536
190,0.3037974683544304,4.26180393886566
190,0.310126582278481,7.458651875198799
190,0.31645569620253167,21.915550013410197
190,0.3227848101265823,13.46874209898146
190,0.3291139240506329,14.210317486403632
190,0.33544303797468356,1.1610620849946807
190,0.34177215189873417,7.8971507791630025
190,0.3481012658227848,2.3491821956517893
190,0.35443037974683544,10.409121875158842
190,0.36075949367088606,10.73815181663948
190,0.3670886075949367,8.37234879683348
190,0.37341772151898733,12.954097674797643
190,0.37974683544303794,2.773113897393629
190,0.3860759493670886,9.47794029910308
190,0.3924050632911392,19.880669640097224
190,0.3987341772151899,6.478120161003916
190,0.4050632911392405,3.3202875498043123
190,0.4113924050632911,2.0411110166602566
190,0.4177215189873418,13.834953766198373
190,0.4240506329113924,7.956068203498379
190,0.43037974683544306,11.36684627164731
190,0.43670886075949367,18.993081089977363
190,0.4430379746835443,12.158612814323728
190,0.44936708860759494,17.031762594751637
190,0.45569620253164556,4.906447213075141
190,0.4620253164556962,9.58242662737332
190,0.46835443037974683,8.707902460501556
190,0.47468354430379744,14.981006232641873
190,0.4810126582278481,7.901787892382713
190,0.4873417721518987,4.909532269853805
190,0.49367088607594933,11.315466431053455
191,0.0,4.440892098500626e-15
191,0.006211180124223602,29.077830694101287
191,0.012422360248447204,9.886175342098019
191,0.018633540372670808,15.558555746538925
191,0.024844720496894408,4.42567646714745
191,0.03105590062111801,15.207833234709517
191,0.037267080745341616,24.505748280037842
191,0.043478260869565216,12.33331388759052
191,0.049689440993788817,7.838668333060994
191,0.05590062111801242,10.302241527691313
191,0.06211180124223602,2.100393453570454
191,0.06832298136645962,11.337795813838966
191,0.07453416149068323,2.394730851054139
191,0.08074534161490683,11.387545427164445
191,0.08695652173913043,19.933602325801967
191,0.09316770186335403,7.759721788540821
191,0.09937888198757763,9.792230222311673
191,0.10559006211180123,16.589665142764606
191,0.11180124223602483,4.3388858522830125
191,0.11801242236024843,1.9666346598036386
191,0.12422360248447203,12.341919630724194
191,0.13043478260869565,16.82704385173635
191,0.13664596273291924,9.165107639551207
191,0.14285714285714285,15.130175092731522
191,0.14906832298136646,10.561441263074036
191,0.15527950310559005,20.034314975682232
191,0.16149068322981366,15.785605992086811
191,0.16770186335403725,8.993834485517937
191,0.17391304347826086,4.026987884036264
191,0.18012422360248445,6.749425046171216
191,0.18633540372670807,20.90759049150428
191,0.19254658385093165,7.058910787647052
191,0.19875776397515527,3.870781990721125
191,0.20496894409937888,7.847035043849261
191,0.21118012422360247,10.946633225765874
191,0.21739130434782608,14.480904594435286
191,0.22360248447204967,15.702462785672182
191,0.22981366459627328,3.717425948371627
191,0.23602484472049687,24.795270060885013
191,0.24223602484472048,4.1197371823360855
191,0.24844720496894407,16.894390871401633
191,0.2546583850931677,13.080783022962693
191,0.2608695652173913,13.328113651957047
191,0.2670807453416149,15.187916016374627
191,0.27329192546583847,10.401322908911334
191,0.2795031055900621,13.912949029791216
191,0.2857142857142857,18.22006267074354
191,0.2919254658385093,24.58436940723638
191,0.2981366459627329,3.1185631010384336
191,0.3043478260869565,13.885790237304604
191,0.3105590062111801,4.188683079248319
191,0.3167701863354037,18.142029016966866
191,0.32298136645962733,14.696998323163692
191,0.3291925465838509,11.742499866182111
191,0.3354037267080745,8.381438094129845
191,0.3416149068322981,12.598474115849776
191,0.34782608695652173,11.881665139794984
191,0.35403726708074534,10.947104225547923
191,0.3602484472049689,11.659145993941886
191,0.3664596273291925,3.073668434425285
191,0.37267080745341613,2.2964112653546374
191,0.37888198757763975,15.384221243012988
191,0.3850931677018633,10.598766724397294
191,0.3913043478260869,7.321364193028849
191,0.39751552795031053,9.68158461919438
191,0.40372670807453415,6.043473509082932
191,0.40993788819875776,5.36359137195473
191,0.4161490683229813,8.472760991010183
191,0.42236024844720493,2.9169532575572474
191,0.42857142857142855,14.028324287489317
191,0.43478260869565216,5.9980424777204915
191,0.4409937888198757,4.94614866017142
191,0.44720496894409933,11.34380955949121
191,0.45341614906832295,14.118501820949968
191,0.45962732919254656,6.061659650532666
191,0.4658385093167702,21.183078097340527
191,0.47204968944099374,19.676183373206076
191,0.47826086956521735,4.352530945229027
191,0.48447204968944096,12.041669148235496
191,0.4906832298136646,5.557606183567324
191,0.49689440993788814,10.229724726513112
192,0.0,0.0
192,0.006493506493506494,11.48252422772795
192,0.012987012987012988,18.841700631689715
192,0.01948051948051948,3.6146110414626462
192,0.025974025974025976,14.653195485493654
192,0.03246753246753247,8.431749896213267
192,0.03896103896103896,11.814498678450446
192,0.045454545454545456,22.953395107499937
192,0.05194805194805195,6.586888972606405
192,0.05844155844155845,7.856886232594567
192,0.06493506493506494,7.599202055904035
192,0.07142857142857144,13.073298192364962
192,0.07792207792207792,5.0531444869016795
192,0.08441558441558442,10.001866351630417
192,0.09090909090909091,7.673165598637562
192,0.09740259740259741,1.9906528411023652
192,0.1038961038961039,20.558951550307004
192,0.1103896103896104,26.787665120833406
192,0.1168831168831169,6.190380662634886
192,0.12337662337662339,7.901427365036395
192,0.12987012987012989,14.297676086858747
192,0.13636363636363638,18.97348249053051
192,0.14285714285714288,6.658274832407211
192,0.14935064935064937,8.189775301324042
192,0.15584415584415584,14.646073280215582
192,0.16233766233766234,4.137589876032097
192,0.16883116883116883,12.475363547711137
192,0.17532467532467533,12.899693771463756
192,0.18181818181818182,10.546649653147055
192,0.18831168831168832,4.2462964227031925
192,0.19480519480519481,18.530686150183136
192,0.2012987012987013,10.471985864236704
192,0.2077922077922078,4.5061401770718685
192,0.2142857142857143,8.600291483862222
192,0.2207792207792208,11.29897566266776
192,0.2272727272727273,8.158360673984722
192,0.2337662337662338,20.299418123814842
192,0.24025974025974028,14.0067934430221
192,0.24675324675324678,17.214438844435485
192,0.2532467532467533,12.50017221041064
192,0.25974025974025977,23.183427602755145
192,0.26623376623376627,12.17169313528422
192,0.27272727272727276,8.783417456721388
192,0.27922077922077926,2.8729647842973276
192,0.28571428571428575,13.950830151247768
192,0.29220779220779225,2.298423855707427
192,0.29870129870129875,7.453983354144723
192,0.30519480519480524,17.356949743114416
192,0.3116883116883117,11.185350106758897
192,0.3181818181818182,1.7586893620170245
192,0.3246753246753247,11.832915216103492
192,0.33116883116883117,4.261552391299664
192,0.33766233766233766,2.626225363164012
192,0.34415584415584416,7.4783804217484535
192,0.35064935064935066,12.417772131939156
192,0.35714285714285715,8.66344165521668
192,0.36363636363636365,19.584862212155063
192,0.37012987012987014,3.0199203568841
192,0.37662337662337664,7.177508972786797
192,0.38311688311688313,6.254272507174162
192,0.38961038961038963,27.544310468897383
192,0.3961038961038961,8.037307684315568
192,0.4025974025974026,10.849120242238593
192,0.4090909090909091,5.238678899365344
192,0.4155844155844156,8.168260634691269
192,0.4220779220779221,4.567195937188226
192,0.4285714285714286,15.32365344008952
192,0.4350649350649351,11.059946667982915
192,0.4415584415584416,12.855692310767008
192,0.4480519480519481,6.020663408970576
192,0.4545454545454546,6.210195279804389
192,0.4610389610389611,0.5600199887713317
192,0.4675324675324676,4.0167192583016345
192,0.4740259740259741,1.9364081610274737
192,0.48051948051948057,13.50356787711505
192,0.48701298701298706,8.233861986132863
192,0.49350649350649356,23.717555857956274
193,0.0,7.105427357601002e-15
193,0.0064516129032258064,26.860139476504653
193,0.012903225806451613,16.48570979121386
193,0.01935483870967742,7.285096239825698
193,0.025806451612903226,7.764078795499784
193,0.03225806451612903,2.8381537836994997
193,0.03870967741935484,5.343489552979075
193,0.04516129032258064,13.826923907148233
193,0.05161290322580645,14.330285781648959
193,0.05806451612903226,8.742521448308985
193,0.06451612903225806,13.042117189690803
193,0.07096774193548387,22.136421666200583
193,0.07741935483870968,22.701396937026246
193,0.08387096774193549,4.2183859430749235
193,0.09032258064516129,11.411812488681893
193,0.0967741935483871,10.785657972288163
193,0.1032258064516129,5.413270001677639
193,0.10967741935483871,10.910281249602727
193,0.11612903225806452,7.831216859474302
193,0.12258064516129032,13.579363786777712
193,0.12903225806451613,12.495864744243166
193,0.13548387096774195,4.105571161665225
193,0.14193548387096774,22.668002811190384
193,0.14838709677419354,1.370085896789068
193,0.15483870967741936,5.474393357615842
193,0.16129032258064516,1.6905838636230033
193,0.16774193548387098,2.8833372028194133
193,0.17419354838709677,9.970237565754422
193,0.18064516129032257,9.990228521803898
193,0.1870967741935484,10.72460632183489
193,0.1935483870967742,16.07907145121348
193,0.2,14.904768947462488
193,0.2064516129032258,19.547273209471136
193,0.2129032258064516,12.390033150461166
193,0.21935483870967742,13.873995803875328
193,0.22580645161290322,8.739981196031438
193,0.23225806451612904,20.115249515371318
193,0.23870967741935484,5.150917670200497
193,0.24516129032258063,8.125892449301741
193,0.25161290322580643,16.48506633660925
193,0.25806451612903225,13.301371415957366
193,0.2645161290322581,5.277892555163171
193,0.2709677419354839,9.75683893003258
193,0.27741935483870966,12.750871206888636
193,0.2838709677419355,13.020350594528384
193,0.2903225806451613,14.602224106957815
193,0.2967741935483871,6.3348523559987315
193,0.3032258064516129,13.495268039794789
193,0.3096774193548387,1.7728764314996721
193,0.3161290322580645,14.58832612126815
193,0.3225806451612903,15.112614058016772
193,0.32903225806451614,6.631987695217625
193,0.33548387096774196,9.282943983125223
193,0.3419354838709677,13.01868795525654
193,0.34838709677419355,9.352997703337225
193,0.3548387096774194,4.1457676098456115
193,0.36129032258064514,8.825319116428755
193,0.36774193548387096,13.691698190368083
193,0.3741935483870968,12.479450464964323
193,0.38064516129032255,8.702017864017131
193,0.3870967741935484,8.368317109803389
193,0.3935483870967742,7.9396707456103215
193,0.4,8.502592995572316
193,0.4064516129032258,13.09428241687459
193,0.4129032258064516,26.738472723131704
193,0.41935483870967744,9.271227059439047
193,0.4258064516129032,10.287696471572726
193,0.432258064516129,13.11590100398314
193,0.43870967741935485,22.884095165531615
193,0.44516129032258067,9.130847691105833
193,0.45161290322580644,8.053264349298916
193,0.45806451612903226,4.854390485434368
193,0.4645161290322581,16.4983461177046
193,0.47096774193548385,11.609279492105351
193,0.4774193548387097,10.684157266852
193,0.4838709677419355,17.332464347885246
193,0.49032258064516127,5.67142729106781
193,0.4967741935483871,6.812780613490377
194,0.0,8.881784197001252e-15
194,0.006289308176100629,13.99237938037229
194,0.012578616352201259,5.286661805097795
194,0.01886792452830189,8.637600646502799
194,0.025157232704402517,2.6689785460951767
194,0.031446540880503145,13.225878498616076
194,0.03773584905660378,6.532143393282464
194,0.04402515723270441,11.016533409875153
194,0.050314465408805034,28.247933861502645
194,0.05660377358490566,27.342901472542614
194,0.06289308176100629,9.627002015541752
194,0.06918238993710692,5.33614811037157
194,0.07547169811320756,7.264354500199694
194,0.08176100628930819,14.275553886014857
194,0.08805031446540881,4.416123723303818
194,0.09433962264150944,7.491630326414351
194,0.10062893081761007,19.823141191072295
194,0.1069182389937107,25.455240115783138
194,0.11320754716981132,15.164915786315904
194,0.11949685534591195,9.597279226901035
194,0.12578616352201258,17.39040854375261
194,0.1320754716981132,2.16483801109128
194,0.13836477987421383,14.108740128924332
194,0.14465408805031446,7.637622790927685
194,0.15094339622641512,8.837847165064293
194,0.15723270440251574,2.136832188047598
194,0.16352201257861637,20.399700284433035
194,0.169811320754717,16.310776324065717
194,0.17610062893081763,9.572257242465355
194,0.18238993710691825,7.978471951348388
194,0.18867924528301888,12.08168678862051
194,0.1949685534591195,14.59681024170607
194,0.20125786163522014,10.476606225502346
194,0.20754716981132076,5.4217831269159324
194,0.2138364779874214,8.897189184813511
194,0.22012578616352202,6.787724081974472
194,0.22641509433962265,12.787064368751135
194,0.23270440251572327,12.348503526173275
194,0.2389937106918239,11.382696299473228
194,0.24528301886792453,13.130639147612472
194,0.25157232704402516,14.800175974116552
194,0.2578616352201258,5.742504050995232
194,0.2641509433962264,9.860410695096796
194,0.27044025157232704,6.545696561402465
194,0.27672955974842767,17.277082704175694
194,0.2830188679245283,3.69412747609659
194,0.2893081761006289,7.984144628568381
194,0.29559748427672955,7.104551223628148
194,0.30188679245283023,14.359703121322145
194,0.30817610062893086,19.97388603102279
194,0.3144654088050315,8.132115562214794
194,0.3207547169811321,8.98488635625193
194,0.32704402515723274,6.060803829208772
194,0.33333333333333337,16.58119191678884
194,0.339622641509434,20.295209677413602
194,0.3459119496855346,12.267067390449887
194,0.35220125786163525,10.951145549254573
194,0.3584905660377359,8.566505209193135
194,0.3647798742138365,15.074648429255944
194,0.37106918238993714,14.417611176948874
194,0.37735849056603776,16.52207110639176
194,0.3836477987421384,9.234338603918554
194,0.389937106918239,4.462591096140287
194,0.39622641509433965,6.433130068925114
194,0.4025157232704403,1.3125249759127586
194,0.4088050314465409,5.867248232699822
194,0.41509433962264153,7.403854365150561
194,0.42138364779874216,11.906675487620396
194,0.4276729559748428,9.764838011954875
194,0.4339622641509434,4.132919347360769
194,0.44025157232704404,10.100757311767056
194,0.44654088050314467,6.498712132739504
194,0.4528301886792453,20.122143699133893
194,0.4591194968553459,13.978453653854448
194,0.46540880503144655,15.293631740733195
194,0.4716981132075472,12.797185989494714
194,0.4779874213836478,12.91031376720042
194,0.48427672955974843,26.839634916414557
194,0.49056603773584906,1.432334848741775
194,0.4968553459119497,6.253619602802027
195,0.0,1.5987211554602254e-14
195,0.00625,15.625209105886277
195,0.0125,13.219632777023351
195,0.018750000000000003,13.250000890085364
195,0.025,12.663209118469117
195,0.03125,5.568157140217137
195,0.037500000000000006,6.07173383595608
195,0.043750000000000004,17.624140387742408
195,0.05,12.551224472248311
195,0.05625,9.209556106336771
195,0.0625,8.97034138290018
195,0.06875,6.903773248080689
195,0.07500000000000001,9.123997598908735
195,0.08125,2.3059131248707305
195,0.08750000000000001,4.5262848437690915
195,0.09375,13.167540946944149
195,0.1,7.302597381103124
195,0.10625000000000001,1.967942058477599
195,0.1125,13.509400837126718
195,0.11875000000000001,22.94439321777204
195,0.125,18.951799137671536
195,0.13125,24.41477475258067
195,0.1375,12.68056524851072
195,0.14375000000000002,10.932907046516672
195,0.15000000000000002,4.11293214060169
195,0.15625,3.6121534468256655
195,0.1625,9.119723443387477
195,0.16875,13.070461625398554
195,0.17500000000000002,10.576486528110754
195,0.18125000000000002,7.11935117789265
195,0.1875,6.162699623145581
195,0.19375,13.13542031110195
195,0.2,16.75894611019269
195,0.20625000000000002,13.46586506173325
195,0.21250000000000002,16.82044096453988
195,0.21875,9.731807242977636
195,0.225,6.0279021950732625
195,0.23125,5.18300971057335
195,0.23750000000000002,21.913845208128453
195,0.24375000000000002,5.432143934570529
195,0.25,9.325216222353323
195,0.25625000000000003,9.491195981809573
195,0.2625,19.422674408200585
195,0.26875,6.423540484093411
195,0.275,18.60319174450433
195,0.28125,3.1192287213156726
195,0.28750000000000003,6.0044300165136795
195,0.29375,16.98624581029438
195,0.30000000000000004,11.003097040314124
195,0.30625,10.812100600454633
195,0.3125,15.362981966026755
195,0.31875000000000003,7.816348452746098
195,0.325,17.729302384434078
195,0.33125000000000004,25.752233889568263
195,0.3375,21.416266244820356
195,0.34375,9.776151357016214
195,0.35000000000000003,2.891960997564016
195,0.35625,6.425072996209649
195,0.36250000000000004,11.148708464121192
195,0.36875,12.552933677643356
195,0.375,1.831232180531083
195,0.38125000000000003,10.537698768164233
195,0.3875,8.758361788094135
195,0.39375000000000004,8.49137789987082
195,0.4,1.6471023460041714
195,0.40625,0.8354209993207609
195,0.41250000000000003,17.939844826864597
195,0.41875,16.873677562519408
195,0.42500000000000004,11.433748013785584
195,0.43125,11.730138355658063
195,0.4375,5.776795280487101
195,0.44375000000000003,11.428754754768086
195,0.45,11.177105298886008
195,0.45625000000000004,7.035349822748016
195,0.4625,20.736834951195686
195,0.46875,28.045952339167563
195,0.47500000000000003,16.780087345630207
195,0.48125,7.067071359684872
195,0.48750000000000004,3.5605202788599057
195,0.49375,4.1077840494348274
196,0.0,8.881784197001252e-15
196,0.00625,5.987681867327443
196,0.0125,8.05956573245173
196,0.018750000000000003,11.264182119479498
196,0.025,21.42598402225876
196,0.03125,11.602688998577017
196,0.037500000000000006,12.392149958481383
196,0.043750000000000004,14.473432833719244
196,0.05,14.587371219256905
196,0.05625,10.29922175766946
196,0.0625,9.344697273040447
196,0.06875,13.353192815829244
196,0.07500000000000001,8.249401608923096
196,0.08125,4.410695040985555
196,0.08750000000000001,11.596812660533958
196,0.09375,6.908035747819367
196,0.1,13.909654798160007
196,0.10625000000000001,5.99932650334239
196,0.1125,11.8304690327771
196,0.11875000000000001,9.740671625359843
196,0.125,6.92195694947038
196,0.13125,7.335612522659552
196,0.1375,3.980759471963681
196,0.14375000000000002,17.39086758131461
196,0.15000000000000002,14.912040137204066
196,0.15625,15.800179153216263
196,0.1625,5.061477544947432
196,0.16875,10.294347040492617
196,0.17500000000000002,15.574207876455157
196,0.18125000000000002,9.439954119340678
196,0.1875,13.935223021555368
196,0.19375,15.762792654591772
196,0.2,8.598022816236409
196,0.20625000000000002,13.446978602997165
196,0.21250000000000002,1.6711084506739384
196,0.21875,6.63039769926517
196,0.225,24.938243195713426
196,0.23125,5.812493588851002
196,0.23750000000000002,7.47389820122417
196,0.24375000000000002,26.233211432741108
196,0.25,29.524094533894484
196,0.25625000000000003,7.538341662921304
196,0.2625,9.811540874626655
196,0.26875,18.081873341321597
196,0.275,8.490885459511924
196,0.28125,8.776271968484934
196,0.28750000000000003,22.7450234811295
196,0.29375,8.550572932419218
196,0.30000000000000004,7.893107715942813
196,0.30625,10.27739966506436
196,0.3125,23.50351657947423
196,0.31875000000000003,5.886293957547856
196,0.325,19.379451399135498
196,0.33125000000000004,4.929099333066534
196,0.3375,10.708707643561707
196,0.34375,6.222855085853518
196,0.35000000000000003,5.290767686869298
196,0.35625,25.344597835100316
196,0.36250000000000004,7.805525596834016
196,0.36875,2.569169172764633
196,0.375,15.415888569870484
196,0.38125000000000003,25.002798027670597
196,0.3875,8.492691773333362
196,0.39375000000000004,11.2113901759723
196,0.4,9.833027019936091
196,0.40625,2.5599919921060654
196,0.41250000000000003,9.50309034280342
196,0.41875,4.200282203788708
196,0.42500000000000004,8.474071372875525
196,0.43125,14.141289459466911
196,0.4375,6.060208320198821
196,0.44375000000000003,4.8348036010132915
196,0.45,3.5456240789049747
196,0.45625000000000004,8.15071235980821
196,0.4625,5.115440909506553
196,0.46875,9.033811562510591
196,0.47500000000000003,16.64705624405462
196,0.48125,4.646408928447778
196,0.48750000000000004,21.664950727743754
196,0.49375,2.8048877761324835
197,0.0,2.398081733190338e-14
197,0.0064516129032258064,10.330094315922354
197,0.012903225806451613,8.873082847047018
197,0.01935483870967742,9.88062420196952
197,0.025806451612903226,6.673154818099777
197,0.03225806451612903,15.222793480835131
197,0.03870967741935484,22.630959672560866
197,0.04516129032258064,8.919724522600761
197,0.05161290322580645,15.301181613732592
197,0.05806451612903226,16.82615566978419
197,0.06451612903225806,17.885589883638346
197,0.07096774193548387,9.038589296155882
197,0.07741935483870968,12.420374916764702
197,0.08387096774193549,9.701402315438608
197,0.09032258064516129,13.95890403661828
197,0.0967741935483871,2.959458577863974
197,0.1032258064516129,5.876574045528444
197,0.10967741935483871,11.318667696939162
197,0.11612903225806452,15.038979026368418
197,0.12258064516129032,7.494341060545083
197,0.12903225806451613,8.509171899829456
197,0.13548387096774195,6.270123942400626
197,0.14193548387096774,10.694058966786265
197,0.14838709677419354,20.39479472517246
197,0.15483870967741936,13.30576825424663
197,0.16129032258064516,14.714260650678725
197,0.16774193548387098,9.792348924416727
197,0.17419354838709677,12.8331715931756
197,0.18064516129032257,6.521660404156445
197,0.1870967741935484,11.346143300564162
197,0.1935483870967742,13.972867060024099
197,0.2,7.805115461918549
197,0.2064516129032258,17.45956634500149
197,0.2129032258064516,2.0443691806245234
197,0.21935483870967742,16.3953121938585
197,0.22580645161290322,18.71214853542726
197,0.23225806451612904,10.874278490547145
197,0.23870967741935484,9.599380783714397
197,0.24516129032258063,8.464266757666516
197,0.25161290322580643,21.413998630109443
197,0.25806451612903225,14.306854661984232
197,0.2645161290322581,9.314425384109866
197,0.2709677419354839,8.90958743302015
197,0.27741935483870966,3.284130905419647
197,0.2838709677419355,21.27172977095619
197,0.2903225806451613,20.475882418994374
197,0.2967741935483871,6.326777235085447
197,0.3032258064516129,7.435718486183581
197,0.3096774193548387,4.951976688721944
197,0.3161290322580645,11.308676292437722
197,0.3225806451612903,10.8155771892416
197,0.32903225806451614,13.046498586743223
197,0.33548387096774196,18.397544740203355
197,0.3419354838709677,7.289365919437459
197,0.34838709677419355,12.765708408587443
197,0.3548387096774194,12.968493095104593
197,0.36129032258064514,17.78041257306733
197,0.36774193548387096,11.695672060815753
197,0.3741935483870968,8.576400026223752
197,0.38064516129032255,0.6269311061291539
197,0.3870967741935484,14.006824805954734
197,0.3935483870967742,12.353462004968113
197,0.4,13.048267972927288
197,0.4064516129032258,0.7007141533256426
197,0.4129032258064516,8.824015743499837
197,0.41935483870967744,17.657734471342145
197,0.4258064516129032,0.48977554958567465
197,0.432258064516129,13.111646616021286
197,0.43870967741935485,8.701760444966048
197,0.44516129032258067,11.186315892563478
197,0.45161290322580644,21.15554961784822
197,0.45806451612903226,10.871657625530878
197,0.4645161290322581,10.352474912926706
197,0.47096774193548385,3.4919380320355073
197,0.4774193548387097,2.4163874913017067
197,0.4838709677419355,18.727650909106337
197,0.49032258064516127,14.943507248309128
197,0.4967741935483871,8.267830749222593
198,0.0,8.43769498715119e-15
198,0.006289308176100629,26.994535527623047
198,0.012578616352201259,21.55176367507427
198,0.01886792452830189,6.111574900919381
198,0.025157232704402517,21.08740966749878
198,0.031446540880503145,4.381072179781322
198,0.03773584905660378,10.489186832462057
198,0.04402515723270441,16.01013193471074
198,0.050314465408805034,26.96748234193703
198,0.05660377358490566,10.16029387571431
198,0.06289308176100629,7.208430405531438
198,0.06918238993710692,8.988230425448434
198,0.07547169811320756,6.767899436035699
198,0.08176100628930819,11.633494012322192
198,0.08805031446540881,0.7520681221301049
198,0.09433962264150944,5.768701528751185
198,0.10062893081761007,4.635425755202557
198,0.1069182389937107,3.5609890960857316
198,0.11320754716981132,22.01528252689061
198,0.11949685534591195,17.392061229659003
198,0.12578616352201258,10.48825412976757
198,0.1320754716981132,14.014614506907659
198,0.13836477987421383,7.553994625452509
198,0.14465408805031446,10.050275008305498
198,0.15094339622641512,7.7594780292768455
198,0.15723270440251574,5.993028387452223
198,0.16352201257861637,4.2017312114896095
198,0.169811320754717,6.327523132867443
198,0.17610062893081763,7.771530489257878
198,0.18238993710691825,16.773007341359044
198,0.18867924528301888,11.68435598033575
198,0.1949685534591195,16.594937735432758
198,0.20125786163522014,14.236745754437171
198,0.20754716981132076,6.183001735841466
198,0.2138364779874214,5.02383143023272
198,0.22012578616352202,14.132917027268137
198,0.22641509433962265,1.6705044548075485
198,0.23270440251572327,17.874823820042742
198,0.2389937106918239,23.023124468734796
198,0.24528301886792453,24.43524712389749
198,0.25157232704402516,11.270734135191168
198,0.2578616352201258,2.083525021904533
198,0.2641509433962264,8.049984876273308
198,0.27044025157232704,14.686689208087527
198,0.27672955974842767,7.529071472878594
198,0.2830188679245283,10.266380287922207
198,0.2893081761006289,7.648420964212611
198,0.29559748427672955,9.396838730815842
198,0.30188679245283023,15.3237034319377
198,0.30817610062893086,4.422044219212123
198,0.3144654088050315,14.715724483409332
198,0.3207547169811321,17.230091988602652
198,0.32704402515723274,1.6358052547084307
198,0.33333333333333337,6.913542416850592
198,0.339622641509434,7.248094643639446
198,0.3459119496855346,17.622802132946944
198,0.35220125786163525,14.886236775137512
198,0.3584905660377359,12.982195300886412
198,0.3647798742138365,6.821549758690787
198,0.37106918238993714,5.7767500857368095
198,0.37735849056603776,12.57247370213942
198,0.3836477987421384,2.731853232698318
198,0.389937106918239,4.40227863563737
198,0.39622641509433965,7.9881236492400465
198,0.4025157232704403,11.522396637055834
198,0.4088050314465409,9.575664381193816
198,0.41509433962264153,12.590869031200072
198,0.42138364779874216,4.90933133441966
198,0.4276729559748428,4.977822216690077
198,0.4339622641509434,6.630211174262886
198,0.44025157232704404,7.040220596950994
198,0.44654088050314467,16.56404132686543
198,0.4528301886792453,20.210070159649593
198,0.4591194968553459,14.416743360438627
198,0.46540880503144655,19.20095750652615
198,0.4716981132075472,12.264258363167176
198,0.4779874213836478,10.777721727427213
198,0.48427672955974843,8.207808993652469
198,0.49056603773584906,6.826302228605041
198,0.4968553459119497,22.511319862537142
199,0.0,3.552713678800501e-15
199,0.00625,24.817851853502745
199,0.0125,10.671101548377424
199,0.018750000000000003,8.928026201122941
199,0.025,17.032862529005154
199,0.03125,14.71310925280923
199,0.037500000000000006,1.5952014233388256
199,0.043750000000000004,18.6311758878344
199,0.05,14.562841417950965
199,0.05625,4.08189096041789
199,0.0625,5.312338177717805
199,0.06875,7.312507026576131
199,0.07500000000000001,31.84769120490094
199,0.08125,23.371783052875355
199,0.08750000000000001,16.16519064418367
199,0.09375,11.239837272603122
199,0.1,3.720718517439539
199,0.10625000000000001,8.217427321228994
199,0.1125,4.64025726194731
199,0.11875000000000001,3.560489835303962
199,0.125,6.170284864523292
199,0.13125,9.304000672717013
199,0.1375,10.241600746532793
199,0.14375000000000002,7.087173777384707
199,0.15000000000000002,8.99548372860882
199,0.15625,13.993697263081978
199,0.1625,5.044234114251782
199,0.16875,5.958453021028323
199,0.17500000000000002,8.389478440746798
199,0.18125000000000002,7.401041284345529
199,0.1875,12.507510571579509
199,0.19375,7.854600794364389
199,0.2,0.9802446002033779
199,0.20625000000000002,3.3597373170107168
199,0.21250000000000002,4.103423493435883
199,0.21875,3.489308491408959
199,0.225,6.1791249750595085
199,0.23125,9.172699721594826
199,0.23750000000000002,11.821141994626176
199,0.24375000000000002,8.692527049159933
199,0.25,12.871014798340436
199,0.25625000000000003,11.891288357436316
199,0.2625,10.50003422043298
199,0.26875,1.957853879292124
199,0.275,16.696214687845373
199,0.28125,20.446809575184563
199,0.28750000000000003,4.856284849404421
199,0.29375,3.3921671219438645
199,0.30000000000000004,10.86037401801291
199,0.30625,17.11487780480017
199,0.3125,6.722802987763359
199,0.31875000000000003,8.10119931283726
199,0.325,4.422169937038058
199,0.33125000000000004,8.66701040073563
199,0.3375,21.526354225738338
199,0.34375,4.474669175072912
199,0.35000000000000003,9.766036345024371
199,0.35625,17.75338361973558
199,0.36250000000000004,22.430140403682064
199,0.36875,13.530013335380671
199,0.375,11.756905926039087
199,0.38125000000000003,11.023369820500303
199,0.3875,4.359022528581038
199,0.39375000000000004,6.841692331128672
199,0.4,14.021788384110293
199,0.40625,12.908944895638301
199,0.41250000000000003,4.271378169376819
199,0.41875,12.16652772887524
199,0.42500000000000004,21.436422198481164
199,0.43125,15.60370848311051
199,0.4375,14.96624752924522
199,0.44375000000000003,18.082549823750142
199,0.45,16.33303148309777
199,0.45625000000000004,13.62307646721365
199,0.4625,11.406975230394723
199,0.46875,20.398652049046362
199,0.47500000000000003,9.977690679985754
199,0.48125,15.590039720525132
199,0.48750000000000004,11.814579887956251
199,0.49375,12.634820583911102
200,0.0,5.329070518200751e-15
200,0.0064516129032258064,13.772105503730469
200,0.012903225806451613,14.926079482099473
200,0.01935483870967742,19.974012622284427
200,0.025806451612903226,8.169819115106838
200,0.03225806451612903,15.744589917192366
200,0.03870967741935484,7.365575808389734
200,0.04516129032258064,6.0437274369693
200,0.05161290322580645,17.0076388196953
200,0.05806451612903226,10.817709441285995
200,0.06451612903225806,19.881487523169426
200,0.07096774193548387,20.90525557966109
200,0.07741935483870968,9.65968070155686
200,0.08387096774193549,3.7978350320000946
200,0.09032258064516129,10.08984777632583
200,0.0967741935483871,2.7864156088156147
200,0.1032258064516129,12.852379237937491
200,0.10967741935483871,4.668975502376234
200,0.11612903225806452,10.023995367484059
200,0.12258064516129032,10.155739518005419
200,0.12903225806451613,23.39640290783673
200,0.13548387096774195,7.7124167870148765
200,0.14193548387096774,8.070947619081176
200,0.14838709677419354,5.174912877858652
200,0.15483870967741936,5.313848221367428
200,0.16129032258064516,19.405787773477527
200,0.16774193548387098,7.9284882191867645
200,0.17419354838709677,6.2514031702743
200,0.18064516129032257,20.054793587899592
200,0.1870967741935484,14.848857150730536
200,0.1935483870967742,14.920065971729514
200,0.2,13.585235835241136
200,0.2064516129032258,15.321226094408805
200,0.2129032258064516,8.30710096345843
200,0.21935483870967742,18.154974168620374
200,0.22580645161290322,7.391256460947437
200,0.23225806451612904,11.275087741176726
200,0.23870967741935484,8.213672356514929
200,0.24516129032258063,4.676496475218975
200,0.25161290322580643,5.304162465155087
200,0.25806451612903225,6.191750363009381
200,0.2645161290322581,21.33260601466237
200,0.2709677419354839,9.470100293697984
200,0.27741935483870966,16.1052796433209
200,0.2838709677419355,3.0865783229988035
200,0.2903225806451613,14.581326630005476
200,0.2967741935483871,15.022336136450026
200,0.3032258064516129,5.087536735558453
200,0.3096774193548387,4.652425596716765
200,0.3161290322580645,11.832823661646746
200,0.3225806451612903,2.361345813974577
200,0.32903225806451614,16.074310514163532
200,0.33548387096774196,18.805212331370807
200,0.3419354838709677,15.23602653347966
200,0.34838709677419355,17.496982615030554
200,0.3548387096774194,10.651530750550931
200,0.36129032258064514,11.817153457892498
200,0.36774193548387096,14.323830041828161
200,0.3741935483870968,6.434305448149592
200,0.38064516129032255,16.120119623875723
200,0.3870967741935484,16.962649228127255
200,0.3935483870967742,12.13286665286815
200,0.4,12.657272665408096
200,0.4064516129032258,8.48269006050689
200,0.4129032258064516,10.209400493553964
200,0.41935483870967744,4.443480243193845
200,0.4258064516129032,4.332304470228043
200,0.432258064516129,20.849675493111924
200,0.43870967741935485,4.332244875055439
200,0.44516129032258067,9.033512477107614
200,0.45161290322580644,13.547796164344152
200,0.45806451612903226,12.650233822150946
200,0.4645161290322581,9.710442901668033
200,0.47096774193548385,8.981238697568175
200,0.4774193548387097,8.386726517208286
200,0.4838709677419355,8.55703817803549
200,0.49032258064516127,10.303779219814981
200,0.4967741935483871,16.575679693846425
201,0.0,3.3306690738754696e-15
201,0.006289308176100629,12.528038141250583
201,0.012578616352201259,11.859755493933973
201,0.01886792452830189,7.326889584565265
201,0.025157232704402517,8.822549932711926
201,0.031446540880503145,2.9545199841055303
201,0.03773584905660378,2.9246333733378993
201,0.04402515723270441,13.418996416593396
201,0.050314465408805034,12.139899403061218
201,0.05660377358490566,15.559325328514529
201,0.06289308176100629,2.5058559774389173
201,0.06918238993710692,19.009521715538582
201,0.07547169811320756,19.66649799458589
201,0.08176100628930819,10.610634560158669
201,0.08805031446540881,8.543852414574573
201,0.09433962264150944,12.152414529116163
201,0.10062893081761007,17.068698222318652
201,0.1069182389937107,7.051223283530691
201,0.11320754716981132,5.928428542866285
201,0.11949685534591195,17.89339780549755
201,0.12578616352201258,5.159813834502978
201,0.1320754716981132,4.016127800115946
201,0.13836477987421383,10.986283101752807
201,0.14465408805031446,13.797800571849029
201,0.15094339622641512,5.036535163122514
201,0.15723270440251574,14.748669510421397
201,0.16352201257861637,8.755711388847201
201,0.169811320754717,23.606680377827754
201,0.17610062893081763,9.030037863829104
201,0.18238993710691825,6.320412982501124
201,0.18867924528301888,17.265310420370703
201,0.1949685534591195,16.424014987824773
201,0.20125786163522014,11.216277457138062
201,0.20754716981132076,9.19208288166761
201,0.2138364779874214,1.9746516811931862
201,0.22012578616352202,16.065281998400227
201,0.22641509433962265,1.417448931602992
201,0.23270440251572327,11.104848918816447
201,0.2389937106918239,4.60332369429377
201,0.24528301886792453,4.187412045814675
201,0.25157232704402516,5.318948785335171
201,0.2578616352201258,8.457946760608543
201,0.2641509433962264,14.838863370345445
201,0.27044025157232704,21.922455439734595
201,0.27672955974842767,22.620841744975927
201,0.2830188679245283,2.4482943152251133
201,0.2893081761006289,13.880202346594276
201,0.29559748427672955,8.954177617238534
201,0.30188679245283023,11.958402962679134
201,0.30817610062893086,8.970358558453361
201,0.3144654088050315,14.586468951810174
201,0.3207547169811321,6.311114144546432
201,0.32704402515723274,21.61298379868886
201,0.33333333333333337,5.39321485093411
201,0.339622641509434,9.599676344144108
201,0.3459119496855346,5.861539270766756
201,0.35220125786163525,35.466667538375724
201,0.3584905660377359,9.558496190147467
201,0.3647798742138365,16.295940325119094
201,0.37106918238993714,19.06453718543123
201,0.37735849056603776,13.823347390587887
201,0.3836477987421384,16.07572302788198
201,0.389937106918239,12.95509268778424
201,0.39622641509433965,13.533607414239995
201,0.4025157232704403,10.381585967270613
201,0.4088050314465409,6.595071198471509
201,0.41509433962264153,14.924554006663929
201,0.42138364779874216,15.767137872566101
201,0.4276729559748428,14.449572606661397
201,0.4339622641509434,5.026611945767128
201,0.44025157232704404,10.610446454110297
201,0.44654088050314467,16.672436229942633
201,0.4528301886792453,8.071246207926771
201,0.4591194968553459,7.981032837220408
201,0.46540880503144655,10.647569897819077
201,0.4716981132075472,11.582441425602457
201,0.4779874213836478,6.2690788516262215
201,0.48427672955974843,3.216568204552829
201,0.49056603773584906,2.1821386482763474
201,0.4968553459119497,11.723856452068434
202,0.0,3.552713678800501e-15
202,0.00641025641025641,27.48895171979727
202,0.01282051282051282,11.38847015952173
202,0.019230769230769232,22.553272661086638
202,0.02564102564102564,8.326905019871134
202,0.03205128205128205,20.33654480397426
202,0.038461538461538464,11.618924809298804
202,0.04487179487179487,6.661053190963255
202,0.05128205128205128,10.633456941301457
202,0.05769230769230769,13.911115267900964
202,0.0641025641025641,6.866600693526395
202,0.07051282051282051,7.216041060337929
202,0.07692307692307693,2.1858007772471564
202,0.08333333333333333,1.3503619035737626
202,0.08974358974358974,7.517146893493572
202,0.09615384615384615,4.253553902068766
202,0.10256410256410256,5.839702140207053
202,0.10897435897435898,12.139991650200814
202,0.11538461538461538,2.728926608513832
202,0.12179487179487179,2.0649250655551006
202,0.1282051282051282,4.778410879250761
202,0.1346153846153846,13.51496391596978
202,0.14102564102564102,3.3526455417224135
202,0.14743589743589744,5.626470691419455
202,0.15384615384615385,10.540882270174569
202,0.16025641025641024,6.4383834934504485
202,0.16666666666666666,10.662483808471496
202,0.17307692307692307,4.183994721171999
202,0.1794871794871795,12.600209925053836
202,0.1858974358974359,6.670983379418697
202,0.1923076923076923,6.691049270614491
202,0.1987179487179487,14.385275538279755
202,0.20512820512820512,10.062554632885732
202,0.21153846153846154,15.986995299586248
202,0.21794871794871795,16.1254932033848
202,0.22435897435897434,4.665973768980959
202,0.23076923076923075,4.870764250249506
202,0.23717948717948717,16.700112895041656
202,0.24358974358974358,15.048795306459647
202,0.25,6.751576393166167
202,0.2564102564102564,11.114020154840324
202,0.26282051282051283,15.509172284695913
202,0.2692307692307692,7.554477564782546
202,0.2756410256410256,8.201105985027754
202,0.28205128205128205,7.303295186562934
202,0.28846153846153844,5.733516021213922
202,0.2948717948717949,8.960529275047861
202,0.30128205128205127,4.909205733331646
202,0.3076923076923077,14.06586806698421
202,0.3141025641025641,2.809346223804421
202,0.3205128205128205,3.4044005740975782
202,0.3269230769230769,18.718634483893315
202,0.3333333333333333,9.52261705502555
202,0.33974358974358976,11.968239149415933
202,0.34615384615384615,28.313161941128985
202,0.35256410256410253,24.379365753641267
202,0.358974358974359,11.013231131700177
202,0.36538461538461536,11.080791258986336
202,0.3717948717948718,15.697102665460422
202,0.3782051282051282,7.553727044245585
202,0.3846153846153846,10.245627574860706
202,0.391025641025641,21.63743870265534
202,0.3974358974358974,15.763765409773221
202,0.40384615384615385,4.641142238287696
202,0.41025641025641024,18.059718761711714
202,0.41666666666666663,15.509651169546515
202,0.4230769230769231,15.21248075059892
202,0.42948717948717946,26.68798216281246
202,0.4358974358974359,5.3010372011125355
202,0.4423076923076923,7.855907949236761
202,0.4487179487179487,21.486856713000893
202,0.4551282051282051,13.730791092553673
202,0.4615384615384615,14.325397316129303
202,0.46794871794871795,6.879046287286995
202,0.47435897435897434,11.738061713053883
202,0.4807692307692307,13.850171197858776
202,0.48717948717948717,6.294456546886723
202,0.49358974358974356,5.381756390148392
203,0.0,3.552713678800501e-15
203,0.006329113924050633,30.09973743846509
203,0.012658227848101266,16.56310333237849
203,0.0189873417721519,17.169579102120515
203,0.02531645569620253,15.899115698142186
203,0.03164556962025317,15.783875803855366
203,0.0379746835443038,10.841147883552376
203,0.04430379746835443,5.799830317725793
203,0.05063291139240506,13.249870610185676
203,0.056962025316455694,2.5290284722948795
203,0.06329113924050633,11.413028795259985
203,0.06962025316455696,9.677175384085293
203,0.0759493670886076,24.386586076555638
203,0.08227848101265822,11.900463151454678
203,0.08860759493670886,2.338578962096901
203,0.09493670886075949,10.457065887032174
203,0.10126582278481013,16.515682616669974
203,0.10759493670886076,13.671645431076678
203,0.11392405063291139,10.152055292983999
203,0.12025316455696203,11.886508581289487
203,0.12658227848101267,7.616161730698937
203,0.13291139240506328,9.537597277243133
203,0.13924050632911392,13.36464196969591
203,0.14556962025316456,21.76911913755521
203,0.1518987341772152,8.162578969183077
203,0.15822784810126583,7.966594492953523
203,0.16455696202531644,14.706729064844781
203,0.17088607594936708,6.583095864639687
203,0.17721518987341772,8.019016485963792
203,0.18354430379746836,16.1600089341532
203,0.18987341772151897,7.22198733079931
203,0.1962025316455696,14.694367301741593
203,0.20253164556962025,14.116233677298677
203,0.2088607594936709,3.365750157983709
203,0.21518987341772153,16.879008881166488
203,0.22151898734177214,26.312895884587956
203,0.22784810126582278,8.12123477824615
203,0.23417721518987342,21.658164636522514
203,0.24050632911392406,19.19936313700558
203,0.24683544303797467,12.433208826565995
203,0.25316455696202533,11.509292923926711
203,0.25949367088607594,8.348971199919756
203,0.26582278481012656,16.824780157280582
203,0.2721518987341772,15.335836027753906
203,0.27848101265822783,7.890986548193497
203,0.2848101265822785,5.512183020635967
203,0.2911392405063291,2.5390860740871113
203,0.2974683544303797,8.11751944685978
203,0.3037974683544304,4.62360009526386
203,0.310126582278481,8.220027740181024
203,0.31645569620253167,12.808153032104203
203,0.3227848101265823,16.686182417460092
203,0.3291139240506329,11.16744896568272
203,0.33544303797468356,15.135519273698886
203,0.34177215189873417,10.404009847658793
203,0.3481012658227848,9.913136702470927
203,0.35443037974683544,3.926107858564898
203,0.36075949367088606,12.896849788246733
203,0.3670886075949367,7.529211816914843
203,0.37341772151898733,10.127151658078144
203,0.37974683544303794,8.904798425565131
203,0.3860759493670886,17.685515969924275
203,0.3924050632911392,9.780641182181345
203,0.3987341772151899,13.00568838291076
203,0.4050632911392405,8.370969748901295
203,0.4113924050632911,1.0447664618436456
203,0.4177215189873418,4.987074667965883
203,0.4240506329113924,10.58773407149542
203,0.43037974683544306,15.687296835310377
203,0.43670886075949367,4.549705180386963
203,0.4430379746835443,2.907731939228134
203,0.44936708860759494,11.366740578776978
203,0.45569620253164556,7.647604010313311
203,0.4620253164556962,9.79439343242527
203,0.46835443037974683,2.872682652068719
203,0.47468354430379744,6.167044819413683
203,0.4810126582278481,12.43661732089509
203,0.4873417721518987,6.290826380241396
203,0.49367088607594933,15.619191781469137
204,0.0,4.440892098500626e-15
204,0.006578947368421052,14.46356797041015
204,0.013157894736842105,8.310968001624257
204,0.019736842105263157,6.930618968364288
204,0.02631578947368421,16.515835917732808
204,0.03289473684210526,32.378605726643414
204,0.039473684210526314,11.037882410494726
204,0.046052631578947366,19.678029777833554
204,0.05263157894736842,20.59089227795925
204,0.05921052631578947,8.887246679462331
204,0.06578947368421052,12.016960006527619
204,0.07236842105263158,4.22911317178634
204,0.07894736842105263,9.667990201984358
204,0.08552631578947367,9.715101130893474
204,0.09210526315789473,16.341552107193664
204,0.09868421052631579,16.559331713797054
204,0.10526315789473684,9.432731267006512
204,0.11184210526315788,14.817122198751607
204,0.11842105263157894,11.525151926947144
204,0.125,15.708203164849987
204,0.13157894736842105,8.377343554415207
204,0.1381578947368421,4.683207210004604
204,0.14473684210526316,1.9490860980719165
204,0.1513157894736842,8.548901546921792
204,0.15789473684210525,8.709892162756331
204,0.1644736842105263,22.45993832001501
204,0.17105263157894735,7.4105758843022755
204,0.17763157894736842,3.837461003610173
204,0.18421052631578946,11.958447875314912
204,0.1907894736842105,7.221466654822528
204,0.19736842105263158,4.140319568953898
204,0.20394736842105263,6.8584900280168375
204,0.21052631578947367,13.799077037271411
204,0.21710526315789472,8.346538228546576
204,0.22368421052631576,18.848385823227172
204,0.23026315789473684,6.077450705273292
204,0.23684210526315788,13.584835523300141
204,0.24342105263157893,4.2550375206234285
204,0.25,7.499323428325879
204,0.256578947368421,10.465932124854492
204,0.2631578947368421,20.355562508427145
204,0.26973684210526316,19.23639383475376
204,0.2763157894736842,16.327306707198474
204,0.28289473684210525,6.221132180766453
204,0.2894736842105263,9.53020515853468
204,0.29605263157894735,12.748491679699622
204,0.3026315789473684,8.409953725263406
204,0.30921052631578944,9.085488173117719
204,0.3157894736842105,1.655797652125792
204,0.3223684210526316,13.190476757106392
204,0.3289473684210526,10.129715543127146
204,0.3355263157894737,16.07291711366826
204,0.3421052631578947,15.0678941875476
204,0.34868421052631576,7.278163056141062
204,0.35526315789473684,7.530392793091603
204,0.36184210526315785,15.826081047035604
204,0.3684210526315789,8.968698913557116
204,0.375,8.692455108656537
204,0.381578947368421,11.95670928480601
204,0.3881578947368421,3.186241337491254
204,0.39473684210526316,4.985303373907633
204,0.4013157894736842,5.022671215476194
204,0.40789473684210525,9.908597133653194
204,0.41447368421052627,8.475445546980861
204,0.42105263157894735,3.5367914707983306
204,0.4276315789473684,5.612331327714902
204,0.43421052631578944,17.040509116845083
204,0.4407894736842105,15.554572588414539
204,0.4473684210526315,17.57366290593994
204,0.4539473684210526,8.361821454968304
204,0.4605263157894737,13.991721311604291
204,0.4671052631578947,15.497632931562771
204,0.47368421052631576,18.011919874133792
204,0.48026315789473684,10.12065988297784
204,0.48684210526315785,9.170684823371333
204,0.4934210526315789,8.010539471940136
205,0.0,4.218847493575595e-15
205,0.006289308176100629,30.015628056332925
205,0.012578616352201259,21.7462606818003
205,0.01886792452830189,16.746596087095906
205,0.025157232704402517,6.22435649693084
205,0.031446540880503145,11.768733438978904
205,0.03773584905660378,6.893941866675917
205,0.04402515723270441,9.221550920202429
205,0.050314465408805034,16.369244869378722
205,0.05660377358490566,16.965218421797232
205,0.06289308176100629,19.276602118590613
205,0.06918238993710692,27.214976022163373
205,0.07547169811320756,13.64874352753344
205,0.08176100628930819,19.617550764642036
205,0.08805031446540881,14.727861121487605
205,0.09433962264150944,7.406333006325489
205,0.10062893081761007,5.50341691679415
205,0.1069182389937107,9.46922937893778
205,0.11320754716981132,0.7696946119786099
205,0.11949685534591195,5.180570573904092
205,0.12578616352201258,12.536921199313849
205,0.1320754716981132,18.308674615009384
205,0.13836477987421383,8.678341869802816
205,0.14465408805031446,19.5558168070742
205,0.15094339622641512,24.93704229670521
205,0.15723270440251574,20.10283597343465
205,0.16352201257861637,10.67399892191894
205,0.169811320754717,1.5477560714997503
205,0.17610062893081763,3.074219711995888
205,0.18238993710691825,2.9896205178603745
205,0.18867924528301888,14.901240620141502
205,0.1949685534591195,3.078054726491645
205,0.20125786163522014,7.423301360083513
205,0.20754716981132076,9.87926129249283
205,0.2138364779874214,9.81721999288984
205,0.22012578616352202,16.643646031723073
205,0.22641509433962265,5.504415731977966
205,0.23270440251572327,7.4888017168477505
205,0.2389937106918239,9.641628601036361
205,0.24528301886792453,4.374123271599181
205,0.25157232704402516,9.130523582842729
205,0.2578616352201258,4.297825646915233
205,0.2641509433962264,9.940312723344105
205,0.27044025157232704,10.796056057827958
205,0.27672955974842767,13.15753187207605
205,0.2830188679245283,12.878630813917638
205,0.2893081761006289,6.70942720534489
205,0.29559748427672955,11.285529803945494
205,0.30188679245283023,9.524430199232546
205,0.30817610062893086,3.308271449708357
205,0.3144654088050315,7.904540533315931
205,0.3207547169811321,11.857669751212873
205,0.32704402515723274,3.7049183495278375
205,0.33333333333333337,5.833592772857034
205,0.339622641509434,12.21027742128796
205,0.3459119496855346,8.78354648196737
205,0.35220125786163525,14.173598408190479
205,0.3584905660377359,16.860198554765077
205,0.3647798742138365,9.61859998385356
205,0.37106918238993714,12.904528657312659
205,0.37735849056603776,4.283155058602595
205,0.3836477987421384,13.594477984697281
205,0.389937106918239,17.954315960740214
205,0.39622641509433965,16.271380658350257
205,0.4025157232704403,14.150053506633284
205,0.4088050314465409,9.180304960016441
205,0.41509433962264153,8.775642462500349
205,0.42138364779874216,13.110927689083741
205,0.4276729559748428,9.316034507525274
205,0.4339622641509434,10.126630164684538
205,0.44025157232704404,13.939419851404388
205,0.44654088050314467,6.428818055202318
205,0.4528301886792453,6.499806614384323
205,0.4591194968553459,14.420942581355266
205,0.46540880503144655,12.758038551635787
205,0.4716981132075472,20.5337331181188
205,0.4779874213836478,8.34187461769455
205,0.48427672955974843,7.864398983332954
205,0.49056603773584906,2.2439129625059926
205,0.4968553459119497,8.940728348864416
206,0.0,9.2148511043888e-15
206,0.006369426751592357,18.397195611116967
206,0.012738853503184714,9.383277413996762
206,0.019108280254777073,2.8536720681185512
206,0.025477707006369428,10.776616059134982
206,0.03184713375796178,12.483701844460906
206,0.038216560509554146,16.415733365147766
206,0.0445859872611465,7.132700198364348
206,0.050955414012738856,15.452722191723018
206,0.05732484076433121,14.913825154496758
206,0.06369426751592357,21.84470950003978
206,0.07006369426751592,18.167797356196218
206,0.07643312101910829,2.5351985858410306
206,0.08280254777070065,7.36326259930756
206,0.089171974522293,6.4762232815131195
206,0.09554140127388536,3.6148198511038427
206,0.10191082802547771,13.584548692584194
206,0.10828025477707007,28.937683088890296
206,0.11464968152866242,13.022085196396732
206,0.12101910828025478,11.869649023289888
206,0.12738853503184713,2.8638518970950186
206,0.1337579617834395,21.165358863743766
206,0.14012738853503184,2.00148274333308
206,0.1464968152866242,14.112476753173466
206,0.15286624203821658,9.659311095751983
206,0.15923566878980894,11.656566310025022
206,0.1656050955414013,14.127400682142467
206,0.17197452229299365,5.122165271234912
206,0.178343949044586,8.690120787650443
206,0.18471337579617836,15.196476749040185
206,0.1910828025477707,1.88456005367429
206,0.19745222929936307,18.78321728324484
206,0.20382165605095542,3.592013542894068
206,0.21019108280254778,5.286392001623554
206,0.21656050955414013,10.454974852717989
206,0.2229299363057325,7.374643324945097
206,0.22929936305732485,22.22883395611624
206,0.2356687898089172,9.138186935854886
206,0.24203821656050956,6.020884955050079
206,0.2484076433121019,19.962743492849466
206,0.25477707006369427,5.419113285400037
206,0.2611464968152866,3.428652503205503
206,0.267515923566879,8.862534783790407
206,0.27388535031847133,3.2336272347995507
206,0.2802547770700637,6.588257185686663
206,0.28662420382165604,4.7376924244439
206,0.2929936305732484,8.291995842658825
206,0.29936305732484075,1.1065959706527495
206,0.30573248407643316,13.680283731123513
206,0.3121019108280255,21.62189444463286
206,0.3184713375796179,4.332790147969433
206,0.32484076433121023,7.225724512014676
206,0.3312101910828026,13.682216670606573
206,0.33757961783439494,18.42365439947062
206,0.3439490445859873,3.520210613819612
206,0.35031847133757965,15.003373643538474
206,0.356687898089172,3.689811794903622
206,0.36305732484076436,16.085423671277486
206,0.3694267515923567,9.752967748793292
206,0.37579617834394907,7.161308602018152
206,0.3821656050955414,12.670661241866132
206,0.3885350318471338,16.14566432117325
206,0.39490445859872614,15.877398501273145
206,0.4012738853503185,7.035117860709659
206,0.40764331210191085,12.654107515112043
206,0.4140127388535032,3.291575471871543
206,0.42038216560509556,2.6306732763745577
206,0.4267515923566879,15.989148977485678
206,0.43312101910828027,21.431388675565593
206,0.4394904458598726,3.3719322922643835
206,0.445859872611465,7.8754394081790275
206,0.45222929936305734,8.982137874327936
206,0.4585987261146497,14.300032652242532
206,0.46496815286624205,1.3579029719554259
206,0.4713375796178344,12.662220571336526
206,0.47770700636942676,5.872729927882579
206,0.4840764331210191,9.613510768368773
206,0.49044585987261147,22.598833502632285
206,0.4968152866242038,25.267072428141272
207,0.0,6.217248937900877e-15
207,0.006493506493506494,14.38177609677609
207,0.012987012987012988,9.934662249858764
207,0.01948051948051948,24.319604296829127
207,0.025974025974025976,9.301017573573862
207,0.03246753246753247,5.631720640050418
207,0.03896103896103896,15.4986969143512
207,0.045454545454545456,16.904072540627105
207,0.05194805194805195,4.0022512330371205
207,0.05844155844155845,5.660798568019584
207,0.06493506493506494,4.273490269765507
207,0.07142857142857144,3.4185527405562044
207,0.07792207792207792,13.760515092293613
207,0.08441558441558442,6.007067413543692
207,0.09090909090909091,2.8022107171946637
207,0.09740259740259741,8.78972141472202
207,0.1038961038961039,8.95776474471554
207,0.1103896103896104,10.579645094994632
207,0.1168831168831169,8.66438367807051
207,0.12337662337662339,11.894912501401539
207,0.12987012987012989,5.402788595753324
207,0.13636363636363638,10.85406613308903
207,0.14285714285714288,11.918730763009927
207,0.14935064935064937,14.934891623138085
207,0.15584415584415584,14.832125482625974
207,0.16233766233766234,13.769596200272078
207,0.16883116883116883,8.151488179420758
207,0.17532467532467533,5.5842350586258975
207,0.18181818181818182,11.247245335720184
207,0.18831168831168832,19.92801699635797
207,0.19480519480519481,12.756302700104074
207,0.2012987012987013,9.943519212748125
207,0.2077922077922078,20.020970999851613
207,0.2142857142857143,22.856149911990986
207,0.2207792207792208,7.429335158305203
207,0.2272727272727273,10.984928371524955
207,0.2337662337662338,21.798885323197997
207,0.24025974025974028,19.153013331553606
207,0.24675324675324678,4.155922138461948
207,0.2532467532467533,22.84194648675086
207,0.25974025974025977,11.970226706869756
207,0.26623376623376627,13.926691556746489
207,0.27272727272727276,24.437304761100844
207,0.27922077922077926,2.988638418728601
207,0.28571428571428575,8.50881610381583
207,0.29220779220779225,6.147735694809948
207,0.29870129870129875,12.66309829431533
207,0.30519480519480524,9.872082492001754
207,0.3116883116883117,18.563039080480163
207,0.3181818181818182,13.302243362906314
207,0.3246753246753247,13.523217622475233
207,0.33116883116883117,8.470403911244992
207,0.33766233766233766,11.64108739332927
207,0.34415584415584416,16.03703178489225
207,0.35064935064935066,10.842274650051731
207,0.35714285714285715,11.477786738467293
207,0.36363636363636365,20.449702489458407
207,0.37012987012987014,2.8800728189501417
207,0.37662337662337664,16.1415240522833
207,0.38311688311688313,6.4724091275345765
207,0.38961038961038963,6.068298199672623
207,0.3961038961038961,6.021970635833922
207,0.4025974025974026,4.708800272615132
207,0.4090909090909091,9.421511910055587
207,0.4155844155844156,12.03886366317316
207,0.4220779220779221,10.188529230838252
207,0.4285714285714286,17.765219396181596
207,0.4350649350649351,12.881084353505102
207,0.4415584415584416,8.299082387574355
207,0.4480519480519481,4.521439665410043
207,0.4545454545454546,3.8263449646272054
207,0.4610389610389611,9.75247611950099
207,0.4675324675324676,19.346059768300567
207,0.4740259740259741,6.706988445762973
207,0.48051948051948057,5.292920942907308
207,0.48701298701298706,7.883367748234428
207,0.49350649350649356,5.098822369629586
208,0.0,2.6645352591003757e-15
208,0.006369426751592357,24.273143695691314
208,0.012738853503184714,24.500402297000022
208,0.019108280254777073,17.177865462256662
208,0.025477707006369428,8.937529667928223
208,0.03184713375796178,8.552091456699777
208,0.038216560509554146,9.531233639475207
208,0.0445859872611465,11.59390316978557
208,0.050955414012738856,6.90436497038036
208,0.05732484076433121,6.703139651577465
208,0.06369426751592357,14.507126067100335
208,0.07006369426751592,8.598362976923932
208,0.07643312101910829,10.62961907467102
208,0.08280254777070065,2.5061584847086076
208,0.089171974522293,9.37569507982628
208,0.09554140127388536,8.032578998144718
208,0.10191082802547771,9.285858229749046
208,0.10828025477707007,9.914822655170479
208,0.11464968152866242,3.783944950762301
208,0.12101910828025478,19.965122199792578
208,0.12738853503184713,0.978652956901584
208,0.1337579617834395,13.144771078032266
208,0.14012738853503184,12.054453909574029
208,0.1464968152866242,18.271313204143777
208,0.15286624203821658,18.093818821825632
208,0.15923566878980894,4.5637452997280725
208,0.1656050955414013,1.5100202150156687
208,0.17197452229299365,9.172646953275732
208,0.178343949044586,14.92096878256994
208,0.18471337579617836,9.80820329137367
208,0.1910828025477707,4.076612522967385
208,0.19745222929936307,3.580392158097883
208,0.20382165605095542,13.467626087176875
208,0.21019108280254778,6.665155610096643
208,0.21656050955414013,7.350955175853123
208,0.2229299363057325,6.44080841278212
208,0.22929936305732485,5.600035781100267
208,0.2356687898089172,8.210786841163994
208,0.24203821656050956,10.207107870181757
208,0.2484076433121019,5.790603237854185
208,0.25477707006369427,17.20976801995829
208,0.2611464968152866,8.485244579983465
208,0.267515923566879,14.807808502701967
208,0.27388535031847133,18.01364286418474
208,0.2802547770700637,8.033165980259277
208,0.28662420382165604,5.180564919587861
208,0.2929936305732484,19.082766904361065
208,0.29936305732484075,13.64754728925224
208,0.30573248407643316,7.512732887991662
208,0.3121019108280255,11.4728056153527
208,0.3184713375796179,7.052504825159592
208,0.32484076433121023,2.4826001766547448
208,0.3312101910828026,8.620518024214398
208,0.33757961783439494,5.369474008937843
208,0.3439490445859873,5.2755191223819535
208,0.35031847133757965,13.767291862062253
208,0.356687898089172,11.752748975789116
208,0.36305732484076436,14.237199679146773
208,0.3694267515923567,5.164300474317783
208,0.37579617834394907,29.533720414981453
208,0.3821656050955414,28.025424100506065
208,0.3885350318471338,16.81151117884551
208,0.39490445859872614,22.239907100452154
208,0.4012738853503185,14.169947311693768
208,0.40764331210191085,10.44851963530731
208,0.4140127388535032,23.276816193141133
208,0.42038216560509556,12.129684820166387
208,0.4267515923566879,4.139479017308851
208,0.43312101910828027,11.673399955646575
208,0.4394904458598726,8.24330893291799
208,0.445859872611465,10.243618333111863
208,0.45222929936305734,4.395346304581456
208,0.4585987261146497,8.503216136232782
208,0.46496815286624205,7.826495731238042
208,0.4713375796178344,7.943132903734198
208,0.47770700636942676,18.319659769969913
208,0.4840764331210191,5.041169432570929
208,0.49044585987261147,17.115657427097243
208,0.4968152866242038,10.305129074604586
209,0.0,1.509903313490213e-14
209,0.006289308176100629,23.39292356084371
209,0.012578616352201259,16.175761168326165
209,0.01886792452830189,8.731583515105209
209,0.025157232704402517,11.217993500320068
209,0.031446540880503145,7.942407350312278
209,0.03773584905660378,12.021846626034653
209,0.04402515723270441,10.402986489676731
209,0.050314465408805034,6.899974588001919
209,0.05660377358490566,13.289814670508552
209,0.06289308176100629,16.001971934076284
209,0.06918238993710692,9.167455334515385
209,0.07547169811320756,2.1406027035723625
209,0.08176100628930819,2.3876570003131263
209,0.08805031446540881,20.382435147258267
209,0.09433962264150944,11.905981503259575
209,0.10062893081761007,9.864187551117315
209,0.1069182389937107,3.991108492333685
209,0.11320754716981132,19.776462041276183
209,0.11949685534591195,16.67229362066685
209,0.12578616352201258,8.688195220407136
209,0.1320754716981132,3.6866837122084335
209,0.13836477987421383,24.986053422451068
209,0.14465408805031446,17.765059581046415
209,0.15094339622641512,9.20551123720212
209,0.15723270440251574,7.153011300291441
209,0.16352201257861637,13.614738854737178
209,0.169811320754717,9.327200646008416
209,0.17610062893081763,8.245754100252448
209,0.18238993710691825,21.49828852656591
209,0.18867924528301888,10.940945907201211
209,0.1949685534591195,6.703606013654827
209,0.20125786163522014,4.3189870471478935
209,0.20754716981132076,20.33969242789322
209,0.2138364779874214,17.033473213475983
209,0.22012578616352202,19.070769484063202
209,0.22641509433962265,4.785943876669171
209,0.23270440251572327,19.704323939741876
209,0.2389937106918239,8.129589731767881
209,0.24528301886792453,6.316117435777283
209,0.25157232704402516,9.96982358465658
209,0.2578616352201258,14.992396259119873
209,0.2641509433962264,4.140072208603581
209,0.27044025157232704,12.3262099932669
209,0.27672955974842767,5.307375021628274
209,0.2830188679245283,13.364075644090226
209,0.2893081761006289,18.259889557730112
209,0.29559748427672955,11.33790356201462
209,0.30188679245283023,7.410329308886139
209,0.30817610062893086,18.481357155136987
209,0.3144654088050315,10.079809165274773
209,0.3207547169811321,9.598014950763266
209,0.32704402515723274,15.607806466700385
209,0.33333333333333337,5.591457434369139
209,0.339622641509434,7.246532730777703
209,0.3459119496855346,17.802693407377884
209,0.35220125786163525,20.17504961661768
209,0.3584905660377359,6.39292708861836
209,0.3647798742138365,16.023630558633283
209,0.37106918238993714,6.809211448194082
209,0.37735849056603776,3.5255288889023735
209,0.3836477987421384,9.718473934110435
209,0.389937106918239,8.295664036098149
209,0.39622641509433965,1.226914406451448
209,0.4025157232704403,14.921461187887758
209,0.4088050314465409,9.19288828365959
209,0.41509433962264153,11.85823654911549
209,0.42138364779874216,16.155279525982003
209,0.4276729559748428,1.3064497154452612
209,0.4339622641509434,10.64412843947849
209,0.44025157232704404,16.11124627630748
209,0.44654088050314467,11.954986763053958
209,0.4528301886792453,10.819075005071216
209,0.4591194968553459,15.462401865672199
209,0.46540880503144655,8.468110334605539
209,0.4716981132075472,16.831656070087934
209,0.4779874213836478,3.51030965665353
209,0.48427672955974843,3.2200835004628408
209,0.49056603773584906,11.800905211316357
209,0.4968553459119497,15.494712235448805
210,0.0,4.884981308350689e-15
210,0.006134969325153374,2.0913622687904843
210,0.012269938650306749,23.906644004917887
210,0.018404907975460124,10.81984929174895
210,0.024539877300613498,9.546675520229744
210,0.03067484662576687,9.652260474128246
210,0.03680981595092025,6.258840572893935
210,0.04294478527607362,10.635090605711069
210,0.049079754601226995,5.69633689145583
210,0.05521472392638037,10.257261504944195
210,0.06134969325153374,14.86026600711481
210,0.06748466257668712,19.95167047163351
210,0.0736196319018405,11.508553220737403
210,0.07975460122699386,5.8952401954944005
210,0.08588957055214724,4.354535531898923
210,0.09202453987730061,7.889709010977431
210,0.09815950920245399,9.72662633276145
210,0.10429447852760737,11.277090681740082
210,0.11042944785276074,15.851816230882742
210,0.11656441717791412,10.22401194770565
210,0.12269938650306748,13.420010040823746
210,0.12883435582822086,12.445085965827467
210,0.13496932515337423,11.467939330011983
210,0.1411042944785276,7.489754123069696
210,0.147239263803681,24.105728537723046
210,0.15337423312883436,7.068123385018091
210,0.15950920245398773,1.3769410634147758
210,0.16564417177914112,12.451828411680884
210,0.17177914110429449,16.908009471440497
210,0.17791411042944785,13.231588674017777
210,0.18404907975460122,19.864513575140748
210,0.1901840490797546,16.61628972293586
210,0.19631901840490798,7.5769362771511455
210,0.20245398773006135,9.551550818160795
210,0.20858895705521474,28.28400794470735
210,0.2147239263803681,11.441039241290287
210,0.22085889570552147,9.682523016495738
210,0.22699386503067484,4.433792113939293
210,0.23312883435582823,13.549764041513596
210,0.2392638036809816,4.234666937735489
210,0.24539877300613497,11.886186111057025
210,0.25153374233128833,13.871059042086303
210,0.25766871165644173,3.5308876083858727
210,0.2638036809815951,2.0710281068839382
210,0.26993865030674846,25.732924953940543
210,0.27607361963190186,11.146008037927203
210,0.2822085889570552,6.894621307774541
210,0.2883435582822086,13.498123493876502
210,0.294478527607362,10.88437899467358
210,0.3006134969325153,18.372301658008475
210,0.3067484662576687,4.150144853482186
210,0.3128834355828221,21.08250286783383
210,0.31901840490797545,5.113792155497879
210,0.32515337423312884,9.228340189762903
210,0.33128834355828224,5.639086595052606
210,0.3374233128834356,2.183715761829029
210,0.34355828220858897,14.820905404574315
210,0.34969325153374237,7.225728332666336
210,0.3558282208588957,7.5115957772335085
210,0.3619631901840491,13.06015287461381
210,0.36809815950920244,12.36034067979416
210,0.37423312883435583,8.40899924269875
210,0.3803680981595092,13.056884670760112
210,0.38650306748466257,13.63988878895512
210,0.39263803680981596,19.110744967718432
210,0.39877300613496935,7.029196239092883
210,0.4049079754601227,29.583814778972815
210,0.4110429447852761,8.713132520138926
210,0.4171779141104295,8.590270684907088
210,0.4233128834355828,4.153938024184114
210,0.4294478527607362,8.414440094690303
210,0.43558282208588955,7.490846839470172
210,0.44171779141104295,6.809069535070801
210,0.44785276073619634,20.350142897118634
210,0.4539877300613497,12.543084659864082
210,0.4601226993865031,12.712119368905665
210,0.46625766871165647,18.05720416193267
210,0.4723926380368098,11.512138991296286
210,0.4785276073619632,15.339775875131645
210,0.4846625766871166,13.129656491253488
210,0.49079754601226994,3.0482687488300493
210,0.49693251533742333,9.26862474016667
211,0.0,1.9984014443252818e-15
211,0.006329113924050633,31.334679658204386
211,0.012658227848101266,6.979070515445561
211,0.0189873417721519,14.57015786401564
211,0.02531645569620253,20.58024904719434
211,0.03164556962025317,4.410218888568009
211,0.0379746835443038,11.885764589060148
211,0.04430379746835443,19.207637436096746
211,0.05063291139240506,20.47503216561933
211,0.056962025316455694,12.697468349153304
211,0.06329113924050633,9.875489417532073
211,0.06962025316455696,12.593533207942356
211,0.0759493670886076,6.083016875767901
211,0.08227848101265822,8.706884438783925
211,0.08860759493670886,19.48986309836772
211,0.09493670886075949,14.04028522523544
211,0.10126582278481013,12.892187393342066
211,0.10759493670886076,5.245055110300808
211,0.11392405063291139,10.895414827704727
211,0.12025316455696203,6.423212989826586
211,0.12658227848101267,12.407923216802434
211,0.13291139240506328,16.063692938247556
211,0.13924050632911392,15.81262773748577
211,0.14556962025316456,16.29626140935229
211,0.1518987341772152,9.653171003308223
211,0.15822784810126583,18.417228260657623
211,0.16455696202531644,18.76184536640719
211,0.17088607594936708,8.792455546956358
211,0.17721518987341772,9.921707073319846
211,0.18354430379746836,2.858399173917001
211,0.18987341772151897,5.49565417260841
211,0.1962025316455696,9.965888099411783
211,0.20253164556962025,11.067949674048913
211,0.2088607594936709,15.666395290051216
211,0.21518987341772153,11.716427383600445
211,0.22151898734177214,5.487256470673712
211,0.22784810126582278,7.59592184218298
211,0.23417721518987342,2.8641217469410996
211,0.24050632911392406,8.45103371423067
211,0.24683544303797467,13.804942145486779
211,0.25316455696202533,5.0505113210282
211,0.25949367088607594,8.751107494473255
211,0.26582278481012656,8.444034196107879
211,0.2721518987341772,13.655885150007322
211,0.27848101265822783,17.68557492821072
211,0.2848101265822785,9.280928446050675
211,0.2911392405063291,6.005887767566443
211,0.2974683544303797,7.390049169274158
211,0.3037974683544304,17.548558503779564
211,0.310126582278481,10.734938488182145
211,0.31645569620253167,11.679728064021319
211,0.3227848101265823,3.935891709289793
211,0.3291139240506329,8.042795525523715
211,0.33544303797468356,6.811940645944376
211,0.34177215189873417,18.440287576293212
211,0.3481012658227848,11.234455288717733
211,0.35443037974683544,16.84923846240148
211,0.36075949367088606,13.554827526189092
211,0.3670886075949367,10.023421841373322
211,0.37341772151898733,6.018389214436611
211,0.37974683544303794,11.043941043964974
211,0.3860759493670886,14.808598644999652
211,0.3924050632911392,1.9316078280490698
211,0.3987341772151899,6.435582830986966
211,0.4050632911392405,7.663721480771248
211,0.4113924050632911,7.622784286598215
211,0.4177215189873418,3.286067630854783
211,0.4240506329113924,2.548577025887133
211,0.43037974683544306,18.5814372575873
211,0.43670886075949367,9.034090263405506
211,0.4430379746835443,23.950965546350204
211,0.44936708860759494,4.823113479799958
211,0.45569620253164556,8.590495745911422
211,0.4620253164556962,14.315396772547587
211,0.46835443037974683,24.67252460274458
211,0.47468354430379744,17.74725287765643
211,0.4810126582278481,8.708125890623261
211,0.4873417721518987,9.283071550367989
211,0.49367088607594933,1.159034123887126
212,0.0,1.021405182655144e-14
212,0.00625,3.976506041061997
212,0.0125,14.14574498501616
212,0.018750000000000003,24.19221213948606
212,0.025,19.29031494639414
212,0.03125,13.115805412566996
212,0.037500000000000006,11.938941638473716
212,0.043750000000000004,12.68964705818502
212,0.05,9.761304426974512
212,0.05625,17.06591807779596
212,0.0625,12.418987420689984
212,0.06875,8.814708359935812
212,0.07500000000000001,21.024438481000274
212,0.08125,11.418737702132075
212,0.08750000000000001,1.2417620860062
212,0.09375,11.719241694304857
212,0.1,12.88385442770382
212,0.10625000000000001,16.71087133718942
212,0.1125,8.142749962081078
212,0.11875000000000001,5.87819858251647
212,0.125,12.992157474286248
212,0.13125,1.283114429850664
212,0.1375,15.257105884215244
212,0.14375000000000002,14.849868370683406
212,0.15000000000000002,2.612639844419549
212,0.15625,14.46362267611147
212,0.1625,15.164817513631439
212,0.16875,11.864985124483756
212,0.17500000000000002,22.421640030928526
212,0.18125000000000002,15.430054681362352
212,0.1875,15.38345801261839
212,0.19375,17.007342109942527
212,0.2,12.347354159593976
212,0.20625000000000002,5.122490507259638
212,0.21250000000000002,18.5938108863433
212,0.21875,19.61220324337578
212,0.225,9.762341321946982
212,0.23125,8.587612421659149
212,0.23750000000000002,16.566303878369375
212,0.24375000000000002,9.145916927087319
212,0.25,14.433983101585905
212,0.25625000000000003,6.870967647480024
212,0.2625,21.78692390097975
212,0.26875,27.30281849424038
212,0.275,5.593237241429598
212,0.28125,5.771023589632418
212,0.28750000000000003,19.76854652803136
212,0.29375,3.5176360659513883
212,0.30000000000000004,9.645782161994466
212,0.30625,16.445069915848187
212,0.3125,15.041595997045174
212,0.31875000000000003,5.623144601616719
212,0.325,2.177924563410284
212,0.33125000000000004,5.895618043489356
212,0.3375,5.816362167546319
212,0.34375,2.662913439674568
212,0.35000000000000003,7.460617465465613
212,0.35625,0.7319099177645249
212,0.36250000000000004,10.691786870676166
212,0.36875,9.276435389771146
212,0.375,15.131262278535461
212,0.38125000000000003,5.3108909332387215
212,0.3875,11.245008951330966
212,0.39375000000000004,9.298414555137368
212,0.4,8.444513299823981
212,0.40625,16.11856703922137
212,0.41250000000000003,14.451144257361516
212,0.41875,14.301858563806606
212,0.42500000000000004,11.208299458020308
212,0.43125,11.356480524048617
212,0.4375,10.274587426408772
212,0.44375000000000003,5.913174427607471
212,0.45,8.304258122882324
212,0.45625000000000004,3.5963568392111673
212,0.4625,5.842825418502488
212,0.46875,9.363589366999882
212,0.47500000000000003,12.71034698271237
212,0.48125,8.116530000093082
212,0.48750000000000004,4.634124463549629
212,0.49375,19.16458478346669
213,0.0,1.0658141036401503e-14
213,0.006493506493506494,33.20164911429103
213,0.012987012987012988,10.589863802602117
213,0.01948051948051948,13.435171172862061
213,0.025974025974025976,2.1418050576988197
213,0.03246753246753247,19.650455692716886
213,0.03896103896103896,7.5294505187471765
213,0.045454545454545456,14.66563148329587
213,0.05194805194805195,19.831503579621824
213,0.05844155844155845,4.512395419224571
213,0.06493506493506494,13.964779258488715
213,0.07142857142857144,3.430619567793169
213,0.07792207792207792,15.764639541097972
213,0.08441558441558442,8.000259607069404
213,0.09090909090909091,4.674574376276212
213,0.09740259740259741,10.821368764352226
213,0.1038961038961039,9.028547626824995
213,0.1103896103896104,3.7458551341186683
213,0.1168831168831169,11.409736345536656
213,0.12337662337662339,8.935921405277558
213,0.12987012987012989,2.5263825371912683
213,0.13636363636363638,8.177078621780948
213,0.14285714285714288,12.050618657564769
213,0.14935064935064937,13.154771472216492
213,0.15584415584415584,13.688971635701682
213,0.16233766233766234,10.301948232165174
213,0.16883116883116883,13.347774918644248
213,0.17532467532467533,8.372692171592858
213,0.18181818181818182,2.9175471293246504
213,0.18831168831168832,5.507113644366305
213,0.19480519480519481,5.851632089167205
213,0.2012987012987013,13.811801661538
213,0.2077922077922078,6.44509619912295
213,0.2142857142857143,8.504101110849794
213,0.2207792207792208,3.226246878617151
213,0.2272727272727273,13.524373187040503
213,0.2337662337662338,6.139622165103119
213,0.24025974025974028,5.421885394106495
213,0.24675324675324678,15.53458251785612
213,0.2532467532467533,13.877459294469986
213,0.25974025974025977,8.861637471759389
213,0.26623376623376627,9.558689771107723
213,0.27272727272727276,8.01603961453015
213,0.27922077922077926,10.47944803665335
213,0.28571428571428575,8.956835022174895
213,0.29220779220779225,14.701445714459597
213,0.29870129870129875,24.299336112682866
213,0.30519480519480524,23.320072392865
213,0.3116883116883117,5.000745119706717
213,0.3181818181818182,8.576970847032843
213,0.3246753246753247,4.54862944260699
213,0.33116883116883117,20.89392653555313
213,0.33766233766233766,16.95276874241914
213,0.34415584415584416,7.240622535745379
213,0.35064935064935066,7.837467080146822
213,0.35714285714285715,20.175061434657607
213,0.36363636363636365,14.807273718546647
213,0.37012987012987014,24.93847297904652
213,0.37662337662337664,3.153389825678358
213,0.38311688311688313,4.282363383351624
213,0.38961038961038963,23.757800030166308
213,0.3961038961038961,10.779607444982377
213,0.4025974025974026,15.421581085626435
213,0.4090909090909091,7.799999258970858
213,0.4155844155844156,7.840672606734659
213,0.4220779220779221,14.104700077484393
213,0.4285714285714286,7.757210912288204
213,0.4350649350649351,6.682818513160913
213,0.4415584415584416,14.906089546747436
213,0.4480519480519481,13.08346378067175
213,0.4545454545454546,7.412930572147725
213,0.4610389610389611,4.156756281150643
213,0.4675324675324676,6.666907660558884
213,0.4740259740259741,7.058369378090523
213,0.48051948051948057,14.13669211397357
213,0.48701298701298706,12.936605668842079
213,0.49350649350649356,3.5729356199235935
214,0.0,3.552713678800501e-15
214,0.006289308176100629,23.418362333478427
214,0.012578616352201259,21.238123678902426
214,0.01886792452830189,13.657175445036627
214,0.025157232704402517,11.082369550278967
214,0.031446540880503145,20.10230022048412
214,0.03773584905660378,12.121919576594804
214,0.04402515723270441,13.21076935800875
214,0.050314465408805034,18.996898813816063
214,0.05660377358490566,14.178705062988266
214,0.06289308176100629,20.708952873748945
214,0.06918238993710692,11.048982967334965
214,0.07547169811320756,4.954259747707047
214,0.08176100628930819,6.025382465864241
214,0.08805031446540881,3.332333891472825
214,0.09433962264150944,7.219770770232263
214,0.10062893081761007,5.3346261287362085
214,0.1069182389937107,4.201300034562011
214,0.11320754716981132,13.66672962915687
214,0.11949685534591195,9.989123369765634
214,0.12578616352201258,6.0962786230302
214,0.1320754716981132,9.355657715156692
214,0.13836477987421383,12.90488577169041
214,0.14465408805031446,16.88778552524865
214,0.15094339622641512,7.435221673574401
214,0.15723270440251574,5.010323381965653
214,0.16352201257861637,7.361480069631071
214,0.169811320754717,19.78861929834041
214,0.17610062893081763,27.37636897184002
214,0.18238993710691825,24.654289296119003
214,0.18867924528301888,10.525338550409767
214,0.1949685534591195,3.5498709940404645
214,0.20125786163522014,10.496520630144367
214,0.20754716981132076,4.555477085066319
214,0.2138364779874214,24.049373065046538
214,0.22012578616352202,7.439187642951691
214,0.22641509433962265,16.253446859338283
214,0.23270440251572327,22.492665911954752
214,0.2389937106918239,23.778884096875014
214,0.24528301886792453,4.704889181987951
214,0.25157232704402516,18.927871291964042
214,0.2578616352201258,13.571444417554297
214,0.2641509433962264,9.380656688983837
214,0.27044025157232704,14.210415872756577
214,0.27672955974842767,11.685841758651137
214,0.2830188679245283,10.138552247056833
214,0.2893081761006289,17.62668143426264
214,0.29559748427672955,13.140679250064212
214,0.30188679245283023,16.3900999388402
214,0.30817610062893086,11.767836747667431
214,0.3144654088050315,2.684659291838501
214,0.3207547169811321,2.094844473832461
214,0.32704402515723274,6.6066890266019165
214,0.33333333333333337,9.4411027624948
214,0.339622641509434,4.112280126858966
214,0.3459119496855346,15.768976359115959
214,0.35220125786163525,12.991858059080885
214,0.3584905660377359,14.6977846391338
214,0.3647798742138365,7.5921309363363205
214,0.37106918238993714,6.79935568998098
214,0.37735849056603776,3.9588728784242955
214,0.3836477987421384,5.678703338855958
214,0.389937106918239,13.575880794872843
214,0.39622641509433965,12.707757100347015
214,0.4025157232704403,16.030545157477498
214,0.4088050314465409,5.890199005208599
214,0.41509433962264153,12.01087451986279
214,0.42138364779874216,7.994166625753053
214,0.4276729559748428,7.872844102527129
214,0.4339622641509434,2.3109549178018947
214,0.44025157232704404,4.647414204933471
214,0.44654088050314467,8.8899205249552
214,0.4528301886792453,13.801177467153824
214,0.4591194968553459,3.6488663661381797
214,0.46540880503144655,5.831026370966446
214,0.4716981132075472,3.218058084480644
214,0.4779874213836478,5.9016605004643
214,0.48427672955974843,5.382400818620463
214,0.49056603773584906,9.713083846406871
214,0.4968553459119497,1.5037306256213645
215,0.0,8.43769498715119e-15
215,0.006493506493506494,24.765221462452036
215,0.012987012987012988,11.829348626110459
215,0.01948051948051948,6.493689588021143
215,0.025974025974025976,4.589350281561717
215,0.03246753246753247,9.045136636269222
215,0.03896103896103896,16.910251606227565
215,0.045454545454545456,13.035325824584685
215,0.05194805194805195,8.788022131527306
215,0.05844155844155845,10.221003967960993
215,0.06493506493506494,6.220560984780956
215,0.07142857142857144,5.9324394771143085
215,0.07792207792207792,6.849560617065732
215,0.08441558441558442,7.09118560120394
215,0.09090909090909091,16.89928537928572
215,0.09740259740259741,19.92121536474506
215,0.1038961038961039,2.6659792674312466
215,0.1103896103896104,5.998046907093381
215,0.1168831168831169,19.98960422056724
215,0.12337662337662339,2.8460513190982653
215,0.12987012987012989,3.8989961402673283
215,0.13636363636363638,11.53216649886371
215,0.14285714285714288,9.342385404562918
215,0.14935064935064937,5.57765527212411
215,0.15584415584415584,3.2741472385630312
215,0.16233766233766234,5.87532948144623
215,0.16883116883116883,0.22181672337471264
215,0.17532467532467533,13.155058954141916
215,0.18181818181818182,13.058007353769872
215,0.18831168831168832,20.42250456287617
215,0.19480519480519481,16.471306653400212
215,0.2012987012987013,16.873241199151174
215,0.2077922077922078,10.745887892324076
215,0.2142857142857143,16.77207554102046
215,0.2207792207792208,16.679341376610843
215,0.2272727272727273,6.7907153504088535
215,0.2337662337662338,10.129362068160392
215,0.24025974025974028,20.78584810581492
215,0.24675324675324678,8.361203282224244
215,0.2532467532467533,2.3614270148245926
215,0.25974025974025977,0.9527491679227376
215,0.26623376623376627,3.6631712544631116
215,0.27272727272727276,3.274889644072555
215,0.27922077922077926,5.051242389016303
215,0.28571428571428575,9.212980455535963
215,0.29220779220779225,19.016036971552946
215,0.29870129870129875,7.504186073192368
215,0.30519480519480524,21.818045369086487
215,0.3116883116883117,11.242037270180955
215,0.3181818181818182,12.401947123513002
215,0.3246753246753247,13.061202445580932
215,0.33116883116883117,22.561751968321744
215,0.33766233766233766,6.224869492126573
215,0.34415584415584416,4.65384667228389
215,0.35064935064935066,3.91906360607154
215,0.35714285714285715,9.154403243076526
215,0.36363636363636365,11.360708976090573
215,0.37012987012987014,16.40229175880331
215,0.37662337662337664,6.658210981551127
215,0.38311688311688313,2.1199567554162173
215,0.38961038961038963,1.5697705525289714
215,0.3961038961038961,8.648800378809865
215,0.4025974025974026,3.2691603323599434
215,0.4090909090909091,18.456047295449952
215,0.4155844155844156,8.464214169466427
215,0.4220779220779221,19.66714118641379
215,0.4285714285714286,3.512807750785181
215,0.4350649350649351,14.079914749576936
215,0.4415584415584416,14.050032960366455
215,0.4480519480519481,17.29433926898156
215,0.4545454545454546,29.428698510486445
215,0.4610389610389611,21.688760014312503
215,0.4675324675324676,3.009398534771309
215,0.4740259740259741,3.562260749982657
215,0.48051948051948057,15.913189147237585
215,0.48701298701298706,7.982308839715518
215,0.49350649350649356,13.753822961778782
216,0.0,8.881784197001252e-15
216,0.00641025641025641,25.600139020993016
216,0.01282051282051282,14.721096087924273
216,0.019230769230769232,17.09407089785025
216,0.02564102564102564,9.291646503687348
216,0.03205128205128205,7.983196049910608
216,0.038461538461538464,19.67452213317729
216,0.04487179487179487,19.053684221110068
216,0.05128205128205128,19.465044383966198
216,0.05769230769230769,18.093137914438245
216,0.0641025641025641,3.9958722001498814
216,0.07051282051282051,3.9186560159323207
216,0.07692307692307693,7.612979132661933
216,0.08333333333333333,12.128530148758138
216,0.08974358974358974,15.449997691236042
216,0.09615384615384615,14.68870871987876
216,0.10256410256410256,6.419289779587638
216,0.10897435897435898,7.054026975444301
216,0.11538461538461538,12.137555554697203
216,0.12179487179487179,5.4110764404739955
216,0.1282051282051282,9.086287272690713
216,0.1346153846153846,11.348703322925086
216,0.14102564102564102,9.8952109077692
216,0.14743589743589744,1.2652333098100068
216,0.15384615384615385,12.705543464351635
216,0.16025641025641024,5.14661125768491
216,0.16666666666666666,15.55519420933322
216,0.17307692307692307,12.52942960396513
216,0.1794871794871795,7.013876507897227
216,0.1858974358974359,19.34919369252021
216,0.1923076923076923,5.543363578515267
216,0.1987179487179487,12.033638893553903
216,0.20512820512820512,12.72153828176504
216,0.21153846153846154,6.017832827438076
216,0.21794871794871795,4.909042911532603
216,0.22435897435897434,6.012186809817539
216,0.23076923076923075,8.194285531668092
216,0.23717948717948717,7.7232710095238355
216,0.24358974358974358,12.251888969541977
216,0.25,12.483278565966197
216,0.2564102564102564,12.543792410209655
216,0.26282051282051283,10.814880607360346
216,0.2692307692307692,21.30519444974237
216,0.2756410256410256,4.644862266174294
216,0.28205128205128205,16.830132481889805
216,0.28846153846153844,11.674162145825209
216,0.2948717948717949,6.116637905262945
216,0.30128205128205127,15.252427161853413
216,0.3076923076923077,12.900098206808398
216,0.3141025641025641,3.7448828271842314
216,0.3205128205128205,6.866194730351092
216,0.3269230769230769,8.4342678363614
216,0.3333333333333333,10.157765928806816
216,0.33974358974358976,13.268843180301763
216,0.34615384615384615,8.017841575087834
216,0.35256410256410253,8.63759975810205
216,0.358974358974359,12.753131629602565
216,0.36538461538461536,7.340204410424467
216,0.3717948717948718,8.170598450047805
216,0.3782051282051282,17.609505639804997
216,0.3846153846153846,15.680268388017552
216,0.391025641025641,12.396562802082874
216,0.3974358974358974,19.3491446379691
216,0.40384615384615385,5.106094594380885
216,0.41025641025641024,9.75000128666043
216,0.41666666666666663,15.525588629446066
216,0.4230769230769231,8.183815570037387
216,0.42948717948717946,9.43583917994476
216,0.4358974358974359,10.260495304500076
216,0.4423076923076923,15.440703170325841
216,0.4487179487179487,24.765567358571385
216,0.4551282051282051,18.15042823167535
216,0.4615384615384615,12.982026011722535
216,0.46794871794871795,3.761652608728348
216,0.47435897435897434,4.3513196008999255
216,0.4807692307692307,3.231325251663407
216,0.48717948717948717,25.019574333934784
216,0.49358974358974356,9.201571553622841
217,0.0,4.440892098500626e-16
217,0.006289308176100629,22.987414727727703
217,0.012578616352201259,22.861418523143087
217,0.01886792452830189,2.3012752259645555
217,0.025157232704402517,6.855388214275235
217,0.031446540880503145,17.62788451429164
217,0.03773584905660378,12.10655164885086
217,0.04402515723270441,6.142224314229893
217,0.050314465408805034,6.203056456911728
217,0.05660377358490566,20.938814175100735
217,0.06289308176100629,24.789253511724883
217,0.06918238993710692,12.94589414636709
217,0.07547169811320756,11.781509611443317
217,0.08176100628930819,11.796168531777349
217,0.08805031446540881,6.951588008605251
217,0.09433962264150944,9.083043868719397
217,0.10062893081761007,1.3232732070913131
217,0.1069182389937107,19.14434053989646
217,0.11320754716981132,3.9338524796636603
217,0.11949685534591195,4.079319760888706
217,0.12578616352201258,3.478738167114115
217,0.1320754716981132,21.627957769714786
217,0.13836477987421383,21.731699699318767
217,0.14465408805031446,21.600908219583605
217,0.15094339622641512,16.619314483365837
217,0.15723270440251574,3.2688835977401283
217,0.16352201257861637,2.276513350347752
217,0.169811320754717,10.206898597254137
217,0.17610062893081763,12.34434509095563
217,0.18238993710691825,10.101221364876103
217,0.18867924528301888,2.537941686429264
217,0.1949685534591195,5.896909407091623
217,0.20125786163522014,8.722681443576079
217,0.20754716981132076,9.853691240125176
217,0.2138364779874214,9.399653929334413
217,0.22012578616352202,18.234281233167653
217,0.22641509433962265,11.74659784317633
217,0.23270440251572327,18.200715533564445
217,0.2389937106918239,11.816611197682882
217,0.24528301886792453,5.411116793849217
217,0.25157232704402516,9.570336752003021
217,0.2578616352201258,5.3311235150659435
217,0.2641509433962264,1.7552834032774292
217,0.27044025157232704,13.095705684846319
217,0.27672955974842767,15.466281638620753
217,0.2830188679245283,32.77097208118239
217,0.2893081761006289,3.3181471979797057
217,0.29559748427672955,3.637962477873681
217,0.30188679245283023,17.476727233820007
217,0.30817610062893086,16.38789795640252
217,0.3144654088050315,17.226658726055817
217,0.3207547169811321,11.098367245603258
217,0.32704402515723274,2.933795918048798
217,0.33333333333333337,4.28385975289133
217,0.339622641509434,9.817565124353477
217,0.3459119496855346,8.324377695599045
217,0.35220125786163525,8.382734713710713
217,0.3584905660377359,8.305578605891606
217,0.3647798742138365,18.209146333344968
217,0.37106918238993714,12.056618738499338
217,0.37735849056603776,16.526903425897366
217,0.3836477987421384,16.559115139016733
217,0.389937106918239,3.2215251359323966
217,0.39622641509433965,7.290677241495323
217,0.4025157232704403,0.7487357655114785
217,0.4088050314465409,7.99398179074679
217,0.41509433962264153,12.244324044173764
217,0.42138364779874216,2.6143094569951213
217,0.4276729559748428,14.75425343287226
217,0.4339622641509434,13.773644723270952
217,0.44025157232704404,14.734801630821417
217,0.44654088050314467,11.821494938931682
217,0.4528301886792453,12.813558024958045
217,0.4591194968553459,5.219394370379937
217,0.46540880503144655,4.149698548834531
217,0.4716981132075472,11.670090968942882
217,0.4779874213836478,3.9958234266982853
217,0.48427672955974843,11.016255273938437
217,0.49056603773584906,1.2846307616131638
217,0.4968553459119497,10.780120736663713
218,0.0,1.2434497875801753e-14
218,0.006756756756756757,26.903168284523026
218,0.013513513513513514,6.274060957014803
218,0.02027027027027027,9.803401182028782
218,0.02702702702702703,12.992302893577952
218,0.033783783783783786,26.42517800238715
218,0.04054054054054054,3.449740062809841
218,0.0472972972972973,9.979323770168381
218,0.05405405405405406,8.677060491562841
218,0.060810810810810814,7.106356744274989
218,0.06756756756756757,10.749066271164986
218,0.07432432432432433,4.493769101983461
218,0.08108108108108109,6.095904556959513
218,0.08783783783783784,7.428246114704309
218,0.0945945945945946,11.458127424111993
218,0.10135135135135136,27.467787930169376
218,0.10810810810810811,15.043366645827472
218,0.11486486486486487,1.6007024152839302
218,0.12162162162162163,4.103742910787486
218,0.1283783783783784,6.516658070444416
218,0.13513513513513514,7.962192520612767
218,0.14189189189189189,11.120236249852852
218,0.14864864864864866,2.1931467256279946
218,0.15540540540540543,9.665126213952417
218,0.16216216216216217,8.579010943494843
218,0.16891891891891891,10.855387282600947
218,0.17567567567567569,7.842549524790076
218,0.18243243243243246,9.467753386968193
218,0.1891891891891892,3.584534702223265
218,0.19594594594594594,10.056608265754248
218,0.20270270270270271,10.091253888817656
218,0.20945945945945948,2.7787164404774263
218,0.21621621621621623,19.63632601765749
218,0.22297297297297297,10.44038902442062
218,0.22972972972972974,10.746201824823366
218,0.2364864864864865,8.530677521159463
218,0.24324324324324326,9.830077187290005
218,0.25,6.052075686049268
218,0.2567567567567568,14.739342918295327
218,0.26351351351351354,9.947966963937576
218,0.2702702702702703,5.998487921153904
218,0.27702702702702703,4.267458647558011
218,0.28378378378378377,22.819747837578472
218,0.29054054054054057,1.8166789987685175
218,0.2972972972972973,3.898780843010037
218,0.30405405405405406,12.01494879586459
218,0.31081081081081086,9.846170063768044
218,0.3175675675675676,20.405351453071905
218,0.32432432432432434,20.701922628001444
218,0.3310810810810811,19.324480391472115
218,0.33783783783783783,9.424478827383007
218,0.3445945945945946,10.00782330386268
218,0.35135135135135137,6.51532516689819
218,0.3581081081081081,11.916728826360364
218,0.3648648648648649,11.660740361829369
218,0.37162162162162166,5.660878973319791
218,0.3783783783783784,10.575329331519681
218,0.38513513513513514,19.454921002586552
218,0.3918918918918919,16.820366233594513
218,0.3986486486486487,10.459821891286525
218,0.40540540540540543,7.99138159022101
218,0.41216216216216217,13.143550234347968
218,0.41891891891891897,8.588876741780382
218,0.4256756756756757,12.79776592175559
218,0.43243243243243246,3.908193923079627
218,0.4391891891891892,17.266129457501282
218,0.44594594594594594,9.679838372508064
218,0.45270270270270274,15.326136675630224
218,0.4594594594594595,13.451161106857972
218,0.46621621621621623,16.802941535913146
218,0.472972972972973,3.7231947483044987
218,0.47972972972972977,3.5064559462408846
218,0.4864864864864865,4.656310937054377
218,0.49324324324324326,14.171231805271114
219,0.0,8.43769498715119e-15
219,0.00641025641025641,16.240001663644115
219,0.01282051282051282,9.150760028731865
219,0.019230769230769232,11.745234890627303
219,0.02564102564102564,1.4322265418528612
219,0.03205128205128205,16.488021164989483
219,0.038461538461538464,3.5015103245004937
219,0.04487179487179487,15.419319536924114
219,0.05128205128205128,19.475853543270564
219,0.05769230769230769,6.787849541240921
219,0.0641025641025641,12.822323012224615
219,0.07051282051282051,12.277445731141421
219,0.07692307692307693,20.620138843730057
219,0.08333333333333333,8.731109836436904
219,0.08974358974358974,13.529568070658073
219,0.09615384615384615,18.298537978818423
219,0.10256410256410256,4.494670004559678
219,0.10897435897435898,10.50493924211897
219,0.11538461538461538,11.210722307793462
219,0.12179487179487179,7.245683764292892
219,0.1282051282051282,8.073409606393941
219,0.1346153846153846,7.887153819193438
219,0.14102564102564102,7.777370976938618
219,0.14743589743589744,25.86131636803354
219,0.15384615384615385,17.4930580893801
219,0.16025641025641024,7.4334394583781584
219,0.16666666666666666,9.705750421945488
219,0.17307692307692307,9.01412806800067
219,0.1794871794871795,17.970599209998653
219,0.1858974358974359,13.368447554442195
219,0.1923076923076923,6.189310316878409
219,0.1987179487179487,17.695892446701947
219,0.20512820512820512,8.914356761163996
219,0.21153846153846154,20.895625491458627
219,0.21794871794871795,5.318516375657799
219,0.22435897435897434,17.940859412195014
219,0.23076923076923075,9.719795545953664
219,0.23717948717948717,11.243849280297916
219,0.24358974358974358,9.05960601320828
219,0.25,20.0753792860963
219,0.2564102564102564,20.94674957605229
219,0.26282051282051283,5.895721186473267
219,0.2692307692307692,5.667639712069534
219,0.2756410256410256,6.637893147614146
219,0.28205128205128205,9.0188217264201
219,0.28846153846153844,13.39962955460598
219,0.2948717948717949,9.39125374875382
219,0.30128205128205127,17.025144510268746
219,0.3076923076923077,4.572098032938612
219,0.3141025641025641,10.613836493489279
219,0.3205128205128205,10.25598058579886
219,0.3269230769230769,11.387374626064922
219,0.3333333333333333,21.330269297500866
219,0.33974358974358976,6.08422207965248
219,0.34615384615384615,6.47902252354526
219,0.35256410256410253,2.8901088586238672
219,0.358974358974359,16.52121337616239
219,0.36538461538461536,11.378321467214649
219,0.3717948717948718,5.56880392100875
219,0.3782051282051282,6.63489157001391
219,0.3846153846153846,8.337630598247905
219,0.391025641025641,10.933527137344134
219,0.3974358974358974,17.638158615517998
219,0.40384615384615385,16.3081184380903
219,0.41025641025641024,4.945453615560779
219,0.41666666666666663,1.5193298850617123
219,0.4230769230769231,6.803913888545891
219,0.42948717948717946,16.893172939865895
219,0.4358974358974359,18.116040715145825
219,0.4423076923076923,7.415494103787007
219,0.4487179487179487,10.668365138659508
219,0.4551282051282051,8.290611226968597
219,0.4615384615384615,18.03885543088848
219,0.46794871794871795,3.0701695014510753
219,0.47435897435897434,3.8062477515584994
219,0.4807692307692307,20.893078593734188
219,0.48717948717948717,14.484752261828394
219,0.49358974358974356,2.9054970170806476
220,0.0,1.2212453270876722e-15
220,0.006369426751592357,21.48334407670484
220,0.012738853503184714,8.444416986397684
220,0.019108280254777073,17.81828998372278
220,0.025477707006369428,10.479089346094861
220,0.03184713375796178,11.608423182862312
220,0.038216560509554146,24.446905384465552
220,0.0445859872611465,27.137285732616135
220,0.050955414012738856,25.635294673505733
220,0.05732484076433121,13.721799347489311
220,0.06369426751592357,4.58760899852178
220,0.07006369426751592,4.198135061968582
220,0.07643312101910829,9.588160387990534
220,0.08280254777070065,18.633048707170815
220,0.089171974522293,20.777057075880855
220,0.09554140127388536,2.3757168673060556
220,0.10191082802547771,8.327818250545366
220,0.10828025477707007,13.96036070947663
220,0.11464968152866242,8.509854494808497
220,0.12101910828025478,9.779895582584823
220,0.12738853503184713,13.994737771863058
220,0.1337579617834395,8.937508902328371
220,0.14012738853503184,8.110107686613127
220,0.1464968152866242,5.7822478767976335
220,0.15286624203821658,12.933509599897073
220,0.15923566878980894,13.912935977800359
220,0.1656050955414013,9.195505154553725
220,0.17197452229299365,8.271408158333822
220,0.178343949044586,2.776782351844173
220,0.18471337579617836,10.672311977554696
220,0.1910828025477707,18.876278136209436
220,0.19745222929936307,6.854488822745661
220,0.20382165605095542,5.733821829897119
220,0.21019108280254778,7.057860210065872
220,0.21656050955414013,3.599073664761108
220,0.2229299363057325,12.298922857193519
220,0.22929936305732485,13.068189742063575
220,0.2356687898089172,11.929614947799772
220,0.24203821656050956,11.371651989561292
220,0.2484076433121019,2.57610218408404
220,0.25477707006369427,11.181401855580518
220,0.2611464968152866,20.826473710832055
220,0.267515923566879,6.2032074072110515
220,0.27388535031847133,15.327013190672318
220,0.2802547770700637,11.770387898211233
220,0.28662420382165604,12.799149616393539
220,0.2929936305732484,10.503711574699656
220,0.29936305732484075,10.308650401278674
220,0.30573248407643316,10.711859301671673
220,0.3121019108280255,14.611693687357896
220,0.3184713375796179,17.399404948942173
220,0.32484076433121023,17.942724497811867
220,0.3312101910828026,10.548868336598556
220,0.33757961783439494,10.155658290951344
220,0.3439490445859873,11.368258805668388
220,0.35031847133757965,13.066789248193453
220,0.356687898089172,4.351202604544236
220,0.36305732484076436,4.144736919557257
220,0.3694267515923567,15.644999843268382
220,0.37579617834394907,9.4405873561498
220,0.3821656050955414,7.168486164848337
220,0.3885350318471338,24.380703004232924
220,0.39490445859872614,5.20187904919833
220,0.4012738853503185,10.779230312756814
220,0.40764331210191085,19.79748951280736
220,0.4140127388535032,11.552200915715058
220,0.42038216560509556,11.988586310777281
220,0.4267515923566879,10.048462833371586
220,0.43312101910828027,20.068968356252885
220,0.4394904458598726,4.78246937388234
220,0.445859872611465,7.053782105997902
220,0.45222929936305734,7.930775958158803
220,0.4585987261146497,5.577916678265247
220,0.46496815286624205,9.120751417127831
220,0.4713375796178344,4.526569082327701
220,0.47770700636942676,8.254635777320935
220,0.4840764331210191,6.100862171965766
220,0.49044585987261147,2.9020768846783342
220,0.4968152866242038,7.651668601291236
221,0.0,8.881784197001252e-16
221,0.00641025641025641,26.100358597793143
221,0.01282051282051282,30.501939040449123
221,0.019230769230769232,14.85561546760383
221,0.02564102564102564,17.299594410866845
221,0.03205128205128205,13.907277149299032
221,0.038461538461538464,7.051256070941464
221,0.04487179487179487,2.049557622323179
221,0.05128205128205128,10.497513335293869
221,0.05769230769230769,21.618238773578142
221,0.0641025641025641,9.523367394044017
221,0.07051282051282051,26.896514207347963
221,0.07692307692307693,17.793094959773363
221,0.08333333333333333,12.446659638052848
221,0.08974358974358974,14.29674993621148
221,0.09615384615384615,4.287058845397385
221,0.10256410256410256,16.62849375176706
221,0.10897435897435898,6.875406241816891
221,0.11538461538461538,14.440757847503239
221,0.12179487179487179,3.8573343192489955
221,0.1282051282051282,3.825342986939449
221,0.1346153846153846,11.578810255927035
221,0.14102564102564102,8.07411822187576
221,0.14743589743589744,21.233515233052543
221,0.15384615384615385,16.239482424538153
221,0.16025641025641024,13.072855944437357
221,0.16666666666666666,12.140396649488181
221,0.17307692307692307,9.60461780330462
221,0.1794871794871795,17.364754589874266
221,0.1858974358974359,1.199212141982556
221,0.1923076923076923,4.231201444044856
221,0.1987179487179487,0.6319097723305936
221,0.20512820512820512,6.894748138566517
221,0.21153846153846154,17.398328812803697
221,0.21794871794871795,22.63424449689144
221,0.22435897435897434,10.722306526469353
221,0.23076923076923075,11.638357477089288
221,0.23717948717948717,9.505239944469388
221,0.24358974358974358,9.69456115624955
221,0.25,11.058092522053833
221,0.2564102564102564,8.73021601840406
221,0.26282051282051283,11.731511659787262
221,0.2692307692307692,6.344919794934603
221,0.2756410256410256,6.098941743134688
221,0.28205128205128205,14.688865379920356
221,0.28846153846153844,12.119401645484016
221,0.2948717948717949,5.943994427920198
221,0.30128205128205127,6.980475633135518
221,0.3076923076923077,19.717043590362472
221,0.3141025641025641,1.0888666739749029
221,0.3205128205128205,1.8081507976636386
221,0.3269230769230769,12.679350502689624
221,0.3333333333333333,5.092031087407806
221,0.33974358974358976,3.256617086709878
221,0.34615384615384615,5.938926166993843
221,0.35256410256410253,7.594829906106537
221,0.358974358974359,10.767386738540173
221,0.36538461538461536,13.562511490228205
221,0.3717948717948718,12.245614732134984
221,0.3782051282051282,11.223537590850274
221,0.3846153846153846,9.00722337230471
221,0.391025641025641,15.132334862446047
221,0.3974358974358974,16.16055809323688
221,0.40384615384615385,7.52157239006461
221,0.41025641025641024,11.780847110793136
221,0.41666666666666663,11.122806580171117
221,0.4230769230769231,12.665829309602698
221,0.42948717948717946,5.074843507997491
221,0.4358974358974359,5.919346300911424
221,0.4423076923076923,4.792328010725573
221,0.4487179487179487,4.352584267747894
221,0.4551282051282051,5.023116857700074
221,0.4615384615384615,8.136125300222728
221,0.46794871794871795,9.79721858761985
221,0.47435897435897434,19.323100083411223
221,0.4807692307692307,8.987128453338931
221,0.48717948717948717,10.916645699148235
221,0.49358974358974356,11.424488170670733
222,0.0,7.993605777301127e-15
222,0.00641025641025641,29.959024642187046
222,0.01282051282051282,6.11751766929768
222,0.019230769230769232,6.903810812414155
222,0.02564102564102564,16.726609670013577
222,0.03205128205128205,12.646371465467109
222,0.038461538461538464,7.010871331867439
222,0.04487179487179487,17.927158567543973
222,0.05128205128205128,15.470669079764665
222,0.05769230769230769,9.446537054545818
222,0.0641025641025641,5.089347603892209
222,0.07051282051282051,20.178843207582815
222,0.07692307692307693,25.755773267724166
222,0.08333333333333333,19.656869885774668
222,0.08974358974358974,12.500126026932783
222,0.09615384615384615,7.690051010568319
222,0.10256410256410256,20.255774186554593
222,0.10897435897435898,10.217236667537467
222,0.11538461538461538,4.439825049722616
222,0.12179487179487179,2.5645328623399646
222,0.1282051282051282,3.836605214697356
222,0.1346153846153846,3.67991505142121
222,0.14102564102564102,16.779814042858703
222,0.14743589743589744,9.036391671001844
222,0.15384615384615385,16.49272109944032
222,0.16025641025641024,23.057978221243022
222,0.16666666666666666,4.278901580254402
222,0.17307692307692307,5.822674331974411
222,0.1794871794871795,17.60456228558036
222,0.1858974358974359,11.296405538286013
222,0.1923076923076923,14.176603450240556
222,0.1987179487179487,8.971097071625575
222,0.20512820512820512,10.544979645623124
222,0.21153846153846154,4.892905167055136
222,0.21794871794871795,16.800754442325463
222,0.22435897435897434,9.740400121652703
222,0.23076923076923075,5.716239091785655
222,0.23717948717948717,4.6202222140711084
222,0.24358974358974358,13.735948180074374
222,0.25,4.912445981763511
222,0.2564102564102564,11.799748708605915
222,0.26282051282051283,8.908390355551065
222,0.2692307692307692,3.9309482715860264
222,0.2756410256410256,5.232187628412162
222,0.28205128205128205,9.941758429524471
222,0.28846153846153844,3.0123775938839294
222,0.2948717948717949,11.141270832525583
222,0.30128205128205127,9.896235590502847
222,0.3076923076923077,1.572857831235778
222,0.3141025641025641,15.078155683651639
222,0.3205128205128205,5.66962359908418
222,0.3269230769230769,5.503988040525244
222,0.3333333333333333,2.5005831654463364
222,0.33974358974358976,10.725186255156785
222,0.34615384615384615,21.964725583431704
222,0.35256410256410253,14.230782931608418
222,0.358974358974359,11.60464362908541
222,0.36538461538461536,9.725687570954763
222,0.3717948717948718,10.716247331560075
222,0.3782051282051282,7.445881288296423
222,0.3846153846153846,14.151750672546916
222,0.391025641025641,9.366909848280162
222,0.3974358974358974,11.617583755935103
222,0.40384615384615385,4.633770849804571
222,0.41025641025641024,20.789048385861257
222,0.41666666666666663,14.267490400382675
222,0.4230769230769231,6.0996439015132164
222,0.42948717948717946,12.676153497981417
222,0.4358974358974359,18.63459268893845
222,0.4423076923076923,9.510247020698532
222,0.4487179487179487,2.5799519777999156
222,0.4551282051282051,10.498569114104873
222,0.4615384615384615,21.98551832373701
222,0.46794871794871795,9.39655932965582
222,0.47435897435897434,10.121812964012026
222,0.4807692307692307,1.1588572061521907
222,0.48717948717948717,21.046980231113164
222,0.49358974358974356,3.6334450438971033
223,0.0,1.7763568394002505e-14
223,0.006578947368421052,18.28165849924176
223,0.013157894736842105,9.50078127645673
223,0.019736842105263157,7.603687457248715
223,0.02631578947368421,13.643548586017811
223,0.03289473684210526,16.851296603616408
223,0.039473684210526314,14.508340718982264
223,0.046052631578947366,8.45099681391759
223,0.05263157894736842,7.836052221768037
223,0.05921052631578947,5.546266516662338
223,0.06578947368421052,11.989156516524826
223,0.07236842105263158,7.399933735976153
223,0.07894736842105263,10.93107466022559
223,0.08552631578947367,13.839014494302635
223,0.09210526315789473,7.489960288844934
223,0.09868421052631579,11.994517018288306
223,0.10526315789473684,3.0649822017346393
223,0.11184210526315788,12.083801876435377
223,0.11842105263157894,12.167213635030308
223,0.125,10.588773966491136
223,0.13157894736842105,14.451105005154929
223,0.1381578947368421,16.005684350679495
223,0.14473684210526316,10.15133257609452
223,0.1513157894736842,7.260753469092789
223,0.15789473684210525,9.171231068564124
223,0.1644736842105263,18.374156311848648
223,0.17105263157894735,25.60339578359577
223,0.17763157894736842,18.248032794828227
223,0.18421052631578946,10.389503065512603
223,0.1907894736842105,12.319128636144242
223,0.19736842105263158,11.084881916767786
223,0.20394736842105263,8.248935067258143
223,0.21052631578947367,10.753750914279191
223,0.21710526315789472,12.234580214191393
223,0.22368421052631576,4.981799222635303
223,0.23026315789473684,12.213038518175319
223,0.23684210526315788,14.854748885727796
223,0.24342105263157893,4.4419401960608305
223,0.25,7.946439789061377
223,0.256578947368421,11.145015233653934
223,0.2631578947368421,10.409970432813116
223,0.26973684210526316,13.999974454832193
223,0.2763157894736842,20.052185219631248
223,0.28289473684210525,14.377815070609977
223,0.2894736842105263,9.392530921444328
223,0.29605263157894735,10.798374057220554
223,0.3026315789473684,16.262941941045067
223,0.30921052631578944,13.089529065325477
223,0.3157894736842105,7.2817132642587765
223,0.3223684210526316,8.624595598507847
223,0.3289473684210526,15.899327922374793
223,0.3355263157894737,18.2501077395659
223,0.3421052631578947,19.094503453213534
223,0.34868421052631576,3.0872368958537604
223,0.35526315789473684,16.244464994386096
223,0.36184210526315785,8.076604104359062
223,0.3684210526315789,13.923285304066018
223,0.375,11.853242860039204
223,0.381578947368421,4.304711255670976
223,0.3881578947368421,14.51166637672899
223,0.39473684210526316,5.034403162865351
223,0.4013157894736842,1.8939417189692582
223,0.40789473684210525,13.207261981943976
223,0.41447368421052627,14.069902518769517
223,0.42105263157894735,15.141910204319528
223,0.4276315789473684,11.292710540817486
223,0.43421052631578944,12.159368899789568
223,0.4407894736842105,12.209281624927215
223,0.4473684210526315,24.196844001052675
223,0.4539473684210526,10.493764199752876
223,0.4605263157894737,11.167111823436604
223,0.4671052631578947,9.768229314585204
223,0.47368421052631576,5.9620958772986326
223,0.48026315789473684,7.708459931042985
223,0.48684210526315785,5.429177362873487
223,0.4934210526315789,9.317557586522781
224,0.0,1.6209256159527285e-14
224,0.006369426751592357,27.078823507017237
224,0.012738853503184714,22.645851278830243
224,0.019108280254777073,16.572100641583912
224,0.025477707006369428,8.525295419747318
224,0.03184713375796178,9.649313593021617
224,0.038216560509554146,6.364347617564007
224,0.0445859872611465,24.079243873060513
224,0.050955414012738856,16.80777259369512
224,0.05732484076433121,15.787752242533495
224,0.06369426751592357,23.59297813256365
224,0.07006369426751592,10.304416897953814
224,0.07643312101910829,10.436483123520484
224,0.08280254777070065,17.078788761748264
224,0.089171974522293,3.5948489701319026
224,0.09554140127388536,6.663248042651813
224,0.10191082802547771,1.8443124122292744
224,0.10828025477707007,11.178704305745436
224,0.11464968152866242,7.123054032962453
224,0.12101910828025478,5.914647527909583
224,0.12738853503184713,5.5594652065293815
224,0.1337579617834395,5.157861524156578
224,0.14012738853503184,3.8873663502649176
224,0.1464968152866242,4.942759286784877
224,0.15286624203821658,8.276400227734522
224,0.15923566878980894,17.744498219617633
224,0.1656050955414013,7.875642347878688
224,0.17197452229299365,8.516894560241706
224,0.178343949044586,2.035352530001589
224,0.18471337579617836,15.66193503955515
224,0.1910828025477707,7.633795080174392
224,0.19745222929936307,11.55984858505608
224,0.20382165605095542,10.171418299951972
224,0.21019108280254778,8.94334862403282
224,0.21656050955414013,24.31515902176604
224,0.2229299363057325,2.8421263843381075
224,0.22929936305732485,9.43263332820646
224,0.2356687898089172,4.01394236062312
224,0.24203821656050956,9.957758526039761
224,0.2484076433121019,6.365228596564578
224,0.25477707006369427,13.315810269805823
224,0.2611464968152866,19.188254929939763
224,0.267515923566879,17.847233009310028
224,0.27388535031847133,15.948566893435975
224,0.2802547770700637,6.79831685065112
224,0.28662420382165604,17.269526700021093
224,0.2929936305732484,5.687566431544602
224,0.29936305732484075,6.576892888156599
224,0.30573248407643316,10.200542655935436
224,0.3121019108280255,6.673750565055065
224,0.3184713375796179,7.28415679597779
224,0.32484076433121023,8.800429844478954
224,0.3312101910828026,15.991713804471091
224,0.33757961783439494,8.827021107848749
224,0.3439490445859873,6.916255684064344
224,0.35031847133757965,3.5625952668492546
224,0.356687898089172,5.4865154862472965
224,0.36305732484076436,11.279011998645506
224,0.3694267515923567,17.85835617196622
224,0.37579617834394907,6.425567213513762
224,0.3821656050955414,12.954766459772456
224,0.3885350318471338,7.10615967336203
224,0.39490445859872614,10.611959278570588
224,0.4012738853503185,23.365786322821116
224,0.40764331210191085,12.033951857892973
224,0.4140127388535032,12.26209905375232
224,0.42038216560509556,10.993999940729797
224,0.4267515923566879,19.328811752015728
224,0.43312101910828027,12.873298620232173
224,0.4394904458598726,13.84645191031455
224,0.445859872611465,18.08597990220552
224,0.45222929936305734,6.959626220031001
224,0.4585987261146497,20.43831598717836
224,0.46496815286624205,2.4287529610485263
224,0.4713375796178344,6.983562828376966
224,0.47770700636942676,12.92630352260082
224,0.4840764331210191,2.857130470416337
224,0.49044585987261147,14.809314765994992
224,0.4968152866242038,8.45652071305405
225,0.0,7.105427357601002e-15
225,0.006289308176100629,22.657709861466135
225,0.012578616352201259,18.082012772494824
225,0.01886792452830189,6.05329851720513
225,0.025157232704402517,14.578874727596212
225,0.031446540880503145,12.926946286094958
225,0.03773584905660378,5.426208186060552
225,0.04402515723270441,14.217703389188214
225,0.050314465408805034,1.265312268456432
225,0.05660377358490566,8.078680574844572
225,0.06289308176100629,18.395337474421794
225,0.06918238993710692,18.18012486410397
225,0.07547169811320756,9.704678391137502
225,0.08176100628930819,1.7117534384937785
225,0.08805031446540881,13.374025294752144
225,0.09433962264150944,7.4646863994495645
225,0.10062893081761007,7.400416424424392
225,0.1069182389937107,10.769336760808175
225,0.11320754716981132,3.937307270468419
225,0.11949685534591195,7.143198539434858
225,0.12578616352201258,7.551485215550267
225,0.1320754716981132,8.676235077672484
225,0.13836477987421383,6.4218455422861975
225,0.14465408805031446,5.370963088905056
225,0.15094339622641512,12.958672253867663
225,0.15723270440251574,9.423487924818165
225,0.16352201257861637,8.830978696364618
225,0.169811320754717,5.723922299081634
225,0.17610062893081763,6.650133454910108
225,0.18238993710691825,9.084146423921894
225,0.18867924528301888,2.470675176139881
225,0.1949685534591195,19.735931620293474
225,0.20125786163522014,6.40514722874248
225,0.20754716981132076,24.891748182206438
225,0.2138364779874214,15.079516930898249
225,0.22012578616352202,17.385239535690086
225,0.22641509433962265,20.66368877549381
225,0.23270440251572327,12.415853472128205
225,0.2389937106918239,8.179517897705392
225,0.24528301886792453,5.150441256899208
225,0.25157232704402516,5.811243175053553
225,0.2578616352201258,13.72043086237038
225,0.2641509433962264,16.0850851111317
225,0.27044025157232704,14.313199348793765
225,0.27672955974842767,8.361870496356179
225,0.2830188679245283,5.400054798303658
225,0.2893081761006289,2.813491176166901
225,0.29559748427672955,15.198231974025951
225,0.30188679245283023,5.944416222076633
225,0.30817610062893086,10.23449225196475
225,0.3144654088050315,10.350075312588089
225,0.3207547169811321,4.329650482203053
225,0.32704402515723274,9.89246406747774
225,0.33333333333333337,19.22185184080456
225,0.339622641509434,11.179347257821716
225,0.3459119496855346,3.4528180181486694
225,0.35220125786163525,8.57413221482051
225,0.3584905660377359,25.123916187816903
225,0.3647798742138365,19.98277646406621
225,0.37106918238993714,23.180262609086846
225,0.37735849056603776,26.82318193570565
225,0.3836477987421384,7.931596802698305
225,0.389937106918239,9.686076463507778
225,0.39622641509433965,18.774996625124476
225,0.4025157232704403,5.405071530658676
225,0.4088050314465409,15.103903908305073
225,0.41509433962264153,22.332664239356117
225,0.42138364779874216,19.04954996476585
225,0.4276729559748428,5.085066232315376
225,0.4339622641509434,10.404634463563642
225,0.44025157232704404,5.053216219414623
225,0.44654088050314467,6.825876449513504
225,0.4528301886792453,11.27544651172151
225,0.4591194968553459,5.665829881573796
225,0.46540880503144655,6.515741503918056
225,0.4716981132075472,10.395207606415745
225,0.4779874213836478,17.34167725638191
225,0.48427672955974843,0.9110942599671754
225,0.49056603773584906,11.981473990034054
225,0.4968553459119497,6.820459026479153
226,0.0,6.217248937900877e-15
226,0.00625,17.46933528704643
226,0.0125,24.253415379951694
226,0.018750000000000003,6.827806860961867
226,0.025,17.870928046796283
226,0.03125,7.675764954681118
226,0.037500000000000006,23.440592344409158
226,0.043750000000000004,3.2265035416204073
226,0.05,6.724463850785521
226,0.05625,13.957442977519518
226,0.0625,12.260252635946676
226,0.06875,8.375712537493424
226,0.07500000000000001,12.989011934998514
226,0.08125,7.1674040056791615
226,0.08750000000000001,11.006092726104422
226,0.09375,3.5699777303171025
226,0.1,12.081657942166599
226,0.10625000000000001,6.658508147064164
226,0.1125,19.316480682967438
226,0.11875000000000001,9.289735286298388
226,0.125,6.195076835867042
226,0.13125,18.012962361014846
226,0.1375,12.579856071474586
226,0.14375000000000002,9.045662926435964
226,0.15000000000000002,12.61217392094287
226,0.15625,16.279129737506413
226,0.1625,21.249570209516232
226,0.16875,11.720072969629
226,0.17500000000000002,16.013920433270574
226,0.18125000000000002,4.675157454634145
226,0.1875,10.807128307919314
226,0.19375,10.473215568173561
226,0.2,23.3388785701886
226,0.20625000000000002,12.655644916080263
226,0.21250000000000002,8.984942818496942
226,0.21875,17.125635470426122
226,0.225,3.705764955048074
226,0.23125,3.5994133622935687
226,0.23750000000000002,13.364367486045342
226,0.24375000000000002,5.071442903046089
226,0.25,14.659124434135911
226,0.25625000000000003,3.8298029098470825
226,0.2625,21.6953577297608
226,0.26875,1.5708545548904356
226,0.275,6.070228733844635
226,0.28125,16.921658989465044
226,0.28750000000000003,5.7610264808121325
226,0.29375,7.993853908873508
226,0.30000000000000004,9.886372263056165
226,0.30625,12.0489610904428
226,0.3125,6.677999960200778
226,0.31875000000000003,18.21800465616887
226,0.325,7.823086800275088
226,0.33125000000000004,6.5039794434365605
226,0.3375,9.429404499111218
226,0.34375,12.82810330653146
226,0.35000000000000003,11.204850860535872
226,0.35625,1.217536953188548
226,0.36250000000000004,10.192194041285749
226,0.36875,9.41705983298934
226,0.375,16.50585827414495
226,0.38125000000000003,11.32391957034801
226,0.3875,4.96504169072883
226,0.39375000000000004,4.238003817752811
226,0.4,13.98625785047442
226,0.40625,7.873199469545074
226,0.41250000000000003,17.661647343622676
226,0.41875,14.698136466673722
226,0.42500000000000004,6.8257423628066585
226,0.43125,11.101137171785863
226,0.4375,15.212918846452206
226,0.44375000000000003,15.35706178814106
226,0.45,10.058844042032938
226,0.45625000000000004,8.895059651593547
226,0.4625,22.793884076539456
226,0.46875,12.076122055583806
226,0.47500000000000003,5.166723417847268
226,0.48125,18.866435445664884
226,0.48750000000000004,19.342828155925826
226,0.49375,10.448630543407264
227,0.0,2.930988785010413e-14
227,0.006535947712418301,28.52125708317792
227,0.013071895424836602,31.5992574471168
227,0.0196078431372549,8.912435614880057
227,0.026143790849673203,16.350156448845954
227,0.032679738562091505,11.612136356375736
227,0.0392156862745098,4.811202812979963
227,0.04575163398692811,2.746950700664071
227,0.05228758169934641,2.155742457689154
227,0.058823529411764705,14.656285465091793
227,0.06535947712418301,15.316069616732683
227,0.07189542483660132,6.632747770330237
227,0.0784313725490196,12.237831277437595
227,0.08496732026143791,12.58895296472951
227,0.09150326797385622,5.627827915778289
227,0.09803921568627451,11.105117071724317
227,0.10457516339869281,5.827041002608024
227,0.11111111111111112,3.8627936257617703
227,0.11764705882352941,10.463790966044614
227,0.12418300653594772,5.938642968060301
227,0.13071895424836602,17.26761397429325
227,0.13725490196078433,7.052322416557699
227,0.14379084967320263,6.015925374335399
227,0.1503267973856209,8.539298925306698
227,0.1568627450980392,3.267221901681015
227,0.16339869281045752,2.7846814751788482
227,0.16993464052287582,21.333219296485762
227,0.17647058823529413,5.030582314869526
227,0.18300653594771243,5.342263456702255
227,0.1895424836601307,12.030153592416205
227,0.19607843137254902,4.6934728802337355
227,0.20261437908496732,1.0642980248285492
227,0.20915032679738563,17.269013699778142
227,0.21568627450980393,8.303583364198824
227,0.22222222222222224,4.626762600153079
227,0.22875816993464054,7.154938155090684
227,0.23529411764705882,8.741393040682413
227,0.24183006535947713,4.883496841082106
227,0.24836601307189543,17.522660030350128
227,0.2549019607843137,4.528137372007017
227,0.26143790849673204,7.4027718092100505
227,0.2679738562091503,20.48739395145835
227,0.27450980392156865,20.296633650482462
227,0.28104575163398693,23.283115636321202
227,0.28758169934640526,12.132518845344496
227,0.29411764705882354,9.294605022161472
227,0.3006535947712418,14.705775185960073
227,0.30718954248366015,11.027196089740745
227,0.3137254901960784,8.597073294935388
227,0.32026143790849676,7.249534879474728
227,0.32679738562091504,3.029836016107995
227,0.33333333333333337,3.7020356415488798
227,0.33986928104575165,15.60284478193536
227,0.3464052287581699,3.849204744320859
227,0.35294117647058826,13.82306949284207
227,0.35947712418300654,6.340890326867646
227,0.36601307189542487,13.661095987316289
227,0.37254901960784315,9.665288775133797
227,0.3790849673202614,10.068166037694967
227,0.38562091503267976,10.352291594700477
227,0.39215686274509803,3.596699256518297
227,0.39869281045751637,13.511604248730126
227,0.40522875816993464,16.148767924482133
227,0.411764705882353,16.08169189187547
227,0.41830065359477125,7.775847990983232
227,0.42483660130718953,10.998105810896382
227,0.43137254901960786,9.821899041010157
227,0.43790849673202614,4.244952599012678
227,0.4444444444444445,11.40380428803907
227,0.45098039215686275,7.360176897108859
227,0.4575163398692811,6.025032643583396
227,0.46405228758169936,17.499709386081282
227,0.47058823529411764,32.64131244146838
227,0.477124183006536,9.63730156900875
227,0.48366013071895425,10.595111442581398
227,0.4901960784313726,12.036650072415327
227,0.49673202614379086,11.175502750928048
228,0.0,1.1546319456101628e-14
228,0.00625,24.612034921030435
228,0.0125,8.618755352920966
228,0.018750000000000003,13.34056710771459
228,0.025,12.24603540610532
228,0.03125,11.505885821493187
228,0.037500000000000006,32.18211741686131
228,0.043750000000000004,13.736673658016725
228,0.05,3.304601353667412
228,0.05625,1.4618236338105133
228,0.0625,9.356302078063207
228,0.06875,11.62810893044947
228,0.07500000000000001,19.8888374939024
228,0.08125,17.053398911309646
228,0.08750000000000001,8.619032050396218
228,0.09375,8.231383734063375
228,0.1,12.39258392764339
228,0.10625000000000001,14.285919795689546
228,0.1125,9.079267661725078
228,0.11875000000000001,11.629084359015987
228,0.125,10.844594398116
228,0.13125,10.117853337012585
228,0.1375,5.300469772366054
228,0.14375000000000002,12.32193692894748
228,0.15000000000000002,7.0412695841679405
228,0.15625,7.893514292638692
228,0.1625,8.864681673275511
228,0.16875,6.421748471691431
228,0.17500000000000002,11.975808666533878
228,0.18125000000000002,11.960351672568645
228,0.1875,11.79232490648084
228,0.19375,9.117077888265085
228,0.2,1.4552948652530031
228,0.20625000000000002,3.691762030657042
228,0.21250000000000002,8.925884665099
228,0.21875,8.330240583317224
228,0.225,11.217826827886103
228,0.23125,9.248688641450771
228,0.23750000000000002,4.926344837220615
228,0.24375000000000002,10.205113951174797
228,0.25,15.605748532178188
228,0.25625000000000003,20.462537679345587
228,0.2625,8.213467326562858
228,0.26875,2.924340730003214
228,0.275,9.114771846978952
228,0.28125,29.59451666325703
228,0.28750000000000003,21.530512895913308
228,0.29375,11.280703415825842
228,0.30000000000000004,12.386316867097944
228,0.30625,6.280366815189117
228,0.3125,8.103496280543876
228,0.31875000000000003,18.228659190036275
228,0.325,17.924177943260982
228,0.33125000000000004,11.644234052564109
228,0.3375,18.60872648093051
228,0.34375,23.049950872500176
228,0.35000000000000003,6.345524758250773
228,0.35625,3.890650636523821
228,0.36250000000000004,6.427352213805455
228,0.36875,10.492262622526184
228,0.375,16.15914987836648
228,0.38125000000000003,5.192407572528187
228,0.3875,10.088327966479387
228,0.39375000000000004,17.397988961448196
228,0.4,10.136229435041203
228,0.40625,17.940488448480927
228,0.41250000000000003,2.879913512503877
228,0.41875,6.402300621195812
228,0.42500000000000004,19.09627595860669
228,0.43125,5.0695670755389335
228,0.4375,16.051800997299626
228,0.44375000000000003,12.879955953215292
228,0.45,13.36652286952314
228,0.45625000000000004,13.408268300031763
228,0.4625,2.9110096284379994
228,0.46875,1.4091216631593715
228,0.47500000000000003,7.3009558545613755
228,0.48125,11.2143290398444
228,0.48750000000000004,8.15288290914734
228,0.49375,7.976884790849363
229,0.0,0.0
229,0.0064516129032258064,9.929992509455882
229,0.012903225806451613,8.378218365009088
229,0.01935483870967742,5.583640533586497
229,0.025806451612903226,13.508737628312856
229,0.03225806451612903,8.03318397072854
229,0.03870967741935484,21.21951506960563
229,0.04516129032258064,12.226803218779652
229,0.05161290322580645,13.236152740174845
229,0.05806451612903226,23.002020822663845
229,0.06451612903225806,2.835586118219682
229,0.07096774193548387,18.833184064257445
229,0.07741935483870968,5.324485788808392
229,0.08387096774193549,6.459852771058533
229,0.09032258064516129,16.943438455639377
229,0.0967741935483871,4.174970626462442
229,0.1032258064516129,11.80074580377732
229,0.10967741935483871,17.090992393911456
229,0.11612903225806452,11.065980869933577
229,0.12258064516129032,9.195659362448124
229,0.12903225806451613,14.160078117239497
229,0.13548387096774195,17.82012403527336
229,0.14193548387096774,15.149321290887759
229,0.14838709677419354,21.160051799419914
229,0.15483870967741936,15.826231242014122
229,0.16129032258064516,5.444021093291822
229,0.16774193548387098,18.786632110777003
229,0.17419354838709677,11.633820532630876
229,0.18064516129032257,17.32772106008256
229,0.1870967741935484,11.386546675078405
229,0.1935483870967742,7.539880532928289
229,0.2,11.99855623594315
229,0.2064516129032258,14.987086991961528
229,0.2129032258064516,9.570811728878123
229,0.21935483870967742,18.142345080970134
229,0.22580645161290322,11.40466543166938
229,0.23225806451612904,5.1440626253627615
229,0.23870967741935484,11.091063840704091
229,0.24516129032258063,14.837853385066598
229,0.25161290322580643,5.98921323500643
229,0.25806451612903225,17.13684754601998
229,0.2645161290322581,4.712245172420534
229,0.2709677419354839,4.0068352597171355
229,0.27741935483870966,12.26620991220434
229,0.2838709677419355,11.902369930747472
229,0.2903225806451613,6.565205903137737
229,0.2967741935483871,12.326611153151465
229,0.3032258064516129,7.672187921137291
229,0.3096774193548387,4.066806991100554
229,0.3161290322580645,3.524727736487704
229,0.3225806451612903,1.544944592187069
229,0.32903225806451614,1.4265163572083255
229,0.33548387096774196,12.176607708693293
229,0.3419354838709677,5.111863800771826
229,0.34838709677419355,12.780379762716779
229,0.3548387096774194,5.478796553087321
229,0.36129032258064514,9.26411115486665
229,0.36774193548387096,10.296362535151683
229,0.3741935483870968,13.52331389563785
229,0.38064516129032255,13.057823379607049
229,0.3870967741935484,18.067231178235716
229,0.3935483870967742,15.234083829829453
229,0.4,25.264240592036668
229,0.4064516129032258,12.405528767522071
229,0.4129032258064516,12.140152137114788
229,0.41935483870967744,15.235353690531264
229,0.4258064516129032,11.898829620189034
229,0.432258064516129,7.439548782004253
229,0.43870967741935485,1.8062824897482441
229,0.44516129032258067,18.758016697817283
229,0.45161290322580644,12.98138361709533
229,0.45806451612903226,9.761641671887924
229,0.4645161290322581,8.790183310986425
229,0.47096774193548385,19.390767092404598
229,0.4774193548387097,11.879272758571382
229,0.4838709677419355,8.98084489780967
229,0.49032258064516127,2.0865190021242537
229,0.4967741935483871,7.786241850138872
